{"type": "FeatureCollection", "features": [{"type": "Feature", "properties": {"district": "1001802", "segment": 1, "total_segments": 30, "km": 11.18, "villages": ["中央里", "石坊里", "興南里", "崇禮里"]}, "geometry": {"type": "LineString", "coordinates": [[120.966471, 24.803521], [120.966358, 24.803447], [120.966033, 24.803598], [120.965876, 24.803521], [120.965557, 24.803588], [120.965531, 24.803413], [120.965385, 24.803492], [120.965312, 24.803452], [120.964859, 24.804056], [120.96458, 24.803925], [120.964416, 24.803798], [120.964438, 24.803682], [120.964867, 24.80314], [120.964956, 24.803188], [120.965015, 24.803382], [120.964938, 24.803686], [120.964911, 24.803433], [120.965107, 24.803268], [120.96537, 24.803278], [120.965377, 24.803394], [120.965522, 24.803187], [120.965614, 24.8032], [120.965563, 24.803093], [120.965266, 24.803092], [120.965245, 24.803154], [120.965429, 24.803169], [120.965585, 24.803333], [120.965755, 24.803311], [120.965639, 24.803387], [120.965821, 24.803626], [120.965825, 24.803372], [120.966024, 24.803321], [120.965997, 24.803226], [120.966223, 24.803361], [120.966311, 24.803592], [120.96613, 24.803983], [120.966175, 24.804094], [120.966303, 24.80407], [120.966234, 24.80396], [120.966281, 24.803881], [120.966159, 24.803719], [120.966086, 24.804077], [120.96576, 24.804179], [120.965731, 24.804059], [120.965607, 24.804214], [120.965378, 24.804266], [120.965197, 24.803999], [120.965489, 24.803745], [120.965335, 24.803566], [120.965257, 24.803813], [120.965078, 24.803993], [120.965276, 24.804313], [120.965369, 24.804382], [120.965411, 24.804215], [120.966135, 24.804104], [120.965828, 24.80311], [120.965692, 24.803101], [120.965649, 24.802989], [120.965235, 24.802721], [120.964926, 24.803043], [120.964988, 24.803133], [120.965147, 24.803147], [120.965272, 24.802982], [120.964741, 24.803793], [120.964322, 24.803562], [120.964609, 24.803187], [120.964284, 24.803017], [120.964156, 24.802847], [120.964197, 24.80276], [120.964648, 24.803068], [120.964946, 24.802745], [120.964611, 24.802696], [120.964554, 24.802773], [120.96449, 24.802654], [120.964394, 24.802689], [120.964487, 24.802554], [120.964377, 24.802463], [120.96389, 24.802981], [120.963819, 24.802909], [120.963894, 24.802771], [120.963763, 24.802611], [120.963434, 24.802912], [120.963604, 24.802866], [120.963712, 24.802565], [120.96393, 24.802418], [120.964075, 24.802484], [120.964175, 24.802316], [120.964257, 24.802347], [120.964067, 24.802331], [120.964119, 24.802216], [120.963967, 24.802033], [120.964038, 24.801956], [120.965007, 24.802579], [120.964615, 24.802618], [120.964026, 24.802549], [120.963986, 24.802654], [120.963888, 24.802611], [120.963781, 24.802383], [120.963853, 24.802268], [120.963704, 24.802172], [120.963888, 24.801945], [120.963871, 24.802127], [120.963609, 24.802276], [120.963427, 24.802604], [120.963147, 24.802851], [120.963149, 24.80292], [120.963304, 24.802954], [120.963137, 24.803008], [120.9631, 24.802917], [120.964169, 24.803661], [120.964271, 24.803622], [120.964077, 24.803119], [120.963995, 24.803107], [120.964119, 24.803051], [120.963642, 24.80243], [120.96349, 24.802259], [120.963336, 24.802431], [120.963232, 24.802311], [120.963131, 24.802418], [120.962883, 24.802067], [120.963019, 24.801915], [120.96248, 24.801736], [120.962429, 24.801836], [120.962325, 24.801779], [120.962286, 24.801839], [120.962213, 24.801761], [120.962496, 24.801402], [120.962548, 24.801501], [120.962378, 24.801729], [120.962156, 24.801793], [120.96198, 24.801987], [120.962126, 24.802061], [120.961971, 24.802251], [120.962735, 24.802747], [120.962595, 24.802446], [120.962712, 24.802288], [120.962595, 24.802246], [120.962484, 24.802403], [120.962482, 24.801961], [120.963211, 24.802586], [120.963772, 24.801909], [120.963816, 24.801803], [120.963677, 24.801715], [120.96371, 24.8016], [120.964016, 24.801692], [120.964529, 24.801341], [120.964371, 24.801207], [120.964217, 24.801266], [120.964271, 24.80135], [120.963778, 24.801143], [120.963952, 24.800956], [120.963903, 24.800853], [120.963981, 24.800755], [120.963796, 24.800536], [120.963564, 24.800747], [120.963613, 24.800932], [120.963387, 24.801215], [120.963495, 24.801252], [120.963654, 24.801179], [120.96376, 24.801422], [120.964007, 24.801593], [120.963579, 24.801532], [120.963438, 24.80143], [120.963422, 24.801565], [120.963351, 24.801557], [120.963514, 24.801716], [120.963381, 24.802112], [120.963101, 24.801418], [120.963164, 24.801263], [120.963259, 24.80132], [120.963051, 24.80112], [120.962685, 24.801093], [120.962163, 24.800757], [120.962375, 24.80056], [120.962477, 24.800758], [120.962201, 24.801035], [120.962151, 24.801273], [120.961988, 24.801238], [120.962034, 24.801343], [120.961806, 24.801467], [120.961922, 24.801539], [120.961932, 24.801667], [120.961722, 24.801937], [120.961666, 24.801845], [120.961814, 24.80164], [120.961532, 24.801585], [120.961445, 24.801489], [120.961807, 24.800919], [120.961795, 24.80115], [120.961904, 24.801147], [120.962083, 24.801456], [120.961474, 24.80171], [120.961377, 24.801622], [120.961305, 24.801813], [120.961863, 24.802133], [120.962009, 24.800637], [120.961855, 24.800383], [120.961739, 24.800344], [120.96199, 24.800142], [120.96228, 24.800353], [120.962087, 24.800457], [120.962326, 24.800101], [120.962466, 24.800037], [120.962224, 24.799962], [120.962654, 24.799568], [120.962855, 24.799846], [120.963003, 24.79991], [120.96305, 24.799848], [120.962945, 24.800113], [120.962858, 24.800096], [120.963199, 24.80019], [120.963258, 24.799988], [120.963145, 24.800023], [120.963314, 24.799771], [120.963579, 24.79994], [120.963227, 24.800426], [120.963387, 24.800914], [120.963229, 24.801082], [120.963016, 24.800917], [120.964053, 24.800334], [120.964532, 24.801043], [120.964607, 24.800998], [120.964667, 24.801243], [120.964, 24.801078], [120.963269, 24.799743], [120.962755, 24.799433], [120.962636, 24.799877], [120.962505, 24.800057], [120.961132, 24.801927], [120.960836, 24.801834], [120.960846, 24.801732], [120.960551, 24.8016], [120.960122, 24.802054], [120.960401, 24.802933], [120.960653, 24.802777], [120.961121, 24.80219], [120.961289, 24.802316], [120.961162, 24.802358], [120.9609, 24.802724], [120.960906, 24.802809], [120.961142, 24.80295], [120.961315, 24.802934], [120.961813, 24.802564], [120.961928, 24.802637], [120.961393, 24.803066], [120.961338, 24.803231], [120.961254, 24.803167], [120.961071, 24.803191], [120.960595, 24.803358], [120.960688, 24.803697], [120.961077, 24.803546], [120.961187, 24.8038], [120.961022, 24.803894], [120.960772, 24.803898], [120.960728, 24.803781], [120.961161, 24.803405], [120.961309, 24.803782], [120.96146, 24.803723], [120.96166, 24.803461], [120.961744, 24.803546], [120.961587, 24.803736], [120.961776, 24.803943], [120.9615, 24.803861], [120.961376, 24.803957], [120.961611, 24.80459], [120.962256, 24.803808], [120.961927, 24.803583], [120.961959, 24.80348], [120.962454, 24.803743], [120.962543, 24.803624], [120.962444, 24.803559], [120.962824, 24.803091], [120.962817, 24.802996], [120.962365, 24.802733], [120.96218, 24.802995], [120.962311, 24.80321], [120.962258, 24.803297], [120.962453, 24.803787], [120.962549, 24.803861], [120.96263, 24.803818], [120.962836, 24.803546], [120.962608, 24.803931], [120.962778, 24.803952], [120.962945, 24.803816], [120.962926, 24.803697], [120.963034, 24.803915], [120.962858, 24.804135], [120.962743, 24.804058], [120.962858, 24.803935], [120.962607, 24.803763], [120.962697, 24.803475], [120.96287, 24.803374], [120.962836, 24.803279], [120.962526, 24.803102], [120.962435, 24.803215], [120.962102, 24.803088], [120.961861, 24.8034], [120.961544, 24.803201], [120.961492, 24.803313], [120.961546, 24.803357], [120.961332, 24.803522], [120.961126, 24.803331], [120.961003, 24.802988], [120.960804, 24.802873], [120.960733, 24.802917], [120.960804, 24.803135], [120.96054, 24.803214], [120.960914, 24.803085], [120.961277, 24.802642], [120.961187, 24.802547], [120.961324, 24.802613], [120.961594, 24.802244], [120.962046, 24.802506], [120.96209, 24.802634], [120.962255, 24.802646], [120.96182, 24.803233], [120.96173, 24.803005], [120.961855, 24.803721], [120.961762, 24.803718], [120.961959, 24.803829], [120.961061, 24.804375], [120.961111, 24.804788], [120.960601, 24.80239], [120.960793, 24.802046], [120.960712, 24.801982], [120.960496, 24.802227], [120.960523, 24.801969], [120.961211, 24.801975], [120.961562, 24.802219]]}}, {"type": "Feature", "properties": {"district": "1001802", "segment": 2, "total_segments": 30, "km": 9.23, "villages": ["潛園里", "西門里", "仁德里", "中興里"]}, "geometry": {"type": "LineString", "coordinates": [[120.962948, 24.803107], [120.964041, 24.803776], [120.964071, 24.80388], [120.963653, 24.804423], [120.963412, 24.804414], [120.963066, 24.804217], [120.963118, 24.803989], [120.963367, 24.804012], [120.963002, 24.803781], [120.962949, 24.803316], [120.963122, 24.803547], [120.96333, 24.803523], [120.96342, 24.803628], [120.963597, 24.803666], [120.963625, 24.803929], [120.96384, 24.803905], [120.963796, 24.803748], [120.963359, 24.804132], [120.963182, 24.804131], [120.963058, 24.804299], [120.963129, 24.804569], [120.963277, 24.804448], [120.963235, 24.804411], [120.963469, 24.804299], [120.963552, 24.80456], [120.963273, 24.804911], [120.963096, 24.804922], [120.963069, 24.804707], [120.962972, 24.804702], [120.962968, 24.804762], [120.962976, 24.804525], [120.962776, 24.804434], [120.962266, 24.80509], [120.962208, 24.805005], [120.962387, 24.804704], [120.962124, 24.804526], [120.962199, 24.804634], [120.962459, 24.804636], [120.962444, 24.804302], [120.962418, 24.804195], [120.962205, 24.804115], [120.96207, 24.804244], [120.96164, 24.804827], [120.962046, 24.805089], [120.962126, 24.805017], [120.961922, 24.804902], [120.962117, 24.805264], [120.961934, 24.805503], [120.961831, 24.805493], [120.961994, 24.805282], [120.962164, 24.805231], [120.962502, 24.805389], [120.962658, 24.805378], [120.962616, 24.805469], [120.962745, 24.805605], [120.962436, 24.806015], [120.962291, 24.806006], [120.961383, 24.805435], [120.961189, 24.80502], [120.96135, 24.805038], [120.961617, 24.805244], [120.961549, 24.805245], [120.961377, 24.804969], [120.961497, 24.804837], [120.962531, 24.805267], [120.962519, 24.805076], [120.962839, 24.804968], [120.962813, 24.804854], [120.963172, 24.805054], [120.962834, 24.805495], [120.962336, 24.805474], [120.96218, 24.805684], [120.962306, 24.80561], [120.962147, 24.805725], [120.962569, 24.804535], [120.96282, 24.804193], [120.962864, 24.804314], [120.962799, 24.804397], [120.962634, 24.804032], [120.962411, 24.803886], [120.962208, 24.80406], [120.9631, 24.803775], [120.96392, 24.80435], [120.964219, 24.803967], [120.964322, 24.803962], [120.965265, 24.804572], [120.965348, 24.804736], [120.965376, 24.804633], [120.965473, 24.804839], [120.965447, 24.805122], [120.96525, 24.805111], [120.965263, 24.805005], [120.965133, 24.804925], [120.964976, 24.805197], [120.964906, 24.805124], [120.964716, 24.805374], [120.964428, 24.805185], [120.964509, 24.805022], [120.964337, 24.804889], [120.964357, 24.805037], [120.964206, 24.805094], [120.964046, 24.805297], [120.964179, 24.805469], [120.964069, 24.805546], [120.964205, 24.805437], [120.964115, 24.805777], [120.963874, 24.805157], [120.963727, 24.805058], [120.963951, 24.804893], [120.96411, 24.80505], [120.964099, 24.804616], [120.964242, 24.804639], [120.964276, 24.804789], [120.964501, 24.804542], [120.964756, 24.804741], [120.964819, 24.804697], [120.964521, 24.804458], [120.964419, 24.80447], [120.964349, 24.804378], [120.964463, 24.804329], [120.964348, 24.804088], [120.964042, 24.804451], [120.963855, 24.804439], [120.963394, 24.805034], [120.963361, 24.805106], [120.963501, 24.805329], [120.963245, 24.805226], [120.962991, 24.805578], [120.963824, 24.804806], [120.964023, 24.804742], [120.964576, 24.804819], [120.964602, 24.804914], [120.964817, 24.804811], [120.964931, 24.804857], [120.964982, 24.805021], [120.96455, 24.80504], [120.964938, 24.804785], [120.964765, 24.804511], [120.965401, 24.804869], [120.965382, 24.805683], [120.965016, 24.805579], [120.964927, 24.80561], [120.964852, 24.805535], [120.964276, 24.806296], [120.964696, 24.80661], [120.964625, 24.806698], [120.964548, 24.806648], [120.964663, 24.806734], [120.96482, 24.806814], [120.964846, 24.806721], [120.964959, 24.806759], [120.964984, 24.806858], [120.965115, 24.806895], [120.965162, 24.806815], [120.965065, 24.806791], [120.965098, 24.806687], [120.965257, 24.80672], [120.96533, 24.805994], [120.965152, 24.805957], [120.965074, 24.806044], [120.965032, 24.806363], [120.964872, 24.806571], [120.964786, 24.806513], [120.964927, 24.806339], [120.964674, 24.806204], [120.965014, 24.80586], [120.96519, 24.805795], [120.96524, 24.805852], [120.96538, 24.805756], [120.964765, 24.8054], [120.964689, 24.805479], [120.964596, 24.806232], [120.964373, 24.806552], [120.964266, 24.806477], [120.963945, 24.806559], [120.963656, 24.80687], [120.962995, 24.806452], [120.963277, 24.806158], [120.9631, 24.806142], [120.962766, 24.805859], [120.96261, 24.806072], [120.962624, 24.806213], [120.96284, 24.806307], [120.962792, 24.805826], [120.962852, 24.805751], [120.963263, 24.805847], [120.963548, 24.806047], [120.9634, 24.806447], [120.963617, 24.806533], [120.963697, 24.80667], [120.964172, 24.806697], [120.964398, 24.807055], [120.964288, 24.807076], [120.964331, 24.806916], [120.964522, 24.80686], [120.964532, 24.806934], [120.964681, 24.806886], [120.964566, 24.807024], [120.964769, 24.806956], [120.964766, 24.807237], [120.964684, 24.80722], [120.964916, 24.80758], [120.964827, 24.807616], [120.964546, 24.807434], [120.964509, 24.807225], [120.964319, 24.807148], [120.964316, 24.807289], [120.964396, 24.80734], [120.96382, 24.806977], [120.963969, 24.806826], [120.964031, 24.806451], [120.963635, 24.806357], [120.963683, 24.806429], [120.96388, 24.806244], [120.964015, 24.806325], [120.96424, 24.806154], [120.963783, 24.806204], [120.963679, 24.806124], [120.964597, 24.806805], [120.964807, 24.806673], [120.964927, 24.80688], [120.965245, 24.806828], [120.965063, 24.80729], [120.964997, 24.80733], [120.9649, 24.807178], [120.965096, 24.8077], [120.965345, 24.807578], [120.965686, 24.806869], [120.96596, 24.805521], [120.965992, 24.805049], [120.96563, 24.804794], [120.965528, 24.805177], [120.965359, 24.806868], [120.965149, 24.807323], [120.96553, 24.807521], [120.965774, 24.807066], [120.966494, 24.806995], [120.966574, 24.806865], [120.966177, 24.806768], [120.966111, 24.806632], [120.965913, 24.806585], [120.965822, 24.806925], [120.966042, 24.806161], [120.966682, 24.806312], [120.966592, 24.806705], [120.96679, 24.807089], [120.96641, 24.807629], [120.966299, 24.807542], [120.96649, 24.807152], [120.966261, 24.807116], [120.966144, 24.807672], [120.966295, 24.807781], [120.96592, 24.808244], [120.965346, 24.807892], [120.96548, 24.807626], [120.965758, 24.805668], [120.965674, 24.805618], [120.965663, 24.805193], [120.965604, 24.805186]]}}, {"type": "Feature", "properties": {"district": "1001802", "segment": 3, "total_segments": 30, "km": 9.55, "villages": ["中山里", "大同里", "北門里"]}, "geometry": {"type": "LineString", "coordinates": [[120.96612, 24.805233], [120.966051, 24.806104], [120.966595, 24.80614], [120.966881, 24.806048], [120.967007, 24.805958], [120.966949, 24.805874], [120.96699, 24.805721], [120.967549, 24.806035], [120.966831, 24.807051], [120.966666, 24.807081], [120.966647, 24.806982], [120.966928, 24.806365], [120.967048, 24.806437], [120.966907, 24.806198], [120.96691, 24.80569], [120.966814, 24.805553], [120.966294, 24.805216], [120.966401, 24.805089], [120.966692, 24.805267], [120.967146, 24.80468], [120.966862, 24.804505], [120.966246, 24.804642], [120.966166, 24.804783], [120.966207, 24.804974], [120.966351, 24.805056], [120.96655, 24.804994], [120.966595, 24.80479], [120.966856, 24.80538], [120.967597, 24.805854], [120.967699, 24.805879], [120.96809, 24.805301], [120.967749, 24.805097], [120.967055, 24.805269], [120.967121, 24.805347], [120.96751, 24.805196], [120.967605, 24.805283], [120.967632, 24.805002], [120.96726, 24.804762], [120.966954, 24.805143], [120.967696, 24.805051], [120.967295, 24.804531], [120.96673, 24.80438], [120.966734, 24.80414], [120.966635, 24.804401], [120.966367, 24.804455], [120.965885, 24.804485], [120.965087, 24.804258], [120.966595, 24.803759], [120.968227, 24.80542], [120.968659, 24.805695], [120.968158, 24.805482], [120.967741, 24.80619], [120.96757, 24.806264], [120.966888, 24.807253], [120.967468, 24.807622], [120.967538, 24.807537], [120.967583, 24.807345], [120.967427, 24.807476], [120.967091, 24.807268], [120.966836, 24.807279], [120.966511, 24.807719], [120.967, 24.808044], [120.966881, 24.808146], [120.966387, 24.807856], [120.966042, 24.808319], [120.966056, 24.808392], [120.966615, 24.808728], [120.966664, 24.808593], [120.966817, 24.808738], [120.967039, 24.808459], [120.967049, 24.808307], [120.967215, 24.808211], [120.96803, 24.807163], [120.968015, 24.807721], [120.967299, 24.807754], [120.967234, 24.8077], [120.967121, 24.807784], [120.966905, 24.807606], [120.966968, 24.807551], [120.967159, 24.807625], [120.967021, 24.807775], [120.967206, 24.807878], [120.967431, 24.808463], [120.967166, 24.808675], [120.967097, 24.80892], [120.96762, 24.809079], [120.967822, 24.808809], [120.967716, 24.808353], [120.96785, 24.809351], [120.968617, 24.809821], [120.968876, 24.809613], [120.968842, 24.809443], [120.969143, 24.809545], [120.969245, 24.809455], [120.969037, 24.809314], [120.969137, 24.809178], [120.968794, 24.808699], [120.969008, 24.809832], [120.968908, 24.810056], [120.968541, 24.809951], [120.969113, 24.810214], [120.969288, 24.810416], [120.969349, 24.807612], [120.969491, 24.807438], [120.969907, 24.807314], [120.969733, 24.806458], [120.968863, 24.806749], [120.968546, 24.806374], [120.968345, 24.806601], [120.967895, 24.806291], [120.967686, 24.806693], [120.967402, 24.806701], [120.967371, 24.807026], [120.966297, 24.808315], [120.96624, 24.808767], [120.966543, 24.808956], [120.966558, 24.809089], [120.965993, 24.809787], [120.965667, 24.809862], [120.96562, 24.810071], [120.965736, 24.810159], [120.965639, 24.810287], [120.965559, 24.810229], [120.965436, 24.810352], [120.96558, 24.810374], [120.965278, 24.81075], [120.965197, 24.810788], [120.965169, 24.810555], [120.965003, 24.810619], [120.964992, 24.810502], [120.964841, 24.810555], [120.964875, 24.810352], [120.964714, 24.81025], [120.964622, 24.810274], [120.964693, 24.810482], [120.964602, 24.810524], [120.964534, 24.810312], [120.963945, 24.81013], [120.963779, 24.810704], [120.963969, 24.810853], [120.963874, 24.811026], [120.963725, 24.811008], [120.963654, 24.811239], [120.964327, 24.81169], [120.964524, 24.811738], [120.964984, 24.811138], [120.964768, 24.811019], [120.964742, 24.811139], [120.964807, 24.811185], [120.964559, 24.811249], [120.964061, 24.811025], [120.964159, 24.810964], [120.964263, 24.811046], [120.964275, 24.810864], [120.964515, 24.810912], [120.964548, 24.810772], [120.964447, 24.810703], [120.964538, 24.810524], [120.964462, 24.81062], [120.964237, 24.810598], [120.964361, 24.810441], [120.964373, 24.810306], [120.964268, 24.810191], [120.9643, 24.809982], [120.964133, 24.809899], [120.964028, 24.81002], [120.964016, 24.810378], [120.96409, 24.810414], [120.964152, 24.81034], [120.963987, 24.810453], [120.964193, 24.810638], [120.964621, 24.810803], [120.9647, 24.810786], [120.964693, 24.810569], [120.964748, 24.810887], [120.964862, 24.810931], [120.964939, 24.810829], [120.965065, 24.810846], [120.965084, 24.810916], [120.96511, 24.810334], [120.96545, 24.810078], [120.965369, 24.809644], [120.965545, 24.809577], [120.965281, 24.808857], [120.965134, 24.808888], [120.96533, 24.809436], [120.964961, 24.809607], [120.964839, 24.809524], [120.964678, 24.809559], [120.964602, 24.809629], [120.964617, 24.809771], [120.964466, 24.809934], [120.964643, 24.810044], [120.964546, 24.810148], [120.964341, 24.810005], [120.964431, 24.809915], [120.964245, 24.809756], [120.965213, 24.808657], [120.965137, 24.808307], [120.965204, 24.808183], [120.965614, 24.808374], [120.965745, 24.808845], [120.966059, 24.808898], [120.966141, 24.808989], [120.965988, 24.809028], [120.966003, 24.809277], [120.965892, 24.809308], [120.966234, 24.809165], [120.964865, 24.809365], [120.964927, 24.810108], [120.96434, 24.811287], [120.9645, 24.811379], [120.964075, 24.811865], [120.964277, 24.811991], [120.964254, 24.812084], [120.963119, 24.813576], [120.963372, 24.812369], [120.963669, 24.812507], [120.963956, 24.811787], [120.963702, 24.81164], [120.963737, 24.81088]]}}, {"type": "Feature", "properties": {"district": "1001802", "segment": 4, "total_segments": 30, "km": 14.98, "villages": ["長和里", "新民里", "民富里"]}, "geometry": {"type": "LineString", "coordinates": [[120.963597, 24.810885], [120.963495, 24.81115], [120.963207, 24.810875], [120.96342, 24.810579], [120.963273, 24.810499], [120.963376, 24.810257], [120.963211, 24.810338], [120.96302, 24.810223], [120.963099, 24.810117], [120.963105, 24.809852], [120.96283, 24.809998], [120.962802, 24.81009], [120.962429, 24.809857], [120.962874, 24.80926], [120.96324, 24.809611], [120.963295, 24.809558], [120.963112, 24.809336], [120.963127, 24.809238], [120.962852, 24.809112], [120.962835, 24.80903], [120.962701, 24.808957], [120.962203, 24.809021], [120.96212, 24.80908], [120.962172, 24.809173], [120.962223, 24.809135], [120.962408, 24.809276], [120.96234, 24.809378], [120.962114, 24.809311], [120.961975, 24.80906], [120.96156, 24.809164], [120.961321, 24.809331], [120.961681, 24.809366], [120.961785, 24.809304], [120.96209, 24.809421], [120.962069, 24.809632], [120.961993, 24.80969], [120.962918, 24.810343], [120.962921, 24.810038], [120.963222, 24.810017], [120.963418, 24.810147], [120.963543, 24.809943], [120.963738, 24.809957], [120.963714, 24.809857], [120.963553, 24.809792], [120.963587, 24.809733], [120.963505, 24.809652], [120.963448, 24.80986], [120.963358, 24.809798], [120.963262, 24.809902], [120.9631, 24.809652], [120.962845, 24.809638], [120.962704, 24.809866], [120.962374, 24.810086], [120.962222, 24.809725], [120.961843, 24.809737], [120.961433, 24.809512], [120.962408, 24.809124], [120.962664, 24.8092], [120.962863, 24.809499], [120.963223, 24.809297], [120.963442, 24.809469], [120.96351, 24.809325], [120.963328, 24.809138], [120.963245, 24.809153], [120.963297, 24.808946], [120.963156, 24.808882], [120.963685, 24.808792], [120.963947, 24.808829], [120.964276, 24.808716], [120.964394, 24.808761], [120.96472, 24.808503], [120.964766, 24.808868], [120.964269, 24.809548], [120.964039, 24.80933], [120.9641, 24.809272], [120.963833, 24.809081], [120.963873, 24.809], [120.964212, 24.809252], [120.964303, 24.809268], [120.964271, 24.809185], [120.964409, 24.809231], [120.964405, 24.809025], [120.96425, 24.808926], [120.963966, 24.80928], [120.963817, 24.809358], [120.963635, 24.80916], [120.96369, 24.809124], [120.963576, 24.809091], [120.96352, 24.809157], [120.963782, 24.809486], [120.964138, 24.809674], [120.963925, 24.809748], [120.96363, 24.809554], [120.964016, 24.80986], [120.963764, 24.810171], [120.963732, 24.810417], [120.963622, 24.810573], [120.963659, 24.810694], [120.963531, 24.810809], [120.963483, 24.810504], [120.963544, 24.810426], [120.963114, 24.810898], [120.964196, 24.809362], [120.96436, 24.808852], [120.963569, 24.808988], [120.962948, 24.808924], [120.962935, 24.808837], [120.963031, 24.808828], [120.962997, 24.808648], [120.963311, 24.808688], [120.96343, 24.808534], [120.963351, 24.808467], [120.963905, 24.80782], [120.964335, 24.808097], [120.96449, 24.808151], [120.964585, 24.808028], [120.964649, 24.808105], [120.964569, 24.808219], [120.964672, 24.808304], [120.964644, 24.808398], [120.96458, 24.80837], [120.964649, 24.808468], [120.96442, 24.808613], [120.963592, 24.808718], [120.963287, 24.808553], [120.963319, 24.808506], [120.963069, 24.808546], [120.963204, 24.808009], [120.963302, 24.808045], [120.963382, 24.80795], [120.963144, 24.807789], [120.963298, 24.807565], [120.963186, 24.807531], [120.962477, 24.808457], [120.962566, 24.808522], [120.963061, 24.807876], [120.962661, 24.807748], [120.96264, 24.80765], [120.962559, 24.807727], [120.962491, 24.807684], [120.962625, 24.807807], [120.962253, 24.808047], [120.962032, 24.807926], [120.962167, 24.807871], [120.962203, 24.807921], [120.962132, 24.807791], [120.962535, 24.807257], [120.962428, 24.807243], [120.962111, 24.807663], [120.961966, 24.807577], [120.961807, 24.807705], [120.961552, 24.807456], [120.962148, 24.806666], [120.962426, 24.806364], [120.963653, 24.80716], [120.963366, 24.807476], [120.963353, 24.807306], [120.963142, 24.807456], [120.962324, 24.806943], [120.962392, 24.806887], [120.962601, 24.807013], [120.962779, 24.806804], [120.962574, 24.806699], [120.962571, 24.806145], [120.963143, 24.806951], [120.963941, 24.807323], [120.964797, 24.807921], [120.96486, 24.807893], [120.964714, 24.808023], [120.964752, 24.808138], [120.964887, 24.808176], [120.964804, 24.80837], [120.965059, 24.808026], [120.964394, 24.807886], [120.964376, 24.807944], [120.964291, 24.807767], [120.964361, 24.807703], [120.964142, 24.807828], [120.964102, 24.807735], [120.963638, 24.807765], [120.96268, 24.807597], [120.962683, 24.807533], [120.961859, 24.807895], [120.961751, 24.807781], [120.961528, 24.808045], [120.961447, 24.807998], [120.96168, 24.808143], [120.961563, 24.80823], [120.96113, 24.807989], [120.960609, 24.808653], [120.960871, 24.808616], [120.961196, 24.808817], [120.961236, 24.808765], [120.960972, 24.808599], [120.96135, 24.808653], [120.961436, 24.808545], [120.961511, 24.808591], [120.961565, 24.80852], [120.96152, 24.808393], [120.961419, 24.808333], [120.961454, 24.808418], [120.961604, 24.808262], [120.962257, 24.80867], [120.962312, 24.808555], [120.962542, 24.808556], [120.962563, 24.808677], [120.962715, 24.808812], [120.962394, 24.808766], [120.96234, 24.808912], [120.962126, 24.80875], [120.961892, 24.808743], [120.961909, 24.80889], [120.961528, 24.809086], [120.961515, 24.808919], [120.961287, 24.808877], [120.961481, 24.808634], [120.961272, 24.808292], [120.961255, 24.807842], [120.961481, 24.807534], [120.961987, 24.808344], [120.962283, 24.808247], [120.962246, 24.80818], [120.962347, 24.808314], [120.962482, 24.808157], [120.962931, 24.808453], [120.962116, 24.808939], [120.961237, 24.80925], [120.96115, 24.809184], [120.961179, 24.809033], [120.961112, 24.808962], [120.961311, 24.809016], [120.960962, 24.809099], [120.960532, 24.808768], [120.960394, 24.808952], [120.960386, 24.80913], [120.960855, 24.809435], [120.961029, 24.809248], [120.960946, 24.809184], [120.960809, 24.809195], [120.961005, 24.809523], [120.960849, 24.809805], [120.960694, 24.809696], [120.959984, 24.809815], [120.959998, 24.809691], [120.960293, 24.809634], [120.960402, 24.80951], [120.960109, 24.809359], [120.959677, 24.809652], [120.959564, 24.809512], [120.959927, 24.809242], [120.959212, 24.808758], [120.959037, 24.808923], [120.959516, 24.809358], [120.959263, 24.809302], [120.958737, 24.809596], [120.958725, 24.809499], [120.959159, 24.809233], [120.958879, 24.809082], [120.958898, 24.809184], [120.9588, 24.809236], [120.958971, 24.809017], [120.958916, 24.808902], [120.958977, 24.808618], [120.958745, 24.808474], [120.958389, 24.808894], [120.957999, 24.809205], [120.957892, 24.809145], [120.957993, 24.809018], [120.957617, 24.808582], [120.957671, 24.808524], [120.958097, 24.808968], [120.958231, 24.808827], [120.958134, 24.808636], [120.958016, 24.808698], [120.958003, 24.808546], [120.957877, 24.808465], [120.958083, 24.808229], [120.958177, 24.808362], [120.958103, 24.808462], [120.958461, 24.808612], [120.958518, 24.808321], [120.957334, 24.807529], [120.956886, 24.807318], [120.956276, 24.80679], [120.956073, 24.806956], [120.955996, 24.807206], [120.956042, 24.807371], [120.957055, 24.808699], [120.957547, 24.808288], [120.957627, 24.808406], [120.957318, 24.808746], [120.957944, 24.809548], [120.958225, 24.809428], [120.958724, 24.80997], [120.959481, 24.809563], [120.959575, 24.809837], [120.959829, 24.809827], [120.959735, 24.810046], [120.959889, 24.810124], [120.959756, 24.81019], [120.959784, 24.810568], [120.960204, 24.810634], [120.960548, 24.810325], [120.960458, 24.810271], [120.960274, 24.810433], [120.960142, 24.810441], [120.960068, 24.810278], [120.960329, 24.810198], [120.960156, 24.810034], [120.960014, 24.810025], [120.960095, 24.810101], [120.960444, 24.809986], [120.96052, 24.810215], [120.960641, 24.810131], [120.9607, 24.810215], [120.96078, 24.810161], [120.960681, 24.809987], [120.960591, 24.810025], [120.960531, 24.80993], [120.9606, 24.809902], [120.960411, 24.80992], [120.960492, 24.80957], [120.960442, 24.809538], [120.961564, 24.810612], [120.96165, 24.810558], [120.961383, 24.810293], [120.96146, 24.810195], [120.961886, 24.810464], [120.96167, 24.810732], [120.960928, 24.811276], [120.960469, 24.811013], [120.960279, 24.810802], [120.960671, 24.810478], [120.96077, 24.810293], [120.960784, 24.810412], [120.961089, 24.810645], [120.961191, 24.810563], [120.961278, 24.810666], [120.960993, 24.810407], [120.960767, 24.810765], [120.960178, 24.810764], [120.959609, 24.810481], [120.959552, 24.810374], [120.959675, 24.810279], [120.959414, 24.810268], [120.959444, 24.810006], [120.958597, 24.810036], [120.958356, 24.810162], [120.95803, 24.809645], [120.958012, 24.809371], [120.958327, 24.808758], [120.957716, 24.808479], [120.957895, 24.808188], [120.957802, 24.808077], [120.957683, 24.808169], [120.957478, 24.808085], [120.957424, 24.808141], [120.957163, 24.807809], [120.956795, 24.807817], [120.956704, 24.807685], [120.956647, 24.807743], [120.95623, 24.807157], [120.9563, 24.80712], [120.956651, 24.807614], [120.95672, 24.807846], [120.956857, 24.807907], [120.95707, 24.808199], [120.957022, 24.808242], [120.956848, 24.808013], [120.957239, 24.808022], [120.956588, 24.80841], [120.956809, 24.808688], [120.957008, 24.808722], [120.956559, 24.808372], [120.955725, 24.808185], [120.955689, 24.808322], [120.956255, 24.807017], [120.95675, 24.806581], [120.957128, 24.806853], [120.957316, 24.806902], [120.957206, 24.807083], [120.958166, 24.807697], [120.958353, 24.807169], [120.957825, 24.80679], [120.957756, 24.806912], [120.958088, 24.807124], [120.958316, 24.806922], [120.958607, 24.807218], [120.958502, 24.807277], [120.958734, 24.807056], [120.95857, 24.806939], [120.958649, 24.806863], [120.95822, 24.806572], [120.958275, 24.806785], [120.958359, 24.806779], [120.95812, 24.806688], [120.958097, 24.806577], [120.957823, 24.806432], [120.957445, 24.806536], [120.957392, 24.80627], [120.95715, 24.806158], [120.957274, 24.806453], [120.957566, 24.806659], [120.957754, 24.806592], [120.95767, 24.806733], [120.957799, 24.806309], [120.958004, 24.806346], [120.957998, 24.806228], [120.958264, 24.806147], [120.958206, 24.806066], [120.958253, 24.805995], [120.95834, 24.806099], [120.958211, 24.805932], [120.958065, 24.805894], [120.957853, 24.806043], [120.958084, 24.806007], [120.958116, 24.805856], [120.958009, 24.805601], [120.957646, 24.805808], [120.957555, 24.805778], [120.957539, 24.805872], [120.957639, 24.805919], [120.957313, 24.805746], [120.957422, 24.805499], [120.957768, 24.805309], [120.957949, 24.805543], [120.957304, 24.805801], [120.957286, 24.806031], [120.957231, 24.806036], [120.957932, 24.806213], [120.957676, 24.806311], [120.957134, 24.805856], [120.957039, 24.805569], [120.956937, 24.805595]]}}, {"type": "Feature", "properties": {"district": "1001802", "segment": 5, "total_segments": 30, "km": 14.98, "villages": ["民富里", "西雅里"]}, "geometry": {"type": "LineString", "coordinates": [[120.95705, 24.805887], [120.956881, 24.805455], [120.957365, 24.805316], [120.95742, 24.805418], [120.957573, 24.805315], [120.9576, 24.805229], [120.957449, 24.805241], [120.957394, 24.805078], [120.957272, 24.805184], [120.957387, 24.805464], [120.957198, 24.805134], [120.957036, 24.805085], [120.956932, 24.804791], [120.956414, 24.804947], [120.956374, 24.805026], [120.95604, 24.805077], [120.956082, 24.804981], [120.955959, 24.804787], [120.955744, 24.804905], [120.956167, 24.806064], [120.956329, 24.806205], [120.956344, 24.806378], [120.956352, 24.805785], [120.956561, 24.805795], [120.956603, 24.805899], [120.95649, 24.805574], [120.956406, 24.805596], [120.956433, 24.805669], [120.956303, 24.805802], [120.956185, 24.805466], [120.956938, 24.80522], [120.956965, 24.805297], [120.956859, 24.804891], [120.956727, 24.805176], [120.956146, 24.805357], [120.956093, 24.80474], [120.957663, 24.804261], [120.957777, 24.804591], [120.957693, 24.804615], [120.95771, 24.804702], [120.957558, 24.804694], [120.957305, 24.804867], [120.957384, 24.804958], [120.957071, 24.804596], [120.957808, 24.804668], [120.957833, 24.804967], [120.957645, 24.805033], [120.958107, 24.804159], [120.958898, 24.804067], [120.959038, 24.803862], [120.960327, 24.803479], [120.960665, 24.804327], [120.960717, 24.80475], [120.960582, 24.804798], [120.960553, 24.804733], [120.960485, 24.804828], [120.960255, 24.804792], [120.96022, 24.804851], [120.960167, 24.804687], [120.96032, 24.804698], [120.960495, 24.804599], [120.960364, 24.804458], [120.9601, 24.804529], [120.959992, 24.804298], [120.960341, 24.804124], [120.960099, 24.80402], [120.959972, 24.80405], [120.960485, 24.804996], [120.96037, 24.805195], [120.960372, 24.805081], [120.960533, 24.805099], [120.960637, 24.804944], [120.960857, 24.804898], [120.960835, 24.804832], [120.960915, 24.805115], [120.960652, 24.8054], [120.960443, 24.80546], [120.960582, 24.805598], [120.960716, 24.805552], [120.960783, 24.805675], [120.959563, 24.806061], [120.959631, 24.806128], [120.959584, 24.806152], [120.959763, 24.806097], [120.959229, 24.806148], [120.959093, 24.806245], [120.959737, 24.8067], [120.959878, 24.806703], [120.959833, 24.806787], [120.959888, 24.8068], [120.960341, 24.80615], [120.960776, 24.805983], [120.961135, 24.806017], [120.961465, 24.806189], [120.961806, 24.806519], [120.961728, 24.806622], [120.961884, 24.806702], [120.962042, 24.806505], [120.961553, 24.807146], [120.961221, 24.807463], [120.960451, 24.807337], [120.959636, 24.806821], [120.959762, 24.806749], [120.959517, 24.806752], [120.958944, 24.806392], [120.95884, 24.806492], [120.959432, 24.806869], [120.959192, 24.806954], [120.959045, 24.80686], [120.958827, 24.806933], [120.958737, 24.80642], [120.958803, 24.806271], [120.95891, 24.806238], [120.958792, 24.806051], [120.958695, 24.806096], [120.959881, 24.805695], [120.961147, 24.805607], [120.961505, 24.805794], [120.961447, 24.805867], [120.961662, 24.805894], [120.961914, 24.806131], [120.962216, 24.806229], [120.959664, 24.806431], [120.958489, 24.80637], [120.95716, 24.807056], [120.958857, 24.807472], [120.96016, 24.8082], [120.96156, 24.809895], [120.962945, 24.810789], [120.96321, 24.810567], [120.963337, 24.810583], [120.962237, 24.810122], [120.961366, 24.810136], [120.961049, 24.809928], [120.958115, 24.803914], [120.957665, 24.803417], [120.95746, 24.80294], [120.957506, 24.802788], [120.957693, 24.802735], [120.957558, 24.802378], [120.95747, 24.802356], [120.957626, 24.802229], [120.957738, 24.802335], [120.957769, 24.802503], [120.958338, 24.802392], [120.958185, 24.802221], [120.958057, 24.802214], [120.95794, 24.802077], [120.958023, 24.802093], [120.95802, 24.802003], [120.957899, 24.801913], [120.957863, 24.801993], [120.957691, 24.801981], [120.957753, 24.801791], [120.957673, 24.801657], [120.957713, 24.801595], [120.957507, 24.801643], [120.957378, 24.801502], [120.9578, 24.801332], [120.957811, 24.801204], [120.957649, 24.801066], [120.957559, 24.801106], [120.957667, 24.801204], [120.95752, 24.80132], [120.957286, 24.801339], [120.957096, 24.801187], [120.957058, 24.801253], [120.957041, 24.801128], [120.956915, 24.801146], [120.956855, 24.801257], [120.957151, 24.802017], [120.957501, 24.801916], [120.957455, 24.802052], [120.957184, 24.802147], [120.957366, 24.802662], [120.957455, 24.802653], [120.956904, 24.802819], [120.956942, 24.802718], [120.956811, 24.802489], [120.956557, 24.802889], [120.956468, 24.802852], [120.956479, 24.802945], [120.95627, 24.802985], [120.956172, 24.802746], [120.956131, 24.80303], [120.95598, 24.803038], [120.95672, 24.802876], [120.95711, 24.802921], [120.957425, 24.803321], [120.957372, 24.803467], [120.957387, 24.803567], [120.957451, 24.803556], [120.957216, 24.803621], [120.957034, 24.803429], [120.957253, 24.803338], [120.957198, 24.80331], [120.957124, 24.803439], [120.957004, 24.803246], [120.95736, 24.803095], [120.957263, 24.802891], [120.957201, 24.802897], [120.957182, 24.802581], [120.956943, 24.80208], [120.956593, 24.802216], [120.956767, 24.802242], [120.956802, 24.802376], [120.956684, 24.802442], [120.956579, 24.802326], [120.956465, 24.802493], [120.956314, 24.802219], [120.956176, 24.802231], [120.95634, 24.802061], [120.95611, 24.801872], [120.956285, 24.801822], [120.956344, 24.801719], [120.956411, 24.80175], [120.95638, 24.801691], [120.956458, 24.801636], [120.956364, 24.801529], [120.955937, 24.801768], [120.955895, 24.80161], [120.955997, 24.801504], [120.956087, 24.801532], [120.956383, 24.801314], [120.956331, 24.801094], [120.956225, 24.801037], [120.956245, 24.800955], [120.956078, 24.80076], [120.956266, 24.800713], [120.956564, 24.801177], [120.956688, 24.800956], [120.956513, 24.800766], [120.957034, 24.800384], [120.956989, 24.800296], [120.957053, 24.80025], [120.957317, 24.800444], [120.957379, 24.800369], [120.957429, 24.800419], [120.957169, 24.800075], [120.956972, 24.800091], [120.956828, 24.799864], [120.956907, 24.799789], [120.957091, 24.799796], [120.957144, 24.799622], [120.957341, 24.799625], [120.957293, 24.799561], [120.957874, 24.800211], [120.957654, 24.800378], [120.957778, 24.800523], [120.957921, 24.800423], [120.958176, 24.800435], [120.959248, 24.800933], [120.959153, 24.801117], [120.959361, 24.801238], [120.959396, 24.80113], [120.959154, 24.801241], [120.959053, 24.801208], [120.958968, 24.801376], [120.958743, 24.801304], [120.958676, 24.801136], [120.958733, 24.801043], [120.958625, 24.800965], [120.95842, 24.801064], [120.958029, 24.800646], [120.958126, 24.800389], [120.958031, 24.800349], [120.957611, 24.80065], [120.957648, 24.800709], [120.957089, 24.801012], [120.956973, 24.800896], [120.956777, 24.80103], [120.956823, 24.800763], [120.956938, 24.800653], [120.957094, 24.800804], [120.957027, 24.80085], [120.95741, 24.800558], [120.957559, 24.800968], [120.95769, 24.800956], [120.957919, 24.800779], [120.958144, 24.801069], [120.958058, 24.801125], [120.957893, 24.800919], [120.958203, 24.800699], [120.958429, 24.800915], [120.958358, 24.801198], [120.95802, 24.801293], [120.958015, 24.801425], [120.957904, 24.801462], [120.958063, 24.801616], [120.958238, 24.802037], [120.958312, 24.802006], [120.95825, 24.801808], [120.958379, 24.801549], [120.95825, 24.801387], [120.958441, 24.801482], [120.958525, 24.801404], [120.958473, 24.801259], [120.958727, 24.801413], [120.958842, 24.801671], [120.958745, 24.801674], [120.958691, 24.801869], [120.958785, 24.80191], [120.958703, 24.801987], [120.958636, 24.801954], [120.958871, 24.802119], [120.959185, 24.801723], [120.959304, 24.801762], [120.959047, 24.802035], [120.959116, 24.80215], [120.95993, 24.801874], [120.960157, 24.801603], [120.959919, 24.801628], [120.959891, 24.8014], [120.959657, 24.801267], [120.959719, 24.80118], [120.959525, 24.80143], [120.959545, 24.801557], [120.959331, 24.801725], [120.959319, 24.801619], [120.958874, 24.801492], [120.958602, 24.801472], [120.95819, 24.801615], [120.958159, 24.801525], [120.958426, 24.802002], [120.958397, 24.80208], [120.958631, 24.802165], [120.958681, 24.802284], [120.958561, 24.802314], [120.958812, 24.80218], [120.959061, 24.802166], [120.960169, 24.801349], [120.95883, 24.800843], [120.95808, 24.802143], [120.958118, 24.80229], [120.957585, 24.802195], [120.956938, 24.801911], [120.956628, 24.80195], [120.956375, 24.802184], [120.956434, 24.801986], [120.956623, 24.801856], [120.956523, 24.801765], [120.956619, 24.801652], [120.956744, 24.801748], [120.956797, 24.801646], [120.95685, 24.801679], [120.956674, 24.801315], [120.956397, 24.8015], [120.956108, 24.800978], [120.955877, 24.801058], [120.955879, 24.801214], [120.955322, 24.801435], [120.955292, 24.801547], [120.955021, 24.801644], [120.954815, 24.801351], [120.954933, 24.801307], [120.954903, 24.801262], [120.954748, 24.8013], [120.954648, 24.801102], [120.955475, 24.800833], [120.955623, 24.800854], [120.95582, 24.800614], [120.956098, 24.800506], [120.956151, 24.800583], [120.956226, 24.800407], [120.956697, 24.799994], [120.95679, 24.800306], [120.956882, 24.800365], [120.956414, 24.800657], [120.956484, 24.801241], [120.957111, 24.801303], [120.957302, 24.801464], [120.956041, 24.802001], [120.956062, 24.802058], [120.955808, 24.802038], [120.955616, 24.801869], [120.955524, 24.801905], [120.955533, 24.801729], [120.955458, 24.801733], [120.955399, 24.801565], [120.955654, 24.801687], [120.955829, 24.801636], [120.955727, 24.801511], [120.955772, 24.801394], [120.955575, 24.800975], [120.955133, 24.801127], [120.955181, 24.801302], [120.955402, 24.80129], [120.95556, 24.801237], [120.95557, 24.801155], [120.95509, 24.801043], [120.955029, 24.801127], [120.955172, 24.801538], [120.955349, 24.800682], [120.957337, 24.799979], [120.957264, 24.799773], [120.957747, 24.802911], [120.957901, 24.80342]]}}, {"type": "Feature", "properties": {"district": "1001802", "segment": 6, "total_segments": 30, "km": 12.29, "villages": ["西雅里", "育英里", "台溪里"]}, "geometry": {"type": "LineString", "coordinates": [[120.957793, 24.803774], [120.957664, 24.803878], [120.95755, 24.803742], [120.95745, 24.803778], [120.957578, 24.804028], [120.957666, 24.804], [120.957303, 24.80413], [120.957934, 24.803951], [120.959551, 24.802693], [120.960758, 24.801466], [120.961161, 24.80172], [120.961264, 24.801662], [120.961432, 24.80136], [120.961402, 24.801224], [120.961456, 24.801169], [120.961526, 24.801239], [120.961468, 24.801018], [120.9617, 24.800714], [120.961786, 24.800777], [120.961896, 24.800565], [120.961509, 24.80032], [120.961199, 24.80026], [120.960521, 24.80119], [120.960345, 24.801203], [120.958439, 24.800371], [120.958022, 24.800091], [120.958424, 24.800122], [120.958513, 24.800021], [120.958679, 24.799994], [120.958769, 24.800087], [120.958849, 24.800051], [120.958773, 24.799964], [120.958837, 24.799853], [120.959051, 24.799841], [120.959015, 24.799748], [120.959145, 24.799544], [120.958919, 24.799394], [120.958958, 24.799346], [120.959049, 24.799403], [120.95914, 24.799359], [120.959429, 24.799713], [120.959445, 24.799901], [120.959295, 24.799952], [120.959216, 24.799862], [120.959134, 24.799925], [120.959183, 24.80004], [120.959468, 24.800109], [120.959817, 24.800332], [120.959888, 24.800186], [120.959697, 24.799912], [120.959643, 24.799976], [120.95962, 24.799811], [120.959889, 24.799572], [120.959972, 24.799587], [120.959915, 24.799478], [120.959868, 24.799537], [120.95997, 24.799365], [120.960593, 24.79973], [120.960702, 24.799664], [120.961207, 24.80001], [120.961149, 24.800085], [120.961251, 24.800149], [120.961448, 24.799988], [120.961668, 24.800043], [120.961999, 24.799741], [120.962172, 24.799378], [120.962459, 24.799551], [120.962441, 24.799473], [120.962531, 24.799496], [120.962477, 24.799377], [120.962583, 24.799183], [120.96279, 24.799294], [120.962937, 24.799158], [120.962786, 24.799026], [120.962976, 24.798869], [120.96313, 24.798958], [120.963088, 24.799005], [120.963216, 24.798897], [120.963076, 24.798795], [120.963232, 24.798538], [120.963474, 24.798685], [120.962988, 24.798379], [120.962467, 24.799026], [120.962523, 24.799158], [120.962371, 24.799191], [120.962191, 24.798999], [120.962085, 24.799156], [120.962607, 24.798367], [120.962737, 24.79828], [120.962686, 24.798162], [120.961167, 24.797181], [120.96095, 24.797152], [120.960974, 24.797232], [120.960831, 24.797236], [120.960718, 24.797443], [120.960634, 24.797322], [120.960881, 24.797516], [120.960763, 24.797705], [120.960656, 24.797798], [120.9606, 24.797763], [120.960608, 24.797593], [120.960949, 24.797571], [120.961084, 24.79764], [120.961117, 24.797463], [120.960942, 24.797535], [120.96095, 24.797795], [120.961166, 24.797719], [120.961182, 24.797806], [120.961451, 24.797852], [120.961565, 24.797703], [120.961421, 24.797583], [120.961557, 24.797891], [120.962008, 24.798202], [120.961905, 24.798283], [120.961603, 24.798157], [120.961485, 24.798015], [120.96133, 24.798131], [120.961355, 24.798239], [120.961055, 24.798143], [120.960894, 24.797973], [120.960776, 24.797954], [120.960641, 24.798047], [120.960485, 24.797967], [120.960199, 24.798272], [120.960125, 24.798221], [120.960176, 24.798154], [120.960057, 24.798296], [120.960077, 24.798429], [120.959775, 24.798821], [120.959422, 24.798602], [120.959289, 24.798738], [120.959454, 24.798948], [120.959788, 24.799034], [120.960624, 24.799601], [120.960748, 24.799825], [120.961092, 24.800047], [120.960683, 24.800421], [120.960622, 24.80033], [120.960742, 24.800183], [120.960593, 24.800163], [120.960486, 24.800263], [120.96042, 24.800184], [120.960539, 24.800028], [120.960314, 24.800026], [120.960405, 24.800361], [120.959914, 24.800793], [120.960127, 24.800861], [120.960266, 24.800635], [120.960457, 24.800894], [120.960569, 24.800792], [120.960503, 24.800599], [120.960571, 24.800588], [120.960512, 24.800463], [120.960572, 24.800465], [120.960147, 24.800338], [120.959778, 24.800539], [120.959728, 24.800689], [120.959599, 24.800645], [120.959654, 24.800519], [120.959504, 24.800406], [120.959532, 24.800491], [120.959434, 24.800637], [120.959571, 24.800708], [120.959313, 24.800544], [120.959306, 24.800602], [120.958885, 24.800089], [120.958836, 24.800154], [120.958962, 24.800291], [120.958872, 24.800467], [120.959315, 24.800221], [120.959784, 24.800419], [120.960104, 24.800172], [120.959867, 24.799892], [120.959988, 24.79975], [120.960172, 24.799718], [120.960411, 24.799902], [120.960441, 24.799245], [120.960561, 24.799029], [120.960484, 24.799017], [120.960365, 24.799201], [120.960527, 24.798953], [120.960291, 24.798794], [120.960099, 24.799034], [120.960261, 24.798674], [120.959904, 24.798435], [120.959734, 24.798635], [120.959488, 24.798447], [120.960031, 24.797744], [120.960211, 24.797649], [120.960191, 24.797536], [120.96032, 24.797587], [120.960303, 24.797736], [120.960515, 24.797871], [120.960241, 24.797861], [120.96034, 24.798242], [120.961354, 24.797955], [120.960899, 24.797033], [120.960306, 24.797381], [120.960134, 24.797339], [120.960155, 24.797229], [120.959609, 24.797951], [120.959472, 24.797861], [120.95974, 24.797481], [120.959734, 24.797384], [120.959851, 24.797445], [120.959323, 24.79772], [120.95931, 24.797572], [120.959172, 24.797536], [120.959154, 24.797407], [120.959062, 24.797543], [120.95911, 24.797581], [120.958963, 24.797101], [120.959017, 24.797061], [120.959768, 24.798326], [120.960013, 24.799047], [120.959577, 24.799558], [120.959505, 24.799537], [120.959716, 24.799255], [120.958271, 24.79917], [120.958279, 24.79942], [120.958557, 24.799703], [120.957906, 24.799953], [120.960752, 24.801238], [120.961008, 24.800901], [120.961099, 24.801169], [120.96132, 24.801202], [120.961288, 24.801118], [120.961355, 24.801092], [120.96123, 24.801273], [120.960694, 24.801375], [120.96072, 24.801435], [120.961253, 24.800583], [120.961646, 24.800229], [120.962046, 24.800011], [120.961569, 24.799741], [120.962462, 24.799631], [120.962648, 24.799349], [120.962964, 24.797927], [120.963289, 24.797943], [120.963776, 24.797375], [120.964034, 24.797498], [120.964077, 24.797247], [120.963223, 24.796993], [120.963161, 24.796856], [120.962749, 24.796904], [120.96156, 24.796733], [120.961423, 24.796656], [120.960845, 24.796638], [120.960748, 24.796924], [120.960918, 24.797078], [120.960552, 24.797077], [120.960431, 24.797237], [120.960178, 24.797109], [120.960116, 24.796902], [120.960274, 24.796899], [120.960374, 24.796982], [120.95942, 24.796944], [120.959363, 24.79701], [120.959436, 24.797126], [120.959322, 24.797364], [120.959174, 24.797355], [120.959513, 24.797628], [120.958965, 24.797001], [120.957886, 24.797207], [120.957527, 24.797027], [120.956883, 24.797413], [120.957206, 24.797955], [120.957152, 24.798036], [120.956889, 24.797678], [120.956639, 24.797798], [120.957193, 24.798216], [120.957343, 24.797898], [120.957238, 24.797755], [120.957402, 24.797847], [120.957495, 24.79761], [120.957281, 24.797452], [120.957157, 24.797481], [120.95725, 24.797637], [120.957177, 24.797685], [120.957095, 24.797563], [120.957422, 24.79732], [120.957616, 24.797533], [120.957451, 24.796887], [120.956797, 24.796707], [120.956422, 24.796728], [120.956566, 24.796988], [120.956588, 24.797216], [120.956469, 24.797218], [120.956468, 24.797025], [120.956231, 24.797029], [120.956204, 24.797546], [120.956325, 24.79769], [120.956253, 24.797726], [120.956513, 24.797656], [120.95656, 24.79746], [120.956465, 24.797255], [120.956761, 24.797121], [120.956767, 24.796993], [120.955988, 24.796697], [120.955473, 24.796664], [120.955477, 24.796803], [120.956012, 24.797408], [120.955642, 24.796847], [120.956647, 24.798314], [120.956687, 24.798223], [120.956865, 24.798586], [120.957151, 24.798279], [120.961331, 24.796952], [120.962522, 24.797197], [120.962457, 24.797273], [120.96253, 24.797448], [120.962348, 24.797673], [120.962615, 24.797849], [120.96156, 24.797182], [120.961384, 24.796469], [120.962875, 24.797233], [120.963208, 24.797281]]}}, {"type": "Feature", "properties": {"district": "1001802", "segment": 7, "total_segments": 30, "km": 14.82, "villages": ["曲溪里"]}, "geometry": {"type": "LineString", "coordinates": [[120.95854, 24.796009], [120.958432, 24.796113], [120.956775, 24.796114], [120.956827, 24.796023], [120.956571, 24.795617], [120.956478, 24.795723], [120.956667, 24.796188], [120.956405, 24.796193], [120.956366, 24.795754], [120.956874, 24.795698], [120.957027, 24.795979], [120.958132, 24.795971], [120.958026, 24.795871], [120.957483, 24.795877], [120.957069, 24.795211], [120.95696, 24.795269], [120.957327, 24.795856], [120.957176, 24.795896], [120.956843, 24.795359], [120.956706, 24.795539], [120.956814, 24.795606], [120.956472, 24.795152], [120.956407, 24.795174], [120.957088, 24.794756], [120.957507, 24.794676], [120.957559, 24.794514], [120.957453, 24.794556], [120.957486, 24.794761], [120.957571, 24.794744], [120.957437, 24.794772], [120.957737, 24.795195], [120.957609, 24.795271], [120.957457, 24.795008], [120.957318, 24.795086], [120.957656, 24.795634], [120.957648, 24.795732], [120.957553, 24.795704], [120.957211, 24.795133], [120.957625, 24.795361], [120.957786, 24.795625], [120.957716, 24.79573], [120.957919, 24.795515], [120.957835, 24.795311], [120.957922, 24.795252], [120.957942, 24.79473], [120.958078, 24.794675], [120.958278, 24.795224], [120.958122, 24.795314], [120.958419, 24.795672], [120.958363, 24.795744], [120.958435, 24.795809], [120.958641, 24.795633], [120.95836, 24.795363], [120.958443, 24.795318], [120.958637, 24.795484], [120.958618, 24.795218], [120.958811, 24.79486], [120.95873, 24.794718], [120.958249, 24.794856], [120.958256, 24.794594], [120.958159, 24.794485], [120.958759, 24.794419], [120.958876, 24.794329], [120.958844, 24.794181], [120.958456, 24.794161], [120.958553, 24.793927], [120.958718, 24.793801], [120.958858, 24.793801], [120.958894, 24.793707], [120.958985, 24.793777], [120.959102, 24.793641], [120.959174, 24.793719], [120.959255, 24.793682], [120.959283, 24.793575], [120.959422, 24.79362], [120.959725, 24.793435], [120.959869, 24.793489], [120.959906, 24.793353], [120.959991, 24.793394], [120.960077, 24.793254], [120.959937, 24.792972], [120.960196, 24.792892], [120.960241, 24.792746], [120.960357, 24.792855], [120.960324, 24.793218], [120.960175, 24.793009], [120.960543, 24.792901], [120.960638, 24.792984], [120.961309, 24.792334], [120.961144, 24.792299], [120.960708, 24.792691], [120.960522, 24.792502], [120.960548, 24.792421], [120.961185, 24.792069], [120.961272, 24.792205], [120.961433, 24.792267], [120.961543, 24.79249], [120.961352, 24.792763], [120.960714, 24.793353], [120.960624, 24.793222], [120.961376, 24.792543], [120.961466, 24.792145], [120.96131, 24.791927], [120.961361, 24.791841], [120.96169, 24.791804], [120.962703, 24.790951], [120.962812, 24.791057], [120.961739, 24.791925], [120.961816, 24.792092], [120.961882, 24.792065], [120.962181, 24.791736], [120.963041, 24.791079], [120.962581, 24.790613], [120.961887, 24.791254], [120.961988, 24.791348], [120.962849, 24.790607], [120.962709, 24.790465], [120.962821, 24.790349], [120.96302, 24.790543], [120.963249, 24.790138], [120.963482, 24.79038], [120.963295, 24.790377], [120.963415, 24.790566], [120.963204, 24.790744], [120.963159, 24.790698], [120.963022, 24.790781], [120.962886, 24.790643], [120.963252, 24.791018], [120.963355, 24.790896], [120.963292, 24.790831], [120.96389, 24.790398], [120.963971, 24.790044], [120.963848, 24.789733], [120.963739, 24.789668], [120.963478, 24.789864], [120.963383, 24.789771], [120.963563, 24.789591], [120.963773, 24.789612], [120.963735, 24.789839], [120.963587, 24.789967], [120.963784, 24.790147], [120.963788, 24.789974], [120.96358, 24.790147], [120.963158, 24.789739], [120.962979, 24.789902], [120.962855, 24.78989], [120.962788, 24.790076], [120.962641, 24.79009], [120.963179, 24.790082], [120.963619, 24.790202], [120.963742, 24.790343], [120.963221, 24.789691], [120.963299, 24.789633], [120.962168, 24.790661], [120.961774, 24.79032], [120.961563, 24.790288], [120.961954, 24.790677], [120.961496, 24.791111], [120.96114, 24.790812], [120.961172, 24.791024], [120.961478, 24.7913], [120.961383, 24.791393], [120.962059, 24.790773], [120.961624, 24.791443], [120.961719, 24.791537], [120.961615, 24.791641], [120.961864, 24.791426], [120.961827, 24.792254], [120.961697, 24.792171], [120.960804, 24.792412], [120.960701, 24.792464], [120.960752, 24.792521], [120.960612, 24.793022], [120.95981, 24.793165], [120.959923, 24.793789], [120.959743, 24.793872], [120.959801, 24.794053], [120.95967, 24.794082], [120.959607, 24.793896], [120.959517, 24.79388], [120.959409, 24.793942], [120.959499, 24.794226], [120.9594, 24.794247], [120.95926, 24.793966], [120.959048, 24.794102], [120.959088, 24.794329], [120.959228, 24.794358], [120.959147, 24.794135], [120.959002, 24.794399], [120.959084, 24.794584], [120.958912, 24.794696], [120.958522, 24.795211], [120.958111, 24.795525], [120.958326, 24.795713], [120.957893, 24.794737], [120.95772, 24.794724], [120.957745, 24.794417], [120.957946, 24.794354], [120.957988, 24.794496], [120.957521, 24.793408], [120.956997, 24.792777], [120.956257, 24.793049], [120.956234, 24.792868], [120.956897, 24.792656], [120.956624, 24.79246], [120.956537, 24.792154], [120.956141, 24.792285], [120.956242, 24.79243], [120.956426, 24.792348], [120.9565, 24.792496], [120.956151, 24.792603], [120.956127, 24.792475], [120.956204, 24.792448], [120.956327, 24.792709], [120.956593, 24.792606], [120.956212, 24.792756], [120.955966, 24.791945], [120.956138, 24.791875], [120.95595, 24.791666], [120.956088, 24.7913], [120.956172, 24.791283], [120.95608, 24.791229], [120.95659, 24.791086], [120.956357, 24.790823], [120.956398, 24.790693], [120.956627, 24.790509], [120.956388, 24.790509], [120.956391, 24.790594], [120.956246, 24.790558], [120.956224, 24.790614], [120.955916, 24.79056], [120.955923, 24.790652], [120.955476, 24.790888], [120.955551, 24.790764], [120.955752, 24.790836], [120.955984, 24.790755], [120.955809, 24.790584], [120.956388, 24.790394], [120.955681, 24.791018], [120.955624, 24.791281], [120.955413, 24.791245], [120.955333, 24.79088], [120.955182, 24.790885], [120.955202, 24.79079], [120.954475, 24.790673], [120.954379, 24.790465], [120.954254, 24.790462], [120.954095, 24.790232], [120.954144, 24.790149], [120.953866, 24.790136], [120.953826, 24.78983], [120.953524, 24.79036], [120.953655, 24.790713], [120.953876, 24.790688], [120.95401, 24.790924], [120.954305, 24.790916], [120.954261, 24.790517], [120.954523, 24.790192], [120.954512, 24.789713], [120.954795, 24.789938], [120.954768, 24.790054], [120.954627, 24.790091], [120.954617, 24.790033], [120.954433, 24.790732], [120.954491, 24.79075], [120.954377, 24.791724], [120.954108, 24.791737], [120.953921, 24.791997], [120.953487, 24.792194], [120.953608, 24.792333], [120.95355, 24.792388], [120.953619, 24.792411], [120.953605, 24.792516], [120.953832, 24.79244], [120.953751, 24.792375], [120.953823, 24.792556], [120.953725, 24.7926], [120.953481, 24.792424], [120.953487, 24.792348], [120.953375, 24.792427], [120.9534, 24.792222], [120.953309, 24.792199], [120.953484, 24.792005], [120.953639, 24.791981], [120.953628, 24.791761], [120.953581, 24.791675], [120.953513, 24.791853], [120.953418, 24.791536], [120.953496, 24.79156], [120.953592, 24.791394], [120.953648, 24.791469], [120.953275, 24.791267], [120.953306, 24.791437], [120.95318, 24.791484], [120.953323, 24.791595], [120.953186, 24.791611], [120.953285, 24.792091], [120.953201, 24.792153], [120.953232, 24.792351], [120.953366, 24.792529], [120.953268, 24.793025], [120.953389, 24.793096], [120.952944, 24.793141], [120.953009, 24.793307], [120.953177, 24.793146], [120.953042, 24.793003], [120.952715, 24.793343], [120.95273, 24.793467], [120.952592, 24.793604], [120.952433, 24.793413], [120.952121, 24.793311], [120.95205, 24.793167], [120.951998, 24.793204], [120.951804, 24.792899], [120.951811, 24.792734], [120.951692, 24.792726], [120.951684, 24.792898], [120.951563, 24.792791], [120.951388, 24.792781], [120.952705, 24.793729], [120.9532, 24.794181], [120.953423, 24.79392], [120.954224, 24.794205], [120.954392, 24.794118], [120.954803, 24.794312], [120.95513, 24.794369], [120.955319, 24.794527], [120.955426, 24.794437], [120.955006, 24.794049], [120.955174, 24.793951], [120.955108, 24.793838], [120.954852, 24.793937], [120.954837, 24.79379], [120.954593, 24.793945], [120.954523, 24.793693], [120.954679, 24.793538], [120.95424, 24.793225], [120.954055, 24.793236], [120.95398, 24.79336], [120.953891, 24.793357], [120.9539, 24.793439], [120.953816, 24.793436], [120.953863, 24.793573], [120.953764, 24.793312], [120.954008, 24.792973], [120.954256, 24.792959], [120.95438, 24.793134], [120.95416, 24.793075], [120.954415, 24.793014], [120.954324, 24.7927], [120.954132, 24.792728], [120.954296, 24.792595], [120.954319, 24.792466], [120.954037, 24.792264], [120.954228, 24.792107], [120.953826, 24.791835], [120.953381, 24.791968], [120.95318, 24.791864], [120.953072, 24.791912], [120.952942, 24.791477], [120.953077, 24.791382], [120.952866, 24.791319], [120.952755, 24.791374], [120.952699, 24.791116], [120.952825, 24.791073], [120.952912, 24.791152], [120.953205, 24.790949], [120.954326, 24.789036], [120.954059, 24.788981], [120.954043, 24.788859], [120.953849, 24.78881], [120.954603, 24.788936], [120.954895, 24.788797], [120.955152, 24.787527], [120.954831, 24.787537], [120.955386, 24.787387], [120.95428, 24.787063], [120.954246, 24.787163], [120.954265, 24.786947], [120.957044, 24.785668], [120.957177, 24.785762], [120.958311, 24.78354], [120.959951, 24.786471], [120.96043, 24.790718], [120.961024, 24.791078], [120.960901, 24.791518], [120.960693, 24.791898], [120.960482, 24.791991]]}}, {"type": "Feature", "properties": {"district": "1001802", "segment": 8, "total_segments": 30, "km": 9.68, "villages": ["曲溪里", "中雅里"]}, "geometry": {"type": "LineString", "coordinates": [[120.958771, 24.791201], [120.958054, 24.792428], [120.956598, 24.791947], [120.956534, 24.791732], [120.956609, 24.791626], [120.956512, 24.79158], [120.95646, 24.79139], [120.955838, 24.791357], [120.955726, 24.792005], [120.954458, 24.792729], [120.955317, 24.793332], [120.955284, 24.793427], [120.955388, 24.793705], [120.955322, 24.793836], [120.95544, 24.793861], [120.955503, 24.794059], [120.955717, 24.794034], [120.955611, 24.793744], [120.955899, 24.793613], [120.95563, 24.793455], [120.956169, 24.793662], [120.956295, 24.793947], [120.956367, 24.793934], [120.956408, 24.794047], [120.956266, 24.794227], [120.956448, 24.794227], [120.956477, 24.794353], [120.956382, 24.794502], [120.95631, 24.794453], [120.956251, 24.794922], [120.955892, 24.794944], [120.955589, 24.794795], [120.955378, 24.795151], [120.955618, 24.795275], [120.955771, 24.795503], [120.955848, 24.795777], [120.955809, 24.796151], [120.955458, 24.796024], [120.9555, 24.795866], [120.955414, 24.795766], [120.955474, 24.795699], [120.955363, 24.795564], [120.955445, 24.795515], [120.955548, 24.795628], [120.95565, 24.795537], [120.955691, 24.795897], [120.955323, 24.795649], [120.954969, 24.796013], [120.954837, 24.795838], [120.955415, 24.795483], [120.954944, 24.795287], [120.955128, 24.794777], [120.953933, 24.794385], [120.953759, 24.794537], [120.953798, 24.794591], [120.953556, 24.794278], [120.953591, 24.793857], [120.954044, 24.793796], [120.953985, 24.79394], [120.954197, 24.794021], [120.954252, 24.793913], [120.95432, 24.793983], [120.953816, 24.793916], [120.9542, 24.794784], [120.954452, 24.794765], [120.954772, 24.794864], [120.954559, 24.795308], [120.954711, 24.795374], [120.954673, 24.795435], [120.954769, 24.79551], [120.954902, 24.795385], [120.954767, 24.795241], [120.954936, 24.794961], [120.954477, 24.794918], [120.954578, 24.795049], [120.95449, 24.795137], [120.954322, 24.794953], [120.954232, 24.795128], [120.955135, 24.796273], [120.956364, 24.795201], [120.956715, 24.794693], [120.95578, 24.794409], [120.955624, 24.794192], [120.955483, 24.794235], [120.955465, 24.794142], [120.955849, 24.793986], [120.955163, 24.793816], [120.95488, 24.794011], [120.954946, 24.794509], [120.956654, 24.793623], [120.963105, 24.791708], [120.96319, 24.791669], [120.963092, 24.791124], [120.963817, 24.791245], [120.963788, 24.791465], [120.963924, 24.791503], [120.955249, 24.801783], [120.954747, 24.801913], [120.954562, 24.801706], [120.954371, 24.801187], [120.954076, 24.801351], [120.954357, 24.80212], [120.954024, 24.801993], [120.953967, 24.801836], [120.953884, 24.801868], [120.953947, 24.802018], [120.953841, 24.801757], [120.953934, 24.801758], [120.953889, 24.801627], [120.953807, 24.801656], [120.953689, 24.801345], [120.953773, 24.801333], [120.953846, 24.801522], [120.953764, 24.801275], [120.953997, 24.801187], [120.954044, 24.801315], [120.95342, 24.801436], [120.953539, 24.801748], [120.953445, 24.801759], [120.953329, 24.801454], [120.953182, 24.801518], [120.953377, 24.802049], [120.953636, 24.801985], [120.953576, 24.801845], [120.95351, 24.801916], [120.95367, 24.802069], [120.953405, 24.802722], [120.953784, 24.803781], [120.953836, 24.804146], [120.953457, 24.804243], [120.952836, 24.802683], [120.952162, 24.802209], [120.952104, 24.802065], [120.952183, 24.80182], [120.952342, 24.801777], [120.952397, 24.801922], [120.954383, 24.802772], [120.954515, 24.802585], [120.954671, 24.802948], [120.954954, 24.802732], [120.954802, 24.802136], [120.955115, 24.802182], [120.955192, 24.802113], [120.95528, 24.80224], [120.955216, 24.802246], [120.955276, 24.8023], [120.955242, 24.802444], [120.95544, 24.802669], [120.955904, 24.802519], [120.955586, 24.802521], [120.955711, 24.802831], [120.955968, 24.802804], [120.955562, 24.802807], [120.955547, 24.802922], [120.955332, 24.80297], [120.955153, 24.803154], [120.955224, 24.803333], [120.955527, 24.803246], [120.9556, 24.803421], [120.955819, 24.803375], [120.955967, 24.803799], [120.955596, 24.803938], [120.955513, 24.803939], [120.955453, 24.803805], [120.955395, 24.803866], [120.955385, 24.803623], [120.95531, 24.803659], [120.955266, 24.803552], [120.955963, 24.80336], [120.956127, 24.803797], [120.956245, 24.803805], [120.956062, 24.803331], [120.955949, 24.803312], [120.956253, 24.803246], [120.956643, 24.804297], [120.956451, 24.804356], [120.956295, 24.803933], [120.956208, 24.804002], [120.956349, 24.804403], [120.956183, 24.804387], [120.956036, 24.804043], [120.955916, 24.804026], [120.955649, 24.804103], [120.955695, 24.804434], [120.955749, 24.804544], [120.955857, 24.804565], [120.956071, 24.804446], [120.955615, 24.804472], [120.955047, 24.803], [120.955503, 24.802141], [120.955357, 24.801953], [120.955089, 24.802035]]}}, {"type": "Feature", "properties": {"district": "1001802", "segment": 9, "total_segments": 30, "km": 14.95, "villages": ["客雅里", "南勢里"]}, "geometry": {"type": "LineString", "coordinates": [[120.955093, 24.80225], [120.955518, 24.802547], [120.955732, 24.803147], [120.955593, 24.803228], [120.955582, 24.803384], [120.955388, 24.803429], [120.956178, 24.803187], [120.955392, 24.804968], [120.955722, 24.805849], [120.95516, 24.805685], [120.955173, 24.805534], [120.95508, 24.80553], [120.955175, 24.805447], [120.955322, 24.805542], [120.954997, 24.805653], [120.954908, 24.805532], [120.954598, 24.805594], [120.954231, 24.805848], [120.954091, 24.805769], [120.953891, 24.80579], [120.953866, 24.805717], [120.953711, 24.80586], [120.952997, 24.80605], [120.953049, 24.806135], [120.952577, 24.806271], [120.952555, 24.806147], [120.95268, 24.806108], [120.952648, 24.805996], [120.952519, 24.806029], [120.952456, 24.805872], [120.953064, 24.805685], [120.953074, 24.805836], [120.95275, 24.805951], [120.952808, 24.806107], [120.953096, 24.806125], [120.953796, 24.80594], [120.954034, 24.805947], [120.954041, 24.80612], [120.95434, 24.806038], [120.954327, 24.806257], [120.953979, 24.806453], [120.953476, 24.806562], [120.95344, 24.806384], [120.953909, 24.80625], [120.953999, 24.806532], [120.95363, 24.806674], [120.953733, 24.805689], [120.953644, 24.805502], [120.953333, 24.805594], [120.953445, 24.805343], [120.953634, 24.805298], [120.953536, 24.805142], [120.951733, 24.805159], [120.951808, 24.804878], [120.952408, 24.804858], [120.952418, 24.804529], [120.952249, 24.804259], [120.952168, 24.804245], [120.952113, 24.804059], [120.95221, 24.804006], [120.951811, 24.803215], [120.951728, 24.803247], [120.951721, 24.803346], [120.952055, 24.80395], [120.951721, 24.804129], [120.95176, 24.804209], [120.951489, 24.804341], [120.951483, 24.804244], [120.951395, 24.804285], [120.951257, 24.804103], [120.951492, 24.804043], [120.951586, 24.804181], [120.951814, 24.804203], [120.951933, 24.804129], [120.952285, 24.804119], [120.95239, 24.804302], [120.952588, 24.804198], [120.952658, 24.804303], [120.952455, 24.804392], [120.952552, 24.804551], [120.952833, 24.804386], [120.952833, 24.804288], [120.952969, 24.804286], [120.952967, 24.804876], [120.953565, 24.804944], [120.953613, 24.804853], [120.953397, 24.804696], [120.953357, 24.804637], [120.953427, 24.804601], [120.953474, 24.804662], [120.953379, 24.804526], [120.953307, 24.804567], [120.953208, 24.804442], [120.953304, 24.804375], [120.953338, 24.804452], [120.952962, 24.804101], [120.952935, 24.803856], [120.952795, 24.803796], [120.952812, 24.803907], [120.952891, 24.803698], [120.952841, 24.803559], [120.952708, 24.803591], [120.952365, 24.803046], [120.952515, 24.803], [120.952644, 24.803257], [120.952377, 24.803528], [120.95219, 24.803521], [120.952579, 24.80406], [120.952549, 24.803808], [120.95242, 24.803596], [120.952179, 24.803285], [120.952025, 24.803328], [120.951911, 24.803084], [120.95217, 24.8031], [120.952049, 24.803145], [120.952239, 24.803225], [120.951782, 24.803123], [120.951595, 24.802659], [120.951493, 24.802686], [120.951696, 24.803142], [120.951204, 24.803301], [120.951227, 24.8034], [120.951561, 24.803301], [120.951429, 24.803083], [120.951491, 24.803016], [120.950805, 24.803191], [120.950843, 24.803252], [120.951049, 24.803195], [120.951098, 24.803371], [120.950905, 24.803423], [120.950917, 24.803509], [120.951129, 24.803442], [120.951264, 24.803533], [120.951284, 24.803594], [120.950986, 24.80366], [120.951016, 24.80375], [120.95121, 24.803688], [120.951441, 24.80376], [120.951425, 24.80368], [120.951622, 24.803626], [120.951565, 24.803718], [120.951625, 24.803911], [120.951097, 24.80399], [120.95107, 24.803906], [120.951265, 24.803855], [120.951692, 24.804628], [120.952168, 24.80454], [120.9521, 24.804432], [120.951939, 24.804497], [120.952226, 24.805296], [120.952348, 24.80593], [120.952773, 24.804871], [120.953769, 24.805144], [120.954063, 24.805406], [120.954409, 24.805284], [120.954034, 24.80555], [120.9553, 24.804959], [120.952739, 24.802855], [120.952554, 24.802607], [120.952501, 24.802469], [120.952666, 24.802426], [120.952708, 24.802543], [120.952912, 24.801913], [120.952873, 24.801775], [120.952716, 24.801817], [120.952661, 24.801679], [120.95281, 24.801617], [120.952232, 24.801953], [120.952342, 24.802244], [120.951798, 24.802192], [120.951417, 24.802276], [120.951298, 24.80213], [120.951057, 24.802205], [120.951169, 24.802423], [120.950934, 24.802531], [120.950955, 24.802624], [120.951206, 24.802551], [120.951326, 24.80273], [120.951109, 24.802814], [120.951143, 24.802868], [120.951302, 24.802825], [120.950767, 24.802886], [120.9508, 24.802968], [120.950942, 24.802924], [120.950843, 24.802693], [120.950718, 24.802728], [120.950883, 24.802374], [120.950743, 24.802284], [120.950719, 24.802042], [120.95091, 24.801993], [120.951773, 24.802708], [120.951847, 24.80265], [120.951828, 24.802838], [120.951967, 24.802812], [120.950293, 24.802394], [120.950001, 24.802151], [120.950161, 24.802079], [120.950308, 24.8022], [120.950281, 24.802052], [120.953791, 24.801619], [120.953853, 24.801555], [120.950496, 24.803457], [120.950556, 24.803595], [120.950397, 24.803622], [120.950374, 24.803723], [120.950415, 24.803839], [120.950633, 24.80399], [120.950524, 24.804232], [120.950629, 24.804354], [120.950586, 24.804429], [120.95016, 24.804231], [120.949776, 24.803881], [120.949904, 24.803914], [120.949976, 24.803839], [120.950286, 24.804129], [120.950325, 24.804061], [120.950236, 24.803861], [120.949837, 24.803606], [120.94976, 24.803641], [120.949805, 24.803685], [120.9498, 24.80352], [120.949559, 24.803331], [120.949369, 24.803285], [120.949295, 24.802783], [120.949164, 24.80274], [120.949108, 24.802589], [120.949271, 24.802614], [120.949147, 24.802483], [120.948672, 24.802392], [120.948712, 24.801935], [120.949094, 24.802043], [120.949209, 24.801898], [120.94929, 24.801909], [120.949308, 24.802293], [120.948819, 24.802306], [120.948841, 24.802226], [120.948529, 24.802207], [120.948598, 24.801774], [120.948928, 24.801821], [120.948519, 24.802251], [120.948514, 24.802399], [120.948414, 24.802346], [120.948414, 24.802249], [120.94823, 24.802235], [120.948227, 24.802339], [120.948259, 24.802148], [120.947991, 24.8022], [120.94786, 24.801918], [120.947514, 24.801928], [120.947402, 24.801614], [120.947304, 24.80164], [120.947422, 24.801951], [120.946838, 24.802298], [120.947105, 24.802694], [120.947123, 24.802975], [120.947039, 24.802953], [120.947011, 24.802742], [120.946844, 24.802478], [120.946751, 24.802555], [120.946788, 24.802942], [120.946721, 24.802941], [120.946693, 24.802722], [120.946472, 24.802718], [120.946151, 24.802562], [120.946461, 24.802159], [120.946385, 24.802137], [120.946092, 24.802468], [120.945987, 24.802412], [120.945977, 24.802544], [120.945865, 24.802482], [120.945897, 24.802292], [120.945951, 24.802252], [120.945874, 24.802673], [120.94575, 24.802882], [120.945562, 24.802895], [120.945571, 24.803034], [120.945305, 24.803031], [120.945468, 24.803799], [120.94574, 24.803787], [120.945671, 24.803038], [120.946711, 24.803018], [120.946601, 24.803139], [120.946749, 24.803221], [120.947159, 24.803824], [120.94804, 24.803446], [120.948098, 24.803543], [120.947942, 24.803585], [120.947886, 24.803783], [120.948208, 24.803776], [120.948239, 24.803858], [120.947957, 24.8039], [120.947946, 24.804063], [120.947861, 24.804044], [120.947785, 24.803741], [120.947474, 24.804247], [120.947533, 24.804371], [120.947481, 24.8045], [120.947504, 24.804602], [120.9479, 24.804652], [120.948083, 24.804817], [120.948215, 24.80473], [120.948396, 24.80488], [120.948462, 24.804824], [120.948106, 24.80451], [120.948041, 24.804583], [120.948163, 24.804683], [120.947834, 24.804529], [120.947816, 24.804424], [120.947688, 24.804437], [120.948149, 24.80432], [120.948534, 24.804719], [120.948772, 24.80481], [120.948792, 24.80454], [120.948996, 24.804342], [120.948879, 24.80418], [120.948973, 24.80411], [120.948819, 24.803967], [120.948738, 24.804016], [120.94875, 24.803891], [120.948603, 24.803878], [120.948233, 24.803507], [120.948158, 24.803535], [120.94815, 24.803361], [120.948223, 24.80331], [120.94803, 24.803206], [120.948213, 24.80283], [120.948365, 24.802985], [120.94843, 24.803242], [120.948618, 24.803367], [120.94853, 24.803476], [120.948692, 24.803576], [120.948633, 24.803675], [120.948926, 24.803818], [120.948977, 24.803726], [120.948875, 24.803675], [120.948891, 24.803587], [120.949443, 24.803642], [120.94918, 24.803828], [120.949271, 24.803865], [120.949305, 24.803812], [120.949076, 24.803788], [120.949026, 24.803879], [120.949106, 24.803985], [120.94948, 24.804129], [120.949468, 24.803972], [120.949743, 24.804143], [120.949839, 24.804357], [120.949962, 24.804398], [120.949994, 24.804287], [120.949926, 24.804258], [120.950228, 24.804441], [120.950343, 24.804429], [120.950547, 24.804753], [120.950583, 24.804641], [120.950722, 24.804609], [120.950754, 24.804473], [120.950665, 24.804482], [120.950843, 24.804964], [120.950006, 24.80497], [120.949947, 24.805163], [120.950125, 24.805293], [120.950211, 24.805517], [120.949994, 24.805925], [120.950234, 24.806062], [120.950288, 24.806019], [120.950391, 24.806189], [120.950296, 24.806198], [120.950416, 24.806304], [120.950505, 24.806222], [120.950635, 24.806321], [120.950861, 24.806231], [120.951006, 24.806319], [120.951733, 24.806096], [120.951925, 24.806295], [120.951546, 24.806474], [120.951502, 24.80636], [120.951586, 24.806325], [120.951684, 24.806608], [120.951361, 24.806703], [120.951231, 24.806421], [120.951134, 24.806418], [120.951157, 24.806491], [120.950791, 24.806637], [120.950887, 24.806829], [120.950591, 24.806845], [120.950525, 24.806705], [120.950504, 24.806817], [120.95039, 24.80657], [120.950115, 24.806657], [120.950083, 24.806581], [120.949896, 24.806628], [120.949658, 24.80645], [120.949726, 24.806622], [120.94944, 24.806484], [120.949511, 24.806346], [120.949298, 24.806248], [120.949415, 24.80608], [120.949315, 24.805986], [120.949757, 24.805974], [120.949911, 24.805811], [120.949896, 24.805694], [120.949975, 24.80568], [120.950309, 24.805767], [120.950372, 24.805887], [120.950274, 24.805836], [120.950619, 24.805787], [120.950636, 24.805864], [120.950776, 24.805693], [120.950566, 24.805491], [120.950496, 24.80554], [120.950595, 24.805696], [120.951047, 24.806116], [120.951467, 24.80601], [120.951372, 24.805696], [120.950879, 24.80533], [120.950817, 24.805156], [120.950235, 24.805158], [120.950346, 24.805448], [120.95027, 24.805502], [120.95046, 24.805399], [120.949862, 24.805449], [120.949824, 24.805168], [120.948999, 24.805165], [120.948917, 24.805256], [120.949096, 24.805601], [120.948959, 24.805639], [120.949091, 24.805889], [120.949231, 24.805776], [120.949197, 24.805713], [120.949545, 24.805569], [120.949498, 24.805423], [120.949383, 24.805378], [120.949282, 24.805404], [120.949707, 24.805521], [120.949973, 24.806003], [120.949863, 24.806116], [120.950183, 24.80611], [120.950271, 24.806476], [120.950489, 24.806531], [120.95051, 24.806403], [120.950456, 24.806427], [120.950586, 24.80636], [120.950665, 24.806441], [120.950931, 24.806377], [120.950649, 24.806526], [120.951165, 24.806667], [120.951041, 24.805936], [120.950939, 24.805795], [120.951155, 24.805749], [120.951622, 24.805449], [120.951973, 24.80584], [120.952407, 24.805694], [120.952404, 24.805618], [120.952507, 24.805662], [120.953073, 24.805485], [120.952838, 24.805329], [120.952418, 24.805483], [120.952387, 24.805408], [120.952622, 24.805326], [120.95234, 24.805421], [120.952187, 24.805964], [120.95211, 24.805998]]}}, {"type": "Feature", "properties": {"district": "1001802", "segment": 10, "total_segments": 30, "km": 15.0, "villages": ["南勢里", "大鵬里", "新雅里"]}, "geometry": {"type": "LineString", "coordinates": [[120.951425, 24.805174], [120.95132, 24.805162], [120.951321, 24.804922], [120.951485, 24.804922], [120.951274, 24.804922], [120.950386, 24.804224], [120.95043, 24.804162], [120.950224, 24.803629], [120.95006, 24.803651], [120.950192, 24.803446], [120.950278, 24.803478], [120.95025, 24.803533], [120.950366, 24.803367], [120.950453, 24.803425], [120.949796, 24.802955], [120.949664, 24.803057], [120.94945, 24.80301], [120.95015, 24.803348], [120.950056, 24.803375], [120.949761, 24.803205], [120.949466, 24.80341], [120.949313, 24.803392], [120.949176, 24.803252], [120.949129, 24.80336], [120.948639, 24.803259], [120.948701, 24.803177], [120.948601, 24.802846], [120.948665, 24.802524], [120.948379, 24.802491], [120.948502, 24.802652], [120.94862, 24.802674], [120.94879, 24.803091], [120.949035, 24.80324], [120.949104, 24.803129], [120.948356, 24.803394], [120.948292, 24.80323], [120.947859, 24.803315], [120.94769, 24.803205], [120.947076, 24.803551], [120.947184, 24.803719], [120.947273, 24.803662], [120.947052, 24.803505], [120.946867, 24.803169], [120.946948, 24.803062], [120.947365, 24.803112], [120.947436, 24.803039], [120.947397, 24.802689], [120.947366, 24.80284], [120.947504, 24.803193], [120.947293, 24.803322], [120.947174, 24.803167], [120.947089, 24.803222], [120.947187, 24.803379], [120.947034, 24.803142], [120.947227, 24.802626], [120.94744, 24.802565], [120.947365, 24.80249], [120.947218, 24.802536], [120.947157, 24.80242], [120.947405, 24.80212], [120.947443, 24.80246], [120.947222, 24.802259], [120.947027, 24.802361], [120.947109, 24.802454], [120.946759, 24.802084], [120.947187, 24.801783], [120.947204, 24.801547], [120.946874, 24.801645], [120.946785, 24.801765], [120.946937, 24.801859], [120.94688, 24.801797], [120.946652, 24.801968], [120.946723, 24.80211], [120.946555, 24.80203], [120.946439, 24.802069], [120.946505, 24.801975], [120.946434, 24.801888], [120.946409, 24.802102], [120.946621, 24.801937], [120.946558, 24.801857], [120.947569, 24.801591], [120.947737, 24.801613], [120.949798, 24.802655], [120.95013, 24.802971], [120.949521, 24.804367], [120.949417, 24.804484], [120.949286, 24.804363], [120.949176, 24.804461], [120.949319, 24.804589], [120.949589, 24.804619], [120.949733, 24.804756], [120.949729, 24.804972], [120.948891, 24.804991], [120.948631, 24.805353], [120.948784, 24.805469], [120.948871, 24.805981], [120.948789, 24.806071], [120.948973, 24.805983], [120.949202, 24.806308], [120.949248, 24.806281], [120.949273, 24.806479], [120.948824, 24.806263], [120.948648, 24.806793], [120.949051, 24.807362], [120.949279, 24.807169], [120.949523, 24.807385], [120.949605, 24.807319], [120.948906, 24.807823], [120.949646, 24.80713], [120.949592, 24.80707], [120.949704, 24.807156], [120.949782, 24.804972], [120.949597, 24.804404], [120.94901, 24.804447], [120.948902, 24.804705], [120.948588, 24.80423], [120.948695, 24.804151], [120.948554, 24.803995], [120.948465, 24.804034], [120.948547, 24.804236], [120.948345, 24.804281], [120.948285, 24.804214], [120.94839, 24.803898], [120.947969, 24.804146], [120.947389, 24.80413], [120.947141, 24.804324], [120.947256, 24.804542], [120.947457, 24.804604], [120.947159, 24.804777], [120.94712, 24.804659], [120.947189, 24.804643], [120.946838, 24.804798], [120.946604, 24.804799], [120.9466, 24.804878], [120.946511, 24.804894], [120.946454, 24.804487], [120.9469, 24.804494], [120.946827, 24.804442], [120.94697, 24.804445], [120.947081, 24.804255], [120.947015, 24.804148], [120.946988, 24.804218], [120.946947, 24.803905], [120.946792, 24.803884], [120.946693, 24.803921], [120.946738, 24.804035], [120.946184, 24.804101], [120.945951, 24.804412], [120.946176, 24.804535], [120.946264, 24.80498], [120.946669, 24.804973], [120.946615, 24.804716], [120.946554, 24.80456], [120.946265, 24.804331], [120.945973, 24.804216], [120.946132, 24.803871], [120.945929, 24.803766], [120.945992, 24.803702], [120.945855, 24.803692], [120.946041, 24.80344], [120.946248, 24.803515], [120.946461, 24.80382], [120.94631, 24.803961], [120.946174, 24.80389], [120.946725, 24.80375], [120.947035, 24.803861], [120.946287, 24.803252], [120.945842, 24.803137], [120.945814, 24.803229], [120.945912, 24.802888], [120.946028, 24.802919], [120.94557, 24.802601], [120.945426, 24.802724], [120.945603, 24.802556], [120.945525, 24.804277], [120.945638, 24.804371], [120.945681, 24.804606], [120.945855, 24.804611], [120.945959, 24.804855], [120.946015, 24.80482], [120.945984, 24.804661], [120.94604, 24.804984], [120.946221, 24.804982], [120.945815, 24.804988], [120.945671, 24.80474], [120.94532, 24.805004], [120.943939, 24.804998], [120.945507, 24.804626], [120.945478, 24.804434], [120.945651, 24.804957], [120.948545, 24.804973], [120.949116, 24.80422], [120.949006, 24.804141], [120.94754, 24.805243], [120.947087, 24.805247], [120.947098, 24.805416], [120.947546, 24.80541], [120.94754, 24.805533], [120.947074, 24.805533], [120.947074, 24.805721], [120.947525, 24.805717], [120.94754, 24.805833], [120.947275, 24.805838], [120.947069, 24.805833], [120.946873, 24.805486], [120.946791, 24.80546], [120.946719, 24.805233], [120.946656, 24.805234], [120.946817, 24.805177], [120.946437, 24.805181], [120.946262, 24.805269], [120.946145, 24.805186], [120.94579, 24.805279], [120.945316, 24.805202], [120.945205, 24.805292], [120.945023, 24.805207], [120.945012, 24.805482], [120.945102, 24.805667], [120.945029, 24.805861], [120.944832, 24.805206], [120.943307, 24.805188], [120.945268, 24.806147], [120.94575, 24.806165], [120.946102, 24.806481], [120.949586, 24.807511], [120.949788, 24.807505], [120.949875, 24.807379], [120.949821, 24.807311], [120.95021, 24.807611], [120.950625, 24.807399], [120.950038, 24.807697], [120.950217, 24.808099], [120.95013, 24.808177], [120.950437, 24.808783], [120.950516, 24.808746], [120.950279, 24.80822], [120.950046, 24.808089], [120.949891, 24.807633], [120.9498, 24.808128], [120.949945, 24.808369], [120.949919, 24.808666], [120.950081, 24.808618], [120.950189, 24.808834], [120.949771, 24.809169], [120.949914, 24.808933], [120.950473, 24.808874], [120.950537, 24.808794], [120.950695, 24.809106], [120.950596, 24.80914], [120.950663, 24.809306], [120.951018, 24.810009], [120.951111, 24.809988], [120.950756, 24.809225], [120.950519, 24.808973], [120.950368, 24.809367], [120.951169, 24.809828], [120.951133, 24.810021], [120.951301, 24.810378], [120.951215, 24.810421], [120.951528, 24.811033], [120.951675, 24.811018], [120.951056, 24.810094], [120.950927, 24.810195], [120.951073, 24.810554], [120.950884, 24.810692], [120.950835, 24.810578], [120.950894, 24.810535], [120.950691, 24.810282], [120.950757, 24.810245], [120.950798, 24.810307], [120.950798, 24.810516], [120.951515, 24.810099], [120.951373, 24.809898], [120.951619, 24.810245], [120.951794, 24.811143], [120.951689, 24.811183], [120.951753, 24.811304], [120.951855, 24.811425], [120.951916, 24.811298], [120.951865, 24.811236], [120.952018, 24.811202], [120.952258, 24.811397], [120.952113, 24.811552], [120.95302, 24.812414], [120.952941, 24.812494], [120.951987, 24.81156], [120.951464, 24.811906], [120.95144, 24.811835], [120.951355, 24.811884], [120.951399, 24.811949], [120.951276, 24.811949], [120.950504, 24.81266], [120.950565, 24.812707], [120.95096, 24.812405], [120.9507, 24.81284], [120.95065, 24.812882], [120.950498, 24.812763], [120.950386, 24.81291], [120.95043, 24.812704], [120.950279, 24.812597], [120.950076, 24.812208], [120.949819, 24.812356], [120.949526, 24.812295], [120.949385, 24.812371], [120.949481, 24.812468], [120.949668, 24.812436], [120.949311, 24.812571], [120.948962, 24.812413], [120.949177, 24.812355], [120.94864, 24.812326], [120.948405, 24.812219], [120.948316, 24.812215], [120.948257, 24.812313], [120.948497, 24.812305], [120.948593, 24.812388], [120.948688, 24.812128], [120.947879, 24.812169], [120.94773, 24.811647], [120.947834, 24.811567], [120.947583, 24.811459], [120.94738, 24.811563], [120.947328, 24.811499], [120.947361, 24.811683], [120.947444, 24.811705], [120.947282, 24.811299], [120.948392, 24.810819], [120.948743, 24.811101], [120.949298, 24.810582], [120.949521, 24.810864], [120.949564, 24.81188], [120.950684, 24.81291], [120.950637, 24.8131], [120.951207, 24.81324], [120.951396, 24.814472], [120.951498, 24.814408], [120.95141, 24.814023], [120.951239, 24.813926], [120.951108, 24.813935], [120.951217, 24.814488], [120.951065, 24.814474], [120.951005, 24.813996], [120.950241, 24.813905], [120.952102, 24.813654], [120.952869, 24.814035], [120.952785, 24.814094], [120.952331, 24.813861], [120.952275, 24.814035], [120.952714, 24.814306], [120.953355, 24.813616], [120.953164, 24.813521], [120.953178, 24.813601], [120.952211, 24.813151], [120.952285, 24.813043], [120.952405, 24.813097], [120.952176, 24.812993], [120.952327, 24.812725], [120.952691, 24.812775], [120.952609, 24.812903], [120.952395, 24.812927], [120.95208, 24.812814], [120.952355, 24.812409], [120.952655, 24.812397], [120.952674, 24.812614], [120.953011, 24.812549], [120.953719, 24.813182], [120.95387, 24.813179], [120.953118, 24.812499], [120.953239, 24.812336], [120.95312, 24.812282], [120.95282, 24.811865], [120.952979, 24.811763], [120.952781, 24.811579], [120.953018, 24.811698], [120.953147, 24.811917]]}}, {"type": "Feature", "properties": {"district": "1001802", "segment": 11, "total_segments": 30, "km": 15.0, "villages": ["新雅里", "磐石里"]}, "geometry": {"type": "LineString", "coordinates": [[120.953083, 24.811944], [120.953002, 24.811801], [120.95308, 24.81205], [120.954128, 24.811731], [120.954034, 24.811532], [120.954312, 24.811431], [120.954274, 24.811378], [120.953691, 24.811616], [120.953731, 24.811734], [120.953664, 24.811753], [120.953596, 24.811547], [120.95368, 24.811578], [120.953703, 24.811366], [120.953364, 24.811616], [120.953428, 24.811818], [120.953365, 24.811835], [120.953296, 24.811632], [120.953444, 24.8122], [120.95344, 24.812261], [120.953351, 24.812241], [120.95371, 24.812368], [120.954338, 24.812164], [120.954605, 24.811131], [120.954315, 24.811362], [120.954708, 24.810791], [120.954949, 24.809881], [120.95485, 24.809854], [120.954792, 24.809959], [120.954657, 24.809925], [120.954633, 24.809669], [120.953232, 24.80807], [120.9534, 24.807958], [120.954902, 24.809527], [120.954747, 24.80963], [120.953636, 24.808345], [120.953416, 24.80736], [120.953059, 24.807042], [120.953369, 24.806886], [120.953312, 24.806809], [120.952976, 24.806965], [120.952836, 24.806754], [120.953221, 24.806545], [120.95304, 24.806494], [120.952695, 24.806605], [120.953356, 24.806788], [120.953482, 24.806734], [120.953465, 24.807014], [120.953322, 24.807063], [120.953272, 24.80707], [120.953462, 24.806672], [120.954316, 24.806844], [120.954577, 24.806783], [120.954386, 24.806446], [120.954477, 24.806388], [120.954691, 24.806745], [120.955634, 24.806436], [120.95538, 24.806117], [120.95549, 24.806097], [120.955714, 24.806369], [120.955858, 24.806357], [120.955818, 24.806058], [120.955855, 24.806402], [120.955312, 24.806002], [120.955065, 24.806054], [120.955034, 24.805908], [120.954869, 24.805958], [120.954911, 24.806099], [120.954845, 24.805901], [120.954403, 24.806261], [120.955614, 24.807262], [120.955386, 24.808316], [120.955358, 24.808397], [120.954932, 24.808075], [120.954911, 24.809003], [120.955067, 24.809209], [120.955146, 24.8092], [120.95497, 24.809787], [120.954777, 24.809664], [120.954508, 24.809862], [120.954698, 24.81009], [120.95458, 24.810151], [120.954188, 24.809697], [120.954299, 24.809612], [120.954435, 24.809771], [120.954646, 24.8103], [120.953769, 24.812054], [120.95351, 24.812212], [120.953468, 24.812409], [120.953674, 24.812457], [120.954034, 24.812331], [120.954277, 24.812364], [120.954107, 24.81277], [120.954172, 24.812791], [120.954094, 24.812868], [120.954113, 24.813017], [120.953925, 24.813078], [120.953999, 24.813245], [120.953902, 24.813323], [120.953954, 24.813378], [120.953721, 24.813385], [120.953709, 24.813553], [120.953576, 24.81373], [120.953648, 24.813308], [120.953098, 24.813484], [120.952848, 24.813361], [120.952646, 24.813582], [120.95307, 24.813795], [120.953019, 24.813871], [120.952106, 24.813405], [120.952157, 24.813337], [120.952573, 24.813548], [120.952229, 24.814028], [120.952338, 24.814375], [120.953897, 24.812848], [120.953847, 24.812782], [120.954052, 24.812635], [120.95403, 24.812582], [120.954149, 24.812546], [120.953764, 24.812664], [120.953383, 24.812399], [120.954432, 24.812977], [120.954322, 24.813322], [120.954307, 24.812258], [120.951681, 24.812316], [120.951726, 24.811624], [120.951566, 24.811369], [120.949222, 24.809852], [120.948992, 24.809768], [120.949583, 24.808444], [120.945139, 24.812476], [120.94489, 24.812977], [120.944709, 24.812898], [120.945241, 24.813128], [120.945018, 24.813972], [120.945423, 24.814222], [120.945358, 24.814295], [120.945431, 24.814353], [120.945691, 24.814108], [120.945636, 24.814065], [120.945761, 24.814253], [120.945419, 24.814611], [120.945056, 24.814238], [120.945213, 24.814185], [120.945322, 24.814265], [120.945244, 24.814564], [120.945038, 24.814597], [120.945086, 24.81454], [120.945701, 24.814558], [120.943517, 24.814353], [120.943546, 24.8142], [120.943661, 24.814186], [120.943389, 24.814224], [120.94347, 24.814505], [120.943572, 24.812329], [120.943964, 24.812081], [120.9441, 24.812217], [120.94388, 24.811893], [120.943972, 24.811671], [120.943886, 24.811613], [120.954519, 24.812903], [120.954672, 24.812841], [120.954771, 24.812919], [120.954905, 24.812833], [120.955013, 24.812922], [120.954972, 24.812975], [120.955656, 24.813302], [120.955732, 24.813144], [120.95531, 24.812903], [120.955442, 24.812823], [120.955632, 24.812973], [120.95575, 24.81297], [120.955776, 24.812834], [120.955586, 24.812702], [120.955927, 24.812516], [120.956363, 24.813091], [120.956345, 24.813185], [120.956237, 24.813292], [120.955899, 24.813048], [120.956081, 24.81293], [120.955894, 24.812697], [120.95592, 24.812909], [120.956199, 24.813115], [120.956357, 24.813428], [120.956515, 24.813249], [120.956612, 24.813332], [120.956457, 24.813594], [120.95586, 24.813273], [120.955911, 24.813447], [120.956932, 24.814036], [120.956958, 24.813843], [120.956577, 24.813667], [120.956747, 24.813474], [120.957034, 24.813698], [120.956754, 24.813149], [120.956364, 24.812792], [120.956116, 24.812426], [120.956347, 24.812282], [120.956528, 24.812532], [120.956436, 24.812584], [120.956514, 24.812689], [120.956767, 24.812565], [120.956871, 24.812698], [120.957591, 24.812066], [120.956806, 24.811452], [120.95668, 24.811433], [120.956737, 24.811648], [120.956171, 24.811896], [120.956339, 24.812085], [120.956163, 24.812184], [120.955759, 24.811835], [120.955684, 24.811886], [120.956422, 24.811475], [120.95627, 24.811318], [120.954794, 24.812149], [120.954807, 24.812416], [120.954996, 24.812567], [120.955176, 24.812362], [120.955597, 24.812294], [120.955474, 24.81226], [120.955411, 24.812101], [120.955567, 24.812076], [120.956057, 24.812229], [120.956393, 24.812524], [120.95666, 24.81243], [120.956731, 24.812535], [120.957277, 24.812073], [120.957181, 24.811983], [120.956803, 24.812328], [120.956668, 24.812208], [120.957044, 24.811852], [120.956902, 24.811797], [120.9566, 24.812095], [120.956409, 24.81193], [120.956567, 24.812305], [120.957339, 24.812651], [120.957728, 24.812168], [120.95877, 24.812956], [120.958567, 24.813241], [120.958233, 24.812996], [120.958236, 24.812876], [120.958132, 24.812931], [120.957603, 24.812501], [120.957759, 24.812408], [120.958088, 24.812658], [120.957866, 24.812896], [120.957827, 24.81313], [120.957898, 24.813201], [120.958626, 24.812412], [120.957217, 24.811352], [120.957148, 24.811113], [120.957011, 24.811144], [120.957466, 24.811076], [120.957986, 24.810647], [120.95817, 24.810821], [120.957826, 24.811105], [120.957894, 24.811176], [120.958209, 24.810944], [120.958352, 24.810951], [120.958481, 24.811118], [120.958436, 24.811185], [120.958792, 24.811589], [120.958867, 24.811479], [120.958545, 24.811177], [120.958283, 24.811049], [120.958157, 24.811164], [120.958386, 24.8114], [120.958319, 24.811438], [120.958046, 24.811209], [120.957762, 24.811521], [120.957887, 24.811544], [120.958008, 24.811435], [120.958137, 24.811584], [120.958017, 24.811688], [120.958143, 24.811746], [120.958459, 24.811491], [120.958331, 24.811487], [120.958545, 24.811587], [120.958498, 24.81168], [120.958568, 24.811749], [120.958634, 24.81169], [120.958649, 24.811871], [120.958729, 24.811941], [120.95857, 24.812139], [120.958503, 24.812085], [120.958592, 24.811992], [120.958454, 24.81185], [120.958353, 24.81198], [120.958272, 24.811911], [120.958386, 24.811786], [120.958116, 24.81181], [120.95788, 24.811625], [120.958856, 24.811715], [120.959454, 24.811293], [120.959441, 24.811136], [120.959692, 24.811344], [120.959784, 24.811266], [120.95944, 24.811014], [120.959465, 24.810772], [120.959361, 24.810758], [120.959387, 24.810552], [120.959475, 24.810502], [120.959078, 24.810031], [120.959026, 24.810081], [120.959119, 24.810375], [120.958878, 24.810511], [120.958942, 24.810691], [120.959205, 24.810647], [120.959355, 24.8108], [120.959317, 24.811161], [120.959156, 24.811288], [120.958793, 24.81091], [120.958806, 24.811042], [120.958672, 24.811042], [120.958495, 24.810864], [120.958558, 24.810808], [120.958638, 24.810878], [120.958731, 24.810777], [120.958595, 24.810601], [120.958414, 24.810616], [120.958422, 24.810464], [120.95876, 24.810219]]}}, {"type": "Feature", "properties": {"district": "1001802", "segment": 12, "total_segments": 30, "km": 14.94, "villages": ["磐石里", "文雅里"]}, "geometry": {"type": "LineString", "coordinates": [[120.958217, 24.810242], [120.957851, 24.810446], [120.957769, 24.810313], [120.957803, 24.810181], [120.957042, 24.808943], [120.956992, 24.809084], [120.956902, 24.809036], [120.956787, 24.809121], [120.956885, 24.809264], [120.957046, 24.809167], [120.957678, 24.810161], [120.957952, 24.809981], [120.958036, 24.809917], [120.957927, 24.809697], [120.957743, 24.809842], [120.957853, 24.809604], [120.957213, 24.80881], [120.957054, 24.809389], [120.956603, 24.809555], [120.956688, 24.809676], [120.956896, 24.809575], [120.956942, 24.809661], [120.956627, 24.809882], [120.956457, 24.809631], [120.95646, 24.809448], [120.956614, 24.809354], [120.956242, 24.809301], [120.955735, 24.808669], [120.955648, 24.808724], [120.9556, 24.808921], [120.956092, 24.80945], [120.955964, 24.809529], [120.955546, 24.809105], [120.955426, 24.809317], [120.955412, 24.809539], [120.95563, 24.809831], [120.955734, 24.809631], [120.955657, 24.809577], [120.956012, 24.809573], [120.955597, 24.809357], [120.955312, 24.809982], [120.955419, 24.810104], [120.955222, 24.81006], [120.954731, 24.81185], [120.956049, 24.811255], [120.955802, 24.811232], [120.955757, 24.811159], [120.955887, 24.811071], [120.955734, 24.810975], [120.955557, 24.811091], [120.955669, 24.811258], [120.955143, 24.811506], [120.955156, 24.81123], [120.955506, 24.811023], [120.955456, 24.810926], [120.955268, 24.811045], [120.955456, 24.810823], [120.955226, 24.81061], [120.955268, 24.8105], [120.955544, 24.810781], [120.955839, 24.810555], [120.956357, 24.811268], [120.956439, 24.811228], [120.955702, 24.810413], [120.955494, 24.810305], [120.957214, 24.810203], [120.957609, 24.810524], [120.958257, 24.810504], [120.958193, 24.810662], [120.959097, 24.811355], [120.958904, 24.811507], [120.959136, 24.811807], [120.959074, 24.811856], [120.959018, 24.811796], [120.959006, 24.811917], [120.958853, 24.812022], [120.958944, 24.812105], [120.959353, 24.811786], [120.959297, 24.811661], [120.959246, 24.811725], [120.959459, 24.811545], [120.959987, 24.812062], [120.960175, 24.811993], [120.960294, 24.811882], [120.959792, 24.811428], [120.95987, 24.811349], [120.960372, 24.811809], [120.960497, 24.811677], [120.960003, 24.811233], [120.9601, 24.811153], [120.960795, 24.811817], [120.960712, 24.811782], [120.960507, 24.81194], [120.960635, 24.81198], [120.960848, 24.811649], [120.960205, 24.812177], [120.959505, 24.812558], [120.959099, 24.812238], [120.959395, 24.812039], [120.959642, 24.812226], [120.959708, 24.812126], [120.959462, 24.81193], [120.959325, 24.812225], [120.959471, 24.812346], [120.960004, 24.811949], [120.959607, 24.811574], [120.959778, 24.811559], [120.959918, 24.811688], [120.959537, 24.811413], [120.959403, 24.811482], [120.959903, 24.811146], [120.959655, 24.810905], [120.959748, 24.810833], [120.960047, 24.811105], [120.959654, 24.810719], [120.959188, 24.810868], [120.958829, 24.812186], [120.958743, 24.812284], [120.958881, 24.812372], [120.958769, 24.812484], [120.958879, 24.812596], [120.959024, 24.812687], [120.959157, 24.812644], [120.959137, 24.812514], [120.958986, 24.812401], [120.955154, 24.812791], [120.954931, 24.812632], [120.954802, 24.812742], [120.954849, 24.81278], [120.954577, 24.81261], [120.956243, 24.80877], [120.957981, 24.813256], [120.957988, 24.813452], [120.957792, 24.813721], [120.958113, 24.813705], [120.958313, 24.813883], [120.958025, 24.814117], [120.958052, 24.814227], [120.9582, 24.814346], [120.95839, 24.814144], [120.958496, 24.814227], [120.958312, 24.814422], [120.958355, 24.814459], [120.958477, 24.814461], [120.959328, 24.814924], [120.959497, 24.814805], [120.959571, 24.814854], [120.95968, 24.814737], [120.959524, 24.814618], [120.959455, 24.814651], [120.960009, 24.814988], [120.960068, 24.814867], [120.959638, 24.814547], [120.959704, 24.81447], [120.960131, 24.814799], [120.96019, 24.814675], [120.959708, 24.814312], [120.959778, 24.814252], [120.959719, 24.814215], [120.960201, 24.814568], [120.960256, 24.814441], [120.95989, 24.814155], [120.959938, 24.814102], [120.960262, 24.814342], [120.960335, 24.814133], [120.958961, 24.813101], [120.959182, 24.812843], [120.960444, 24.813802], [120.96074, 24.813711], [120.960947, 24.813882], [120.960939, 24.814002], [120.961265, 24.814094], [120.961336, 24.813993], [120.961424, 24.814097], [120.961317, 24.814221], [120.961242, 24.814132], [120.960975, 24.814203], [120.960686, 24.813987], [120.960483, 24.814243], [120.960602, 24.814342], [120.960472, 24.814496], [120.960498, 24.814686], [120.960651, 24.814811], [120.960576, 24.814929], [120.960635, 24.814976], [120.960498, 24.814993], [120.96039, 24.81487], [120.960428, 24.814813], [120.960059, 24.815209], [120.959872, 24.815059], [120.959519, 24.814979], [120.959274, 24.814691], [120.958634, 24.814371], [120.958697, 24.814197], [120.959365, 24.814545], [120.959431, 24.814414], [120.959022, 24.814224], [120.958521, 24.813847], [120.958594, 24.813767], [120.959184, 24.81389], [120.959448, 24.814071], [120.959485, 24.813905], [120.959228, 24.813765], [120.959249, 24.813641], [120.959429, 24.813746], [120.959051, 24.81349], [120.958926, 24.813514], [120.95879, 24.813414], [120.958758, 24.813563], [120.959, 24.813744], [120.95896, 24.814021], [120.959523, 24.814261], [120.959638, 24.814433], [120.959521, 24.814492], [120.959686, 24.813991], [120.959852, 24.813989], [120.959831, 24.814112], [120.959562, 24.814017], [120.958645, 24.814157], [120.958426, 24.81399], [120.9584, 24.813748], [120.95862, 24.813472], [120.95946, 24.812766], [120.959864, 24.813059], [120.959924, 24.812982], [120.959516, 24.812691], [120.959643, 24.812563], [120.96002, 24.81285], [120.960078, 24.812779], [120.959726, 24.812529], [120.959949, 24.81245], [120.960054, 24.812528], [120.960128, 24.812435], [120.960077, 24.812396], [120.960299, 24.812567], [120.96016, 24.812608], [120.960252, 24.812797], [120.960174, 24.812948], [120.960462, 24.813159], [120.960563, 24.813018], [120.960474, 24.812967], [120.960548, 24.812873], [120.960744, 24.81294], [120.960799, 24.81283], [120.960559, 24.812657], [120.960698, 24.812468], [120.960732, 24.81214], [120.960459, 24.812569], [120.960395, 24.812298], [120.960292, 24.812263], [120.960453, 24.812289], [120.960453, 24.812203], [120.961133, 24.812124], [120.960957, 24.812933], [120.961441, 24.813327], [120.961684, 24.813351], [120.961429, 24.813852], [120.961549, 24.813875], [120.961748, 24.813629], [120.962122, 24.813818], [120.962081, 24.813928], [120.962214, 24.814017], [120.962264, 24.813833], [120.962314, 24.813848], [120.962278, 24.813654], [120.962635, 24.812054], [120.962513, 24.812052], [120.962147, 24.813624], [120.961972, 24.81347], [120.962182, 24.812545], [120.962085, 24.812523], [120.961956, 24.813059], [120.961831, 24.813118], [120.961716, 24.813312], [120.961373, 24.813432], [120.960823, 24.813044], [120.960986, 24.812324], [120.961414, 24.812217], [120.961786, 24.81234], [120.962054, 24.811247], [120.962164, 24.81135], [120.961792, 24.812861], [120.961699, 24.812799], [120.961781, 24.812452], [120.96149, 24.812393], [120.961414, 24.812741], [120.961294, 24.812724], [120.961258, 24.812834], [120.961257, 24.812914], [120.961397, 24.812977], [120.961376, 24.813057], [120.961622, 24.812905], [120.9613, 24.812685], [120.961375, 24.812369], [120.961547, 24.812183], [120.961546, 24.811964], [120.961462, 24.81194], [120.961509, 24.811739], [120.961276, 24.811775], [120.961171, 24.81198], [120.960974, 24.8119], [120.960964, 24.811984], [120.961204, 24.811697], [120.96111, 24.81161], [120.961222, 24.811319], [120.961603, 24.811376], [120.961585, 24.811493], [120.961684, 24.811512], [120.9618, 24.811034], [120.961685, 24.81106], [120.961622, 24.81134], [120.961656, 24.811942], [120.962188, 24.812011], [120.962113, 24.812403], [120.962227, 24.812384], [120.962334, 24.811891], [120.96223, 24.811883], [120.962206, 24.811937], [120.962391, 24.811802], [120.962455, 24.811531], [120.962562, 24.811575], [120.962593, 24.811449], [120.962525, 24.812005], [120.962876, 24.812059], [120.962886, 24.811978], [120.963017, 24.811993], [120.963083, 24.811728], [120.963347, 24.811761], [120.962904, 24.813775], [120.962107, 24.814855], [120.96187, 24.814854], [120.961091, 24.814297], [120.960912, 24.814599], [120.960724, 24.814475], [120.961688, 24.815169], [120.960983, 24.814982], [120.961524, 24.814391], [120.961655, 24.814455], [120.961974, 24.813894], [120.961903, 24.813822], [120.961724, 24.814115], [120.961281, 24.813824], [120.960788, 24.813362], [120.960878, 24.813305], [120.960777, 24.813244], [120.961264, 24.813517], [120.960326, 24.813287], [120.960024, 24.813038], [120.960359, 24.812756], [120.962848, 24.813185], [120.962857, 24.813289], [120.962558, 24.813252], [120.962754, 24.812653], [120.962856, 24.812675], [120.962793, 24.812915]]}}, {"type": "Feature", "properties": {"district": "1001802", "segment": 13, "total_segments": 30, "km": 10.85, "villages": ["文雅里", "水田里"]}, "geometry": {"type": "LineString", "coordinates": [[120.962948, 24.812247], [120.962856, 24.812196], [120.962788, 24.812549], [120.962866, 24.812103], [120.962962, 24.812142], [120.963384, 24.811723], [120.963447, 24.811481], [120.963133, 24.811281], [120.9629, 24.811325], [120.9628, 24.811263], [120.962641, 24.811007], [120.962078, 24.810599], [120.961656, 24.810936], [120.9625, 24.813993], [120.957998, 24.814405], [120.957764, 24.814234], [120.957639, 24.814333], [120.957526, 24.814231], [120.95745, 24.814297], [120.957642, 24.814134], [120.957496, 24.814013], [120.957295, 24.814216], [120.957138, 24.81374], [120.962245, 24.815058], [120.964077, 24.81273], [120.964429, 24.812942], [120.964396, 24.813063], [120.964659, 24.813228], [120.964628, 24.813088], [120.964899, 24.812808], [120.964991, 24.81286], [120.965037, 24.812792], [120.964881, 24.812986], [120.964816, 24.813223], [120.965124, 24.813108], [120.965239, 24.812978], [120.965321, 24.813089], [120.965481, 24.812912], [120.965654, 24.812902], [120.965829, 24.813028], [120.965895, 24.813312], [120.965826, 24.81333], [120.965984, 24.813562], [120.966185, 24.81358], [120.966534, 24.813962], [120.966336, 24.813602], [120.966483, 24.813428], [120.966147, 24.81321], [120.966318, 24.812956], [120.966001, 24.812744], [120.965938, 24.812667], [120.966049, 24.812648], [120.965864, 24.812464], [120.965989, 24.812316], [120.966193, 24.812386], [120.966278, 24.81234], [120.966495, 24.812514], [120.9666, 24.812385], [120.966517, 24.812349], [120.966543, 24.812207], [120.966404, 24.8121], [120.966155, 24.812221], [120.966251, 24.81249], [120.96615, 24.812513], [120.966418, 24.812745], [120.966487, 24.812959], [120.966355, 24.812978], [120.967364, 24.813619], [120.967768, 24.813128], [120.967758, 24.812998], [120.967591, 24.812959], [120.967618, 24.812914], [120.967466, 24.812883], [120.967452, 24.812815], [120.9675, 24.812837], [120.967405, 24.812882], [120.967384, 24.813005], [120.967509, 24.813081], [120.967264, 24.813118], [120.967179, 24.813212], [120.967006, 24.813018], [120.967041, 24.812978], [120.966947, 24.813052], [120.966766, 24.812953], [120.966862, 24.812829], [120.966793, 24.81278], [120.966669, 24.812944], [120.96673, 24.812984], [120.966683, 24.81271], [120.966503, 24.812671], [120.966707, 24.812548], [120.966945, 24.812753], [120.967122, 24.812525], [120.967176, 24.812602], [120.967013, 24.8128], [120.967354, 24.812601], [120.967443, 24.812635], [120.96735, 24.812751], [120.967369, 24.812467], [120.966996, 24.812219], [120.967079, 24.812189], [120.967284, 24.812315], [120.967398, 24.812271], [120.967793, 24.812797], [120.967861, 24.813052], [120.967327, 24.812019], [120.967308, 24.811727], [120.967174, 24.811701], [120.966816, 24.812194], [120.966733, 24.81212], [120.967134, 24.811593], [120.96707, 24.811509], [120.966987, 24.811473], [120.966766, 24.81182], [120.966648, 24.811837], [120.966648, 24.812035], [120.966407, 24.811869], [120.96632, 24.811918], [120.966335, 24.811803], [120.966536, 24.81175], [120.966518, 24.811534], [120.966646, 24.811394], [120.966712, 24.811432], [120.966722, 24.811264], [120.966624, 24.811184], [120.966306, 24.811563], [120.966093, 24.811583], [120.966019, 24.811754], [120.9659, 24.811722], [120.965881, 24.811787], [120.966067, 24.811898], [120.965946, 24.812051], [120.965665, 24.811971], [120.965492, 24.811673], [120.965473, 24.811603], [120.96575, 24.811271], [120.965661, 24.811024], [120.966001, 24.810688], [120.966167, 24.810672], [120.966198, 24.81075], [120.966061, 24.810994], [120.966259, 24.810955], [120.966339, 24.810838], [120.966406, 24.810894], [120.96649, 24.810813], [120.966391, 24.810753], [120.966454, 24.810637], [120.966539, 24.810647], [120.966662, 24.810789], [120.966546, 24.810849], [120.966722, 24.810899], [120.966649, 24.811151], [120.967216, 24.811404], [120.967455, 24.811333], [120.967464, 24.811225], [120.96722, 24.811188], [120.966978, 24.811007], [120.96739, 24.810896], [120.967341, 24.810578], [120.967586, 24.810239], [120.96762, 24.810413], [120.967727, 24.810456], [120.967875, 24.810194], [120.967668, 24.810026], [120.967857, 24.809816], [120.968556, 24.810239], [120.968103, 24.810273], [120.96731, 24.809836], [120.967219, 24.809965], [120.967122, 24.809922], [120.966996, 24.810119], [120.967262, 24.810185], [120.967209, 24.810366], [120.967399, 24.810075], [120.967108, 24.809617], [120.967657, 24.809671], [120.966538, 24.809514], [120.966405, 24.809842], [120.966229, 24.809929], [120.966157, 24.810151], [120.966408, 24.810539], [120.966514, 24.810189], [120.966444, 24.810135], [120.966406, 24.810214], [120.965994, 24.81018], [120.965965, 24.810314], [120.966066, 24.810536], [120.965997, 24.810575], [120.965854, 24.810422], [120.965871, 24.810349], [120.96534, 24.811047], [120.965436, 24.811366], [120.965246, 24.811414], [120.965349, 24.811662], [120.965299, 24.811825], [120.964882, 24.811624], [120.965146, 24.811264], [120.964719, 24.811886], [120.964947, 24.812073], [120.965032, 24.811959], [120.965409, 24.811883], [120.965042, 24.812144], [120.965588, 24.812485], [120.965625, 24.812297], [120.965559, 24.81222], [120.96609, 24.812106], [120.966205, 24.811951], [120.966358, 24.811989], [120.966511, 24.811827], [120.966422, 24.812216], [120.966791, 24.812304], [120.966929, 24.812415], [120.966824, 24.812493], [120.967448, 24.811929], [120.967461, 24.81165], [120.967389, 24.811518], [120.967537, 24.810711], [120.966436, 24.811081], [120.965985, 24.811323], [120.965894, 24.811208], [120.965797, 24.811521], [120.965117, 24.812547], [120.96455, 24.8122], [120.964176, 24.81255], [120.964433, 24.812733], [120.964489, 24.812552], [120.964684, 24.812641], [120.964553, 24.812809], [120.964645, 24.812872], [120.964383, 24.813283], [120.964462, 24.81333], [120.964221, 24.813311], [120.964219, 24.813368], [120.964031, 24.81309], [120.964238, 24.813614], [120.964052, 24.813878], [120.963778, 24.813704], [120.963566, 24.81389], [120.963501, 24.813847], [120.963758, 24.814028], [120.963777, 24.814189], [120.96361, 24.814529], [120.963519, 24.814488], [120.963608, 24.814311], [120.963498, 24.814253], [120.963649, 24.814242], [120.963301, 24.814061], [120.962922, 24.815012], [120.963145, 24.815062], [120.963132, 24.815174], [120.963203, 24.815192], [120.963559, 24.814621], [120.963451, 24.8146], [120.963491, 24.814524], [120.963115, 24.815344], [120.962871, 24.815382], [120.962602, 24.815313], [120.962536, 24.815425], [120.962391, 24.815372], [120.962306, 24.815292], [120.962672, 24.815215], [120.962819, 24.814625], [120.962918, 24.814437], [120.963037, 24.814436], [120.963093, 24.814335], [120.962876, 24.815012], [120.962644, 24.815045], [120.962848, 24.81524], [120.963037, 24.815255], [120.965338, 24.812713], [120.965187, 24.812587], [120.967118, 24.813862], [120.966768, 24.814342], [120.968318, 24.811547], [120.968858, 24.811191], [120.969417, 24.811073], [120.969553, 24.810911], [120.969304, 24.81071]]}}, {"type": "Feature", "properties": {"district": "1001802", "segment": 14, "total_segments": 30, "km": 14.99, "villages": ["光田里", "光華里"]}, "geometry": {"type": "LineString", "coordinates": [[120.968098, 24.813478], [120.967967, 24.813624], [120.968321, 24.813723], [120.968471, 24.814054], [120.968767, 24.814095], [120.968677, 24.814397], [120.968283, 24.814771], [120.968157, 24.814697], [120.968309, 24.814557], [120.968183, 24.814498], [120.968212, 24.814381], [120.968428, 24.814176], [120.968288, 24.814135], [120.967773, 24.814573], [120.967941, 24.814689], [120.967743, 24.814854], [120.967549, 24.814696], [120.967418, 24.814679], [120.967346, 24.814759], [120.967085, 24.814683], [120.96704, 24.814755], [120.967547, 24.815208], [120.967446, 24.815342], [120.969306, 24.816884], [120.96938, 24.816717], [120.968128, 24.815656], [120.968815, 24.815661], [120.969023, 24.815482], [120.969165, 24.815599], [120.969147, 24.815707], [120.969047, 24.815685], [120.969311, 24.815907], [120.969463, 24.815714], [120.96931, 24.81557], [120.969337, 24.815468], [120.969533, 24.81566], [120.969688, 24.815688], [120.969858, 24.815685], [120.969958, 24.815535], [120.969718, 24.81547], [120.9695, 24.815266], [120.969448, 24.815347], [120.969664, 24.815531], [120.969839, 24.815347], [120.969583, 24.815116], [120.969369, 24.815057], [120.969361, 24.815196], [120.969114, 24.815411], [120.969224, 24.815486], [120.969022, 24.815366], [120.968868, 24.815496], [120.968728, 24.815368], [120.96884, 24.815245], [120.96877, 24.815157], [120.968624, 24.815314], [120.96868, 24.81538], [120.968607, 24.81546], [120.968492, 24.815555], [120.968387, 24.815519], [120.968524, 24.815394], [120.96851, 24.815191], [120.969061, 24.814696], [120.969098, 24.814816], [120.968924, 24.815066], [120.968945, 24.815155], [120.969131, 24.815027], [120.969117, 24.815276], [120.968531, 24.814929], [120.968869, 24.814604], [120.968794, 24.814544], [120.968279, 24.815041], [120.968351, 24.815098], [120.968489, 24.814948], [120.968141, 24.81493], [120.968019, 24.814816], [120.9681, 24.814748], [120.968033, 24.814604], [120.968528, 24.814341], [120.969281, 24.814869], [120.969358, 24.814768], [120.969654, 24.815014], [120.969741, 24.81493], [120.969859, 24.815213], [120.969962, 24.814711], [120.970067, 24.81464], [120.969974, 24.814544], [120.969828, 24.814668], [120.969435, 24.814141], [120.968341, 24.815236], [120.967946, 24.815502], [120.967721, 24.815341], [120.96773, 24.815103], [120.96738, 24.815282], [120.9672, 24.815217], [120.967207, 24.815115], [120.966929, 24.814893], [120.967113, 24.81513], [120.967387, 24.814878], [120.967293, 24.814431], [120.967778, 24.814014], [120.966472, 24.814678], [120.96581, 24.815317], [120.966164, 24.815633], [120.966511, 24.815295], [120.966569, 24.815376], [120.966626, 24.815301], [120.966752, 24.815393], [120.966705, 24.815504], [120.967238, 24.815925], [120.96726, 24.815836], [120.966864, 24.815466], [120.967323, 24.815676], [120.967386, 24.815642], [120.96739, 24.815725], [120.967501, 24.815698], [120.967454, 24.815932], [120.967526, 24.81603], [120.967766, 24.815759], [120.967691, 24.815725], [120.967609, 24.815807], [120.968023, 24.81611], [120.968018, 24.816231], [120.968098, 24.816266], [120.9678, 24.816102], [120.967729, 24.816158], [120.967877, 24.81628], [120.967804, 24.816363], [120.967461, 24.816093], [120.967249, 24.816296], [120.967245, 24.816387], [120.967882, 24.816524], [120.967742, 24.816831], [120.967895, 24.816869], [120.967906, 24.816962], [120.967999, 24.816956], [120.968504, 24.816451], [120.96857, 24.816536], [120.967991, 24.81714], [120.967393, 24.816637], [120.96749, 24.816381], [120.967231, 24.816186], [120.967159, 24.81624], [120.96736, 24.816041], [120.967006, 24.816156], [120.966477, 24.815714], [120.966376, 24.815842], [120.966742, 24.816141], [120.966899, 24.816165], [120.96695, 24.816309], [120.967257, 24.81656], [120.967835, 24.816438], [120.968134, 24.816547], [120.968014, 24.816578], [120.968305, 24.817049], [120.96873, 24.817393], [120.968778, 24.817293], [120.968413, 24.816987], [120.968229, 24.817148], [120.968614, 24.817493], [120.969049, 24.817159], [120.968803, 24.816978], [120.968859, 24.816908], [120.96911, 24.817109], [120.969089, 24.817194], [120.968743, 24.816806], [120.968657, 24.816741], [120.96859, 24.816801], [120.968717, 24.816894], [120.96911, 24.816139], [120.968941, 24.81606], [120.969029, 24.815911], [120.968908, 24.815854], [120.968834, 24.816017], [120.968658, 24.815903], [120.969513, 24.816138], [120.96957, 24.815989], [120.969831, 24.816069], [120.969883, 24.81581], [120.9697, 24.815936], [120.969556, 24.81589], [120.969503, 24.815971], [120.969438, 24.815953], [120.969634, 24.815815], [120.967305, 24.815571], [120.966328, 24.815796], [120.966279, 24.815748], [120.969576, 24.816889], [120.970614, 24.817752], [120.970924, 24.817742], [120.971248, 24.817979], [120.971339, 24.817871], [120.971195, 24.817776], [120.971358, 24.817597], [120.971727, 24.817897], [120.971818, 24.817852], [120.971741, 24.817792], [120.971928, 24.817871], [120.972014, 24.817755], [120.971812, 24.817516], [120.971901, 24.817393], [120.971806, 24.817211], [120.971634, 24.817172], [120.971548, 24.817023], [120.971138, 24.816733], [120.971058, 24.816892], [120.970713, 24.817081], [120.970816, 24.817194], [120.97066, 24.81734], [120.970712, 24.817388], [120.970628, 24.817438], [120.970402, 24.817298], [120.970551, 24.817241], [120.970379, 24.81694], [120.970568, 24.816691], [120.9707, 24.81659], [120.970945, 24.8168], [120.971072, 24.816438], [120.970746, 24.816374], [120.970759, 24.816284], [120.970585, 24.816354], [120.970579, 24.816223], [120.9703, 24.816368], [120.970266, 24.816664], [120.970108, 24.816885], [120.969976, 24.816679], [120.97006, 24.816615], [120.96988, 24.816483], [120.969737, 24.816746], [120.970195, 24.817132], [120.97064, 24.816863], [120.971135, 24.816957], [120.971294, 24.817088], [120.97111, 24.817262], [120.971047, 24.817181], [120.971057, 24.817365], [120.970924, 24.817504], [120.97108, 24.817563], [120.971314, 24.817442], [120.971272, 24.817392], [120.971516, 24.817521], [120.971488, 24.817274], [120.971661, 24.817013], [120.971916, 24.817119], [120.971947, 24.817038], [120.97214, 24.816994], [120.972114, 24.817459], [120.97234, 24.81747], [120.972346, 24.817815], [120.973, 24.817868], [120.973021, 24.817723], [120.973159, 24.817694], [120.973173, 24.817552], [120.973036, 24.817524], [120.973013, 24.817382], [120.972341, 24.817345], [120.972367, 24.817114], [120.973196, 24.817147], [120.973198, 24.816959], [120.972389, 24.816878], [120.972447, 24.816694], [120.973233, 24.816753], [120.973236, 24.816375], [120.973069, 24.816311], [120.973074, 24.816123], [120.972648, 24.816112], [120.97261, 24.815983], [120.973138, 24.816005], [120.973107, 24.81562], [120.973197, 24.815602], [120.973241, 24.816012], [120.9739, 24.815836], [120.97404, 24.815669], [120.974062, 24.815281], [120.973479, 24.81553], [120.973476, 24.815694], [120.973344, 24.815562], [120.972492, 24.815782], [120.97243, 24.816234], [120.972479, 24.816477], [120.973093, 24.816552], [120.972989, 24.816426], [120.972766, 24.816393], [120.973772, 24.815836], [120.972154, 24.815922], [120.972127, 24.815795], [120.971768, 24.815725], [120.971654, 24.815906], [120.971382, 24.815887], [120.971344, 24.816023], [120.971472, 24.816019], [120.971381, 24.816159], [120.971209, 24.816073], [120.97125, 24.815889], [120.970944, 24.815862], [120.971127, 24.816431], [120.971491, 24.816465], [120.971459, 24.816601], [120.971934, 24.816706], [120.972165, 24.816659], [120.972162, 24.816937], [120.971284, 24.816598], [120.97162, 24.816142], [120.971586, 24.815778], [120.971649, 24.815711], [120.971991, 24.816134], [120.972032, 24.8164], [120.972717, 24.817231], [120.972639, 24.817698], [120.972969, 24.81772], [120.973168, 24.817885], [120.9733, 24.817896], [120.973276, 24.818102], [120.973151, 24.818076], [120.973155, 24.818182], [120.972631, 24.818042], [120.972629, 24.818146], [120.972796, 24.818166], [120.97228, 24.818188], [120.972051, 24.818048], [120.972171, 24.817904], [120.972323, 24.818025], [120.97251, 24.818023], [120.972605, 24.818299], [120.97247, 24.818553], [120.972338, 24.818568], [120.972257, 24.818488], [120.972451, 24.818316], [120.972096, 24.818261], [120.971965, 24.818168], [120.971572, 24.818521], [120.971453, 24.81835], [120.971403, 24.818383], [120.971247, 24.818259], [120.971469, 24.818281], [120.971527, 24.817993], [120.971399, 24.817917], [120.971674, 24.818121], [120.971779, 24.81801], [120.971062, 24.818121], [120.970846, 24.817942], [120.972341, 24.819161], [120.973005, 24.819611], [120.97308, 24.819786], [120.97365, 24.820232], [120.974006, 24.820142], [120.973602, 24.819594], [120.97346, 24.81969], [120.973344, 24.819844], [120.97356, 24.81995], [120.973602, 24.819885], [120.973528, 24.819806], [120.973726, 24.819987], [120.97389, 24.819709], [120.973766, 24.819596], [120.973831, 24.819391], [120.973933, 24.819495], [120.974127, 24.819455], [120.97423, 24.819647], [120.974305, 24.81957], [120.973995, 24.818992], [120.973952, 24.819136], [120.974038, 24.819302], [120.974302, 24.819191], [120.97416, 24.818947], [120.974246, 24.818896], [120.974571, 24.819456], [120.974472, 24.819504], [120.974373, 24.819313], [120.974754, 24.819129], [120.974972, 24.819509], [120.97484, 24.819478], [120.974445, 24.818819], [120.974543, 24.818757], [120.974693, 24.819014], [120.974883, 24.818938], [120.974733, 24.81869], [120.974868, 24.818667], [120.975171, 24.819193], [120.975054, 24.81923], [120.974958, 24.819033], [120.975311, 24.81897], [120.975728, 24.819462], [120.975523, 24.819688], [120.975498, 24.819607], [120.97566, 24.819736], [120.975433, 24.819859], [120.97562, 24.820133], [120.975457, 24.820234], [120.975269, 24.819986], [120.975167, 24.820045], [120.975344, 24.820311], [120.975292, 24.820379], [120.975091, 24.820082], [120.974994, 24.820131], [120.97496, 24.820019], [120.975122, 24.819937], [120.9751, 24.819763], [120.975276, 24.819682], [120.975672, 24.820004], [120.975846, 24.820036], [120.975884, 24.819977], [120.975985, 24.819777], [120.975885, 24.819659], [120.976084, 24.81988], [120.975904, 24.820127], [120.975236, 24.819442], [120.975145, 24.819456], [120.97514, 24.819354], [120.975263, 24.819294], [120.974933, 24.819643], [120.974358, 24.819848], [120.974189, 24.819982], [120.974094, 24.819888], [120.974165, 24.819796], [120.974123, 24.819709], [120.974004, 24.81976], [120.973502, 24.819251], [120.973602, 24.819182], [120.973272, 24.819398], [120.973249, 24.819492], [120.973164, 24.819471], [120.973362, 24.819647], [120.973299, 24.819709], [120.973544, 24.819512], [120.973779, 24.820338], [120.975156, 24.818752], [120.974571, 24.817991], [120.97446, 24.818054], [120.974557, 24.818194], [120.97432, 24.81798]]}}, {"type": "Feature", "properties": {"district": "1001802", "segment": 15, "total_segments": 30, "km": 12.55, "villages": ["光華里", "金華里"]}, "geometry": {"type": "LineString", "coordinates": [[120.973401, 24.817899], [120.973178, 24.817377], [120.972562, 24.817695], [120.972481, 24.817644], [120.973333, 24.817678], [120.973333, 24.817734], [120.973346, 24.817568], [120.974078, 24.817596], [120.974187, 24.817327], [120.974124, 24.817042], [120.974042, 24.817182], [120.973397, 24.817162], [120.973371, 24.817359], [120.97398, 24.817491], [120.973979, 24.817782], [120.974349, 24.817811], [120.974531, 24.817698], [120.974456, 24.817608], [120.974534, 24.817505], [120.974345, 24.817508], [120.974393, 24.816821], [120.974227, 24.816852], [120.974217, 24.817045], [120.974118, 24.816899], [120.974204, 24.816803], [120.973411, 24.816782], [120.973392, 24.817023], [120.97376, 24.817064], [120.973858, 24.81658], [120.974196, 24.816635], [120.97438, 24.816552], [120.974492, 24.816667], [120.974744, 24.816498], [120.975404, 24.817034], [120.975096, 24.817361], [120.975159, 24.817573], [120.974775, 24.817936], [120.975295, 24.818549], [120.975537, 24.818436], [120.975505, 24.818342], [120.975609, 24.818308], [120.975639, 24.818365], [120.975549, 24.818183], [120.975499, 24.81821], [120.975732, 24.818122], [120.975788, 24.818299], [120.975901, 24.81823], [120.975802, 24.817985], [120.975709, 24.818055], [120.975675, 24.817977], [120.975737, 24.817745], [120.975972, 24.817658], [120.975908, 24.817516], [120.976024, 24.817169], [120.977646, 24.81721], [120.97771, 24.816882], [120.977801, 24.816887], [120.977792, 24.817018], [120.977972, 24.816904], [120.977945, 24.816767], [120.977683, 24.816758], [120.977718, 24.816619], [120.977793, 24.816631], [120.977825, 24.816339], [120.978045, 24.816252], [120.978018, 24.816209], [120.978314, 24.816554], [120.978264, 24.816644], [120.978131, 24.816636], [120.978337, 24.816776], [120.979433, 24.815788], [120.979556, 24.815896], [120.979506, 24.815942], [120.979567, 24.815666], [120.979419, 24.816534], [120.97929, 24.816703], [120.979152, 24.816743], [120.979763, 24.817486], [120.979742, 24.81766], [120.979401, 24.81763], [120.979039, 24.817358], [120.978697, 24.817387], [120.978508, 24.817156], [120.978994, 24.816777], [120.978759, 24.816589], [120.978797, 24.816551], [120.978109, 24.817152], [120.978007, 24.817062], [120.978303, 24.816812], [120.978506, 24.816337], [120.978637, 24.816309], [120.978445, 24.816275], [120.97832, 24.816364], [120.978154, 24.816159], [120.977557, 24.816604], [120.977192, 24.816434], [120.977013, 24.816595], [120.976923, 24.816587], [120.976915, 24.816368], [120.975946, 24.816225], [120.975915, 24.816625], [120.975771, 24.81663], [120.975774, 24.816506], [120.975326, 24.816495], [120.97528, 24.816354], [120.975386, 24.816262], [120.975303, 24.816205], [120.975441, 24.816065], [120.975577, 24.816242], [120.975486, 24.816344], [120.975786, 24.816351], [120.975816, 24.816161], [120.975283, 24.81587], [120.974998, 24.81615], [120.974872, 24.816035], [120.974829, 24.816081], [120.975091, 24.815828], [120.974799, 24.815745], [120.974824, 24.815845], [120.974626, 24.81588], [120.974493, 24.816014], [120.974654, 24.816163], [120.974544, 24.816326], [120.974057, 24.815963], [120.973531, 24.816129], [120.973469, 24.816243], [120.973606, 24.816477], [120.973467, 24.816528], [120.974275, 24.815864], [120.974405, 24.815955], [120.974236, 24.815658], [120.974256, 24.815517], [120.974572, 24.815651], [120.974262, 24.815292], [120.974857, 24.816287], [120.975255, 24.816251], [120.974856, 24.816923], [120.974727, 24.816954], [120.974596, 24.817223], [120.974508, 24.817235], [120.974947, 24.817526], [120.974665, 24.817779], [120.975094, 24.817887], [120.975288, 24.818042], [120.97548, 24.817807], [120.97532, 24.817653], [120.975523, 24.817681], [120.975622, 24.817382], [120.975489, 24.817207], [120.975596, 24.817112], [120.975974, 24.817162], [120.975873, 24.816967], [120.975884, 24.816772], [120.976198, 24.816993], [120.9765, 24.817026], [120.976661, 24.816763], [120.976691, 24.816414], [120.976373, 24.816519], [120.976068, 24.816498], [120.976209, 24.816668], [120.976875, 24.816695], [120.976869, 24.817029], [120.977458, 24.817054], [120.977325, 24.816721], [120.976917, 24.816681], [120.976928, 24.817416], [120.976658, 24.817445], [120.976694, 24.817542], [120.976121, 24.81774], [120.976062, 24.817884], [120.976381, 24.818629], [120.97635, 24.818694], [120.976225, 24.818719], [120.97618, 24.818609], [120.976011, 24.818669], [120.976099, 24.818853], [120.975928, 24.819036], [120.975952, 24.818898], [120.975714, 24.81849], [120.975396, 24.818722], [120.975559, 24.818944], [120.975665, 24.818888], [120.975721, 24.818992], [120.975629, 24.819051], [120.976053, 24.819475], [120.976382, 24.819258], [120.976641, 24.81941], [120.976737, 24.819576], [120.976833, 24.819535], [120.976714, 24.819379], [120.976764, 24.819181], [120.97702, 24.819016], [120.977077, 24.819095], [120.976996, 24.819147], [120.977168, 24.819374], [120.977241, 24.819462], [120.977358, 24.819425], [120.977147, 24.81918], [120.977369, 24.819022], [120.977308, 24.818954], [120.977386, 24.818899], [120.977757, 24.819356], [120.97798, 24.819235], [120.977709, 24.818891], [120.977799, 24.818867], [120.978106, 24.819226], [120.978269, 24.819107], [120.978312, 24.819153], [120.977787, 24.818499], [120.977622, 24.818622], [120.97775, 24.818805], [120.977467, 24.818699], [120.977305, 24.818804], [120.977037, 24.818464], [120.976941, 24.818538], [120.977197, 24.818889], [120.976945, 24.818863], [120.976838, 24.818709], [120.97673, 24.818856], [120.976807, 24.81894], [120.976627, 24.819044], [120.976554, 24.81895], [120.976443, 24.819055], [120.976493, 24.819118], [120.976441, 24.81947], [120.976562, 24.819635], [120.976309, 24.819724], [120.976153, 24.819593], [120.976284, 24.819478], [120.976081, 24.819648], [120.975596, 24.818715], [120.975818, 24.818442], [120.976082, 24.818398], [120.975926, 24.818271], [120.975981, 24.818612], [120.976423, 24.818433], [120.976228, 24.817913], [120.976423, 24.817823], [120.976686, 24.818469], [120.976779, 24.81831], [120.976539, 24.817784], [120.9768, 24.817756], [120.976957, 24.818154], [120.977059, 24.818078], [120.976965, 24.817805], [120.977125, 24.817769], [120.977195, 24.8179], [120.977316, 24.817897], [120.977422, 24.817684], [120.977689, 24.817438], [120.977837, 24.817441], [120.9778, 24.817244], [120.978132, 24.817476], [120.978476, 24.817874], [120.978346, 24.817965], [120.978013, 24.817601], [120.97832, 24.817444], [120.97861, 24.817759], [120.978748, 24.817678], [120.97858, 24.817521], [120.978944, 24.817497], [120.978994, 24.817719], [120.978849, 24.817875], [120.9788, 24.817822], [120.979343, 24.818505], [120.97948, 24.818408], [120.979128, 24.818002], [120.979106, 24.817848], [120.979188, 24.817819], [120.979572, 24.818224], [120.979646, 24.81808], [120.979544, 24.817983], [120.979911, 24.818164], [120.98005, 24.818029], [120.980107, 24.818176], [120.97985, 24.818673], [120.979704, 24.818756], [120.979829, 24.818881], [120.979565, 24.819046], [120.97938, 24.819046], [120.979378, 24.81925], [120.979256, 24.81926], [120.979264, 24.818972], [120.979388, 24.818966], [120.979327, 24.818854], [120.979701, 24.818588], [120.979835, 24.8183], [120.979521, 24.818853], [120.979128, 24.818641], [120.978915, 24.818394], [120.978802, 24.818441], [120.979065, 24.818764], [120.978639, 24.818255], [120.978884, 24.81814], [120.978955, 24.818222], [120.978855, 24.818283], [120.978575, 24.818002], [120.978462, 24.818092], [120.978546, 24.818172], [120.978322, 24.818158], [120.97811, 24.818302], [120.97804, 24.81859], [120.978158, 24.818731], [120.978334, 24.818791], [120.978448, 24.818739], [120.978369, 24.818978], [120.978461, 24.819094], [120.978433, 24.818478], [120.977751, 24.818316], [120.977681, 24.818377], [120.977389, 24.818111], [120.977465, 24.818064], [120.977652, 24.818227], [120.97745, 24.818454], [120.977236, 24.818255], [120.977132, 24.818331], [120.977396, 24.818551], [120.977515, 24.818506], [120.977399, 24.819059], [120.977522, 24.819212], [120.976497, 24.818601], [120.975873, 24.817817], [120.976517, 24.817496], [120.976856, 24.817661], [120.977053, 24.817666], [120.977032, 24.817442], [120.977256, 24.817761], [120.978388, 24.817235], [120.978997, 24.817893], [120.979853, 24.817334], [120.980057, 24.817506], [120.980468, 24.817064], [120.980327, 24.81694], [120.979995, 24.817088], [120.9799, 24.81699], [120.979777, 24.817093], [120.979869, 24.817191], [120.979414, 24.816787], [120.979626, 24.816746], [120.979733, 24.816835], [120.980615, 24.815873], [120.975384, 24.817305], [120.975291, 24.817423], [120.975257, 24.818075], [120.975113, 24.818124], [120.975172, 24.818177], [120.974837, 24.817116], [120.974998, 24.817005], [120.973923, 24.817782], [120.973524, 24.817753]]}}, {"type": "Feature", "properties": {"district": "1001802", "segment": 16, "total_segments": 30, "km": 14.28, "villages": ["舊社里"]}, "geometry": {"type": "LineString", "coordinates": [[120.97465, 24.820092], [120.9747, 24.820152], [120.974478, 24.820323], [120.974511, 24.820417], [120.974713, 24.820306], [120.974773, 24.820365], [120.974788, 24.820252], [120.974889, 24.820363], [120.974791, 24.820462], [120.974929, 24.820619], [120.974802, 24.820639], [120.974669, 24.820505], [120.974453, 24.8205], [120.97433, 24.820579], [120.974278, 24.820462], [120.974157, 24.820558], [120.974034, 24.820525], [120.975777, 24.821992], [120.975885, 24.821952], [120.975845, 24.821836], [120.975766, 24.821882], [120.97569, 24.821808], [120.975873, 24.82162], [120.975804, 24.821536], [120.975951, 24.821411], [120.975919, 24.821238], [120.976021, 24.821104], [120.975909, 24.820897], [120.976093, 24.820785], [120.975852, 24.820753], [120.975514, 24.820969], [120.975374, 24.820889], [120.975524, 24.820758], [120.975467, 24.820695], [120.975235, 24.820882], [120.975088, 24.820482], [120.975371, 24.820491], [120.97582, 24.820188], [120.975726, 24.820073], [120.975914, 24.820301], [120.975684, 24.82046], [120.975633, 24.820566], [120.975715, 24.820682], [120.97566, 24.820721], [120.975505, 24.820571], [120.975941, 24.820561], [120.976202, 24.820385], [120.976396, 24.820688], [120.976553, 24.820782], [120.976613, 24.820715], [120.976681, 24.820758], [120.976969, 24.821071], [120.977018, 24.82119], [120.976376, 24.821568], [120.976098, 24.821131], [120.97655, 24.820987], [120.976892, 24.821449], [120.977113, 24.821313], [120.977335, 24.821646], [120.977468, 24.821715], [120.977549, 24.821485], [120.976414, 24.820033], [120.976217, 24.820087], [120.97615, 24.819982], [120.976233, 24.820149], [120.976078, 24.820234], [120.97602, 24.820178], [120.976344, 24.820289], [120.976612, 24.820624], [120.977196, 24.820449], [120.977522, 24.820232], [120.9775, 24.8201], [120.977876, 24.820046], [120.9789, 24.819409], [120.978752, 24.819378], [120.978773, 24.819234], [120.978182, 24.819348], [120.978154, 24.819462], [120.978418, 24.819554], [120.978575, 24.819466], [120.978208, 24.819698], [120.97801, 24.819434], [120.977886, 24.819471], [120.977981, 24.819659], [120.977257, 24.820043], [120.977216, 24.819931], [120.977067, 24.820021], [120.977162, 24.820211], [120.977062, 24.820338], [120.976949, 24.820104], [120.976837, 24.820056], [120.976833, 24.82017], [120.976755, 24.819803], [120.976872, 24.819768], [120.976903, 24.819881], [120.976859, 24.819724], [120.977728, 24.819496], [120.97781, 24.819623], [120.977315, 24.819832], [120.977414, 24.820145], [120.977339, 24.820188], [120.977575, 24.820391], [120.978717, 24.819797], [120.978773, 24.819918], [120.97767, 24.82055], [120.977769, 24.820739], [120.97738, 24.820983], [120.977436, 24.821081], [120.977745, 24.820963], [120.977895, 24.821062], [120.978251, 24.82086], [120.9784, 24.820763], [120.978366, 24.820693], [120.978072, 24.820841], [120.977935, 24.820551], [120.978065, 24.820476], [120.97818, 24.820629], [120.978352, 24.820528], [120.978242, 24.820371], [120.978478, 24.820395], [120.978599, 24.820349], [120.978552, 24.820266], [120.978492, 24.820298], [120.978657, 24.820152], [120.978852, 24.820179], [120.978701, 24.820525], [120.978935, 24.820574], [120.978945, 24.820688], [120.978749, 24.820666], [120.978702, 24.821026], [120.978851, 24.82094], [120.978858, 24.820849], [120.978559, 24.820816], [120.978358, 24.821019], [120.978439, 24.821104], [120.978387, 24.821142], [120.977878, 24.821416], [120.977824, 24.821325], [120.978235, 24.821093], [120.978472, 24.821257], [120.978377, 24.821493], [120.978309, 24.821527], [120.978235, 24.821398], [120.978094, 24.821478], [120.978133, 24.821575], [120.978071, 24.821609], [120.977905, 24.821577], [120.978059, 24.821871], [120.978102, 24.821716], [120.977838, 24.821842], [120.977806, 24.821786], [120.978015, 24.822065], [120.97814, 24.82207], [120.977901, 24.822235], [120.977999, 24.822347], [120.977645, 24.822602], [120.977576, 24.822478], [120.977653, 24.822439], [120.977508, 24.822416], [120.977354, 24.822209], [120.977103, 24.822387], [120.977154, 24.822452], [120.977311, 24.822329], [120.977325, 24.822575], [120.977567, 24.822684], [120.977682, 24.822644], [120.977759, 24.822728], [120.977911, 24.822625], [120.977891, 24.822894], [120.977636, 24.823014], [120.977564, 24.823215], [120.976969, 24.822919], [120.976822, 24.823032], [120.976182, 24.82252], [120.97628, 24.822393], [120.976704, 24.822735], [120.976959, 24.82273], [120.977057, 24.822552], [120.97713, 24.822599], [120.976752, 24.822351], [120.976687, 24.822431], [120.976564, 24.822381], [120.976642, 24.822302], [120.97623, 24.822018], [120.976482, 24.821885], [120.976537, 24.821959], [120.976452, 24.822014], [120.976803, 24.82174], [120.976882, 24.821817], [120.976786, 24.821868], [120.976691, 24.82191], [120.976977, 24.821764], [120.976877, 24.821626], [120.977113, 24.821551], [120.977181, 24.82164], [120.977087, 24.821696], [120.976778, 24.821521], [120.976061, 24.821965], [120.976001, 24.82185], [120.976264, 24.821672], [120.976204, 24.821536], [120.975922, 24.821663], [120.975493, 24.821191], [120.975335, 24.821139], [120.975308, 24.820973], [120.975034, 24.820885], [120.97478, 24.820938], [120.974445, 24.820661], [120.974362, 24.820306], [120.974785, 24.820773], [120.974849, 24.820728], [120.974566, 24.821211], [120.974866, 24.821526], [120.97464, 24.82164], [120.974491, 24.821509], [120.974314, 24.821282], [120.974396, 24.821229], [120.974375, 24.821077], [120.974171, 24.820909], [120.973982, 24.821062], [120.974188, 24.821216], [120.974263, 24.821167], [120.974016, 24.821279], [120.973835, 24.821202], [120.973595, 24.821386], [120.973523, 24.821238], [120.973681, 24.821142], [120.973388, 24.821155], [120.973293, 24.821017], [120.973624, 24.820802], [120.972951, 24.821218], [120.973254, 24.821408], [120.973351, 24.821319], [120.974028, 24.821402], [120.974014, 24.821478], [120.974149, 24.821397], [120.974249, 24.821704], [120.974326, 24.821717], [120.974302, 24.821643], [120.974696, 24.821923], [120.974796, 24.821908], [120.974858, 24.822036], [120.974792, 24.822096], [120.974947, 24.822224], [120.975243, 24.822017], [120.975405, 24.822273], [120.975288, 24.822404], [120.975384, 24.822511], [120.975514, 24.822547], [120.97566, 24.82244], [120.975783, 24.822199], [120.975435, 24.821919], [120.975022, 24.821932], [120.974783, 24.822345], [120.974568, 24.822501], [120.974658, 24.82263], [120.974872, 24.822473], [120.975229, 24.822888], [120.97535, 24.822907], [120.975712, 24.823614], [120.975359, 24.823772], [120.975059, 24.823158], [120.974954, 24.823253], [120.975179, 24.823811], [120.975129, 24.823901], [120.975014, 24.823906], [120.974961, 24.823775], [120.974871, 24.823965], [120.974971, 24.824249], [120.975308, 24.824222], [120.975287, 24.824108], [120.975067, 24.824117], [120.975085, 24.824013], [120.975023, 24.82399], [120.975226, 24.823998], [120.975669, 24.823799], [120.975736, 24.823897], [120.975999, 24.823777], [120.976014, 24.823675], [120.975857, 24.823587], [120.975753, 24.823332], [120.975896, 24.823291], [120.975958, 24.823362], [120.975889, 24.82339], [120.976034, 24.823313], [120.975953, 24.823145], [120.976043, 24.823112], [120.976035, 24.822984], [120.975611, 24.823036], [120.975688, 24.823209], [120.975827, 24.823187], [120.976155, 24.823368], [120.976314, 24.823543], [120.97629, 24.823653], [120.975842, 24.823727], [120.975665, 24.823924], [120.975468, 24.824], [120.975526, 24.824132], [120.976143, 24.823897], [120.976377, 24.823963], [120.976212, 24.824514], [120.976095, 24.824508], [120.976138, 24.824293], [120.976007, 24.824298], [120.975979, 24.82416], [120.975737, 24.824207], [120.97574, 24.824336], [120.975995, 24.824643], [120.976019, 24.824792], [120.976134, 24.824858], [120.976183, 24.824662], [120.976496, 24.824574], [120.976753, 24.824359], [120.976654, 24.82426], [120.976528, 24.824373], [120.976431, 24.824292], [120.976577, 24.824174], [120.976507, 24.824069], [120.976757, 24.824159], [120.976969, 24.823681], [120.977467, 24.82396], [120.977608, 24.823566], [120.977443, 24.823373], [120.976982, 24.823129], [120.976894, 24.823263], [120.977221, 24.823492], [120.977134, 24.823635], [120.976667, 24.823436], [120.976568, 24.823494], [120.976487, 24.823284], [120.976517, 24.823128], [120.976288, 24.823167], [120.97602, 24.822783], [120.976295, 24.822712], [120.976225, 24.822359], [120.975949, 24.822094], [120.975587, 24.822641], [120.975567, 24.822842], [120.975793, 24.822799], [120.975341, 24.823114], [120.97521, 24.823132], [120.97487, 24.822599], [120.974739, 24.822699], [120.97501, 24.822997], [120.974794, 24.823009], [120.975326, 24.823363], [120.975411, 24.823335], [120.97547, 24.82348], [120.974747, 24.824117], [120.974793, 24.82425], [120.974668, 24.824268], [120.974649, 24.824397], [120.974541, 24.824402], [120.975045, 24.824399], [120.974949, 24.82466], [120.974679, 24.824692], [120.974871, 24.824827], [120.975066, 24.824832], [120.975152, 24.824824], [120.975136, 24.824652], [120.974999, 24.824662], [120.975395, 24.824636], [120.975377, 24.82447], [120.97523, 24.824477], [120.975239, 24.824391], [120.975531, 24.824373], [120.975796, 24.824754], [120.975707, 24.824802], [120.975583, 24.824652], [120.975485, 24.824783], [120.975521, 24.824958], [120.97575, 24.824953], [120.976605, 24.824688], [120.976858, 24.82444], [120.976909, 24.824306], [120.976706, 24.823947], [120.976496, 24.823838], [120.976432, 24.823716], [120.976473, 24.823659], [120.976729, 24.823767], [120.976787, 24.8236], [120.976853, 24.823618], [120.977016, 24.823888], [120.976393, 24.82391], [120.976114, 24.824169], [120.975173, 24.824394], [120.975428, 24.824978], [120.975375, 24.824986], [120.976773, 24.823166], [120.97685, 24.823236], [120.977404, 24.82284], [120.977504, 24.822941], [120.97764, 24.822837], [120.977875, 24.823036], [120.977718, 24.823193], [120.978067, 24.823415], [120.978041, 24.823647], [120.978609, 24.823119], [120.978584, 24.822783], [120.97824, 24.822332], [120.978352, 24.822204], [120.977847, 24.822194], [120.977661, 24.821935], [120.97745, 24.822131], [120.977502, 24.822199], [120.977632, 24.822117], [120.977686, 24.821399], [120.977747, 24.821371], [120.977665, 24.8212], [120.977836, 24.821098], [120.97794, 24.820906], [120.977827, 24.820868], [120.977846, 24.820694], [120.977364, 24.820682], [120.977696, 24.819969], [120.977924, 24.819852], [120.978589, 24.820669], [120.978423, 24.820657], [120.978876, 24.820427], [120.979094, 24.819986], [120.978976, 24.819922], [120.979182, 24.819438], [120.979371, 24.819414], [120.9792, 24.819784], [120.978885, 24.820105], [120.978826, 24.819892], [120.979029, 24.819199], [120.978883, 24.819218], [120.978822, 24.819055], [120.978634, 24.819095], [120.979014, 24.818992], [120.97908, 24.81912], [120.978488, 24.82162], [120.978913, 24.822123], [120.979356, 24.823398], [120.97892, 24.823703], [120.977604, 24.821236], [120.975759, 24.821021], [120.975703, 24.821169], [120.975416, 24.821394], [120.975302, 24.821286], [120.975481, 24.82146], [120.975248, 24.822377]]}}, {"type": "Feature", "properties": {"district": "1001802", "segment": 17, "total_segments": 30, "km": 14.97, "villages": ["舊社里", "湳雅里", "金竹里"]}, "geometry": {"type": "LineString", "coordinates": [[120.978855, 24.828836], [120.980823, 24.828167], [120.982105, 24.829422], [120.982984, 24.829365], [120.98504, 24.828956], [120.980555, 24.830785], [120.974105, 24.820822], [120.973866, 24.820647], [120.973699, 24.820766], [120.97387, 24.820885], [120.973594, 24.821066], [120.973481, 24.820619], [120.973597, 24.820529], [120.973285, 24.820447], [120.973259, 24.82026], [120.973008, 24.820101], [120.972662, 24.82011], [120.972671, 24.820014], [120.972564, 24.82004], [120.97259, 24.820228], [120.973031, 24.820393], [120.973097, 24.820592], [120.972774, 24.82056], [120.972649, 24.820892], [120.972531, 24.820893], [120.972492, 24.820753], [120.972313, 24.820654], [120.972234, 24.82074], [120.972364, 24.820835], [120.972304, 24.821028], [120.972146, 24.820937], [120.972125, 24.820838], [120.972039, 24.820871], [120.971982, 24.820714], [120.972175, 24.820691], [120.972164, 24.820542], [120.972255, 24.82052], [120.97225, 24.820452], [120.972145, 24.820424], [120.972002, 24.820543], [120.971866, 24.820512], [120.97168, 24.820343], [120.971784, 24.820274], [120.971467, 24.819977], [120.971072, 24.820159], [120.971124, 24.820251], [120.971239, 24.820203], [120.971088, 24.82031], [120.970508, 24.820581], [120.970448, 24.820475], [120.970972, 24.820224], [120.970904, 24.820114], [120.969811, 24.820574], [120.969914, 24.82069], [120.970402, 24.820493], [120.970355, 24.820656], [120.969996, 24.820828], [120.970034, 24.820947], [120.969364, 24.821271], [120.969249, 24.821422], [120.969159, 24.821349], [120.969566, 24.821729], [120.969719, 24.821778], [120.969953, 24.821552], [120.97001, 24.821608], [120.969782, 24.821832], [120.970022, 24.822105], [120.970149, 24.82202], [120.970006, 24.821825], [120.970079, 24.821765], [120.970268, 24.821921], [120.970406, 24.8218], [120.970241, 24.821607], [120.97031, 24.821541], [120.970523, 24.821702], [120.970599, 24.821632], [120.970451, 24.82143], [120.970516, 24.821369], [120.970798, 24.821646], [120.970747, 24.821749], [120.970474, 24.821897], [120.970708, 24.822132], [120.97062, 24.822185], [120.970782, 24.822331], [120.970818, 24.822206], [120.971133, 24.822006], [120.971093, 24.821922], [120.970857, 24.822073], [120.971287, 24.821784], [120.971397, 24.821719], [120.971394, 24.821834], [120.971217, 24.821951], [120.971272, 24.822103], [120.971575, 24.821919], [120.971684, 24.82164], [120.971868, 24.821682], [120.971978, 24.82161], [120.971976, 24.821274], [120.972142, 24.821156], [120.972276, 24.821328], [120.972097, 24.821463], [120.972093, 24.821097], [120.971829, 24.820991], [120.971676, 24.821446], [120.971341, 24.821248], [120.971624, 24.821001], [120.971595, 24.820877], [120.971762, 24.820738], [120.971853, 24.820918], [120.971492, 24.820936], [120.971416, 24.820781], [120.971339, 24.820813], [120.971172, 24.82094], [120.971325, 24.821049], [120.97098, 24.821222], [120.970845, 24.821385], [120.970733, 24.821352], [120.970747, 24.821254], [120.970624, 24.821104], [120.970131, 24.821526], [120.970063, 24.821469], [120.970204, 24.821294], [120.970141, 24.821223], [120.969855, 24.821447], [120.969812, 24.821409], [120.96975, 24.821256], [120.970793, 24.820726], [120.970739, 24.820647], [120.970609, 24.820713], [120.970739, 24.820925], [120.970886, 24.820851], [120.971053, 24.821074], [120.970573, 24.821027], [120.970304, 24.821237], [120.970134, 24.820883], [120.970222, 24.82084], [120.96987, 24.82089], [120.969522, 24.821061], [120.969452, 24.820927], [120.969852, 24.820724], [120.970106, 24.820312], [120.970057, 24.820226], [120.970767, 24.819835], [120.970877, 24.819917], [120.971347, 24.819835], [120.97115, 24.819703], [120.970766, 24.820011], [120.970215, 24.820273], [120.970834, 24.820562], [120.971013, 24.820779], [120.971523, 24.820367], [120.971458, 24.820278], [120.971515, 24.820247], [120.971033, 24.820597], [120.971129, 24.821401], [120.971412, 24.821571], [120.971492, 24.821597], [120.971528, 24.821532], [120.971534, 24.821469], [120.970839, 24.821618], [120.970448, 24.822116], [120.970451, 24.822213], [120.970336, 24.822213], [120.970507, 24.822504], [120.969561, 24.821385], [120.969681, 24.821284], [120.96939, 24.820958], [120.969133, 24.821057], [120.969234, 24.820891], [120.968659, 24.820951], [120.968313, 24.820617], [120.968511, 24.820549], [120.968755, 24.820743], [120.968834, 24.820681], [120.968691, 24.820525], [120.969255, 24.819653], [120.969676, 24.819207], [120.970734, 24.818344], [120.971931, 24.819045], [120.972486, 24.819494], [120.972513, 24.819646], [120.972365, 24.819703], [120.972397, 24.819898], [120.972257, 24.819924], [120.972263, 24.819992], [120.972285, 24.819801], [120.972174, 24.819725], [120.971997, 24.819793], [120.971993, 24.820015], [120.972258, 24.820221], [120.972202, 24.820291], [120.972144, 24.820255], [120.972427, 24.820236], [120.97266, 24.820404], [120.972633, 24.820608], [120.972803, 24.820434], [120.972812, 24.820927], [120.973025, 24.820893], [120.9734, 24.82024], [120.972622, 24.819631], [120.971808, 24.819991], [120.971711, 24.819891], [120.972693, 24.821402], [120.972554, 24.821485], [120.97256, 24.82163], [120.972714, 24.821768], [120.972908, 24.821658], [120.972596, 24.821875], [120.972417, 24.821637], [120.972321, 24.821619], [120.971737, 24.82201], [120.972224, 24.82298], [120.97235, 24.822681], [120.972275, 24.822549], [120.972362, 24.822505], [120.972346, 24.822412], [120.972228, 24.822483], [120.972186, 24.822273], [120.972056, 24.822204], [120.971689, 24.822271], [120.971353, 24.822481], [120.971434, 24.822567], [120.97166, 24.822437], [120.971761, 24.822518], [120.971768, 24.822608], [120.971383, 24.82284], [120.971007, 24.822964], [120.970765, 24.822867], [120.970734, 24.822775], [120.970888, 24.822681], [120.971025, 24.822667], [120.97108, 24.82281], [120.971306, 24.822667], [120.971344, 24.822707], [120.971115, 24.822398], [120.971062, 24.822435], [120.971532, 24.822141], [120.971905, 24.822567], [120.971915, 24.822879], [120.971988, 24.822989], [120.971544, 24.823223], [120.971608, 24.823343], [120.972097, 24.8232], [120.972141, 24.823263], [120.971497, 24.823472], [120.971083, 24.823488], [120.971135, 24.823399], [120.971444, 24.823387], [120.971264, 24.823129], [120.971773, 24.822934], [120.972042, 24.822965], [120.972171, 24.823144], [120.972287, 24.823108], [120.972317, 24.823168], [120.972345, 24.823241], [120.972219, 24.823258], [120.972223, 24.823334], [120.972544, 24.823687], [120.972043, 24.823851], [120.972083, 24.823608], [120.972243, 24.823978], [120.972838, 24.823778], [120.973164, 24.823504], [120.973422, 24.823455], [120.973419, 24.823545], [120.973828, 24.824061], [120.973898, 24.82398], [120.974128, 24.824024], [120.974135, 24.824102], [120.973898, 24.824145], [120.973951, 24.824337], [120.974221, 24.824324], [120.974311, 24.824391], [120.974325, 24.824724], [120.974591, 24.824724], [120.97462, 24.824923], [120.974727, 24.824878], [120.974731, 24.825042], [120.974663, 24.825095], [120.974627, 24.825015], [120.974468, 24.825042], [120.974452, 24.824894], [120.974344, 24.824868], [120.97435, 24.825068], [120.974428, 24.825134], [120.974135, 24.825078], [120.974079, 24.825145], [120.974028, 24.824887], [120.974117, 24.824884], [120.974126, 24.825008], [120.974096, 24.824566], [120.974003, 24.824618], [120.974014, 24.824742], [120.973633, 24.824786], [120.973788, 24.825135], [120.973804, 24.824905], [120.973458, 24.82492], [120.973486, 24.825091], [120.973391, 24.825124], [120.973398, 24.824663], [120.973887, 24.824443], [120.973978, 24.824529], [120.974042, 24.824437], [120.973585, 24.824308], [120.973342, 24.823871], [120.973461, 24.823869], [120.973524, 24.823947], [120.973275, 24.824065], [120.973094, 24.823776], [120.973295, 24.823762], [120.973313, 24.823408], [120.973526, 24.823294], [120.973657, 24.82327], [120.973542, 24.823379], [120.973718, 24.823497], [120.974012, 24.823313], [120.974136, 24.823338], [120.974057, 24.822875], [120.974451, 24.822599], [120.974407, 24.82234], [120.974294, 24.822215], [120.974381, 24.822151], [120.974335, 24.822011], [120.974117, 24.821754], [120.973981, 24.821849], [120.974203, 24.822107], [120.974514, 24.822313], [120.97461, 24.82225], [120.974531, 24.822896], [120.974592, 24.822908], [120.974466, 24.822923], [120.974291, 24.823158], [120.974305, 24.823471], [120.974184, 24.823533], [120.974259, 24.82382], [120.974103, 24.823734], [120.974073, 24.823612], [120.974334, 24.823561], [120.974374, 24.823673], [120.974426, 24.823465], [120.974534, 24.823501], [120.974618, 24.823721], [120.974745, 24.823661], [120.974781, 24.823764], [120.974681, 24.823509], [120.974833, 24.823397], [120.974536, 24.82306], [120.973947, 24.82295], [120.973778, 24.823076], [120.973862, 24.823208], [120.973765, 24.82361], [120.973849, 24.823877], [120.974151, 24.823926], [120.974207, 24.824104], [120.974439, 24.824194], [120.974445, 24.824589], [120.974366, 24.823917], [120.973551, 24.824474], [120.973334, 24.824479], [120.973293, 24.824386], [120.973136, 24.82437], [120.972908, 24.823924], [120.97274, 24.823988], [120.972855, 24.824215], [120.972748, 24.82426], [120.972528, 24.824052], [120.972133, 24.824309], [120.972074, 24.824236], [120.971931, 24.824267], [120.972036, 24.824525], [120.972192, 24.824482], [120.97187, 24.824561], [120.972026, 24.825132], [120.971584, 24.825132], [120.9714, 24.824797], [120.971514, 24.824732], [120.971559, 24.824855], [120.971678, 24.824823], [120.971436, 24.824363], [120.97153, 24.824334], [120.971634, 24.824544], [120.971797, 24.824405], [120.971708, 24.824144], [120.971259, 24.824298], [120.970608, 24.82427], [120.97062, 24.824402], [120.970544, 24.824444], [120.970354, 24.8245], [120.970312, 24.824418], [120.970211, 24.824444], [120.97016, 24.824357], [120.970367, 24.824121], [120.970754, 24.82402], [120.970852, 24.824458], [120.970378, 24.824699], [120.970503, 24.824974], [120.970609, 24.824929], [120.970735, 24.825192], [120.970906, 24.82516], [120.970887, 24.824954], [120.970821, 24.824965], [120.970765, 24.82483], [120.970832, 24.824814], [120.970796, 24.824722], [120.970557, 24.824812], [120.970585, 24.824889], [120.97054, 24.824775], [120.970353, 24.824969], [120.970486, 24.825194], [120.97055, 24.825173], [120.97055, 24.825078], [120.970191, 24.825095], [120.970226, 24.82478], [120.970153, 24.824671], [120.969944, 24.824624], [120.969904, 24.824415], [120.969802, 24.824391], [120.969707, 24.824466], [120.969904, 24.824763], [120.969765, 24.824831], [120.969869, 24.824959], [120.970018, 24.824878], [120.969829, 24.825017], [120.970033, 24.825326], [120.970182, 24.825304], [120.97014, 24.825244], [120.969884, 24.825401], [120.969647, 24.82506], [120.969587, 24.825114]]}}, {"type": "Feature", "properties": {"district": "1001802", "segment": 18, "total_segments": 30, "km": 14.95, "villages": ["金竹里", "金雅里"]}, "geometry": {"type": "LineString", "coordinates": [[120.96979, 24.825525], [120.96984, 24.82551], [120.969619, 24.825564], [120.969363, 24.825221], [120.969434, 24.825182], [120.969315, 24.824992], [120.969198, 24.825062], [120.969155, 24.824786], [120.968824, 24.824314], [120.968732, 24.82437], [120.968749, 24.82445], [120.96905, 24.824854], [120.968869, 24.824911], [120.969014, 24.825144], [120.968745, 24.825284], [120.968133, 24.824718], [120.968319, 24.824578], [120.968466, 24.824663], [120.968582, 24.824551], [120.968801, 24.824819], [120.96859, 24.824863], [120.968739, 24.8251], [120.968601, 24.8253], [120.968388, 24.825114], [120.968284, 24.825155], [120.968084, 24.824949], [120.968122, 24.82489], [120.96828, 24.825062], [120.968139, 24.825224], [120.96825, 24.825242], [120.968795, 24.825713], [120.969019, 24.825552], [120.96908, 24.825654], [120.969012, 24.825779], [120.969017, 24.825444], [120.96922, 24.825409], [120.9693, 24.825671], [120.969394, 24.825612], [120.969364, 24.825557], [120.969494, 24.825673], [120.968761, 24.825533], [120.96863, 24.825334], [120.968077, 24.825154], [120.967932, 24.824915], [120.96797, 24.824781], [120.967904, 24.824671], [120.968124, 24.824562], [120.968058, 24.824122], [120.968387, 24.823927], [120.96849, 24.823997], [120.968634, 24.82396], [120.968737, 24.824143], [120.968238, 24.824439], [120.968172, 24.824188], [120.968343, 24.824222], [120.968331, 24.824281], [120.968422, 24.824082], [120.967866, 24.824158], [120.967684, 24.824536], [120.967713, 24.824888], [120.967937, 24.825005], [120.969168, 24.82447], [120.9693, 24.824576], [120.969612, 24.824472], [120.969414, 24.824063], [120.969329, 24.824105], [120.969464, 24.824368], [120.969292, 24.824401], [120.969187, 24.824191], [120.969065, 24.824256], [120.969285, 24.824674], [120.969416, 24.824744], [120.969418, 24.824872], [120.969777, 24.824991], [120.970279, 24.824569], [120.969806, 24.824222], [120.969419, 24.823645], [120.969827, 24.823923], [120.970038, 24.823865], [120.970106, 24.824002], [120.969959, 24.824079], [120.969864, 24.823991], [120.970965, 24.823434], [120.970829, 24.823035], [120.970583, 24.822922], [120.971077, 24.823202], [120.971217, 24.823144], [120.97111, 24.823701], [120.971853, 24.824098], [120.972192, 24.823994], [120.97258, 24.824465], [120.972721, 24.824838], [120.972832, 24.824836], [120.972762, 24.824407], [120.972963, 24.824355], [120.973075, 24.824799], [120.973186, 24.824794], [120.973164, 24.824512], [120.973418, 24.824349], [120.973374, 24.824213], [120.972856, 24.8235], [120.972744, 24.823575], [120.972639, 24.82351], [120.972607, 24.823149], [120.972498, 24.823288], [120.972392, 24.823061], [120.972743, 24.82286], [120.973011, 24.823226], [120.97283, 24.823316], [120.9728, 24.823141], [120.97305, 24.823374], [120.973122, 24.822785], [120.972655, 24.822765], [120.9725, 24.822533], [120.972584, 24.822826], [120.972371, 24.82295], [120.971692, 24.82506], [120.972463, 24.825144], [120.972712, 24.825052], [120.972725, 24.824969], [120.972882, 24.824971], [120.972866, 24.825143], [120.972741, 24.825157], [120.973086, 24.825117], [120.973088, 24.824944], [120.973174, 24.824939], [120.973193, 24.825111], [120.972974, 24.825755], [120.971146, 24.825106], [120.970972, 24.82459], [120.970973, 24.825618], [120.970329, 24.825971], [120.968967, 24.826389], [120.96884, 24.826322], [120.968717, 24.826487], [120.967762, 24.826784], [120.973944, 24.821803], [120.97387, 24.821679], [120.973993, 24.821603], [120.970451, 24.823024], [120.970558, 24.823525], [120.970237, 24.823662], [120.970272, 24.823761], [120.970386, 24.823782], [120.970615, 24.823722], [120.970462, 24.823887], [120.970366, 24.823878], [120.970427, 24.824014], [120.970518, 24.824004], [120.970118, 24.823462], [120.970121, 24.823362], [120.970062, 24.823367], [120.97034, 24.823292], [120.970339, 24.823393], [120.970229, 24.823428], [120.968927, 24.823592], [120.969092, 24.823954], [120.969202, 24.823912], [120.969081, 24.823672], [120.96923, 24.82368], [120.969385, 24.823992], [120.969003, 24.824182], [120.968922, 24.824044], [120.968843, 24.824084], [120.968754, 24.823985], [120.968882, 24.823913], [120.968799, 24.8238], [120.968665, 24.823868], [120.968598, 24.823761], [120.9689, 24.823537], [120.968775, 24.823326], [120.968336, 24.823627], [120.968071, 24.823277], [120.967948, 24.823383], [120.968038, 24.823473], [120.967839, 24.823697], [120.967714, 24.823572], [120.967836, 24.823545], [120.967685, 24.823414], [120.967797, 24.823285], [120.967565, 24.823287], [120.967097, 24.82375], [120.967365, 24.823846], [120.967273, 24.823927], [120.967563, 24.82417], [120.967745, 24.824046], [120.967874, 24.823764], [120.9677, 24.823802], [120.967577, 24.823695], [120.967491, 24.823766], [120.967645, 24.823907], [120.967329, 24.824169], [120.967552, 24.824359], [120.967436, 24.82446], [120.967184, 24.824263], [120.967139, 24.824363], [120.967582, 24.824758], [120.967628, 24.824583], [120.967473, 24.824488], [120.967269, 24.824101], [120.967072, 24.823922], [120.966961, 24.823962], [120.967003, 24.824333], [120.966838, 24.824369], [120.96675, 24.824131], [120.966345, 24.824212], [120.966521, 24.82483], [120.966633, 24.824795], [120.966485, 24.824353], [120.966676, 24.824311], [120.966748, 24.824591], [120.966985, 24.824765], [120.966905, 24.824845], [120.966771, 24.824756], [120.966922, 24.825065], [120.96663, 24.82549], [120.966953, 24.825471], [120.967264, 24.825185], [120.9673, 24.825126], [120.96703, 24.824943], [120.967187, 24.824831], [120.967556, 24.825078], [120.967645, 24.824989], [120.967728, 24.825222], [120.968195, 24.825587], [120.968239, 24.825886], [120.968628, 24.82631], [120.968637, 24.826113], [120.968842, 24.825877], [120.968121, 24.825906], [120.96803, 24.825974], [120.967301, 24.82541], [120.967446, 24.825249], [120.96667, 24.825962], [120.966584, 24.825857], [120.966391, 24.825945], [120.966939, 24.826543], [120.966802, 24.826719], [120.966893, 24.826814], [120.966729, 24.826938], [120.966465, 24.826993], [120.966571, 24.827248], [120.966628, 24.827209], [120.966323, 24.827101], [120.965927, 24.827345], [120.965798, 24.827224], [120.966005, 24.827059], [120.965865, 24.826917], [120.965681, 24.82687], [120.965508, 24.826948], [120.965421, 24.826806], [120.965552, 24.826695], [120.965489, 24.826628], [120.965353, 24.826736], [120.965198, 24.826661], [120.965276, 24.82657], [120.965221, 24.826477], [120.965295, 24.826303], [120.965235, 24.826222], [120.964837, 24.826545], [120.964971, 24.826678], [120.964655, 24.826637], [120.964572, 24.826498], [120.964431, 24.826601], [120.964326, 24.826507], [120.963943, 24.826784], [120.964162, 24.827006], [120.964117, 24.827109], [120.963682, 24.827442], [120.963336, 24.827444], [120.963357, 24.827683], [120.963059, 24.827866], [120.964536, 24.826961], [120.964886, 24.827286], [120.964884, 24.827609], [120.964754, 24.827609], [120.965049, 24.827648], [120.965243, 24.827494], [120.965552, 24.827495], [120.965469, 24.827175], [120.965283, 24.827011], [120.96576, 24.826803], [120.965771, 24.826643], [120.966006, 24.826591], [120.966251, 24.826385], [120.966477, 24.826448], [120.966552, 24.82639], [120.966228, 24.82665], [120.96576, 24.82614], [120.965625, 24.82609], [120.965632, 24.826252], [120.965477, 24.826489], [120.965358, 24.825973], [120.965465, 24.825916], [120.965445, 24.825708], [120.965532, 24.825629], [120.965608, 24.825722], [120.965732, 24.825564], [120.96601, 24.825751], [120.965785, 24.825939], [120.966222, 24.825779], [120.966306, 24.825854], [120.96546, 24.825373], [120.965341, 24.825344], [120.965184, 24.825703], [120.964889, 24.825777], [120.965258, 24.825762], [120.965225, 24.825971], [120.964876, 24.825637], [120.964975, 24.825317], [120.965152, 24.825205], [120.965067, 24.825089], [120.965276, 24.824844], [120.965343, 24.82489], [120.964854, 24.82462], [120.96427, 24.824593], [120.9643, 24.824319], [120.964146, 24.82423], [120.964307, 24.823964], [120.96443, 24.824065], [120.964505, 24.823989], [120.964383, 24.823883], [120.964729, 24.823583], [120.964847, 24.823549], [120.964629, 24.823852], [120.964832, 24.823838], [120.965293, 24.82356], [120.965258, 24.823957], [120.965783, 24.824188], [120.965675, 24.824259], [120.965536, 24.824192], [120.965499, 24.824352], [120.965797, 24.824575], [120.96565, 24.824766], [120.966049, 24.824892], [120.965986, 24.824776], [120.966059, 24.824675], [120.966236, 24.824867], [120.966263, 24.824971], [120.966039, 24.825124], [120.965911, 24.824629], [120.966032, 24.824603], [120.96593, 24.824143], [120.966103, 24.824174], [120.966207, 24.824411], [120.966504, 24.823824], [120.966393, 24.82372], [120.966297, 24.823813], [120.966249, 24.823681], [120.966351, 24.823523], [120.966624, 24.823225], [120.966714, 24.823301], [120.966422, 24.823586], [120.966859, 24.823823], [120.966936, 24.823731], [120.966719, 24.823552], [120.966857, 24.823329], [120.96713, 24.823529], [120.967308, 24.823289], [120.966494, 24.823188], [120.966217, 24.823428], [120.966152, 24.823366], [120.966347, 24.823177], [120.965913, 24.823044], [120.965919, 24.823209], [120.966054, 24.823302], [120.965948, 24.823382], [120.965822, 24.823305], [120.965747, 24.823423], [120.965952, 24.823596], [120.966075, 24.823461], [120.966161, 24.823526], [120.965687, 24.82392], [120.966646, 24.82403], [120.966717, 24.824003], [120.966665, 24.823952], [120.967059, 24.824105], [120.967086, 24.824163], [120.966849, 24.824449], [120.967634, 24.823461], [120.968421, 24.823846], [120.968533, 24.823784], [120.968563, 24.823244], [120.968945, 24.823276], [120.96946, 24.82311], [120.96957, 24.82317], [120.970219, 24.822993], [120.97026, 24.823069], [120.969739, 24.823241], [120.969724, 24.823397], [120.969898, 24.823388], [120.969166, 24.823455], [120.969564, 24.82368], [120.969718, 24.823674], [120.969919, 24.823608], [120.970359, 24.822872], [120.969654, 24.822245], [120.969598, 24.82239], [120.968928, 24.822999], [120.969317, 24.822904], [120.969324, 24.822795], [120.969682, 24.822465], [120.969795, 24.822626], [120.969607, 24.822823]]}}, {"type": "Feature", "properties": {"district": "1001802", "segment": 19, "total_segments": 30, "km": 11.95, "villages": ["金雅里", "湳中里"]}, "geometry": {"type": "LineString", "coordinates": [[120.967242, 24.826592], [120.967403, 24.826748], [120.967175, 24.826801], [120.967108, 24.826724], [120.967258, 24.826918], [120.964703, 24.826428], [120.964429, 24.826117], [120.964615, 24.826041], [120.964371, 24.825788], [120.96422, 24.825887], [120.964286, 24.82596], [120.964077, 24.82599], [120.96405, 24.825884], [120.963971, 24.82595], [120.96388, 24.825856], [120.964041, 24.825691], [120.964153, 24.825804], [120.963912, 24.825592], [120.963514, 24.825849], [120.963769, 24.825992], [120.963835, 24.825904], [120.96395, 24.82618], [120.963802, 24.826255], [120.963684, 24.826178], [120.963617, 24.826265], [120.964485, 24.825597], [120.964544, 24.825623], [120.96444, 24.825139], [120.963969, 24.824876], [120.963862, 24.824834], [120.963901, 24.824978], [120.963727, 24.825229], [120.963471, 24.82508], [120.963967, 24.824549], [120.964356, 24.8237], [120.964635, 24.823403], [120.964645, 24.823133], [120.964776, 24.823022], [120.964341, 24.822791], [120.964187, 24.823027], [120.963974, 24.823001], [120.963673, 24.822812], [120.963205, 24.823521], [120.963488, 24.823501], [120.96348, 24.823603], [120.963794, 24.82351], [120.963981, 24.82355], [120.963792, 24.823234], [120.964228, 24.823259], [120.96335, 24.823029], [120.963395, 24.82252], [120.963282, 24.822444], [120.963217, 24.822228], [120.963179, 24.821802], [120.963245, 24.821772], [120.963289, 24.821983], [120.963486, 24.821877], [120.963627, 24.822232], [120.963476, 24.822335], [120.962938, 24.822273], [120.962724, 24.822427], [120.962784, 24.82268], [120.962373, 24.822685], [120.962044, 24.823389], [120.962607, 24.823755], [120.962726, 24.823622], [120.962982, 24.823714], [120.963096, 24.823838], [120.962966, 24.82437], [120.962844, 24.824493], [120.962409, 24.824007], [120.962568, 24.823803], [120.961667, 24.824773], [120.963055, 24.822507], [120.962996, 24.821748], [120.963169, 24.821689], [120.962869, 24.82127], [120.963728, 24.822138], [120.963975, 24.822284], [120.9639, 24.822372], [120.964064, 24.822149], [120.964289, 24.822204], [120.964492, 24.827857], [120.965714, 24.822639], [120.965417, 24.822153], [120.965262, 24.822375], [120.965353, 24.822443], [120.965227, 24.822469], [120.965129, 24.822419], [120.965218, 24.822342], [120.964749, 24.821957], [120.964675, 24.822016], [120.964599, 24.821955], [120.964669, 24.821893], [120.964499, 24.822036], [120.965022, 24.822365], [120.965156, 24.822124], [120.965407, 24.821941], [120.965189, 24.821724], [120.964967, 24.821981], [120.965032, 24.822034], [120.965189, 24.821899], [120.964783, 24.82152], [120.964436, 24.821809], [120.964421, 24.821619], [120.965044, 24.821098], [120.964861, 24.820819], [120.963932, 24.821626], [120.963759, 24.821504], [120.964597, 24.820869], [120.964734, 24.820694], [120.964562, 24.82052], [120.963872, 24.82104], [120.963806, 24.820948], [120.964126, 24.820682], [120.964136, 24.820545], [120.964414, 24.82042], [120.964354, 24.820365], [120.964164, 24.8204], [120.964723, 24.820428], [120.965196, 24.820956], [120.965397, 24.820793], [120.965524, 24.820951], [120.96564, 24.820849], [120.965758, 24.821075], [120.96591, 24.821091], [120.966486, 24.821654], [120.966229, 24.821879], [120.966227, 24.82197], [120.966072, 24.822033], [120.96591, 24.821864], [120.965593, 24.822115], [120.965469, 24.822], [120.965545, 24.821911], [120.96563, 24.821986], [120.965773, 24.821842], [120.965748, 24.821712], [120.965675, 24.821703], [120.965729, 24.82151], [120.966071, 24.82182], [120.966538, 24.821559], [120.96649, 24.821373], [120.966338, 24.821358], [120.966325, 24.821254], [120.965974, 24.820981], [120.965895, 24.82058], [120.96573, 24.820513], [120.965716, 24.820436], [120.965851, 24.82041], [120.966222, 24.820098], [120.966139, 24.819884], [120.966209, 24.819813], [120.966129, 24.819733], [120.966267, 24.81964], [120.966421, 24.819793], [120.966495, 24.81973], [120.966344, 24.819572], [120.966676, 24.819428], [120.96682, 24.819579], [120.966358, 24.819962], [120.966254, 24.819847], [120.966296, 24.820033], [120.966455, 24.820123], [120.966815, 24.819807], [120.96696, 24.819808], [120.96681, 24.819187], [120.967157, 24.819125], [120.96723, 24.819365], [120.967149, 24.819082], [120.966642, 24.819387], [120.966599, 24.81935], [120.966945, 24.819988], [120.967083, 24.820006], [120.967071, 24.820069], [120.967599, 24.820467], [120.967687, 24.820621], [120.96793, 24.820748], [120.967586, 24.820962], [120.967577, 24.821118], [120.967654, 24.821179], [120.967753, 24.821202], [120.967806, 24.82113], [120.967878, 24.821297], [120.967784, 24.821371], [120.967891, 24.821445], [120.968187, 24.821222], [120.968279, 24.821119], [120.968159, 24.821028], [120.968069, 24.821112], [120.967945, 24.820995], [120.968084, 24.820885], [120.967483, 24.820775], [120.966698, 24.821469], [120.966812, 24.821569], [120.966998, 24.821586], [120.966998, 24.821648], [120.967253, 24.821478], [120.967105, 24.821323], [120.967235, 24.821321], [120.967333, 24.821147], [120.967062, 24.820869], [120.967282, 24.820756], [120.966715, 24.820175], [120.966739, 24.820522], [120.966861, 24.820633], [120.966674, 24.820805], [120.966752, 24.820895], [120.966603, 24.821016], [120.96677, 24.821287], [120.96622, 24.820651], [120.966421, 24.820508], [120.966346, 24.820463], [120.966276, 24.82053], [120.965908, 24.820001], [120.965711, 24.820145], [120.965762, 24.820197], [120.965547, 24.820305], [120.965517, 24.820427], [120.965384, 24.820415], [120.96516, 24.820194], [120.964964, 24.820328], [120.965098, 24.820463], [120.965169, 24.820384], [120.965365, 24.820558], [120.965633, 24.820589], [120.965383, 24.820208], [120.965485, 24.820148], [120.965324, 24.820158], [120.965347, 24.821127], [120.965608, 24.821387], [120.96552, 24.82148], [120.965555, 24.821537], [120.965416, 24.821365], [120.965136, 24.821222], [120.964903, 24.821413], [120.965103, 24.82163], [120.965826, 24.821786], [120.965791, 24.822131], [120.965693, 24.822218], [120.966307, 24.822694], [120.966398, 24.822662], [120.966385, 24.822768], [120.966486, 24.822744], [120.96648, 24.822519], [120.966404, 24.822453], [120.966501, 24.822406], [120.966583, 24.822498], [120.966576, 24.822257], [120.966493, 24.822212], [120.966597, 24.822151], [120.96698, 24.822244], [120.967035, 24.822334], [120.966952, 24.822357], [120.967193, 24.822477], [120.967442, 24.822382], [120.967219, 24.821949], [120.96761, 24.82177], [120.967506, 24.821676], [120.967423, 24.821729], [120.967707, 24.821522], [120.967636, 24.821433], [120.967528, 24.821485], [120.968088, 24.821646], [120.968129, 24.821565], [120.968042, 24.821807], [120.968501, 24.821996], [120.968534, 24.82191], [120.9687, 24.821974], [120.968496, 24.822316], [120.968177, 24.822256], [120.968248, 24.822412], [120.967964, 24.822588], [120.967949, 24.822686], [120.967591, 24.822815], [120.967602, 24.822925], [120.967938, 24.822887], [120.968043, 24.822772], [120.967951, 24.822472], [120.968434, 24.822155], [120.968896, 24.821671], [120.969006, 24.821764], [120.968943, 24.821862], [120.969147, 24.82188], [120.968569, 24.821531], [120.968637, 24.821431], [120.96853, 24.821357], [120.967129, 24.822093], [120.966949, 24.822049], [120.967041, 24.821988], [120.966737, 24.822797], [120.96686, 24.82288], [120.966949, 24.822816], [120.967001, 24.822902], [120.96708, 24.822828], [120.967221, 24.822911], [120.96714, 24.822981], [120.966538, 24.820702], [120.964274, 24.821678], [120.963688, 24.821295], [120.963818, 24.821163], [120.963757, 24.820989], [120.963628, 24.821056], [120.963489, 24.820924], [120.963785, 24.820757], [120.963511, 24.821199], [120.963396, 24.821218], [120.963219, 24.821071], [120.963598, 24.821286]]}}, {"type": "Feature", "properties": {"district": "1001802", "segment": 20, "total_segments": 30, "km": 14.57, "villages": ["武陵里", "福林里"]}, "geometry": {"type": "LineString", "coordinates": [[120.962594, 24.820548], [120.961953, 24.820106], [120.961837, 24.819927], [120.96277, 24.82034], [120.962673, 24.820437], [120.962858, 24.819486], [120.962652, 24.819357], [120.962938, 24.818991], [120.963028, 24.819025], [120.963063, 24.818925], [120.962984, 24.818891], [120.963218, 24.818822], [120.963264, 24.818722], [120.963189, 24.8187], [120.963327, 24.818485], [120.964061, 24.818755], [120.964131, 24.81859], [120.964212, 24.818607], [120.963461, 24.818356], [120.963691, 24.818241], [120.964327, 24.818482], [120.964438, 24.81826], [120.964548, 24.818297], [120.964599, 24.818164], [120.96408, 24.81799], [120.964023, 24.818112], [120.96397, 24.818093], [120.964383, 24.818242], [120.964452, 24.818001], [120.964193, 24.817902], [120.964325, 24.817799], [120.96485, 24.817978], [120.964845, 24.817857], [120.964219, 24.817629], [120.96366, 24.818168], [120.963445, 24.818798], [120.963522, 24.818828], [120.963211, 24.81908], [120.963542, 24.819209], [120.963577, 24.819104], [120.963509, 24.819086], [120.963661, 24.818977], [120.96374, 24.819014], [120.963775, 24.818921], [120.9637, 24.818895], [120.964013, 24.819201], [120.96396, 24.819384], [120.964194, 24.81947], [120.964399, 24.819354], [120.964437, 24.819145], [120.96413, 24.81904], [120.963877, 24.819352], [120.963802, 24.819319], [120.964456, 24.819764], [120.964705, 24.819845], [120.965025, 24.819751], [120.965091, 24.81961], [120.965376, 24.81973], [120.965442, 24.819589], [120.965604, 24.819646], [120.965549, 24.819792], [120.965219, 24.819825], [120.965531, 24.819237], [120.965656, 24.819283], [120.965714, 24.819147], [120.966133, 24.819309], [120.966211, 24.819171], [120.966065, 24.819111], [120.966358, 24.819023], [120.966515, 24.819073], [120.966583, 24.818932], [120.966201, 24.8188], [120.966308, 24.818676], [120.966033, 24.818578], [120.966101, 24.818421], [120.966266, 24.818471], [120.966413, 24.81871], [120.96669, 24.818124], [120.96665, 24.817895], [120.966995, 24.818045], [120.967195, 24.817783], [120.96736, 24.817847], [120.967286, 24.81799], [120.967495, 24.818203], [120.967877, 24.818339], [120.967932, 24.818187], [120.967817, 24.818151], [120.967576, 24.818399], [120.967432, 24.818349], [120.967374, 24.818542], [120.967236, 24.818495], [120.967166, 24.818648], [120.967306, 24.818693], [120.96696, 24.818201], [120.966557, 24.818066], [120.966909, 24.817847], [120.967279, 24.817413], [120.967206, 24.81734], [120.967162, 24.817389], [120.96749, 24.817521], [120.967526, 24.817473], [120.967552, 24.817564], [120.967805, 24.817323], [120.967459, 24.81709], [120.967216, 24.816768], [120.967006, 24.816752], [120.966458, 24.816239], [120.966273, 24.816498], [120.966219, 24.816837], [120.966133, 24.816901], [120.966269, 24.817052], [120.966862, 24.817177], [120.966836, 24.817073], [120.966336, 24.817625], [120.965969, 24.817491], [120.965925, 24.817625], [120.966037, 24.817672], [120.965956, 24.817816], [120.966068, 24.817854], [120.96572, 24.817741], [120.965665, 24.817526], [120.965761, 24.817563], [120.965589, 24.817694], [120.965439, 24.817278], [120.965049, 24.817137], [120.964986, 24.817271], [120.965122, 24.817316], [120.965097, 24.817474], [120.96483, 24.817385], [120.964744, 24.817189], [120.964841, 24.817223], [120.964707, 24.817347], [120.964899, 24.817862], [120.965745, 24.818244], [120.965685, 24.81838], [120.965442, 24.818289], [120.965405, 24.81843], [120.965112, 24.818322], [120.96507, 24.818447], [120.964874, 24.818373], [120.964955, 24.818253], [120.964503, 24.818016], [120.964655, 24.81818], [120.964565, 24.818738], [120.964859, 24.818853], [120.964796, 24.818982], [120.964964, 24.819045], [120.965019, 24.818911], [120.965177, 24.818815], [120.964795, 24.818652], [120.965287, 24.818227], [120.965917, 24.818225], [120.966234, 24.817422], [120.965339, 24.817077], [120.965629, 24.816864], [120.965588, 24.816822], [120.965702, 24.816809], [120.965669, 24.816585], [120.965768, 24.816557], [120.965494, 24.816298], [120.965139, 24.816648], [120.966031, 24.815791], [120.966171, 24.816], [120.96602, 24.816159], [120.968017, 24.817571], [120.968403, 24.817776], [120.968478, 24.817706], [120.968335, 24.817615], [120.968175, 24.817842], [120.96831, 24.817922], [120.968227, 24.817983], [120.96811, 24.817911], [120.965826, 24.819352], [120.965366, 24.819161], [120.965303, 24.819316], [120.964259, 24.817749], [120.963758, 24.817395], [120.963151, 24.817933], [120.962965, 24.817855], [120.963081, 24.818015], [120.961607, 24.819453], [120.961206, 24.819463], [120.960428, 24.818856], [120.960577, 24.818689], [120.961114, 24.819235], [120.961171, 24.819043], [120.960763, 24.818715], [120.960702, 24.818576], [120.960837, 24.818337], [120.961135, 24.818498], [120.961178, 24.818592], [120.961045, 24.81876], [120.960953, 24.818688], [120.96106, 24.818576], [120.96133, 24.818657], [120.961147, 24.818848], [120.961235, 24.818919], [120.961422, 24.818727], [120.961473, 24.818831], [120.961283, 24.819021], [120.96132, 24.81906], [120.961784, 24.818825], [120.962115, 24.818485], [120.962008, 24.818443], [120.962215, 24.818431], [120.962388, 24.818302], [120.961942, 24.817898], [120.961827, 24.817948], [120.962178, 24.81826], [120.962421, 24.818355], [120.962585, 24.818141], [120.961886, 24.817589], [120.961517, 24.817909], [120.961488, 24.817781], [120.961668, 24.817571], [120.961597, 24.817451], [120.961683, 24.817307], [120.961888, 24.817452], [120.962035, 24.817339], [120.961746, 24.817119], [120.961823, 24.817035], [120.962639, 24.817729], [120.962488, 24.817887], [120.962042, 24.81751], [120.962279, 24.817297], [120.962821, 24.817707], [120.962609, 24.818006], [120.962706, 24.818078], [120.963113, 24.817465], [120.964172, 24.81692], [120.965603, 24.815515], [120.965068, 24.814916], [120.964569, 24.814507], [120.964157, 24.814366], [120.964193, 24.814518], [120.965142, 24.815266], [120.964996, 24.815391], [120.965091, 24.815579], [120.964796, 24.815817], [120.964717, 24.816044], [120.963843, 24.815359], [120.963702, 24.815349], [120.963605, 24.815628], [120.963517, 24.815545], [120.963562, 24.815465], [120.963474, 24.81536], [120.963592, 24.815235], [120.963559, 24.815113], [120.963999, 24.814482], [120.964096, 24.814541], [120.96368, 24.8151], [120.964602, 24.815789], [120.964707, 24.815532], [120.963983, 24.814953], [120.964051, 24.814903], [120.96483, 24.815529], [120.964942, 24.815222], [120.964878, 24.815169], [120.964227, 24.814654], [120.964014, 24.814872], [120.964033, 24.81417], [120.964099, 24.814064], [120.964224, 24.814125], [120.9643, 24.813995], [120.964142, 24.814316], [120.964545, 24.814336], [120.965261, 24.814917], [120.965427, 24.814973], [120.965658, 24.814735], [120.965825, 24.814959], [120.965637, 24.814917], [120.965506, 24.815147], [120.965555, 24.81518], [120.965412, 24.814693], [120.965512, 24.814576], [120.965391, 24.814508], [120.9653, 24.814627], [120.965221, 24.814491], [120.964673, 24.814172], [120.963779, 24.815669], [120.963827, 24.815754], [120.963931, 24.815659], [120.963947, 24.815878], [120.96415, 24.815889], [120.964087, 24.815994], [120.964199, 24.816088], [120.964281, 24.816124], [120.964281, 24.816041], [120.964347, 24.816044], [120.964481, 24.816141], [120.964499, 24.816213], [120.964378, 24.816254], [120.964491, 24.816387], [120.964283, 24.816459], [120.964259, 24.816365], [120.963831, 24.816631], [120.963697, 24.816508], [120.96372, 24.816391], [120.963601, 24.816424], [120.963425, 24.816278], [120.963493, 24.816176], [120.963306, 24.816069], [120.963402, 24.81599], [120.963264, 24.815794], [120.963112, 24.815921], [120.962855, 24.815769], [120.963417, 24.815465], [120.96352, 24.815772], [120.962579, 24.815548], [120.961646, 24.816456], [120.961575, 24.81639], [120.961515, 24.81649], [120.961451, 24.816438], [120.961844, 24.816776], [120.961903, 24.816688], [120.96175, 24.816544], [120.961512, 24.816708], [120.961631, 24.816932], [120.961522, 24.817006], [120.961597, 24.817061], [120.961644, 24.817], [120.961535, 24.817178], [120.961626, 24.817259], [120.96139, 24.817517], [120.961469, 24.817594], [120.961347, 24.817713], [120.961212, 24.817591], [120.961085, 24.817621], [120.961113, 24.817486], [120.961278, 24.817112], [120.961357, 24.817175], [120.961431, 24.817092], [120.961312, 24.816994], [120.961366, 24.816791], [120.961456, 24.817264], [120.961152, 24.817908], [120.961262, 24.818009], [120.961299, 24.81797], [120.961215, 24.818061], [120.961237, 24.818205], [120.961499, 24.818426], [120.961233, 24.818427], [120.960892, 24.818138], [120.961005, 24.817969], [120.961859, 24.817819], [120.962248, 24.817261], [120.960528, 24.819235], [120.960309, 24.819163], [120.96038, 24.819364], [120.96022, 24.819496], [120.960098, 24.81941], [120.960033, 24.819494], [120.960179, 24.819609], [120.960255, 24.819531], [120.960243, 24.81973], [120.960482, 24.820032], [120.960307, 24.82015], [120.960359, 24.820246], [120.960612, 24.819967], [120.960813, 24.819882], [120.960674, 24.819612], [120.960797, 24.819589], [120.960699, 24.819464], [120.960888, 24.819658], [120.961136, 24.819743], [120.961151, 24.819833], [120.960717, 24.820386], [120.960302, 24.820281], [120.960004, 24.8205], [120.959935, 24.820381], [120.960204, 24.820229], [120.959671, 24.819643], [120.959735, 24.819554], [120.959908, 24.81966], [120.960231, 24.82002], [120.959996, 24.819463], [120.95989, 24.819382], [120.959827, 24.819455], [120.960227, 24.819067], [120.95948, 24.819909], [120.959639, 24.820109], [120.959573, 24.820165], [120.959436, 24.820011], [120.959365, 24.820084], [120.959391, 24.820402], [120.959593, 24.820237], [120.959737, 24.820219], [120.959815, 24.820302], [120.959899, 24.820252], [120.959689, 24.820016], [120.959454, 24.820793], [120.959685, 24.821472], [120.959946, 24.821194], [120.95969, 24.821176], [120.959687, 24.821076], [120.959798, 24.821049], [120.959669, 24.820955], [120.959646, 24.82083], [120.959755, 24.820851], [120.959705, 24.820731], [120.960013, 24.821002], [120.960375, 24.820722]]}}, {"type": "Feature", "properties": {"district": "1001802", "segment": 21, "total_segments": 30, "km": 13.38, "villages": ["境福里"]}, "geometry": {"type": "LineString", "coordinates": [[120.959395, 24.819529], [120.959421, 24.819343], [120.959538, 24.819265], [120.959442, 24.81914], [120.959529, 24.819109], [120.959683, 24.819262], [120.959792, 24.819172], [120.959587, 24.819047], [120.959752, 24.818908], [120.959678, 24.81856], [120.959814, 24.818362], [120.959436, 24.818067], [120.959618, 24.817857], [120.960023, 24.818164], [120.960039, 24.818292], [120.960121, 24.818297], [120.960339, 24.81814], [120.960512, 24.817848], [120.960353, 24.817715], [120.96025, 24.817805], [120.95999, 24.817654], [120.959856, 24.817743], [120.959628, 24.817601], [120.959662, 24.81755], [120.959399, 24.817377], [120.959516, 24.817334], [120.95957, 24.817436], [120.959673, 24.817306], [120.959902, 24.817521], [120.959922, 24.817354], [120.959251, 24.816819], [120.959111, 24.816835], [120.959224, 24.816637], [120.960207, 24.817439], [120.9603, 24.817357], [120.960169, 24.817256], [120.960322, 24.817123], [120.960486, 24.817251], [120.960636, 24.817213], [120.960798, 24.817034], [120.960709, 24.816957], [120.960741, 24.816886], [120.960817, 24.816907], [120.960946, 24.816709], [120.960989, 24.816737], [120.961101, 24.817021], [120.960908, 24.817575], [120.960837, 24.81767], [120.960546, 24.817506], [120.960478, 24.817588], [120.96081, 24.8178], [120.960781, 24.817939], [120.96025, 24.817852], [120.960165, 24.81803], [120.9599, 24.81789], [120.960373, 24.817467], [120.960634, 24.8174], [120.960766, 24.817157], [120.960935, 24.817156], [120.961187, 24.816788], [120.961238, 24.816631], [120.961176, 24.816388], [120.960825, 24.8155], [120.960608, 24.815544], [120.960459, 24.815239], [120.960313, 24.815282], [120.960415, 24.815602], [120.959517, 24.815806], [120.959472, 24.815738], [120.959388, 24.815773], [120.958552, 24.814966], [120.958507, 24.81517], [120.958254, 24.815207], [120.958278, 24.815137], [120.957523, 24.814465], [120.957423, 24.814564], [120.958194, 24.815282], [120.958078, 24.815367], [120.957053, 24.814487], [120.956744, 24.814712], [120.957814, 24.815695], [120.957922, 24.815602], [120.956971, 24.814763], [120.957102, 24.814691], [120.95724, 24.81481], [120.958078, 24.815575], [120.958179, 24.815837], [120.958326, 24.815796], [120.958421, 24.816037], [120.958682, 24.815997], [120.958787, 24.816286], [120.957548, 24.81656], [120.958245, 24.81713], [120.958459, 24.816895], [120.958393, 24.816551], [120.95851, 24.816518], [120.958599, 24.816793], [120.958896, 24.816744], [120.958845, 24.816497], [120.959057, 24.816585], [120.959018, 24.816216], [120.960039, 24.816004], [120.96024, 24.816058], [120.96031, 24.816199], [120.960898, 24.816666], [120.960665, 24.81664], [120.96041, 24.816937], [120.960394, 24.816702], [120.96057, 24.816583], [120.960445, 24.81648], [120.960354, 24.816582], [120.960256, 24.816518], [120.960357, 24.816417], [120.960212, 24.81633], [120.959799, 24.816734], [120.959552, 24.816519], [120.959596, 24.816425], [120.959477, 24.816349], [120.959416, 24.81649], [120.959348, 24.816361], [120.959356, 24.816604], [120.959779, 24.81697], [120.959925, 24.817043], [120.960037, 24.816912], [120.959962, 24.816844], [120.960014, 24.816738], [120.960301, 24.816881], [120.960107, 24.816974], [120.960267, 24.81708], [120.960216, 24.816621], [120.959903, 24.816261], [120.959827, 24.81634], [120.959765, 24.81629], [120.959891, 24.816392], [120.959811, 24.816531], [120.959646, 24.816454], [120.959186, 24.817036], [120.959123, 24.817065], [120.958974, 24.816865], [120.958712, 24.817106], [120.958818, 24.817177], [120.958734, 24.817299], [120.958499, 24.817117], [120.958431, 24.817235], [120.959103, 24.817822], [120.959362, 24.817938], [120.959541, 24.81771], [120.959303, 24.817536], [120.95923, 24.817611], [120.959369, 24.817726], [120.958796, 24.81735], [120.959229, 24.817187], [120.959301, 24.817011], [120.959584, 24.817238], [120.959275, 24.817226], [120.95855, 24.817819], [120.958335, 24.817712], [120.958255, 24.817813], [120.958572, 24.81808], [120.958671, 24.817944], [120.958854, 24.818239], [120.958721, 24.818337], [120.958936, 24.818182], [120.959867, 24.818393], [120.960296, 24.818678], [120.960304, 24.818572], [120.960136, 24.818424], [120.960409, 24.818287], [120.960487, 24.818366], [120.960568, 24.81827], [120.960484, 24.818201], [120.96003, 24.818982], [120.959578, 24.819325], [120.958969, 24.819469], [120.958822, 24.819379], [120.958659, 24.81949], [120.958773, 24.819528], [120.958951, 24.819905], [120.958493, 24.820421], [120.958188, 24.82007], [120.958108, 24.820127], [120.958294, 24.820343], [120.957951, 24.819903], [120.95808, 24.819753], [120.958057, 24.819599], [120.958199, 24.819555], [120.958506, 24.819819], [120.958547, 24.819307], [120.958719, 24.819244], [120.958994, 24.819566], [120.959191, 24.819656], [120.958152, 24.819079], [120.957796, 24.819268], [120.957726, 24.81918], [120.957317, 24.81924], [120.95743, 24.819454], [120.957763, 24.819582], [120.957773, 24.819798], [120.956917, 24.819527], [120.957557, 24.818577], [120.957178, 24.818342], [120.956697, 24.817222], [120.957151, 24.81682], [120.957602, 24.817075], [120.95807, 24.816776], [120.958209, 24.816789], [120.958182, 24.817767], [120.95769, 24.81623], [120.957503, 24.816271], [120.957303, 24.816129], [120.957254, 24.816074], [120.957326, 24.816016], [120.957506, 24.81599], [120.956483, 24.815064], [120.95664, 24.815023], [120.957464, 24.815781], [120.957519, 24.815644], [120.956563, 24.814838], [120.956466, 24.81493], [120.956355, 24.814809], [120.956118, 24.815033], [120.955939, 24.814895], [120.956324, 24.814576], [120.956184, 24.814497], [120.955988, 24.814682], [120.95577, 24.814728], [120.955464, 24.814427], [120.955831, 24.814208], [120.955882, 24.814365], [120.955725, 24.814434], [120.955993, 24.814436], [120.956207, 24.814264], [120.956496, 24.814519], [120.956591, 24.814518], [120.956725, 24.814314], [120.9566, 24.814344], [120.956637, 24.814205], [120.956581, 24.814158], [120.956673, 24.814088], [120.956817, 24.814227], [120.956468, 24.814237], [120.956063, 24.813877], [120.955927, 24.814005], [120.956152, 24.814213], [120.956466, 24.814709], [120.956239, 24.815163], [120.957119, 24.815926], [120.957586, 24.815682], [120.957795, 24.81619], [120.95808, 24.816136], [120.958227, 24.815979], [120.958257, 24.816102], [120.958009, 24.81599], [120.958309, 24.815554], [120.958921, 24.815117], [120.959122, 24.81533], [120.95932, 24.815167], [120.959577, 24.815168], [120.959651, 24.815401], [120.959498, 24.815469], [120.959327, 24.815395], [120.959301, 24.815565], [120.959917, 24.815466], [120.959885, 24.815374], [120.959696, 24.815391], [120.959854, 24.81528], [120.960037, 24.815296], [120.959974, 24.815614], [120.959405, 24.815677], [120.959271, 24.815867], [120.959047, 24.815922], [120.958876, 24.816248], [120.959145, 24.815149], [120.959077, 24.814982], [120.958805, 24.815027], [120.958602, 24.814809], [120.958433, 24.814775], [120.958395, 24.814887], [120.958265, 24.814942], [120.957799, 24.81453], [120.958198, 24.814593], [120.958331, 24.814721], [120.958309, 24.814996], [120.958134, 24.815421], [120.95721, 24.814397], [120.955392, 24.814368], [120.954901, 24.813955], [120.954928, 24.813722], [120.954801, 24.813625], [120.954673, 24.813751], [120.954344, 24.813462], [120.95481, 24.813183], [120.95522, 24.813554], [120.955047, 24.813713], [120.955146, 24.81383], [120.955336, 24.813662], [120.954767, 24.813354], [120.954691, 24.813407], [120.956125, 24.817742], [120.952414, 24.820709], [120.960724, 24.815323], [120.96087, 24.81549], [120.96147, 24.815368]]}}, {"type": "Feature", "properties": {"district": "1001802", "segment": 22, "total_segments": 30, "km": 12.14, "villages": ["士林里"]}, "geometry": {"type": "LineString", "coordinates": [[120.961461, 24.819966], [120.959624, 24.821769], [120.959472, 24.821688], [120.9588, 24.822228], [120.958822, 24.822322], [120.958309, 24.822968], [120.958478, 24.823048], [120.958422, 24.823368], [120.95849, 24.8235], [120.958299, 24.823555], [120.957967, 24.823497], [120.958174, 24.823105], [120.95856, 24.822926], [120.958596, 24.823029], [120.958669, 24.822778], [120.959272, 24.822136], [120.958921, 24.821714], [120.958896, 24.82183], [120.958961, 24.821594], [120.959189, 24.8217], [120.959493, 24.821647], [120.959563, 24.82155], [120.959496, 24.82133], [120.959358, 24.82113], [120.959401, 24.821091], [120.959137, 24.821032], [120.958849, 24.821366], [120.959037, 24.821001], [120.958874, 24.820942], [120.958706, 24.821108], [120.958437, 24.821115], [120.958585, 24.821449], [120.957997, 24.821532], [120.957885, 24.821694], [120.957856, 24.821425], [120.957566, 24.821282], [120.957832, 24.821793], [120.958578, 24.820584], [120.959069, 24.820173], [120.959079, 24.820316], [120.958973, 24.820385], [120.959165, 24.820431], [120.959239, 24.820358], [120.959201, 24.820256], [120.959273, 24.820495], [120.959035, 24.820571], [120.959137, 24.820653], [120.959302, 24.820631], [120.959305, 24.820753], [120.95919, 24.820813], [120.959205, 24.820952], [120.959349, 24.820816], [120.958807, 24.820247], [120.958936, 24.820062], [120.956479, 24.819258], [120.956277, 24.819377], [120.956301, 24.819513], [120.955965, 24.819756], [120.955885, 24.81969], [120.956147, 24.819492], [120.955937, 24.819272], [120.955692, 24.819463], [120.955755, 24.819529], [120.955877, 24.819426], [120.95568, 24.819205], [120.955786, 24.81913], [120.955723, 24.819057], [120.955481, 24.819253], [120.955618, 24.819265], [120.955397, 24.819044], [120.955327, 24.819092], [120.955279, 24.819034], [120.955514, 24.818843], [120.955576, 24.818907], [120.955525, 24.81895], [120.955475, 24.818984], [120.955585, 24.818752], [120.95576, 24.818671], [120.955776, 24.818839], [120.955982, 24.818998], [120.95609, 24.818899], [120.956018, 24.818837], [120.9562, 24.81907], [120.956323, 24.81909], [120.956143, 24.819232], [120.956082, 24.819167], [120.956129, 24.819127], [120.956416, 24.819427], [120.956482, 24.819378], [120.955668, 24.820132], [120.955057, 24.819606], [120.954363, 24.820251], [120.954503, 24.820287], [120.954973, 24.819844], [120.95512, 24.819963], [120.95463, 24.820417], [120.954731, 24.820508], [120.955229, 24.820054], [120.95535, 24.820156], [120.954599, 24.820877], [120.954709, 24.820974], [120.954367, 24.821257], [120.954278, 24.821174], [120.954517, 24.820958], [120.954542, 24.820668], [120.95418, 24.820544], [120.954103, 24.820468], [120.954215, 24.820372], [120.953628, 24.82097], [120.954231, 24.821447], [120.954462, 24.821409], [120.954798, 24.821084], [120.954904, 24.821186], [120.954562, 24.821494], [120.954741, 24.821618], [120.954616, 24.821816], [120.9547, 24.821882], [120.954823, 24.821762], [120.954783, 24.821726], [120.954516, 24.821965], [120.954555, 24.821999], [120.954472, 24.82193], [120.954301, 24.822048], [120.954177, 24.821885], [120.954024, 24.822045], [120.953657, 24.821729], [120.953908, 24.821491], [120.954263, 24.821775], [120.954037, 24.821765], [120.953928, 24.82187], [120.953841, 24.821805], [120.953944, 24.821697], [120.953716, 24.821912], [120.953587, 24.821814], [120.95396, 24.822111], [120.953896, 24.822183], [120.95373, 24.822051], [120.953658, 24.822117], [120.953832, 24.822244], [120.95388, 24.822509], [120.95342, 24.822539], [120.952575, 24.821774], [120.952592, 24.821699], [120.952336, 24.821489], [120.952325, 24.821277], [120.953162, 24.820586], [120.953484, 24.820793], [120.953687, 24.820632], [120.954101, 24.820618], [120.954166, 24.820685], [120.954052, 24.820861], [120.954205, 24.820997], [120.954117, 24.821075], [120.953962, 24.820946], [120.954218, 24.82119], [120.954176, 24.821225], [120.95522, 24.821239], [120.955215, 24.820885], [120.955851, 24.820305], [120.955702, 24.820167], [120.955257, 24.820628], [120.955251, 24.820503], [120.955514, 24.820254], [120.954431, 24.819393], [120.953226, 24.820501], [120.9532, 24.822028], [120.953425, 24.822933], [120.953864, 24.823337], [120.95388, 24.822986], [120.954276, 24.822819], [120.954358, 24.823354], [120.9543, 24.823386], [120.956236, 24.825048], [120.956529, 24.824894], [120.956491, 24.824819], [120.956406, 24.82488], [120.956098, 24.824589], [120.956152, 24.824527], [120.9566, 24.824828], [120.956743, 24.824705], [120.956034, 24.824139], [120.95611, 24.824052], [120.956945, 24.824638], [120.957102, 24.824536], [120.957256, 24.824693], [120.957126, 24.8248], [120.957, 24.824749], [120.956904, 24.824811], [120.956888, 24.82475], [120.956636, 24.824956], [120.956664, 24.825432], [120.956394, 24.825655], [120.956434, 24.825775], [120.956057, 24.825328], [120.955723, 24.825712], [120.955223, 24.825343], [120.95508, 24.825398], [120.955083, 24.82553], [120.954616, 24.825867], [120.954568, 24.825952], [120.954698, 24.825992], [120.954683, 24.826096], [120.954417, 24.826036], [120.954145, 24.826368], [120.953948, 24.82629], [120.953787, 24.82641], [120.953853, 24.826619], [120.953447, 24.826807], [120.953216, 24.826499], [120.953482, 24.825377], [120.953779, 24.825176], [120.953899, 24.824684], [120.953272, 24.824452], [120.953131, 24.824631], [120.953881, 24.824015], [120.953963, 24.823749], [120.954284, 24.823763], [120.954448, 24.823875], [120.95451, 24.824096], [120.954298, 24.824296], [120.95417, 24.824233], [120.954469, 24.824816], [120.954711, 24.824979], [120.954807, 24.824844], [120.954967, 24.824974], [120.954858, 24.825129], [120.955084, 24.824568], [120.955167, 24.824518], [120.955074, 24.82444], [120.955386, 24.824717], [120.955797, 24.82433], [120.95573, 24.824255], [120.95579, 24.824186], [120.955985, 24.824494], [120.95643, 24.82407], [120.956147, 24.823803], [120.956382, 24.823673], [120.956211, 24.823632], [120.956136, 24.823691], [120.956053, 24.82356], [120.9555, 24.824092], [120.955343, 24.823985], [120.955406, 24.823917], [120.955327, 24.823853], [120.955267, 24.823911], [120.955013, 24.82369], [120.954466, 24.823435], [120.957683, 24.823499], [120.957923, 24.823678], [120.957681, 24.823817], [120.957735, 24.823964], [120.957565, 24.824239], [120.957574, 24.824582], [120.957191, 24.825091], [120.957791, 24.824861], [120.957778, 24.82475], [120.958051, 24.82461], [120.958641, 24.824053], [120.958508, 24.823896], [120.958527, 24.823758], [120.958342, 24.824061], [120.959007, 24.824013], [120.959254, 24.824252], [120.959432, 24.823987], [120.959131, 24.82361], [120.959002, 24.823673], [120.958954, 24.823625], [120.958984, 24.823329], [120.958763, 24.823177], [120.958769, 24.823276], [120.958612, 24.8234], [120.958959, 24.823018], [120.958848, 24.822815], [120.959027, 24.822585], [120.959596, 24.823093], [120.959302, 24.823095], [120.959144, 24.822913], [120.959284, 24.823267], [120.959227, 24.823308], [120.95944, 24.823276], [120.959529, 24.823965], [120.960289, 24.82372], [120.960372, 24.823799], [120.960561, 24.823079], [120.962634, 24.821121], [120.957833, 24.824495], [120.957026, 24.82552]]}}, {"type": "Feature", "properties": {"district": "1001802", "segment": 23, "total_segments": 30, "km": 9.35, "villages": ["士林里", "古賢里"]}, "geometry": {"type": "LineString", "coordinates": [[120.929173, 24.847988], [120.942999, 24.834304], [120.945605, 24.831949], [120.950385, 24.831921], [120.950695, 24.831785], [120.950691, 24.831705], [120.950923, 24.831563], [120.951049, 24.831797], [120.951011, 24.831885], [120.951109, 24.831874], [120.951061, 24.832], [120.951138, 24.832039], [120.950988, 24.832227], [120.951315, 24.832412], [120.951302, 24.832749], [120.950916, 24.832908], [120.950693, 24.832847], [120.950602, 24.832951], [120.950524, 24.83288], [120.950941, 24.833376], [120.951346, 24.833321], [120.951319, 24.833457], [120.951055, 24.833618], [120.951567, 24.832879], [120.952061, 24.832808], [120.952006, 24.83264], [120.95277, 24.832575], [120.951963, 24.833084], [120.951914, 24.832653], [120.952095, 24.832405], [120.951601, 24.832031], [120.95155, 24.832111], [120.951387, 24.831947], [120.95138, 24.831837], [120.951487, 24.831921], [120.951729, 24.831763], [120.951562, 24.831379], [120.951567, 24.831198], [120.951941, 24.831126], [120.951525, 24.831722], [120.951286, 24.831658], [120.951141, 24.831449], [120.951189, 24.831407], [120.951069, 24.831473], [120.950717, 24.831906], [120.950398, 24.832132], [120.955187, 24.829843], [120.955462, 24.830075], [120.955656, 24.83009], [120.955938, 24.829606], [120.95569, 24.829457], [120.955692, 24.829361], [120.955614, 24.829387], [120.955991, 24.829368], [120.956198, 24.829504], [120.956139, 24.829697], [120.956244, 24.829716], [120.956299, 24.829511], [120.956452, 24.829578], [120.956706, 24.829453], [120.956398, 24.82933], [120.956244, 24.829797], [120.956539, 24.829902], [120.956526, 24.830137], [120.956063, 24.830136], [120.956103, 24.830241], [120.955925, 24.830229], [120.955914, 24.830079], [120.956083, 24.829979], [120.955661, 24.829866], [120.955605, 24.83044], [120.955716, 24.830572], [120.955804, 24.831184], [120.956273, 24.830943], [120.956492, 24.830253], [120.956794, 24.830132], [120.956899, 24.830184], [120.957113, 24.829945], [120.95695, 24.829942], [120.956904, 24.830009], [120.956722, 24.829778], [120.95699, 24.829728], [120.957164, 24.829804], [120.957569, 24.82932], [120.957398, 24.828651], [120.957287, 24.827519], [120.95646, 24.826163], [120.956413, 24.826183], [120.956856, 24.825596], [120.956967, 24.826025], [120.95763, 24.826042], [120.957849, 24.825874], [120.957887, 24.825779], [120.957821, 24.825677], [120.957958, 24.825869], [120.957881, 24.825909], [120.958221, 24.825754], [120.95839, 24.825886], [120.958328, 24.825901], [120.958456, 24.826071], [120.958507, 24.826042], [120.95843, 24.82594], [120.958518, 24.825772], [120.958459, 24.825526], [120.958598, 24.825518], [120.958652, 24.82542], [120.958779, 24.825838], [120.958715, 24.825903], [120.958536, 24.825434], [120.958453, 24.82543], [120.958349, 24.825586], [120.95826, 24.825312], [120.957991, 24.825095], [120.958136, 24.825134], [120.958004, 24.82542], [120.960392, 24.824838], [120.960472, 24.824963], [120.96064, 24.824791], [120.960851, 24.824823], [120.96099, 24.824685], [120.961303, 24.824905], [120.961325, 24.825009], [120.961146, 24.825042], [120.961042, 24.825172], [120.961258, 24.825422], [120.960717, 24.825286], [120.960685, 24.825138], [120.960776, 24.825083], [120.960494, 24.825206], [120.960662, 24.824409], [120.962023, 24.825963], [120.962093, 24.826129], [120.961902, 24.826271], [120.961997, 24.826938], [120.961107, 24.827098], [120.961014, 24.827233], [120.961475, 24.828172], [120.958006, 24.829919], [120.957017, 24.830474], [120.956928, 24.830674], [120.954821, 24.827639]]}}, {"type": "Feature", "properties": {"district": "1001802", "segment": 24, "total_segments": 30, "km": 10.35, "villages": ["康樂里"]}, "geometry": {"type": "LineString", "coordinates": [[120.949172, 24.832614], [120.949108, 24.832663], [120.949208, 24.833306], [120.948519, 24.833233], [120.948425, 24.833278], [120.948343, 24.833639], [120.947916, 24.833596], [120.947392, 24.833961], [120.947287, 24.833775], [120.947881, 24.833363], [120.947208, 24.833382], [120.947205, 24.8333], [120.947092, 24.833319], [120.94708, 24.833397], [120.946944, 24.833387], [120.947144, 24.833528], [120.947036, 24.833919], [120.94655, 24.834205], [120.94638, 24.833992], [120.946445, 24.833918], [120.946594, 24.834048], [120.945573, 24.834934], [120.945468, 24.83485], [120.945688, 24.834629], [120.945607, 24.834386], [120.945307, 24.83461], [120.945347, 24.834721], [120.945568, 24.83457], [120.945391, 24.834337], [120.945236, 24.834261], [120.945152, 24.834306], [120.945252, 24.834419], [120.945134, 24.834488], [120.944737, 24.834056], [120.944846, 24.834012], [120.94507, 24.834226], [120.945148, 24.834168], [120.944991, 24.833966], [120.945045, 24.833897], [120.945441, 24.833789], [120.945357, 24.833998], [120.945246, 24.833975], [120.945274, 24.834061], [120.945432, 24.834127], [120.945611, 24.83399], [120.945704, 24.834094], [120.945771, 24.834024], [120.945654, 24.833897], [120.945581, 24.833953], [120.945628, 24.834172], [120.945455, 24.834282], [120.945728, 24.834272], [120.945846, 24.834434], [120.945936, 24.834375], [120.945978, 24.834425], [120.94583, 24.834197], [120.946231, 24.833876], [120.946167, 24.83366], [120.946074, 24.833673], [120.946036, 24.833597], [120.94635, 24.833501], [120.946396, 24.833604], [120.945684, 24.833719], [120.944717, 24.834539], [120.944646, 24.834477], [120.944785, 24.834331], [120.944664, 24.83421], [120.944313, 24.834508], [120.944256, 24.834381], [120.944413, 24.834221], [120.944351, 24.834119], [120.944554, 24.834059], [120.944368, 24.833754], [120.944112, 24.834583], [120.94428, 24.834816], [120.944136, 24.83494], [120.944206, 24.835014], [120.944286, 24.834955], [120.944363, 24.834884], [120.94432, 24.834793], [120.944525, 24.834621], [120.944614, 24.834793], [120.94496, 24.835035], [120.945282, 24.83484], [120.945036, 24.834585], [120.94496, 24.83468], [120.944887, 24.834575], [120.944798, 24.83463], [120.944944, 24.834492], [120.944459, 24.834812], [120.94481, 24.835147], [120.94464, 24.835153], [120.9446, 24.835446], [120.944456, 24.835409], [120.944005, 24.834965], [120.943884, 24.835073], [120.94383, 24.834908], [120.9435, 24.835145], [120.943406, 24.835314], [120.943505, 24.835409], [120.943431, 24.835585], [120.943949, 24.835943], [120.943849, 24.835964], [120.943395, 24.835656], [120.943292, 24.835769], [120.943516, 24.836037], [120.943695, 24.836127], [120.943735, 24.83627], [120.943202, 24.836656], [120.942977, 24.836382], [120.942481, 24.836486], [120.942286, 24.836641], [120.942189, 24.836537], [120.942748, 24.836088], [120.942562, 24.8361], [120.94235, 24.836231], [120.942253, 24.835924], [120.942321, 24.835887], [120.942421, 24.836019], [120.942608, 24.835927], [120.942439, 24.835636], [120.942378, 24.835675], [120.942407, 24.835499], [120.941882, 24.835826], [120.941853, 24.835737], [120.942346, 24.835393], [120.942291, 24.835298], [120.942425, 24.835207], [120.942556, 24.835445], [120.942663, 24.835477], [120.942777, 24.835845], [120.942892, 24.835968], [120.942902, 24.836312], [120.942606, 24.836397], [120.942714, 24.836645], [120.942603, 24.83669], [120.942951, 24.836567], [120.942969, 24.836645], [120.943043, 24.836621], [120.942821, 24.836705], [120.942732, 24.837003], [120.942332, 24.83727], [120.942483, 24.837409], [120.941249, 24.83818], [120.941306, 24.838497], [120.941536, 24.838282], [120.941683, 24.838614], [120.941734, 24.838517], [120.941647, 24.838327], [120.941772, 24.838283], [120.941875, 24.838428], [120.941969, 24.838345], [120.941823, 24.838171], [120.941738, 24.838236], [120.942103, 24.838265], [120.942261, 24.838359], [120.942711, 24.837971], [120.942964, 24.83792], [120.942727, 24.837638], [120.942547, 24.83776], [120.942585, 24.83781], [120.942466, 24.837944], [120.942414, 24.83789], [120.942278, 24.838039], [120.942279, 24.8377], [120.942671, 24.837262], [120.943397, 24.836756], [120.943563, 24.836957], [120.943491, 24.836713], [120.943984, 24.836376], [120.944112, 24.836565], [120.944215, 24.83643], [120.944762, 24.836216], [120.944697, 24.836345], [120.944302, 24.836503], [120.944139, 24.836282], [120.945453, 24.83539], [120.945652, 24.835167], [120.94597, 24.835249], [120.946182, 24.835091], [120.946192, 24.835185], [120.946746, 24.834822], [120.946671, 24.834757], [120.946432, 24.834898], [120.946252, 24.834609], [120.946409, 24.834533], [120.946859, 24.834722], [120.947005, 24.834951], [120.9469, 24.835016], [120.947044, 24.835188], [120.947188, 24.835195], [120.947104, 24.835068], [120.947264, 24.835138], [120.947358, 24.835023], [120.947065, 24.834512], [120.946995, 24.834232], [120.94606, 24.834747], [120.94634, 24.834958], [120.946261, 24.835029], [120.946173, 24.83495], [120.946041, 24.834985], [120.945935, 24.834868], [120.945864, 24.834991], [120.945444, 24.835041], [120.944098, 24.836049], [120.944142, 24.835854], [120.944297, 24.83569], [120.944093, 24.835526], [120.944157, 24.835447], [120.944096, 24.835396], [120.944351, 24.835623], [120.943954, 24.835697], [120.94369, 24.835485], [120.943739, 24.83536], [120.943969, 24.835477], [120.943933, 24.835346], [120.943466, 24.835], [120.943258, 24.835101], [120.943124, 24.835403], [120.943231, 24.83555], [120.943167, 24.835617], [120.943422, 24.83624], [120.942504, 24.836908], [120.942436, 24.836696], [120.942027, 24.836483], [120.942087, 24.836227], [120.94199, 24.836208], [120.941917, 24.8365], [120.942041, 24.83606], [120.942182, 24.836019], [120.942069, 24.835874], [120.942246, 24.835756], [120.94235, 24.835033], [120.942288, 24.834704], [120.942722, 24.834898], [120.943488, 24.83454], [120.945165, 24.835926], [120.945042, 24.836088], [120.945448, 24.835715], [120.94472, 24.836539], [120.944724, 24.836753], [120.944402, 24.836852], [120.944379, 24.8368], [120.944438, 24.836955], [120.944848, 24.836841], [120.944817, 24.836725], [120.944563, 24.836729], [120.94456, 24.837119], [120.944734, 24.837269], [120.944824, 24.837201], [120.944653, 24.837348], [120.944245, 24.837418], [120.944395, 24.837049], [120.9451, 24.836999], [120.943231, 24.837907], [120.943013, 24.837571], [120.942915, 24.837616], [120.943046, 24.837795], [120.942624, 24.83854], [120.942812, 24.838701], [120.9429, 24.838482], [120.942834, 24.838443], [120.942621, 24.838729], [120.942857, 24.838899], [120.943099, 24.838711], [120.942384, 24.838798], [120.942392, 24.838516], [120.942324, 24.838444], [120.942071, 24.83856], [120.942119, 24.838629], [120.9418, 24.838753], [120.942026, 24.839187], [120.941721, 24.839094], [120.941535, 24.83894], [120.941401, 24.838771], [120.941456, 24.838601], [120.940807, 24.838429], [120.940722, 24.838546], [120.940457, 24.838626], [120.947993, 24.834647], [120.948144, 24.834869]]}}, {"type": "Feature", "properties": {"district": "1001802", "segment": 25, "total_segments": 30, "km": 14.96, "villages": ["舊港里", "南寮里"]}, "geometry": {"type": "LineString", "coordinates": [[120.943624, 24.843055], [120.94346, 24.843208], [120.943322, 24.843051], [120.943229, 24.843124], [120.943492, 24.843402], [120.943097, 24.843899], [120.942666, 24.843362], [120.942798, 24.843309], [120.943064, 24.843659], [120.943191, 24.843548], [120.94293, 24.843249], [120.94308, 24.843198], [120.943252, 24.843425], [120.943591, 24.843284], [120.942801, 24.843831], [120.942502, 24.843455], [120.942429, 24.843563], [120.942608, 24.843797], [120.942471, 24.844488], [120.942536, 24.8446], [120.94294, 24.844525], [120.942977, 24.844655], [120.942602, 24.844803], [120.942549, 24.845002], [120.942635, 24.845035], [120.942464, 24.845287], [120.94264, 24.84588], [120.942715, 24.845908], [120.94241, 24.846033], [120.941999, 24.84585], [120.942102, 24.845529], [120.942235, 24.84555], [120.94226, 24.845367], [120.942131, 24.845401], [120.94243, 24.84502], [120.942286, 24.844756], [120.942111, 24.844837], [120.941992, 24.845081], [120.941832, 24.845108], [120.941895, 24.845315], [120.941553, 24.845158], [120.940717, 24.845489], [120.940778, 24.845326], [120.9415, 24.845068], [120.941687, 24.844868], [120.94185, 24.844828], [120.941832, 24.844617], [120.942207, 24.845069], [120.942214, 24.845658], [120.942306, 24.845789], [120.942082, 24.846185], [120.942172, 24.846685], [120.941912, 24.84673], [120.941931, 24.84625], [120.941853, 24.84609], [120.941658, 24.84619], [120.941674, 24.846261], [120.941589, 24.846232], [120.941521, 24.84636], [120.941702, 24.846546], [120.941627, 24.846754], [120.941721, 24.84689], [120.941297, 24.846905], [120.941307, 24.846747], [120.94091, 24.846898], [120.940889, 24.846486], [120.940966, 24.847375], [120.942847, 24.844967], [120.943252, 24.844692], [120.942897, 24.844292], [120.941336, 24.844029], [120.94043, 24.840791], [120.940275, 24.84073], [120.939333, 24.840946], [120.939133, 24.841153], [120.939175, 24.841185], [120.938836, 24.84064], [120.938341, 24.840272], [120.938327, 24.840082], [120.938235, 24.840123], [120.93854, 24.839924], [120.938435, 24.839762], [120.938545, 24.839676], [120.938588, 24.839507], [120.938427, 24.83929], [120.938596, 24.839238], [120.938561, 24.839119], [120.938813, 24.838896], [120.938728, 24.838761], [120.938411, 24.838955], [120.938011, 24.838529], [120.937995, 24.838415], [120.938091, 24.838421], [120.937942, 24.838183], [120.938085, 24.838161], [120.938323, 24.837866], [120.938145, 24.837617], [120.937563, 24.837977], [120.937488, 24.837907], [120.937729, 24.837735], [120.937378, 24.837751], [120.937335, 24.837665], [120.937872, 24.838343], [120.938264, 24.838415], [120.938419, 24.838354], [120.938584, 24.838524], [120.938622, 24.838625], [120.938489, 24.838619], [120.939024, 24.839079], [120.93884, 24.839165], [120.939054, 24.839278], [120.938823, 24.839465], [120.938966, 24.839608], [120.939562, 24.839192], [120.939307, 24.839102], [120.939128, 24.839231], [120.938743, 24.83983], [120.938366, 24.839762], [120.938089, 24.839957], [120.938029, 24.839919], [120.93796, 24.83996], [120.93802, 24.84], [120.9378, 24.840089], [120.937843, 24.840169], [120.937344, 24.840409], [120.937112, 24.840684], [120.93629, 24.840252], [120.936202, 24.84042], [120.936035, 24.840343], [120.935704, 24.840754], [120.935862, 24.840842], [120.935894, 24.840739], [120.936072, 24.840842], [120.935933, 24.840861], [120.935574, 24.841235], [120.935721, 24.841444], [120.936191, 24.841206], [120.936477, 24.841345], [120.938076, 24.840255], [120.93827, 24.840468], [120.938088, 24.841126], [120.937649, 24.840934], [120.937605, 24.84085], [120.937351, 24.841145], [120.936819, 24.841411], [120.936646, 24.840974], [120.936783, 24.840913], [120.936772, 24.840779], [120.935794, 24.840173], [120.935212, 24.839923], [120.935092, 24.840162], [120.935548, 24.840375], [120.935225, 24.840435], [120.934933, 24.840667], [120.934898, 24.840617], [120.935205, 24.841053], [120.935375, 24.840941], [120.93542, 24.840829], [120.935155, 24.840641], [120.934832, 24.840913], [120.934714, 24.840791], [120.935362, 24.841641], [120.935245, 24.841699], [120.935421, 24.841849], [120.93523, 24.841944], [120.934957, 24.841848], [120.934183, 24.842204], [120.93391, 24.841947], [120.934152, 24.84169], [120.934156, 24.841477], [120.933982, 24.84123], [120.933834, 24.84132], [120.933868, 24.841374], [120.933619, 24.84147], [120.93346, 24.841305], [120.933234, 24.841221], [120.933272, 24.841385], [120.933612, 24.841631], [120.933667, 24.841289], [120.933603, 24.841258], [120.933713, 24.841173], [120.933795, 24.841258], [120.933633, 24.841051], [120.933581, 24.84114], [120.933515, 24.841109], [120.933533, 24.841178], [120.933431, 24.840987], [120.933298, 24.841003], [120.933096, 24.841182], [120.933122, 24.841248], [120.932874, 24.841036], [120.93275, 24.841376], [120.933409, 24.841936], [120.933579, 24.842184], [120.933732, 24.842215], [120.933881, 24.842405], [120.933732, 24.842482], [120.933826, 24.842646], [120.934047, 24.842546], [120.933557, 24.842793], [120.933247, 24.842321], [120.933146, 24.842378], [120.93321, 24.842481], [120.933142, 24.842517], [120.933259, 24.842679], [120.933164, 24.842727], [120.93304, 24.842572], [120.933062, 24.842408], [120.933296, 24.842584], [120.933027, 24.842703], [120.93286, 24.842529], [120.932786, 24.842562], [120.932894, 24.842717], [120.933073, 24.842776], [120.932827, 24.842872], [120.932679, 24.842689], [120.932755, 24.842642], [120.932847, 24.842782], [120.932653, 24.842862], [120.932329, 24.842567], [120.932545, 24.842517], [120.932412, 24.842327], [120.932427, 24.842226], [120.932365, 24.842267], [120.932629, 24.842487], [120.93268, 24.842392], [120.932814, 24.842402], [120.932606, 24.842167], [120.93252, 24.842192], [120.932644, 24.842346], [120.932786, 24.842039], [120.93288, 24.84228], [120.932985, 24.842166], [120.932877, 24.842013], [120.932968, 24.841953], [120.933087, 24.842172], [120.933027, 24.842217], [120.933126, 24.842243], [120.932884, 24.84236], [120.932706, 24.842598], [120.932995, 24.843061], [120.933307, 24.84291], [120.932872, 24.843116], [120.933003, 24.843248], [120.932768, 24.843271], [120.932916, 24.843436], [120.932628, 24.843543], [120.932483, 24.84337], [120.93201, 24.843566], [120.932023, 24.84388], [120.931655, 24.843775], [120.931577, 24.84355], [120.932228, 24.843186], [120.93206, 24.842742], [120.932529, 24.842065], [120.932693, 24.841984], [120.931931, 24.841391], [120.931653, 24.841572], [120.931552, 24.841438], [120.93128, 24.84159], [120.931172, 24.841505], [120.931366, 24.841409], [120.93126, 24.841288], [120.931334, 24.841205], [120.93136, 24.840874], [120.931193, 24.840717], [120.930912, 24.840829], [120.930984, 24.841111], [120.931077, 24.841098], [120.931098, 24.841195], [120.930912, 24.841239], [120.93098, 24.841374], [120.931142, 24.841324], [120.930861, 24.841422], [120.930706, 24.841321], [120.930495, 24.841348], [120.930277, 24.840916], [120.930593, 24.840773], [120.93061, 24.840854], [120.930523, 24.840868], [120.930703, 24.840843], [120.930709, 24.840897], [120.930674, 24.840695], [120.930559, 24.840638], [120.93061, 24.840514], [120.930525, 24.840383], [120.930428, 24.840392], [120.930543, 24.840162], [120.930802, 24.840177], [120.930898, 24.84075], [120.930991, 24.840567], [120.931165, 24.840594], [120.931393, 24.840399], [120.931506, 24.840579], [120.931407, 24.84068], [120.93153, 24.840804], [120.931613, 24.840725], [120.93184, 24.840943], [120.93189, 24.841022], [120.931715, 24.841105], [120.931607, 24.840988], [120.931434, 24.84115], [120.931538, 24.841278], [120.931468, 24.841328], [120.931403, 24.841276], [120.931553, 24.841193], [120.931577, 24.841253], [120.931992, 24.841307], [120.932354, 24.840948], [120.931799, 24.840354], [120.931586, 24.840464], [120.931508, 24.840273], [120.931332, 24.840328], [120.931185, 24.840177], [120.93107, 24.840255], [120.930985, 24.839886], [120.931073, 24.839872], [120.931159, 24.840074], [120.931342, 24.839945], [120.931414, 24.840017], [120.931219, 24.840151], [120.931114, 24.840429], [120.930953, 24.840386], [120.931067, 24.841023], [120.931183, 24.840894], [120.931543, 24.84166], [120.931412, 24.841755], [120.930758, 24.84188], [120.930658, 24.841706], [120.930873, 24.841631], [120.930838, 24.842157], [120.93112, 24.842724], [120.930842, 24.842869], [120.931009, 24.843204], [120.930781, 24.843366], [120.93075, 24.843606], [120.930797, 24.843697], [120.930921, 24.843651], [120.931061, 24.843832], [120.930895, 24.843919], [120.931053, 24.844032], [120.93115, 24.84401], [120.929433, 24.844857], [120.929313, 24.84472], [120.929057, 24.844816], [120.928941, 24.844751], [120.92899, 24.844542], [120.929086, 24.844535], [120.92912, 24.844697], [120.929382, 24.844684], [120.930682, 24.844024], [120.930392, 24.843813], [120.930253, 24.843548], [120.930537, 24.843405], [120.930277, 24.842873], [120.930591, 24.84314], [120.930724, 24.842514], [120.93129, 24.843714], [120.931105, 24.843812], [120.930704, 24.844452], [120.930462, 24.844676], [120.93052, 24.844773], [120.930457, 24.845079], [120.930696, 24.845233], [120.93071, 24.845031], [120.930259, 24.844615], [120.930191, 24.844647], [120.930227, 24.844704], [120.92999, 24.844738], [120.930118, 24.845205], [120.930204, 24.84527], [120.930236, 24.845635], [120.929883, 24.845607], [120.929659, 24.845817], [120.929374, 24.845831], [120.929293, 24.845743], [120.928962, 24.845938], [120.928983, 24.846246], [120.92879, 24.846115], [120.92884, 24.84546], [120.928992, 24.845364], [120.929037, 24.845437], [120.928872, 24.845148], [120.929197, 24.844965], [120.928914, 24.844897], [120.927547, 24.845562], [120.927679, 24.845731], [120.9279, 24.845649], [120.927288, 24.845939], [120.927373, 24.846129], [120.927595, 24.846015], [120.927696, 24.846159], [120.927802, 24.846079], [120.927712, 24.845941], [120.927889, 24.846257], [120.928103, 24.846456], [120.928747, 24.846568], [120.928695, 24.847401], [120.928614, 24.847454], [120.928687, 24.847619], [120.929546, 24.847644], [120.929384, 24.848136], [120.929079, 24.848686], [120.928837, 24.848379], [120.928646, 24.848352], [120.928589, 24.84822], [120.928663, 24.847855], [120.928437, 24.847472], [120.928302, 24.847465], [120.928133, 24.847078], [120.928884, 24.84717], [120.928903, 24.847433], [120.929351, 24.847457], [120.929412, 24.84683], [120.929322, 24.846743], [120.929146, 24.846744], [120.929099, 24.847335], [120.928891, 24.847124], [120.928958, 24.846432], [120.928765, 24.84652], [120.928776, 24.84622], [120.92927, 24.846006], [120.929377, 24.84602], [120.929266, 24.84621], [120.929621, 24.846095]]}}, {"type": "Feature", "properties": {"district": "1001802", "segment": 26, "total_segments": 30, "km": 14.16, "villages": ["南寮里"]}, "geometry": {"type": "LineString", "coordinates": [[120.930146, 24.846317], [120.930196, 24.846189], [120.93035, 24.846151], [120.93046, 24.846299], [120.930132, 24.846382], [120.930135, 24.846454], [120.929985, 24.846421], [120.929853, 24.846643], [120.929596, 24.846603], [120.929628, 24.846502], [120.929277, 24.846523], [120.929158, 24.846607], [120.929562, 24.846931], [120.929496, 24.847026], [120.929481, 24.847483], [120.92974, 24.847496], [120.929725, 24.847318], [120.929955, 24.847307], [120.930105, 24.847165], [120.930081, 24.84732], [120.930175, 24.847378], [120.930648, 24.847177], [120.930479, 24.84716], [120.930417, 24.847099], [120.930467, 24.847044], [120.930356, 24.84706], [120.930247, 24.846863], [120.930549, 24.846621], [120.930396, 24.846551], [120.930142, 24.846698], [120.930203, 24.846884], [120.9299, 24.846947], [120.929959, 24.847042], [120.929816, 24.847078], [120.929913, 24.846729], [120.929961, 24.847498], [120.930532, 24.847578], [120.93074, 24.847775], [120.930834, 24.846486], [120.930699, 24.846339], [120.93071, 24.846226], [120.930418, 24.845974], [120.930107, 24.845902], [120.929882, 24.844898], [120.929811, 24.844895], [120.929605, 24.845374], [120.929379, 24.845444], [120.929423, 24.845279], [120.929008, 24.8456], [120.929005, 24.845672], [120.928607, 24.845595], [120.928507, 24.845619], [120.928576, 24.8457], [120.928319, 24.845707], [120.928184, 24.845489], [120.928697, 24.84523], [120.92878, 24.844686], [120.928666, 24.844503], [120.928662, 24.84432], [120.928734, 24.844252], [120.928841, 24.844422], [120.928982, 24.84436], [120.929023, 24.844409], [120.928883, 24.844506], [120.929072, 24.844195], [120.929337, 24.844063], [120.929462, 24.844192], [120.929402, 24.844219], [120.929494, 24.844248], [120.929466, 24.844387], [120.929382, 24.844374], [120.929411, 24.844469], [120.929578, 24.84413], [120.929959, 24.84408], [120.929733, 24.843701], [120.92964, 24.843753], [120.929735, 24.843908], [120.929533, 24.843763], [120.929486, 24.843631], [120.9294, 24.843847], [120.928831, 24.844121], [120.928885, 24.843952], [120.928801, 24.843829], [120.9289, 24.843778], [120.929021, 24.843857], [120.928981, 24.843904], [120.927653, 24.844575], [120.927568, 24.844436], [120.927925, 24.844185], [120.927877, 24.844106], [120.927727, 24.84418], [120.927956, 24.844067], [120.928015, 24.844141], [120.92809, 24.84411], [120.928172, 24.844059], [120.928124, 24.843987], [120.928051, 24.844025], [120.928206, 24.84395], [120.928265, 24.844022], [120.928331, 24.843991], [120.928511, 24.844291], [120.92824, 24.844467], [120.928517, 24.844653], [120.928295, 24.84476], [120.92822, 24.844721], [120.928213, 24.844801], [120.928115, 24.844749], [120.928032, 24.844838], [120.928086, 24.844941], [120.928159, 24.844909], [120.927971, 24.845], [120.928068, 24.845161], [120.927968, 24.845189], [120.927882, 24.845044], [120.927884, 24.844734], [120.927841, 24.844675], [120.92773, 24.844722], [120.927688, 24.844649], [120.927802, 24.844924], [120.928011, 24.844552], [120.929999, 24.843661], [120.931956, 24.845277], [120.934478, 24.843408], [120.934739, 24.842294], [120.934769, 24.841679], [120.934672, 24.841522], [120.934724, 24.8415], [120.934817, 24.841655], [120.934945, 24.841403], [120.934757, 24.841301], [120.93442, 24.841491], [120.934208, 24.84134], [120.934463, 24.841247], [120.934019, 24.840524], [120.934026, 24.840723], [120.933631, 24.840783], [120.933342, 24.840965], [120.933526, 24.840899], [120.933375, 24.840695], [120.934056, 24.840253], [120.934306, 24.840554], [120.934372, 24.84052], [120.934556, 24.840154], [120.934487, 24.840012], [120.934691, 24.839887], [120.934861, 24.840245], [120.935024, 24.840007], [120.934882, 24.839859], [120.934799, 24.839872], [120.934978, 24.839764], [120.935052, 24.8398], [120.935673, 24.841491], [120.935621, 24.841511], [120.935678, 24.841792], [120.93619, 24.841512], [120.936511, 24.842387], [120.934311, 24.841715], [120.931561, 24.840086], [120.931282, 24.839796], [120.93107, 24.839765], [120.92989, 24.839948], [120.929982, 24.840221], [120.930221, 24.840213], [120.930075, 24.840437], [120.930185, 24.840708], [120.929857, 24.840598], [120.925295, 24.84637], [120.924503, 24.846364], [120.924952, 24.848072], [120.925931, 24.849309], [120.928084, 24.848994], [120.928844, 24.849153], [120.928327, 24.848294], [120.928752, 24.848143], [120.928776, 24.847795], [120.928944, 24.848009], [120.929106, 24.848054], [120.929129, 24.847973], [120.929043, 24.847957], [120.929346, 24.847855], [120.92901, 24.847796], [120.929493, 24.850199], [120.921195, 24.849585], [120.920494, 24.848902], [120.919524, 24.846457], [120.919736, 24.846144], [120.919974, 24.846298], [120.938629, 24.837762], [120.940457, 24.837473], [120.940757, 24.837781], [120.940145, 24.838045], [120.940189, 24.838141], [120.940862, 24.837836], [120.940944, 24.837896], [120.94102, 24.83782], [120.940954, 24.837756], [120.94101, 24.837671], [120.941274, 24.837567], [120.941147, 24.837438], [120.941233, 24.837384], [120.941397, 24.837598], [120.941314, 24.837625], [120.941423, 24.83781], [120.942049, 24.837455], [120.941757, 24.837059], [120.941616, 24.837144], [120.94186, 24.837439], [120.941606, 24.837423], [120.941468, 24.837235], [120.941397, 24.837276], [120.94154, 24.837464], [120.941059, 24.836874], [120.941219, 24.836771], [120.941113, 24.836719], [120.941007, 24.836804], [120.940869, 24.836647], [120.940995, 24.836544], [120.940755, 24.836859], [120.940664, 24.836873], [120.94059, 24.837077], [120.94045, 24.837047], [120.940528, 24.836677], [120.940366, 24.83703], [120.94045, 24.837334], [120.940311, 24.837257], [120.940807, 24.837278], [120.940922, 24.837435], [120.940753, 24.837523], [120.940899, 24.837664], [120.941045, 24.837364], [120.940744, 24.83703], [120.940799, 24.83694], [120.940957, 24.837007], [120.941175, 24.837276], [120.941423, 24.837096], [120.941263, 24.836885], [120.941334, 24.836839], [120.941495, 24.837044], [120.941598, 24.837], [120.941439, 24.836786], [120.941656, 24.836691], [120.941782, 24.836845], [120.941914, 24.83676], [120.941818, 24.836647], [120.94227, 24.837065], [120.942331, 24.836977], [120.942168, 24.836795], [120.941965, 24.836902], [120.942252, 24.837271], [120.941215, 24.837997], [120.941135, 24.837944], [120.940737, 24.838222], [120.940328, 24.838333], [120.939984, 24.837861], [120.940467, 24.837661], [120.940665, 24.836702], [120.940589, 24.836461], [120.94041, 24.836495], [120.940287, 24.836402]]}}, {"type": "Feature", "properties": {"district": "1001802", "segment": 27, "total_segments": 30, "km": 12.13, "villages": ["中寮里"]}, "geometry": {"type": "LineString", "coordinates": [[120.937718, 24.838445], [120.937729, 24.838637], [120.937375, 24.838917], [120.937192, 24.839026], [120.937065, 24.838882], [120.937002, 24.838922], [120.937206, 24.839189], [120.937344, 24.839088], [120.936993, 24.839335], [120.937134, 24.839525], [120.937055, 24.839578], [120.936894, 24.839398], [120.936621, 24.839591], [120.936753, 24.83971], [120.936923, 24.839625], [120.936981, 24.839691], [120.936883, 24.839763], [120.937061, 24.839891], [120.936877, 24.84], [120.936632, 24.839834], [120.936551, 24.840064], [120.936669, 24.840142], [120.936747, 24.840048], [120.936278, 24.839714], [120.936191, 24.839832], [120.936018, 24.839731], [120.936182, 24.839523], [120.936306, 24.839674], [120.936754, 24.839336], [120.936693, 24.839123], [120.936851, 24.839269], [120.936945, 24.839203], [120.93669, 24.838799], [120.936789, 24.838734], [120.936908, 24.838896], [120.937152, 24.838692], [120.937399, 24.838618], [120.937147, 24.838195], [120.937369, 24.838038], [120.937564, 24.838284], [120.937088, 24.838208], [120.936646, 24.838499], [120.93675, 24.83863], [120.937076, 24.838419], [120.937148, 24.838515], [120.93692, 24.838648], [120.936641, 24.838682], [120.936378, 24.838851], [120.936145, 24.8386], [120.936121, 24.838765], [120.936324, 24.839031], [120.936046, 24.839214], [120.93562, 24.838873], [120.935919, 24.838695], [120.935814, 24.838546], [120.935509, 24.838719], [120.93541, 24.838779], [120.93558, 24.838894], [120.935397, 24.838999], [120.935314, 24.839217], [120.935172, 24.839179], [120.934985, 24.839433], [120.93489, 24.839379], [120.935002, 24.839232], [120.93493, 24.839027], [120.935193, 24.838902], [120.934671, 24.838564], [120.934064, 24.838536], [120.933941, 24.838414], [120.933878, 24.838473], [120.93367, 24.83833], [120.933576, 24.838402], [120.933628, 24.83852], [120.933836, 24.838552], [120.933888, 24.838362], [120.934164, 24.838004], [120.934196, 24.838095], [120.933973, 24.838382], [120.933909, 24.838062], [120.933774, 24.838045], [120.933707, 24.83814], [120.933581, 24.838042], [120.933484, 24.838124], [120.933328, 24.838044], [120.933792, 24.837644], [120.933538, 24.83733], [120.933411, 24.83731], [120.93302, 24.837633], [120.933079, 24.837703], [120.933436, 24.837408], [120.933522, 24.837599], [120.933446, 24.837704], [120.93338, 24.837639], [120.933311, 24.837761], [120.933062, 24.837851], [120.932877, 24.837705], [120.932846, 24.83761], [120.932929, 24.837558], [120.932842, 24.837426], [120.932967, 24.837294], [120.932932, 24.837193], [120.933011, 24.837062], [120.933239, 24.837048], [120.933444, 24.837236], [120.933559, 24.837104], [120.933614, 24.837133], [120.933467, 24.836932], [120.932863, 24.836598], [120.932301, 24.837165], [120.932416, 24.83736], [120.93272, 24.837532], [120.932725, 24.837711], [120.933, 24.837934], [120.932863, 24.838065], [120.932933, 24.838121], [120.933073, 24.838021], [120.933224, 24.838148], [120.932986, 24.838341], [120.9329, 24.838198], [120.932794, 24.838386], [120.933236, 24.838717], [120.93336, 24.83859], [120.933299, 24.838358], [120.933347, 24.838302], [120.933291, 24.83826], [120.932854, 24.838669], [120.933332, 24.839018], [120.933267, 24.839151], [120.932978, 24.839167], [120.93299, 24.839073], [120.932832, 24.8391], [120.932805, 24.8389], [120.932091, 24.838993], [120.932138, 24.839186], [120.932574, 24.839141], [120.932567, 24.839212], [120.932688, 24.839201], [120.932668, 24.839127], [120.932739, 24.839113], [120.932779, 24.839198], [120.932868, 24.839182], [120.932178, 24.839258], [120.932228, 24.839639], [120.932315, 24.839624], [120.932136, 24.839648], [120.931853, 24.839855], [120.932705, 24.840821], [120.933038, 24.840617], [120.932952, 24.840503], [120.933083, 24.840466], [120.932945, 24.840234], [120.933101, 24.840155], [120.933188, 24.840297], [120.933314, 24.840219], [120.933242, 24.84008], [120.933326, 24.840043], [120.933398, 24.840172], [120.933571, 24.840092], [120.933503, 24.839962], [120.933843, 24.840157], [120.933329, 24.840413], [120.932856, 24.840395], [120.932748, 24.840242], [120.932813, 24.840145], [120.933465, 24.839838], [120.933388, 24.839698], [120.933487, 24.839672], [120.933704, 24.83994], [120.933811, 24.839845], [120.933624, 24.839459], [120.934018, 24.839584], [120.934135, 24.839527], [120.934179, 24.839596], [120.934336, 24.839497], [120.934585, 24.839598], [120.934698, 24.83943], [120.934469, 24.839331], [120.934424, 24.839237], [120.934778, 24.839102], [120.934764, 24.839463], [120.935379, 24.839725], [120.935518, 24.839714], [120.935684, 24.839902], [120.935998, 24.840034], [120.935935, 24.839678], [120.93609, 24.839466], [120.935951, 24.839381], [120.935792, 24.839597], [120.935698, 24.839551], [120.935869, 24.839331], [120.935745, 24.839249], [120.936136, 24.839308], [120.936339, 24.839438], [120.936442, 24.839305], [120.936524, 24.839327], [120.936435, 24.839195], [120.936312, 24.839273], [120.936086, 24.838396], [120.936914, 24.837922], [120.937011, 24.837905], [120.937017, 24.838083], [120.936942, 24.838152], [120.936889, 24.838068], [120.937118, 24.837819], [120.936845, 24.837368], [120.937684, 24.83934], [120.937483, 24.839594], [120.937857, 24.839336], [120.934354, 24.839886], [120.934218, 24.839707], [120.934133, 24.839752], [120.934255, 24.839949], [120.933958, 24.840099], [120.934063, 24.839657], [120.934236, 24.839451], [120.93406, 24.839361], [120.934012, 24.839014], [120.933742, 24.838998], [120.932794, 24.838626], [120.932706, 24.838795], [120.932408, 24.838833], [120.932401, 24.838638], [120.932618, 24.83848], [120.93203, 24.837885], [120.932194, 24.837772], [120.932504, 24.838128], [120.932569, 24.83796], [120.932717, 24.837981], [120.932707, 24.838318], [120.932047, 24.838553], [120.932032, 24.838438], [120.932164, 24.838381], [120.93171, 24.83866], [120.931754, 24.838734], [120.931948, 24.83863], [120.932035, 24.838784], [120.931719, 24.838906], [120.932318, 24.838646], [120.932112, 24.837682], [120.930683, 24.835602], [120.930662, 24.835347], [120.930537, 24.835342], [120.930332, 24.835052], [120.930293, 24.834795], [120.930206, 24.834855], [120.930054, 24.834703], [120.930139, 24.834431], [120.930204, 24.834501], [120.929985, 24.834422], [120.929638, 24.833161], [120.930257, 24.833191], [120.930489, 24.834064], [120.930682, 24.834432], [120.930587, 24.834499], [120.93095, 24.834882], [120.931077, 24.834809], [120.93114, 24.834886], [120.931007, 24.834964], [120.931057, 24.835122], [120.930971, 24.835136], [120.931044, 24.835222], [120.931163, 24.835161], [120.931275, 24.835291], [120.931125, 24.835369], [120.931188, 24.835445], [120.931039, 24.835544], [120.93086, 24.83539], [120.930794, 24.835147], [120.930855, 24.8356], [120.931371, 24.83534], [120.931318, 24.835261], [120.93169, 24.835315], [120.931745, 24.835378], [120.931327, 24.835745], [120.931334, 24.83596], [120.931433, 24.836062], [120.931604, 24.83586], [120.931544, 24.835723], [120.931844, 24.8355], [120.932118, 24.835776], [120.93191, 24.83589], [120.932196, 24.835862], [120.931778, 24.836196], [120.93181, 24.836291], [120.932081, 24.836137], [120.93217, 24.836266], [120.931905, 24.836407], [120.932073, 24.836672], [120.932176, 24.836499], [120.9321, 24.836425], [120.932215, 24.836337], [120.932274, 24.836443], [120.932391, 24.836334], [120.932339, 24.836151], [120.932509, 24.836236], [120.932584, 24.835938], [120.932763, 24.835936], [120.932902, 24.835794], [120.933076, 24.835821], [120.933113, 24.835676], [120.932957, 24.835558], [120.933287, 24.835651], [120.933347, 24.835533], [120.933634, 24.835789], [120.933031, 24.836124], [120.933319, 24.835125], [120.933225, 24.834517], [120.933372, 24.834279], [120.933536, 24.834227], [120.933451, 24.834179], [120.933576, 24.834066], [120.933685, 24.834173], [120.933509, 24.834005], [120.933469, 24.834361], [120.932509, 24.835104], [120.931525, 24.834869], [120.931337, 24.834936], [120.931144, 24.834689], [120.931274, 24.834451], [120.930838, 24.834321], [120.930801, 24.834529], [120.930499, 24.834744], [120.93147, 24.835099], [120.931299, 24.835575], [120.931741, 24.835822], [120.931764, 24.835938], [120.931614, 24.836287], [120.931455, 24.836375], [120.931517, 24.83645], [120.931681, 24.836364], [120.931765, 24.836488], [120.931557, 24.836606], [120.931737, 24.836825], [120.932053, 24.836912], [120.932127, 24.837029], [120.932166, 24.836883], [120.93171, 24.837437], [120.931879, 24.837722], [120.931468, 24.837956], [120.932516, 24.837587], [120.932571, 24.837683], [120.933616, 24.838013], [120.933901, 24.83778], [120.934039, 24.837927], [120.933949, 24.837522], [120.933867, 24.83746], [120.934556, 24.837826], [120.934394, 24.838188], [120.934344, 24.838905], [120.932957, 24.839573], [120.933118, 24.839892], [120.933208, 24.839856], [120.933166, 24.839783], [120.932838, 24.839908], [120.93289, 24.840003], [120.932806, 24.840039], [120.932629, 24.839828], [120.932492, 24.839916], [120.932612, 24.840102], [120.932821, 24.839874], [120.931263, 24.839171], [120.931121, 24.839003]]}}, {"type": "Feature", "properties": {"district": "1001802", "segment": 28, "total_segments": 30, "km": 14.98, "villages": ["海濱里"]}, "geometry": {"type": "LineString", "coordinates": [[120.931047, 24.838927], [120.931028, 24.838675], [120.931177, 24.838578], [120.931116, 24.838514], [120.930948, 24.838613], [120.931235, 24.83844], [120.931261, 24.838526], [120.93083, 24.83795], [120.931246, 24.837549], [120.931083, 24.837498], [120.930786, 24.837798], [120.930414, 24.838022], [120.930493, 24.838186], [120.930737, 24.838], [120.930569, 24.837586], [120.930825, 24.837474], [120.930799, 24.837397], [120.930258, 24.837624], [120.930479, 24.837625], [120.930176, 24.837423], [120.930336, 24.837121], [120.930179, 24.836782], [120.930279, 24.83676], [120.930242, 24.836653], [120.930044, 24.836709], [120.930073, 24.836807], [120.930128, 24.83679], [120.929937, 24.836847], [120.929954, 24.836897], [120.929664, 24.836122], [120.929123, 24.835187], [120.929195, 24.834982], [120.929124, 24.834972], [120.929084, 24.834829], [120.929303, 24.834693], [120.929169, 24.834645], [120.928994, 24.83472], [120.929288, 24.834948], [120.929519, 24.834727], [120.929211, 24.83422], [120.92932, 24.834092], [120.929506, 24.834065], [120.930074, 24.835142], [120.929907, 24.835352], [120.930089, 24.8354], [120.930137, 24.835506], [120.930327, 24.835428], [120.931153, 24.836654], [120.931202, 24.836873], [120.931072, 24.836946], [120.931295, 24.837268], [120.931161, 24.83741], [120.930993, 24.837402], [120.930967, 24.837329], [120.930855, 24.837378], [120.93091, 24.837439], [120.931377, 24.837182], [120.93141, 24.837033], [120.931299, 24.836854], [120.931553, 24.837281], [120.932288, 24.838182], [120.930655, 24.839147], [120.930747, 24.839343], [120.930845, 24.839297], [120.930799, 24.839226], [120.930845, 24.839419], [120.930634, 24.839442], [120.930576, 24.839337], [120.930287, 24.839516], [120.930134, 24.839537], [120.929974, 24.839435], [120.929968, 24.839553], [120.929768, 24.839514], [120.929739, 24.839397], [120.929905, 24.839301], [120.929562, 24.839212], [120.929526, 24.838987], [120.929783, 24.838992], [120.929728, 24.838863], [120.929633, 24.838923], [120.929602, 24.838691], [120.929455, 24.838784], [120.929332, 24.838562], [120.929379, 24.838544], [120.929115, 24.838697], [120.929068, 24.838605], [120.929385, 24.838244], [120.929487, 24.83823], [120.929452, 24.838075], [120.92938, 24.838148], [120.929332, 24.838051], [120.929337, 24.837779], [120.929181, 24.837845], [120.92893, 24.837537], [120.92912, 24.837484], [120.929058, 24.837189], [120.929244, 24.837257], [120.929274, 24.837483], [120.929764, 24.837563], [120.929821, 24.837637], [120.929681, 24.837207], [120.929226, 24.83705], [120.929198, 24.836866], [120.929288, 24.836777], [120.929031, 24.836712], [120.928925, 24.836505], [120.929074, 24.836467], [120.928975, 24.836393], [120.928778, 24.836484], [120.928763, 24.836323], [120.928595, 24.836375], [120.928449, 24.83617], [120.928388, 24.835959], [120.928463, 24.835913], [120.928535, 24.836038], [120.928819, 24.835961], [120.928866, 24.836041], [120.929002, 24.836011], [120.929059, 24.836229], [120.929243, 24.836329], [120.929301, 24.836216], [120.929072, 24.835829], [120.928801, 24.836057], [120.928544, 24.836127], [120.928415, 24.835803], [120.928595, 24.835722], [120.928352, 24.835358], [120.928281, 24.835454], [120.928357, 24.835597], [120.928089, 24.835695], [120.928122, 24.835934], [120.927658, 24.835902], [120.927551, 24.835788], [120.927822, 24.835568], [120.927819, 24.835255], [120.927918, 24.835035], [120.928023, 24.835107], [120.928262, 24.835055], [120.9282, 24.834773], [120.928374, 24.834615], [120.92844, 24.834728], [120.928345, 24.834822], [120.928456, 24.834803], [120.92857, 24.835003], [120.928487, 24.835088], [120.928796, 24.835362], [120.928147, 24.834667], [120.928029, 24.834336], [120.927648, 24.834494], [120.927756, 24.834769], [120.927542, 24.834783], [120.927122, 24.834985], [120.927078, 24.834598], [120.927322, 24.834425], [120.927401, 24.834523], [120.927403, 24.834768], [120.927556, 24.834981], [120.927626, 24.834948], [120.927513, 24.835062], [120.927567, 24.835167], [120.927445, 24.835223], [120.927348, 24.835085], [120.927265, 24.835115], [120.927348, 24.835282], [120.92747, 24.835016], [120.927522, 24.834287], [120.92737, 24.834025], [120.927514, 24.834094], [120.927141, 24.834182], [120.927091, 24.834309], [120.926807, 24.833752], [120.927061, 24.833405], [120.926997, 24.83329], [120.927081, 24.833245], [120.927255, 24.83354], [120.927693, 24.833523], [120.928328, 24.834479], [120.929571, 24.833761], [120.92934, 24.833398], [120.92943, 24.833354], [120.929369, 24.833258], [120.928525, 24.833616], [120.928551, 24.833694], [120.928232, 24.83368], [120.927693, 24.832888], [120.928147, 24.83291], [120.928255, 24.833071], [120.928033, 24.833221], [120.928074, 24.833282], [120.928436, 24.833081], [120.928575, 24.833311], [120.928294, 24.832849], [120.927654, 24.832418], [120.927436, 24.832484], [120.927054, 24.832775], [120.927114, 24.833042], [120.926301, 24.833451], [120.926237, 24.833286], [120.92722, 24.833001], [120.927255, 24.833055], [120.92634, 24.83436], [120.926407, 24.83447], [120.924259, 24.83372], [120.924021, 24.833804], [120.91972, 24.832854], [120.919465, 24.8325], [120.919083, 24.832697], [120.919453, 24.833315], [120.917193, 24.834744], [120.916362, 24.834204], [120.915742, 24.833379], [120.920388, 24.841632], [120.924303, 24.84119], [120.924586, 24.841073], [120.924981, 24.841639], [120.925301, 24.841471], [120.925409, 24.841717], [120.92521, 24.841823], [120.925118, 24.841693], [120.924912, 24.841772], [120.924836, 24.841826], [120.92491, 24.841904], [120.925057, 24.841808], [120.924962, 24.841976], [120.925343, 24.842403], [120.925372, 24.842295], [120.925688, 24.842136], [120.925933, 24.842629], [120.926149, 24.842559], [120.925875, 24.842054], [120.926185, 24.841874], [120.926279, 24.842013], [120.926057, 24.84214], [120.926105, 24.842218], [120.926336, 24.842097], [120.926379, 24.842192], [120.926664, 24.842004], [120.926719, 24.842094], [120.926563, 24.842175], [120.926585, 24.842255], [120.926796, 24.842482], [120.927119, 24.842271], [120.927034, 24.842163], [120.92732, 24.842196], [120.92768, 24.841986], [120.927618, 24.841855], [120.92744, 24.841955], [120.927346, 24.841819], [120.927531, 24.841716], [120.92743, 24.841675], [120.927373, 24.841489], [120.927032, 24.841093], [120.926816, 24.840643], [120.926985, 24.840546], [120.927205, 24.840607], [120.927343, 24.840459], [120.927533, 24.840959], [120.927399, 24.840959], [120.927198, 24.841127], [120.927065, 24.840915], [120.926863, 24.840947], [120.926678, 24.840705], [120.926515, 24.840815], [120.926557, 24.840931], [120.926648, 24.840886], [120.926979, 24.841255], [120.926483, 24.841267], [120.926368, 24.841133], [120.926215, 24.841341], [120.926365, 24.841556], [120.926255, 24.841607], [120.926112, 24.841399], [120.926126, 24.841669], [120.926451, 24.841936], [120.926573, 24.841867], [120.926417, 24.841972], [120.926524, 24.842417], [120.926491, 24.842658], [120.926377, 24.842718], [120.926429, 24.84299], [120.926504, 24.842836], [120.926038, 24.843018], [120.926091, 24.842894], [120.926209, 24.843089], [120.926117, 24.843138], [120.92626, 24.843059], [120.925927, 24.843215], [120.926487, 24.843922], [120.926809, 24.843926], [120.927035, 24.843816], [120.926713, 24.843108], [120.926897, 24.842768], [120.926818, 24.842637], [120.927217, 24.84243], [120.927439, 24.842399], [120.927515, 24.842501], [120.92741, 24.842318], [120.927937, 24.842092], [120.928042, 24.842213], [120.928123, 24.842167], [120.92801, 24.842008], [120.927916, 24.842056], [120.927835, 24.841934], [120.927878, 24.841829], [120.928155, 24.841671], [120.927967, 24.841389], [120.928242, 24.841303], [120.928335, 24.841185], [120.928456, 24.841136], [120.928535, 24.841253], [120.928193, 24.841463], [120.928277, 24.841514], [120.928401, 24.841464], [120.928248, 24.84155], [120.928354, 24.84172], [120.928292, 24.841874], [120.928352, 24.841977], [120.92825, 24.842049], [120.928166, 24.841918], [120.928116, 24.841944], [120.928149, 24.842375], [120.927994, 24.842444], [120.928281, 24.842305], [120.928468, 24.841903], [120.928721, 24.842048], [120.928791, 24.84202], [120.928927, 24.842218], [120.928793, 24.84228], [120.929081, 24.842739], [120.929358, 24.842699], [120.929224, 24.84235], [120.929393, 24.841757], [120.929405, 24.841417], [120.929312, 24.841116], [120.929123, 24.841196], [120.928968, 24.841431], [120.929061, 24.84157], [120.928834, 24.841712], [120.928744, 24.841569], [120.928862, 24.841774], [120.92877, 24.841156], [120.928939, 24.840636], [120.929202, 24.84052], [120.9293, 24.840705], [120.929807, 24.84051], [120.930166, 24.841443], [120.930072, 24.841511], [120.929799, 24.841307], [120.929694, 24.841128], [120.929587, 24.841171], [120.929644, 24.841379], [120.929489, 24.841046], [120.929641, 24.841014], [120.929707, 24.840299], [120.929542, 24.839992], [120.92899, 24.840035], [120.929004, 24.840207], [120.928902, 24.840168], [120.928881, 24.840067], [120.9286, 24.840099], [120.928629, 24.84035], [120.928531, 24.840088], [120.928243, 24.840131], [120.928106, 24.839676], [120.929761, 24.839602], [120.930299, 24.839088], [120.930172, 24.838428], [120.929999, 24.838504], [120.929906, 24.83836], [120.929835, 24.838382], [120.930018, 24.838291], [120.929782, 24.837821], [120.929588, 24.837796], [120.929126, 24.838117], [120.928825, 24.837972], [120.928329, 24.837095], [120.9286, 24.836769], [120.928745, 24.836751], [120.9287, 24.836582], [120.928762, 24.836576], [120.928632, 24.836591], [120.929462, 24.836565], [120.929534, 24.836763], [120.929352, 24.836415], [120.929847, 24.836147], [120.929962, 24.836311], [120.930238, 24.836215], [120.930342, 24.836366], [120.93029, 24.836393], [120.930461, 24.836301], [120.930603, 24.836097], [120.930629, 24.836263]]}}, {"type": "Feature", "properties": {"district": "1001802", "segment": 29, "total_segments": 30, "km": 14.73, "villages": ["海濱里", "港北里"]}, "geometry": {"type": "LineString", "coordinates": [[120.929564, 24.83452], [120.92959, 24.833896], [120.929169, 24.833714], [120.929285, 24.833547], [120.9295, 24.8384], [120.929907, 24.838716], [120.926993, 24.83926], [120.927308, 24.840778], [120.927368, 24.840868], [120.927605, 24.840764], [120.927658, 24.840848], [120.927552, 24.841271], [120.927749, 24.841793], [120.927842, 24.841517], [120.92721, 24.841584], [120.927265, 24.841771], [120.927098, 24.84186], [120.926882, 24.841526], [120.927108, 24.841541], [120.926847, 24.841853], [120.925826, 24.842066], [120.92547, 24.841992], [120.925462, 24.842579], [120.925887, 24.84318], [120.925614, 24.843226], [120.926312, 24.844169], [120.926601, 24.844065], [120.926773, 24.844254], [120.92712, 24.844083], [120.92725, 24.84427], [120.926929, 24.844522], [120.9271, 24.844608], [120.927588, 24.845369], [120.927727, 24.845216], [120.927569, 24.844959], [120.927258, 24.844482], [120.926477, 24.843575], [120.926585, 24.843508], [120.925617, 24.841325], [120.925987, 24.841113], [120.924345, 24.841704], [120.924185, 24.841625], [120.924106, 24.841668], [120.925471, 24.8379], [120.929592, 24.842407], [120.929656, 24.842371], [120.929717, 24.842481], [120.929653, 24.842517], [120.929979, 24.842426], [120.929937, 24.84227], [120.930093, 24.842214], [120.930241, 24.842477], [120.930477, 24.842381], [120.930422, 24.842291], [120.930294, 24.842297], [120.930533, 24.842357], [120.930561, 24.842261], [120.929961, 24.842593], [120.93012, 24.842752], [120.929688, 24.843127], [120.929842, 24.843394], [120.929684, 24.843488], [120.929606, 24.843515], [120.929441, 24.843254], [120.929573, 24.84319], [120.929515, 24.843097], [120.929379, 24.843162], [120.929633, 24.843037], [120.929349, 24.842892], [120.928775, 24.833445], [120.928596, 24.833051], [120.928974, 24.832858], [120.929269, 24.832819], [120.929125, 24.832287], [120.929319, 24.832229], [120.929271, 24.832111], [120.929516, 24.832023], [120.929503, 24.831861], [120.929598, 24.831841], [120.929752, 24.831957], [120.929796, 24.832091], [120.929591, 24.832161], [120.929478, 24.832307], [120.929558, 24.832549], [120.929884, 24.832468], [120.929807, 24.832191], [120.929762, 24.832346], [120.929613, 24.832382], [120.92961, 24.832913], [120.929348, 24.833121], [120.928998, 24.833083], [120.928942, 24.832994], [120.928848, 24.833035], [120.928906, 24.833125], [120.928833, 24.83323], [120.928927, 24.833371], [120.92842, 24.832737], [120.928897, 24.832353], [120.929, 24.831963], [120.928939, 24.831704], [120.929134, 24.831714], [120.929028, 24.831275], [120.928927, 24.831073], [120.928742, 24.831117], [120.92886, 24.831504], [120.928607, 24.831719], [120.928232, 24.83149], [120.928587, 24.831226], [120.928575, 24.831134], [120.928446, 24.831208], [120.928374, 24.830963], [120.928584, 24.830978], [120.928656, 24.83088], [120.928617, 24.830788], [120.928723, 24.831071], [120.928821, 24.830707], [120.929005, 24.830799], [120.929144, 24.830677], [120.929062, 24.830424], [120.928805, 24.830462], [120.928863, 24.830161], [120.929483, 24.829991], [120.929434, 24.829822], [120.929265, 24.829897], [120.929593, 24.829889], [120.92952, 24.829621], [120.929813, 24.829521], [120.929775, 24.829387], [120.929647, 24.829452], [120.929059, 24.829447], [120.92902, 24.829324], [120.928922, 24.829342], [120.92894, 24.829565], [120.928429, 24.829669], [120.928558, 24.830031], [120.928352, 24.830076], [120.928384, 24.83017], [120.928205, 24.82957], [120.928087, 24.829327], [120.927963, 24.829295], [120.927782, 24.829453], [120.927873, 24.82953], [120.927575, 24.829622], [120.927479, 24.83003], [120.926799, 24.829917], [120.926789, 24.83002], [120.927158, 24.83003], [120.927172, 24.829835], [120.926802, 24.829814], [120.926812, 24.829719], [120.927291, 24.829748], [120.927286, 24.82984], [120.927226, 24.829836], [120.927309, 24.829389], [120.927228, 24.829309], [120.927166, 24.829349], [120.927146, 24.829629], [120.927068, 24.829631], [120.927081, 24.829432], [120.926943, 24.829573], [120.926797, 24.830426], [120.926821, 24.830959], [120.926892, 24.831096], [120.927074, 24.831071], [120.927131, 24.831185], [120.927385, 24.831161], [120.927663, 24.831857], [120.927836, 24.831787], [120.927757, 24.831594], [120.927985, 24.831545], [120.928051, 24.831734], [120.927964, 24.831764], [120.928049, 24.831888], [120.928139, 24.831711], [120.928165, 24.831217], [120.928066, 24.830951], [120.92787, 24.830996], [120.927938, 24.83123], [120.927852, 24.831254], [120.927655, 24.830925], [120.927603, 24.830624], [120.927948, 24.830587], [120.927975, 24.830677], [120.927739, 24.830746], [120.927772, 24.8309], [120.927924, 24.830861], [120.927993, 24.830753], [120.927451, 24.830668], [120.927511, 24.830954], [120.927331, 24.83093], [120.92734, 24.831028], [120.927574, 24.831146], [120.927678, 24.831427], [120.927313, 24.83164], [120.9272, 24.831442], [120.92707, 24.831432], [120.927211, 24.83196], [120.92739, 24.832153], [120.927512, 24.832144], [120.927535, 24.832238], [120.92742, 24.832251], [120.927316, 24.832381], [120.926934, 24.831571], [120.926913, 24.831366], [120.927344, 24.831738], [120.927349, 24.83189], [120.927467, 24.832049], [120.928431, 24.83219], [120.929215, 24.831971], [120.929163, 24.831801], [120.929332, 24.831756], [120.929396, 24.831953], [120.929326, 24.83197], [120.9293, 24.831541], [120.929588, 24.831482], [120.929484, 24.831391], [120.929294, 24.831431], [120.929239, 24.831084], [120.929441, 24.831017], [120.929369, 24.830765], [120.92955, 24.830794], [120.929641, 24.831027], [120.929761, 24.831067], [120.929864, 24.830927], [120.929953, 24.83098], [120.929845, 24.831173], [120.929738, 24.831104], [120.930275, 24.830121], [120.930028, 24.829828], [120.92989, 24.829306], [120.930189, 24.829349], [120.930174, 24.829154], [120.930279, 24.829644], [120.929693, 24.829079], [120.929655, 24.828948], [120.929805, 24.828973], [120.92991, 24.828712], [120.929329, 24.828562], [120.92931, 24.828689], [120.92923, 24.828706], [120.929347, 24.829102], [120.929251, 24.829202], [120.929269, 24.829303], [120.929127, 24.829308], [120.929014, 24.829108], [120.928868, 24.829136], [120.928861, 24.8293], [120.928903, 24.828974], [120.929146, 24.828868], [120.928969, 24.828647], [120.928631, 24.828775], [120.92868, 24.828939], [120.92852, 24.828949], [120.9285, 24.828712], [120.928588, 24.828641], [120.928307, 24.828599], [120.928064, 24.82868], [120.928139, 24.828916], [120.927964, 24.829041], [120.928049, 24.829207], [120.928438, 24.829168], [120.928387, 24.82953], [120.928621, 24.829477], [120.92871, 24.829095], [120.92917, 24.82896], [120.929196, 24.829052], [120.929468, 24.828976], [120.929388, 24.828897], [120.929391, 24.828709], [120.929204, 24.829588], [120.927958, 24.829703], [120.927807, 24.830453], [120.927061, 24.830562], [120.927072, 24.830697], [120.927286, 24.83068], [120.928211, 24.830949], [120.928324, 24.831266], [120.927277, 24.829041], [120.927412, 24.828935], [120.927256, 24.828734], [120.927357, 24.828681], [120.927247, 24.828468], [120.927553, 24.82783], [120.927736, 24.828015], [120.927935, 24.828087], [120.928036, 24.828531], [120.927522, 24.828879], [120.927384, 24.828745], [120.927107, 24.827879], [120.926909, 24.827701], [120.926965, 24.827653], [120.927143, 24.827823], [120.927263, 24.827509], [120.926957, 24.827464], [120.927391, 24.826769], [120.927719, 24.826666], [120.927636, 24.826026], [120.927517, 24.825756], [120.927888, 24.825634], [120.928732, 24.825756], [120.928714, 24.825658], [120.92756, 24.825525], [120.927119, 24.825642], [120.926521, 24.826055], [120.926118, 24.826201], [120.926121, 24.826011], [120.925867, 24.826461], [120.925934, 24.826584], [120.926044, 24.82648], [120.925529, 24.826863], [120.925343, 24.826787], [120.925631, 24.826578], [120.925119, 24.827204], [120.92533, 24.82745], [120.9256, 24.827411], [120.926034, 24.827598], [120.924832, 24.827513], [120.923737, 24.826808], [120.923229, 24.82699], [120.922558, 24.82626], [120.922606, 24.826052], [120.921657, 24.825531]]}}, {"type": "Feature", "properties": {"district": "1001802", "segment": 30, "total_segments": 30, "km": 5.56, "villages": ["港北里"]}, "geometry": {"type": "LineString", "coordinates": [[120.922554, 24.828643], [120.922703, 24.828626], [120.922888, 24.828849], [120.922664, 24.829154], [120.923997, 24.828268], [120.924702, 24.828912], [120.924951, 24.828913], [120.925218, 24.829128], [120.925215, 24.828898], [120.925333, 24.828762], [120.925647, 24.829221], [120.925482, 24.829338], [120.925425, 24.829269], [120.925239, 24.829512], [120.92481, 24.829704], [120.924514, 24.829462], [120.924671, 24.829187], [120.924364, 24.830431], [120.924207, 24.830546], [120.924377, 24.830663], [120.92407, 24.831], [120.925477, 24.83159], [120.92477, 24.832839], [120.922017, 24.832552], [120.92143, 24.833172], [120.922078, 24.834534], [120.92161, 24.831608], [120.920636, 24.829417], [120.919615, 24.829392], [120.91956, 24.829454], [120.919615, 24.829503], [120.919471, 24.829648], [120.91956, 24.829696], [120.919353, 24.829679], [120.919363, 24.82949], [120.919264, 24.829492], [120.919201, 24.829299], [120.919314, 24.829134], [120.919576, 24.829247], [120.919568, 24.829158], [120.919502, 24.82917], [120.917495, 24.830804], [120.917372, 24.830828], [120.916579, 24.830496], [120.91596, 24.829308], [120.91481, 24.82806], [120.914107, 24.828561], [120.913839, 24.828532], [120.927731, 24.826705], [120.927793, 24.826521], [120.92773, 24.826257], [120.928079, 24.825386], [120.9282, 24.825274], [120.929005, 24.825015], [120.929107, 24.82503], [120.929013, 24.825707], [120.929285, 24.825768], [120.929231, 24.825886], [120.928915, 24.825799], [120.929282, 24.825899], [120.931127, 24.82551]]}}]}