{"type": "FeatureCollection", "features": [{"type": "Feature", "properties": {"district": "1000506", "segment": 1, "total_segments": 36, "km": 14.99, "villages": ["中和里"]}, "geometry": {"type": "LineString", "coordinates": [[120.731173, 24.596533], [120.731224, 24.596293], [120.731411, 24.596366], [120.731494, 24.596506], [120.731679, 24.59623], [120.730954, 24.596346], [120.730684, 24.596158], [120.730649, 24.595921], [120.730405, 24.595773], [120.730209, 24.596049], [120.730374, 24.596325], [120.730927, 24.59614], [120.730567, 24.59536], [120.730746, 24.595362], [120.730412, 24.595035], [120.730147, 24.595074], [120.730334, 24.595351], [120.730209, 24.594724], [120.730035, 24.594656], [120.729953, 24.594449], [120.730153, 24.59425], [120.730237, 24.593994], [120.729478, 24.593362], [120.72936, 24.593839], [120.729675, 24.594297], [120.729317, 24.59466], [120.729832, 24.595882], [120.729555, 24.595974], [120.731293, 24.597725], [120.73281, 24.596519], [120.732362, 24.599727], [120.728102, 24.603699], [120.727573, 24.603187], [120.728935, 24.60472], [120.728676, 24.604974], [120.733445, 24.609273], [120.737637, 24.604896], [120.738222, 24.604652], [120.738353, 24.604408], [120.738336, 24.604253], [120.738492, 24.604194], [120.738335, 24.604097], [120.73836, 24.604023], [120.738151, 24.603772], [120.738328, 24.603546], [120.738208, 24.603352], [120.738252, 24.60325], [120.738124, 24.603115], [120.738286, 24.603071], [120.738175, 24.602864], [120.73798, 24.602925], [120.737801, 24.602442], [120.737811, 24.603144], [120.737896, 24.603478], [120.738475, 24.603746], [120.738865, 24.604166], [120.738723, 24.604422], [120.738594, 24.604452], [120.738524, 24.604336], [120.738054, 24.604289], [120.738387, 24.604833], [120.7387, 24.604813], [120.73874, 24.604751], [120.738699, 24.604933], [120.738615, 24.604977], [120.738658, 24.605034], [120.738801, 24.604993], [120.738881, 24.605091], [120.738687, 24.605247], [120.738522, 24.605185], [120.73842, 24.605252], [120.738302, 24.605074], [120.738414, 24.605011], [120.738146, 24.605108], [120.738107, 24.605259], [120.739655, 24.605156], [120.739602, 24.60472], [120.739466, 24.60487], [120.739132, 24.603636], [120.73895, 24.603529], [120.739023, 24.60342], [120.738889, 24.603368], [120.738661, 24.603598], [120.738574, 24.603513], [120.738977, 24.602973], [120.737068, 24.60328], [120.740611, 24.604012], [120.740903, 24.604317], [120.7411, 24.604402], [120.740916, 24.604749], [120.740815, 24.603732], [120.740944, 24.603536], [120.741187, 24.603701], [120.74568, 24.604992], [120.745738, 24.604872], [120.74187, 24.608035], [120.745265, 24.599554], [120.745154, 24.599341], [120.745319, 24.599148], [120.745249, 24.598985], [120.745101, 24.599041], [120.744908, 24.598978], [120.744953, 24.598857], [120.744664, 24.59896], [120.744693, 24.599219], [120.744984, 24.59926], [120.744987, 24.599345], [120.744874, 24.599312], [120.744938, 24.599125], [120.745026, 24.599165], [120.745679, 24.598716], [120.745351, 24.598653], [120.745426, 24.598319], [120.745705, 24.598069], [120.746086, 24.598748], [120.74623, 24.59934], [120.746104, 24.59943], [120.745702, 24.599283], [120.745637, 24.599332], [120.746693, 24.597427], [120.747357, 24.597589], [120.748247, 24.59836], [120.747376, 24.595224], [120.747833, 24.593981], [120.747583, 24.593843], [120.746904, 24.593006], [120.746856, 24.592637], [120.745923, 24.593508], [120.745349, 24.593719], [120.744938, 24.592854], [120.74448, 24.592604], [120.743591, 24.59366], [120.743391, 24.594208], [120.743849, 24.5944], [120.743665, 24.595037], [120.743891, 24.595218], [120.744909, 24.594961], [120.745328, 24.594767], [120.742707, 24.59427], [120.742336, 24.59414], [120.741599, 24.593124], [120.741321, 24.593158], [120.741234, 24.592877], [120.741595, 24.592815], [120.741279, 24.591285], [120.739894, 24.592467], [120.738494, 24.590408], [120.736946, 24.589277], [120.73607, 24.588425], [120.736001, 24.588695], [120.735773, 24.588607], [120.734937, 24.588611], [120.734732, 24.588097], [120.73443, 24.587835], [120.734135, 24.588018], [120.733946, 24.588293], [120.733712, 24.588082], [120.7334, 24.589302], [120.733605, 24.589336], [120.733743, 24.589461], [120.733612, 24.589613], [120.733579, 24.589554], [120.733752, 24.589783], [120.733881, 24.589764], [120.733314, 24.589919], [120.733317, 24.589707], [120.733113, 24.589451], [120.733144, 24.589272], [120.73432, 24.589293], [120.734506, 24.589755], [120.734225, 24.589853], [120.736366, 24.59106], [120.736129, 24.58797], [120.735858, 24.587458], [120.735579, 24.587184], [120.735175, 24.587449], [120.73531, 24.58718], [120.735056, 24.587167], [120.73607, 24.58675], [120.736489, 24.586387], [120.736908, 24.586422], [120.736963, 24.586535]]}}, {"type": "Feature", "properties": {"district": "1000506", "segment": 2, "total_segments": 36, "km": 14.94, "villages": ["中和里"]}, "geometry": {"type": "LineString", "coordinates": [[120.737155, 24.586534], [120.737138, 24.586678], [120.736345, 24.58676], [120.736866, 24.587211], [120.736824, 24.587382], [120.737085, 24.587424], [120.7377, 24.586872], [120.737718, 24.586726], [120.73799, 24.586795], [120.738448, 24.586535], [120.738035, 24.586028], [120.737767, 24.586308], [120.737725, 24.585494], [120.737527, 24.585474], [120.737889, 24.585327], [120.738116, 24.58549], [120.738072, 24.585094], [120.738282, 24.584987], [120.738083, 24.58467], [120.737634, 24.585055], [120.737258, 24.585146], [120.737225, 24.585099], [120.736955, 24.585657], [120.735641, 24.585589], [120.73483, 24.586102], [120.734104, 24.584736], [120.733911, 24.582699], [120.73392, 24.582509], [120.734072, 24.582421], [120.734006, 24.582281], [120.734224, 24.582561], [120.734544, 24.582305], [120.735384, 24.582522], [120.737302, 24.581238], [120.737124, 24.58092], [120.737195, 24.580225], [120.737469, 24.579684], [120.737698, 24.579631], [120.737865, 24.580108], [120.73842, 24.580419], [120.738269, 24.580755], [120.738727, 24.580843], [120.737684, 24.581423], [120.738046, 24.58228], [120.738652, 24.582088], [120.738394, 24.583691], [120.738125, 24.583872], [120.740406, 24.583683], [120.740793, 24.583735], [120.740882, 24.583851], [120.740703, 24.583947], [120.741095, 24.583875], [120.74142, 24.583648], [120.741475, 24.583711], [120.741651, 24.5835], [120.740916, 24.583546], [120.740467, 24.585047], [120.740889, 24.585726], [120.739159, 24.586697], [120.740856, 24.582554], [120.741385, 24.582074], [120.745175, 24.582745], [120.745789, 24.583621], [120.745218, 24.585779], [120.745741, 24.586701], [120.745858, 24.586712], [120.745479, 24.586842], [120.74545, 24.586986], [120.745035, 24.587242], [120.745021, 24.587624], [120.74472, 24.587926], [120.74462, 24.587467], [120.744391, 24.587323], [120.744321, 24.588353], [120.744086, 24.588443], [120.744056, 24.59009], [120.743659, 24.590125], [120.746308, 24.588721], [120.746154, 24.586974], [120.748518, 24.580841], [120.748858, 24.580819], [120.748681, 24.580306], [120.750131, 24.580668], [120.750057, 24.580942], [120.744406, 24.579602], [120.744314, 24.579395], [120.73788, 24.5789], [120.737446, 24.579145], [120.736625, 24.57933], [120.736294, 24.578993], [120.735742, 24.57952], [120.735572, 24.579368], [120.736399, 24.578543], [120.736349, 24.578456], [120.736449, 24.57857], [120.736474, 24.578859], [120.73655, 24.578858], [120.735957, 24.578582], [120.735396, 24.5787], [120.735197, 24.578989], [120.735189, 24.578878], [120.735109, 24.578843], [120.734879, 24.57899], [120.735064, 24.579332], [120.73542, 24.579577], [120.73537, 24.579889], [120.735689, 24.580067], [120.736761, 24.579917], [120.734591, 24.579448], [120.734584, 24.578474], [120.7347, 24.578305], [120.732721, 24.581214], [120.73152, 24.583493], [120.73203, 24.584238], [120.732411, 24.584587], [120.731332, 24.585502], [120.730807, 24.586696], [120.730976, 24.586844], [120.731276, 24.586926], [120.731842, 24.586927], [120.731959, 24.586861], [120.730054, 24.584754], [120.730113, 24.583863], [120.729373, 24.583581], [120.729128, 24.583115], [120.727436, 24.583164], [120.729078, 24.592182], [120.729408, 24.5926], [120.72895, 24.593014], [120.741464, 24.595569], [120.741828, 24.595993], [120.741925, 24.595771], [120.741351, 24.596073], [120.741364, 24.596329], [120.741691, 24.596356], [120.741816, 24.596513], [120.742322, 24.596765], [120.742524, 24.597137], [120.74273, 24.597276], [120.742827, 24.597654]]}}, {"type": "Feature", "properties": {"district": "1000506", "segment": 3, "total_segments": 36, "km": 12.38, "villages": ["中和里", "龍津里"]}, "geometry": {"type": "LineString", "coordinates": [[120.742975, 24.596315], [120.759514, 24.604445], [120.760622, 24.609484], [120.761765, 24.610127], [120.762805, 24.610111], [120.763134, 24.610457], [120.763093, 24.610559], [120.763221, 24.610551], [120.763292, 24.610645], [120.764042, 24.610199], [120.763239, 24.61021], [120.763245, 24.610401], [120.763053, 24.610778], [120.762671, 24.610843], [120.762161, 24.611599], [120.762288, 24.611717], [120.761796, 24.611814], [120.761408, 24.611185], [120.761172, 24.611069], [120.761039, 24.61126], [120.760881, 24.61105], [120.760687, 24.610912], [120.760607, 24.610952], [120.760481, 24.611056], [120.761098, 24.610823], [120.76166, 24.611072], [120.760651, 24.612145], [120.760438, 24.612174], [120.760321, 24.612339], [120.760148, 24.612325], [120.76004, 24.612134], [120.75971, 24.611931], [120.759478, 24.612016], [120.759249, 24.611997], [120.759192, 24.612076], [120.758883, 24.612028], [120.758866, 24.612324], [120.758746, 24.612226], [120.758592, 24.612393], [120.758367, 24.612457], [120.758274, 24.612469], [120.758182, 24.612339], [120.75804, 24.612412], [120.757937, 24.612345], [120.757992, 24.612632], [120.75785, 24.612636], [120.757735, 24.612539], [120.757406, 24.612556], [120.757434, 24.612332], [120.757562, 24.612429], [120.757743, 24.612143], [120.757483, 24.612216], [120.757312, 24.612388], [120.757045, 24.612222], [120.756369, 24.612534], [120.757149, 24.612601], [120.757223, 24.612718], [120.75818, 24.612706], [120.75824, 24.612805], [120.758171, 24.612839], [120.75836, 24.612806], [120.758361, 24.612714], [120.758826, 24.612466], [120.758963, 24.6125], [120.759163, 24.612332], [120.759126, 24.612209], [120.75926, 24.6125], [120.759377, 24.612537], [120.759444, 24.612346], [120.759578, 24.612364], [120.759592, 24.612269], [120.759483, 24.612213], [120.759562, 24.612071], [120.759727, 24.612391], [120.759986, 24.612434], [120.759762, 24.612615], [120.759258, 24.612664], [120.758524, 24.612248], [120.758364, 24.612296], [120.758376, 24.612082], [120.75802, 24.612176], [120.758092, 24.611453], [120.758351, 24.610937], [120.758235, 24.610834], [120.759564, 24.611222], [120.759501, 24.611144], [120.760036, 24.6119], [120.760321, 24.61197], [120.760218, 24.612127], [120.760487, 24.612413], [120.763089, 24.609966], [120.756869, 24.610476], [120.754257, 24.610409], [120.76906, 24.607251], [120.769084, 24.605139], [120.769517, 24.60505], [120.769148, 24.604648], [120.772129, 24.606751], [120.77297, 24.606467], [120.772862, 24.606143], [120.77319, 24.606377], [120.773075, 24.606619], [120.773184, 24.606672], [120.773357, 24.606625], [120.77351, 24.606751], [120.773616, 24.607108], [120.773112, 24.607227], [120.772969, 24.606805], [120.774352, 24.606291], [120.774361, 24.606587], [120.774598, 24.606596], [120.774518, 24.606022], [120.774809, 24.60558], [120.774298, 24.605251], [120.774332, 24.605189], [120.774024, 24.604685], [120.773932, 24.604656], [120.774222, 24.604404], [120.773834, 24.60474], [120.774146, 24.603943], [120.774287, 24.603847], [120.77439, 24.603979], [120.774604, 24.60353], [120.77455, 24.603302], [120.774306, 24.60324], [120.774322, 24.603177], [120.774148, 24.603443], [120.774301, 24.603563], [120.774268, 24.603742], [120.774128, 24.603857], [120.77462, 24.603835], [120.774616, 24.603777], [120.774691, 24.603938], [120.774636, 24.604116], [120.774818, 24.604337], [120.77486, 24.603737], [120.774971, 24.603671], [120.775027, 24.603822], [120.775151, 24.603696], [120.774998, 24.603423], [120.774212, 24.602728], [120.774266, 24.602652], [120.774342, 24.602634], [120.775503, 24.603347], [120.775597, 24.603864], [120.77571, 24.603941], [120.775985, 24.603922], [120.776326, 24.604179], [120.77551, 24.604235], [120.775307, 24.604026], [120.775398, 24.603955], [120.776152, 24.605547], [120.772023, 24.599858], [120.771966, 24.599769], [120.772033, 24.599654]]}}, {"type": "Feature", "properties": {"district": "1000506", "segment": 4, "total_segments": 36, "km": 14.96, "villages": ["溪洲里"]}, "geometry": {"type": "LineString", "coordinates": [[120.770606, 24.613947], [120.77049, 24.614279], [120.77089, 24.614362], [120.770923, 24.614584], [120.771049, 24.614569], [120.770974, 24.614727], [120.770755, 24.614634], [120.770811, 24.614904], [120.771153, 24.615008], [120.771006, 24.614823], [120.771781, 24.614292], [120.771579, 24.614646], [120.771671, 24.614853], [120.771426, 24.61483], [120.771409, 24.615066], [120.771669, 24.615082], [120.771935, 24.614957], [120.772173, 24.615179], [120.772654, 24.615279], [120.772775, 24.615221], [120.772854, 24.615352], [120.772711, 24.615407], [120.773004, 24.615274], [120.772044, 24.61562], [120.772485, 24.616316], [120.773079, 24.61704], [120.773378, 24.617179], [120.773605, 24.617484], [120.773995, 24.617338], [120.774253, 24.617456], [120.774496, 24.617453], [120.774103, 24.617536], [120.774019, 24.618104], [120.77376, 24.616811], [120.775587, 24.616484], [120.776834, 24.616966], [120.777313, 24.617268], [120.777426, 24.617434], [120.777714, 24.617268], [120.776872, 24.617663], [120.777032, 24.617985], [120.776938, 24.618046], [120.776577, 24.618218], [120.776421, 24.617898], [120.775962, 24.619537], [120.775765, 24.619647], [120.775675, 24.61953], [120.775715, 24.619495], [120.775692, 24.620635], [120.775343, 24.620884], [120.775039, 24.620668], [120.774713, 24.621186], [120.774516, 24.621185], [120.774269, 24.62149], [120.775977, 24.620738], [120.776231, 24.620877], [120.775959, 24.621199], [120.776178, 24.621466], [120.776316, 24.620764], [120.776523, 24.620748], [120.776741, 24.620956], [120.777037, 24.621767], [120.777938, 24.621729], [120.777927, 24.621639], [120.778167, 24.621809], [120.777778, 24.622258], [120.777379, 24.622965], [120.778304, 24.623124], [120.778387, 24.622949], [120.778601, 24.62301], [120.778449, 24.623384], [120.77817, 24.623766], [120.777963, 24.624374], [120.777798, 24.624358], [120.777792, 24.624466], [120.777575, 24.624397], [120.776935, 24.624835], [120.776844, 24.624757], [120.776808, 24.624813], [120.776954, 24.625011], [120.776686, 24.625032], [120.777528, 24.625598], [120.777647, 24.625893], [120.778, 24.62583], [120.777538, 24.626252], [120.777414, 24.626556], [120.777277, 24.626558], [120.77703, 24.626955], [120.777282, 24.626869], [120.777407, 24.626766], [120.776576, 24.627053], [120.776524, 24.627153], [120.775838, 24.627428], [120.775965, 24.627017], [120.776323, 24.626904], [120.776334, 24.62668], [120.776146, 24.627853], [120.776185, 24.627963], [120.777323, 24.628967], [120.778764, 24.628458], [120.778861, 24.628269], [120.778664, 24.627294], [120.780505, 24.629277], [120.781175, 24.629728], [120.781242, 24.62988], [120.780986, 24.628423], [120.781284, 24.627824], [120.783377, 24.628452], [120.783334, 24.628642], [120.7835, 24.628816], [120.783443, 24.628928], [120.783665, 24.62908], [120.783719, 24.629022], [120.783558, 24.628688], [120.783741, 24.628505], [120.7834, 24.627425], [120.783371, 24.627073], [120.783461, 24.626816], [120.784166, 24.626211], [120.783907, 24.625849], [120.784021, 24.625718], [120.784193, 24.625833], [120.784361, 24.625733], [120.784519, 24.625794], [120.784301, 24.626138], [120.785194, 24.626853], [120.785447, 24.627436], [120.785882, 24.627892], [120.785652, 24.628094], [120.785562, 24.628], [120.785712, 24.628156], [120.786919, 24.627538], [120.787001, 24.627606], [120.78713, 24.627516], [120.786864, 24.627397], [120.786555, 24.626811], [120.786148, 24.626494], [120.786227, 24.626187], [120.786129, 24.626101], [120.786424, 24.625599], [120.786892, 24.626263], [120.787261, 24.626181], [120.787669, 24.626353], [120.787716, 24.626715], [120.787169, 24.626766], [120.787877, 24.627605], [120.788118, 24.627783], [120.788869, 24.625199], [120.788303, 24.624798], [120.787547, 24.624696], [120.787283, 24.624316], [120.787485, 24.623919], [120.787272, 24.623353], [120.787017, 24.623558], [120.786866, 24.623371], [120.787029, 24.622901], [120.787278, 24.622724], [120.787177, 24.622637], [120.787451, 24.622264], [120.787531, 24.622184], [120.78768, 24.622288], [120.787233, 24.621969], [120.78778, 24.621882], [120.788112, 24.622137], [120.788931, 24.621822], [120.789, 24.621817], [120.789035, 24.621954], [120.78934, 24.621825], [120.789309, 24.621715], [120.789115, 24.621693], [120.788943, 24.62126], [120.788873, 24.621278], [120.788886, 24.621136], [120.789145, 24.621146], [120.789148, 24.621021], [120.789105, 24.621287], [120.789403, 24.621338], [120.789331, 24.621542], [120.789204, 24.621479], [120.789436, 24.621666], [120.788618, 24.621606], [120.78848, 24.621778], [120.788583, 24.621792], [120.788124, 24.621804], [120.788009, 24.621638], [120.788062, 24.621611], [120.787794, 24.621533], [120.788226, 24.621302], [120.788672, 24.62147], [120.788746, 24.621371], [120.789376, 24.622499], [120.789761, 24.62243], [120.789717, 24.622257], [120.790438, 24.623623], [120.790107, 24.624002], [120.789973, 24.624488], [120.788594, 24.623774], [120.788366, 24.623353], [120.787481, 24.623039], [120.786761, 24.622954], [120.786686, 24.62403], [120.786343, 24.624106], [120.786607, 24.624604], [120.786728, 24.624754], [120.786793, 24.624733], [120.786666, 24.624791], [120.787049, 24.62465], [120.785234, 24.624736], [120.785272, 24.625194], [120.78463, 24.624734], [120.785057, 24.624197], [120.785414, 24.622531], [120.785276, 24.622447], [120.785256, 24.622246], [120.784994, 24.621799], [120.784931, 24.621541], [120.78458, 24.621247], [120.784352, 24.621168], [120.784429, 24.621373], [120.784276, 24.621413], [120.784146, 24.621163], [120.783584, 24.620951], [120.783572, 24.621088], [120.78392, 24.62157], [120.784162, 24.621434], [120.783416, 24.620886], [120.782872, 24.620906], [120.783143, 24.621322], [120.782336, 24.620609], [120.78229, 24.620652], [120.78228, 24.620576], [120.781173, 24.619917], [120.780707, 24.62019], [120.780618, 24.62005], [120.780838, 24.619936], [120.780909, 24.619779], [120.780703, 24.619594], [120.779933, 24.620257], [120.779718, 24.620148], [120.779983, 24.619853], [120.780476, 24.619498], [120.780233, 24.619355], [120.779991, 24.619383], [120.779924, 24.619241], [120.78032, 24.619198], [120.78013, 24.619109], [120.779845, 24.619233], [120.779725, 24.619173], [120.77942, 24.619519], [120.779666, 24.619599], [120.779787, 24.619741], [120.779622, 24.619833], [120.780036, 24.619594], [120.780673, 24.619368], [120.780871, 24.619459], [120.780901, 24.619183], [120.781018, 24.61985], [120.780202, 24.62022], [120.779467, 24.620725], [120.779248, 24.621004], [120.778469, 24.621253], [120.778262, 24.620858], [120.778031, 24.620817], [120.777931, 24.620884], [120.7782, 24.621278], [120.778322, 24.621239], [120.778305, 24.621391], [120.778194, 24.621498], [120.778284, 24.621712], [120.77854, 24.62154], [120.778598, 24.62215], [120.778809, 24.622061], [120.778774, 24.621896], [120.77888, 24.622195], [120.778698, 24.622697], [120.778693, 24.622963], [120.778843, 24.623308], [120.77858, 24.623568], [120.778249, 24.62263], [120.778504, 24.622453], [120.779573, 24.622857], [120.780069, 24.622578], [120.780337, 24.622512], [120.78031, 24.622709], [120.78003, 24.622109], [120.780154, 24.622051], [120.780542, 24.621297], [120.780683, 24.621209], [120.780602, 24.62109], [120.780979, 24.620884], [120.780894, 24.620768], [120.780524, 24.620975], [120.780163, 24.620818], [120.780899, 24.621462], [120.78095, 24.621428], [120.780865, 24.621516]]}}, {"type": "Feature", "properties": {"district": "1000506", "segment": 5, "total_segments": 36, "km": 14.78, "villages": ["溪洲里"]}, "geometry": {"type": "LineString", "coordinates": [[120.781946, 24.621276], [120.781909, 24.62117], [120.782241, 24.61941], [120.78028, 24.618459], [120.778742, 24.617927], [120.778517, 24.618074], [120.778493, 24.619795], [120.777876, 24.621186], [120.776458, 24.623336], [120.776686, 24.62369], [120.776125, 24.623964], [120.776628, 24.624476], [120.776024, 24.624405], [120.775425, 24.624675], [120.775287, 24.623603], [120.775356, 24.623342], [120.77494, 24.623232], [120.774969, 24.623013], [120.774899, 24.62295], [120.775991, 24.623515], [120.776727, 24.623669], [120.776945, 24.623569], [120.779131, 24.625074], [120.780432, 24.624842], [120.781051, 24.625441], [120.780738, 24.625459], [120.783376, 24.62506], [120.782939, 24.623564], [120.782533, 24.622913], [120.784369, 24.622408], [120.78549, 24.621776], [120.791225, 24.622727], [120.787382, 24.630833], [120.787573, 24.631002], [120.785899, 24.631253], [120.786143, 24.633024], [120.786204, 24.633032], [120.783945, 24.632483], [120.783371, 24.632733], [120.783424, 24.63305], [120.783854, 24.633132], [120.783074, 24.632476], [120.783172, 24.632371], [120.78293, 24.632082], [120.783128, 24.631611], [120.783267, 24.631589], [120.78326, 24.631487], [120.783409, 24.63151], [120.782466, 24.631654], [120.780087, 24.632819], [120.77969, 24.632266], [120.779706, 24.632063], [120.7802, 24.632082], [120.778774, 24.632111], [120.778471, 24.632323], [120.779208, 24.629899], [120.784437, 24.629612], [120.784556, 24.629772], [120.773979, 24.625901], [120.772337, 24.627182], [120.772067, 24.626863], [120.772458, 24.626712], [120.772648, 24.624427], [120.770893, 24.624241], [120.770322, 24.62518], [120.76889, 24.620243], [120.768929, 24.620017], [120.768824, 24.619776], [120.768525, 24.62016], [120.767833, 24.620003], [120.766919, 24.620036], [120.766994, 24.620804], [120.766065, 24.619755], [120.765052, 24.620204], [120.765017, 24.620029], [120.766345, 24.617729], [120.766827, 24.617244], [120.767466, 24.616952], [120.768376, 24.617211], [120.768161, 24.616263], [120.768667, 24.616047], [120.768485, 24.615827], [120.768601, 24.615609], [120.76903, 24.615552], [120.769289, 24.61573], [120.769378, 24.615926], [120.769552, 24.615954], [120.769548, 24.61638], [120.769592, 24.616541], [120.769712, 24.616586], [120.769445, 24.616453], [120.769421, 24.616358], [120.769332, 24.61651], [120.769254, 24.616143], [120.769073, 24.616034], [120.769651, 24.615567], [120.769864, 24.616016], [120.770707, 24.615834], [120.770681, 24.615706], [120.769935, 24.615848], [120.769837, 24.615573], [120.769964, 24.61549], [120.769654, 24.615119], [120.769476, 24.615332], [120.770435, 24.61492], [120.77062, 24.615103], [120.77055, 24.61548], [120.770611, 24.61613], [120.770251, 24.616194], [120.770119, 24.616304], [120.769917, 24.616226], [120.769763, 24.616281], [120.769735, 24.616092], [120.770307, 24.616419], [120.770639, 24.616359], [120.770756, 24.616177], [120.770655, 24.616121], [120.769619, 24.616921], [120.770974, 24.617644], [120.771069, 24.617393], [120.771062, 24.619448], [120.772282, 24.619625], [120.772895, 24.61988], [120.773105, 24.61977], [120.773072, 24.619645], [120.772989, 24.619639], [120.773242, 24.619591], [120.772923, 24.619229], [120.768982, 24.619113], [120.768698, 24.61919], [120.770151, 24.614582], [120.770282, 24.614466], [120.770102, 24.614284], [120.770978, 24.614206]]}}, {"type": "Feature", "properties": {"district": "1000506", "segment": 6, "total_segments": 36, "km": 12.9, "villages": ["水尾里"]}, "geometry": {"type": "LineString", "coordinates": [[120.767488, 24.622687], [120.767054, 24.623097], [120.764315, 24.62299], [120.763821, 24.62186], [120.76308, 24.621365], [120.763172, 24.620852], [120.759468, 24.624636], [120.759717, 24.625168], [120.759631, 24.625385], [120.761642, 24.626416], [120.761817, 24.62616], [120.762037, 24.62619], [120.76232, 24.626631], [120.762605, 24.626771], [120.762599, 24.627464], [120.762381, 24.627677], [120.762432, 24.627937], [120.762769, 24.628464], [120.762736, 24.628665], [120.762997, 24.62876], [120.763149, 24.628992], [120.763379, 24.628758], [120.763161, 24.628538], [120.762921, 24.628888], [120.76294, 24.62908], [120.763015, 24.629081], [120.763106, 24.629257], [120.763379, 24.629141], [120.763505, 24.628974], [120.763934, 24.629708], [120.764171, 24.629823], [120.763912, 24.629879], [120.763613, 24.630092], [120.763704, 24.630202], [120.763506, 24.630365], [120.763171, 24.629943], [120.763495, 24.629691], [120.763523, 24.629765], [120.763272, 24.629629], [120.763359, 24.629518], [120.763244, 24.629414], [120.762893, 24.629544], [120.762889, 24.629696], [120.762401, 24.628908], [120.762488, 24.62887], [120.762387, 24.628574], [120.762068, 24.628136], [120.762013, 24.627843], [120.762695, 24.6281], [120.762889, 24.627979], [120.763018, 24.628339], [120.762926, 24.628365], [120.762811, 24.627878], [120.762947, 24.627467], [120.76304, 24.627401], [120.763072, 24.627497], [120.763453, 24.626448], [120.763694, 24.626238], [120.76426, 24.627945], [120.764084, 24.628944], [120.763988, 24.628995], [120.76413, 24.629037], [120.764021, 24.6292], [120.76405, 24.62929], [120.764399, 24.62971], [120.764557, 24.630291], [120.764494, 24.630474], [120.764344, 24.63041], [120.764254, 24.630636], [120.764661, 24.630731], [120.764728, 24.630588], [120.765084, 24.630487], [120.765063, 24.630419], [120.76514, 24.630725], [120.764976, 24.630929], [120.764902, 24.630737], [120.76484, 24.631218], [120.76468, 24.631293], [120.764523, 24.631198], [120.764348, 24.631345], [120.764286, 24.631251], [120.764329, 24.631167], [120.764231, 24.631165], [120.764234, 24.63099], [120.764096, 24.630906], [120.763918, 24.630582], [120.763766, 24.630757], [120.763858, 24.63097], [120.763597, 24.630752], [120.763607, 24.630549], [120.764302, 24.630276], [120.764236, 24.630082], [120.764416, 24.631572], [120.764686, 24.631432], [120.764779, 24.631523], [120.764701, 24.631634], [120.764848, 24.631519], [120.764796, 24.631432], [120.765019, 24.631714], [120.764795, 24.631788], [120.764836, 24.631916], [120.76471, 24.63193], [120.764601, 24.632093], [120.764823, 24.632108], [120.764919, 24.632344], [120.764889, 24.632586], [120.764698, 24.632779], [120.764727, 24.632972], [120.76481, 24.63298], [120.764781, 24.633066], [120.764553, 24.632994], [120.764911, 24.632948], [120.765074, 24.633072], [120.764835, 24.633392], [120.764599, 24.633325], [120.76383, 24.63343], [120.763464, 24.633562], [120.763758, 24.634124], [120.763811, 24.634111], [120.763629, 24.634163], [120.763325, 24.63413], [120.763256, 24.634042], [120.763258, 24.633949], [120.763451, 24.633926], [120.763231, 24.633832], [120.763338, 24.633718], [120.762921, 24.633543], [120.762541, 24.633707], [120.762309, 24.633474], [120.762212, 24.633779], [120.762415, 24.634091], [120.762274, 24.634153], [120.762039, 24.633834], [120.762112, 24.633792], [120.7623, 24.634191], [120.762668, 24.63406], [120.762787, 24.634123], [120.76283, 24.634261], [120.763138, 24.63424], [120.763103, 24.634122], [120.762683, 24.633935], [120.762607, 24.633829], [120.763022, 24.633255], [120.763219, 24.633279], [120.763392, 24.632969], [120.763578, 24.633149], [120.763739, 24.633092], [120.762953, 24.632823], [120.762814, 24.632867], [120.762882, 24.632687], [120.762728, 24.632634], [120.762705, 24.632484], [120.762416, 24.632579], [120.762729, 24.631822], [120.763065, 24.631791], [120.763173, 24.632315], [120.762999, 24.632379], [120.76298, 24.63246], [120.762901, 24.63242], [120.763069, 24.632602], [120.762213, 24.631854], [120.761717, 24.632094], [120.761647, 24.631942], [120.761869, 24.631259], [120.762007, 24.631254], [120.76171, 24.630955], [120.761726, 24.630574], [120.76146, 24.630681], [120.761415, 24.630872], [120.761092, 24.63108], [120.761199, 24.630588], [120.7616, 24.631031], [120.762437, 24.631363], [120.763117, 24.631033], [120.764117, 24.631485], [120.764305, 24.631845], [120.764358, 24.63218], [120.764284, 24.632265], [120.76463, 24.632346], [120.764132, 24.631805], [120.765038, 24.631127], [120.765036, 24.631032], [120.765549, 24.630824], [120.765537, 24.630676], [120.765277, 24.630223], [120.765587, 24.631106], [120.766686, 24.631464], [120.766889, 24.63161], [120.767664, 24.62932], [120.768348, 24.628374], [120.768264, 24.628218], [120.768569, 24.628172], [120.769599, 24.62832], [120.769989, 24.628304], [120.770211, 24.628111], [120.770711, 24.628222], [120.771319, 24.629062], [120.771559, 24.628972], [120.771544, 24.628874], [120.77289, 24.628241], [120.7715, 24.626817], [120.770292, 24.62585], [120.770163, 24.625979], [120.769967, 24.626], [120.769912, 24.625829], [120.770327, 24.625525], [120.770109, 24.625337], [120.769789, 24.625322], [120.769687, 24.627624], [120.76749, 24.626882], [120.760747, 24.628676], [120.760582, 24.630878], [120.761747, 24.63268], [120.76122, 24.634219], [120.761142, 24.634255], [120.756496, 24.622789]]}}, {"type": "Feature", "properties": {"district": "1000506", "segment": 7, "total_segments": 36, "km": 14.99, "villages": ["秀水里", "海埔里"]}, "geometry": {"type": "LineString", "coordinates": [[120.763415, 24.634066], [120.763432, 24.634291], [120.763519, 24.634384], [120.763442, 24.634438], [120.763587, 24.634458], [120.763294, 24.634791], [120.763243, 24.634926], [120.763313, 24.635067], [120.763078, 24.635165], [120.763005, 24.634996], [120.762893, 24.635034], [120.762968, 24.635207], [120.762819, 24.635266], [120.762751, 24.63509], [120.762602, 24.63515], [120.76268, 24.63532], [120.762387, 24.635321], [120.762289, 24.635545], [120.762588, 24.635643], [120.762853, 24.635999], [120.762826, 24.636143], [120.763213, 24.636245], [120.763252, 24.636473], [120.763403, 24.636505], [120.763809, 24.636429], [120.763857, 24.636173], [120.764026, 24.636104], [120.7641, 24.635825], [120.763884, 24.635795], [120.763802, 24.635864], [120.763836, 24.635513], [120.763971, 24.635607], [120.764272, 24.63549], [120.764466, 24.635499], [120.764465, 24.635643], [120.764226, 24.635775], [120.764451, 24.636082], [120.764329, 24.636203], [120.764428, 24.636313], [120.764335, 24.6364], [120.764418, 24.636565], [120.76416, 24.636558], [120.764012, 24.63642], [120.763891, 24.63601], [120.763515, 24.636131], [120.763531, 24.636214], [120.763331, 24.635426], [120.763538, 24.635325], [120.763661, 24.63516], [120.763618, 24.634997], [120.763965, 24.634671], [120.763819, 24.63415], [120.76409, 24.634286], [120.764135, 24.633829], [120.764542, 24.633983], [120.764664, 24.634225], [120.764601, 24.634569], [120.764667, 24.634963], [120.764545, 24.635045], [120.764619, 24.635256], [120.765019, 24.635283], [120.765071, 24.635628], [120.764914, 24.636091], [120.764764, 24.636089], [120.764674, 24.636301], [120.764659, 24.636708], [120.764323, 24.63685], [120.76383, 24.636737], [120.763701, 24.635631], [120.764, 24.635395], [120.763951, 24.635255], [120.764464, 24.635311], [120.764791, 24.635508], [120.765173, 24.635347], [120.765209, 24.635436], [120.76521, 24.635252], [120.765132, 24.635177], [120.765335, 24.63516], [120.765721, 24.635733], [120.765754, 24.635828], [120.765648, 24.635903], [120.765706, 24.635953], [120.765418, 24.636139], [120.765175, 24.635763], [120.765129, 24.634985], [120.765206, 24.634898], [120.764987, 24.634816], [120.764975, 24.633885], [120.76489, 24.633725], [120.765055, 24.633489], [120.765212, 24.633632], [120.765375, 24.633331], [120.765759, 24.633216], [120.765773, 24.633453], [120.765957, 24.633815], [120.765894, 24.634277], [120.766025, 24.634321], [120.765974, 24.634524], [120.766093, 24.634372], [120.765576, 24.634297], [120.765552, 24.634231], [120.765286, 24.634328], [120.765305, 24.634379], [120.765236, 24.634151], [120.765368, 24.633998], [120.765272, 24.633905], [120.76556, 24.633913], [120.765326, 24.634562], [120.765406, 24.634619], [120.765276, 24.634674], [120.765439, 24.634846], [120.765468, 24.635021], [120.765611, 24.634954], [120.765708, 24.635154], [120.765699, 24.63479], [120.765587, 24.634593], [120.76484, 24.634983], [120.764455, 24.634819], [120.76436, 24.634867], [120.764266, 24.634511], [120.763211, 24.634601], [120.762883, 24.634483], [120.764639, 24.633455], [120.766567, 24.635885], [120.766346, 24.636187], [120.765846, 24.63645], [120.765722, 24.63682], [120.767558, 24.638394], [120.767986, 24.63964], [120.768461, 24.640467], [120.769047, 24.640263], [120.769542, 24.641885], [120.773121, 24.641258], [120.773769, 24.641991], [120.776385, 24.638601], [120.774922, 24.637681], [120.774148, 24.636024], [120.771247, 24.637351], [120.770815, 24.637653], [120.768088, 24.634047], [120.76799, 24.633546], [120.775692, 24.630239], [120.775821, 24.630378], [120.780443, 24.634271], [120.780993, 24.633888], [120.783068, 24.63648], [120.783172, 24.637009], [120.783644, 24.637242], [120.783785, 24.637668], [120.784179, 24.637327], [120.785335, 24.635018], [120.785974, 24.634629], [120.786255, 24.633641], [120.785863, 24.638512], [120.786173, 24.63886], [120.784037, 24.639432], [120.783139, 24.638169], [120.781298, 24.640373], [120.780011, 24.641531], [120.77926, 24.644228], [120.778751, 24.645379], [120.780079, 24.646657], [120.778679, 24.648486], [120.778004, 24.648093], [120.77746, 24.647914], [120.776827, 24.648123], [120.776624, 24.648265], [120.776771, 24.648432], [120.776582, 24.648592], [120.77635, 24.648314], [120.776523, 24.648223], [120.776197, 24.648549], [120.776356, 24.648697], [120.776078, 24.648605], [120.775965, 24.648814], [120.776652, 24.649553], [120.776683, 24.649629], [120.776457, 24.64979], [120.776609, 24.650074], [120.77634, 24.650138], [120.776295, 24.650068], [120.776093, 24.650205], [120.775868, 24.650066], [120.776034, 24.64995], [120.775673, 24.649912], [120.775608, 24.6501], [120.775326, 24.650097], [120.775267, 24.650167], [120.775488, 24.650348], [120.775209, 24.650491], [120.775234, 24.650619], [120.775336, 24.650619], [120.774918, 24.651053], [120.774798, 24.650955], [120.77484, 24.650704], [120.774935, 24.650619], [120.774636, 24.650488], [120.774535, 24.650028], [120.774724, 24.650014], [120.774703, 24.650114], [120.774624, 24.649855], [120.774442, 24.649649], [120.773737, 24.64926], [120.773623, 24.649263], [120.773639, 24.649386], [120.773366, 24.649371], [120.773427, 24.649191], [120.773159, 24.649131], [120.77316, 24.648968], [120.773576, 24.649143], [120.773779, 24.649051], [120.773742, 24.648903], [120.773483, 24.648623], [120.773227, 24.648741], [120.77328, 24.648823], [120.773069, 24.648803], [120.772775, 24.64908], [120.772451, 24.649036], [120.772699, 24.648922], [120.772765, 24.648813], [120.772597, 24.648465], [120.772404, 24.648331], [120.772592, 24.648255], [120.772777, 24.648344], [120.772771, 24.648484], [120.773189, 24.648499], [120.773269, 24.648223], [120.773096, 24.648211], [120.773114, 24.648023], [120.772942, 24.648049], [120.773018, 24.647882], [120.772945, 24.647809], [120.772752, 24.647838], [120.772655, 24.648043], [120.772442, 24.648107], [120.772304, 24.648064], [120.772202, 24.647811], [120.772054, 24.647959], [120.771741, 24.647887], [120.771915, 24.647337], [120.771766, 24.647149], [120.771835, 24.647091], [120.772018, 24.647183], [120.771991, 24.647289], [120.772236, 24.647176], [120.772066, 24.647046], [120.772067, 24.646856], [120.771963, 24.646781], [120.77201, 24.646736], [120.771898, 24.64675], [120.7719, 24.646601], [120.771813, 24.646533]]}}, {"type": "Feature", "properties": {"district": "1000506", "segment": 8, "total_segments": 36, "km": 9.39, "villages": ["海埔里"]}, "geometry": {"type": "LineString", "coordinates": [[120.771575, 24.646899], [120.771767, 24.646907], [120.771629, 24.647129], [120.771446, 24.647012], [120.771246, 24.64708], [120.771011, 24.646784], [120.770984, 24.646607], [120.771153, 24.646492], [120.77112, 24.64641], [120.771264, 24.646328], [120.771364, 24.646538], [120.771283, 24.646749], [120.771453, 24.646785], [120.77137, 24.647195], [120.771711, 24.647296], [120.771579, 24.647636], [120.771343, 24.647439], [120.770945, 24.647583], [120.770952, 24.647995], [120.771706, 24.648166], [120.772068, 24.647674], [120.772404, 24.647578], [120.772521, 24.647745], [120.77232, 24.647331], [120.772559, 24.647009], [120.773326, 24.646424], [120.774341, 24.647393], [120.774299, 24.647518], [120.774158, 24.647483], [120.774218, 24.647639], [120.774023, 24.647715], [120.77393, 24.647605], [120.773739, 24.647727], [120.773834, 24.647843], [120.773596, 24.64793], [120.773504, 24.647786], [120.773503, 24.648011], [120.773421, 24.648064], [120.773623, 24.647986], [120.773805, 24.648157], [120.773735, 24.6483], [120.773597, 24.64831], [120.774035, 24.647992], [120.774221, 24.648087], [120.77461, 24.647811], [120.774652, 24.648361], [120.774837, 24.64861], [120.774911, 24.648585], [120.774733, 24.648635], [120.774563, 24.648564], [120.774579, 24.648739], [120.774298, 24.648729], [120.774132, 24.648584], [120.773833, 24.649139], [120.77333, 24.649506], [120.773211, 24.649358], [120.772931, 24.649324], [120.772871, 24.649542], [120.773101, 24.649673], [120.77336, 24.649697], [120.773466, 24.649938], [120.773581, 24.649891], [120.773633, 24.650084], [120.773873, 24.650084], [120.774013, 24.649983], [120.774088, 24.650053], [120.774189, 24.649884], [120.773877, 24.649752], [120.773821, 24.649923], [120.773873, 24.650264], [120.774039, 24.65038], [120.774361, 24.65025], [120.773919, 24.650458], [120.773902, 24.650586], [120.774363, 24.650754], [120.774306, 24.650946], [120.774567, 24.651201], [120.774804, 24.651306], [120.774882, 24.65142], [120.774677, 24.651644], [120.774517, 24.651484], [120.775091, 24.651125], [120.775236, 24.651055], [120.775289, 24.65113], [120.775427, 24.651023], [120.775437, 24.650833], [120.775019, 24.650309], [120.775124, 24.650029], [120.775912, 24.649488], [120.776089, 24.649458], [120.775794, 24.649125], [120.775003, 24.648949], [120.774866, 24.649142], [120.775052, 24.649282], [120.774874, 24.649384], [120.775334, 24.648671], [120.775496, 24.648703], [120.775132, 24.648307], [120.774941, 24.64841], [120.77368, 24.647342], [120.774425, 24.646725], [120.774162, 24.646356], [120.773198, 24.64626], [120.772911, 24.645901], [120.77278, 24.645523], [120.772555, 24.645357], [120.772386, 24.645886], [120.77218, 24.646039], [120.77208, 24.646029], [120.771859, 24.646353], [120.771491, 24.646335], [120.771452, 24.646176], [120.771238, 24.646086], [120.771027, 24.64582], [120.770981, 24.64557], [120.770817, 24.645845], [120.77072, 24.646296], [120.770861, 24.646433], [120.769789, 24.645534], [120.770768, 24.64476], [120.771836, 24.64437], [120.772198, 24.643844], [120.775751, 24.641702], [120.777242, 24.643779], [120.777019, 24.646782], [120.776778, 24.647828], [120.777274, 24.648479], [120.777367, 24.649829], [120.773799, 24.650677], [120.773386, 24.650122], [120.772581, 24.650754], [120.772194, 24.650966], [120.772518, 24.649288], [120.772979, 24.649176], [120.772336, 24.64864], [120.77177, 24.64886], [120.771167, 24.649373], [120.784713, 24.64603], [120.785363, 24.643208], [120.7852, 24.643084], [120.787233, 24.642058], [120.78747, 24.640785], [120.7863, 24.641075]]}}, {"type": "Feature", "properties": {"district": "1000506", "segment": 9, "total_segments": 36, "km": 10.34, "villages": ["外埔里"]}, "geometry": {"type": "LineString", "coordinates": [[120.789047, 24.647259], [120.790063, 24.64715], [120.790859, 24.648463], [120.791, 24.648442], [120.789902, 24.648664], [120.79023, 24.650658], [120.789975, 24.650818], [120.789901, 24.650732], [120.786941, 24.651543], [120.786931, 24.648563], [120.782852, 24.649331], [120.782755, 24.649441], [120.781477, 24.648915], [120.780758, 24.649687], [120.780403, 24.649764], [120.780989, 24.650098], [120.780453, 24.650811], [120.77902, 24.650822], [120.778003, 24.651163], [120.777865, 24.650971], [120.777628, 24.650849], [120.777348, 24.650369], [120.777463, 24.650298], [120.777246, 24.650211], [120.777078, 24.650563], [120.777214, 24.650782], [120.776967, 24.650913], [120.776913, 24.65112], [120.77703, 24.651443], [120.777215, 24.651535], [120.77698, 24.651725], [120.777017, 24.651814], [120.777186, 24.651826], [120.777162, 24.651912], [120.77728, 24.651876], [120.777176, 24.651728], [120.777349, 24.65164], [120.777401, 24.651401], [120.777591, 24.651291], [120.777444, 24.65119], [120.777862, 24.651582], [120.777937, 24.651539], [120.777969, 24.651245], [120.77743, 24.65206], [120.777373, 24.652181], [120.77747, 24.65224], [120.777245, 24.652155], [120.777229, 24.652364], [120.77694, 24.652251], [120.776789, 24.651935], [120.776263, 24.651775], [120.776074, 24.651557], [120.775882, 24.651522], [120.775805, 24.651343], [120.775976, 24.651154], [120.776123, 24.65127], [120.776344, 24.651066], [120.776122, 24.650865], [120.775765, 24.651034], [120.77557, 24.651293], [120.775526, 24.651148], [120.775308, 24.651373], [120.775329, 24.65148], [120.77559, 24.651538], [120.775504, 24.6517], [120.775547, 24.65174], [120.77579, 24.651698], [120.775873, 24.651787], [120.775926, 24.651753], [120.775957, 24.652013], [120.775781, 24.652154], [120.775909, 24.652388], [120.775807, 24.652545], [120.776068, 24.652651], [120.776181, 24.652624], [120.776271, 24.652462], [120.776352, 24.652542], [120.776338, 24.652747], [120.776441, 24.652918], [120.776276, 24.65308], [120.776112, 24.653002], [120.776127, 24.652895], [120.77601, 24.652842], [120.775854, 24.652997], [120.77554, 24.6527], [120.775498, 24.652505], [120.77527, 24.652494], [120.775169, 24.652604], [120.775224, 24.652669], [120.775115, 24.652523], [120.775076, 24.652205], [120.775152, 24.652071], [120.774932, 24.652073], [120.774865, 24.651741], [120.775112, 24.651669], [120.775714, 24.651867], [120.775469, 24.652189], [120.776377, 24.652021], [120.776614, 24.652327], [120.776938, 24.652566], [120.776654, 24.652809], [120.776408, 24.652423], [120.776694, 24.653143], [120.776536, 24.653138], [120.776856, 24.65306], [120.777282, 24.653154], [120.777411, 24.653347], [120.777687, 24.653359], [120.777823, 24.653455], [120.777685, 24.653564], [120.777993, 24.65371], [120.777713, 24.653936], [120.777166, 24.653964], [120.777103, 24.653904], [120.776832, 24.654133], [120.776801, 24.653621], [120.776595, 24.653481], [120.776335, 24.653477], [120.776249, 24.653587], [120.776069, 24.653578], [120.775767, 24.653212], [120.77603, 24.653158], [120.776174, 24.653365], [120.776276, 24.653793], [120.776745, 24.653392], [120.777258, 24.653454], [120.777422, 24.652944], [120.777662, 24.652671], [120.777646, 24.652577], [120.777488, 24.652559], [120.777336, 24.652689], [120.777768, 24.652937], [120.777554, 24.653043], [120.7781, 24.653419], [120.778224, 24.653237], [120.778459, 24.653105], [120.778185, 24.652712], [120.777812, 24.652579], [120.778425, 24.652273], [120.778945, 24.653028], [120.779299, 24.652896], [120.779241, 24.652806], [120.779417, 24.653069], [120.779498, 24.65301], [120.779252, 24.653286], [120.779342, 24.653453], [120.779155, 24.65351], [120.778822, 24.653835], [120.778934, 24.65394], [120.778833, 24.654026], [120.778636, 24.653863], [120.778624, 24.653675], [120.778695, 24.653679], [120.778307, 24.65354], [120.778172, 24.653666], [120.778349, 24.654002], [120.778434, 24.653924], [120.778943, 24.654436], [120.778678, 24.654622], [120.778938, 24.654752], [120.779383, 24.654539], [120.779544, 24.654671], [120.779607, 24.654416], [120.779495, 24.654285], [120.779646, 24.654141], [120.779788, 24.65439], [120.780041, 24.654291], [120.77983, 24.653965], [120.779618, 24.654104], [120.779195, 24.654056], [120.779016, 24.654122], [120.779196, 24.654365], [120.779898, 24.654686], [120.780152, 24.654936], [120.779573, 24.653682], [120.780129, 24.652781], [120.779742, 24.652206], [120.779873, 24.652113], [120.779664, 24.652045], [120.779583, 24.651933], [120.779462, 24.652129], [120.77936, 24.651832], [120.778888, 24.652145], [120.778972, 24.652217], [120.778728, 24.652233], [120.77913, 24.652494], [120.778174, 24.654061], [120.778525, 24.654223], [120.778068, 24.654766], [120.776627, 24.65129], [120.776689, 24.651007], [120.776565, 24.651035], [120.776476, 24.651301], [120.77663, 24.65075], [120.776401, 24.650553], [120.77615, 24.650652], [120.77603, 24.650632], [120.776055, 24.650564], [120.77625, 24.650419], [120.776764, 24.650294], [120.776888, 24.650461], [120.777584, 24.649751], [120.782772, 24.650751], [120.784944, 24.654149], [120.78228, 24.656004]]}}, {"type": "Feature", "properties": {"district": "1000506", "segment": 10, "total_segments": 36, "km": 14.3, "villages": ["海寶里"]}, "geometry": {"type": "LineString", "coordinates": [[120.806125, 24.658909], [120.807618, 24.660075], [120.809875, 24.659787], [120.80999, 24.659868], [120.809991, 24.660049], [120.810074, 24.660141], [120.81026, 24.660119], [120.810183, 24.659927], [120.810444, 24.659917], [120.810501, 24.65977], [120.810951, 24.659988], [120.811185, 24.659935], [120.811034, 24.659637], [120.81135, 24.658461], [120.811226, 24.65839], [120.811259, 24.6581], [120.810382, 24.658004], [120.810176, 24.657676], [120.809724, 24.657893], [120.809722, 24.658119], [120.809854, 24.658186], [120.809371, 24.658459], [120.80942, 24.658527], [120.810203, 24.658536], [120.813352, 24.659383], [120.813559, 24.659356], [120.813924, 24.659754], [120.813791, 24.659835], [120.813996, 24.659888], [120.81333, 24.659779], [120.812903, 24.660495], [120.814608, 24.660336], [120.8149, 24.660727], [120.815003, 24.660645], [120.814952, 24.659212], [120.815349, 24.65908], [120.815593, 24.659226], [120.815663, 24.659166], [120.815343, 24.658727], [120.815571, 24.658339], [120.814857, 24.658252], [120.814627, 24.65838], [120.816474, 24.657968], [120.816544, 24.657857], [120.816644, 24.658042], [120.816543, 24.65817], [120.816964, 24.65852], [120.817019, 24.658785], [120.817191, 24.658618], [120.816904, 24.659016], [120.816331, 24.659373], [120.817179, 24.660047], [120.817157, 24.66017], [120.817284, 24.660293], [120.817319, 24.660464], [120.817452, 24.660461], [120.816917, 24.66037], [120.817448, 24.659866], [120.817656, 24.659778], [120.817683, 24.659954], [120.818525, 24.660366], [120.818511, 24.66104], [120.818391, 24.661135], [120.81864, 24.661201], [120.817629, 24.662584], [120.817503, 24.662915], [120.818538, 24.663823], [120.818618, 24.664273], [120.818425, 24.664403], [120.819055, 24.664517], [120.819338, 24.664295], [120.819439, 24.663926], [120.8201, 24.663798], [120.820218, 24.664098], [120.820356, 24.663331], [120.820051, 24.66329], [120.820008, 24.663202], [120.819076, 24.663155], [120.82057, 24.663575], [120.82059, 24.663517], [120.820619, 24.663649], [120.821993, 24.66289], [120.822128, 24.662893], [120.822094, 24.662757], [120.822326, 24.66256], [120.822382, 24.662404], [120.822652, 24.662798], [120.822931, 24.662788], [120.822992, 24.662666], [120.822766, 24.662603], [120.822894, 24.662324], [120.82296, 24.662322], [120.822863, 24.66225], [120.822851, 24.661984], [120.822704, 24.661993], [120.822588, 24.662214], [120.822463, 24.662158], [120.821986, 24.662275], [120.821925, 24.662138], [120.821515, 24.661988], [120.821739, 24.661823], [120.822433, 24.662983], [120.823383, 24.662882], [120.823401, 24.663729], [120.824308, 24.66399], [120.824345, 24.664526], [120.824452, 24.66459], [120.824506, 24.664949], [120.824238, 24.665009], [120.824216, 24.665177], [120.82417, 24.664901], [120.823888, 24.664825], [120.823855, 24.66465], [120.823912, 24.664632], [120.823783, 24.664565], [120.823749, 24.664675], [120.823484, 24.664486], [120.823436, 24.664325], [120.823618, 24.664422], [120.823717, 24.664299], [120.823799, 24.664506], [120.824018, 24.664497], [120.823267, 24.664197], [120.82321, 24.664249], [120.822493, 24.66417], [120.822428, 24.664104], [120.823213, 24.664936], [120.823153, 24.665121], [120.825512, 24.665127], [120.82595, 24.664023], [120.826066, 24.663992], [120.825744, 24.663838], [120.825632, 24.663485], [120.825399, 24.663593], [120.82513, 24.663563], [120.825193, 24.662908], [120.825311, 24.662913], [120.825322, 24.662738], [120.824897, 24.661746], [120.825215, 24.661705], [120.825272, 24.661909], [120.824703, 24.661876], [120.824683, 24.661546], [120.824558, 24.661284], [120.8252, 24.660762], [120.82553, 24.660684], [120.825536, 24.660596], [120.825639, 24.660569], [120.825827, 24.660712], [120.826017, 24.660692], [120.826014, 24.660516], [120.82622, 24.660216], [120.826124, 24.660142], [120.826202, 24.660009], [120.825393, 24.660436], [120.824409, 24.659999], [120.82356, 24.658428], [120.823214, 24.658107], [120.823416, 24.657819], [120.823322, 24.657759], [120.823301, 24.657366], [120.823404, 24.657086], [120.823333, 24.656925], [120.822192, 24.657999], [120.821815, 24.658116], [120.822082, 24.658671], [120.821629, 24.65897], [120.821905, 24.659561], [120.821217, 24.660404], [120.820897, 24.660411], [120.820988, 24.659787], [120.821028, 24.659869], [120.816983, 24.657493], [120.816429, 24.657662], [120.816261, 24.657367], [120.816543, 24.656919], [120.815749, 24.656656], [120.815103, 24.655692], [120.814083, 24.655154], [120.812866, 24.655606], [120.811994, 24.654597], [120.813097, 24.653926], [120.813161, 24.654012], [120.813374, 24.653891], [120.813331, 24.653673], [120.813535, 24.653539], [120.813427, 24.653283], [120.813331, 24.653231], [120.813647, 24.652874], [120.813626, 24.6528], [120.813049, 24.652738], [120.812945, 24.652604], [120.812988, 24.652405], [120.812828, 24.652362], [120.812908, 24.652228], [120.813258, 24.652255], [120.813117, 24.651852], [120.813148, 24.651749], [120.812914, 24.65161], [120.812939, 24.651521], [120.812393, 24.651876], [120.812364, 24.651635], [120.81222, 24.652154], [120.812313, 24.652294], [120.812402, 24.652255], [120.812426, 24.652407], [120.812518, 24.652362], [120.812455, 24.652518], [120.812559, 24.652635], [120.812366, 24.652628], [120.8127, 24.652495], [120.81282, 24.652682], [120.81307, 24.653676], [120.814568, 24.653953], [120.814958, 24.65421], [120.814353, 24.653514], [120.81424, 24.653596], [120.813958, 24.653199], [120.813744, 24.651994], [120.813648, 24.651903], [120.811706, 24.653312], [120.811636, 24.653225], [120.815863, 24.654676], [120.816377, 24.654128], [120.812092, 24.662338], [120.813742, 24.664197], [120.819065, 24.664649]]}}, {"type": "Feature", "properties": {"district": "1000506", "segment": 11, "total_segments": 36, "km": 7.46, "villages": ["海寶里"]}, "geometry": {"type": "LineString", "coordinates": [[120.82629, 24.663912], [120.826965, 24.664202], [120.827178, 24.664051], [120.827948, 24.665725], [120.828322, 24.665991], [120.829624, 24.664787], [120.829716, 24.664638], [120.829657, 24.664621], [120.829732, 24.664802], [120.833065, 24.66409], [120.834303, 24.664487], [120.834781, 24.664427], [120.834812, 24.664322], [120.835066, 24.664572], [120.835231, 24.664237], [120.835454, 24.664403], [120.836199, 24.663091], [120.836379, 24.662995], [120.836453, 24.662802], [120.83674, 24.662635], [120.836701, 24.663035], [120.836637, 24.663055], [120.835848, 24.661413], [120.836144, 24.661017], [120.836249, 24.661077], [120.83614, 24.661428], [120.835596, 24.661289], [120.835496, 24.661167], [120.835754, 24.660986], [120.835542, 24.66068], [120.834741, 24.660958], [120.834471, 24.660421], [120.83409, 24.658886], [120.833348, 24.658149], [120.833248, 24.657962], [120.833271, 24.657678], [120.833024, 24.657593], [120.832855, 24.657673], [120.832926, 24.65738], [120.832369, 24.657221], [120.832281, 24.656835], [120.831927, 24.656969], [120.831663, 24.656894], [120.831654, 24.657266], [120.831065, 24.654624], [120.830695, 24.654701], [120.830634, 24.65458], [120.826166, 24.657578], [120.833614, 24.666337], [120.808676, 24.662568]]}}, {"type": "Feature", "properties": {"district": "1000506", "segment": 12, "total_segments": 36, "km": 14.9, "villages": ["海寶里", "灣寶里"]}, "geometry": {"type": "LineString", "coordinates": [[120.745161, 24.582526], [120.742152, 24.596103], [120.805904, 24.641463], [120.806227, 24.64117], [120.806495, 24.64124], [120.806628, 24.641401], [120.806546, 24.64144], [120.806564, 24.64157], [120.806254, 24.641778], [120.807128, 24.642865], [120.807311, 24.642998], [120.80752, 24.643386], [120.807771, 24.643341], [120.807855, 24.643533], [120.807642, 24.643671], [120.807898, 24.64403], [120.808134, 24.644198], [120.808123, 24.643112], [120.80793, 24.643122], [120.80786, 24.642992], [120.808127, 24.64282], [120.808006, 24.642548], [120.808551, 24.642371], [120.808631, 24.642211], [120.80884, 24.642272], [120.808865, 24.642535], [120.808662, 24.642568], [120.808735, 24.642696], [120.808959, 24.64263], [120.809286, 24.642356], [120.810059, 24.642461], [120.810155, 24.642197], [120.810829, 24.641739], [120.811936, 24.641516], [120.811964, 24.641576], [120.81261, 24.640861], [120.812127, 24.639849], [120.812267, 24.638894], [120.811895, 24.638692], [120.81212, 24.638487], [120.812036, 24.638364], [120.811672, 24.638241], [120.811021, 24.6382], [120.811931, 24.637309], [120.812551, 24.638443], [120.813963, 24.638739], [120.814199, 24.638685], [120.814171, 24.638606], [120.814526, 24.63829], [120.814847, 24.638626], [120.814764, 24.637818], [120.815972, 24.637658], [120.81692, 24.637], [120.817041, 24.636706], [120.81701, 24.636594], [120.817163, 24.636649], [120.8168, 24.63624], [120.816061, 24.634644], [120.814842, 24.635225], [120.814368, 24.63623], [120.813213, 24.636528], [120.811794, 24.634866], [120.813263, 24.639903], [120.814122, 24.640011], [120.815671, 24.639137], [120.816144, 24.639324], [120.817796, 24.638466], [120.818204, 24.641349], [120.8175, 24.641493], [120.817599, 24.641733]]}}, {"type": "Feature", "properties": {"district": "1000506", "segment": 13, "total_segments": 36, "km": 14.91, "villages": ["灣寶里"]}, "geometry": {"type": "LineString", "coordinates": [[120.816888, 24.642567], [120.817231, 24.64289], [120.816684, 24.643118], [120.816693, 24.64339], [120.816572, 24.643268], [120.816193, 24.643539], [120.816694, 24.643588], [120.816016, 24.642922], [120.815696, 24.641279], [120.812665, 24.642628], [120.81349, 24.643734], [120.813806, 24.644926], [120.813509, 24.645073], [120.814034, 24.645137], [120.813392, 24.646139], [120.813135, 24.646005], [120.812937, 24.646365], [120.813639, 24.647243], [120.813873, 24.646827], [120.813599, 24.646609], [120.814329, 24.64765], [120.814532, 24.647664], [120.814433, 24.64859], [120.814581, 24.648629], [120.81373, 24.648426], [120.813763, 24.648148], [120.813699, 24.648046], [120.813008, 24.647929], [120.812868, 24.64832], [120.812948, 24.648381], [120.812735, 24.648328], [120.812578, 24.648422], [120.812679, 24.648627], [120.812583, 24.648675], [120.812354, 24.648586], [120.812213, 24.648741], [120.812208, 24.648813], [120.812311, 24.64874], [120.812294, 24.649031], [120.812428, 24.649038], [120.812599, 24.64925], [120.81261, 24.649421], [120.812334, 24.649323], [120.812329, 24.649443], [120.812181, 24.649165], [120.812212, 24.648928], [120.812103, 24.648828], [120.811905, 24.648815], [120.811987, 24.648673], [120.8122, 24.648601], [120.812145, 24.648253], [120.811987, 24.648203], [120.811917, 24.647943], [120.811849, 24.647944], [120.811779, 24.648107], [120.811424, 24.647816], [120.811316, 24.647627], [120.811201, 24.647734], [120.811394, 24.647291], [120.811341, 24.646956], [120.81109, 24.646959], [120.810743, 24.646633], [120.810806, 24.646561], [120.810892, 24.64661], [120.811086, 24.646412], [120.811134, 24.646559], [120.811238, 24.646273], [120.811187, 24.646261], [120.81134, 24.646273], [120.810582, 24.646192], [120.810481, 24.646356], [120.810027, 24.646152], [120.810507, 24.645777], [120.81057, 24.645976], [120.809831, 24.64622], [120.810098, 24.64675], [120.810316, 24.64676], [120.810305, 24.647099], [120.810508, 24.647426], [120.810691, 24.647265], [120.810495, 24.647696], [120.810702, 24.648225], [120.810777, 24.648333], [120.810938, 24.648225], [120.810876, 24.648157], [120.811142, 24.648425], [120.811258, 24.648363], [120.810975, 24.648528], [120.811102, 24.648877], [120.811038, 24.648893], [120.811461, 24.64908], [120.811978, 24.649698], [120.811965, 24.649778], [120.812417, 24.650235], [120.812993, 24.649627], [120.812799, 24.649207], [120.812556, 24.648945], [120.812546, 24.648376], [120.813223, 24.648768], [120.813488, 24.649083], [120.813701, 24.649005], [120.813796, 24.64934], [120.814924, 24.649377], [120.815068, 24.649513], [120.814995, 24.649604], [120.816144, 24.650603], [120.816189, 24.650715], [120.816059, 24.650697], [120.81744, 24.648593], [120.818958, 24.650267], [120.819315, 24.650564], [120.819378, 24.650793], [120.819223, 24.650786], [120.819171, 24.651001], [120.819038, 24.650938], [120.819772, 24.650919], [120.819984, 24.650752], [120.819944, 24.651085], [120.820417, 24.651237], [120.820315, 24.651492], [120.82057, 24.651745], [120.820881, 24.651687], [120.821348, 24.650908], [120.82024, 24.650583], [120.82004, 24.650408], [120.82232, 24.649614], [120.823389, 24.649495], [120.823804, 24.650402], [120.823684, 24.650541], [120.823679, 24.65084], [120.823468, 24.650872], [120.823971, 24.650749], [120.825155, 24.651789], [120.825019, 24.651925], [120.825619, 24.65115], [120.826134, 24.652699], [120.82448, 24.653506], [120.824118, 24.653507], [120.824145, 24.653636], [120.823793, 24.653702], [120.823059, 24.654194], [120.822327, 24.654193], [120.822074, 24.654407], [120.821853, 24.654149], [120.821605, 24.654111], [120.822153, 24.654019], [120.822458, 24.655116], [120.82278, 24.65552], [120.822932, 24.6556], [120.821504, 24.655191], [120.820254, 24.654098], [120.820754, 24.653559], [120.820548, 24.653359], [120.821997, 24.648057], [120.822332, 24.6475], [120.822658, 24.647717], [120.823369, 24.647383], [120.823492, 24.647565], [120.821899, 24.647056], [120.821705, 24.647159], [120.821677, 24.647069], [120.821084, 24.646833], [120.820422, 24.645567], [120.820961, 24.64422], [120.821383, 24.643944], [120.822924, 24.645749], [120.823069, 24.645668], [120.817387, 24.645712], [120.817075, 24.644546], [120.812812, 24.645526], [120.812569, 24.645793], [120.811929, 24.645777], [120.811432, 24.64492], [120.811635, 24.644998], [120.811557, 24.646664], [120.812189, 24.647147], [120.812284, 24.647457], [120.810497, 24.648525], [120.810252, 24.648373], [120.810135, 24.648125], [120.809894, 24.648877], [120.810451, 24.648952], [120.810557, 24.648895], [120.81049, 24.648839], [120.8099, 24.64971], [120.809722, 24.650634], [120.810284, 24.65069], [120.810157, 24.650903], [120.810488, 24.650996], [120.810171, 24.651234], [120.810209, 24.65158], [120.810437, 24.651864], [120.81064, 24.651952], [120.810688, 24.651731], [120.810626, 24.651635], [120.810846, 24.651811], [120.810672, 24.652388], [120.810807, 24.652812], [120.81073, 24.652905], [120.810864, 24.653106], [120.810687, 24.653227], [120.810596, 24.653084], [120.810996, 24.653312], [120.811, 24.653432], [120.81004, 24.652869], [120.809887, 24.651748], [120.810929, 24.650871], [120.812659, 24.650876], [120.80917, 24.650565], [120.809084, 24.650663], [120.807998, 24.649228], [120.808072, 24.64892], [120.807924, 24.648098], [120.808036, 24.647845], [120.80727, 24.648523], [120.806829, 24.647806], [120.806746, 24.649277], [120.80684, 24.649402], [120.80651, 24.649731], [120.806292, 24.649341], [120.806459, 24.649289], [120.806714, 24.650153]]}}, {"type": "Feature", "properties": {"district": "1000506", "segment": 14, "total_segments": 36, "km": 15.0, "villages": ["灣寶里", "大山里"]}, "geometry": {"type": "LineString", "coordinates": [[120.80519, 24.651744], [120.805022, 24.653131], [120.805094, 24.653407], [120.805015, 24.65343], [120.808231, 24.652574], [120.808898, 24.65357], [120.809817, 24.646847], [120.809871, 24.646931], [120.809454, 24.646174], [120.8093, 24.646156], [120.809528, 24.645664], [120.80901, 24.645211], [120.808948, 24.645559], [120.808696, 24.645243], [120.809265, 24.644988], [120.808838, 24.643219], [120.808505, 24.643192], [120.807955, 24.642068], [120.808204, 24.641517], [120.808229, 24.641145], [120.808653, 24.640828], [120.808832, 24.640921], [120.809033, 24.640468], [120.808591, 24.640538], [120.808405, 24.64045], [120.808298, 24.640281], [120.807865, 24.640463], [120.807734, 24.640701], [120.807964, 24.640892], [120.808155, 24.640755], [120.808244, 24.640878], [120.808188, 24.640971], [120.808325, 24.640752], [120.808394, 24.641284], [120.808656, 24.641124], [120.808762, 24.64116], [120.807829, 24.64116], [120.807865, 24.641046], [120.807469, 24.641397], [120.807272, 24.641151], [120.807295, 24.640181], [120.808139, 24.639721], [120.810682, 24.643096], [120.819797, 24.641379], [120.8276, 24.648705], [120.827845, 24.648753], [120.827824, 24.648993], [120.828725, 24.651837], [120.82616, 24.65508], [120.807657, 24.644635], [120.807054, 24.645009], [120.806923, 24.644781], [120.807123, 24.644574], [120.806945, 24.644414], [120.806995, 24.644379], [120.806731, 24.644523], [120.806535, 24.644899], [120.806075, 24.645168], [120.805957, 24.645008], [120.806299, 24.6448], [120.80611, 24.644541], [120.806669, 24.644219], [120.806938, 24.644253], [120.806954, 24.644077], [120.807362, 24.643824], [120.80755, 24.643928], [120.807759, 24.644206], [120.807636, 24.644484], [120.807242, 24.644738], [120.807389, 24.644387], [120.806884, 24.643752], [120.8068, 24.643391], [120.807003, 24.643313], [120.807253, 24.64355], [120.807159, 24.643366], [120.806467, 24.642783], [120.806479, 24.642602], [120.805807, 24.641812], [120.805298, 24.641393], [120.804793, 24.642757], [120.804656, 24.642812], [120.804599, 24.642727], [120.804912, 24.643293], [120.804869, 24.643976], [120.804985, 24.64417], [120.805013, 24.644427], [120.804796, 24.644658], [120.804981, 24.644878], [120.804775, 24.645026], [120.804613, 24.644971], [120.804622, 24.645094], [120.804444, 24.645212], [120.80394, 24.644547], [120.803813, 24.644605], [120.803878, 24.644678], [120.803776, 24.644861], [120.803832, 24.644986], [120.803717, 24.645035], [120.803972, 24.645473], [120.804328, 24.645274], [120.8041, 24.64497], [120.804265, 24.644639], [120.804218, 24.644581], [120.803647, 24.644939], [120.803427, 24.644632], [120.803339, 24.64483], [120.803017, 24.644353], [120.803027, 24.644074], [120.80292, 24.643982], [120.802928, 24.643851], [120.803074, 24.643852], [120.803199, 24.643758], [120.803168, 24.643707], [120.803083, 24.643658], [120.80292, 24.643777], [120.803264, 24.64381], [120.803296, 24.643889], [120.802438, 24.643591], [120.801516, 24.643069], [120.801426, 24.642967], [120.801516, 24.64292], [120.801309, 24.643093], [120.801146, 24.644079], [120.800947, 24.644285], [120.801014, 24.644402], [120.801241, 24.6443], [120.80082, 24.64462], [120.800526, 24.644493], [120.800632, 24.644355], [120.800524, 24.644078], [120.800488, 24.644732], [120.800792, 24.645084], [120.799732, 24.644484], [120.799123, 24.644417], [120.799031, 24.644618], [120.798567, 24.644359], [120.798281, 24.644472], [120.798257, 24.644548], [120.798468, 24.644516], [120.798081, 24.644353], [120.798206, 24.644185], [120.797922, 24.644415], [120.79779, 24.644429], [120.797768, 24.644778], [120.797697, 24.644784], [120.797949, 24.644819], [120.797927, 24.644906], [120.798048, 24.644754], [120.798001, 24.645198], [120.797665, 24.645302], [120.797651, 24.64581], [120.798409, 24.645521], [120.798198, 24.646744], [120.799505, 24.646878], [120.799574, 24.647097], [120.800126, 24.647399], [120.800457, 24.647392], [120.800774, 24.64717], [120.800764, 24.647085], [120.800897, 24.647223], [120.801865, 24.647255], [120.802237, 24.646683], [120.803775, 24.645672], [120.804005, 24.645702], [120.806056, 24.644544], [120.805779, 24.644433], [120.805046, 24.644836], [120.80484, 24.645418], [120.804923, 24.645728], [120.80529, 24.646097], [120.805416, 24.645986], [120.805376, 24.645916], [120.805574, 24.646027], [120.805642, 24.646277], [120.805422, 24.646397], [120.804969, 24.646164], [120.804751, 24.645917], [120.804566, 24.646147], [120.80438, 24.646154], [120.804379, 24.646483], [120.804058, 24.645763], [120.804822, 24.645824], [120.805088, 24.646934], [120.804858, 24.647189], [120.805674, 24.646908], [120.806208, 24.64603], [120.806156, 24.645963], [120.806401, 24.645397]]}}, {"type": "Feature", "properties": {"district": "1000506", "segment": 15, "total_segments": 36, "km": 14.96, "villages": ["大山里"]}, "geometry": {"type": "LineString", "coordinates": [[120.806743, 24.645186], [120.80665, 24.645056], [120.806196, 24.645333], [120.805463, 24.644133], [120.807547, 24.644472], [120.807621, 24.64456], [120.80344, 24.644977], [120.803743, 24.647978], [120.803401, 24.648876], [120.802728, 24.649432], [120.800745, 24.649294], [120.800476, 24.649215], [120.800396, 24.64907], [120.800704, 24.648984], [120.800423, 24.648799], [120.800438, 24.648423], [120.799786, 24.649136], [120.799929, 24.649305], [120.799896, 24.649373], [120.800097, 24.649338], [120.800436, 24.64982], [120.800279, 24.649957], [120.800197, 24.649757], [120.799843, 24.651001], [120.799635, 24.651118], [120.799624, 24.651229], [120.79986, 24.651243], [120.800069, 24.651394], [120.800132, 24.651329], [120.800163, 24.651506], [120.800282, 24.651526], [120.800367, 24.65147], [120.799999, 24.6515], [120.799473, 24.651278], [120.799291, 24.65156], [120.799198, 24.651048], [120.798277, 24.650887], [120.79804, 24.650248], [120.798586, 24.649567], [120.798269, 24.649179], [120.798774, 24.649392], [120.799346, 24.648515], [120.797131, 24.649063], [120.797058, 24.649641], [120.796153, 24.649674], [120.795854, 24.64902], [120.795757, 24.649056], [120.795679, 24.648929], [120.795251, 24.648901], [120.795124, 24.648962], [120.794755, 24.649398], [120.794337, 24.649519], [120.794275, 24.64967], [120.794121, 24.649598], [120.794102, 24.649367], [120.793899, 24.649245], [120.794045, 24.650025], [120.794318, 24.649784], [120.794757, 24.650125], [120.794308, 24.650349], [120.794668, 24.650655], [120.795129, 24.651388], [120.795299, 24.651367], [120.795305, 24.6517], [120.795733, 24.651818], [120.796232, 24.65271], [120.795939, 24.653019], [120.795825, 24.652955], [120.795821, 24.653106], [120.795679, 24.652825], [120.79588, 24.653624], [120.796418, 24.653965], [120.796687, 24.65393], [120.796856, 24.653702], [120.796697, 24.653522], [120.796593, 24.653531], [120.795903, 24.654965], [120.79553, 24.65486], [120.795422, 24.654129], [120.795331, 24.654123], [120.793945, 24.651642], [120.795717, 24.650272], [120.795865, 24.650395], [120.796041, 24.650379], [120.796096, 24.650252], [120.796286, 24.650443], [120.796603, 24.650266], [120.796323, 24.648774], [120.796831, 24.64843], [120.795905, 24.647277], [120.796213, 24.647115], [120.796232, 24.64704], [120.796145, 24.64702], [120.796345, 24.647119], [120.796627, 24.646842], [120.796749, 24.64682], [120.796764, 24.644547], [120.798568, 24.643447], [120.798931, 24.644101], [120.799602, 24.643808], [120.799331, 24.64244], [120.799027, 24.642325], [120.798473, 24.641782], [120.798363, 24.641559], [120.798996, 24.641634], [120.79809, 24.642531], [120.797974, 24.64247], [120.797653, 24.642716], [120.797647, 24.641964], [120.796742, 24.64271], [120.796436, 24.642623], [120.796492, 24.642502], [120.795602, 24.641708], [120.795489, 24.641515], [120.795496, 24.641369], [120.795388, 24.641366], [120.795534, 24.641237], [120.795177, 24.641593], [120.794894, 24.641222], [120.795151, 24.641948], [120.795277, 24.641978], [120.795095, 24.642077], [120.795469, 24.641875], [120.79554, 24.642189], [120.793753, 24.642959], [120.793566, 24.643169], [120.793564, 24.642616], [120.793106, 24.641971], [120.793014, 24.641953], [120.79298, 24.641751], [120.792826, 24.641728], [120.792239, 24.640643], [120.79214, 24.640875], [120.791845, 24.640357], [120.791652, 24.640166], [120.791369, 24.640095], [120.791545, 24.63996], [120.791389, 24.639826], [120.79174, 24.640053], [120.790332, 24.638784], [120.791455, 24.637226], [120.791669, 24.637164], [120.791774, 24.63725], [120.791156, 24.636367], [120.790879, 24.636167], [120.791007, 24.636114], [120.790623, 24.635497], [120.79054, 24.63547], [120.790527, 24.635274], [120.79173, 24.635556], [120.791597, 24.635862], [120.791985, 24.636773], [120.791137, 24.63671], [120.79067, 24.636467], [120.792142, 24.635312], [120.792472, 24.637572], [120.792919, 24.638117], [120.79293, 24.637723], [120.792723, 24.637615], [120.792316, 24.638064], [120.792406, 24.63824], [120.794424, 24.639715], [120.794267, 24.640073], [120.794837, 24.640265], [120.795013, 24.640113], [120.797335, 24.639881], [120.798016, 24.640298], [120.801299, 24.640625], [120.802133, 24.639321], [120.802814, 24.639938], [120.804371, 24.640146], [120.803334, 24.638234], [120.79732, 24.636391], [120.796364, 24.636587], [120.795757, 24.636975], [120.796061, 24.637722], [120.794789, 24.63765], [120.794646, 24.637439], [120.794005, 24.637605], [120.795725, 24.636031], [120.795831, 24.635362], [120.793203, 24.629318], [120.792839, 24.628787], [120.791923, 24.62635]]}}, {"type": "Feature", "properties": {"district": "1000506", "segment": 16, "total_segments": 36, "km": 14.96, "villages": ["大山里", "東明里"]}, "geometry": {"type": "LineString", "coordinates": [[120.791956, 24.62549], [120.791841, 24.625243], [120.791558, 24.62534], [120.7915, 24.625035], [120.792127, 24.625063], [120.790719, 24.624054], [120.789943, 24.624511], [120.791071, 24.623535], [120.790508, 24.627319], [120.790188, 24.627872], [120.78946, 24.627655], [120.789503, 24.627495], [120.789405, 24.627211], [120.789201, 24.628901], [120.789899, 24.629565], [120.790149, 24.630152], [120.787525, 24.634126], [120.787201, 24.634135], [120.787152, 24.634286], [120.786946, 24.634187], [120.787032, 24.634084], [120.787442, 24.634776], [120.790318, 24.642575], [120.791029, 24.642752], [120.793307, 24.64182], [120.794087, 24.647384], [120.792757, 24.64926], [120.791871, 24.648852], [120.791753, 24.649211], [120.791529, 24.64913], [120.791233, 24.651568], [120.790218, 24.652421], [120.798447, 24.652519], [120.802112, 24.651622], [120.799557, 24.646226], [120.800111, 24.639421], [120.800419, 24.638969], [120.801103, 24.638832], [120.800795, 24.637625], [120.801901, 24.635958], [120.801864, 24.635885], [120.802044, 24.6359], [120.801783, 24.635662], [120.802144, 24.635425], [120.802111, 24.635277], [120.80222, 24.635299], [120.802456, 24.635177], [120.8025, 24.635289], [120.802672, 24.635314], [120.8025, 24.635085], [120.802724, 24.63505], [120.802764, 24.634923], [120.802303, 24.634691], [120.802155, 24.634736], [120.802163, 24.634858], [120.802039, 24.634812], [120.801923, 24.635126], [120.801881, 24.634921], [120.80224, 24.634966], [120.802307, 24.635532], [120.802248, 24.635597], [120.802536, 24.635898], [120.802594, 24.636145], [120.802795, 24.636028], [120.803027, 24.63608], [120.803075, 24.635901], [120.802957, 24.635765], [120.802949, 24.635619], [120.802897, 24.635652], [120.803007, 24.635559], [120.803757, 24.635526], [120.80416, 24.635036], [120.80413, 24.634914], [120.804028, 24.634916], [120.804473, 24.634779], [120.804751, 24.634531], [120.804887, 24.63466], [120.805227, 24.634731], [120.805386, 24.635052], [120.805524, 24.635], [120.806168, 24.635157], [120.806529, 24.634971], [120.806491, 24.634916], [120.805789, 24.634689], [120.805545, 24.635554], [120.805618, 24.635645], [120.805819, 24.635524], [120.805884, 24.635591], [120.805957, 24.635485], [120.80641, 24.63551], [120.806491, 24.635186], [120.805715, 24.635499], [120.805805, 24.635789], [120.805507, 24.636235], [120.805794, 24.63626], [120.805797, 24.636177], [120.805996, 24.636305], [120.805918, 24.636423], [120.80617, 24.636305], [120.806058, 24.636062], [120.806077, 24.635851], [120.806297, 24.635968], [120.8055, 24.635835], [120.805376, 24.63567], [120.805455, 24.636691], [120.805325, 24.636794], [120.804158, 24.634478], [120.804559, 24.634209], [120.803292, 24.63485], [120.804023, 24.633463], [120.804158, 24.633042], [120.804211, 24.633004], [120.804573, 24.633329], [120.804497, 24.632348], [120.804767, 24.632198], [120.804793, 24.632033], [120.804722, 24.631964], [120.804897, 24.63191], [120.804971, 24.632286], [120.804921, 24.632294], [120.805692, 24.632283], [120.806504, 24.631952], [120.806475, 24.631771], [120.806637, 24.631551], [120.805654, 24.630602], [120.805524, 24.630268], [120.805172, 24.629895], [120.80499, 24.628742], [120.803828, 24.628684], [120.803717, 24.628622], [120.803377, 24.628831], [120.803295, 24.628387], [120.803367, 24.62809], [120.803275, 24.628049], [120.803091, 24.628117], [120.802805, 24.628524], [120.802817, 24.62885], [120.803632, 24.628409], [120.803533, 24.627521], [120.803437, 24.627627], [120.80392, 24.627723], [120.802489, 24.626888], [120.801793, 24.626254], [120.799653, 24.626551], [120.798659, 24.626159], [120.798544, 24.625749], [120.798377, 24.624923], [120.798415, 24.624822], [120.798789, 24.62466], [120.798831, 24.624576], [120.79897, 24.624724], [120.799099, 24.624585], [120.799119, 24.624328], [120.798879, 24.623983], [120.799098, 24.624049], [120.7994, 24.623912], [120.799507, 24.62403], [120.799892, 24.623195], [120.800955, 24.623186], [120.801143, 24.622909], [120.801138, 24.621842], [120.80154, 24.621652], [120.801463, 24.621509], [120.802253, 24.62163], [120.802424, 24.621478], [120.802628, 24.622159], [120.803525, 24.622535], [120.801997, 24.623651], [120.802232, 24.621175], [120.802201, 24.620802], [120.802429, 24.620787], [120.802232, 24.620203], [120.802017, 24.62003], [120.801793, 24.620246], [120.801995, 24.62047], [120.801695, 24.620504], [120.801128, 24.619893], [120.800894, 24.619865]]}}, {"type": "Feature", "properties": {"district": "1000506", "segment": 17, "total_segments": 36, "km": 14.94, "villages": ["東明里"]}, "geometry": {"type": "LineString", "coordinates": [[120.801089, 24.619266], [120.800885, 24.619034], [120.800526, 24.619105], [120.799748, 24.619067], [120.798715, 24.618568], [120.798188, 24.618575], [120.797964, 24.618166], [120.797207, 24.619057], [120.796109, 24.619573], [120.795918, 24.619497], [120.795675, 24.619101], [120.79364, 24.618977], [120.792801, 24.620102], [120.792666, 24.620011], [120.791911, 24.620261], [120.791828, 24.620015], [120.79206, 24.620728], [120.792289, 24.621022], [120.792309, 24.621418], [120.792377, 24.62142], [120.792003, 24.621477], [120.791961, 24.62164], [120.791651, 24.621263], [120.792662, 24.62139], [120.792671, 24.621768], [120.793042, 24.621984], [120.793087, 24.622131], [120.792928, 24.622189], [120.792773, 24.622083], [120.792471, 24.622246], [120.792308, 24.6221], [120.79296, 24.622476], [120.793198, 24.622372], [120.793445, 24.622777], [120.793394, 24.622786], [120.79376, 24.622394], [120.793743, 24.622265], [120.793534, 24.622279], [120.793877, 24.621755], [120.793834, 24.62158], [120.793558, 24.621311], [120.793804, 24.621259], [120.794371, 24.621355], [120.79454, 24.62159], [120.794651, 24.622081], [120.794138, 24.623039], [120.793508, 24.623675], [120.793883, 24.624149], [120.794039, 24.624241], [120.793839, 24.624354], [120.794427, 24.62426], [120.794648, 24.624654], [120.794825, 24.62466], [120.795186, 24.624922], [120.795197, 24.625048], [120.795551, 24.624796], [120.795518, 24.624515], [120.79582, 24.624792], [120.796051, 24.624759], [120.796054, 24.624592], [120.796281, 24.624417], [120.796384, 24.624527], [120.796202, 24.624314], [120.796748, 24.62436], [120.797301, 24.625283], [120.79752, 24.625255], [120.7977, 24.626415], [120.795905, 24.625483], [120.79571, 24.625212], [120.795742, 24.624996], [120.795463, 24.625846], [120.795125, 24.626443], [120.794597, 24.626654], [120.794118, 24.626974], [120.794012, 24.627695], [120.794792, 24.627548], [120.794611, 24.628682], [120.794301, 24.628803], [120.79419, 24.628773], [120.794401, 24.62925], [120.795039, 24.629331], [120.795382, 24.62895], [120.795702, 24.629059], [120.795763, 24.628934], [120.796686, 24.629733], [120.796747, 24.629841], [120.796288, 24.63002], [120.79705, 24.630701], [120.796213, 24.631378], [120.796332, 24.631511], [120.7961, 24.631571], [120.796179, 24.631714], [120.795829, 24.631854], [120.79684, 24.631134], [120.797316, 24.631058], [120.797622, 24.631286], [120.797392, 24.631415], [120.798024, 24.631435], [120.798069, 24.631359], [120.797993, 24.631109], [120.797871, 24.631025], [120.798116, 24.630936], [120.797761, 24.630594], [120.797987, 24.630418], [120.797884, 24.629942], [120.79768, 24.629875], [120.798066, 24.629722], [120.798196, 24.629581], [120.798343, 24.629656], [120.798604, 24.630121], [120.798263, 24.629843], [120.798992, 24.629504], [120.799354, 24.6306], [120.79902, 24.630723], [120.798975, 24.630675], [120.798941, 24.630844], [120.799075, 24.630856], [120.799157, 24.630964], [120.799059, 24.631155], [120.798825, 24.630943], [120.799291, 24.631183], [120.799449, 24.631536], [120.799533, 24.631511], [120.800097, 24.632763], [120.800405, 24.63311], [120.800522, 24.633456], [120.800381, 24.633461], [120.800643, 24.633548], [120.800957, 24.633858], [120.800971, 24.633934], [120.80073, 24.633991], [120.800724, 24.633857], [120.80007, 24.634299], [120.800206, 24.63379], [120.800444, 24.633853], [120.80061, 24.633734], [120.801218, 24.633694], [120.801062, 24.634153], [120.800841, 24.634276], [120.800796, 24.634402], [120.801543, 24.634188], [120.801832, 24.633968], [120.801478, 24.634937], [120.801337, 24.634953], [120.801264, 24.635581], [120.800081, 24.63597], [120.798856, 24.636467], [120.798609, 24.636635], [120.798584, 24.636139], [120.79921, 24.637059], [120.797972, 24.638049], [120.797429, 24.63443], [120.798026, 24.63419], [120.798245, 24.634331], [120.798573, 24.634123], [120.797849, 24.633505], [120.798023, 24.633276], [120.797367, 24.633583], [120.797022, 24.633836], [120.796631, 24.632445], [120.79864, 24.631651], [120.798712, 24.628896], [120.797132, 24.629158], [120.801308, 24.628709], [120.803303, 24.631451], [120.803523, 24.631379], [120.80368, 24.631442], [120.803788, 24.631306], [120.804205, 24.631262], [120.804191, 24.630684], [120.804422, 24.630521], [120.804618, 24.630532], [120.804527, 24.630678], [120.804612, 24.630714], [120.803468, 24.631855], [120.801885, 24.632893], [120.799497, 24.63463], [120.80317, 24.637986], [120.80527, 24.641357], [120.805765, 24.641275], [120.806106, 24.641004], [120.80773, 24.635686], [120.807849, 24.634595], [120.807612, 24.634288], [120.807884, 24.634185], [120.808158, 24.633909], [120.808337, 24.63397], [120.808328, 24.634057], [120.807937, 24.634366], [120.80801, 24.634514], [120.807401, 24.634163], [120.80701, 24.634356], [120.806153, 24.633988], [120.806153, 24.633095], [120.807579, 24.633003], [120.80766, 24.632886], [120.808247, 24.633301], [120.80881, 24.633919], [120.809462, 24.634453], [120.809828, 24.635666], [120.81067, 24.632519], [120.81269, 24.632805], [120.812783, 24.633169], [120.813355, 24.633174], [120.813824, 24.633305], [120.814206, 24.633557], [120.814388, 24.633335], [120.814163, 24.633187]]}}, {"type": "Feature", "properties": {"district": "1000506", "segment": 18, "total_segments": 36, "km": 13.58, "villages": ["東明里"]}, "geometry": {"type": "LineString", "coordinates": [[120.815135, 24.634561], [120.814403, 24.631299], [120.814558, 24.631205], [120.813033, 24.63093], [120.812922, 24.63057], [120.8125, 24.630152], [120.812392, 24.630222], [120.812351, 24.630145], [120.812154, 24.630174], [120.812079, 24.630286], [120.811614, 24.630183], [120.811696, 24.6306], [120.810983, 24.629739], [120.812812, 24.629494], [120.813014, 24.629773], [120.812443, 24.628199], [120.812427, 24.627562], [120.811999, 24.626341], [120.806405, 24.626763], [120.805811, 24.626511], [120.805743, 24.626174], [120.806078, 24.625921], [120.805687, 24.625624], [120.805292, 24.624766], [120.802463, 24.62005], [120.802734, 24.61972], [120.801781, 24.619374], [120.801508, 24.619353], [120.798762, 24.620068], [120.797892, 24.623927], [120.799313, 24.625114], [120.794802, 24.623772], [120.794272, 24.625182], [120.793117, 24.623773], [120.792895, 24.623923], [120.792989, 24.620982], [120.726024, 24.578174]]}}, {"type": "Feature", "properties": {"district": "1000506", "segment": 19, "total_segments": 36, "km": 14.89, "villages": ["埔頂里"]}, "geometry": {"type": "LineString", "coordinates": [[120.802516, 24.616952], [120.804343, 24.617277], [120.804411, 24.617219], [120.804545, 24.617393], [120.804459, 24.617451], [120.804638, 24.617289], [120.804758, 24.617407], [120.804699, 24.617529], [120.805195, 24.617445], [120.805325, 24.617247], [120.804441, 24.617002], [120.803708, 24.618696], [120.803856, 24.618755], [120.803734, 24.618892], [120.80388, 24.619137], [120.803728, 24.619224], [120.804216, 24.61947], [120.803883, 24.619802], [120.803771, 24.620339], [120.8048, 24.621216], [120.805097, 24.62176], [120.805643, 24.621423], [120.805758, 24.621607], [120.80591, 24.621517], [120.805769, 24.621293], [120.805843, 24.621254], [120.805997, 24.62147], [120.80612, 24.621403], [120.805982, 24.621177], [120.806066, 24.621133], [120.806211, 24.621358], [120.80634, 24.621288], [120.806198, 24.621059], [120.806283, 24.621014], [120.806429, 24.621238], [120.806575, 24.621162], [120.806486, 24.621024], [120.806667, 24.620989], [120.806831, 24.621137], [120.807008, 24.621126], [120.806162, 24.620938], [120.805548, 24.621274], [120.805614, 24.621377], [120.805636, 24.620801], [120.805795, 24.620772], [120.806205, 24.620405], [120.806378, 24.619465], [120.806466, 24.619383], [120.806527, 24.61945], [120.806685, 24.618943], [120.806717, 24.618704], [120.806559, 24.618694], [120.806872, 24.618559], [120.807081, 24.619144], [120.807292, 24.619218], [120.807246, 24.619324], [120.807346, 24.619421], [120.807428, 24.619142], [120.807322, 24.618952], [120.807671, 24.618872], [120.807727, 24.618671], [120.807931, 24.618612], [120.807986, 24.618355], [120.80784, 24.618014], [120.808041, 24.617944], [120.808419, 24.618331], [120.808604, 24.617935], [120.808502, 24.617718], [120.80791, 24.617594], [120.807884, 24.617664], [120.8088, 24.617872], [120.808846, 24.61777], [120.80908, 24.617708], [120.809042, 24.618009], [120.809633, 24.61769], [120.809847, 24.617945], [120.810333, 24.617904], [120.810472, 24.618083], [120.810565, 24.61806], [120.810646, 24.617966], [120.810573, 24.617699], [120.81031, 24.617386], [120.81019, 24.617332], [120.810193, 24.617462], [120.809916, 24.617344], [120.809817, 24.617494], [120.810191, 24.61768], [120.810065, 24.617075], [120.809909, 24.617143], [120.809954, 24.617215], [120.809446, 24.617284], [120.809316, 24.617122], [120.809628, 24.616882], [120.809579, 24.616813], [120.8092, 24.616856], [120.809867, 24.616753], [120.809826, 24.616897], [120.810504, 24.61721], [120.81116, 24.618057], [120.81121, 24.61802], [120.810929, 24.618433], [120.810945, 24.618619], [120.81108, 24.618641], [120.811201, 24.6188], [120.811056, 24.618817], [120.811019, 24.618989], [120.811158, 24.619079], [120.811169, 24.619271], [120.811285, 24.619171], [120.810858, 24.619261], [120.810823, 24.619151], [120.810587, 24.619259], [120.810559, 24.619213], [120.810755, 24.619435], [120.81111, 24.619413], [120.811258, 24.619695], [120.811495, 24.619521], [120.811639, 24.619544], [120.811621, 24.619651], [120.811473, 24.619735], [120.811574, 24.619951], [120.811406, 24.620055], [120.811094, 24.619814], [120.811056, 24.620102], [120.811207, 24.620236], [120.811798, 24.619725], [120.811733, 24.619582], [120.812036, 24.619873], [120.811183, 24.618489], [120.810741, 24.618743], [120.810612, 24.618744], [120.810531, 24.618879], [120.810785, 24.619041], [120.810835, 24.618864], [120.810463, 24.618508], [120.810502, 24.618289], [120.810148, 24.618414], [120.810261, 24.618696], [120.810179, 24.618855], [120.810376, 24.619045], [120.809832, 24.619278], [120.809682, 24.619111], [120.809397, 24.619299], [120.809492, 24.619623], [120.809624, 24.619573], [120.809315, 24.619721], [120.809885, 24.620608], [120.809128, 24.62098], [120.808473, 24.619912], [120.809124, 24.619596], [120.80969, 24.620526], [120.809409, 24.62054], [120.809278, 24.620344], [120.809111, 24.620442], [120.809231, 24.620646], [120.80883, 24.620034], [120.809006, 24.619933], [120.809161, 24.620163], [120.809293, 24.619687], [120.808739, 24.619125], [120.808724, 24.618771], [120.80862, 24.618758], [120.808794, 24.618647], [120.80769, 24.619267], [120.807747, 24.619399], [120.80763, 24.619646], [120.807937, 24.619638], [120.808649, 24.619896], [120.808598, 24.620808], [120.808405, 24.620967], [120.808795, 24.620998], [120.809186, 24.621568], [120.809, 24.62167], [120.80956, 24.621905], [120.810486, 24.622095], [120.811206, 24.621566], [120.811182, 24.621474], [120.810591, 24.621357], [120.809905, 24.620333], [120.808355, 24.621851], [120.809197, 24.622719], [120.810965, 24.62292], [120.814251, 24.62107], [120.814272, 24.620538], [120.815074, 24.621072], [120.815049, 24.621358], [120.815327, 24.6219], [120.815786, 24.621937], [120.815885, 24.62206], [120.815702, 24.622216], [120.815369, 24.621998], [120.816849, 24.622454], [120.816882, 24.622857], [120.817788, 24.620578], [120.817752, 24.620134], [120.818231, 24.619636], [120.818007, 24.618948], [120.817103, 24.617709], [120.817488, 24.61762], [120.817598, 24.617513], [120.817397, 24.617061], [120.817776, 24.616779], [120.817891, 24.617263], [120.816971, 24.617842], [120.817248, 24.61846], [120.817392, 24.618539], [120.817192, 24.619135], [120.816939, 24.61925], [120.816216, 24.618746], [120.814961, 24.618228], [120.814838, 24.617695], [120.814689, 24.61766], [120.814709, 24.617819], [120.814341, 24.617901], [120.814184, 24.617726], [120.8143, 24.617668], [120.814284, 24.617587], [120.813895, 24.617478], [120.813793, 24.617309], [120.81371, 24.617375], [120.8136, 24.617331], [120.81357, 24.617413], [120.813737, 24.617594], [120.813796, 24.61791], [120.813897, 24.617841], [120.813913, 24.61768], [120.814024, 24.617752], [120.813519, 24.617897], [120.813508, 24.617965], [120.813399, 24.617706], [120.813115, 24.617441], [120.812901, 24.617615], [120.812514, 24.617116], [120.812145, 24.617097], [120.812204, 24.617209], [120.811981, 24.617277], [120.811911, 24.617201], [120.811875, 24.61738], [120.811906, 24.617441], [120.812039, 24.617395], [120.812158, 24.617737], [120.812525, 24.617566], [120.81229, 24.617443], [120.812336, 24.617515], [120.812444, 24.617341], [120.812816, 24.617163], [120.813017, 24.617197], [120.812892, 24.616921], [120.812253, 24.61674], [120.811917, 24.616856], [120.811813, 24.617009], [120.811729, 24.616979], [120.81149, 24.617154], [120.81158, 24.617337], [120.811981, 24.617066], [120.811822, 24.617614], [120.812282, 24.617799], [120.812238, 24.618017], [120.812193, 24.617949], [120.81242, 24.617888], [120.812597, 24.618129], [120.81245, 24.618156], [120.812757, 24.618055], [120.812765, 24.61786], [120.812594, 24.617785], [120.812873, 24.617876], [120.812848, 24.61797], [120.813001, 24.617819], [120.813516, 24.618604], [120.813478, 24.618904], [120.815083, 24.618719], [120.815533, 24.619847], [120.81541, 24.617627], [120.815302, 24.61749], [120.815495, 24.61741], [120.81564, 24.617484], [120.81562, 24.617559], [120.815761, 24.61747], [120.815681, 24.617278], [120.815719, 24.617141], [120.815518, 24.617302], [120.815444, 24.617131], [120.815355, 24.617189], [120.815279, 24.616876], [120.815212, 24.616804], [120.81514, 24.616842], [120.814997, 24.61671], [120.814988, 24.61659], [120.814866, 24.616549], [120.815009, 24.616387], [120.814915, 24.616249], [120.814868, 24.61632], [120.814942, 24.616065], [120.815026, 24.616004], [120.815367, 24.616096], [120.81537, 24.615917], [120.815263, 24.615777], [120.815184, 24.615825], [120.815062, 24.615755], [120.81506, 24.615664], [120.81491, 24.615637], [120.814741, 24.615793], [120.814768, 24.615902], [120.815028, 24.615869], [120.814894, 24.615337], [120.814694, 24.615539], [120.81469, 24.616153], [120.814504, 24.616413], [120.814559, 24.616493], [120.814485, 24.616935], [120.814355, 24.616986], [120.814457, 24.61712], [120.814199, 24.617205], [120.814168, 24.617326], [120.813904, 24.617278], [120.81388, 24.617117], [120.814483, 24.617362], [120.814462, 24.617479], [120.814793, 24.617168], [120.814412, 24.616757], [120.814242, 24.61668], [120.814046, 24.616398], [120.814237, 24.616325], [120.815369, 24.616585], [120.815496, 24.616746], [120.816049, 24.616506], [120.816462, 24.616458], [120.816653, 24.616686], [120.816673, 24.616912], [120.81691, 24.616808], [120.816861, 24.616696], [120.816778, 24.616727], [120.816207, 24.616237], [120.816318, 24.615881], [120.81618, 24.615827], [120.81615, 24.615889], [120.816212, 24.615584], [120.816339, 24.61557], [120.816353, 24.615493], [120.815984, 24.615412], [120.81587, 24.615603], [120.815701, 24.615504], [120.81574, 24.615451], [120.815548, 24.61541], [120.81561, 24.615113], [120.815757, 24.615083], [120.815799, 24.615207], [120.815938, 24.615185], [120.815954, 24.615134], [120.815457, 24.615092], [120.815227, 24.615202], [120.815194, 24.615319], [120.814982, 24.614879], [120.815196, 24.614503], [120.815334, 24.614641], [120.815411, 24.614342], [120.815841, 24.614282], [120.815807, 24.613884], [120.815327, 24.613866], [120.815141, 24.613936], [120.814502, 24.613824], [120.814178, 24.614491]]}}, {"type": "Feature", "properties": {"district": "1000506", "segment": 20, "total_segments": 36, "km": 14.82, "villages": ["埔頂里"]}, "geometry": {"type": "LineString", "coordinates": [[120.815519, 24.615628], [120.815471, 24.615735], [120.815392, 24.615673], [120.81543, 24.615823], [120.815578, 24.615916], [120.815663, 24.615814], [120.815733, 24.615923], [120.815625, 24.616182], [120.815773, 24.616333], [120.815723, 24.616466], [120.816076, 24.616338], [120.816071, 24.616268], [120.815661, 24.615642], [120.81685, 24.615795], [120.817195, 24.615586], [120.816825, 24.615269], [120.817369, 24.614382], [120.816986, 24.613889], [120.816853, 24.613477], [120.818017, 24.61399], [120.818837, 24.614077], [120.819534, 24.614782], [120.819565, 24.614613], [120.819962, 24.614973], [120.820609, 24.614875], [120.820671, 24.615028], [120.820457, 24.614571], [120.820512, 24.614513], [120.820184, 24.614322], [120.819716, 24.615383], [120.819609, 24.615473], [120.818757, 24.615349], [120.818609, 24.61573], [120.818101, 24.615755], [120.818043, 24.615656], [120.818067, 24.615006], [120.818661, 24.613052], [120.819422, 24.612828], [120.820116, 24.612178], [120.820473, 24.612657], [120.820362, 24.612719], [120.820461, 24.61286], [120.820061, 24.612302], [120.819881, 24.612211], [120.819744, 24.61196], [120.819828, 24.611883], [120.819559, 24.61181], [120.822705, 24.615554], [120.823021, 24.61533], [120.823091, 24.61542], [120.821858, 24.616359], [120.820923, 24.616706], [120.821016, 24.617108], [120.820716, 24.61723], [120.820709, 24.617317], [120.820959, 24.617939], [120.820534, 24.617038], [120.819553, 24.617777], [120.819339, 24.618038], [120.819734, 24.619023], [120.820174, 24.619179], [120.820627, 24.619514], [120.820768, 24.621254], [120.823827, 24.621208], [120.823935, 24.621432], [120.823865, 24.621803], [120.824106, 24.621694], [120.824095, 24.621425], [120.824029, 24.621375], [120.824159, 24.621329], [120.823894, 24.621108], [120.82422, 24.620398], [120.82377, 24.620258], [120.823746, 24.620115], [120.823992, 24.619994], [120.823156, 24.619513], [120.822383, 24.618558], [120.822326, 24.618317], [120.822044, 24.618271], [120.822208, 24.617639], [120.823173, 24.617775], [120.823662, 24.617474], [120.823836, 24.617741], [120.82431, 24.618106], [120.824466, 24.618443], [120.824764, 24.617318], [120.824647, 24.617177], [120.82452, 24.617232], [120.824356, 24.616967], [120.8256, 24.616673], [120.826614, 24.616013], [120.826484, 24.615677], [120.827117, 24.616117], [120.826908, 24.616727], [120.827076, 24.61758], [120.827037, 24.617783], [120.827119, 24.6178], [120.827113, 24.618015], [120.827278, 24.617996], [120.827296, 24.61825], [120.826819, 24.618383], [120.82658, 24.618655], [120.827063, 24.618594], [120.827261, 24.618447], [120.826895, 24.618196], [120.826278, 24.618821], [120.828, 24.618202], [120.828361, 24.615827], [120.828615, 24.615621], [120.828283, 24.614744], [120.827564, 24.615319], [120.82948, 24.615172], [120.82962, 24.615088], [120.829726, 24.614509], [120.829893, 24.614471], [120.830813, 24.614793], [120.830947, 24.614547], [120.831755, 24.61434], [120.831411, 24.61392], [120.832258, 24.613853], [120.833687, 24.613037], [120.834703, 24.613204], [120.82905, 24.623065], [120.828868, 24.623237], [120.828771, 24.624652], [120.828703, 24.624715], [120.828744, 24.624798], [120.828959, 24.624677], [120.829088, 24.624691], [120.829056, 24.625183], [120.823947, 24.622118], [120.824859, 24.620566], [120.819753, 24.625529], [120.819683, 24.625481], [120.818494, 24.625611], [120.818582, 24.626285], [120.818204, 24.626477], [120.817276, 24.625792], [120.817315, 24.625671], [120.81725, 24.625632], [120.819143, 24.62948], [120.818925, 24.629852], [120.81872, 24.629689], [120.818566, 24.629737], [120.815949, 24.617477], [120.812328, 24.615455], [120.811951, 24.615578], [120.811834, 24.61552], [120.811592, 24.61569], [120.811381, 24.615613], [120.811427, 24.615504], [120.811093, 24.615759], [120.811336, 24.615802], [120.811256, 24.615946], [120.811555, 24.616324], [120.811685, 24.616397], [120.811882, 24.61634], [120.811556, 24.616564], [120.811306, 24.616415], [120.810969, 24.615477], [120.810784, 24.618145]]}}, {"type": "Feature", "properties": {"district": "1000506", "segment": 21, "total_segments": 36, "km": 14.88, "villages": ["埔頂里", "校椅里"]}, "geometry": {"type": "LineString", "coordinates": [[120.807122, 24.61681], [120.80661, 24.617071], [120.806454, 24.61679], [120.806644, 24.616732], [120.805931, 24.622175], [120.806802, 24.62281], [120.806447, 24.623188], [120.806094, 24.624033], [120.821154, 24.614581], [120.821717, 24.613907], [120.821739, 24.613539], [120.821864, 24.61339], [120.822198, 24.613352], [120.82115, 24.613325], [120.822137, 24.612371], [120.821841, 24.612023], [120.822014, 24.61173], [120.821897, 24.61147], [120.822016, 24.611437], [120.822124, 24.611715], [120.822216, 24.611676], [120.821888, 24.611293], [120.821681, 24.611448], [120.821955, 24.611019], [120.822528, 24.610753], [120.822395, 24.610596], [120.822153, 24.610686], [120.822386, 24.61125], [120.822719, 24.611686], [120.822622, 24.611723], [120.82276, 24.611791], [120.822908, 24.612106], [120.82317, 24.611997], [120.823109, 24.611779], [120.822915, 24.611828], [120.822981, 24.611955], [120.822823, 24.61165], [120.822918, 24.611603], [120.823345, 24.611911], [120.823401, 24.612036], [120.822799, 24.612155], [120.822926, 24.612942], [120.823812, 24.612992], [120.82375, 24.612709], [120.82418, 24.612288], [120.824857, 24.611973], [120.824798, 24.611842], [120.825011, 24.611683], [120.824803, 24.61125], [120.82506, 24.611374], [120.82539, 24.611307], [120.825368, 24.611245], [120.825773, 24.612229], [120.82619, 24.612089], [120.826373, 24.612154], [120.826273, 24.612266], [120.825498, 24.61257], [120.825537, 24.612652], [120.826327, 24.612401], [120.826384, 24.612819], [120.826621, 24.613414], [120.826782, 24.613369], [120.826658, 24.613058], [120.827222, 24.612655], [120.827542, 24.612528], [120.827425, 24.612445], [120.827451, 24.612357], [120.827325, 24.612208], [120.827207, 24.612246], [120.827328, 24.612468], [120.827118, 24.612508], [120.827136, 24.61256], [120.827074, 24.612353], [120.827813, 24.61236], [120.828239, 24.612134], [120.828066, 24.61201], [120.827688, 24.612154], [120.82754, 24.611866], [120.827687, 24.611814], [120.828004, 24.612589], [120.827608, 24.613156], [120.827787, 24.613515], [120.827705, 24.613539], [120.82796, 24.613645], [120.828066, 24.613898], [120.828229, 24.613976], [120.828365, 24.614315], [120.828268, 24.614337], [120.828142, 24.614058], [120.828036, 24.614112], [120.828154, 24.614398], [120.828206, 24.614477], [120.828425, 24.614399], [120.828069, 24.614524], [120.827891, 24.614088], [120.827487, 24.614289], [120.827563, 24.614483], [120.827806, 24.614542], [120.826801, 24.614898], [120.826731, 24.61466], [120.827213, 24.614554], [120.827172, 24.614421], [120.82669, 24.614541], [120.826294, 24.614658], [120.826355, 24.614987], [120.826086, 24.615032], [120.825988, 24.61435], [120.826076, 24.614334], [120.826258, 24.614567], [120.82613, 24.614699], [120.82618, 24.61491], [120.8259, 24.614235], [120.826092, 24.614189], [120.82465, 24.614261], [120.824689, 24.614156], [120.824996, 24.614119], [120.824636, 24.614142], [120.824472, 24.614077], [120.824503, 24.614341], [120.825371, 24.612765], [120.825339, 24.612419], [120.825727, 24.612251], [120.82549, 24.612665], [120.825283, 24.610383], [120.825461, 24.609706], [120.825772, 24.609916], [120.825639, 24.609586], [120.82574, 24.609612], [120.825923, 24.609321], [120.825913, 24.609194], [120.825536, 24.609029], [120.826168, 24.608684], [120.826095, 24.60838], [120.825894, 24.608481], [120.825913, 24.608551], [120.825804, 24.608547], [120.825847, 24.60867], [120.825541, 24.608761], [120.825548, 24.608627], [120.825425, 24.608451], [120.825315, 24.608456], [120.825166, 24.608603], [120.825117, 24.60886], [120.825206, 24.608927], [120.825287, 24.608842], [120.825057, 24.608994], [120.824906, 24.608981], [120.824898, 24.609067], [120.824687, 24.609031], [120.82451, 24.609113], [120.824463, 24.609348], [120.824375, 24.609386], [120.824379, 24.609738], [120.824253, 24.609938], [120.824423, 24.60993], [120.823943, 24.610264], [120.823802, 24.610107], [120.823418, 24.610281], [120.823298, 24.610141], [120.823458, 24.610053], [120.823548, 24.609832], [120.823405, 24.609708], [120.823214, 24.609831], [120.822977, 24.609819], [120.822693, 24.610028], [120.822657, 24.610142], [120.822292, 24.609812], [120.822709, 24.609518], [120.822805, 24.609612], [120.822517, 24.609836], [120.822622, 24.609951], [120.822891, 24.60972], [120.823552, 24.609464], [120.823684, 24.610307], [120.823823, 24.610459], [120.823728, 24.61052], [120.823631, 24.610406], [120.823601, 24.610363], [120.823972, 24.610303], [120.824411, 24.610552], [120.82481, 24.609372], [120.825248, 24.609411], [120.8252, 24.609261], [120.825317, 24.609257], [120.825287, 24.60916], [120.825411, 24.609085], [120.82552, 24.60946], [120.825147, 24.609646], [120.825929, 24.609901], [120.826153, 24.60963], [120.826281, 24.609583], [120.82624, 24.609365], [120.826082, 24.609342], [120.826032, 24.609091], [120.826222, 24.609216], [120.826444, 24.609211], [120.826391, 24.609966], [120.826608, 24.610594], [120.828022, 24.609417], [120.827834, 24.608777], [120.828372, 24.608427], [120.828713, 24.608824], [120.829334, 24.608943], [120.82982, 24.608669], [120.829422, 24.608376], [120.829306, 24.608159], [120.829091, 24.608187], [120.829254, 24.607869], [120.827833, 24.607681], [120.827691, 24.607777], [120.827777, 24.607882], [120.827612, 24.607517], [120.827303, 24.60774], [120.827391, 24.607054], [120.826204, 24.607924], [120.826304, 24.60807], [120.826252, 24.608129], [120.826498, 24.608308], [120.82658, 24.608499], [120.82638, 24.608583], [120.826516, 24.608686], [120.825973, 24.608286], [120.825704, 24.608277], [120.825864, 24.60898], [120.82489, 24.608425], [120.824698, 24.60849], [120.824423, 24.608954], [120.824994, 24.605871], [120.826353, 24.604268], [120.827962, 24.605064], [120.828817, 24.605344], [120.829025, 24.605252], [120.829184, 24.605359], [120.829022, 24.605566], [120.828929, 24.605534], [120.829121, 24.605659], [120.829402, 24.605567], [120.829644, 24.605671], [120.829741, 24.605193], [120.829921, 24.605086], [120.830057, 24.604476], [120.83046, 24.604371], [120.830322, 24.604162], [120.830075, 24.603995], [120.830055, 24.603677], [120.830721, 24.60336], [120.83112, 24.604276], [120.831795, 24.603936], [120.832378, 24.604122], [120.83306, 24.603719], [120.833116, 24.604791], [120.832984, 24.604808], [120.831881, 24.605951], [120.831271, 24.605853], [120.831128, 24.605529], [120.830784, 24.606069], [120.831357, 24.606586], [120.831603, 24.606459], [120.83208, 24.606904], [120.832131, 24.606798], [120.832207, 24.607768], [120.831942, 24.607764], [120.832179, 24.608534], [120.831846, 24.608756], [120.831899, 24.608831], [120.832351, 24.60856], [120.832355, 24.608753], [120.833302, 24.609889], [120.833187, 24.609976], [120.832362, 24.609018], [120.832293, 24.609071]]}}, {"type": "Feature", "properties": {"district": "1000506", "segment": 22, "total_segments": 36, "km": 14.99, "villages": ["校椅里", "豐富里"]}, "geometry": {"type": "LineString", "coordinates": [[120.833107, 24.610021], [120.832981, 24.610088], [120.832755, 24.609765], [120.832324, 24.609393], [120.832106, 24.608859], [120.832181, 24.608806], [120.832292, 24.608936], [120.832292, 24.609587], [120.832512, 24.609789], [120.832463, 24.609931], [120.832375, 24.609916], [120.832131, 24.609617], [120.831699, 24.610166], [120.831734, 24.610276], [120.832372, 24.610796], [120.833015, 24.610137], [120.833464, 24.610209], [120.833549, 24.610154], [120.833592, 24.610336], [120.833491, 24.609985], [120.833976, 24.611143], [120.834215, 24.611353], [120.83427, 24.611668], [120.831927, 24.612796], [120.831599, 24.612771], [120.831035, 24.612881], [120.831127, 24.613175], [120.831038, 24.6132], [120.830905, 24.612877], [120.831046, 24.613312], [120.831197, 24.613265], [120.829223, 24.613162], [120.82825, 24.613581], [120.828712, 24.611741], [120.828615, 24.611656], [120.829025, 24.611379], [120.829082, 24.611443], [120.829472, 24.611325], [120.830133, 24.611029], [120.83014, 24.611152], [120.829532, 24.611415], [120.829634, 24.611612], [120.830293, 24.611321], [120.82924, 24.610915], [120.82939, 24.610365], [120.82909, 24.610082], [120.829477, 24.609336], [120.830805, 24.609667], [120.82991, 24.606131], [120.829139, 24.605084], [120.830746, 24.604981], [120.830787, 24.604786], [120.832282, 24.602722], [120.83437, 24.601789], [120.834432, 24.601871], [120.834485, 24.601826], [120.834417, 24.601941], [120.834284, 24.601961], [120.834567, 24.601936], [120.834582, 24.602154], [120.834472, 24.60162], [120.834324, 24.601575], [120.834651, 24.60159], [120.834786, 24.601464], [120.834813, 24.601542], [120.835011, 24.601297], [120.834836, 24.601242], [120.83474, 24.601322], [120.834538, 24.60121], [120.835041, 24.601055], [120.836584, 24.602208], [120.838614, 24.601483], [120.838673, 24.601612], [120.838887, 24.601469], [120.839267, 24.601432], [120.839353, 24.602071], [120.839551, 24.601847], [120.828843, 24.60074], [120.8234, 24.603402], [120.821141, 24.611556], [120.821307, 24.612456], [120.822168, 24.614211], [120.820419, 24.609687], [120.817525, 24.608002], [120.817266, 24.608011], [120.81734, 24.607746], [120.817217, 24.607602], [120.817238, 24.607796], [120.817444, 24.607686], [120.817557, 24.60772], [120.817481, 24.607835], [120.817567, 24.60793], [120.817541, 24.607569], [120.817431, 24.607536], [120.817515, 24.607438], [120.817296, 24.607526], [120.816827, 24.607996], [120.816828, 24.608401], [120.815809, 24.608433], [120.815495, 24.607343], [120.815338, 24.607344], [120.815333, 24.607257], [120.815551, 24.607279], [120.815217, 24.607257], [120.815316, 24.607001], [120.815502, 24.607], [120.815223, 24.60644], [120.815288, 24.606047], [120.815211, 24.605685], [120.816405, 24.605422], [120.816903, 24.605986], [120.816921, 24.605283], [120.817105, 24.605167], [120.817043, 24.605087], [120.816845, 24.605191], [120.817126, 24.604935], [120.817279, 24.605154], [120.817814, 24.605516], [120.817622, 24.604552], [120.817862, 24.60442], [120.817936, 24.604537], [120.817821, 24.604294], [120.817755, 24.604299], [120.817887, 24.604274], [120.818046, 24.604047], [120.818203, 24.604265], [120.818652, 24.604371], [120.818559, 24.604194], [120.818453, 24.604251], [120.818464, 24.604097], [120.818355, 24.604115], [120.818544, 24.603829], [120.81882, 24.603807], [120.818802, 24.603719], [120.818997, 24.603519], [120.819329, 24.603834], [120.819493, 24.603797], [120.819654, 24.604023], [120.819654, 24.604205], [120.819825, 24.604147], [120.819941, 24.604307], [120.820112, 24.604058], [120.820026, 24.6039], [120.819855, 24.603829], [120.819808, 24.603614], [120.819101, 24.604056], [120.818951, 24.60407], [120.818979, 24.603956], [120.818869, 24.603978], [120.81876, 24.604127], [120.818679, 24.604511], [120.818406, 24.60454], [120.81858, 24.604639], [120.818837, 24.604538], [120.8193, 24.604123], [120.819447, 24.604197], [120.820494, 24.603307], [120.820793, 24.603389], [120.820938, 24.603123], [120.820859, 24.603081], [120.820921, 24.602999], [120.820785, 24.602967], [120.820935, 24.602905], [120.82081, 24.60281], [120.820877, 24.602737], [120.820833, 24.602663], [120.820711, 24.602715], [120.821062, 24.602465], [120.821003, 24.60237], [120.82089, 24.602414], [120.821222, 24.602503], [120.821226, 24.602427], [120.821329, 24.6024], [120.821283, 24.602284], [120.821335, 24.602259], [120.821841, 24.602197], [120.821941, 24.602093], [120.822037, 24.602187], [120.822062, 24.602027], [120.822366, 24.601971], [120.822452, 24.601884], [120.822295, 24.601727], [120.822686, 24.60161], [120.822828, 24.601766], [120.822993, 24.601772], [120.823116, 24.60164], [120.823104, 24.601549], [120.822914, 24.601555], [120.822769, 24.601378], [120.822952, 24.601307], [120.8228, 24.600997], [120.822891, 24.600939], [120.822668, 24.601135], [120.8226, 24.601337], [120.822357, 24.601488], [120.821493, 24.601725], [120.82175, 24.601954], [120.822256, 24.601834], [120.822193, 24.601759], [120.822363, 24.60237], [120.822514, 24.602291], [120.822434, 24.602048], [120.822604, 24.602351], [120.822449, 24.602516], [120.822186, 24.602376], [120.821785, 24.60238], [120.821696, 24.602535], [120.821599, 24.602464], [120.821499, 24.602658], [120.821327, 24.602676], [120.821333, 24.602836], [120.821479, 24.602853], [120.821322, 24.602518], [120.821107, 24.602776], [120.821784, 24.602694], [120.821849, 24.603177], [120.821172, 24.602151], [120.822804, 24.601967], [120.823242, 24.602219], [120.823396, 24.602131], [120.823299, 24.602038], [120.823286, 24.601802], [120.82317, 24.601703], [120.823329, 24.601625], [120.823525, 24.601944], [120.823611, 24.601171], [120.824315, 24.600526], [120.824459, 24.600461], [120.824538, 24.600568], [120.824695, 24.600306], [120.825035, 24.600352], [120.82479, 24.600144], [120.824862, 24.599717], [120.825504, 24.60035], [120.825312, 24.600668], [120.825242, 24.600638], [120.825665, 24.600766], [120.826446, 24.600804], [120.82657, 24.600735], [120.827447, 24.600743], [120.82755, 24.60071], [120.827517, 24.600631], [120.82767, 24.600612], [120.828135, 24.600854], [120.828482, 24.600779], [120.82847, 24.60062], [120.828357, 24.60051], [120.828019, 24.600562], [120.827846, 24.600303], [120.82855, 24.600049], [120.828899, 24.600109], [120.829128, 24.600368], [120.829279, 24.6003], [120.829435, 24.599982], [120.830306, 24.599897], [120.830799, 24.599626], [120.830755, 24.599141], [120.831173, 24.60021]]}}, {"type": "Feature", "properties": {"district": "1000506", "segment": 23, "total_segments": 36, "km": 12.45, "villages": ["豐富里"]}, "geometry": {"type": "LineString", "coordinates": [[120.831589, 24.600233], [120.831616, 24.600061], [120.831855, 24.600003], [120.832158, 24.599559], [120.832418, 24.599501], [120.832648, 24.599709], [120.833216, 24.599412], [120.83368, 24.599424], [120.8336, 24.598941], [120.833877, 24.598675], [120.834177, 24.598547], [120.834345, 24.598721], [120.834531, 24.59868], [120.834381, 24.598035], [120.834284, 24.598072], [120.834332, 24.597937], [120.834218, 24.597942], [120.834468, 24.597836], [120.834554, 24.598007], [120.834705, 24.597785], [120.834819, 24.597781], [120.834923, 24.597665], [120.834986, 24.597797], [120.835156, 24.597759], [120.8351, 24.597579], [120.835368, 24.597797], [120.835668, 24.597648], [120.83585, 24.597727], [120.835623, 24.598285], [120.835411, 24.598274], [120.834937, 24.597968], [120.834675, 24.597516], [120.835905, 24.596278], [120.835815, 24.596202], [120.836557, 24.596912], [120.836879, 24.597094], [120.837289, 24.596751], [120.837456, 24.597085], [120.837294, 24.596378], [120.837686, 24.595675], [120.838063, 24.595475], [120.838105, 24.595249], [120.838819, 24.5956], [120.83865, 24.595116], [120.838736, 24.595077], [120.838828, 24.594655], [120.838919, 24.594572], [120.838822, 24.594473], [120.838997, 24.594407], [120.838993, 24.593944], [120.839507, 24.593782], [120.839884, 24.593904], [120.840003, 24.593782], [120.840184, 24.593152], [120.840537, 24.593038], [120.840646, 24.593093], [120.839561, 24.593194], [120.838376, 24.594024], [120.838232, 24.595956], [120.838142, 24.59623], [120.839434, 24.596166], [120.835904, 24.594949], [120.835699, 24.595089], [120.835359, 24.595129], [120.834726, 24.594029], [120.834936, 24.59393], [120.83474, 24.593567], [120.834425, 24.59381], [120.833996, 24.594], [120.833696, 24.594389], [120.833807, 24.594545], [120.833543, 24.594638], [120.833455, 24.59447], [120.833536, 24.594441], [120.833309, 24.594651], [120.833421, 24.594947], [120.833611, 24.594865], [120.83274, 24.595311], [120.83215, 24.594275], [120.830398, 24.595347], [120.830323, 24.596228], [120.829854, 24.596389], [120.829249, 24.597224], [120.828883, 24.597109], [120.8288, 24.597011], [120.828912, 24.597324], [120.828986, 24.597303], [120.827853, 24.597715], [120.827693, 24.597352], [120.827758, 24.596735], [120.827884, 24.598448], [120.828075, 24.598955], [120.828533, 24.599164], [120.828622, 24.599325], [120.828806, 24.599216], [120.828857, 24.598616], [120.829902, 24.59742], [120.830244, 24.597492], [120.831661, 24.597113], [120.831882, 24.597267], [120.832045, 24.597189], [120.832204, 24.596971], [120.832699, 24.597199], [120.832713, 24.596491], [120.831593, 24.596282], [120.833632, 24.596436], [120.833758, 24.596517], [120.832345, 24.598256], [120.832517, 24.598378], [120.832563, 24.598835], [120.832778, 24.598971], [120.832261, 24.598799], [120.829483, 24.60064], [120.82952, 24.600719], [120.829225, 24.600934], [120.829353, 24.601259], [120.829471, 24.601243], [120.829168, 24.60137], [120.829136, 24.601201], [120.828848, 24.600939], [120.828762, 24.601012], [120.828911, 24.601196], [120.828381, 24.601338], [120.828432, 24.601472], [120.829025, 24.601334], [120.829079, 24.601555], [120.828441, 24.601691], [120.828381, 24.601492], [120.828519, 24.600956], [120.828861, 24.600718], [120.828682, 24.600562], [120.828747, 24.600459], [120.828622, 24.600453], [120.82919, 24.600897], [120.829796, 24.601036], [120.830073, 24.601626], [120.830181, 24.602063], [120.829923, 24.602789], [120.829116, 24.602146], [120.828187, 24.602773], [120.828566, 24.603162], [120.827697, 24.603272], [120.827655, 24.603384], [120.82665, 24.601799], [120.826491, 24.601792], [120.826183, 24.601553], [120.826172, 24.601361], [120.826298, 24.601348], [120.825972, 24.601204], [120.826531, 24.601011], [120.826569, 24.600477], [120.827228, 24.600825], [120.827305, 24.600949], [120.827418, 24.600905], [120.827505, 24.601213], [120.827716, 24.601286], [120.827558, 24.601425], [120.827299, 24.601123], [120.827348, 24.60065], [120.827888, 24.600854], [120.825434, 24.598884], [120.823993, 24.600089], [120.824628, 24.601534], [120.82062, 24.600556], [120.820156, 24.600196], [120.820959, 24.604167], [120.817583, 24.604372], [120.817344, 24.604441], [120.816691, 24.604192], [120.816481, 24.603651], [120.816272, 24.603725], [120.81637, 24.603943], [120.816262, 24.603968], [120.81618, 24.603753], [120.815911, 24.603884], [120.8163, 24.604067], [120.81638, 24.604286], [120.816462, 24.604216], [120.816392, 24.604043], [120.816471, 24.604644], [120.816268, 24.604778], [120.815736, 24.604281], [120.815268, 24.604515], [120.815571, 24.60331], [120.816852, 24.603087], [120.815854, 24.60703], [120.815216, 24.607386]]}}, {"type": "Feature", "properties": {"district": "1000506", "segment": 24, "total_segments": 36, "km": 13.01, "villages": ["豐富里", "新民里"]}, "geometry": {"type": "LineString", "coordinates": [[120.835019, 24.593043], [120.835231, 24.593165], [120.835524, 24.593086], [120.835626, 24.593235], [120.835797, 24.593257], [120.83576, 24.593434], [120.835768, 24.592671], [120.835998, 24.592845], [120.840533, 24.591462], [120.842583, 24.591148], [120.843553, 24.590631], [120.843642, 24.590378], [120.842686, 24.590125], [120.843241, 24.592405], [120.843279, 24.592461], [120.843768, 24.592266], [120.842342, 24.592588], [120.819534, 24.611652], [120.819442, 24.611607], [120.818886, 24.612129], [120.818989, 24.612238], [120.81896, 24.61242], [120.819065, 24.612426], [120.81874, 24.612302], [120.818606, 24.611999], [120.818763, 24.611991], [120.818778, 24.61179], [120.818925, 24.611789], [120.818895, 24.611607], [120.818471, 24.611372], [120.818346, 24.611396], [120.818418, 24.61155], [120.818237, 24.611695], [120.818007, 24.61163], [120.818006, 24.611787], [120.817795, 24.611807], [120.817779, 24.611624], [120.817394, 24.611186], [120.817246, 24.611378], [120.817396, 24.611546], [120.81716, 24.611741], [120.817212, 24.611912], [120.816878, 24.612036], [120.81672, 24.611979], [120.81669, 24.612114], [120.81655, 24.612147], [120.816508, 24.61204], [120.816361, 24.612077], [120.816432, 24.612388], [120.816256, 24.612426], [120.815717, 24.6128], [120.815739, 24.613156], [120.815808, 24.613193], [120.815758, 24.613251], [120.816554, 24.613003], [120.816719, 24.612993], [120.816774, 24.613103], [120.816974, 24.613035], [120.816733, 24.612751], [120.816759, 24.612595], [120.816635, 24.612454], [120.816617, 24.612291], [120.816531, 24.61256], [120.816626, 24.612759], [120.816045, 24.61295], [120.815972, 24.612878], [120.816027, 24.612806], [120.815882, 24.612964], [120.815543, 24.612838], [120.815545, 24.612771], [120.815406, 24.612787], [120.815509, 24.612526], [120.81581, 24.612601], [120.815947, 24.612438], [120.815893, 24.612323], [120.816056, 24.612285], [120.816012, 24.612208], [120.816129, 24.6122], [120.816105, 24.612132], [120.816213, 24.612068], [120.816271, 24.612304], [120.815801, 24.612395], [120.81542, 24.612895], [120.815082, 24.61287], [120.814927, 24.612711], [120.814656, 24.612828], [120.81472, 24.612883], [120.814453, 24.613133], [120.814523, 24.61324], [120.81447, 24.613322], [120.814742, 24.613877], [120.814938, 24.613874], [120.814838, 24.613761], [120.815112, 24.613948], [120.815311, 24.613843], [120.815421, 24.613962], [120.815237, 24.613674], [120.815303, 24.613306], [120.81521, 24.613078], [120.81528, 24.612994], [120.815004, 24.613094], [120.814944, 24.61294], [120.814613, 24.612727], [120.814539, 24.612548], [120.81439, 24.612625], [120.814495, 24.61284], [120.814348, 24.612934], [120.814268, 24.6127], [120.814317, 24.612422], [120.814474, 24.612383], [120.814808, 24.612055], [120.816011, 24.611749], [120.816028, 24.61167], [120.816135, 24.611735], [120.816278, 24.61165], [120.816254, 24.611761], [120.816018, 24.611305], [120.816482, 24.611602], [120.816659, 24.611404], [120.816913, 24.611356], [120.816948, 24.611569], [120.81678, 24.611785], [120.817022, 24.612194], [120.817323, 24.612031], [120.817467, 24.612551], [120.817423, 24.612852], [120.81716, 24.612975], [120.816947, 24.612884], [120.816966, 24.612702], [120.817058, 24.612721], [120.817162, 24.612502], [120.81714, 24.612315], [120.817058, 24.612325], [120.816867, 24.612553], [120.817548, 24.612252], [120.817965, 24.612178], [120.817643, 24.611825], [120.817506, 24.611931], [120.817376, 24.611832], [120.817746, 24.611372], [120.817702, 24.611067], [120.817868, 24.611283], [120.818007, 24.61132], [120.818268, 24.611946], [120.818094, 24.612023], [120.818103, 24.612086], [120.818284, 24.612393], [120.817928, 24.612414], [120.817704, 24.61258], [120.817855, 24.612624], [120.818047, 24.612527], [120.816186, 24.613344], [120.815519, 24.613321], [120.815465, 24.613061], [120.815515, 24.613021], [120.815523, 24.613459], [120.814579, 24.613976], [120.814616, 24.614057], [120.814367, 24.613527], [120.814091, 24.613555], [120.81404, 24.613382], [120.814188, 24.613266], [120.814011, 24.612956], [120.813654, 24.613704], [120.814187, 24.614069], [120.814057, 24.614364], [120.812829, 24.614946], [120.812505, 24.614824], [120.812597, 24.614727], [120.812564, 24.614557], [120.812251, 24.614683], [120.812217, 24.614634], [120.812115, 24.614402], [120.812261, 24.614362], [120.81235, 24.614219], [120.812194, 24.613985], [120.812046, 24.613956], [120.811849, 24.614122], [120.811782, 24.614051], [120.81168, 24.614369], [120.811226, 24.614253], [120.811286, 24.613919], [120.811561, 24.613904], [120.811579, 24.614068], [120.81209, 24.614244], [120.811943, 24.614379], [120.811983, 24.614589], [120.811873, 24.614596], [120.81183, 24.614745], [120.811469, 24.615053], [120.811591, 24.61515], [120.811917, 24.614862], [120.811957, 24.61499], [120.812072, 24.614895], [120.812107, 24.615081], [120.812267, 24.615033], [120.812309, 24.615149], [120.811945, 24.61527], [120.811966, 24.615153], [120.811831, 24.615051], [120.811742, 24.615202], [120.811834, 24.61536], [120.81163, 24.615362], [120.811628, 24.615456], [120.811497, 24.615254], [120.811291, 24.615276], [120.81126, 24.615199], [120.811103, 24.61476], [120.811327, 24.614671], [120.811379, 24.614881], [120.810851, 24.615041], [120.810884, 24.615163], [120.811105, 24.615099], [120.811099, 24.615248], [120.811237, 24.615426], [120.810963, 24.614868], [120.810781, 24.614673], [120.810709, 24.614818], [120.810992, 24.614641], [120.810979, 24.614576], [120.811287, 24.614481], [120.811721, 24.614705], [120.812191, 24.61471], [120.812606, 24.615065], [120.812352, 24.615133], [120.812498, 24.613951], [120.81283, 24.613713], [120.810722, 24.613744], [120.810714, 24.614422], [120.810448, 24.614541], [120.810035, 24.613193], [120.814846, 24.610637], [120.815364, 24.610921], [120.815949, 24.61062], [120.815879, 24.610517], [120.816031, 24.610716], [120.816381, 24.610718], [120.816579, 24.610945], [120.816414, 24.611139], [120.816417, 24.611397], [120.816715, 24.610787], [120.816882, 24.610835], [120.817156, 24.610507], [120.817721, 24.610569], [120.817725, 24.610624], [120.815586, 24.610267]]}}, {"type": "Feature", "properties": {"district": "1000506", "segment": 25, "total_segments": 36, "km": 10.16, "villages": ["復興里"]}, "geometry": {"type": "LineString", "coordinates": [[120.814989, 24.611042], [120.814766, 24.611196], [120.814745, 24.611336], [120.814612, 24.611433], [120.814846, 24.611793], [120.814742, 24.611863], [120.814528, 24.611769], [120.814557, 24.611663], [120.814369, 24.611476], [120.814343, 24.611343], [120.813991, 24.6116], [120.813732, 24.611241], [120.813901, 24.611014], [120.814167, 24.610879], [120.814106, 24.610773], [120.814247, 24.610969], [120.814091, 24.611067], [120.814165, 24.611209], [120.81442, 24.611093], [120.814476, 24.61116], [120.814616, 24.610871], [120.815242, 24.611279], [120.815084, 24.611454], [120.815094, 24.611552], [120.81436, 24.612171], [120.814103, 24.611722], [120.814189, 24.611624], [120.813935, 24.611824], [120.814042, 24.612013], [120.813984, 24.612079], [120.814094, 24.612108], [120.8142, 24.612283], [120.813946, 24.61252], [120.813435, 24.612297], [120.813449, 24.612161], [120.813752, 24.611964], [120.813626, 24.611875], [120.813627, 24.611793], [120.813759, 24.611797], [120.813782, 24.611649], [120.813703, 24.611535], [120.813501, 24.611412], [120.813618, 24.611575], [120.81358, 24.611662], [120.813471, 24.611616], [120.813497, 24.611907], [120.813248, 24.611932], [120.813308, 24.61204], [120.813206, 24.612135], [120.813066, 24.611856], [120.813347, 24.611766], [120.8133, 24.611595], [120.813207, 24.611552], [120.813186, 24.611655], [120.812663, 24.611347], [120.812713, 24.610978], [120.812455, 24.610957], [120.812748, 24.610645], [120.812578, 24.610262], [120.813022, 24.610246], [120.813056, 24.611125], [120.813329, 24.611293], [120.812915, 24.611979], [120.812781, 24.611943], [120.812758, 24.612234], [120.812436, 24.612479], [120.812407, 24.612572], [120.81272, 24.612643], [120.812461, 24.612959], [120.812216, 24.612952], [120.812183, 24.61272], [120.812995, 24.612543], [120.813135, 24.612429], [120.813246, 24.612493], [120.812945, 24.61274], [120.812941, 24.612299], [120.813026, 24.612217], [120.813311, 24.612233], [120.813366, 24.61245], [120.812061, 24.611247], [120.811622, 24.611013], [120.811656, 24.610653], [120.811026, 24.610585], [120.811009, 24.610749], [120.811152, 24.610793], [120.81081, 24.610718], [120.810713, 24.610815], [120.810765, 24.610957], [120.810936, 24.610964], [120.81069, 24.611187], [120.810631, 24.611449], [120.811214, 24.611533], [120.811072, 24.611369], [120.810759, 24.611369], [120.81094, 24.611629], [120.811085, 24.611632], [120.811078, 24.611693], [120.811192, 24.611377], [120.810418, 24.61125], [120.810389, 24.611123], [120.810596, 24.610766], [120.810352, 24.610718], [120.810424, 24.610835], [120.810259, 24.610895], [120.809982, 24.610411], [120.80941, 24.610526], [120.808768, 24.610919], [120.808115, 24.611155], [120.808149, 24.611393], [120.807558, 24.610879], [120.807362, 24.610969], [120.807141, 24.610879], [120.806546, 24.611221], [120.806349, 24.611084], [120.806433, 24.61095], [120.805879, 24.610956], [120.805721, 24.610705], [120.805711, 24.610382], [120.806246, 24.61022], [120.806501, 24.610254], [120.806503, 24.610566], [120.806332, 24.610535], [120.80623, 24.60992], [120.805994, 24.609708], [120.806038, 24.609514], [120.806742, 24.609227], [120.806845, 24.609626], [120.807598, 24.608776], [120.807643, 24.60742], [120.805962, 24.607628], [120.806065, 24.606453], [120.809519, 24.607413], [120.810341, 24.60867], [120.810707, 24.609507], [120.811087, 24.610076], [120.811212, 24.61012], [120.811197, 24.610454], [120.811753, 24.610519], [120.811774, 24.610665], [120.811946, 24.610676], [120.81201, 24.610598], [120.810907, 24.610417], [120.810848, 24.610269], [120.810848, 24.610537], [120.810776, 24.610544], [120.80984, 24.609837], [120.807839, 24.610482], [120.809157, 24.612207], [120.810457, 24.611704], [120.81194, 24.608873], [120.811804, 24.607487], [120.81463, 24.608027], [120.81441, 24.609895], [120.807114, 24.61313], [120.806365, 24.61325], [120.805265, 24.613219], [120.805468, 24.6123], [120.80371, 24.610727], [120.802771, 24.611187], [120.803124, 24.612511], [120.803746, 24.613824], [120.804677, 24.613332], [120.805536, 24.611027], [120.8051, 24.610207], [120.804198, 24.609506], [120.803295, 24.609723], [120.803237, 24.609396]]}}, {"type": "Feature", "properties": {"district": "1000506", "segment": 26, "total_segments": 36, "km": 14.98, "villages": ["大庄里"]}, "geometry": {"type": "LineString", "coordinates": [[120.802254, 24.608652], [120.802157, 24.60875], [120.801866, 24.607749], [120.801609, 24.60779], [120.80135, 24.608003], [120.801242, 24.607984], [120.800991, 24.60825], [120.800975, 24.608441], [120.800452, 24.609051], [120.800075, 24.608947], [120.799323, 24.609388], [120.79937, 24.609446], [120.799427, 24.609163], [120.799966, 24.608803], [120.799784, 24.608767], [120.799179, 24.609197], [120.799063, 24.608788], [120.799661, 24.60987], [120.799917, 24.609728], [120.80074, 24.609894], [120.800879, 24.609768], [120.801412, 24.60983], [120.800479, 24.610767], [120.800339, 24.610848], [120.800258, 24.610716], [120.800357, 24.610666], [120.800415, 24.611365], [120.800408, 24.611756], [120.80028, 24.612012], [120.799343, 24.612475], [120.800129, 24.613666], [120.800258, 24.613479], [120.799711, 24.612659], [120.799294, 24.612808], [120.79918, 24.612628], [120.799014, 24.612596], [120.798488, 24.612794], [120.79843, 24.612645], [120.798524, 24.612606], [120.798444, 24.612528], [120.798687, 24.612415], [120.798695, 24.612554], [120.799015, 24.612427], [120.798832, 24.612175], [120.798949, 24.612003], [120.799188, 24.612282], [120.799391, 24.612216], [120.798953, 24.61269], [120.799029, 24.612884], [120.799093, 24.612871], [120.798846, 24.612806], [120.798837, 24.612917], [120.798616, 24.612958], [120.798215, 24.612863], [120.797895, 24.612917], [120.797557, 24.612858], [120.797487, 24.612928], [120.79753, 24.612983], [120.797293, 24.612833], [120.797111, 24.612957], [120.797026, 24.612646], [120.796835, 24.612614], [120.796972, 24.612419], [120.797062, 24.612361], [120.797119, 24.612432], [120.797244, 24.612305], [120.797426, 24.612507], [120.797718, 24.612345], [120.7975, 24.612086], [120.797191, 24.612213], [120.796773, 24.611218], [120.797625, 24.610682], [120.797883, 24.611045], [120.797669, 24.611159], [120.797649, 24.611], [120.79738, 24.610613], [120.797504, 24.610502], [120.795748, 24.61168], [120.795999, 24.612052], [120.79585, 24.612116], [120.795686, 24.611849], [120.79521, 24.612098], [120.795396, 24.612422], [120.795785, 24.612211], [120.795704, 24.612075], [120.795457, 24.612227], [120.795646, 24.612481], [120.795758, 24.612421], [120.795987, 24.61286], [120.796124, 24.612668], [120.79592, 24.612311], [120.796103, 24.612219], [120.796259, 24.612507], [120.796438, 24.612348], [120.796244, 24.612127], [120.796365, 24.612053], [120.79625, 24.611921], [120.796307, 24.61183], [120.79617, 24.611972], [120.796024, 24.611687], [120.796618, 24.611336], [120.796621, 24.611634], [120.796465, 24.611796], [120.795954, 24.611725], [120.795789, 24.611331], [120.797712, 24.610064], [120.797651, 24.610237], [120.797742, 24.610472], [120.798218, 24.611093], [120.798078, 24.611256], [120.798276, 24.611489], [120.798223, 24.61156], [120.797671, 24.611615], [120.7977, 24.611752], [120.797513, 24.611871], [120.797395, 24.611481], [120.79717, 24.611559], [120.797185, 24.611365], [120.797396, 24.611269], [120.797437, 24.611453], [120.797756, 24.611436], [120.798042, 24.611942], [120.79798, 24.611968], [120.798209, 24.61186], [120.798329, 24.611955], [120.798251, 24.612103], [120.798004, 24.612194], [120.797939, 24.612091], [120.798326, 24.612417], [120.798212, 24.612516], [120.79828, 24.612597], [120.798233, 24.61268], [120.797905, 24.612759], [120.797709, 24.612707], [120.79781, 24.612545], [120.797519, 24.61263], [120.797386, 24.612765], [120.797323, 24.613061], [120.797017, 24.613233], [120.796869, 24.613461], [120.796657, 24.613302], [120.796844, 24.612995], [120.79669, 24.612827], [120.795953, 24.613731], [120.796116, 24.613675], [120.796137, 24.613833], [120.796405, 24.613567], [120.796684, 24.613795], [120.796544, 24.613887], [120.797219, 24.613939], [120.79756, 24.613695], [120.797776, 24.613642], [120.797879, 24.613865], [120.79724, 24.614095], [120.797401, 24.614528], [120.797805, 24.614324], [120.797732, 24.614179], [120.797503, 24.61427], [120.79768, 24.614657], [120.797926, 24.614569], [120.797975, 24.614684], [120.7979, 24.614964], [120.797476, 24.615391], [120.79717, 24.615327], [120.796179, 24.615813], [120.795804, 24.615331], [120.796238, 24.615183], [120.796309, 24.615356], [120.796039, 24.615466], [120.796168, 24.615596], [120.796411, 24.615486], [120.796351, 24.61534], [120.797316, 24.615008], [120.797206, 24.614804], [120.796494, 24.615193], [120.796462, 24.615119], [120.796593, 24.615743], [120.796316, 24.615883], [120.796199, 24.615852], [120.7964, 24.616131], [120.796666, 24.616014], [120.796713, 24.616211], [120.796505, 24.616335], [120.796446, 24.61625], [120.796861, 24.616418], [120.797017, 24.616295], [120.797572, 24.616122], [120.797631, 24.616241], [120.797379, 24.616321], [120.797223, 24.615952], [120.797081, 24.616014], [120.797008, 24.61588], [120.797154, 24.615825], [120.797016, 24.615596], [120.79671, 24.615743], [120.797259, 24.615495], [120.797764, 24.615548], [120.798329, 24.615366], [120.798366, 24.615629], [120.798437, 24.61561], [120.798295, 24.615649], [120.798214, 24.615482], [120.798225, 24.615668], [120.798018, 24.615728], [120.797965, 24.615555], [120.797867, 24.615591], [120.79795, 24.615748], [120.797882, 24.615768], [120.797805, 24.616134], [120.798091, 24.61622], [120.798409, 24.616116], [120.79915, 24.616502], [120.798795, 24.616732], [120.799212, 24.616938], [120.800805, 24.616961], [120.799707, 24.615906], [120.799768, 24.615711], [120.799449, 24.615558], [120.799098, 24.615789], [120.799054, 24.615657], [120.799114, 24.615832], [120.798884, 24.61583], [120.798646, 24.615707], [120.798707, 24.615453], [120.798652, 24.615357], [120.798821, 24.615217], [120.798856, 24.615272], [120.79892, 24.615161], [120.799322, 24.614993], [120.799616, 24.615092], [120.799653, 24.614825], [120.799556, 24.614811], [120.799723, 24.614576], [120.800025, 24.614659], [120.799997, 24.614725], [120.800076, 24.614537], [120.799941, 24.614456], [120.800122, 24.614334], [120.799969, 24.614071], [120.79984, 24.613985], [120.799717, 24.614009], [120.799777, 24.614116], [120.799727, 24.614155], [120.800019, 24.61395], [120.799951, 24.613848], [120.800505, 24.613528], [120.800364, 24.613983], [120.800509, 24.614205], [120.800373, 24.614337], [120.80036, 24.614464], [120.800539, 24.614399], [120.800058, 24.615224], [120.799554, 24.615415], [120.799475, 24.615519], [120.799088, 24.615425], [120.798961, 24.615461], [120.798947, 24.615383], [120.798223, 24.61514], [120.798078, 24.615188], [120.798325, 24.614905], [120.798084, 24.614279], [120.798243, 24.61382], [120.798187, 24.613637], [120.798033, 24.613603], [120.798158, 24.613273], [120.798117, 24.613156], [120.797868, 24.613255], [120.797923, 24.613412], [120.797757, 24.613591], [120.79754, 24.613485], [120.797281, 24.613622], [120.797169, 24.613475], [120.797682, 24.613119], [120.797809, 24.613163], [120.79799, 24.612429], [120.798595, 24.612082], [120.798549, 24.612313], [120.798472, 24.612359], [120.79859, 24.6119], [120.798425, 24.611683], [120.798329, 24.611732], [120.799065, 24.611437], [120.798467, 24.610685], [120.798156, 24.610753], [120.798052, 24.610614], [120.798091, 24.610281], [120.797985, 24.610187], [120.798293, 24.610009], [120.798177, 24.609896], [120.798486, 24.610253], [120.797646, 24.609775], [120.79597, 24.610718], [120.795838, 24.610892], [120.795677, 24.61138], [120.795034, 24.611771], [120.795151, 24.611936], [120.794002, 24.612555], [120.794017, 24.612137], [120.794374, 24.611473], [120.794491, 24.611397], [120.79447, 24.611288], [120.795295, 24.61101], [120.795571, 24.612522], [120.795488, 24.612569], [120.795782, 24.613019], [120.79608, 24.613197], [120.795966, 24.613327], [120.796642, 24.612501], [120.796629, 24.613336], [120.797256, 24.614786], [120.795517, 24.614887], [120.795318, 24.614578], [120.794923, 24.614849], [120.794985, 24.614947], [120.794509, 24.615152], [120.794365, 24.614827], [120.79424, 24.614775], [120.793128, 24.614899], [120.793288, 24.61529], [120.79371, 24.615364], [120.79389, 24.615293], [120.793729, 24.615033], [120.793838, 24.614988], [120.793711, 24.614511], [120.794554, 24.614355], [120.794437, 24.614171], [120.794074, 24.614208], [120.793978, 24.613993], [120.793877, 24.613993], [120.79352, 24.613345], [120.793428, 24.612909], [120.793575, 24.612856], [120.793793, 24.613054], [120.793699, 24.61311], [120.793896, 24.613214], [120.79439, 24.614019], [120.794818, 24.613737], [120.794765, 24.613659], [120.795038, 24.613982], [120.794434, 24.614669], [120.794524, 24.614754], [120.793825, 24.614266], [120.793569, 24.614302], [120.793209, 24.61354], [120.793362, 24.61345], [120.793659, 24.614], [120.793615, 24.614515], [120.7933, 24.614612], [120.792828, 24.614629], [120.79255, 24.6147], [120.792536, 24.614788], [120.792404, 24.614691], [120.791962, 24.61477], [120.791958, 24.614833], [120.791859, 24.614774], [120.790841, 24.614921], [120.790789, 24.614728], [120.790658, 24.614738], [120.790474, 24.614521], [120.791297, 24.614031], [120.791497, 24.614187], [120.79173, 24.613942], [120.791847, 24.614092], [120.791883, 24.614406], [120.79213, 24.614521], [120.793207, 24.61435], [120.792754, 24.614163], [120.792481, 24.613519]]}}, {"type": "Feature", "properties": {"district": "1000506", "segment": 27, "total_segments": 36, "km": 13.32, "villages": ["大庄里"]}, "geometry": {"type": "LineString", "coordinates": [[120.792285, 24.613431], [120.792262, 24.613154], [120.793109, 24.6127], [120.793019, 24.612462], [120.792647, 24.612326], [120.792211, 24.612455], [120.791942, 24.612609], [120.792001, 24.612724], [120.792638, 24.612443], [120.792735, 24.612601], [120.792863, 24.612532], [120.792117, 24.61294], [120.792082, 24.612797], [120.792257, 24.612733], [120.791877, 24.612429], [120.791824, 24.612284], [120.79185, 24.61211], [120.792443, 24.612215], [120.792255, 24.611666], [120.791335, 24.612453], [120.791216, 24.612729], [120.791398, 24.612998], [120.791336, 24.613036], [120.791506, 24.612949], [120.791692, 24.613173], [120.791716, 24.613405], [120.790931, 24.61391], [120.790713, 24.613844], [120.790683, 24.614025], [120.790351, 24.614249], [120.790374, 24.614581], [120.791102, 24.614689], [120.791507, 24.614648], [120.791498, 24.615144], [120.791441, 24.615164], [120.79167, 24.615129], [120.791695, 24.615282], [120.791208, 24.615477], [120.791004, 24.6151], [120.791231, 24.615098], [120.791458, 24.615744], [120.792723, 24.615507], [120.792408, 24.614142], [120.792333, 24.614073], [120.792892, 24.613769], [120.792996, 24.613125], [120.79334, 24.612953], [120.792034, 24.613255], [120.791824, 24.613397], [120.791376, 24.613366], [120.791162, 24.613157], [120.791018, 24.613334], [120.790649, 24.613332], [120.790505, 24.613115], [120.790918, 24.61292], [120.790689, 24.612674], [120.790688, 24.612475], [120.790772, 24.612466], [120.790758, 24.612169], [120.791306, 24.612154], [120.791728, 24.612592], [120.791784, 24.612559], [120.790405, 24.61278], [120.789855, 24.612363], [120.789742, 24.612431], [120.789734, 24.61223], [120.789516, 24.611677], [120.789239, 24.611598], [120.789517, 24.610825], [120.788568, 24.610932], [120.790817, 24.613672], [120.795341, 24.615499], [120.79542, 24.615622], [120.795386, 24.615778], [120.795551, 24.615806], [120.795821, 24.616286], [120.797978, 24.616573], [120.799334, 24.616089], [120.799684, 24.613397], [120.799557, 24.613236], [120.799307, 24.613231], [120.798815, 24.611833], [120.798374, 24.611289], [120.799886, 24.610745], [120.801728, 24.611736], [120.802002, 24.611565], [120.802165, 24.607778], [120.801959, 24.607445], [120.802112, 24.606762], [120.802533, 24.606483], [120.802867, 24.606379], [120.802576, 24.606099], [120.803226, 24.605455], [120.80341, 24.605656], [120.804192, 24.605851], [120.804501, 24.606241], [120.804787, 24.6057], [120.804562, 24.605219], [120.804587, 24.605131], [120.804442, 24.605209], [120.804992, 24.604777], [120.805426, 24.604603], [120.806516, 24.604953], [120.806245, 24.60506], [120.806156, 24.605323], [120.805317, 24.605441], [120.806885, 24.604752], [120.807009, 24.604869], [120.807133, 24.604743], [120.807253, 24.605123], [120.808144, 24.605036], [120.809172, 24.605231], [120.809265, 24.605333], [120.809685, 24.60464], [120.809833, 24.604558], [120.809894, 24.60473], [120.810061, 24.604658], [120.810035, 24.604921], [120.810115, 24.604395], [120.809946, 24.604197], [120.809815, 24.604249], [120.809788, 24.604366], [120.809791, 24.604055], [120.809358, 24.604137], [120.809489, 24.604554], [120.80901, 24.604207], [120.808676, 24.604217], [120.808739, 24.603773], [120.809611, 24.603635], [120.809679, 24.603687], [120.80879, 24.602846], [120.808622, 24.602195], [120.80825, 24.602339], [120.808063, 24.602187], [120.809455, 24.601849], [120.810269, 24.602023], [120.810956, 24.601915], [120.81158, 24.602905], [120.811759, 24.603038], [120.811722, 24.603184], [120.811629, 24.603167], [120.811831, 24.602899], [120.812098, 24.602998], [120.812653, 24.603681], [120.813868, 24.604484], [120.814103, 24.604361], [120.813646, 24.60472], [120.813785, 24.605087], [120.81393, 24.605177], [120.812863, 24.605495], [120.812849, 24.605961], [120.811929, 24.606078], [120.811849, 24.604909], [120.811618, 24.604769], [120.814651, 24.603548], [120.81365, 24.601966], [120.814867, 24.606879], [120.815006, 24.607023], [120.815011, 24.607755], [120.814314, 24.607261], [120.814217, 24.607312], [120.808064, 24.603857], [120.807475, 24.604262], [120.806816, 24.60397], [120.801607, 24.603775], [120.801557, 24.603826], [120.803478, 24.606497], [120.802607, 24.607065], [120.80318, 24.607439], [120.803088, 24.607565], [120.801007, 24.607553]]}}, {"type": "Feature", "properties": {"district": "1000506", "segment": 28, "total_segments": 36, "km": 10.21, "villages": ["北龍里"]}, "geometry": {"type": "LineString", "coordinates": [[120.796748, 24.616752], [120.795874, 24.61725], [120.795759, 24.61702], [120.796072, 24.616882], [120.795887, 24.616809], [120.795479, 24.616989], [120.795567, 24.6167], [120.794854, 24.616625], [120.794797, 24.616687], [120.794756, 24.616616], [120.794626, 24.616733], [120.794655, 24.616921], [120.79452, 24.616873], [120.794504, 24.61705], [120.794881, 24.617054], [120.794849, 24.61678], [120.795113, 24.616787], [120.795031, 24.616362], [120.79433, 24.616364], [120.794313, 24.616616], [120.794101, 24.616628], [120.794332, 24.617085], [120.794456, 24.617049], [120.794399, 24.616719], [120.793894, 24.616769], [120.793918, 24.616602], [120.79369, 24.616666], [120.793323, 24.616589], [120.793284, 24.616189], [120.793597, 24.616276], [120.793415, 24.615852], [120.793252, 24.615888], [120.79318, 24.615659], [120.794133, 24.615462], [120.794202, 24.615795], [120.793904, 24.616184], [120.793992, 24.616355], [120.794016, 24.616889], [120.794543, 24.618003], [120.79551, 24.617264], [120.795828, 24.617724], [120.796348, 24.617429], [120.797196, 24.61739], [120.795557, 24.616377], [120.795636, 24.616271], [120.792559, 24.616306], [120.792396, 24.616043], [120.79239, 24.615763], [120.792281, 24.615765], [120.79256, 24.615748], [120.792573, 24.615911], [120.79199, 24.615925], [120.791988, 24.615811], [120.792157, 24.616581], [120.792414, 24.616586], [120.792411, 24.616772], [120.792037, 24.616695], [120.792002, 24.617515], [120.792197, 24.617372], [120.792343, 24.617413], [120.792339, 24.617283], [120.792787, 24.617467], [120.792195, 24.618017], [120.792005, 24.618008], [120.791991, 24.618309], [120.792151, 24.618227], [120.792294, 24.618287], [120.792006, 24.617877], [120.791731, 24.61783], [120.79168, 24.617744], [120.791708, 24.618068], [120.791219, 24.618219], [120.791196, 24.617964], [120.790768, 24.618085], [120.790676, 24.617909], [120.790035, 24.618137], [120.789968, 24.618051], [120.789628, 24.618034], [120.789585, 24.617841], [120.789488, 24.618001], [120.789321, 24.617976], [120.789258, 24.618112], [120.789884, 24.618221], [120.789813, 24.617787], [120.789874, 24.617685], [120.790044, 24.617755], [120.790203, 24.617675], [120.790057, 24.617499], [120.790164, 24.61744], [120.790194, 24.617303], [120.7904, 24.61722], [120.790312, 24.617083], [120.790363, 24.616667], [120.790148, 24.616711], [120.790129, 24.616915], [120.790533, 24.616816], [120.79071, 24.617018], [120.790853, 24.616909], [120.791076, 24.617154], [120.791003, 24.61731], [120.791353, 24.617484], [120.791509, 24.617506], [120.791654, 24.617352], [120.791658, 24.617532], [120.791517, 24.617834], [120.791571, 24.618462], [120.790587, 24.618335], [120.790399, 24.618098], [120.790606, 24.617683], [120.790791, 24.617602], [120.790859, 24.617256], [120.790674, 24.617262], [120.791124, 24.616601], [120.790583, 24.616544], [120.790602, 24.616305], [120.790356, 24.616233], [120.790421, 24.615924], [120.790203, 24.615879], [120.790064, 24.616266], [120.789413, 24.616234], [120.789455, 24.616116], [120.789886, 24.616118], [120.789843, 24.616045], [120.78944, 24.616039], [120.789984, 24.615987], [120.790046, 24.615665], [120.789485, 24.615578], [120.789272, 24.616254], [120.788838, 24.616161], [120.788755, 24.61602], [120.78944, 24.615182], [120.789911, 24.61544], [120.790024, 24.615306], [120.790165, 24.61543], [120.790316, 24.615343], [120.790544, 24.615455], [120.790787, 24.615405], [120.790203, 24.615643], [120.790211, 24.61584], [120.790079, 24.615806], [120.79007, 24.616518], [120.789078, 24.616496], [120.78858, 24.616287], [120.788425, 24.616449], [120.788215, 24.616385], [120.788087, 24.6165], [120.787956, 24.616318], [120.787802, 24.616367], [120.787487, 24.616146], [120.787602, 24.615886], [120.787679, 24.61585], [120.7877, 24.615944], [120.787805, 24.61584], [120.787759, 24.61578], [120.787885, 24.615957], [120.788343, 24.616162], [120.788202, 24.616345], [120.787824, 24.616174], [120.787674, 24.616507], [120.787842, 24.616765], [120.787959, 24.616685], [120.788115, 24.616996], [120.787893, 24.616899], [120.78836, 24.616926], [120.788427, 24.617039], [120.788585, 24.616921], [120.788258, 24.617197], [120.788585, 24.617657], [120.788768, 24.617573], [120.78863, 24.617367], [120.788961, 24.617321], [120.788955, 24.617225], [120.789177, 24.61708], [120.789439, 24.617222], [120.789638, 24.617208], [120.789512, 24.616971], [120.789236, 24.616725], [120.790125, 24.616522], [120.790633, 24.616284], [120.790806, 24.616303], [120.790689, 24.616058], [120.791077, 24.61627], [120.79164, 24.616217], [120.791725, 24.616287], [120.791639, 24.616568], [120.791169, 24.616555], [120.791323, 24.616894], [120.791707, 24.616823], [120.791747, 24.61664], [120.792805, 24.616569], [120.790156, 24.615038], [120.789896, 24.615058], [120.78981, 24.615164], [120.789965, 24.615255], [120.78977, 24.615145], [120.78966, 24.614924], [120.789917, 24.614806], [120.790104, 24.614823], [120.789835, 24.614567], [120.789307, 24.614889], [120.789166, 24.614828], [120.789223, 24.614702], [120.789083, 24.614583], [120.788701, 24.614519], [120.788699, 24.614353], [120.788775, 24.614823], [120.788634, 24.614962], [120.788773, 24.615009], [120.788688, 24.615119], [120.788597, 24.615087], [120.788522, 24.615154], [120.788567, 24.615245], [120.78873, 24.615156], [120.788881, 24.615206], [120.788755, 24.615352], [120.788928, 24.615472], [120.788745, 24.61572], [120.788588, 24.615731], [120.788461, 24.615638], [120.788314, 24.615776], [120.787986, 24.615624], [120.78789, 24.615535], [120.78798, 24.61553], [120.788507, 24.615018], [120.789242, 24.615098], [120.788891, 24.614849], [120.78906, 24.615292], [120.788956, 24.615435], [120.789409, 24.615571], [120.789326, 24.615672], [120.789158, 24.615695], [120.789326, 24.615781], [120.788643, 24.615832], [120.788523, 24.615975], [120.788364, 24.615847], [120.788309, 24.615565], [120.788464, 24.615454], [120.788413, 24.615405], [120.788646, 24.615593], [120.789493, 24.615446], [120.789884, 24.614524], [120.789569, 24.614159], [120.788656, 24.613644], [120.787131, 24.615616], [120.78711, 24.616068], [120.788255, 24.617422], [120.788794, 24.617623], [120.789001, 24.61794], [120.789159, 24.617947], [120.789061, 24.618067], [120.788835, 24.618031], [120.789186, 24.618096], [120.789351, 24.618265], [120.789296, 24.618567], [120.78943, 24.61871]]}}, {"type": "Feature", "properties": {"district": "1000506", "segment": 29, "total_segments": 36, "km": 14.95, "villages": ["中龍里", "南龍里"]}, "geometry": {"type": "LineString", "coordinates": [[120.787751, 24.615396], [120.78835, 24.614862], [120.787913, 24.614655], [120.788092, 24.614403], [120.788614, 24.614707], [120.788406, 24.61485], [120.788076, 24.614808], [120.787934, 24.614925], [120.787984, 24.614771], [120.787795, 24.614795], [120.787538, 24.615137], [120.787629, 24.615173], [120.787672, 24.615075], [120.787088, 24.614613], [120.787217, 24.614542], [120.787552, 24.614754], [120.787937, 24.614336], [120.787903, 24.613959], [120.78774, 24.613676], [120.787536, 24.61374], [120.787247, 24.614085], [120.787328, 24.614188], [120.78714, 24.614441], [120.786869, 24.614582], [120.786719, 24.61477], [120.786656, 24.614735], [120.786963, 24.6148], [120.786975, 24.614951], [120.787257, 24.615147], [120.78729, 24.615062], [120.787665, 24.615424], [120.787827, 24.614222], [120.788156, 24.613953], [120.788071, 24.613947], [120.788215, 24.614106], [120.788145, 24.614129], [120.788115, 24.614057], [120.788283, 24.614086], [120.788288, 24.61401], [120.788319, 24.614077], [120.788336, 24.613984], [120.788729, 24.613797], [120.788645, 24.613635], [120.788777, 24.613552], [120.788859, 24.613699], [120.788701, 24.613387], [120.788858, 24.613323], [120.788777, 24.613202], [120.788898, 24.613099], [120.788728, 24.612754], [120.788581, 24.612519], [120.788287, 24.612685], [120.788638, 24.613274], [120.78843, 24.613313], [120.788316, 24.613091], [120.788218, 24.613163], [120.788289, 24.61355], [120.788025, 24.613629], [120.788107, 24.613823], [120.788038, 24.613849], [120.7879, 24.613547], [120.788119, 24.61347], [120.78784, 24.613506], [120.787783, 24.613358], [120.787576, 24.61342], [120.78749, 24.613156], [120.787435, 24.613175], [120.787442, 24.61304], [120.78731, 24.612941], [120.787259, 24.613093], [120.787095, 24.613119], [120.787058, 24.61322], [120.78719, 24.613399], [120.787096, 24.613959], [120.786848, 24.614077], [120.786738, 24.613757], [120.786923, 24.613666], [120.786793, 24.613601], [120.786916, 24.613538], [120.786855, 24.613407], [120.786902, 24.613361], [120.78687, 24.613282], [120.78656, 24.613253], [120.786563, 24.613437], [120.786726, 24.613486], [120.787359, 24.613432], [120.787325, 24.613307], [120.787578, 24.613261], [120.787662, 24.613085], [120.787597, 24.612834], [120.788121, 24.612886], [120.78798, 24.612717], [120.787781, 24.613107], [120.787498, 24.613038], [120.786947, 24.613084], [120.787007, 24.613725], [120.787345, 24.613715], [120.787563, 24.613519], [120.787614, 24.613892], [120.788608, 24.614466], [120.7885, 24.614141], [120.789223, 24.613772], [120.789521, 24.614091], [120.789301, 24.614164], [120.789104, 24.613593], [120.789133, 24.613415], [120.788979, 24.613224], [120.788407, 24.613493], [120.788883, 24.612564], [120.786456, 24.613788], [120.786333, 24.613634], [120.78622, 24.613676], [120.78616, 24.613511], [120.785902, 24.613536], [120.785677, 24.61366], [120.785733, 24.613799], [120.785991, 24.613791], [120.786017, 24.613925], [120.785941, 24.614007], [120.786086, 24.614125], [120.78612, 24.614276], [120.786509, 24.614605], [120.786711, 24.614271], [120.786676, 24.614066], [120.786477, 24.614018], [120.786109, 24.613254], [120.786255, 24.61312], [120.785989, 24.612887], [120.786027, 24.612826], [120.785868, 24.612507], [120.785467, 24.612652], [120.785364, 24.612535], [120.785772, 24.612332], [120.78548, 24.612163], [120.785227, 24.61232], [120.785099, 24.612272], [120.785536, 24.611995], [120.785497, 24.612079], [120.785367, 24.611688], [120.785275, 24.611694], [120.785111, 24.611381], [120.784779, 24.611526], [120.784843, 24.611621], [120.785061, 24.611533], [120.785166, 24.611357], [120.785333, 24.611304], [120.785374, 24.611393], [120.785583, 24.611271], [120.785179, 24.611186], [120.784734, 24.611382], [120.78495, 24.612156], [120.785273, 24.611938], [120.785587, 24.611484], [120.785625, 24.611632], [120.785734, 24.611697], [120.785744, 24.611956], [120.786161, 24.611846], [120.786127, 24.611602], [120.786212, 24.611641], [120.786239, 24.611566], [120.786328, 24.61164], [120.786396, 24.611549], [120.786542, 24.611877], [120.786714, 24.611786], [120.786581, 24.611601], [120.786811, 24.611677], [120.787012, 24.611967], [120.787182, 24.611899], [120.787121, 24.611751], [120.787338, 24.612291], [120.78692, 24.612342], [120.786853, 24.612219], [120.786943, 24.61214], [120.786801, 24.612052], [120.786663, 24.612096], [120.786964, 24.612823], [120.787125, 24.612761], [120.787044, 24.612586], [120.787725, 24.612628], [120.787853, 24.612568], [120.787959, 24.612301], [120.788062, 24.612474], [120.788303, 24.612304], [120.787672, 24.611904], [120.786674, 24.612426], [120.786382, 24.612397], [120.786528, 24.612257], [120.786399, 24.612204], [120.786478, 24.61212], [120.786316, 24.612022], [120.786308, 24.611728], [120.785967, 24.611452], [120.785837, 24.611494], [120.786209, 24.612099], [120.78612, 24.612132], [120.786189, 24.612274], [120.786242, 24.612253], [120.786061, 24.612407], [120.786195, 24.612694], [120.786392, 24.613025], [120.786843, 24.612949], [120.786587, 24.61256], [120.785713, 24.612946], [120.785775, 24.613127], [120.7859, 24.613053], [120.785881, 24.61323], [120.785445, 24.613406], [120.785349, 24.613258], [120.785626, 24.613142], [120.785447, 24.612903], [120.785156, 24.613011], [120.785116, 24.612905], [120.785182, 24.613051], [120.78532, 24.613115], [120.785449, 24.613042], [120.785479, 24.612874], [120.785651, 24.612874], [120.785753, 24.612715], [120.785317, 24.612801], [120.785254, 24.612587], [120.784523, 24.613045], [120.78424, 24.613075], [120.784134, 24.612939], [120.784374, 24.61352], [120.784223, 24.61367], [120.784387, 24.613703], [120.784527, 24.614001], [120.784085, 24.613953], [120.78398, 24.614117], [120.784445, 24.614238], [120.784179, 24.614611], [120.784106, 24.614578], [120.784082, 24.614471], [120.784223, 24.614629], [120.784685, 24.614259], [120.784894, 24.614344], [120.785135, 24.61416], [120.785285, 24.614179], [120.785444, 24.61441], [120.785214, 24.614447], [120.784931, 24.613848], [120.785048, 24.61375], [120.78475, 24.613972], [120.784112, 24.613676], [120.784165, 24.613541], [120.783884, 24.613378], [120.783778, 24.613563], [120.783829, 24.613741], [120.783738, 24.613845], [120.783559, 24.613764], [120.783436, 24.613588], [120.783359, 24.61363], [120.783236, 24.613466], [120.783141, 24.613512], [120.783075, 24.613389], [120.783401, 24.613224], [120.78344, 24.613334], [120.783087, 24.613667], [120.782849, 24.613711], [120.782737, 24.61356], [120.782853, 24.613484], [120.782354, 24.613777], [120.782921, 24.61445], [120.783071, 24.614358], [120.782747, 24.613997], [120.783327, 24.613977], [120.783607, 24.61422], [120.783166, 24.614621], [120.783087, 24.61458], [120.783104, 24.614518], [120.783676, 24.615233], [120.783802, 24.615302], [120.783852, 24.615088], [120.784523, 24.614982], [120.78423, 24.615595], [120.784535, 24.615946], [120.784455, 24.616006], [120.784552, 24.6161], [120.784807, 24.615919], [120.784514, 24.61569], [120.784187, 24.615905], [120.784064, 24.615633], [120.784215, 24.615941], [120.784591, 24.616276], [120.78511, 24.616002], [120.785317, 24.616098], [120.785419, 24.616016], [120.784972, 24.616342], [120.784505, 24.616336], [120.783885, 24.616792], [120.783891, 24.617077], [120.783562, 24.617234], [120.783481, 24.617778], [120.783351, 24.617981], [120.784188, 24.617978], [120.784618, 24.616631], [120.78587, 24.616282], [120.786068, 24.616052], [120.786206, 24.616102], [120.786255, 24.615885], [120.78608, 24.615665], [120.786218, 24.615556], [120.786669, 24.616129], [120.786194, 24.615524], [120.785872, 24.615464], [120.785626, 24.615771], [120.785868, 24.615891], [120.785981, 24.615375], [120.785761, 24.614871], [120.785568, 24.613533], [120.785801, 24.61337], [120.785492, 24.613498], [120.784463, 24.613213], [120.783999, 24.612966], [120.783902, 24.613091], [120.783708, 24.613069], [120.784075, 24.612733], [120.78333, 24.612459], [120.782978, 24.611973], [120.782586, 24.611827], [120.78225, 24.612001], [120.783137, 24.61145], [120.784037, 24.611483], [120.784111, 24.611833], [120.786407, 24.611], [120.78682, 24.611089], [120.787773, 24.610281], [120.78355, 24.615463], [120.783689, 24.615762], [120.782114, 24.616848], [120.782157, 24.616936], [120.78234, 24.61691], [120.782475, 24.616853], [120.780621, 24.617042], [120.780384, 24.616095], [120.781442, 24.615485], [120.780422, 24.614754], [120.780217, 24.614125], [120.780556, 24.613595], [120.780718, 24.613638], [120.781152, 24.613503], [120.781134, 24.613352], [120.781371, 24.613262], [120.779841, 24.612754], [120.77954, 24.612862], [120.778693, 24.612782], [120.778569, 24.612381], [120.778395, 24.612128], [120.778241, 24.611376], [120.777689, 24.611548], [120.777679, 24.611634], [120.777561, 24.611398], [120.777119, 24.611324], [120.777135, 24.61157], [120.777218, 24.611632], [120.776634, 24.61151], [120.777122, 24.613461], [120.777051, 24.613919], [120.77679, 24.614166], [120.777788, 24.614264]]}}, {"type": "Feature", "properties": {"district": "1000506", "segment": 30, "total_segments": 36, "km": 14.75, "villages": ["南龍里", "龍坑里"]}, "geometry": {"type": "LineString", "coordinates": [[120.778683, 24.61562], [120.775979, 24.614731], [120.779405, 24.611793], [120.779508, 24.611208], [120.780168, 24.610865], [120.786151, 24.617365], [120.786493, 24.617842], [120.786815, 24.617952], [120.786719, 24.618258], [120.787208, 24.617511], [120.787722, 24.617744], [120.78783, 24.617541], [120.788333, 24.618038], [120.788401, 24.618208], [120.78848, 24.618217], [120.788831, 24.618789], [120.788775, 24.619041], [120.788523, 24.619133], [120.787876, 24.618013], [120.786763, 24.617159], [120.786573, 24.617127], [120.786145, 24.620138], [120.783504, 24.60669], [120.783482, 24.60661], [120.783668, 24.60658], [120.782841, 24.605434], [120.782738, 24.605469], [120.782759, 24.605157], [120.782302, 24.60595], [120.782391, 24.606464], [120.782221, 24.606463], [120.781871, 24.606121], [120.781948, 24.606074], [120.781681, 24.605925], [120.781624, 24.606083], [120.781408, 24.606099], [120.781462, 24.606181], [120.781353, 24.606119], [120.781145, 24.606197], [120.781057, 24.60612], [120.781023, 24.606083], [120.781396, 24.605939], [120.781235, 24.605746], [120.781392, 24.605641], [120.781343, 24.605471], [120.780993, 24.605732], [120.780901, 24.605639], [120.780974, 24.605882], [120.781097, 24.605834], [120.780743, 24.605871], [120.780725, 24.60598], [120.780617, 24.605901], [120.780679, 24.606163], [120.780865, 24.606259], [120.78097, 24.60658], [120.781216, 24.606569], [120.781192, 24.606747], [120.780856, 24.606799], [120.780668, 24.606969], [120.780386, 24.606731], [120.780572, 24.606464], [120.78031, 24.606351], [120.780375, 24.606182], [120.780194, 24.606195], [120.780293, 24.606004], [120.779961, 24.606037], [120.779843, 24.606163], [120.779987, 24.606221], [120.779639, 24.606439], [120.779311, 24.60633], [120.779526, 24.606241], [120.779617, 24.606095], [120.779801, 24.606719], [120.780201, 24.606524], [120.78136, 24.606312], [120.781402, 24.606446], [120.780519, 24.604709], [120.780581, 24.603799], [120.780292, 24.603634], [120.780093, 24.60332], [120.780163, 24.603276], [120.78005, 24.603347], [120.779959, 24.603229], [120.780053, 24.603144], [120.779854, 24.603305], [120.779642, 24.603308], [120.779693, 24.603095], [120.780026, 24.602847], [120.780361, 24.603259], [120.780975, 24.603196], [120.780465, 24.60258], [120.780846, 24.602519], [120.779978, 24.602793], [120.779651, 24.602418], [120.779685, 24.602665], [120.779513, 24.602789], [120.77958, 24.602864], [120.779748, 24.602743], [120.779346, 24.60321], [120.779283, 24.602329], [120.779572, 24.602176], [120.779239, 24.601847], [120.779158, 24.602011], [120.77902, 24.602049], [120.779094, 24.6017], [120.778966, 24.601555], [120.778624, 24.601286], [120.778461, 24.601413], [120.778154, 24.601926], [120.777764, 24.601849], [120.777723, 24.600637], [120.777888, 24.600527], [120.777795, 24.600149], [120.777638, 24.599921], [120.777496, 24.59982], [120.777445, 24.599858], [120.777219, 24.599402], [120.777253, 24.59932], [120.777089, 24.599278], [120.778859, 24.60008], [120.779042, 24.600412], [120.779097, 24.600399], [120.778998, 24.600212], [120.779247, 24.600091], [120.779343, 24.600278], [120.779391, 24.600205], [120.779315, 24.600062], [120.778722, 24.600433], [120.778801, 24.60055], [120.778666, 24.600366], [120.779313, 24.601307], [120.779723, 24.601427], [120.779789, 24.601577], [120.779945, 24.601501], [120.780101, 24.60122], [120.780504, 24.601174], [120.780567, 24.601294], [120.780753, 24.601193], [120.78073, 24.601083], [120.780671, 24.601105], [120.780838, 24.601483], [120.781195, 24.601265], [120.78148, 24.601196], [120.781675, 24.601517], [120.781953, 24.601503], [120.78154, 24.601965], [120.783052, 24.600955], [120.783018, 24.600811], [120.783139, 24.600736], [120.783077, 24.600685], [120.783949, 24.600085], [120.783985, 24.600138], [120.784324, 24.599399], [120.784903, 24.599138], [120.785273, 24.599254], [120.785136, 24.599369], [120.785111, 24.598952], [120.785735, 24.598999], [120.785631, 24.598693], [120.784697, 24.598126], [120.783867, 24.598152], [120.783841, 24.598252], [120.783584, 24.598193], [120.783567, 24.598313], [120.78297, 24.59811], [120.782682, 24.598164], [120.782728, 24.598314], [120.781851, 24.596101], [120.781297, 24.596164], [120.780962, 24.596007], [120.78067, 24.595665], [120.780636, 24.595392], [120.780377, 24.594976], [120.780625, 24.594886], [120.780765, 24.595353], [120.780235, 24.595345], [120.779777, 24.59546], [120.779549, 24.595307], [120.779796, 24.595188], [120.77966, 24.595009], [120.779215, 24.595117], [120.778024, 24.59445], [120.776868, 24.594153], [120.776562, 24.594166], [120.776657, 24.593787], [120.775979, 24.593489], [120.775934, 24.593573], [120.776003, 24.593749], [120.775799, 24.593412], [120.775618, 24.593331], [120.775866, 24.59334], [120.775531, 24.593562], [120.775345, 24.593427], [120.775471, 24.593141], [120.775427, 24.593077], [120.77512, 24.593009], [120.774906, 24.593075], [120.775438, 24.591991], [120.775278, 24.59186], [120.776828, 24.591192], [120.776975, 24.592947], [120.7765, 24.593007], [120.776581, 24.593151], [120.777124, 24.593445], [120.777449, 24.593332], [120.779543, 24.593979], [120.779601, 24.594194], [120.780615, 24.593355], [120.781733, 24.595164], [120.781911, 24.595131], [120.78052, 24.59583], [120.780117, 24.595791], [120.780863, 24.596571], [120.780655, 24.598173], [120.780286, 24.598249], [120.778657, 24.596168], [120.775138, 24.597914], [120.773619, 24.597258], [120.773716, 24.597033], [120.773917, 24.597066], [120.774045, 24.59721], [120.774022, 24.597258], [120.774057, 24.59515]]}}, {"type": "Feature", "properties": {"district": "1000506", "segment": 31, "total_segments": 36, "km": 14.45, "villages": ["龍坑里"]}, "geometry": {"type": "LineString", "coordinates": [[120.773225, 24.592477], [120.772973, 24.592357], [120.773312, 24.591319], [120.772967, 24.591236], [120.772394, 24.590804], [120.772168, 24.591004], [120.77221, 24.591051], [120.771587, 24.590795], [120.771015, 24.590373], [120.771295, 24.590047], [120.771865, 24.589784], [120.772232, 24.589758], [120.772149, 24.588908], [120.772558, 24.588516], [120.77132, 24.588592], [120.771327, 24.588718], [120.773597, 24.587762], [120.773624, 24.587816], [120.774414, 24.587753], [120.774352, 24.587364], [120.77396, 24.586967], [120.77389, 24.586748], [120.77495, 24.587024], [120.77541, 24.586638], [120.775828, 24.586999], [120.777098, 24.586691], [120.777565, 24.585709], [120.777842, 24.58562], [120.777171, 24.585309], [120.778034, 24.584691], [120.776037, 24.583801], [120.775837, 24.584059], [120.774651, 24.585092], [120.772372, 24.584023], [120.771899, 24.584455], [120.77078, 24.584151], [120.770777, 24.583104], [120.771701, 24.582743], [120.771471, 24.582286], [120.771217, 24.582287], [120.771603, 24.58194], [120.770878, 24.58154], [120.771175, 24.580875], [120.770785, 24.580125], [120.769779, 24.581342], [120.772613, 24.582498], [120.773113, 24.582627], [120.772524, 24.583329], [120.774631, 24.582894], [120.774122, 24.581801], [120.773569, 24.581417], [120.77364, 24.581372], [120.773751, 24.581446], [120.775614, 24.580194], [120.775756, 24.579581], [120.775321, 24.579108], [120.775909, 24.57893], [120.775906, 24.57853], [120.776128, 24.578348], [120.77599, 24.577923], [120.775684, 24.577703], [120.775633, 24.577553], [120.775462, 24.578066], [120.774943, 24.578483], [120.776632, 24.578587], [120.777736, 24.577982], [120.778771, 24.577766], [120.779108, 24.577243], [120.776211, 24.575669], [120.773668, 24.574854], [120.776975, 24.572532], [120.779028, 24.571938], [120.779164, 24.572843], [120.77862, 24.579181], [120.776193, 24.58183], [120.774, 24.589094], [120.773871, 24.590607], [120.773935, 24.59087], [120.773757, 24.590929], [120.76798, 24.58856], [120.767831, 24.588167], [120.768181, 24.588185], [120.767607, 24.587895], [120.767356, 24.592322], [120.767182, 24.592315], [120.780837, 24.59096], [120.783887, 24.593358], [120.783866, 24.593908], [120.784423, 24.595089], [120.785773, 24.593511], [120.78637, 24.593387], [120.786384, 24.59276], [120.786101, 24.592247], [120.785557, 24.592554], [120.785106, 24.593135], [120.787884, 24.592048], [120.787967, 24.592161], [120.789924, 24.592411], [120.789671, 24.591244], [120.789879, 24.588807], [120.789718, 24.58861], [120.789497, 24.588608], [120.786958, 24.587629]]}}, {"type": "Feature", "properties": {"district": "1000506", "segment": 32, "total_segments": 36, "km": 12.51, "villages": ["龍坑里"]}, "geometry": {"type": "LineString", "coordinates": [[120.793784, 24.588887], [120.793754, 24.589104], [120.794792, 24.589636], [120.794898, 24.590036], [120.795271, 24.58905], [120.798197, 24.588525], [120.794787, 24.591478], [120.794477, 24.592714], [120.793247, 24.592841], [120.792783, 24.593032], [120.79278, 24.593155], [120.79212, 24.593709], [120.791593, 24.59379], [120.791586, 24.594132], [120.790996, 24.594582], [120.790816, 24.594657], [120.790634, 24.594509], [120.79065, 24.594935], [120.79036, 24.595129], [120.790101, 24.595169], [120.789898, 24.594937], [120.78946, 24.595196], [120.788867, 24.59572], [120.788428, 24.5957], [120.788092, 24.595842], [120.787998, 24.596189], [120.787665, 24.596316], [120.788044, 24.596662], [120.788044, 24.59676], [120.787743, 24.597113], [120.787444, 24.597301], [120.787194, 24.596845], [120.788131, 24.595268], [120.788325, 24.595233], [120.787964, 24.594996], [120.788124, 24.594804], [120.788112, 24.594689], [120.788468, 24.59429], [120.790957, 24.593546], [120.791018, 24.593455], [120.792741, 24.594618], [120.794185, 24.596], [120.794442, 24.596546], [120.795068, 24.596854], [120.794066, 24.597494], [120.793482, 24.596749], [120.795206, 24.59825], [120.791516, 24.598292], [120.790605, 24.597629], [120.790124, 24.598152], [120.789698, 24.598311], [120.78973, 24.600235], [120.78984, 24.600257], [120.789417, 24.60034], [120.789068, 24.600632], [120.788518, 24.600211], [120.789606, 24.60297], [120.789778, 24.602948], [120.790353, 24.603516], [120.790617, 24.602719], [120.791081, 24.602617], [120.791123, 24.602745], [120.79136, 24.602683], [120.791148, 24.602314], [120.791394, 24.603285], [120.793253, 24.601669], [120.787786, 24.603184], [120.787708, 24.603111], [120.787413, 24.604355], [120.787038, 24.604351], [120.787187, 24.60513], [120.787115, 24.605408], [120.787722, 24.605297], [120.784966, 24.604195], [120.784733, 24.60451], [120.784364, 24.604023], [120.783388, 24.603834], [120.784291, 24.605736], [120.784166, 24.605837], [120.779231, 24.60431], [120.778282, 24.60314], [120.777918, 24.603219], [120.777619, 24.603405], [120.777661, 24.603504], [120.777297, 24.603184], [120.778506, 24.606484], [120.782922, 24.599583], [120.796768, 24.593912], [120.799266, 24.594514], [120.799743, 24.595398], [120.805496, 24.598366], [120.805955, 24.598203]]}}, {"type": "Feature", "properties": {"district": "1000506", "segment": 33, "total_segments": 36, "km": 14.72, "villages": ["龍坑里", "福寧里"]}, "geometry": {"type": "LineString", "coordinates": [[120.762759, 24.632505], [120.755331, 24.606058], [120.755011, 24.605989], [120.754762, 24.60573], [120.756754, 24.605264], [120.755118, 24.603288], [120.755204, 24.603175], [120.754856, 24.602946], [120.75404, 24.602803], [120.753679, 24.603019], [120.753515, 24.603414], [120.752929, 24.60261], [120.753449, 24.602208], [120.753021, 24.60207], [120.751903, 24.602015], [120.751833, 24.602072], [120.751765, 24.601689], [120.751318, 24.601191], [120.751808, 24.600778], [120.752107, 24.600744], [120.752012, 24.600547], [120.752281, 24.600552], [120.752303, 24.600435], [120.752544, 24.60043], [120.752588, 24.600273], [120.752775, 24.600401], [120.752866, 24.600225], [120.753059, 24.600111], [120.752346, 24.600901], [120.751681, 24.600681], [120.751797, 24.60034], [120.751731, 24.600026], [120.751983, 24.599529], [120.752188, 24.599696], [120.753219, 24.598527], [120.752891, 24.598064], [120.752647, 24.598026], [120.752846, 24.597804], [120.752689, 24.597549], [120.752915, 24.59769], [120.752968, 24.597269], [120.753448, 24.596974], [120.752384, 24.596984], [120.752112, 24.596635], [120.752253, 24.59657], [120.75208, 24.596484], [120.751667, 24.596789], [120.751425, 24.596811], [120.751503, 24.597085], [120.751949, 24.596968], [120.751938, 24.596913], [120.752027, 24.597124], [120.751399, 24.597907], [120.751439, 24.596303], [120.752032, 24.594954], [120.752214, 24.594916], [120.752245, 24.594986], [120.752249, 24.594591], [120.751607, 24.594406], [120.752662, 24.593549], [120.75279, 24.593231], [120.752619, 24.59296], [120.752631, 24.592803], [120.752961, 24.591907], [120.75264, 24.590658], [120.75279, 24.590481], [120.753729, 24.590429], [120.753801, 24.590615], [120.753547, 24.589356], [120.75383, 24.58929], [120.754021, 24.588975], [120.754253, 24.589185], [120.754296, 24.589387], [120.754133, 24.588623], [120.754177, 24.587567], [120.754572, 24.587353], [120.755419, 24.587792], [120.756014, 24.587561], [120.756402, 24.587844], [120.75689, 24.587728], [120.75725, 24.587345], [120.757235, 24.587096], [120.75782, 24.586116], [120.757716, 24.586062], [120.75779, 24.585758], [120.757929, 24.585774], [120.757898, 24.58565], [120.757976, 24.586005], [120.758426, 24.585651], [120.7588, 24.585661], [120.759056, 24.586649], [120.760981, 24.586009], [120.760614, 24.583777], [120.763581, 24.582323], [120.764177, 24.581596], [120.764766, 24.581655], [120.764888, 24.581633], [120.764979, 24.581508], [120.764518, 24.582665], [120.764351, 24.582603], [120.763298, 24.581264], [120.767119, 24.582351], [120.766563, 24.585153], [120.767532, 24.585908], [120.767597, 24.586148], [120.765049, 24.586703], [120.764721, 24.587426], [120.764824, 24.58755], [120.764625, 24.587689], [120.764775, 24.585332], [120.764882, 24.585121], [120.757812, 24.584221], [120.757514, 24.582468], [120.755297, 24.582398], [120.754859, 24.582139], [120.754767, 24.581807], [120.754921, 24.581694], [120.754831, 24.58155], [120.754652, 24.581495], [120.754432, 24.581739], [120.754463, 24.581843], [120.754313, 24.581941], [120.75445, 24.582167], [120.754267, 24.581526], [120.754876, 24.581345], [120.754829, 24.58121], [120.755118, 24.581444], [120.754698, 24.580324], [120.755028, 24.579861], [120.757993, 24.580007], [120.758408, 24.58126], [120.758689, 24.581565], [120.75906, 24.5812], [120.756707, 24.587111], [120.756405, 24.587292], [120.756241, 24.587946], [120.756156, 24.587964], [120.757019, 24.589583], [120.757105, 24.591714]]}}, {"type": "Feature", "properties": {"district": "1000506", "segment": 34, "total_segments": 36, "km": 14.99, "villages": ["福寧里", "南港里"]}, "geometry": {"type": "LineString", "coordinates": [[120.755507, 24.595649], [120.756399, 24.597808], [120.756337, 24.597881], [120.75672, 24.597995], [120.757144, 24.597523], [120.75454, 24.599088], [120.753856, 24.599664], [120.754132, 24.599064], [120.754095, 24.598841], [120.753998, 24.598837], [120.754169, 24.598737], [120.753677, 24.598335], [120.751686, 24.602547], [120.751523, 24.602701], [120.751705, 24.603003], [120.750997, 24.604051], [120.750503, 24.606466], [120.750215, 24.606437], [120.750305, 24.606256], [120.750037, 24.606003], [120.749926, 24.606141], [120.750012, 24.606626], [120.749336, 24.606783], [120.749181, 24.60667], [120.748002, 24.607555], [120.759837, 24.59967], [120.763942, 24.599628], [120.767577, 24.595596], [120.767549, 24.595057], [120.753639, 24.586915], [120.753192, 24.587265], [120.75296, 24.587087], [120.752794, 24.587511], [120.752567, 24.587513], [120.752669, 24.587084], [120.752777, 24.587047], [120.752909, 24.58675], [120.752784, 24.586169], [120.753076, 24.586186], [120.753435, 24.586035], [120.753014, 24.585792], [120.753344, 24.586898], [120.753163, 24.587016], [120.753057, 24.587332], [120.752579, 24.587001], [120.753695, 24.586703], [120.752548, 24.588314], [120.751681, 24.590524], [120.74109, 24.575244], [120.740189, 24.575507], [120.740041, 24.575301], [120.740106, 24.575277], [120.738048, 24.573411], [120.738063, 24.573025], [120.737914, 24.572877], [120.73809, 24.571908], [120.737544, 24.571676], [120.73744, 24.571506], [120.736934, 24.571605], [120.737222, 24.571991], [120.736186, 24.573035], [120.73613, 24.573373], [120.73568, 24.573458], [120.735718, 24.573356], [120.735716, 24.573665], [120.735446, 24.573493], [120.734814, 24.573726], [120.734898, 24.573954], [120.734843, 24.574111], [120.73493, 24.574122], [120.734984, 24.574245], [120.735215, 24.574217], [120.735126, 24.574003], [120.735264, 24.574011], [120.7353, 24.574122], [120.735529, 24.57404], [120.735404, 24.574535], [120.734768, 24.574341], [120.73407, 24.574437], [120.733753, 24.574038], [120.733726, 24.573875], [120.733959, 24.573781], [120.734087, 24.573828], [120.733975, 24.573908], [120.734057, 24.573402], [120.733506, 24.573136], [120.733266, 24.57352], [120.733318, 24.573599], [120.73435, 24.573339], [120.73446, 24.573425], [120.73483, 24.573318], [120.734586, 24.573276], [120.734443, 24.573157], [120.735029, 24.573159], [120.735624, 24.572922], [120.736348, 24.573657], [120.734078, 24.572379], [120.734074, 24.572207], [120.733826, 24.572247], [120.733568, 24.572008], [120.733961, 24.571728], [120.733995, 24.57164], [120.733812, 24.571393], [120.734119, 24.571978], [120.733568, 24.570488], [120.734887, 24.569534], [120.735032, 24.569526], [120.735052, 24.569445], [120.736705, 24.570688], [120.738695, 24.571869], [120.736085, 24.576481], [120.732045, 24.574831], [120.731879, 24.574646], [120.73158, 24.574941], [120.731365, 24.57486], [120.731386, 24.575078], [120.731175, 24.575198], [120.731005, 24.576441], [120.7293, 24.576599]]}}, {"type": "Feature", "properties": {"district": "1000506", "segment": 35, "total_segments": 36, "km": 14.89, "villages": ["南港里"]}, "geometry": {"type": "LineString", "coordinates": [[120.729143, 24.574273], [120.729379, 24.573702], [120.728905, 24.573685], [120.728542, 24.573419], [120.728124, 24.573468], [120.727968, 24.573731], [120.7289, 24.572692], [120.729032, 24.572787], [120.728972, 24.572882], [120.730021, 24.573716], [120.731184, 24.573153], [120.732331, 24.574116], [120.727906, 24.571062], [120.727437, 24.570847], [120.727238, 24.571021], [120.72714, 24.57091], [120.726951, 24.571073], [120.726677, 24.570959], [120.726221, 24.571181], [120.725383, 24.570507], [120.72527, 24.570599], [120.72489, 24.57063], [120.724788, 24.570755], [120.724966, 24.570813], [120.72489, 24.570938], [120.723775, 24.570581], [120.724252, 24.572141], [120.722005, 24.573604], [120.72235, 24.574607], [120.722795, 24.574894], [120.721927, 24.575565], [120.723262, 24.575906], [120.723882, 24.575615], [120.724503, 24.576248], [120.724937, 24.574992], [120.724527, 24.574844], [120.723108, 24.577004], [120.723155, 24.577139], [120.723065, 24.577246], [120.722954, 24.577299], [120.721577, 24.577202], [120.722747, 24.578799], [120.721713, 24.579549], [120.721534, 24.579506], [120.721365, 24.579712], [120.721213, 24.57955], [120.721345, 24.579302], [120.721231, 24.579161], [120.720805, 24.579321], [120.720764, 24.579097], [120.722522, 24.580801], [120.723073, 24.580489], [120.723428, 24.581195], [120.722191, 24.581338], [120.724138, 24.579209], [120.724406, 24.578547], [120.724332, 24.578395], [120.724686, 24.57825], [120.725138, 24.578781], [120.725162, 24.57887], [120.725075, 24.578917], [120.725466, 24.578755], [120.721903, 24.584281], [120.72174, 24.584683], [120.7219, 24.584835], [120.722633, 24.585026], [120.722847, 24.585437], [120.722718, 24.586051], [120.720226, 24.590148], [120.716506, 24.590547], [120.715529, 24.590326], [120.715931, 24.587509], [120.715841, 24.587434], [120.715888, 24.587388], [120.715668, 24.586763], [120.716004, 24.586119], [120.715986, 24.586033], [120.715911, 24.586085], [120.715696, 24.585976], [120.715661, 24.586037], [120.715624, 24.585836], [120.715816, 24.585419], [120.715937, 24.585369], [120.715863, 24.585336], [120.715918, 24.58525], [120.716109, 24.585343], [120.716172, 24.585213], [120.716293, 24.585253], [120.716237, 24.58509], [120.716323, 24.584965], [120.716416, 24.585071], [120.716611, 24.585049], [120.716356, 24.585545], [120.716176, 24.585503], [120.716146, 24.585864], [120.716037, 24.585939], [120.715947, 24.585828], [120.716001, 24.585571], [120.716233, 24.585594], [120.715509, 24.586346], [120.715621, 24.586456], [120.715477, 24.586555], [120.715447, 24.586499], [120.715141, 24.586682], [120.714905, 24.586223], [120.71542, 24.586115], [120.715472, 24.585998], [120.714505, 24.585933], [120.714765, 24.586734], [120.714698, 24.586948], [120.71521, 24.586856], [120.715158, 24.587317], [120.715989, 24.586754], [120.717305, 24.585401], [120.714394, 24.583282], [120.714232, 24.583109], [120.714209, 24.582742], [120.713201, 24.581682], [120.715273, 24.581285], [120.716155, 24.580802], [120.716217, 24.58091], [120.716359, 24.580836], [120.716204, 24.580668], [120.716247, 24.580515], [120.716016, 24.580486], [120.716141, 24.580235], [120.711894, 24.579573], [120.712057, 24.578652], [120.711848, 24.578588], [120.712879, 24.575739], [120.712754, 24.575486], [120.712036, 24.575318], [120.71205, 24.575135], [120.711971, 24.575033], [120.712016, 24.574925], [120.711796, 24.575064], [120.711652, 24.574555], [120.711699, 24.574337], [120.711859, 24.574252], [120.711872, 24.574169], [120.711732, 24.57417], [120.711734, 24.573931], [120.711804, 24.573868], [120.71213, 24.574131], [120.712298, 24.573951], [120.712531, 24.574038], [120.712689, 24.57398], [120.712789, 24.574231], [120.712894, 24.574233], [120.712993, 24.574115], [120.713121, 24.574165], [120.713316, 24.573851], [120.713003, 24.573826], [120.712919, 24.574023], [120.712597, 24.574205], [120.712618, 24.573758], [120.713149, 24.573486], [120.712838, 24.57339], [120.712237, 24.573874], [120.711868, 24.574438], [120.711905, 24.574694], [120.71115, 24.574648], [120.711073, 24.574534], [120.71095, 24.574771], [120.710878, 24.574027], [120.711237, 24.573907], [120.71178, 24.575521], [120.714329, 24.57323], [120.714356, 24.573353], [120.714681, 24.573204], [120.715706, 24.573202], [120.716075, 24.573749], [120.716883, 24.574334], [120.717846, 24.574474], [120.719479, 24.575012], [120.719726, 24.575011], [120.72026, 24.573294], [120.721282, 24.571258], [120.721236, 24.571018], [120.721541, 24.570444], [120.721125, 24.568357], [120.721768, 24.567436], [120.722279, 24.567956], [120.722365, 24.564782]]}}, {"type": "Feature", "properties": {"district": "1000506", "segment": 36, "total_segments": 36, "km": 8.44, "villages": ["南港里"]}, "geometry": {"type": "LineString", "coordinates": [[120.725961, 24.566078], [120.729621, 24.566165], [120.729995, 24.565693], [120.729433, 24.564173], [120.728895, 24.563442], [120.728855, 24.56327], [120.728412, 24.563501], [120.725056, 24.561971], [120.714106, 24.572618], [120.713862, 24.572557], [120.714029, 24.573059], [120.727543, 24.5878], [120.727959, 24.588438], [120.727763, 24.588725], [120.727936, 24.588661], [120.72811, 24.588741], [120.72827, 24.588645], [120.72811, 24.588509], [120.728312, 24.588421], [120.728348, 24.588869], [120.728164, 24.589063], [120.72829, 24.589214], [120.727958, 24.589138], [120.72774, 24.589229], [120.727674, 24.588932], [120.727431, 24.588978], [120.727573, 24.588792], [120.727596, 24.588577], [120.727873, 24.588889], [120.728134, 24.589737], [120.728714, 24.589744], [120.728976, 24.589548], [120.728721, 24.589524], [120.728046, 24.590323], [120.729985, 24.589613], [120.730206, 24.588899], [120.730038, 24.588464], [120.730383, 24.588196], [120.730275, 24.587947], [120.729871, 24.587958], [120.729715, 24.587739], [120.729669, 24.587807], [120.729612, 24.58774], [120.729503, 24.587768], [120.729828, 24.587711], [120.729566, 24.587254], [120.729549, 24.587076], [120.729767, 24.586913], [120.729924, 24.587165], [120.729301, 24.586507], [120.729001, 24.588275], [120.724228, 24.596826], [120.723158, 24.599416], [120.723559, 24.599937], [120.723569, 24.600128], [120.723814, 24.600403], [120.723107, 24.600078]]}}]}