{"type": "FeatureCollection", "features": [{"type": "Feature", "properties": {"district": "6400800", "segment": 1, "total_segments": 25, "km": 12.14, "villages": ["中正里", "林富里", "林圍里", "林安里"]}, "geometry": {"type": "LineString", "coordinates": [[120.317016, 22.628248], [120.315633, 22.6277], [120.315476, 22.627723], [120.31567, 22.627502], [120.315697, 22.627276], [120.315757, 22.627349], [120.315732, 22.627195], [120.31605, 22.626492], [120.315873, 22.626509], [120.315744, 22.626825], [120.315504, 22.62667], [120.315356, 22.626697], [120.315637, 22.625939], [120.315752, 22.626012], [120.31554, 22.62658], [120.315081, 22.626443], [120.315011, 22.626605], [120.315341, 22.625665], [120.315135, 22.625612], [120.314783, 22.626505], [120.315597, 22.62578], [120.315838, 22.625851], [120.315927, 22.625694], [120.315636, 22.62559], [120.315815, 22.62547], [120.31593, 22.625155], [120.316068, 22.625219], [120.315923, 22.625588], [120.316094, 22.625765], [120.316189, 22.625777], [120.316158, 22.625669], [120.316274, 22.625463], [120.316413, 22.625509], [120.316359, 22.625818], [120.316234, 22.625974], [120.316089, 22.625937], [120.316255, 22.626083], [120.316231, 22.626152], [120.316316, 22.626016], [120.316028, 22.626276], [120.316446, 22.625473], [120.316582, 22.62504], [120.316356, 22.624967], [120.316275, 22.625319], [120.316102, 22.625146], [120.316187, 22.624912], [120.315981, 22.624812], [120.315968, 22.62492], [120.315796, 22.624837], [120.315663, 22.6251], [120.315433, 22.625031], [120.315537, 22.624846], [120.315539, 22.624567], [120.315751, 22.624628], [120.315737, 22.624769], [120.315753, 22.624376], [120.315954, 22.624396], [120.31591, 22.624297], [120.316063, 22.623756], [120.316421, 22.623911], [120.316815, 22.623929], [120.317004, 22.624039], [120.316739, 22.62468], [120.316335, 22.624524], [120.316352, 22.624371], [120.316231, 22.62437], [120.316289, 22.624109], [120.316462, 22.624037], [120.31649, 22.624173], [120.316388, 22.624254], [120.316661, 22.624309], [120.316583, 22.624444], [120.316758, 22.624219], [120.316681, 22.624146], [120.317055, 22.623986], [120.316676, 22.625059], [120.316231, 22.624921], [120.316231, 22.624515], [120.315693, 22.62423], [120.315951, 22.623632], [120.315645, 22.624331], [120.315334, 22.625513], [120.315221, 22.625477], [120.315308, 22.623973], [120.3152, 22.623964], [120.315274, 22.623831], [120.315367, 22.623873], [120.315261, 22.623689], [120.315349, 22.623595], [120.315459, 22.623638], [120.315506, 22.623496], [120.315211, 22.623409], [120.315416, 22.622913], [120.315347, 22.622811], [120.315206, 22.622903], [120.314972, 22.623489], [120.315158, 22.623582], [120.315159, 22.623489], [120.314992, 22.623765], [120.314894, 22.623738], [120.314833, 22.62387], [120.315043, 22.623926], [120.314263, 22.623652], [120.314451, 22.623286], [120.314788, 22.623407], [120.314901, 22.623119], [120.314465, 22.622954], [120.314409, 22.623053], [120.314649, 22.623135], [120.314756, 22.622919], [120.31451, 22.622837], [120.314559, 22.622747], [120.314962, 22.622992], [120.315042, 22.622667], [120.314481, 22.622484], [120.314207, 22.623206], [120.314414, 22.62327], [120.314634, 22.622301], [120.314336, 22.622208], [120.314588, 22.622099], [120.315221, 22.622326], [120.315368, 22.621947], [120.315079, 22.621846], [120.315079, 22.622012], [120.314698, 22.62192], [120.314796, 22.621748], [120.314871, 22.621764], [120.314994, 22.621604], [120.315315, 22.62166], [120.315396, 22.621771], [120.315493, 22.621627], [120.315679, 22.621693], [120.315634, 22.621825], [120.315802, 22.621876], [120.315954, 22.621507], [120.315757, 22.621442], [120.315714, 22.621591], [120.315788, 22.621912], [120.31558, 22.622447], [120.315728, 22.622466], [120.315987, 22.621823], [120.316165, 22.621834], [120.31619, 22.621598], [120.316124, 22.62157], [120.316139, 22.621933], [120.315899, 22.622544], [120.31555, 22.622588], [120.315392, 22.622561], [120.315503, 22.622119], [120.315079, 22.622451], [120.31478, 22.622352], [120.314871, 22.621565], [120.315111, 22.621267], [120.314787, 22.621172], [120.313139, 22.621747], [120.312653, 22.623092], [120.313041, 22.623227], [120.31542, 22.623274], [120.315548, 22.62295], [120.31575, 22.623014], [120.315597, 22.623428], [120.314958, 22.624591], [120.314585, 22.62449], [120.314235, 22.625482], [120.314363, 22.625573], [120.314442, 22.625347], [120.31474, 22.625469], [120.314644, 22.62578], [120.314335, 22.62571], [120.313163, 22.625305], [120.313193, 22.625053], [120.31302, 22.625014], [120.312937, 22.62521], [120.311868, 22.624867], [120.311964, 22.624668], [120.312866, 22.624997], [120.312461, 22.624616], [120.311965, 22.624497], [120.311988, 22.624443], [120.312075, 22.624307], [120.312793, 22.624572], [120.312916, 22.624356], [120.313214, 22.624412], [120.313195, 22.624493], [120.313266, 22.624358], [120.313323, 22.624123], [120.313234, 22.624023], [120.312305, 22.623749], [120.312322, 22.623866], [120.312903, 22.624058], [120.312858, 22.624206], [120.312385, 22.62402], [120.312312, 22.624155], [120.312788, 22.62432], [120.313001, 22.624284], [120.313725, 22.624613], [120.313961, 22.624686], [120.314065, 22.624614], [120.314165, 22.624651], [120.314227, 22.624678], [120.314068, 22.624722], [120.314288, 22.624768], [120.31442, 22.624453], [120.313535, 22.62416], [120.313518, 22.624792], [120.313976, 22.624939], [120.313983, 22.625453], [120.314592, 22.624945], [120.314717, 22.62468], [120.315058, 22.624672], [120.314888, 22.62515], [120.31214, 22.624136], [120.312209, 22.623956], [120.312274, 22.62376], [120.311773, 22.625128], [120.312854, 22.625436], [120.312791, 22.625593], [120.312708, 22.625593], [120.311706, 22.625299], [120.311699, 22.625474], [120.312319, 22.625663], [120.31223, 22.625795], [120.311679, 22.625615], [120.311591, 22.625877], [120.312155, 22.626069], [120.312078, 22.626186], [120.31252, 22.626363], [120.312378, 22.626448], [120.312449, 22.626516], [120.312359, 22.626675], [120.311457, 22.626348], [120.31153, 22.626229], [120.312247, 22.626476], [120.312044, 22.626177], [120.311409, 22.625912], [120.311469, 22.62621], [120.312289, 22.625817], [120.31265, 22.625976], [120.312698, 22.625767], [120.312589, 22.625735], [120.312767, 22.625643], [120.312947, 22.625708], [120.313026, 22.625504], [120.313319, 22.625592], [120.313424, 22.625735], [120.31354, 22.625704], [120.313499, 22.625834], [120.313655, 22.625887], [120.313698, 22.625762], [120.313979, 22.626079], [120.313743, 22.626798], [120.313862, 22.626839], [120.314151, 22.626158], [120.314329, 22.62621], [120.314419, 22.625977], [120.31455, 22.626026], [120.314322, 22.626583], [120.314194, 22.626548], [120.314321, 22.626249], [120.314197, 22.625887], [120.313658, 22.626279], [120.312824, 22.626037], [120.3129, 22.625837], [120.31351, 22.626093], [120.313097, 22.625716], [120.31296, 22.625139], [120.312455, 22.626106], [120.31273, 22.626279], [120.312677, 22.626414], [120.3128, 22.626415], [120.312863, 22.62628], [120.312751, 22.626234], [120.312583, 22.626739], [120.313418, 22.627013], [120.313386, 22.626905], [120.31348, 22.626671], [120.313062, 22.626759], [120.312771, 22.626668], [120.312526, 22.626748], [120.313071, 22.626424], [120.313791, 22.627114], [120.314114, 22.627242], [120.314237, 22.62693], [120.314077, 22.626875], [120.314132, 22.626688], [120.314265, 22.626764], [120.314055, 22.626939]]}}, {"type": "Feature", "properties": {"district": "6400800", "segment": 2, "total_segments": 25, "km": 12.08, "villages": ["尚義里", "安祥里", "凱旋里"]}, "geometry": {"type": "LineString", "coordinates": [[120.314425, 22.627812], [120.314239, 22.62817], [120.314502, 22.628215], [120.314532, 22.628147], [120.314591, 22.628279], [120.314498, 22.628544], [120.314266, 22.628462], [120.314224, 22.62857], [120.314324, 22.628598], [120.314243, 22.628715], [120.314123, 22.62867], [120.314057, 22.62879], [120.315095, 22.629138], [120.315028, 22.62928], [120.314292, 22.629033], [120.314224, 22.629214], [120.314567, 22.629321], [120.314542, 22.629384], [120.314201, 22.629272], [120.314133, 22.629455], [120.314327, 22.62956], [120.31451, 22.629547], [120.314515, 22.629628], [120.31432, 22.629638], [120.313962, 22.629472], [120.31399, 22.6294], [120.313884, 22.629878], [120.314644, 22.629847], [120.314679, 22.629341], [120.314796, 22.629491], [120.314922, 22.629482], [120.31493, 22.629597], [120.31479, 22.629604], [120.314803, 22.629826], [120.315101, 22.629814], [120.315071, 22.62937], [120.315189, 22.628764], [120.31454, 22.628563], [120.314476, 22.628782], [120.314328, 22.628738], [120.314511, 22.628793], [120.314844, 22.628455], [120.315271, 22.628611], [120.315432, 22.628142], [120.31507, 22.627996], [120.315004, 22.628158], [120.315205, 22.628231], [120.315115, 22.628364], [120.315223, 22.628393], [120.314871, 22.627946], [120.314648, 22.627863], [120.314061, 22.628391], [120.313574, 22.62966], [120.313565, 22.629877], [120.313807, 22.629887], [120.313775, 22.630001], [120.314128, 22.630066], [120.314152, 22.630282], [120.317851, 22.630022], [120.317902, 22.629913], [120.31725, 22.629947], [120.317971, 22.629784], [120.318237, 22.629084], [120.318133, 22.629011], [120.317072, 22.629087], [120.314079, 22.629745], [120.31406, 22.630286], [120.313715, 22.630302], [120.317683, 22.631484], [120.317741, 22.631331], [120.318453, 22.631596], [120.318666, 22.631687], [120.318575, 22.631864], [120.318502, 22.631838], [120.318893, 22.631935], [120.31941, 22.630389], [120.318824, 22.630432], [120.318916, 22.630884], [120.318638, 22.631452], [120.318887, 22.631543], [120.319035, 22.630731], [120.318621, 22.630802], [120.318422, 22.631343], [120.318197, 22.631269], [120.318473, 22.631361], [120.318353, 22.631026], [120.318433, 22.630765], [120.318386, 22.630466], [120.31849, 22.630467], [120.317798, 22.631135], [120.317602, 22.631856], [120.318719, 22.632294], [120.318779, 22.632304], [120.318861, 22.632112], [120.317817, 22.631819], [120.317884, 22.631638], [120.318197, 22.63174], [120.317718, 22.632188], [120.317462, 22.632097], [120.317372, 22.632286], [120.317907, 22.632316], [120.31778, 22.632496], [120.317796, 22.63264], [120.31801, 22.632704], [120.317989, 22.632804], [120.31808, 22.632831], [120.318119, 22.632741], [120.318352, 22.632814], [120.318543, 22.632526], [120.318703, 22.632563], [120.318012, 22.632352], [120.317956, 22.632506], [120.318397, 22.632625], [120.317936, 22.632939], [120.317639, 22.632838], [120.317688, 22.632703], [120.317829, 22.632773], [120.317221, 22.63271], [120.317357, 22.632494], [120.317469, 22.632437], [120.317533, 22.632549], [120.31742, 22.632964], [120.317625, 22.633028], [120.317519, 22.63328], [120.317089, 22.633161], [120.317199, 22.632873], [120.316888, 22.633601], [120.317206, 22.633585], [120.31715, 22.633715], [120.31737, 22.633379], [120.317535, 22.633488], [120.317901, 22.633201], [120.317925, 22.63312], [120.317825, 22.633083], [120.317986, 22.633138], [120.319425, 22.631726], [120.319655, 22.631799], [120.31983, 22.631665], [120.319751, 22.631565], [120.320027, 22.631512], [120.32042, 22.63127], [120.320423, 22.630665], [120.32068, 22.630657], [120.320678, 22.630575], [120.32075, 22.631208], [120.320983, 22.631164], [120.321296, 22.630424], [120.321281, 22.630235], [120.319938, 22.63033], [120.319472, 22.631609], [120.319929, 22.631385], [120.320086, 22.630988], [120.319982, 22.630726], [120.320025, 22.630609], [120.321045, 22.630586], [120.320978, 22.630739], [120.320809, 22.630784], [120.320865, 22.630965], [120.320981, 22.630947], [120.320825, 22.630973], [120.320758, 22.631645], [120.320614, 22.632041], [120.320425, 22.631977], [120.320569, 22.63172], [120.319128, 22.627702], [120.319128, 22.627702], [120.319048, 22.627917], [120.320186, 22.628243], [120.320135, 22.628441], [120.319763, 22.628372], [120.319675, 22.628601], [120.320031, 22.62871], [120.319894, 22.629226], [120.319476, 22.629086], [120.319743, 22.62901], [120.319809, 22.628776], [120.319941, 22.62882], [120.319655, 22.628717], [120.319516, 22.628283], [120.31903, 22.628156], [120.318983, 22.628271], [120.319186, 22.627563], [120.31997, 22.627788], [120.320362, 22.62797], [120.320342, 22.628041], [120.320376, 22.627922], [120.320749, 22.628201], [120.321283, 22.628365], [120.321337, 22.628284], [120.320837, 22.628075], [120.32073, 22.628318], [120.320608, 22.628317], [120.320615, 22.628393], [120.321811, 22.628792], [120.321877, 22.628711], [120.320785, 22.628336], [120.320678, 22.62858], [120.321139, 22.628744], [120.321097, 22.628843], [120.320638, 22.628698], [120.320599, 22.62879], [120.321688, 22.62918], [120.321632, 22.629231], [120.320442, 22.628881], [120.320542, 22.628577], [120.320563, 22.62878], [120.320457, 22.629069], [120.320405, 22.629051], [120.321658, 22.629478], [120.321867, 22.628979], [120.32125, 22.628781], [120.321231, 22.628898], [120.321679, 22.629062], [120.321975, 22.628688], [120.32192, 22.628585], [120.321409, 22.628411], [120.321448, 22.628303], [120.322054, 22.628485], [120.322019, 22.628576], [120.321149, 22.628862], [120.320887, 22.629538], [120.321254, 22.62966], [120.320286, 22.629343], [120.319938, 22.627928], [120.319356, 22.627721], [120.318356, 22.629914], [120.323615, 22.624438]]}}, {"type": "Feature", "properties": {"district": "6400800", "segment": 3, "total_segments": 25, "km": 11.61, "villages": ["同慶里", "奏捷里", "福南里"]}, "geometry": {"type": "LineString", "coordinates": [[120.323615, 22.624438], [120.323784, 22.624037], [120.323073, 22.623805], [120.322904, 22.62393], [120.322827, 22.623899], [120.322898, 22.623737], [120.322957, 22.623759], [120.322539, 22.623604], [120.322403, 22.623658], [120.322392, 22.623575], [120.32253, 22.623969], [120.32297, 22.624182], [120.323298, 22.624229], [120.323473, 22.624356], [120.323366, 22.624518], [120.323027, 22.624408], [120.322974, 22.624525], [120.323499, 22.624708], [120.323409, 22.624816], [120.322906, 22.624651], [120.322855, 22.624823], [120.322907, 22.624931], [120.323109, 22.625005], [120.323251, 22.62505], [120.323281, 22.624969], [120.323371, 22.624989], [120.323352, 22.625082], [120.322989, 22.624869], [120.322546, 22.624858], [120.322768, 22.62447], [120.322699, 22.624443], [120.322733, 22.624344], [120.323549, 22.624573], [120.321937, 22.62353], [120.320951, 22.62318], [120.320861, 22.623396], [120.321163, 22.623488], [120.320801, 22.625922], [120.322109, 22.626516], [120.32161, 22.627848], [120.322216, 22.628054], [120.322184, 22.628144], [120.322084, 22.628134], [120.321578, 22.627965], [120.321531, 22.628059], [120.321989, 22.628215], [120.321966, 22.628323], [120.322088, 22.628369], [120.322138, 22.628234], [120.321841, 22.628298], [120.321296, 22.627992], [120.320905, 22.627906], [120.321046, 22.627681], [120.320959, 22.627639], [120.321435, 22.627818], [120.319383, 22.627143], [120.319293, 22.627389], [120.32037, 22.627712], [120.320145, 22.627817], [120.322656, 22.628588], [120.322693, 22.628498], [120.323243, 22.628717], [120.323321, 22.628753], [120.323287, 22.628852], [120.322651, 22.628624], [120.322634, 22.628687], [120.322828, 22.628217], [120.323032, 22.628382], [120.323677, 22.628601], [120.323455, 22.628736], [120.32337, 22.628925], [120.323708, 22.628211], [120.324418, 22.627657], [120.324184, 22.627664], [120.324176, 22.627748], [120.323671, 22.627588], [120.323686, 22.6275], [120.324093, 22.627637], [120.324315, 22.627408], [120.324647, 22.627552], [120.324777, 22.627489], [120.32473, 22.627396], [120.324286, 22.627258], [120.324485, 22.626907], [120.324952, 22.627053], [120.324944, 22.62718], [120.324516, 22.627042], [120.324468, 22.627169], [120.324955, 22.627349], [120.325246, 22.627154], [120.325092, 22.627099], [120.324876, 22.62744], [120.324268, 22.627294], [120.324223, 22.627375], [120.324065, 22.627267], [120.324128, 22.627065], [120.324013, 22.627325], [120.323622, 22.627472], [120.3231, 22.627307], [120.323065, 22.627428], [120.323576, 22.627556], [120.323517, 22.627094], [120.324272, 22.62519], [120.324745, 22.624578], [120.325077, 22.624679], [120.325084, 22.624543], [120.324479, 22.62436], [120.324488, 22.624228], [120.324334, 22.624191], [120.32423, 22.624413], [120.325286, 22.624616], [120.326175, 22.6249], [120.326341, 22.624866], [120.326237, 22.625072], [120.325294, 22.624752], [120.325094, 22.625464], [120.325287, 22.625528], [120.325215, 22.625673], [120.324982, 22.625605], [120.32607, 22.625586], [120.326302, 22.626336], [120.326476, 22.626409], [120.326272, 22.625804], [120.326377, 22.625752], [120.326303, 22.625206], [120.326182, 22.625195], [120.326069, 22.625537], [120.326612, 22.626816], [120.326394, 22.626805], [120.325422, 22.627146], [120.325559, 22.626857], [120.326425, 22.626617], [120.325341, 22.626582], [120.322882, 22.628013], [120.324106, 22.628739], [120.324104, 22.629163], [120.323832, 22.629189], [120.324019, 22.628872], [120.324407, 22.628947], [120.324448, 22.629535], [120.326047, 22.629415], [120.325905, 22.629226], [120.325778, 22.629183], [120.324578, 22.629246], [120.324578, 22.629123], [120.325137, 22.62905], [120.325065, 22.628815], [120.324812, 22.628953], [120.324864, 22.628769], [120.327039, 22.628046], [120.326964, 22.627811], [120.325029, 22.628514], [120.32448, 22.628642], [120.324487, 22.628903], [120.32463, 22.628849], [120.324466, 22.628415], [120.326441, 22.62771], [120.326339, 22.627384], [120.325954, 22.6275], [120.325947, 22.627564], [120.325708, 22.627546], [120.325649, 22.627725], [120.325556, 22.627725], [120.325608, 22.627882], [120.325471, 22.627661], [120.325236, 22.627777], [120.32532, 22.627974], [120.325196, 22.628014], [120.325131, 22.627849], [120.324833, 22.627989], [120.324388, 22.628347], [120.32442, 22.628433], [120.325241, 22.628761], [120.325372, 22.629087], [120.325574, 22.629016], [120.32546, 22.628699], [120.325616, 22.628627], [120.325775, 22.62902], [120.325862, 22.62905], [120.325992, 22.628954], [120.326043, 22.629036], [120.326177, 22.628958], [120.326435, 22.629019], [120.326397, 22.628802], [120.326119, 22.62884], [120.326063, 22.628711], [120.327131, 22.62839], [120.327459, 22.629168], [120.327094, 22.628977], [120.326943, 22.62866], [120.327077, 22.628625], [120.326436, 22.628793], [120.326561, 22.628848], [120.326617, 22.629002], [120.326903, 22.628985], [120.326758, 22.628334], [120.327096, 22.628263], [120.327062, 22.628119], [120.327128, 22.628354], [120.326701, 22.628307], [120.326015, 22.628566], [120.325781, 22.628569], [120.325937, 22.62892], [120.324137, 22.629264], [120.324158, 22.629369], [120.323756, 22.629279], [120.323663, 22.62945], [120.323733, 22.629621], [120.326413, 22.629426], [120.326369, 22.62915], [120.326512, 22.628405], [120.326505, 22.627692], [120.326744, 22.627612], [120.326598, 22.627313], [120.326396, 22.627375], [120.326805, 22.62726], [120.326894, 22.627603], [120.325508, 22.627642], [120.33023, 22.626741]]}}, {"type": "Feature", "properties": {"district": "6400800", "segment": 4, "total_segments": 25, "km": 14.99, "villages": ["正言里", "五權里", "民主里"]}, "geometry": {"type": "LineString", "coordinates": [[120.32884, 22.629487], [120.328465, 22.629561], [120.328634, 22.629737], [120.328559, 22.629796], [120.328604, 22.629868], [120.328787, 22.629744], [120.329238, 22.629889], [120.329487, 22.629809], [120.329548, 22.630188], [120.329626, 22.63018], [120.329718, 22.630568], [120.329493, 22.630585], [120.329535, 22.630531], [120.3293, 22.630025], [120.32927, 22.630386], [120.329355, 22.630621], [120.329105, 22.630692], [120.329007, 22.63033], [120.328735, 22.630384], [120.328646, 22.630067], [120.327996, 22.630227], [120.328094, 22.63085], [120.328499, 22.630789], [120.32828, 22.630753], [120.328343, 22.63049], [120.328233, 22.630409], [120.32828, 22.630327], [120.328393, 22.630581], [120.328773, 22.63051], [120.328809, 22.63068], [120.328754, 22.630447], [120.329402, 22.630639], [120.328039, 22.630064], [120.327895, 22.62976], [120.328082, 22.629694], [120.327536, 22.629801], [120.327654, 22.629946], [120.327771, 22.630885], [120.327563, 22.63092], [120.327451, 22.630324], [120.327551, 22.630315], [120.32708, 22.630488], [120.327068, 22.630391], [120.327076, 22.630768], [120.327209, 22.630731], [120.327115, 22.630605], [120.327316, 22.630584], [120.327471, 22.630929], [120.327115, 22.630973], [120.327348, 22.630856], [120.326821, 22.630836], [120.326773, 22.630411], [120.326509, 22.630433], [120.326399, 22.63053], [120.326527, 22.630873], [120.326351, 22.630924], [120.326195, 22.630445], [120.326108, 22.630427], [120.325899, 22.630507], [120.326035, 22.630851], [120.326144, 22.630887], [120.326201, 22.630815], [120.326124, 22.630589], [120.32639, 22.631078], [120.326088, 22.631122], [120.326813, 22.631042], [120.326753, 22.630249], [120.326882, 22.630222], [120.32668, 22.630248], [120.326591, 22.630097], [120.326651, 22.62986], [120.327281, 22.629818], [120.327395, 22.629953], [120.325595, 22.629929], [120.325457, 22.630006], [120.325512, 22.630533], [120.324726, 22.630773], [120.324438, 22.631034], [120.324711, 22.631351], [120.325674, 22.631165], [120.325596, 22.630984], [120.325481, 22.631011], [120.325545, 22.630713], [120.325382, 22.630758], [120.325425, 22.630884], [120.32514, 22.630937], [120.32509, 22.630784], [120.324958, 22.630819], [120.325058, 22.631116], [120.325173, 22.63112], [120.325149, 22.630974], [120.324883, 22.63096], [120.324788, 22.631053], [120.324877, 22.63118], [120.324715, 22.630972], [120.324389, 22.630997], [120.32365, 22.630064], [120.324864, 22.629979], [120.32507, 22.630486], [120.32452, 22.630691], [120.324368, 22.630726], [120.324191, 22.630509], [120.324538, 22.630312], [120.324636, 22.63033], [120.324684, 22.630475], [120.324835, 22.63043], [120.324737, 22.630144], [120.324363, 22.630194], [120.324115, 22.630426], [120.323901, 22.63021], [120.324517, 22.630484], [120.323866, 22.630995], [120.323831, 22.630959], [120.32354, 22.631328], [120.323639, 22.631581], [120.324254, 22.631439], [120.324126, 22.631376], [120.323945, 22.631077], [120.323105, 22.630134], [120.322472, 22.631026], [120.322662, 22.63109], [120.323113, 22.630396], [120.323614, 22.630967], [120.323529, 22.631075], [120.323342, 22.631282], [120.323305, 22.631119], [120.322995, 22.631181], [120.322941, 22.630901], [120.323032, 22.630811], [120.323224, 22.631029], [120.322829, 22.631081], [120.322812, 22.631307], [120.322904, 22.631488], [120.32273, 22.631505], [120.32272, 22.631452], [120.322365, 22.631603], [120.322343, 22.631495], [120.32244, 22.631459], [120.322409, 22.631332], [120.322122, 22.631352], [120.322368, 22.631061], [120.322491, 22.631134], [120.322424, 22.631224], [120.322635, 22.631126], [120.323037, 22.631317], [120.323149, 22.63151], [120.323539, 22.63151], [120.323504, 22.63162], [120.323631, 22.63197], [120.321937, 22.632324], [120.321976, 22.632441], [120.323246, 22.632167], [120.323293, 22.632347], [120.321704, 22.632693], [120.321605, 22.633262], [120.32352, 22.632818], [120.323336, 22.632339], [120.323381, 22.632312], [120.323333, 22.632465], [120.323159, 22.632473], [120.323238, 22.632772], [120.32173, 22.633072], [120.321774, 22.632847], [120.322962, 22.632572], [120.323639, 22.632646], [120.323822, 22.632792], [120.323846, 22.63272], [120.323954, 22.632748], [120.323781, 22.632253], [120.323613, 22.632297], [120.323647, 22.632388], [120.324103, 22.632698], [120.32476, 22.632611], [120.324692, 22.632453], [120.324382, 22.632489], [120.32434, 22.632262], [120.324508, 22.632253], [120.324727, 22.632435], [120.325017, 22.632539], [120.323947, 22.631385], [120.323343, 22.63111], [120.323338, 22.630984], [120.323432, 22.630966], [120.323092, 22.630703], [120.323148, 22.63064], [120.322521, 22.631695], [120.322564, 22.631821], [120.321998, 22.631954], [120.321971, 22.631845], [120.322385, 22.631757], [120.32216, 22.631573], [120.32196, 22.631611], [120.321922, 22.631429], [120.321798, 22.631348], [120.321692, 22.631526], [120.321761, 22.631714], [120.321451, 22.631695], [120.321243, 22.632188], [120.321117, 22.632156], [120.320993, 22.632555], [120.321084, 22.632582], [120.32117, 22.632334], [120.321392, 22.632294], [120.321592, 22.631971], [120.321748, 22.631918], [120.321772, 22.63203], [120.321554, 22.632203], [120.321351, 22.632713], [120.321018, 22.632645], [120.320743, 22.633466], [120.320493, 22.633528], [120.320818, 22.633457], [120.321039, 22.632845], [120.321824, 22.632468], [120.321194, 22.631948], [120.321352, 22.631495], [120.321447, 22.631408], [120.321559, 22.631552], [120.32191, 22.633559], [120.321484, 22.633651], [120.320348, 22.634505], [120.320208, 22.634517], [120.320232, 22.634647], [120.320156, 22.634719], [120.320261, 22.634744], [120.32044, 22.635132], [120.320603, 22.634966], [120.320552, 22.6348], [120.32046, 22.634812], [120.32112, 22.636023], [120.321483, 22.635898], [120.321575, 22.636079], [120.321121, 22.636158], [120.321161, 22.636366], [120.32162, 22.636287], [120.321663, 22.636432], [120.32113, 22.636456], [120.321137, 22.636828], [120.320424, 22.636842], [120.320418, 22.637164], [120.320681, 22.637141], [120.320596, 22.636948], [120.320737, 22.636941], [120.320811, 22.637138], [120.321237, 22.637006], [120.321253, 22.637083], [120.321266, 22.636754], [120.321586, 22.6367], [120.321648, 22.637018], [120.321354, 22.637279], [120.322212, 22.637428], [120.32245, 22.637159], [120.322686, 22.637276], [120.323073, 22.637217], [120.322895, 22.636532], [120.322937, 22.636427], [120.323142, 22.636347], [120.323214, 22.636367], [120.323308, 22.636719], [120.323103, 22.636745], [120.32309, 22.636559], [120.323852, 22.636486], [120.324052, 22.637011], [120.323624, 22.637171], [120.323711, 22.637284], [120.324192, 22.637147], [120.324264, 22.637066], [120.32415, 22.636894], [120.324092, 22.636993], [120.324351, 22.636904], [120.324068, 22.636268], [120.324231, 22.636317], [120.325056, 22.636211], [120.325062, 22.63603], [120.324977, 22.636039], [120.324889, 22.635687], [120.324631, 22.635785], [120.324704, 22.635921], [120.324827, 22.635903], [120.324779, 22.636111], [120.324551, 22.635974], [120.324163, 22.636079], [120.324443, 22.636624], [120.324503, 22.636615], [120.324652, 22.637027], [120.324765, 22.637001], [120.324659, 22.63671], [120.324778, 22.636598], [120.324982, 22.636958], [120.324709, 22.636408], [120.324543, 22.636444], [120.324384, 22.636985], [120.323835, 22.63691], [120.323479, 22.63712], [120.323206, 22.637143], [120.323178, 22.637335], [120.322731, 22.637411], [120.322654, 22.636791], [120.323184, 22.636935], [120.323561, 22.636873], [120.32352, 22.636774], [120.323738, 22.63672], [120.323466, 22.636647], [120.323373, 22.636273], [120.323684, 22.636175], [120.323103, 22.636092], [120.322989, 22.635971], [120.322637, 22.636064], [120.322706, 22.636213], [120.32288, 22.636165], [120.32253, 22.636266], [120.322238, 22.635714], [120.323708, 22.635375], [120.323744, 22.635555], [120.321775, 22.636026], [120.321865, 22.636359], [120.321717, 22.636431], [120.322223, 22.636298], [120.321871, 22.635593], [120.323854, 22.635113], [120.324004, 22.635421], [120.323836, 22.635529], [120.324205, 22.635368], [120.324011, 22.63431], [120.324194, 22.634284], [120.32435, 22.634971], [120.324575, 22.634909], [120.324374, 22.634249], [120.324677, 22.634122], [120.324565, 22.63331], [120.324393, 22.633186], [120.324643, 22.633076], [120.324806, 22.633763], [120.324994, 22.633754], [120.324858, 22.633164], [120.324998, 22.633125], [120.325033, 22.632942], [120.324617, 22.632931], [120.323927, 22.633118], [120.324501, 22.633588], [120.324787, 22.633943], [120.325005, 22.633908], [120.32507, 22.633976], [120.324806, 22.634042], [120.324774, 22.634341], [120.324916, 22.634874], [120.325402, 22.634704], [120.325565, 22.635112], [120.325082, 22.635299], [120.324986, 22.63501], [120.325369, 22.63494], [120.325373, 22.634613], [120.325449, 22.634557], [120.325495, 22.634629], [120.325697, 22.634588], [120.325668, 22.634489], [120.325858, 22.634607], [120.326076, 22.634554], [120.326199, 22.634888], [120.325748, 22.635031]]}}, {"type": "Feature", "properties": {"district": "6400800", "segment": 5, "total_segments": 25, "km": 13.8, "villages": ["民主里", "五福里"]}, "geometry": {"type": "LineString", "coordinates": [[120.325727, 22.634697], [120.325906, 22.634779], [120.32599, 22.634734], [120.32604, 22.634409], [120.325926, 22.634329], [120.32531, 22.634346], [120.325281, 22.634237], [120.325356, 22.634146], [120.325253, 22.634103], [120.325297, 22.633941], [120.325185, 22.633853], [120.325248, 22.633733], [120.32515, 22.6337], [120.325093, 22.633529], [120.325164, 22.633402], [120.325013, 22.633191], [120.325198, 22.632952], [120.325573, 22.632979], [120.325228, 22.633623], [120.325388, 22.634247], [120.325349, 22.634478], [120.32495, 22.634473], [120.324908, 22.63435], [120.325171, 22.634315], [120.32522, 22.634597], [120.324994, 22.634649], [120.324658, 22.635072], [120.3247, 22.635433], [120.324479, 22.635513], [120.325212, 22.635697], [120.325308, 22.635887], [120.325536, 22.635852], [120.325586, 22.636033], [120.325671, 22.636033], [120.325696, 22.636169], [120.325772, 22.636169], [120.325391, 22.636234], [120.325334, 22.636004], [120.325493, 22.636041], [120.325457, 22.636339], [120.325545, 22.636565], [120.32609, 22.636423], [120.326051, 22.636297], [120.325574, 22.636349], [120.325624, 22.636665], [120.325486, 22.636701], [120.325601, 22.636927], [120.326246, 22.63683], [120.326133, 22.636577], [120.325662, 22.636665], [120.325188, 22.636419], [120.325944, 22.635958], [120.325635, 22.635412], [120.3254, 22.635498], [120.326036, 22.63561], [120.326064, 22.635674], [120.326333, 22.635559], [120.326106, 22.635213], [120.326284, 22.635124], [120.32685, 22.636742], [120.326375, 22.636822], [120.326269, 22.636487], [120.326608, 22.636432], [120.326664, 22.636555], [120.326562, 22.636601], [120.326547, 22.636272], [120.326455, 22.63627], [120.3266, 22.636263], [120.326438, 22.636109], [120.326242, 22.636171], [120.326118, 22.6358], [120.326409, 22.635625], [120.326337, 22.635856], [120.326261, 22.635866], [120.326439, 22.635865], [120.326441, 22.635808], [120.326498, 22.635991], [120.326251, 22.636271], [120.325933, 22.636136], [120.325993, 22.636063], [120.323476, 22.637279], [120.32043, 22.637357], [120.320105, 22.637111], [120.320084, 22.636865], [120.319972, 22.636839], [120.319284, 22.636972], [120.319194, 22.637099], [120.319608, 22.637118], [120.319598, 22.637227], [120.319317, 22.637244], [120.319298, 22.637415], [120.31982, 22.6373], [120.319797, 22.637218], [120.319932, 22.637219], [120.319916, 22.637291], [120.32, 22.636957], [120.319766, 22.637011], [120.319597, 22.636821], [120.319935, 22.636415], [120.319189, 22.637405], [120.318573, 22.638069], [120.318137, 22.638285], [120.323099, 22.633376], [120.32601, 22.633045], [120.326503, 22.633102], [120.326454, 22.633643], [120.326647, 22.633581], [120.326729, 22.633075], [120.32702, 22.633095], [120.327001, 22.633188], [120.327206, 22.633194], [120.327321, 22.633105], [120.328657, 22.633129], [120.328701, 22.633243], [120.328516, 22.633309], [120.328536, 22.633688], [120.328628, 22.633697], [120.328821, 22.633409], [120.329162, 22.633313], [120.329112, 22.633176], [120.328896, 22.633244], [120.328798, 22.633093], [120.329433, 22.632942], [120.330021, 22.632692], [120.33031, 22.633352], [120.330368, 22.633614], [120.330249, 22.63365], [120.330182, 22.633415], [120.330474, 22.633757], [120.33025, 22.633867], [120.330391, 22.633994], [120.33033, 22.634035], [120.33037, 22.634151], [120.330586, 22.634094], [120.330466, 22.63397], [120.330536, 22.633891], [120.330669, 22.634284], [120.330435, 22.634364], [120.330502, 22.634563], [120.330741, 22.634492], [120.330784, 22.634619], [120.330543, 22.634681], [120.330619, 22.634889], [120.330856, 22.634818], [120.330897, 22.634935], [120.329883, 22.635229], [120.329865, 22.635102], [120.330538, 22.634916], [120.33063, 22.635223], [120.330729, 22.635187], [120.330713, 22.635124], [120.330738, 22.635223], [120.33094, 22.635188], [120.330911, 22.635089], [120.331016, 22.635306], [120.330941, 22.635324], [120.331234, 22.635531], [120.33128, 22.63572], [120.330839, 22.635779], [120.330814, 22.636028], [120.330306, 22.636107], [120.330307, 22.635944], [120.327263, 22.636211], [120.327126, 22.636265], [120.327279, 22.636681], [120.327385, 22.636573], [120.328307, 22.636432], [120.328276, 22.636261], [120.328368, 22.636243], [120.328406, 22.636388], [120.328418, 22.63646], [120.328321, 22.636505], [120.328539, 22.636461], [120.32849, 22.636244], [120.328649, 22.636226], [120.328672, 22.636443], [120.328874, 22.636408], [120.328852, 22.636209], [120.329001, 22.636172], [120.329013, 22.636381], [120.329212, 22.636337], [120.329199, 22.636174], [120.329429, 22.636266], [120.329546, 22.636176], [120.329931, 22.636159], [120.329834, 22.635821], [120.329189, 22.63593], [120.329159, 22.635695], [120.329509, 22.635634], [120.329534, 22.63557], [120.329626, 22.635616], [120.329685, 22.635534], [120.329616, 22.635174], [120.329685, 22.635156], [120.32905, 22.635316], [120.328514, 22.635354], [120.328746, 22.635712], [120.329112, 22.635704], [120.329212, 22.635524], [120.329272, 22.634928], [120.329372, 22.634911], [120.329409, 22.635064], [120.329025, 22.635045], [120.329156, 22.634991], [120.329125, 22.634837], [120.329029, 22.634828], [120.329135, 22.634594], [120.329064, 22.634584], [120.329076, 22.634476], [120.329182, 22.634476], [120.329253, 22.634596], [120.329594, 22.634608], [120.329421, 22.634477], [120.329408, 22.634266], [120.32934, 22.634263], [120.329449, 22.634267], [120.329482, 22.634116], [120.328904, 22.63416], [120.328923, 22.634276], [120.3292, 22.634271], [120.329045, 22.633682], [120.329274, 22.63362], [120.329217, 22.633478], [120.328882, 22.633608], [120.329008, 22.633952], [120.328699, 22.634149], [120.328611, 22.634158], [120.328606, 22.63405], [120.328409, 22.634049], [120.328374, 22.633705], [120.328115, 22.633831], [120.328114, 22.634223], [120.328189, 22.634373], [120.327555, 22.634551], [120.327353, 22.633918], [120.327418, 22.6339], [120.327375, 22.633692], [120.327277, 22.633622], [120.326932, 22.633708], [120.326915, 22.633627], [120.326998, 22.633609], [120.327267, 22.634604], [120.326613, 22.634791], [120.326508, 22.634483], [120.326684, 22.634412], [120.326736, 22.634593], [120.326889, 22.634548], [120.32679, 22.63415], [120.32691, 22.634124], [120.32703, 22.634513], [120.326978, 22.63491], [120.326689, 22.63499], [120.327113, 22.636211], [120.327267, 22.636067], [120.32724, 22.635958], [120.327475, 22.636041], [120.327449, 22.635887], [120.327106, 22.635001], [120.326995, 22.635036], [120.327144, 22.635461], [120.32701, 22.635479], [120.326852, 22.635054], [120.327422, 22.634948], [120.327942, 22.634715], [120.328027, 22.634977], [120.327883, 22.63493], [120.327392, 22.635126], [120.327431, 22.635273], [120.327933, 22.635103], [120.328014, 22.635284], [120.327518, 22.635445], [120.327571, 22.63559], [120.328226, 22.635457], [120.328154, 22.634635], [120.328067, 22.634652], [120.328434, 22.634582], [120.328459, 22.635024], [120.328889, 22.635035], [120.328895, 22.63518], [120.328465, 22.635196], [120.32866, 22.635441], [120.328765, 22.635441], [120.328347, 22.635701], [120.328576, 22.635964], [120.328805, 22.635946], [120.327875, 22.636015], [120.327889, 22.635907], [120.32781, 22.635898], [120.327779, 22.636024], [120.327649, 22.63605], [120.327596, 22.635743], [120.32792, 22.635663], [120.328102, 22.635754], [120.32813, 22.635854], [120.327995, 22.635889], [120.328301, 22.635647], [120.328267, 22.635547], [120.328658, 22.634899], [120.328907, 22.634891], [120.328904, 22.634746], [120.328626, 22.634745], [120.328598, 22.634627], [120.328903, 22.634629], [120.328802, 22.634475], [120.328427, 22.634482], [120.328409, 22.634139], [120.329017, 22.634476], [120.329179, 22.634829], [120.329298, 22.633987], [120.329442, 22.633945], [120.329389, 22.633782], [120.328081, 22.63374], [120.328074, 22.633813], [120.328056, 22.633659], [120.327994, 22.634011], [120.327926, 22.634019], [120.327995, 22.634155], [120.32757, 22.634154], [120.327535, 22.633982], [120.327636, 22.633964], [120.327455, 22.633575], [120.326807, 22.633762], [120.32676, 22.633653], [120.326926, 22.633997], [120.326576, 22.633891], [120.326357, 22.633987], [120.326449, 22.634293], [120.326053, 22.633172], [120.326357, 22.633164], [120.326606, 22.633057], [120.327599, 22.634302], [120.327693, 22.634741], [120.32741, 22.634821], [120.327024, 22.635524], [120.32715, 22.635714], [120.327315, 22.636392], [120.327971, 22.636323], [120.330307, 22.635691], [120.330538, 22.63572], [120.330607, 22.635638], [120.330521, 22.635412], [120.330018, 22.635527], [120.330511, 22.635213], [120.330726, 22.63591], [120.331355, 22.635874], [120.331321, 22.635728]]}}, {"type": "Feature", "properties": {"district": "6400800", "segment": 6, "total_segments": 25, "km": 10.98, "villages": ["正文里", "正心里"]}, "geometry": {"type": "LineString", "coordinates": [[120.329893, 22.632348], [120.329155, 22.632553], [120.329253, 22.6324], [120.329762, 22.632271], [120.329752, 22.632095], [120.329724, 22.632013], [120.329638, 22.632031], [120.32893, 22.632209], [120.328971, 22.632281], [120.32964, 22.632111], [120.329494, 22.631882], [120.329574, 22.631805], [120.32944, 22.631769], [120.329311, 22.631839], [120.329344, 22.631907], [120.329182, 22.631935], [120.329083, 22.631949], [120.329147, 22.631841], [120.328865, 22.631852], [120.328909, 22.631979], [120.32872, 22.631088], [120.328903, 22.631071], [120.329016, 22.631514], [120.328932, 22.631676], [120.328214, 22.631808], [120.328219, 22.631908], [120.328261, 22.631565], [120.328139, 22.631103], [120.32857, 22.631105], [120.328598, 22.631241], [120.328394, 22.631267], [120.328466, 22.631511], [120.328624, 22.631494], [120.328513, 22.63162], [120.328425, 22.63152], [120.327856, 22.631509], [120.32781, 22.63121], [120.327147, 22.631271], [120.327278, 22.631958], [120.327889, 22.631853], [120.327839, 22.631662], [120.327623, 22.631652], [120.327583, 22.631354], [120.327326, 22.631389], [120.327376, 22.631769], [120.327635, 22.631752], [120.327895, 22.631945], [120.327837, 22.632255], [120.327408, 22.632764], [120.326488, 22.632641], [120.326677, 22.632565], [120.326701, 22.632214], [120.326854, 22.6322], [120.326859, 22.632342], [120.327084, 22.632344], [120.326948, 22.631928], [120.326888, 22.631269], [120.326023, 22.631438], [120.326127, 22.63151], [120.326245, 22.631954], [120.326405, 22.631936], [120.326355, 22.631611], [120.326551, 22.631564], [120.326571, 22.631656], [120.326555, 22.631509], [120.326643, 22.631958], [120.326785, 22.631951], [120.327015, 22.632591], [120.326239, 22.632559], [120.326216, 22.63264], [120.325807, 22.632622], [120.32568, 22.632466], [120.326081, 22.632526], [120.326295, 22.63264], [120.325528, 22.632294], [120.324968, 22.631641], [120.325732, 22.631464], [120.325713, 22.631671], [120.325816, 22.631861], [120.325622, 22.631779], [120.325601, 22.631698], [120.327865, 22.631202], [120.329528, 22.63098], [120.329662, 22.631555], [120.329451, 22.631627], [120.32932, 22.631163], [120.329762, 22.631038], [120.329681, 22.630884], [120.32986, 22.630858], [120.330101, 22.631452], [120.329823, 22.63121], [120.329801, 22.63111], [120.330144, 22.631898], [120.329907, 22.631969], [120.329961, 22.632141], [120.330287, 22.632034], [120.330344, 22.63216], [120.329976, 22.632294], [120.330562, 22.632098], [120.330406, 22.631799], [120.328541, 22.632749], [120.328326, 22.632784], [120.330311, 22.632612], [120.330731, 22.632478], [120.331154, 22.633295], [120.331258, 22.633618], [120.331125, 22.633636], [120.330944, 22.633427], [120.330752, 22.633481], [120.330703, 22.633381], [120.330615, 22.633408], [120.330571, 22.633254], [120.330683, 22.633218], [120.33051, 22.633272], [120.330444, 22.632928], [120.330743, 22.632839], [120.330812, 22.63302], [120.331257, 22.63285], [120.331323, 22.632986], [120.331593, 22.632861], [120.331552, 22.632752], [120.331377, 22.632815], [120.331336, 22.632697], [120.331489, 22.632635], [120.33144, 22.632526], [120.331285, 22.632598], [120.331096, 22.632516], [120.33105, 22.63238], [120.331327, 22.632273], [120.331408, 22.632454], [120.331546, 22.632409], [120.33172, 22.632807], [120.332011, 22.633031], [120.331994, 22.633302], [120.332471, 22.633158], [120.332524, 22.633252], [120.333104, 22.633039], [120.332901, 22.632496], [120.33274, 22.632577], [120.332893, 22.633002], [120.332703, 22.633055], [120.332297, 22.631988], [120.33314, 22.631747], [120.333198, 22.631856], [120.333316, 22.63182], [120.33338, 22.631676], [120.333515, 22.631614], [120.33393, 22.632807], [120.333491, 22.632941], [120.333419, 22.632959], [120.333507, 22.632733], [120.333773, 22.632635], [120.333662, 22.632445], [120.333429, 22.632534], [120.333372, 22.632408], [120.333649, 22.6323], [120.333699, 22.632427], [120.33354, 22.632119], [120.333162, 22.632244], [120.333041, 22.631892], [120.332853, 22.631945], [120.333039, 22.632334], [120.333196, 22.632308], [120.333252, 22.632073], [120.333424, 22.632011], [120.333576, 22.632101], [120.333286, 22.632669], [120.332691, 22.632486], [120.332568, 22.632209], [120.332713, 22.632134], [120.33243, 22.632006], [120.331449, 22.632228], [120.331999, 22.632682], [120.332398, 22.63253], [120.332236, 22.63215], [120.332067, 22.632213], [120.332354, 22.632729], [120.332638, 22.633552], [120.333225, 22.633373], [120.333416, 22.634079], [120.332822, 22.634338], [120.332949, 22.634429], [120.333002, 22.63461], [120.334442, 22.634218], [120.334469, 22.634137], [120.334088, 22.633105], [120.333496, 22.633293], [120.333743, 22.633845], [120.333898, 22.633783], [120.333737, 22.633321], [120.333966, 22.633233], [120.334219, 22.633856], [120.333637, 22.63407], [120.333549, 22.634034], [120.333479, 22.634142], [120.33361, 22.634242], [120.334159, 22.634091], [120.333374, 22.634277], [120.33341, 22.634377], [120.333189, 22.63443], [120.332922, 22.634102], [120.333231, 22.63396], [120.333087, 22.633535], [120.332875, 22.633583], [120.333007, 22.633923], [120.332802, 22.634013], [120.332591, 22.63357], [120.331779, 22.633909], [120.331833, 22.634099], [120.33238, 22.633885], [120.332319, 22.633686], [120.331802, 22.633564], [120.331656, 22.633614], [120.331609, 22.63352], [120.331759, 22.633494], [120.331697, 22.633259], [120.331533, 22.633407], [120.331402, 22.633077], [120.331555, 22.633123], [120.33162, 22.633051], [120.331237, 22.632796], [120.331155, 22.632639], [120.332055, 22.632176], [120.331344, 22.633763], [120.330658, 22.633959], [120.330701, 22.634085], [120.331423, 22.633881], [120.331511, 22.634071], [120.330772, 22.634284], [120.330817, 22.634411], [120.331551, 22.634206], [120.331723, 22.634758], [120.331851, 22.634777], [120.331915, 22.634912], [120.331881, 22.634993], [120.331114, 22.635234], [120.331066, 22.634918], [120.331569, 22.634775], [120.331425, 22.63491], [120.331467, 22.635037], [120.331253, 22.635099], [120.33121, 22.634964], [120.331025, 22.634928], [120.330929, 22.634746], [120.331566, 22.634559], [120.331513, 22.634423], [120.330887, 22.63461], [120.330625, 22.63376], [120.33086, 22.633676], [120.330796, 22.633589], [120.330597, 22.633658], [120.33059, 22.633769], [120.332065, 22.634516], [120.332246, 22.634877], [120.332858, 22.634663], [120.332548, 22.634563], [120.332566, 22.634427], [120.332213, 22.634525], [120.33234, 22.634634], [120.331955, 22.634994], [120.332836, 22.63416], [120.332813, 22.634058]]}}, {"type": "Feature", "properties": {"district": "6400800", "segment": 7, "total_segments": 25, "km": 13.39, "villages": ["正道里", "文昌里"]}, "geometry": {"type": "LineString", "coordinates": [[120.332998, 22.634926], [120.336088, 22.633909], [120.335781, 22.632517], [120.335726, 22.631758], [120.335922, 22.631752], [120.33594, 22.631824], [120.336248, 22.634225], [120.335948, 22.634288], [120.33591, 22.634153], [120.33608, 22.634084], [120.336098, 22.633945], [120.335726, 22.633808], [120.335518, 22.632642], [120.334383, 22.632972], [120.334383, 22.633062], [120.334548, 22.633487], [120.335459, 22.633175], [120.335314, 22.633003], [120.33519, 22.633011], [120.335188, 22.632804], [120.33531, 22.632786], [120.335198, 22.632451], [120.33553, 22.632371], [120.335534, 22.631902], [120.335046, 22.631999], [120.335256, 22.632199], [120.335334, 22.632064], [120.335118, 22.632207], [120.335059, 22.632342], [120.335162, 22.63246], [120.33477, 22.632585], [120.33437, 22.632601], [120.334397, 22.632692], [120.334295, 22.632737], [120.333842, 22.63147], [120.335309, 22.631025], [120.335439, 22.631784], [120.335687, 22.631762], [120.335581, 22.631529], [120.335896, 22.631531], [120.335917, 22.631715], [120.335898, 22.631362], [120.335202, 22.631458], [120.334162, 22.631743], [120.334085, 22.631616], [120.335138, 22.631286], [120.335204, 22.631621], [120.334091, 22.631941], [120.33414, 22.63205], [120.335255, 22.631801], [120.334959, 22.632216], [120.334749, 22.632368], [120.334521, 22.632349], [120.334439, 22.632123], [120.334352, 22.63215], [120.334673, 22.632079], [120.334536, 22.632656], [120.334466, 22.632683], [120.334745, 22.632982], [120.33483, 22.633217], [120.334952, 22.633137], [120.334912, 22.632974], [120.334588, 22.633072], [120.33479, 22.633524], [120.335483, 22.633321], [120.335448, 22.633599], [120.33556, 22.633853], [120.334959, 22.634031], [120.335051, 22.633878], [120.334983, 22.633625], [120.335164, 22.633634], [120.335226, 22.633815], [120.335332, 22.633617], [120.335332, 22.633816], [120.335682, 22.633817], [120.335772, 22.634371], [120.335846, 22.634364], [120.335289, 22.634516], [120.335245, 22.634399], [120.335619, 22.634291], [120.333227, 22.635143], [120.333175, 22.635026], [120.332997, 22.635079], [120.333198, 22.635595], [120.331411, 22.635705], [120.331394, 22.635545], [120.331581, 22.635525], [120.331541, 22.635407], [120.332882, 22.634979], [120.332929, 22.635205], [120.332197, 22.635518], [120.332139, 22.635356], [120.332536, 22.63524], [120.332738, 22.635448], [120.333259, 22.635234], [120.333375, 22.635541], [120.334131, 22.635247], [120.334019, 22.635056], [120.333432, 22.635268], [120.335005, 22.634654], [120.334628, 22.633695], [120.33472, 22.633542], [120.332295, 22.63577], [120.331527, 22.635863], [120.331774, 22.635499], [120.331962, 22.635536], [120.331963, 22.635427], [120.331427, 22.635434], [120.337562, 22.634791], [120.337506, 22.63433], [120.33764, 22.634313], [120.337635, 22.634773], [120.339519, 22.634465], [120.339707, 22.634412], [120.339625, 22.634357], [120.339607, 22.634158], [120.338634, 22.634488], [120.338507, 22.634343], [120.339806, 22.633924], [120.339911, 22.633925], [120.339877, 22.634042], [120.339965, 22.634163], [120.339905, 22.634184], [120.34007, 22.634151], [120.340129, 22.634386], [120.340875, 22.634245], [120.34073, 22.633838], [120.340569, 22.633805], [120.340388, 22.633939], [120.340484, 22.634017], [120.340653, 22.633964], [120.340709, 22.634091], [120.340429, 22.634085], [120.340367, 22.63374], [120.340513, 22.633665], [120.340235, 22.633447], [120.340028, 22.633528], [120.340179, 22.633777], [120.339807, 22.633735], [120.339816, 22.633626], [120.338085, 22.63417], [120.338136, 22.634333], [120.33778, 22.634386], [120.337816, 22.634657], [120.338325, 22.634505], [120.338305, 22.634316], [120.338406, 22.634303], [120.338225, 22.634324], [120.337834, 22.633998], [120.337502, 22.63415], [120.33733, 22.632632], [120.337682, 22.632597], [120.337629, 22.63238], [120.337277, 22.632505], [120.337229, 22.632315], [120.338021, 22.632002], [120.338638, 22.633703], [120.337597, 22.633978], [120.337559, 22.633753], [120.338107, 22.633565], [120.338059, 22.633448], [120.337556, 22.633617], [120.337517, 22.6334], [120.337985, 22.633249], [120.337938, 22.633131], [120.337523, 22.633283], [120.337488, 22.633057], [120.337857, 22.632923], [120.337712, 22.632688], [120.338108, 22.632608], [120.338148, 22.632716], [120.33792, 22.632806], [120.337996, 22.632996], [120.338224, 22.632915], [120.338273, 22.633042], [120.338045, 22.633122], [120.338114, 22.633312], [120.338341, 22.633232], [120.338389, 22.633359], [120.338214, 22.633412], [120.338316, 22.633665], [120.338452, 22.633558], [120.338197, 22.633376], [120.338816, 22.633248], [120.338946, 22.633614], [120.339695, 22.633301], [120.339602, 22.633237], [120.339238, 22.63226], [120.339957, 22.632053], [120.339852, 22.631928], [120.339671, 22.631917], [120.338986, 22.632133], [120.338818, 22.63215], [120.338769, 22.631987], [120.338551, 22.63205], [120.338651, 22.632538], [120.338553, 22.632555], [120.338321, 22.631904], [120.338762, 22.631807], [120.338864, 22.632358], [120.339195, 22.632278], [120.339124, 22.632404], [120.339452, 22.633282], [120.339035, 22.633379], [120.338992, 22.633162], [120.339234, 22.6331], [120.339164, 22.632964], [120.338776, 22.63308], [120.338798, 22.633153], [120.338624, 22.6327], [120.339027, 22.632648], [120.33904, 22.632765], [120.338882, 22.632819], [120.339097, 22.632793], [120.339737, 22.632488], [120.339649, 22.632253], [120.33948, 22.632288], [120.339509, 22.632395], [120.339806, 22.632669], [120.339934, 22.633211], [120.340191, 22.633122], [120.340102, 22.633059], [120.339923, 22.632561], [120.339995, 22.632399], [120.340311, 22.632924], [120.340387, 22.633105], [120.340311, 22.633133], [120.340691, 22.633015], [120.340309, 22.632599], [120.340603, 22.633341], [120.340685, 22.633323], [120.340292, 22.633421], [120.340625, 22.63344], [120.340712, 22.633711], [120.340912, 22.633739], [120.341074, 22.634219], [120.341193, 22.634191], [120.341158, 22.634026], [120.341325, 22.633913], [120.341555, 22.63413], [120.341295, 22.63418], [120.341254, 22.633786], [120.340981, 22.633386], [120.340829, 22.633519], [120.3408, 22.633398], [120.340879, 22.633324], [120.340987, 22.633594], [120.340093, 22.634395], [120.339846, 22.634423], [120.339719, 22.634114], [120.339799, 22.634087], [120.339641, 22.633797], [120.337756, 22.634322], [120.337567, 22.634827], [120.337578, 22.632904], [120.337511, 22.63275], [120.337804, 22.632489], [120.338032, 22.632409], [120.337927, 22.632255], [120.337738, 22.632317], [120.337966, 22.632237], [120.33802, 22.631903], [120.337873, 22.631487], [120.337157, 22.631764], [120.337262, 22.631918], [120.337181, 22.631945], [120.337794, 22.63174], [120.337841, 22.631911], [120.337216, 22.632144]]}}, {"type": "Feature", "properties": {"district": "6400800", "segment": 8, "total_segments": 25, "km": 14.45, "villages": ["建軍里", "衛武里", "正義里"]}, "geometry": {"type": "LineString", "coordinates": [[120.340387, 22.632066], [120.340456, 22.632121], [120.340694, 22.632041], [120.340671, 22.632221], [120.34058, 22.632275], [120.340502, 22.632157], [120.341487, 22.631885], [120.34171, 22.632433], [120.341808, 22.632454], [120.341866, 22.632741], [120.341485, 22.632766], [120.341255, 22.632895], [120.341078, 22.63278], [120.341631, 22.632586], [120.341554, 22.632478], [120.342428, 22.632346], [120.342429, 22.632273], [120.34251, 22.632635], [120.342346, 22.632589], [120.341984, 22.632741], [120.341922, 22.632488], [120.342068, 22.632462], [120.342126, 22.632588], [120.342256, 22.632527], [120.34205, 22.632118], [120.341827, 22.632163], [120.341836, 22.632271], [120.3418, 22.632135], [120.341838, 22.631904], [120.341986, 22.631874], [120.34208, 22.632064], [120.342242, 22.632047], [120.342276, 22.632182], [120.342431, 22.63212], [120.342326, 22.631722], [120.342139, 22.631739], [120.342066, 22.63182], [120.341928, 22.631775], [120.342197, 22.631862], [120.342231, 22.632011], [120.342719, 22.631949], [120.342526, 22.630987], [120.342661, 22.631136], [120.342856, 22.631887], [120.342892, 22.632068], [120.34275, 22.632094], [120.342728, 22.631986], [120.343125, 22.633848], [120.342918, 22.633892], [120.34289, 22.633711], [120.34283, 22.633707], [120.342098, 22.633825], [120.341988, 22.63378], [120.341869, 22.633897], [120.341647, 22.633643], [120.342649, 22.633475], [120.342672, 22.633548], [120.342616, 22.632924], [120.342687, 22.632962], [120.342425, 22.632899], [120.342092, 22.632995], [120.342245, 22.633357], [120.342357, 22.633221], [120.342433, 22.633257], [120.342533, 22.633186], [120.342558, 22.633269], [120.342498, 22.63309], [120.341716, 22.633047], [120.341759, 22.633255], [120.341915, 22.63322], [120.341894, 22.633147], [120.341928, 22.633292], [120.341567, 22.633281], [120.341574, 22.633146], [120.341449, 22.633091], [120.341422, 22.633136], [120.341524, 22.633073], [120.341361, 22.633262], [120.341515, 22.633481], [120.341235, 22.633126], [120.341977, 22.634033], [120.342088, 22.633925], [120.342188, 22.633921], [120.342132, 22.633988], [120.34284, 22.633812], [120.342863, 22.63363], [120.343282, 22.633487], [120.343355, 22.633822], [120.343555, 22.633777], [120.343459, 22.633406], [120.343602, 22.633371], [120.343697, 22.63376], [120.343893, 22.633724], [120.343856, 22.633545], [120.343929, 22.633399], [120.34431, 22.633409], [120.344313, 22.63348], [120.344304, 22.633364], [120.344263, 22.633634], [120.344158, 22.633603], [120.344845, 22.633413], [120.343167, 22.633351], [120.34318, 22.63302], [120.343272, 22.633005], [120.343286, 22.633102], [120.343198, 22.632853], [120.343109, 22.63287], [120.343082, 22.632766], [120.343192, 22.632746], [120.343025, 22.632507], [120.343134, 22.632502], [120.343091, 22.632313], [120.343059, 22.632241], [120.342964, 22.632256], [120.342982, 22.632325], [120.343074, 22.631761], [120.342995, 22.631749], [120.342976, 22.631589], [120.343057, 22.631572], [120.342954, 22.631499], [120.342897, 22.631282], [120.342885, 22.63111], [120.343005, 22.631104], [120.343018, 22.631246], [120.342844, 22.631], [120.342573, 22.633962], [120.342253, 22.634285], [120.343387, 22.627931], [120.343483, 22.627744], [120.343902, 22.627698], [120.343882, 22.627597], [120.344047, 22.627615], [120.34407, 22.627744], [120.34398, 22.627332], [120.34366, 22.627445], [120.343654, 22.627366], [120.343484, 22.627297], [120.343546, 22.627613], [120.343711, 22.627599], [120.34336, 22.627621], [120.343324, 22.627718], [120.343125, 22.627717], [120.343167, 22.627601], [120.343002, 22.627604], [120.342988, 22.627715], [120.342599, 22.627738], [120.342492, 22.62765], [120.342431, 22.62772], [120.342827, 22.627618], [120.342841, 22.627434], [120.342667, 22.627433], [120.342684, 22.627297], [120.342524, 22.627296], [120.342517, 22.627431], [120.342424, 22.627426], [120.342844, 22.627308], [120.34301, 22.627317], [120.343003, 22.627443], [120.343181, 22.627435], [120.343131, 22.627039], [120.34239, 22.62699], [120.342418, 22.626801], [120.343111, 22.626803], [120.343112, 22.62656], [120.342429, 22.626557], [120.342425, 22.626376], [120.343117, 22.626379], [120.343094, 22.626171], [120.342398, 22.626183], [120.342614, 22.62525], [120.343432, 22.626173], [120.344161, 22.626176], [120.344176, 22.626284], [120.343431, 22.62629], [120.343427, 22.626516], [120.343726, 22.626517], [120.343723, 22.626634], [120.343431, 22.626633], [120.343525, 22.626974], [120.34405, 22.626995], [120.344011, 22.626879], [120.344104, 22.62688], [120.344056, 22.626636], [120.343867, 22.626635], [120.343877, 22.626518], [120.344166, 22.62651], [120.34416, 22.626636], [120.343812, 22.626879], [120.3436, 22.626876], [120.343425, 22.627058], [120.343891, 22.627127], [120.3446, 22.626611], [120.34478, 22.626607], [120.344781, 22.626512], [120.344861, 22.626513], [120.344601, 22.626511], [120.344602, 22.626313], [120.344866, 22.626314], [120.344833, 22.626169], [120.344602, 22.626168], [120.344722, 22.625867], [120.344597, 22.625805], [120.344175, 22.625892], [120.341937, 22.626055], [120.341029, 22.625871], [120.340258, 22.626621], [120.339881, 22.626744], [120.340032, 22.626882], [120.340322, 22.626787], [120.340371, 22.626912], [120.339947, 22.627045], [120.34001, 22.627196], [120.340429, 22.627059], [120.34048, 22.627179], [120.340057, 22.627316], [120.340189, 22.62744], [120.340621, 22.627304], [120.340668, 22.627438], [120.340237, 22.627578], [120.340039, 22.627884], [120.341113, 22.628215], [120.341128, 22.628358], [120.340407, 22.62858], [120.340365, 22.628463], [120.339999, 22.628588], [120.339846, 22.62828], [120.339159, 22.628106], [120.338437, 22.628292], [120.338438, 22.628534], [120.338114, 22.628695], [120.338443, 22.629617], [120.338837, 22.62954], [120.339956, 22.629066], [120.339608, 22.628496], [120.338938, 22.628376], [120.338488, 22.628536], [120.338518, 22.628726], [120.33884, 22.62861], [120.338911, 22.628918], [120.339593, 22.628704], [120.339658, 22.628839], [120.33883, 22.629134], [120.338906, 22.629278], [120.338743, 22.62935], [120.338771, 22.629423], [120.338522, 22.629376], [120.338481, 22.629259], [120.338705, 22.629206], [120.338555, 22.628853], [120.338445, 22.628879], [120.338479, 22.629033], [120.338871, 22.628935], [120.339034, 22.628737], [120.339, 22.628566], [120.339394, 22.628667], [120.339527, 22.627987], [120.338918, 22.627916], [120.338873, 22.628014], [120.338727, 22.62805], [120.338716, 22.627978], [120.337924, 22.628063], [120.337977, 22.62783], [120.338126, 22.627894], [120.338703, 22.627833], [120.338692, 22.627354], [120.337826, 22.627353], [120.33783, 22.627495], [120.338538, 22.627498], [120.338545, 22.62767], [120.337748, 22.627721], [120.337773, 22.62782], [120.337627, 22.627856], [120.337761, 22.628461], [120.337074, 22.628666], [120.33688, 22.628657], [120.336995, 22.629641], [120.337112, 22.629856], [120.337378, 22.629717], [120.337781, 22.629792], [120.338138, 22.629699], [120.337805, 22.629264], [120.337767, 22.629047], [120.337099, 22.62916], [120.337072, 22.629028], [120.337463, 22.628947], [120.337432, 22.628841], [120.337093, 22.628938], [120.337694, 22.628794], [120.337799, 22.628858], [120.337587, 22.628932], [120.337823, 22.629041], [120.337404, 22.629311], [120.337025, 22.628458], [120.337429, 22.628333], [120.337354, 22.628216], [120.336866, 22.628358], [120.336849, 22.628141], [120.337241, 22.628089], [120.33738, 22.627981], [120.337213, 22.627601], [120.337136, 22.62761], [120.337693, 22.627504], [120.337659, 22.627377], [120.33773, 22.627657], [120.337578, 22.627666], [120.337613, 22.62781], [120.3374, 22.628008], [120.337598, 22.628325], [120.337997, 22.628227], [120.338311, 22.628807], [120.338431, 22.628744], [120.338829, 22.627772], [120.339257, 22.627727], [120.339839, 22.627949], [120.339929, 22.627829], [120.339988, 22.627865], [120.338879, 22.627523], [120.338851, 22.627689], [120.338841, 22.627617], [120.340084, 22.628182], [120.340209, 22.628252], [120.340246, 22.628381], [120.340028, 22.628362], [120.340297, 22.628147], [120.340413, 22.628273], [120.340531, 22.628202], [120.34057, 22.628364], [120.340445, 22.628391], [120.340859, 22.628272], [120.341279, 22.628282], [120.34181, 22.628433], [120.341979, 22.628388], [120.342046, 22.628217], [120.34198, 22.627883], [120.342031, 22.627485], [120.341596, 22.628522], [120.341457, 22.628492], [120.341405, 22.628585], [120.341067, 22.628692], [120.340998, 22.628641], [120.340948, 22.628736], [120.340205, 22.628977], [120.338791, 22.626491], [120.337391, 22.627322], [120.336964, 22.627302], [120.336802, 22.627356], [120.33681, 22.627428], [120.336781, 22.627293], [120.336778, 22.627572], [120.336951, 22.627573], [120.336975, 22.627699], [120.336797, 22.627708], [120.336841, 22.62806], [120.337164, 22.627908], [120.337033, 22.6277], [120.337044, 22.627474], [120.33725, 22.627461], [120.336985, 22.628467], [120.336853, 22.628503], [120.337116, 22.625863]]}}, {"type": "Feature", "properties": {"district": "6400800", "segment": 9, "total_segments": 25, "km": 12.62, "villages": ["正仁里", "正大里"]}, "geometry": {"type": "LineString", "coordinates": [[120.338897, 22.629884], [120.338737, 22.629955], [120.338749, 22.630029], [120.338959, 22.630299], [120.339047, 22.630313], [120.33988, 22.631505], [120.340233, 22.63186], [120.340634, 22.631808], [120.340541, 22.631455], [120.340388, 22.631268], [120.340346, 22.630933], [120.340192, 22.630864], [120.340045, 22.630906], [120.340121, 22.631082], [120.339979, 22.631052], [120.339938, 22.630925], [120.339715, 22.631004], [120.339688, 22.630844], [120.339778, 22.630827], [120.339721, 22.630673], [120.339539, 22.630699], [120.339646, 22.630844], [120.340159, 22.63072], [120.340102, 22.630602], [120.339844, 22.630682], [120.339784, 22.630492], [120.339976, 22.630439], [120.339926, 22.630349], [120.339758, 22.630384], [120.339703, 22.630266], [120.34007, 22.630105], [120.34005, 22.630006], [120.339687, 22.630104], [120.33954, 22.629715], [120.33969, 22.629815], [120.340066, 22.629825], [120.340077, 22.630295], [120.339453, 22.630527], [120.339347, 22.630364], [120.339203, 22.6304], [120.339133, 22.629975], [120.338951, 22.629983], [120.338938, 22.629875], [120.339266, 22.629768], [120.339239, 22.630003], [120.339415, 22.629994], [120.33944, 22.630148], [120.339297, 22.630192], [120.339429, 22.630338], [120.339568, 22.630302], [120.339514, 22.630121], [120.338804, 22.630732], [120.338314, 22.630107], [120.337942, 22.630228], [120.338115, 22.630603], [120.338161, 22.630405], [120.338262, 22.630504], [120.338427, 22.630469], [120.338371, 22.630667], [120.338492, 22.630975], [120.338107, 22.631136], [120.33802, 22.631126], [120.337897, 22.630828], [120.33831, 22.630667], [120.338285, 22.630857], [120.33816, 22.630937], [120.337817, 22.630376], [120.337718, 22.630394], [120.33784, 22.630674], [120.337661, 22.630764], [120.337495, 22.630357], [120.337797, 22.63025], [120.337199, 22.630437], [120.33723, 22.630798], [120.337086, 22.630825], [120.337069, 22.630671], [120.33716, 22.631574], [120.337875, 22.631352], [120.337945, 22.631235], [120.337839, 22.631108], [120.337295, 22.631385], [120.33725, 22.63115], [120.337776, 22.630882], [120.337214, 22.631015], [120.337282, 22.630762], [120.337144, 22.63162], [120.338178, 22.631644], [120.338257, 22.631825], [120.338308, 22.631794], [120.338239, 22.631644], [120.338315, 22.631599], [120.338458, 22.631564], [120.338549, 22.631707], [120.339116, 22.631528], [120.339077, 22.631393], [120.338931, 22.631455], [120.339006, 22.631285], [120.338955, 22.631112], [120.338789, 22.631175], [120.339082, 22.63105], [120.339406, 22.631439], [120.339847, 22.631167], [120.340175, 22.631207], [120.340637, 22.631404], [120.342239, 22.631162], [120.34231, 22.631496], [120.34137, 22.631655], [120.34163, 22.631372], [120.341588, 22.63114], [120.342238, 22.631004], [120.342258, 22.631063], [120.342171, 22.630882], [120.341032, 22.631022], [120.341031, 22.630853], [120.341482, 22.630843], [120.341549, 22.631147], [120.341084, 22.631217], [120.340685, 22.631194], [120.340607, 22.631038], [120.340809, 22.630979], [120.341949, 22.631323], [120.341968, 22.631432], [120.342096, 22.631409], [120.342075, 22.631302], [120.338537, 22.630966], [120.335795, 22.630237], [120.335764, 22.62992], [120.335415, 22.630056], [120.335447, 22.630125], [120.335248, 22.630173], [120.335166, 22.630121], [120.334522, 22.63029], [120.334709, 22.630706], [120.334927, 22.630554], [120.334853, 22.630472], [120.334773, 22.630499], [120.335358, 22.630505], [120.335264, 22.63069], [120.333698, 22.631158], [120.333479, 22.630611], [120.333699, 22.63054], [120.333857, 22.630585], [120.33394, 22.630784], [120.333807, 22.630811], [120.333786, 22.63073], [120.333787, 22.63093], [120.333863, 22.630917], [120.3334, 22.631162], [120.333413, 22.631261], [120.330871, 22.632063], [120.330216, 22.630715], [120.330584, 22.630599], [120.330621, 22.630698], [120.330727, 22.630545], [120.331205, 22.630387], [120.331144, 22.630132], [120.331822, 22.629908], [120.331554, 22.629113], [120.330951, 22.629314], [120.330907, 22.62939], [120.331013, 22.629481], [120.331216, 22.629419], [120.331286, 22.629599], [120.331059, 22.629598], [120.3311, 22.629653], [120.330948, 22.629697], [120.330906, 22.629571], [120.331099, 22.630113], [120.330838, 22.630139], [120.330856, 22.63023], [120.330213, 22.630453], [120.330047, 22.630467], [120.329716, 22.62971], [120.330625, 22.629479], [120.330615, 22.629641], [120.330279, 22.629749], [120.330319, 22.629866], [120.330703, 22.629741], [120.330807, 22.630028], [120.33024, 22.630164], [120.330121, 22.629757], [120.330064, 22.629956], [120.330502, 22.62995], [120.330258, 22.630263], [120.330587, 22.630951], [120.330725, 22.630898], [120.330935, 22.631422], [120.330851, 22.631458], [120.330871, 22.631548], [120.331046, 22.631504], [120.331136, 22.631721], [120.331254, 22.631676], [120.331222, 22.631604], [120.331294, 22.631785], [120.331195, 22.631857], [120.331165, 22.631468], [120.331532, 22.631334], [120.331512, 22.631217], [120.331335, 22.631279], [120.331276, 22.630999], [120.331149, 22.631044], [120.331208, 22.631333], [120.331036, 22.631305], [120.330875, 22.630907], [120.33108, 22.630836], [120.331052, 22.630763], [120.330847, 22.630835], [120.331117, 22.630926], [120.331454, 22.63081], [120.331396, 22.630729], [120.331221, 22.630764], [120.331657, 22.63129], [120.331774, 22.631615], [120.331643, 22.63166], [120.331567, 22.63147], [120.331942, 22.631354], [120.331893, 22.631182], [120.332829, 22.630906], [120.332978, 22.631205], [120.332712, 22.631086], [120.332412, 22.631203], [120.332462, 22.631311], [120.332755, 22.631231], [120.332123, 22.631427], [120.332083, 22.63131], [120.33229, 22.631247], [120.332115, 22.631012], [120.332813, 22.630771], [120.332895, 22.630753], [120.332972, 22.630871], [120.333227, 22.630754], [120.333364, 22.631116], [120.332844, 22.629852], [120.331834, 22.63018], [120.332025, 22.631038], [120.332257, 22.630759], [120.332537, 22.630697], [120.332462, 22.630535], [120.33204, 22.630659], [120.332038, 22.630533], [120.332223, 22.63047], [120.332196, 22.630317], [120.332281, 22.63029], [120.33234, 22.630444], [120.332452, 22.630381], [120.332437, 22.630245], [120.332531, 22.630219], [120.332593, 22.630354], [120.332841, 22.630283], [120.332797, 22.630175], [120.332678, 22.63021], [120.332887, 22.629831], [120.33331, 22.630177], [120.334183, 22.630397], [120.334363, 22.630398], [120.334355, 22.630326], [120.33442, 22.630633], [120.335041, 22.628914], [120.33485, 22.627491], [120.333321, 22.627954], [120.333343, 22.628024], [120.333201, 22.628061], [120.333176, 22.627998], [120.333478, 22.628224], [120.333536, 22.628381], [120.333325, 22.628393], [120.333125, 22.628523], [120.332693, 22.628537], [120.332418, 22.628668], [120.332263, 22.628303], [120.331477, 22.628551], [120.331398, 22.628648], [120.330718, 22.628793], [120.329803, 22.629114], [120.32985, 22.629232], [120.330078, 22.62926], [120.331193, 22.628957], [120.331554, 22.629862], [120.331378, 22.629826], [120.331334, 22.629726], [120.331135, 22.629797], [120.331347, 22.629898], [120.332014, 22.631553], [120.330724, 22.631494], [120.330169, 22.629414], [120.330498, 22.629316], [120.329634, 22.629171], [120.32955, 22.629197], [120.32966, 22.629575], [120.329215, 22.629293], [120.331693, 22.628928], [120.33226, 22.628773], [120.33252, 22.629194], [120.332641, 22.62816]]}}, {"type": "Feature", "properties": {"district": "6400800", "segment": 10, "total_segments": 25, "km": 11.68, "villages": ["永康里", "福壽里", "福祥里"]}, "geometry": {"type": "LineString", "coordinates": [[120.331485, 22.62809], [120.330369, 22.628458], [120.330148, 22.628419], [120.330075, 22.62856], [120.329286, 22.628796], [120.329138, 22.628398], [120.331245, 22.627685], [120.331245, 22.627532], [120.331153, 22.627428], [120.329997, 22.627815], [120.329879, 22.627865], [120.32991, 22.627933], [120.329597, 22.627931], [120.329319, 22.628029], [120.329278, 22.627911], [120.330516, 22.627502], [120.330464, 22.627449], [120.330694, 22.627439], [120.330827, 22.627367], [120.330801, 22.627283], [120.330956, 22.62734], [120.331174, 22.62726], [120.331014, 22.627007], [120.329842, 22.627408], [120.329753, 22.627505], [120.329159, 22.627622], [120.329112, 22.627513], [120.329817, 22.627245], [120.329669, 22.62692], [120.3305, 22.626643], [120.330682, 22.626797], [120.330805, 22.626762], [120.330771, 22.626572], [120.330563, 22.626508], [120.3306, 22.626427], [120.330384, 22.626408], [120.329565, 22.626702], [120.329307, 22.626078], [120.32943, 22.626091], [120.329497, 22.625925], [120.329381, 22.62588], [120.329111, 22.626015], [120.329152, 22.626256], [120.329242, 22.626178], [120.328985, 22.626126], [120.329542, 22.625944], [120.329722, 22.626071], [120.329768, 22.626008], [120.330232, 22.626163], [120.330315, 22.626001], [120.329505, 22.625706], [120.329709, 22.625484], [120.330042, 22.625746], [120.33032, 22.625799], [120.330414, 22.62567], [120.330489, 22.625736], [120.330428, 22.625803], [120.330494, 22.625911], [120.330364, 22.62601], [120.330366, 22.626372], [120.329971, 22.626343], [120.329991, 22.626269], [120.329671, 22.626405], [120.329566, 22.626251], [120.329547, 22.626955], [120.328737, 22.627259], [120.328697, 22.627322], [120.328818, 22.627602], [120.328962, 22.627558], [120.328971, 22.627675], [120.328817, 22.62772], [120.328766, 22.627611], [120.329075, 22.627351], [120.329567, 22.627154], [120.329839, 22.627272], [120.331033, 22.626853], [120.331021, 22.626654], [120.331173, 22.626462], [120.331196, 22.626205], [120.331359, 22.626098], [120.330879, 22.625914], [120.33077, 22.625991], [120.33065, 22.625605], [120.330884, 22.624881], [120.33072, 22.624828], [120.330726, 22.624914], [120.330536, 22.625033], [120.330634, 22.625124], [120.330472, 22.625112], [120.330392, 22.62502], [120.33045, 22.624558], [120.329947, 22.625202], [120.330367, 22.625356], [120.330352, 22.625437], [120.330558, 22.625639], [120.330992, 22.624768], [120.330815, 22.624667], [120.330029, 22.625538], [120.330466, 22.62676], [120.330459, 22.626869], [120.330317, 22.626922], [120.330255, 22.626841], [120.330084, 22.626894], [120.330125, 22.626985], [120.329984, 22.627029], [120.329951, 22.62693], [120.329931, 22.627572], [120.330251, 22.627539], [120.330515, 22.628106], [120.329589, 22.628427], [120.329165, 22.628073], [120.329003, 22.628127], [120.329025, 22.627992], [120.32913, 22.627956], [120.327968, 22.627657], [120.33062, 22.628068], [120.331272, 22.627842], [120.331397, 22.627892], [120.332233, 22.625756], [120.329475, 22.626729], [120.327998, 22.627165], [120.327268, 22.627472], [120.327162, 22.627117], [120.327771, 22.626948], [120.328931, 22.626248], [120.328982, 22.626501], [120.32905, 22.626483], [120.32874, 22.626581], [120.328792, 22.626735], [120.328517, 22.626747], [120.3283, 22.626887], [120.328326, 22.626941], [120.328266, 22.626823], [120.327922, 22.627074], [120.327902, 22.627005], [120.327726, 22.627065], [120.327752, 22.627137], [120.327599, 22.627182], [120.327571, 22.627118], [120.327385, 22.627199], [120.327403, 22.627262], [120.327097, 22.626647], [120.32813, 22.626173], [120.328695, 22.625815], [120.328732, 22.625659], [120.328453, 22.625554], [120.327679, 22.626153], [120.326903, 22.626465], [120.326969, 22.626701], [120.326565, 22.625516], [120.326597, 22.624983], [120.328117, 22.625513], [120.328008, 22.625664], [120.326699, 22.625218], [120.326696, 22.625471], [120.326976, 22.626224], [120.327647, 22.625891], [120.327715, 22.625746], [120.327834, 22.625792], [120.326884, 22.625508], [120.327118, 22.626069], [120.326648, 22.625417], [120.328243, 22.625459], [120.328806, 22.625678], [120.329215, 22.626602], [120.328876, 22.626745], [120.328951, 22.62554], [120.329126, 22.625337], [120.328965, 22.625241], [120.328648, 22.625172], [120.328586, 22.625407], [120.328871, 22.625498], [120.328505, 22.625388], [120.329042, 22.624117], [120.330005, 22.624428], [120.329817, 22.624632], [120.329734, 22.624469], [120.329265, 22.624388], [120.329289, 22.624327], [120.329138, 22.624289], [120.329105, 22.624388], [120.329151, 22.624253], [120.329092, 22.624533], [120.329634, 22.624716], [120.329508, 22.624914], [120.328978, 22.624704], [120.329049, 22.624524], [120.328934, 22.62493], [120.329221, 22.624997], [120.32937, 22.625121], [120.32927, 22.625238], [120.32885, 22.625057], [120.328896, 22.62492], [120.329398, 22.625085], [120.32966, 22.624689], [120.329815, 22.624084], [120.330122, 22.624187], [120.330248, 22.624042], [120.330253, 22.623888], [120.330544, 22.623555], [120.330081, 22.623383], [120.330009, 22.623451], [120.329461, 22.623276], [120.32938, 22.623324], [120.329185, 22.623883], [120.329542, 22.623988], [120.329541, 22.62383], [120.329609, 22.623834], [120.329659, 22.623704], [120.329599, 22.623668], [120.329563, 22.623767], [120.329696, 22.623885], [120.329896, 22.623499], [120.329998, 22.623534], [120.329957, 22.623652], [120.330018, 22.623697], [120.33013, 22.623752], [120.330187, 22.623598], [120.330338, 22.623725], [120.330089, 22.623833], [120.33002, 22.623995], [120.329833, 22.623931], [120.329894, 22.623769], [120.329682, 22.62356], [120.32973, 22.623452], [120.329639, 22.62355], [120.329465, 22.623424], [120.329343, 22.623757], [120.329103, 22.623872], [120.329478, 22.622999], [120.329884, 22.623154], [120.329978, 22.623177], [120.329973, 22.623088], [120.330535, 22.623259], [120.330503, 22.623347], [120.330086, 22.623228], [120.330033, 22.623489], [120.32988, 22.623019], [120.329516, 22.622919], [120.329624, 22.622657], [120.330633, 22.623029], [120.330582, 22.623124], [120.32966, 22.622792], [120.329824, 22.622413], [120.330607, 22.62267], [120.330807, 22.623039], [120.330614, 22.623404], [120.328845, 22.622265], [120.326947, 22.62409]]}}, {"type": "Feature", "properties": {"district": "6400800", "segment": 11, "total_segments": 25, "km": 14.16, "villages": ["福西里", "福東里", "福居里"]}, "geometry": {"type": "LineString", "coordinates": [[120.330654, 22.624355], [120.330969, 22.624017], [120.330921, 22.62389], [120.330986, 22.623809], [120.331282, 22.624018], [120.331291, 22.624109], [120.33146, 22.624154], [120.331411, 22.624269], [120.331539, 22.624335], [120.331493, 22.624462], [120.331389, 22.624647], [120.330852, 22.624423], [120.331054, 22.624277], [120.33125, 22.624439], [120.331329, 22.624248], [120.331009, 22.624164], [120.331307, 22.623892], [120.331659, 22.624065], [120.331864, 22.623668], [120.331918, 22.623511], [120.331791, 22.623549], [120.331288, 22.623314], [120.331124, 22.62358], [120.331625, 22.623713], [120.331562, 22.623825], [120.331044, 22.623719], [120.331281, 22.623865], [120.331421, 22.623529], [120.331353, 22.623504], [120.3315, 22.623563], [120.33161, 22.623297], [120.331306, 22.623224], [120.331378, 22.623034], [120.331556, 22.623089], [120.331683, 22.623325], [120.331893, 22.623389], [120.331969, 22.623308], [120.331832, 22.623226], [120.332185, 22.623263], [120.332584, 22.623426], [120.332756, 22.623634], [120.332899, 22.623602], [120.332965, 22.623729], [120.333124, 22.623777], [120.333154, 22.623672], [120.333051, 22.623638], [120.333045, 22.624052], [120.332908, 22.624179], [120.332001, 22.623841], [120.3321, 22.62357], [120.33223, 22.623504], [120.332493, 22.623595], [120.332447, 22.623725], [120.33229, 22.623697], [120.332225, 22.623769], [120.332321, 22.623806], [120.332123, 22.623733], [120.331937, 22.624283], [120.331843, 22.624255], [120.331933, 22.623994], [120.332166, 22.624103], [120.332073, 22.624379], [120.332615, 22.624521], [120.332608, 22.624457], [120.332217, 22.624316], [120.332275, 22.62414], [120.332804, 22.624268], [120.332784, 22.62435], [120.332443, 22.624258], [120.332212, 22.624103], [120.3326, 22.623933], [120.332653, 22.623762], [120.332573, 22.623849], [120.332769, 22.623925], [120.332742, 22.624024], [120.332814, 22.623835], [120.333328, 22.623733], [120.333058, 22.624522], [120.33318, 22.62456], [120.332672, 22.624467], [120.332436, 22.624646], [120.332231, 22.624555], [120.332134, 22.624663], [120.332311, 22.624826], [120.332209, 22.624898], [120.331889, 22.624572], [120.331886, 22.624472], [120.332094, 22.624636], [120.331937, 22.624789], [120.331633, 22.624706], [120.331742, 22.624625], [120.33203, 22.624852], [120.332011, 22.625056], [120.331894, 22.625027], [120.331833, 22.625184], [120.331925, 22.625322], [120.331681, 22.625603], [120.332124, 22.625183], [120.332098, 22.625078], [120.332584, 22.625263], [120.33254, 22.625356], [120.332627, 22.624988], [120.332469, 22.624931], [120.332558, 22.624795], [120.333763, 22.625148], [120.333712, 22.62532], [120.333256, 22.625155], [120.333208, 22.625236], [120.333679, 22.625401], [120.33285, 22.625099], [120.333055, 22.62588], [120.333685, 22.624732], [120.33454, 22.626088], [120.331837, 22.624454], [120.331783, 22.624436], [120.331726, 22.624562], [120.331593, 22.624214], [120.331646, 22.624101], [120.33224, 22.622963], [120.332776, 22.623183], [120.332975, 22.623167], [120.333038, 22.623041], [120.333164, 22.62306], [120.333279, 22.623196], [120.333443, 22.622835], [120.333507, 22.622844], [120.3332, 22.622706], [120.333309, 22.62241], [120.33338, 22.622392], [120.333728, 22.622782], [120.333587, 22.623161], [120.333524, 22.623152], [120.333702, 22.623179], [120.333633, 22.623396], [120.333486, 22.623413], [120.333447, 22.62335], [120.333389, 22.623404], [120.332974, 22.623222], [120.332822, 22.622925], [120.33293, 22.622744], [120.332871, 22.622462], [120.332705, 22.622478], [120.332554, 22.622604], [120.333566, 22.622272], [120.333812, 22.62261], [120.333894, 22.622397], [120.334204, 22.622333], [120.334459, 22.622614], [120.334686, 22.622587], [120.334715, 22.622705], [120.335011, 22.622733], [120.335125, 22.622192], [120.335072, 22.622055], [120.335733, 22.622068], [120.335751, 22.621905], [120.335587, 22.621848], [120.335575, 22.621924], [120.335371, 22.621902], [120.335485, 22.621713], [120.335107, 22.621436], [120.334853, 22.621829], [120.335165, 22.621515], [120.335295, 22.621633], [120.334866, 22.622011], [120.334694, 22.621845], [120.334694, 22.621711], [120.335019, 22.621411], [120.334624, 22.621124], [120.334323, 22.621354], [120.334539, 22.621521], [120.334761, 22.621295], [120.334851, 22.621383], [120.334769, 22.621504], [120.334649, 22.621621], [120.334491, 22.621313], [120.33379, 22.621874], [120.333462, 22.622212], [120.333541, 22.622351], [120.333429, 22.622664], [120.333481, 22.622682], [120.333165, 22.622785], [120.333116, 22.622902], [120.333703, 22.62345], [120.334314, 22.623516], [120.334512, 22.623336], [120.334387, 22.622928], [120.334113, 22.622984], [120.333945, 22.622819], [120.334145, 22.622644], [120.334156, 22.622192], [120.33434, 22.622048], [120.334127, 22.621892], [120.334267, 22.621776], [120.334816, 22.622206], [120.334885, 22.62206], [120.335374, 22.622265], [120.33527, 22.622789], [120.335511, 22.622817], [120.335556, 22.622447], [120.335666, 22.622474], [120.335596, 22.623512], [120.33552, 22.623638], [120.335619, 22.623713], [120.335103, 22.623646], [120.335291, 22.622996], [120.335649, 22.623034], [120.335226, 22.622987], [120.335672, 22.622429], [120.335699, 22.622203], [120.335581, 22.622198], [120.335559, 22.622295], [120.335837, 22.621734], [120.33586, 22.621536], [120.33552, 22.62149], [120.335559, 22.621327], [120.335773, 22.621346], [120.335812, 22.62121], [120.335146, 22.621135], [120.335118, 22.621036], [120.335916, 22.621088], [120.335924, 22.621381], [120.335944, 22.62075], [120.335743, 22.620725], [120.335735, 22.62084], [120.33516, 22.620774], [120.335146, 22.620892], [120.335826, 22.620967], [120.335835, 22.620858], [120.335583, 22.620694], [120.335453, 22.621308], [120.335066, 22.621252], [120.335523, 22.621318], [120.336065, 22.623718], [120.335004, 22.621189], [120.334664, 22.620899], [120.334734, 22.620601], [120.334878, 22.620605], [120.334814, 22.620845], [120.334998, 22.6209], [120.334961, 22.620999], [120.335086, 22.620494], [120.334411, 22.620419], [120.334503, 22.620356], [120.334389, 22.62031], [120.33432, 22.620428], [120.334333, 22.620075], [120.336007, 22.620281], [120.336015, 22.6202], [120.33441, 22.619941], [120.334301, 22.619995], [120.334402, 22.619319], [120.335269, 22.619438], [120.335248, 22.619339], [120.334411, 22.619245], [120.334476, 22.618757], [120.335334, 22.618842], [120.335352, 22.618734], [120.3345, 22.61864], [120.334568, 22.618378], [120.335391, 22.618472], [120.335513, 22.618319], [120.334645, 22.618162], [120.334625, 22.618234], [120.33481, 22.616578], [120.335629, 22.616685], [120.33563, 22.616793], [120.334972, 22.616691], [120.3349, 22.617079], [120.335574, 22.617154], [120.335589, 22.617046], [120.335015, 22.616999], [120.335025, 22.617378], [120.334873, 22.617359], [120.334858, 22.617477], [120.336337, 22.61769], [120.336424, 22.61747], [120.336283, 22.617295], [120.336358, 22.61694], [120.336495, 22.616642], [120.336792, 22.616715], [120.336825, 22.616547], [120.336662, 22.617615], [120.336349, 22.61779], [120.336325, 22.618395], [120.335669, 22.618347], [120.335705, 22.618148], [120.334789, 22.618048], [120.334817, 22.617829], [120.336162, 22.618078], [120.336139, 22.618195], [120.335804, 22.618158], [120.335817, 22.617733], [120.334835, 22.617648], [120.335062, 22.617387], [120.335541, 22.617443], [120.335881, 22.617743], [120.336247, 22.61778], [120.336575, 22.618157], [120.336567, 22.618416], [120.336476, 22.618886], [120.336074, 22.618583], [120.335322, 22.619059], [120.334587, 22.618957], [120.334572, 22.619047], [120.335311, 22.619131], [120.335246, 22.619641], [120.334506, 22.619532], [120.334521, 22.619661], [120.335789, 22.619774], [120.336036, 22.619821], [120.3361, 22.619929], [120.336056, 22.620046], [120.334449, 22.619868], [120.334482, 22.619661], [120.334671, 22.620277], [120.334669, 22.620339], [120.334526, 22.62032], [120.334783, 22.62029], [120.334878, 22.620398], [120.335132, 22.620386], [120.335121, 22.620494], [120.335242, 22.620458], [120.335242, 22.62054], [120.335989, 22.620624], [120.336029, 22.620344], [120.335234, 22.620278], [120.33533, 22.619809], [120.335986, 22.619874], [120.336129, 22.619801], [120.335296, 22.61979], [120.336169, 22.616561], [120.335776, 22.616454]]}}, {"type": "Feature", "properties": {"district": "6400800", "segment": 12, "total_segments": 25, "km": 10.11, "villages": ["福地里", "福人里", "福海里"]}, "geometry": {"type": "LineString", "coordinates": [[120.33434, 22.618585], [120.334326, 22.618683], [120.334246, 22.6187], [120.333257, 22.618587], [120.33325, 22.618689], [120.334313, 22.618819], [120.334299, 22.618938], [120.333265, 22.618802], [120.333189, 22.618915], [120.334262, 22.619027], [120.334229, 22.61919], [120.333197, 22.619055], [120.333232, 22.619177], [120.334216, 22.61928], [120.334201, 22.619452], [120.333315, 22.619324], [120.333122, 22.619411], [120.333156, 22.619167], [120.333014, 22.619076], [120.332638, 22.61903], [120.332672, 22.618976], [120.333019, 22.619013], [120.333046, 22.618842], [120.332942, 22.618733], [120.332777, 22.618787], [120.332234, 22.618712], [120.332224, 22.618766], [120.332202, 22.61901], [120.332535, 22.618966], [120.332598, 22.619224], [120.332976, 22.619267], [120.332962, 22.619459], [120.332238, 22.619377], [120.332217, 22.619523], [120.333086, 22.61964], [120.333117, 22.619445], [120.334213, 22.619531], [120.334192, 22.619713], [120.333242, 22.619589], [120.333231, 22.619755], [120.333073, 22.619736], [120.333077, 22.619673], [120.33308, 22.619905], [120.333228, 22.619845], [120.333988, 22.619938], [120.333973, 22.619812], [120.334185, 22.619866], [120.3342, 22.619796], [120.334132, 22.620264], [120.333041, 22.620097], [120.333102, 22.620237], [120.333034, 22.620686], [120.333145, 22.620603], [120.33319, 22.620269], [120.333366, 22.620273], [120.333273, 22.620596], [120.333439, 22.620472], [120.333463, 22.620307], [120.334105, 22.620395], [120.333937, 22.619803], [120.333308, 22.619737], [120.332907, 22.619814], [120.331942, 22.619713], [120.33214, 22.618323], [120.333097, 22.618436], [120.33307, 22.618643], [120.332991, 22.618661], [120.332933, 22.618588], [120.332243, 22.618522], [120.332256, 22.619164], [120.332461, 22.619212], [120.33321, 22.61868], [120.333245, 22.618472], [120.334245, 22.618593], [120.334321, 22.618772], [120.332864, 22.620069], [120.332125, 22.619967], [120.331918, 22.619858], [120.331936, 22.619749], [120.331913, 22.620092], [120.331673, 22.622024], [120.331825, 22.622078], [120.332376, 22.622578], [120.332289, 22.622667], [120.331769, 22.62221], [120.331643, 22.622301], [120.331595, 22.622471], [120.331731, 22.622409], [120.331906, 22.622533], [120.331866, 22.622601], [120.331775, 22.622542], [120.331981, 22.622612], [120.331885, 22.622812], [120.331509, 22.62264], [120.332094, 22.622893], [120.33218, 22.622705], [120.332557, 22.622388], [120.3325, 22.622336], [120.332422, 22.622394], [120.332327, 22.622303], [120.332501, 22.622181], [120.332423, 22.622112], [120.332259, 22.622131], [120.33196, 22.621869], [120.331919, 22.621917], [120.332215, 22.622183], [120.332391, 22.622006], [120.332093, 22.621743], [120.332115, 22.621675], [120.332581, 22.622101], [120.332765, 22.62196], [120.3323, 22.621463], [120.332347, 22.621423], [120.332911, 22.622021], [120.332857, 22.62206], [120.332787, 22.621986], [120.332932, 22.622159], [120.332838, 22.622237], [120.332907, 22.622279], [120.333177, 22.621954], [120.333054, 22.621815], [120.333133, 22.621713], [120.332673, 22.621206], [120.332825, 22.62099], [120.332932, 22.621089], [120.332854, 22.621154], [120.333021, 22.621148], [120.333488, 22.621592], [120.333318, 22.621703], [120.333254, 22.621628], [120.333315, 22.62158], [120.333667, 22.621749], [120.33336, 22.621962], [120.33321, 22.6218], [120.333293, 22.622124], [120.333237, 22.622211], [120.333091, 22.622324], [120.332736, 22.622325], [120.332636, 22.622415], [120.332896, 22.621696], [120.332409, 22.621241], [120.331846, 22.621163], [120.331841, 22.621226], [120.332294, 22.621296], [120.332105, 22.621473], [120.331876, 22.621436], [120.332042, 22.621395], [120.332049, 22.621577], [120.331813, 22.621586], [120.331963, 22.621684], [120.331785, 22.621769], [120.331903, 22.621007], [120.332509, 22.621083], [120.332516, 22.621023], [120.332621, 22.621029], [120.331909, 22.620942], [120.331946, 22.620768], [120.332728, 22.620864], [120.332818, 22.620798], [120.331961, 22.620701], [120.332077, 22.620546], [120.332858, 22.620627], [120.33284, 22.620473], [120.332126, 22.620395], [120.332172, 22.620121], [120.332908, 22.620239], [120.3336, 22.6205], [120.3339, 22.620772], [120.33395, 22.620722], [120.333675, 22.620476], [120.333908, 22.620494], [120.334469, 22.620961], [120.33435, 22.621083], [120.334007, 22.620781], [120.333958, 22.620829], [120.334292, 22.621142], [120.333848, 22.62163], [120.333351, 22.621218], [120.333633, 22.621084], [120.333886, 22.621297], [120.333926, 22.621215], [120.334031, 22.621265], [120.334141, 22.621189], [120.333772, 22.62086], [120.333686, 22.620975], [120.333893, 22.621191], [120.333613, 22.620948], [120.332131, 22.620115], [120.331136, 22.621635], [120.330347, 22.62118], [120.330369, 22.620999], [120.330212, 22.621006], [120.330199, 22.621113], [120.330137, 22.621], [120.329572, 22.620931], [120.32951, 22.621043], [120.329322, 22.620979], [120.329141, 22.621588], [120.329929, 22.621859], [120.329985, 22.621942], [120.330167, 22.621524], [120.330223, 22.621578], [120.330112, 22.621863], [120.329296, 22.62157], [120.329357, 22.621407], [120.330024, 22.621623], [120.33005, 22.621558], [120.329384, 22.621341], [120.32942, 22.62122], [120.330087, 22.621448], [120.330206, 22.621455], [120.330315, 22.621314], [120.329547, 22.621056], [120.329218, 22.62186], [120.331317, 22.622575], [120.33139, 22.622455], [120.331203, 22.622329], [120.330721, 22.622238], [120.330786, 22.622102], [120.330683, 22.622065], [120.330618, 22.622202], [120.330586, 22.622038], [120.330722, 22.621849], [120.33145, 22.622265], [120.331425, 22.622165], [120.330576, 22.621678], [120.330387, 22.621575], [120.330345, 22.621641], [120.330685, 22.621827], [120.330888, 22.621586], [120.330513, 22.621374], [120.331492, 22.621926], [120.331482, 22.622004], [120.331493, 22.621837], [120.331173, 22.621656], [120.330328, 22.62182], [120.330248, 22.622036], [120.329041, 22.621787]]}}, {"type": "Feature", "properties": {"district": "6400800", "segment": 13, "total_segments": 25, "km": 11.11, "villages": ["福康里", "福隆里"]}, "geometry": {"type": "LineString", "coordinates": [[120.329345, 22.620831], [120.329354, 22.620759], [120.329471, 22.620749], [120.330289, 22.620849], [120.330303, 22.620768], [120.329362, 22.620636], [120.329566, 22.619192], [120.329688, 22.619186], [120.330552, 22.619287], [120.330597, 22.619354], [120.330374, 22.620952], [120.330546, 22.620971], [120.330601, 22.62063], [120.331482, 22.620726], [120.331494, 22.62064], [120.330541, 22.620454], [120.330559, 22.62033], [120.331531, 22.620438], [120.331542, 22.620361], [120.330897, 22.620284], [120.330671, 22.620169], [120.330732, 22.619941], [120.331696, 22.620039], [120.331775, 22.619458], [120.330749, 22.61932], [120.330648, 22.619702], [120.3316, 22.619863], [120.331473, 22.619804], [120.331506, 22.619641], [120.331613, 22.619654], [120.331624, 22.619581], [120.330819, 22.619494], [120.330807, 22.619557], [120.33147, 22.619637], [120.331618, 22.619116], [120.331493, 22.620184], [120.330925, 22.620113], [120.330719, 22.619833], [120.330623, 22.619909], [120.330634, 22.619757], [120.330243, 22.619703], [120.330224, 22.619636], [120.330438, 22.619661], [120.330456, 22.619521], [120.330243, 22.619487], [120.330254, 22.619418], [120.329662, 22.61935], [120.32965, 22.619417], [120.329941, 22.619456], [120.329919, 22.619588], [120.32963, 22.619569], [120.329624, 22.619633], [120.3299, 22.619671], [120.329878, 22.619797], [120.3296, 22.619767], [120.329591, 22.619835], [120.329881, 22.619872], [120.329788, 22.619999], [120.329573, 22.619975], [120.329564, 22.620045], [120.329851, 22.620081], [120.329828, 22.620216], [120.329543, 22.620189], [120.329533, 22.620258], [120.329816, 22.620295], [120.329795, 22.620428], [120.329511, 22.620399], [120.329504, 22.620467], [120.330313, 22.620562], [120.330319, 22.620498], [120.330032, 22.620455], [120.33005, 22.620319], [120.330337, 22.620357], [120.330347, 22.620286], [120.330057, 22.620247], [120.330079, 22.620108], [120.330368, 22.620146], [120.330379, 22.62007], [120.330089, 22.620034], [120.330108, 22.619898], [120.330397, 22.619935], [120.330415, 22.619867], [120.330126, 22.619785], [120.330167, 22.619483], [120.330432, 22.619439], [120.330775, 22.618314], [120.33153, 22.620189], [120.331678, 22.620234], [120.331623, 22.620646], [120.331531, 22.620644], [120.331597, 22.620753], [120.33152, 22.621604], [120.331328, 22.621245], [120.330795, 22.621185], [120.33083, 22.621059], [120.330715, 22.621039], [120.331369, 22.621123], [120.33099, 22.62082], [120.330787, 22.620792], [120.33054, 22.62101], [120.330504, 22.621144], [120.329189, 22.620912], [120.329271, 22.620254], [120.328236, 22.620127], [120.328316, 22.62006], [120.329218, 22.620161], [120.329307, 22.620142], [120.32932, 22.62002], [120.328236, 22.619911], [120.32822, 22.620024], [120.328032, 22.619997], [120.327959, 22.620498], [120.327678, 22.620406], [120.327772, 22.619789], [120.327662, 22.619775], [120.327532, 22.620321], [120.327172, 22.620227], [120.327211, 22.619606], [120.328071, 22.619722], [120.328036, 22.619963], [120.328258, 22.619753], [120.328292, 22.619472], [120.328712, 22.619493], [120.329249, 22.619585], [120.329178, 22.619667], [120.328389, 22.61959], [120.328426, 22.619798], [120.329317, 22.619914], [120.329386, 22.619493], [120.329368, 22.619179], [120.328419, 22.619037], [120.328332, 22.619093], [120.3283, 22.619391], [120.328123, 22.619328], [120.328167, 22.618967], [120.327423, 22.618886], [120.32741, 22.619023], [120.327994, 22.61909], [120.327956, 22.619292], [120.327377, 22.619223], [120.327366, 22.619345], [120.328097, 22.619434], [120.328064, 22.619607], [120.327194, 22.619486], [120.327193, 22.619326], [120.32732, 22.619338], [120.327215, 22.619218], [120.327285, 22.618667], [120.328314, 22.618789], [120.328331, 22.618694], [120.327296, 22.618566], [120.327326, 22.618367], [120.328366, 22.618519], [120.328336, 22.618374], [120.327367, 22.618261], [120.327468, 22.617703], [120.328438, 22.617871], [120.328387, 22.61806], [120.327594, 22.617975], [120.327584, 22.618113], [120.328365, 22.618199], [120.328527, 22.619252], [120.329269, 22.619341], [120.32935, 22.618957], [120.330415, 22.619023], [120.329189, 22.620376], [120.328217, 22.620295], [120.328192, 22.620226], [120.328203, 22.620372], [120.329104, 22.620478], [120.329082, 22.620644], [120.328163, 22.620519], [120.328152, 22.620591], [120.329073, 22.6209], [120.329001, 22.621013], [120.328548, 22.620866], [120.328652, 22.621058], [120.328618, 22.621153], [120.328741, 22.621217], [120.328783, 22.621113], [120.328703, 22.621356], [120.328844, 22.621401], [120.328803, 22.621505], [120.328593, 22.621436], [120.328666, 22.621346], [120.328937, 22.621545], [120.328867, 22.621755], [120.326762, 22.62106], [120.327062, 22.620361], [120.327412, 22.620476], [120.327263, 22.620572], [120.327102, 22.621007], [120.326977, 22.62097], [120.327163, 22.6205], [120.327497, 22.620686], [120.327416, 22.620891], [120.327773, 22.620994], [120.327673, 22.621244], [120.327883, 22.620742], [120.328265, 22.620854], [120.328727, 22.620664], [120.329112, 22.620717], [120.329122, 22.620645], [120.329135, 22.621111], [120.328988, 22.621463], [120.327484, 22.619958], [120.327363, 22.619943], [120.327381, 22.619839], [120.32749, 22.619852], [120.328428, 22.634411]]}}, {"type": "Feature", "properties": {"district": "6400800", "segment": 14, "total_segments": 25, "km": 9.94, "villages": ["朝陽里", "林靖里", "林德里"]}, "geometry": {"type": "LineString", "coordinates": [[120.32666, 22.621025], [120.325498, 22.620641], [120.325621, 22.620559], [120.325803, 22.620062], [120.325917, 22.620098], [120.325719, 22.620587], [120.32588, 22.620641], [120.326111, 22.620045], [120.325953, 22.62], [120.32593, 22.620065], [120.325792, 22.619933], [120.325825, 22.619807], [120.325949, 22.619788], [120.326134, 22.619916], [120.32608, 22.619825], [120.326129, 22.619642], [120.325906, 22.619616], [120.325995, 22.619416], [120.326836, 22.619505], [120.326762, 22.619385], [120.326031, 22.61931], [120.326079, 22.619163], [120.32681, 22.619226], [120.326831, 22.619106], [120.32616, 22.619039], [120.32618, 22.6189], [120.327002, 22.618955], [120.327038, 22.619148], [120.326896, 22.61911], [120.32702, 22.619292], [120.32701, 22.619737], [120.326197, 22.619653], [120.326229, 22.619788], [120.326998, 22.619859], [120.326955, 22.620166], [120.326324, 22.619988], [120.326278, 22.620101], [120.32667, 22.620234], [120.326436, 22.620831], [120.326526, 22.620852], [120.326756, 22.620252], [120.326918, 22.620335], [120.326694, 22.620909], [120.326277, 22.620745], [120.326452, 22.620287], [120.326329, 22.620248], [120.326156, 22.62071], [120.325965, 22.620672], [120.326197, 22.620074], [120.327027, 22.62035], [120.327019, 22.618842], [120.326242, 22.618742], [120.326322, 22.618555], [120.326922, 22.618625], [120.326955, 22.618514], [120.326375, 22.618458], [120.326481, 22.618297], [120.32687, 22.618311], [120.32689, 22.618186], [120.32652, 22.618144], [120.326696, 22.618034], [120.326671, 22.617883], [120.327216, 22.617974], [120.32725, 22.617723], [120.326712, 22.617733], [120.32688, 22.617476], [120.326964, 22.618186], [120.327185, 22.618197], [120.327095, 22.618793], [120.326992, 22.618518], [120.326897, 22.621498], [120.327191, 22.621512], [120.327599, 22.621661], [120.327573, 22.621753], [120.327529, 22.62185], [120.327131, 22.621702], [120.326936, 22.622194], [120.32688, 22.622186], [120.326974, 22.621924], [120.326611, 22.621831], [120.326653, 22.621732], [120.326888, 22.621814], [120.327009, 22.621776], [120.327215, 22.621924], [120.327443, 22.621925], [120.327281, 22.622295], [120.327154, 22.622267], [120.327286, 22.62203], [120.327119, 22.62205], [120.327082, 22.622158], [120.326527, 22.622057], [120.326203, 22.62294], [120.326618, 22.623075], [120.326689, 22.622735], [120.327127, 22.622849], [120.326991, 22.623158], [120.326636, 22.62272], [120.326492, 22.622717], [120.32567, 22.623417], [120.325623, 22.62376], [120.325543, 22.623732], [120.325421, 22.623885], [120.325773, 22.624013], [120.325799, 22.62395], [120.325808, 22.624051], [120.326557, 22.624306], [120.326606, 22.624089], [120.326084, 22.623903], [120.325916, 22.624258], [120.326479, 22.624459], [120.326377, 22.624648], [120.325614, 22.624392], [120.325736, 22.624203], [120.326507, 22.624423], [120.32644, 22.624677], [120.326646, 22.624071], [120.325472, 22.623533], [120.325438, 22.623335], [120.325225, 22.623243], [120.3249, 22.623143], [120.324763, 22.623494], [120.325094, 22.623586], [120.325163, 22.623388], [120.324992, 22.623775], [120.325277, 22.62384], [120.324977, 22.623998], [120.324879, 22.624145], [120.324475, 22.624008], [120.324704, 22.623876], [120.325928, 22.621616], [120.324453, 22.62211], [120.323907, 22.62195], [120.323925, 22.622217], [120.324039, 22.622263], [120.323579, 22.622108], [120.323539, 22.621882], [120.323089, 22.621735], [120.322972, 22.621915], [120.323149, 22.62197], [120.323065, 22.62216], [120.323638, 22.622343], [120.32355, 22.622577], [120.322815, 22.622343], [120.322811, 22.622493], [120.322633, 22.622806], [120.323266, 22.622955], [120.323346, 22.623051], [120.324036, 22.623267], [120.324012, 22.623401], [120.323792, 22.623761], [120.322844, 22.623456], [120.322988, 22.623304], [120.32306, 22.623326], [120.322993, 22.623094], [120.322821, 22.623053], [120.322808, 22.623203], [120.322555, 22.623341], [120.323077, 22.622665], [120.323435, 22.622769], [120.322939, 22.622535], [120.322973, 22.622099], [120.322511, 22.621945], [120.322391, 22.622234], [120.322193, 22.622106], [120.321499, 22.621934], [120.321439, 22.621732], [120.321498, 22.6216], [120.322268, 22.621916], [120.322524, 22.621909], [120.32249, 22.62177], [120.321843, 22.62154], [120.321782, 22.621434], [120.321733, 22.621515], [120.321556, 22.621452], [120.321658, 22.621196], [120.321845, 22.621254], [120.321869, 22.621333], [120.321986, 22.621294], [120.322179, 22.621368], [120.322316, 22.621565], [120.322635, 22.621697], [120.322611, 22.621777], [120.322469, 22.621507], [120.32255, 22.621299], [120.322763, 22.621368], [120.32283, 22.621218], [120.322113, 22.620943], [120.322138, 22.62087], [120.322807, 22.621095], [120.322904, 22.621006], [120.322858, 22.620967], [120.322392, 22.620806], [120.322451, 22.620709], [120.322921, 22.620868], [120.322962, 22.620755], [120.321951, 22.620437], [120.322002, 22.62035], [120.322996, 22.620672], [120.323037, 22.620572], [120.32204, 22.62025], [120.32221, 22.62019], [120.323075, 22.620473], [120.322399, 22.620693], [120.321932, 22.620536], [120.321732, 22.621001], [120.321943, 22.621068], [120.32193, 22.620814], [120.321994, 22.620835], [120.322039, 22.621133], [120.322504, 22.62128], [120.321843, 22.621806], [120.321508, 22.622197], [120.321331, 22.622078], [120.321041, 22.622837], [120.321329, 22.622936], [120.321999, 22.622491], [120.323648, 22.621927], [120.324483, 22.622219], [120.324082, 22.622543], [120.324043, 22.622718], [120.324166, 22.62062]]}}, {"type": "Feature", "properties": {"district": "6400800", "segment": 15, "total_segments": 25, "km": 11.3, "villages": ["林南里", "林泉里", "林中里"]}, "geometry": {"type": "LineString", "coordinates": [[120.320264, 22.623855], [120.319892, 22.624798], [120.319639, 22.624686], [120.319773, 22.624358], [120.319849, 22.624431], [120.3199, 22.624296], [120.319812, 22.62425], [120.319974, 22.623817], [120.32022, 22.623845], [120.319927, 22.624196], [120.319264, 22.623966], [120.319227, 22.62408], [120.319537, 22.624186], [120.319427, 22.624446], [120.318932, 22.624283], [120.318888, 22.624397], [120.318989, 22.624433], [120.319383, 22.624556], [120.318718, 22.624149], [120.318429, 22.624056], [120.31846, 22.623943], [120.318764, 22.62404], [120.318865, 22.623777], [120.318562, 22.623682], [120.318609, 22.623564], [120.31892, 22.623664], [120.319022, 22.623442], [120.318001, 22.623081], [120.317895, 22.623574], [120.318251, 22.62367], [120.318386, 22.623376], [120.318175, 22.623846], [120.31795, 22.623708], [120.318088, 22.623949], [120.31799, 22.624073], [120.318089, 22.624104], [120.317392, 22.62389], [120.317503, 22.623572], [120.317245, 22.623517], [120.317499, 22.622906], [120.316804, 22.622657], [120.316531, 22.622638], [120.316437, 22.622553], [120.316318, 22.622585], [120.316356, 22.622511], [120.316311, 22.622784], [120.316006, 22.623466], [120.31624, 22.623552], [120.316419, 22.623182], [120.316583, 22.623279], [120.316467, 22.623645], [120.317102, 22.623877], [120.317227, 22.623553], [120.316991, 22.623492], [120.316956, 22.623589], [120.317192, 22.622984], [120.317013, 22.622898], [120.316738, 22.623541], [120.316605, 22.623234], [120.316758, 22.622817], [120.316552, 22.622825], [120.31658, 22.622751], [120.317367, 22.622527], [120.317635, 22.623264], [120.319074, 22.623455], [120.319709, 22.623686], [120.319679, 22.623794], [120.31919, 22.623643], [120.319278, 22.62329], [120.320001, 22.623555], [120.320196, 22.623567], [120.320227, 22.623421], [120.320436, 22.623476], [120.320373, 22.623638], [120.320605, 22.623016], [120.319346, 22.622632], [120.319408, 22.622731], [120.319229, 22.623101], [120.320069, 22.623375], [120.3202, 22.623186], [120.319097, 22.622802], [120.319241, 22.622586], [120.318093, 22.62222], [120.317841, 22.62249], [120.317748, 22.622742], [120.318288, 22.622997], [120.319192, 22.623262], [120.319021, 22.623], [120.319051, 22.622919], [120.318982, 22.622982], [120.318064, 22.622671], [120.318142, 22.6225], [120.318201, 22.622527], [120.317702, 22.622404], [120.31778, 22.622063], [120.316633, 22.621732], [120.316418, 22.622355], [120.316705, 22.622467], [120.316897, 22.621998], [120.317066, 22.62208], [120.316905, 22.62254], [120.317133, 22.622602], [120.317301, 22.62218], [120.317473, 22.622262], [120.317413, 22.622398], [120.317585, 22.62257], [120.317511, 22.622163], [120.317091, 22.622017], [120.316666, 22.621669], [120.316852, 22.622521], [120.318719, 22.622692], [120.320331, 22.623232], [120.320394, 22.622636], [120.319505, 22.622343], [120.319661, 22.621928], [120.320729, 22.622303], [120.32075, 22.622181], [120.319698, 22.621811], [120.320146, 22.620657], [120.32071, 22.620885], [120.320625, 22.621048], [120.320843, 22.621139], [120.320751, 22.621365], [120.320659, 22.621316], [120.320627, 22.621442], [120.32092, 22.621551], [120.32091, 22.621709], [120.320107, 22.621468], [120.320052, 22.621603], [120.321007, 22.621922], [120.320984, 22.622019], [120.320893, 22.621998], [120.320903, 22.622214], [120.320669, 22.62271], [120.320556, 22.622357], [120.320407, 22.622383], [120.319692, 22.622154], [120.319664, 22.622236], [120.320118, 22.622373], [120.320319, 22.621851], [120.320583, 22.62194], [120.3199, 22.621719], [120.319953, 22.621569], [120.320019, 22.621592], [120.319923, 22.621391], [120.320056, 22.621293], [120.320299, 22.621347], [120.320356, 22.621218], [120.320495, 22.621273], [120.320482, 22.621384], [120.320194, 22.62117], [120.320175, 22.621019], [120.320279, 22.620965], [120.320512, 22.621029], [120.32087, 22.621386], [120.321179, 22.621483], [120.321061, 22.62179], [120.321284, 22.621231], [120.319888, 22.62086], [120.319941, 22.620674], [120.319737, 22.620558], [120.319672, 22.620597], [120.319752, 22.620689], [120.319674, 22.620845], [120.318907, 22.620553], [120.318931, 22.620769], [120.319777, 22.62108], [120.319811, 22.620999], [120.319516, 22.621756], [120.318319, 22.621318], [120.318145, 22.621868], [120.319334, 22.622288], [120.319474, 22.621874], [120.319316, 22.62189], [120.319222, 22.622157], [120.318631, 22.621947], [120.318738, 22.621654], [120.319266, 22.621809], [120.319238, 22.621872], [120.319109, 22.621856], [120.318607, 22.621653], [120.318629, 22.62159], [120.31852, 22.621879], [120.318292, 22.621778], [120.318378, 22.62167], [120.318453, 22.621689], [120.31834, 22.621643], [120.318378, 22.621553], [120.318501, 22.62158], [120.318336, 22.621282], [120.318594, 22.620614], [120.318879, 22.620787], [120.318764, 22.620995], [120.318596, 22.62094], [120.318588, 22.621165], [120.319435, 22.621458], [120.319558, 22.621449], [120.319589, 22.621249], [120.318826, 22.621013], [120.318315, 22.620785], [120.318343, 22.620704], [120.318261, 22.620875], [120.317995, 22.620592], [120.317895, 22.620572], [120.317848, 22.620705], [120.317355, 22.62056], [120.317416, 22.620397], [120.317348, 22.620374], [120.317629, 22.620469], [120.317681, 22.620331], [120.3184, 22.620565], [120.318488, 22.62036], [120.31836, 22.620275], [120.317908, 22.620283], [120.317606, 22.620159], [120.317517, 22.620086], [120.317615, 22.619861], [120.317542, 22.619833], [120.318285, 22.620078], [120.318697, 22.620322], [120.31862, 22.620494], [120.31875, 22.620224], [120.319441, 22.620424], [120.319641, 22.620538], [120.319492, 22.620668], [120.31942, 22.620624], [120.319726, 22.620863], [120.319351, 22.621846], [120.31793, 22.621822], [120.317023, 22.621529], [120.317132, 22.621132], [120.317058, 22.621105], [120.31807, 22.621416], [120.317961, 22.621696], [120.317397, 22.621485], [120.317424, 22.621377], [120.31786, 22.621523], [120.317979, 22.621244], [120.31762, 22.621134], [120.317614, 22.621071], [120.317545, 22.621116], [120.316956, 22.620933], [120.317408, 22.61977], [120.31744, 22.620241], [120.317643, 22.620316], [120.317378, 22.620219], [120.31747, 22.620745], [120.318217, 22.620992], [120.318108, 22.621254], [120.317945, 22.620733], [120.317421, 22.620754], [120.316918, 22.621014], [120.316769, 22.621392], [120.316931, 22.621492], [120.317174, 22.621394], [120.31722, 22.621268]]}}, {"type": "Feature", "properties": {"district": "6400800", "segment": 16, "total_segments": 25, "km": 14.45, "villages": ["林西里", "林貴里", "林榮里"]}, "geometry": {"type": "LineString", "coordinates": [[120.317752, 22.619688], [120.317631, 22.619654], [120.318628, 22.619937], [120.318769, 22.619613], [120.318531, 22.61953], [120.318455, 22.619574], [120.318404, 22.619494], [120.317917, 22.61932], [120.3176, 22.619256], [120.317467, 22.619598], [120.317804, 22.619555], [120.317851, 22.619464], [120.317956, 22.619501], [120.317929, 22.619591], [120.318287, 22.619683], [120.318365, 22.619337], [120.318069, 22.61924], [120.318114, 22.619137], [120.318435, 22.619246], [120.318444, 22.619359], [120.318822, 22.619487], [120.318955, 22.619126], [120.31913, 22.61919], [120.318806, 22.62001], [120.321408, 22.620879], [120.32156, 22.620537], [120.320554, 22.620219], [120.320688, 22.620136], [120.321253, 22.620328], [120.321285, 22.620164], [120.320848, 22.620019], [120.320963, 22.619978], [120.321319, 22.62009], [120.321362, 22.619913], [120.321056, 22.619858], [120.321043, 22.619686], [120.321561, 22.61985], [120.321436, 22.61994], [120.321474, 22.619651], [120.319957, 22.61913], [120.319543, 22.619002], [120.319617, 22.619219], [120.319799, 22.619283], [120.319489, 22.61948], [120.319403, 22.619679], [120.319553, 22.619734], [120.319543, 22.619869], [120.319126, 22.619732], [120.319191, 22.619488], [120.319314, 22.619516], [120.31943, 22.619272], [120.319148, 22.619154], [120.319074, 22.618865], [120.317849, 22.618597], [120.317611, 22.619211], [120.31815, 22.619032], [120.318492, 22.619138], [120.318523, 22.618998], [120.318178, 22.618915], [120.318209, 22.618834], [120.318625, 22.618944], [120.318644, 22.619016], [120.318561, 22.619007], [120.319315, 22.619651], [120.319303, 22.619882], [120.319857, 22.61997], [120.319874, 22.619843], [120.319761, 22.619789], [120.320371, 22.620249], [120.320332, 22.62035], [120.321097, 22.620535], [120.321397, 22.620924], [120.321826, 22.61986], [120.321513, 22.619661], [120.321003, 22.619667], [120.32015, 22.619402], [120.32226, 22.619508], [120.323329, 22.619861], [120.323237, 22.619691], [120.323126, 22.619661], [120.323186, 22.619496], [120.323081, 22.619459], [120.3233, 22.618572], [120.323086, 22.618579], [120.323118, 22.61829], [120.323423, 22.618344], [120.323441, 22.618159], [120.323589, 22.618172], [120.323719, 22.618083], [120.323853, 22.61825], [120.324017, 22.618091], [120.323896, 22.618081], [120.323669, 22.617841], [120.323332, 22.617358], [120.323205, 22.617457], [120.32301, 22.617243], [120.323156, 22.617271], [120.323325, 22.61716], [120.323346, 22.616986], [120.323359, 22.617193], [120.323574, 22.617216], [120.323612, 22.616894], [120.323751, 22.61691], [120.323729, 22.617218], [120.323792, 22.617341], [120.323658, 22.617412], [120.323608, 22.617267], [120.323736, 22.617539], [120.324066, 22.617865], [120.324215, 22.617566], [120.324017, 22.617538], [120.323544, 22.617872], [120.323693, 22.618056], [120.323093, 22.618], [120.32297, 22.618054], [120.322963, 22.617446], [120.322783, 22.617453], [120.322778, 22.618031], [120.322849, 22.618116], [120.32278, 22.618113], [120.322811, 22.618338], [120.322744, 22.618368], [120.322511, 22.619087], [120.322663, 22.619192], [120.322948, 22.618265], [120.323106, 22.618139], [120.323405, 22.618156], [120.323335, 22.617842], [120.32314, 22.617827], [120.323115, 22.617606], [120.323256, 22.617525], [120.32352, 22.617842], [120.32314, 22.617863], [120.322784, 22.617417], [120.322733, 22.617191], [120.323394, 22.616517], [120.322905, 22.615919], [120.322781, 22.615927], [120.322792, 22.615459], [120.323352, 22.615499], [120.323431, 22.6156], [120.323421, 22.615887], [120.323276, 22.615973], [120.323086, 22.615666], [120.322942, 22.615783], [120.323458, 22.616327], [120.323424, 22.616048], [120.323298, 22.61601], [120.323282, 22.615667], [120.322897, 22.616115], [120.322878, 22.616228], [120.323804, 22.61656], [120.323763, 22.616694], [120.323998, 22.616588], [120.324236, 22.61664], [120.324569, 22.616863], [120.32456, 22.61699], [120.324661, 22.616719], [120.324363, 22.616991], [120.324049, 22.616897], [120.323814, 22.618372], [120.323895, 22.618459], [120.323736, 22.618529], [120.323731, 22.618677], [120.323337, 22.618576], [120.323466, 22.618767], [120.323339, 22.619117], [120.323498, 22.619299], [120.323381, 22.619531], [120.323487, 22.619566], [120.322894, 22.619417], [120.323007, 22.619117], [120.322876, 22.619179], [120.322833, 22.619287], [120.323067, 22.619011], [120.322896, 22.618933], [120.323032, 22.618755], [120.324395, 22.615251], [120.325312, 22.615386], [120.325036, 22.616532], [120.325495, 22.616684], [120.325355, 22.616565], [120.325405, 22.616531], [120.325305, 22.616305], [120.325206, 22.616293], [120.325698, 22.616289], [120.325642, 22.616071], [120.325719, 22.61608], [120.325781, 22.615937], [120.325673, 22.615924], [120.325683, 22.615826], [120.325933, 22.615855], [120.326026, 22.615101], [120.326262, 22.61514], [120.326236, 22.615364], [120.326307, 22.615391], [120.326857, 22.615388], [120.32699, 22.614712], [120.326644, 22.614697], [120.32664, 22.614957], [120.326819, 22.614945], [120.326792, 22.61455], [120.326343, 22.614524], [120.326359, 22.614289], [120.326827, 22.614282], [120.326861, 22.614542], [120.327023, 22.614272], [120.327175, 22.614228], [120.327155, 22.614839], [120.326971, 22.615683], [120.326608, 22.616649], [120.326428, 22.616627], [120.326374, 22.616728], [120.326775, 22.615726], [120.326216, 22.615815], [120.326217, 22.615553], [120.326821, 22.615567], [120.326849, 22.615429], [120.326783, 22.615116], [120.326403, 22.615126], [120.326384, 22.614831], [120.326285, 22.614813], [120.326292, 22.61475], [120.326263, 22.614966], [120.326516, 22.614786], [120.326522, 22.614708], [120.326338, 22.614587], [120.326595, 22.614959], [120.326603, 22.615916], [120.326162, 22.615941], [120.326044, 22.6166], [120.326317, 22.616518], [120.326284, 22.616326], [120.3264, 22.616326], [120.326244, 22.616327], [120.326277, 22.616161], [120.326506, 22.616126], [120.325914, 22.616024], [120.325904, 22.616083], [120.325925, 22.615961], [120.325806, 22.615708], [120.325727, 22.615695], [120.325723, 22.615586], [120.325795, 22.615595], [120.325456, 22.615522], [120.325472, 22.615387], [120.325563, 22.615397], [120.325325, 22.615314], [120.325437, 22.615665], [120.325503, 22.615671], [120.325405, 22.615904], [120.325476, 22.615912], [120.325665, 22.616454], [120.325582, 22.616932], [120.325465, 22.616887], [120.325663, 22.61696], [120.325662, 22.617122], [120.32535, 22.617109], [120.325312, 22.617301], [120.325087, 22.617635], [120.324888, 22.617663], [120.324762, 22.617929], [120.324601, 22.617863], [120.324571, 22.618011], [120.324713, 22.618068], [120.324654, 22.618208], [120.324291, 22.618076], [120.324435, 22.61782], [120.324493, 22.617983], [120.324351, 22.618288], [120.324566, 22.618364], [120.32434, 22.618486], [120.324271, 22.618774], [120.324, 22.618696], [120.32402, 22.618633], [120.324223, 22.618232], [120.324827, 22.618475], [120.324937, 22.618337], [120.324797, 22.618283], [120.324848, 22.618164], [120.325027, 22.618225], [120.325008, 22.618358], [120.325156, 22.618357], [120.32555, 22.617402], [120.325788, 22.617478], [120.325489, 22.618169], [120.325562, 22.618237], [120.325415, 22.61834], [120.325174, 22.618848], [120.325315, 22.618945], [120.325517, 22.618476], [120.325621, 22.618567], [120.325459, 22.619063], [120.325634, 22.619127], [120.325594, 22.619235], [120.326364, 22.617274], [120.325912, 22.617117], [120.32582, 22.617304], [120.325914, 22.617524], [120.325816, 22.617809], [120.325986, 22.61783], [120.325993, 22.617729], [120.325695, 22.618441], [120.325701, 22.618071], [120.324966, 22.617868], [120.324916, 22.617979], [120.325142, 22.618062], [120.325041, 22.618583], [120.324776, 22.618961], [120.32446, 22.618842], [120.324395, 22.619059], [120.32393, 22.618897], [120.323824, 22.619201], [120.325051, 22.61963], [120.324829, 22.619331], [120.324821, 22.619223], [120.324983, 22.619079], [120.324736, 22.619159], [120.324481, 22.619086], [120.324348, 22.619275], [120.324187, 22.61922], [120.324645, 22.619376], [120.324445, 22.619592], [120.324286, 22.619537], [120.325163, 22.619811], [120.325113, 22.619938], [120.325314, 22.619966], [120.325357, 22.619839], [120.32524, 22.619595], [120.325308, 22.619424], [120.325193, 22.619324], [120.324882, 22.620045], [120.324181, 22.619825], [120.323853, 22.619895], [120.323666, 22.619831], [120.323616, 22.619965], [120.324098, 22.620151], [120.325059, 22.620325], [120.323787, 22.619539], [120.321864, 22.619414], [120.324576, 22.617561], [120.324967, 22.616735], [120.325178, 22.61681], [120.325031, 22.617336], [120.324738, 22.61768], [120.325976, 22.616835], [120.326194, 22.616962], [120.325994, 22.616762], [120.326514, 22.6169]]}}, {"type": "Feature", "properties": {"district": "6400800", "segment": 17, "total_segments": 25, "km": 10.51, "villages": ["英明里", "林華里", "光華里"]}, "geometry": {"type": "LineString", "coordinates": [[120.325477, 22.615218], [120.32533, 22.615165], [120.325397, 22.614484], [120.325354, 22.613247], [120.325905, 22.6134], [120.326119, 22.613737], [120.326328, 22.613699], [120.326394, 22.614161], [120.327032, 22.614121], [120.327014, 22.613615], [120.326937, 22.613605], [120.326952, 22.613867], [120.326514, 22.613895], [120.326569, 22.61369], [120.3268, 22.613729], [120.326784, 22.613612], [120.326705, 22.613614], [120.326753, 22.613382], [120.326471, 22.612285], [120.32571, 22.612404], [120.325754, 22.61264], [120.326394, 22.612549], [120.326459, 22.612733], [120.32558, 22.612795], [120.325511, 22.61308], [120.32559, 22.613094], [120.325431, 22.613093], [120.32529, 22.612796], [120.325717, 22.612645], [120.325879, 22.612978], [120.325744, 22.613032], [120.32576, 22.613131], [120.326122, 22.613331], [120.326255, 22.613465], [120.326287, 22.613648], [120.326552, 22.6134], [120.326388, 22.612898], [120.326194, 22.612954], [120.326293, 22.613185], [120.326069, 22.613217], [120.326176, 22.61292], [120.326362, 22.613373], [120.326923, 22.613515], [120.327056, 22.613458], [120.327067, 22.613369], [120.326841, 22.612693], [120.326892, 22.612647], [120.326813, 22.612613], [120.326746, 22.612331], [120.326599, 22.612125], [120.326169, 22.6122], [120.326159, 22.612003], [120.326219, 22.611997], [120.325754, 22.612086], [120.325932, 22.612189], [120.325397, 22.612086], [120.325534, 22.61351], [120.32579, 22.6136], [120.325894, 22.61377], [120.325838, 22.613873], [120.325665, 22.613865], [120.32566, 22.614133], [120.32554, 22.614038], [120.325536, 22.613909], [120.325712, 22.613729], [120.325522, 22.613718], [120.32593, 22.614199], [120.325863, 22.614388], [120.325945, 22.614392], [120.325938, 22.614511], [120.325865, 22.614505], [120.325897, 22.614708], [120.325831, 22.614705], [120.325802, 22.614828], [120.326052, 22.614834], [120.326047, 22.614935], [120.3258, 22.614922], [120.326076, 22.614724], [120.326076, 22.614624], [120.32601, 22.614624], [120.326106, 22.614204], [120.326013, 22.614095], [120.326107, 22.614096], [120.326103, 22.613982], [120.326026, 22.61398], [120.325555, 22.614502], [120.325555, 22.614757], [120.326958, 22.614057], [120.326955, 22.613967], [120.327135, 22.613968], [120.327088, 22.613507], [120.32714, 22.614112], [120.327035, 22.614166], [120.322392, 22.615835], [120.322388, 22.616386], [120.322282, 22.616259], [120.322289, 22.616115], [120.322084, 22.616114], [120.322081, 22.61633], [120.321181, 22.616291], [120.321168, 22.61592], [120.322083, 22.616005], [120.322083, 22.616078], [120.322073, 22.615789], [120.321675, 22.615717], [120.321634, 22.615769], [120.319699, 22.615661], [120.319817, 22.617396], [120.321027, 22.617744], [120.320942, 22.615811], [120.320818, 22.615985], [120.319892, 22.615907], [120.319908, 22.616019], [120.320057, 22.61601], [120.320168, 22.616097], [120.320805, 22.616135], [120.320794, 22.616408], [120.320205, 22.616363], [120.320205, 22.61618], [120.319914, 22.616245], [120.319939, 22.616333], [120.320094, 22.616341], [120.320204, 22.616468], [120.320845, 22.61657], [120.320832, 22.616409], [120.321182, 22.616426], [120.321245, 22.617218], [120.321356, 22.617199], [120.321594, 22.616924], [120.321703, 22.616925], [120.321342, 22.616905], [120.321356, 22.616788], [120.321609, 22.616789], [120.321566, 22.616464], [120.32212, 22.616475], [120.322127, 22.6168], [120.321735, 22.61679], [120.321884, 22.616935], [120.322074, 22.616936], [120.322086, 22.617234], [120.321595, 22.617232], [120.321613, 22.617376], [120.322087, 22.617423], [120.322087, 22.617631], [120.321597, 22.61762], [120.321575, 22.617376], [120.321205, 22.617374], [120.321237, 22.617817], [120.32145, 22.61789], [120.321319, 22.618012], [120.321349, 22.61807], [120.32195, 22.618167], [120.321979, 22.618028], [120.322299, 22.618065], [120.322272, 22.617984], [120.322396, 22.617984], [120.322402, 22.617118], [120.322286, 22.617225], [120.322275, 22.61707], [120.322278, 22.616918], [120.322396, 22.616919], [120.322446, 22.617026], [120.321733, 22.61707], [120.321315, 22.616788], [120.321398, 22.61668], [120.321401, 22.616454], [120.321184, 22.61639], [120.32083, 22.616785], [120.320239, 22.616734], [120.320317, 22.616875], [120.320841, 22.616902], [120.320746, 22.617038], [120.320766, 22.61721], [120.320835, 22.617228], [120.320811, 22.617391], [120.320138, 22.617241], [120.320127, 22.617305], [120.320326, 22.617367], [120.320093, 22.617294], [120.320048, 22.616568], [120.320267, 22.617048], [120.320651, 22.617193], [120.320637, 22.617021], [120.32069, 22.61751], [120.321162, 22.617952], [120.320956, 22.618511], [120.321008, 22.618629], [120.321349, 22.618964], [120.321542, 22.618848], [120.321132, 22.618431], [120.321344, 22.618432], [120.321308, 22.618313], [120.321422, 22.618278], [120.321832, 22.618623], [120.321722, 22.618749], [120.321432, 22.618441], [120.320901, 22.618674], [120.320815, 22.619052], [120.321735, 22.61926], [120.3221, 22.619085], [120.32239, 22.618301], [120.322397, 22.61803], [120.322301, 22.61812], [120.322173, 22.61783], [120.321765, 22.61781], [120.321917, 22.617967], [120.322155, 22.61575], [120.319868, 22.61602], [120.319542, 22.616011], [120.319516, 22.615633], [120.318443, 22.615566], [120.318492, 22.616604], [120.318622, 22.616695], [120.318459, 22.617008], [120.318961, 22.617091], [120.319615, 22.617329], [120.319529, 22.616437], [120.319437, 22.616435], [120.318956, 22.616936], [120.318829, 22.616845], [120.31938, 22.616339], [120.319148, 22.616119], [120.319229, 22.616049], [120.319386, 22.616191], [120.319545, 22.616208], [120.319541, 22.616046], [120.319454, 22.616711], [120.31913, 22.617068], [120.319246, 22.617122], [120.319492, 22.616852], [120.318928, 22.616329], [120.319002, 22.616258], [120.319129, 22.616366], [120.318952, 22.61611], [120.319096, 22.616011], [120.319121, 22.615866], [120.319354, 22.615922], [120.318857, 22.615874], [120.318711, 22.615955], [120.318731, 22.616393], [120.318926, 22.616564], [120.31883, 22.616646], [120.318712, 22.616558], [120.31865, 22.616662], [120.318781, 22.616901], [120.318814, 22.616073], [120.318616, 22.616214], [120.318934, 22.615721], [120.319042, 22.615722]]}}, {"type": "Feature", "properties": {"district": "6400800", "segment": 18, "total_segments": 25, "km": 9.24, "villages": ["林興里", "普天里"]}, "geometry": {"type": "LineString", "coordinates": [[120.318581, 22.617209], [120.319581, 22.617501], [120.319208, 22.618504], [120.318057, 22.618228], [120.31841, 22.61717], [120.318543, 22.617199], [120.318598, 22.617339], [120.318527, 22.61754], [120.318424, 22.617506], [120.318376, 22.617635], [120.318551, 22.61778], [120.318475, 22.617914], [120.318301, 22.617825], [120.318296, 22.617983], [120.318242, 22.617974], [120.318528, 22.618023], [120.318404, 22.618164], [120.318603, 22.61814], [120.31913, 22.618313], [120.3193, 22.617884], [120.319328, 22.617597], [120.318707, 22.617371], [120.318665, 22.617601], [120.318566, 22.617549], [120.31856, 22.617661], [120.318743, 22.617731], [120.318789, 22.617603], [120.319111, 22.617715], [120.31876, 22.617844], [120.318732, 22.617764], [120.318677, 22.618069], [120.318991, 22.618126], [120.31902, 22.618059], [120.318808, 22.617993], [120.319506, 22.618198], [120.319662, 22.617802], [120.320203, 22.617968], [120.320205, 22.617896], [120.32035, 22.617888], [120.320689, 22.618276], [120.320597, 22.618347], [120.320282, 22.61809], [120.320049, 22.618272], [120.320023, 22.618389], [120.319702, 22.618519], [120.31982, 22.618606], [120.319881, 22.618568], [120.319814, 22.618548], [120.319782, 22.618687], [120.319502, 22.618618], [120.319643, 22.618516], [120.319431, 22.618469], [120.319391, 22.61855], [120.319493, 22.618233], [120.319678, 22.618308], [120.319825, 22.618215], [120.319859, 22.618093], [120.319762, 22.618069], [120.320029, 22.618105], [120.320169, 22.617886], [120.319735, 22.617761], [120.31974, 22.617591], [120.320439, 22.617749], [120.320873, 22.618123], [120.320789, 22.618393], [120.320701, 22.618462], [120.320621, 22.618376], [120.320523, 22.618455], [120.320328, 22.618274], [120.32024, 22.618317], [120.320222, 22.61845], [120.320009, 22.618497], [120.320268, 22.618577], [120.320319, 22.618488], [120.320402, 22.618521], [120.320372, 22.618622], [120.32054, 22.618678], [120.320638, 22.618561], [120.320712, 22.618582], [120.32069, 22.618646], [120.320736, 22.61851], [120.320551, 22.618482], [120.320501, 22.618798], [120.320158, 22.618706], [120.320103, 22.618795], [120.320618, 22.618961], [120.320666, 22.618841], [120.319814, 22.618705], [120.320838, 22.617897], [120.320978, 22.617969], [120.320798, 22.617851], [120.317427, 22.618076], [120.317285, 22.618376], [120.31745, 22.618478], [120.316966, 22.619732], [120.316821, 22.619632], [120.317117, 22.619019], [120.317221, 22.618667], [120.317168, 22.618567], [120.317036, 22.618657], [120.316972, 22.618838], [120.316826, 22.618823], [120.316581, 22.619414], [120.316567, 22.61954], [120.316722, 22.619595], [120.316915, 22.618964], [120.316875, 22.618729], [120.317027, 22.618307], [120.317153, 22.618343], [120.316701, 22.618439], [120.316578, 22.618764], [120.315776, 22.618498], [120.315945, 22.617948], [120.31631, 22.618123], [120.316375, 22.618074], [120.316554, 22.618138], [120.316228, 22.618238], [120.316021, 22.618165], [120.315925, 22.618345], [120.316576, 22.618538], [120.316539, 22.618628], [120.31633, 22.618555], [120.316247, 22.618862], [120.316529, 22.618962], [120.316296, 22.619449], [120.315446, 22.619157], [120.315728, 22.618692], [120.316175, 22.618852], [120.316162, 22.619024], [120.316246, 22.619051], [120.315771, 22.618905], [120.315729, 22.619076], [120.316231, 22.619241], [120.316353, 22.619467], [120.316503, 22.619549], [120.316421, 22.619829], [120.316779, 22.619948], [120.316489, 22.620569], [120.316552, 22.620659], [120.316616, 22.620673], [120.316887, 22.619939], [120.316523, 22.619983], [120.316336, 22.620478], [120.316246, 22.620361], [120.316378, 22.620018], [120.316148, 22.619927], [120.316241, 22.619719], [120.315654, 22.619536], [120.315614, 22.619717], [120.316035, 22.619845], [120.316084, 22.620107], [120.316035, 22.620233], [120.315681, 22.620112], [120.315793, 22.619961], [120.31591, 22.619998], [120.315763, 22.620762], [120.315827, 22.62078], [120.315321, 22.620573], [120.316482, 22.621016], [120.316589, 22.620761], [120.316525, 22.620743], [120.316248, 22.621704], [120.315224, 22.619838], [120.315104, 22.619575], [120.315164, 22.619381], [120.314571, 22.619207], [120.314481, 22.619333], [120.31442, 22.619314], [120.314832, 22.619459], [120.314699, 22.619569], [120.31444, 22.619485], [120.31434, 22.619658], [120.3145, 22.61971], [120.314495, 22.619929], [120.314729, 22.619792], [120.314855, 22.619844], [120.314911, 22.61967], [120.313969, 22.619548], [120.314043, 22.619346], [120.314194, 22.619389], [120.31435, 22.619133], [120.31411, 22.619123], [120.31449, 22.61823], [120.31488, 22.618422], [120.315453, 22.61856], [120.315368, 22.618813], [120.315238, 22.619119], [120.31455, 22.61889], [120.314665, 22.61853], [120.315232, 22.618731], [120.31519, 22.618902], [120.314767, 22.618765], [120.314629, 22.618511], [120.314521, 22.618484], [120.314734, 22.617582], [120.315432, 22.617801], [120.315362, 22.617916], [120.315433, 22.617939], [120.314844, 22.617772], [120.314939, 22.618096], [120.315123, 22.61814], [120.315085, 22.618251], [120.315555, 22.618371], [120.315612, 22.618191], [120.31528, 22.618094], [120.315656, 22.618669], [120.315292, 22.619128], [120.315703, 22.617862], [120.315778, 22.617885], [120.315606, 22.617824], [120.316708, 22.618195], [120.313903, 22.619752], [120.313726, 22.62007], [120.319981, 22.622839]]}}, {"type": "Feature", "properties": {"district": "6400800", "segment": 19, "total_segments": 25, "km": 13.65, "villages": ["普照里", "晴朗里"]}, "geometry": {"type": "LineString", "coordinates": [[120.313136, 22.619561], [120.313469, 22.61882], [120.312021, 22.618344], [120.311946, 22.61853], [120.313249, 22.618914], [120.313654, 22.618345], [120.313688, 22.618137], [120.313472, 22.618157], [120.312903, 22.617934], [120.312976, 22.617761], [120.313404, 22.61792], [120.313547, 22.617704], [120.31244, 22.617324], [120.312575, 22.616955], [120.312657, 22.616863], [120.314032, 22.617362], [120.313971, 22.617638], [120.313782, 22.617787], [120.313853, 22.618066], [120.313515, 22.61834], [120.312921, 22.6181], [120.312852, 22.618339], [120.312117, 22.618084], [120.31221, 22.617869], [120.31279, 22.618105], [120.312754, 22.618204], [120.312894, 22.61835], [120.313454, 22.618518], [120.312786, 22.617893], [120.312276, 22.617768], [120.312362, 22.617527], [120.312859, 22.617723], [120.312821, 22.617799], [120.312964, 22.617345], [120.313474, 22.61751], [120.313524, 22.617339], [120.313843, 22.617442], [120.313691, 22.617544], [120.313467, 22.617297], [120.312699, 22.617061], [120.31264, 22.617237], [120.31293, 22.617333], [120.312598, 22.617223], [120.312428, 22.617365], [120.31217, 22.617255], [120.312243, 22.617056], [120.312142, 22.61702], [120.311917, 22.617633], [120.312012, 22.617642], [120.311904, 22.617985], [120.311457, 22.61783], [120.311911, 22.616603], [120.312416, 22.616813], [120.312292, 22.616966], [120.312245, 22.616885], [120.311941, 22.616802], [120.311602, 22.617794], [120.31133, 22.618055], [120.311153, 22.618596], [120.311246, 22.618632], [120.31133, 22.618524], [120.311436, 22.618164], [120.311844, 22.618283], [120.311749, 22.618328], [120.311619, 22.618679], [120.311518, 22.618652], [120.311647, 22.618291], [120.310822, 22.617905], [120.310782, 22.617995], [120.310893, 22.618134], [120.310809, 22.618351], [120.310722, 22.618332], [120.310777, 22.618188], [120.310927, 22.618223], [120.310734, 22.618495], [120.310561, 22.619036], [120.310392, 22.618954], [120.310489, 22.6189], [120.310691, 22.618404], [120.310802, 22.618549], [120.310392, 22.618493], [120.3103, 22.61871], [120.31022, 22.618646], [120.310292, 22.618457], [120.310397, 22.618457], [120.310653, 22.617849], [120.310493, 22.617802], [120.310619, 22.617546], [120.311069, 22.617702], [120.311406, 22.616773], [120.311168, 22.617061], [120.311011, 22.617494], [120.310984, 22.617629], [120.311103, 22.617747], [120.310787, 22.617447], [120.310674, 22.617456], [120.310963, 22.616635], [120.31114, 22.616736], [120.311111, 22.616808], [120.310975, 22.616762], [120.310931, 22.616879], [120.311067, 22.616925], [120.310967, 22.616979], [120.310871, 22.617295], [120.310564, 22.617528], [120.310176, 22.618754], [120.310165, 22.618827], [120.310304, 22.618863], [120.310089, 22.618808], [120.311367, 22.619057], [120.311529, 22.618914], [120.311554, 22.618851], [120.311454, 22.618841], [120.311505, 22.618715], [120.311583, 22.618778], [120.311424, 22.618912], [120.311782, 22.619085], [120.311742, 22.619182], [120.311825, 22.619291], [120.311716, 22.619394], [120.312259, 22.619562], [120.312346, 22.619457], [120.312666, 22.619696], [120.312993, 22.619804], [120.311979, 22.618773], [120.311905, 22.618752], [120.311823, 22.618981], [120.311333, 22.619292], [120.311954, 22.618003], [120.31182, 22.617849], [120.311855, 22.617777], [120.312035, 22.617588], [120.312154, 22.617291], [120.312599, 22.61682], [120.311017, 22.616347], [120.311013, 22.616545], [120.311236, 22.616573], [120.328292, 22.631818], [120.330323, 22.633447], [120.311836, 22.622952], [120.311977, 22.622636], [120.311945, 22.62251], [120.311227, 22.622212], [120.311156, 22.622284], [120.31105, 22.622236], [120.310976, 22.62239], [120.311251, 22.622479], [120.311322, 22.62237], [120.311522, 22.622455], [120.311489, 22.622555], [120.311387, 22.62253], [120.311316, 22.622835], [120.311461, 22.622868], [120.311791, 22.622248], [120.312174, 22.622386], [120.312162, 22.622134], [120.312041, 22.621947], [120.31215, 22.621778], [120.311892, 22.622188], [120.311594, 22.622026], [120.311538, 22.622152], [120.311751, 22.622232], [120.310969, 22.621997], [120.310888, 22.621938], [120.310941, 22.621772], [120.310862, 22.621782], [120.310811, 22.621914], [120.310686, 22.621836], [120.310887, 22.621287], [120.310996, 22.621341], [120.310896, 22.621563], [120.311135, 22.621386], [120.310462, 22.621167], [120.310344, 22.621627], [120.309987, 22.622402], [120.310221, 22.622476], [120.310625, 22.621329], [120.310166, 22.621041], [120.309678, 22.622229], [120.309708, 22.622307], [120.309888, 22.622363], [120.310325, 22.620927], [120.3108, 22.620942], [120.310834, 22.620645], [120.310723, 22.620633], [120.310648, 22.620826], [120.310466, 22.620761], [120.310546, 22.620542], [120.310419, 22.620453], [120.310289, 22.620796], [120.310676, 22.619764], [120.310757, 22.619994], [120.311003, 22.61991], [120.310734, 22.620596], [120.312025, 22.620462], [120.310604, 22.622014], [120.31062, 22.622201], [120.310746, 22.622296], [120.310813, 22.62216], [120.310576, 22.622592], [120.310437, 22.622556], [120.310479, 22.622477], [120.31086, 22.622554], [120.310816, 22.622668], [120.311032, 22.62274], [120.311057, 22.622614], [120.311169, 22.622777], [120.309668, 22.62235]]}}, {"type": "Feature", "properties": {"district": "6400800", "segment": 20, "total_segments": 25, "km": 13.99, "villages": ["和煦里", "日中里", "華堂里"]}, "geometry": {"type": "LineString", "coordinates": [[120.309377, 22.622196], [120.308897, 22.622089], [120.308866, 22.622012], [120.309328, 22.620765], [120.309862, 22.620954], [120.30948, 22.621904], [120.309283, 22.621817], [120.309637, 22.621017], [120.309465, 22.620961], [120.309155, 22.621797], [120.309022, 22.621756], [120.30902, 22.621905], [120.309317, 22.622011], [120.30866, 22.62199], [120.307594, 22.621624], [120.307682, 22.621406], [120.30809, 22.621573], [120.308051, 22.62163], [120.308194, 22.621216], [120.307794, 22.62115], [120.307732, 22.621317], [120.308034, 22.621386], [120.307816, 22.621096], [120.30792, 22.620935], [120.308946, 22.621264], [120.309119, 22.620688], [120.308904, 22.620687], [120.308309, 22.620444], [120.308232, 22.62068], [120.308416, 22.620738], [120.308354, 22.620668], [120.308469, 22.620604], [120.30839, 22.620575], [120.308561, 22.620631], [120.308467, 22.620753], [120.308943, 22.620881], [120.308818, 22.621107], [120.308706, 22.620967], [120.307951, 22.620781], [120.30804, 22.620479], [120.30827, 22.620191], [120.309235, 22.620502], [120.309294, 22.620268], [120.308403, 22.619975], [120.308436, 22.619885], [120.309353, 22.620187], [120.30943, 22.619961], [120.308532, 22.619641], [120.308594, 22.619515], [120.309496, 22.619817], [120.309643, 22.619458], [120.309608, 22.619375], [120.308566, 22.619063], [120.308158, 22.620136], [120.308621, 22.620655], [120.308533, 22.620732], [120.307896, 22.620839], [120.307874, 22.620899], [120.308508, 22.621366], [120.308829, 22.621467], [120.308419, 22.621664], [120.308337, 22.621636], [120.308646, 22.621954], [120.309387, 22.620566], [120.309935, 22.62074], [120.310019, 22.620515], [120.309488, 22.620341], [120.309446, 22.620467], [120.30957, 22.620251], [120.310096, 22.620398], [120.310274, 22.619938], [120.309705, 22.619755], [120.309649, 22.619899], [120.30991, 22.620054], [120.309815, 22.620107], [120.309588, 22.620043], [120.309538, 22.620197], [120.309338, 22.619582], [120.309371, 22.619482], [120.309219, 22.619437], [120.30919, 22.619527], [120.308656, 22.619353], [120.308729, 22.619272], [120.308668, 22.619247], [120.309079, 22.619391], [120.309964, 22.619494], [120.310357, 22.619622], [120.310352, 22.619758], [120.310104, 22.61972], [120.309921, 22.618522], [120.30993, 22.6185], [120.309924, 22.618437], [120.309524, 22.618372], [120.309874, 22.618482], [120.309905, 22.618554], [120.310049, 22.618113], [120.310178, 22.618058], [120.310239, 22.617757], [120.30923, 22.617414], [120.30927, 22.617531], [120.309071, 22.61791], [120.309957, 22.61822], [120.309929, 22.61804], [120.309243, 22.617802], [120.309317, 22.617586], [120.309773, 22.61773], [120.309984, 22.617318], [120.310372, 22.617464], [120.3104, 22.617256], [120.310101, 22.617246], [120.310259, 22.617091], [120.310112, 22.616898], [120.309849, 22.616938], [120.309691, 22.616829], [120.309723, 22.616747], [120.309921, 22.616749], [120.310031, 22.616523], [120.310129, 22.616551], [120.310191, 22.616361], [120.310262, 22.616452], [120.310167, 22.616569], [120.310409, 22.616642], [120.310446, 22.616453], [120.310476, 22.616569], [120.310584, 22.616598], [120.31056, 22.616661], [120.310456, 22.616633], [120.310643, 22.616697], [120.310835, 22.616328], [120.309821, 22.61598], [120.309873, 22.616107], [120.310692, 22.616363], [120.310659, 22.616788], [120.310521, 22.617111], [120.309877, 22.617155], [120.309477, 22.617035], [120.309465, 22.616945], [120.309349, 22.617134], [120.309834, 22.617263], [120.309603, 22.616729], [120.309627, 22.616431], [120.309762, 22.61635], [120.309925, 22.616423], [120.310041, 22.616315], [120.309961, 22.616496], [120.30979, 22.616296], [120.309823, 22.616116], [120.309751, 22.615953], [120.308613, 22.615533], [120.308559, 22.615722], [120.309028, 22.615805], [120.308889, 22.616085], [120.308526, 22.615957], [120.308812, 22.615994], [120.308472, 22.615938], [120.308341, 22.616321], [120.308756, 22.616527], [120.309126, 22.616628], [120.309145, 22.616573], [120.308885, 22.616482], [120.308736, 22.616933], [120.308579, 22.616887], [120.308655, 22.616725], [120.309074, 22.61697], [120.309046, 22.617034], [120.308782, 22.616933], [120.309101, 22.616898], [120.309255, 22.616493], [120.309199, 22.6162], [120.308493, 22.616699], [120.308451, 22.616821], [120.308218, 22.616679], [120.307951, 22.617137], [120.308804, 22.617457], [120.308862, 22.617466], [120.308894, 22.61734], [120.308108, 22.61703], [120.307837, 22.617525], [120.307954, 22.617462], [120.3086, 22.617682], [120.308715, 22.617637], [120.308377, 22.617509], [120.30825, 22.617843], [120.308617, 22.617962], [120.308499, 22.618034], [120.308573, 22.618079], [120.308522, 22.61826], [120.308009, 22.61814], [120.308255, 22.618159], [120.308317, 22.618006], [120.308206, 22.617969], [120.308192, 22.61787], [120.307759, 22.617723], [120.307731, 22.617642], [120.3077, 22.617904], [120.308705, 22.617971], [120.308821, 22.617785], [120.308751, 22.617646], [120.308802, 22.617665], [120.309098, 22.617052], [120.309051, 22.618099], [120.308982, 22.618252], [120.30908, 22.618181], [120.309483, 22.618354], [120.309475, 22.618265], [120.309384, 22.618534], [120.309508, 22.618589], [120.309052, 22.61847], [120.309911, 22.618744], [120.308925, 22.618379], [120.30857, 22.618341], [120.308547, 22.615505], [120.308282, 22.615369], [120.308031, 22.615909], [120.307734, 22.615746], [120.307667, 22.615781], [120.30672, 22.615461], [120.306814, 22.615236], [120.307065, 22.615336], [120.306861, 22.615697], [120.308022, 22.616081], [120.307886, 22.616469], [120.307758, 22.616658], [120.307485, 22.616512], [120.307291, 22.616511], [120.307271, 22.616441], [120.307217, 22.616484], [120.307163, 22.616405], [120.306504, 22.616246], [120.306454, 22.616174], [120.306663, 22.615624], [120.306818, 22.615687], [120.306727, 22.615922], [120.307782, 22.616279], [120.307704, 22.616378], [120.306683, 22.61603], [120.306497, 22.616454], [120.306524, 22.616535], [120.306596, 22.61649], [120.307319, 22.616728], [120.307211, 22.616935], [120.307122, 22.616908], [120.306872, 22.616826], [120.306943, 22.616699], [120.306995, 22.61679], [120.307184, 22.616791], [120.307153, 22.616845], [120.307539, 22.616801], [120.307713, 22.61691], [120.307628, 22.6171], [120.307449, 22.617018], [120.307413, 22.617135], [120.307121, 22.617089], [120.307085, 22.617287], [120.306547, 22.617104], [120.306675, 22.617096], [120.306758, 22.61697], [120.306951, 22.617088], [120.30674, 22.617331], [120.306088, 22.617111], [120.305931, 22.617517], [120.307254, 22.617956], [120.307332, 22.6178], [120.306776, 22.617629], [120.306938, 22.617404], [120.307455, 22.617569], [120.307392, 22.617722], [120.307199, 22.617642], [120.307288, 22.617342], [120.307149, 22.617287], [120.307518, 22.617397], [120.307592, 22.617208], [120.30745, 22.617153], [120.307885, 22.617534], [120.306776, 22.617349], [120.306723, 22.617484], [120.306126, 22.617292], [120.30609, 22.6174], [120.306417, 22.617519], [120.306543, 22.616905], [120.306581, 22.616969], [120.306413, 22.616896], [120.306431, 22.616806], [120.306462, 22.616851], [120.306287, 22.617022], [120.306145, 22.616922], [120.306207, 22.616805], [120.30632, 22.616787], [120.306224, 22.61676], [120.306302, 22.616498], [120.306432, 22.616462], [120.306377, 22.616417], [120.306358, 22.616616], [120.306559, 22.616607], [120.306536, 22.61668], [120.306434, 22.616679], [120.306623, 22.616743], [120.306681, 22.616608], [120.306775, 22.616644], [120.306722, 22.616771], [120.306802, 22.616798], [120.306858, 22.616672], [120.306397, 22.617031], [120.306287, 22.618312], [120.307431, 22.618833], [120.308089, 22.619043], [120.308041, 22.619152], [120.308255, 22.619261], [120.308208, 22.619378], [120.30777, 22.619241], [120.307193, 22.61904], [120.307245, 22.618913], [120.308274, 22.619225], [120.308355, 22.618972], [120.307445, 22.61867], [120.307214, 22.619211], [120.307139, 22.619184], [120.307099, 22.619283], [120.307057, 22.619561], [120.306936, 22.619725], [120.307932, 22.620072], [120.308153, 22.619531], [120.307303, 22.619239], [120.307418, 22.619528], [120.307924, 22.619693], [120.307878, 22.619819], [120.307197, 22.619575], [120.307741, 22.616396], [120.308067, 22.615323], [120.306953, 22.614938], [120.306846, 22.615128], [120.307355, 22.615292], [120.308115, 22.615323]]}}, {"type": "Feature", "properties": {"district": "6400800", "segment": 21, "total_segments": 25, "km": 11.15, "villages": ["美田里", "仁政里", "廣澤里"]}, "geometry": {"type": "LineString", "coordinates": [[120.306469, 22.619828], [120.305252, 22.619422], [120.305296, 22.619576], [120.306508, 22.61998], [120.30655, 22.619859], [120.30643, 22.620204], [120.305793, 22.619975], [120.305828, 22.619883], [120.306369, 22.620063], [120.306293, 22.620284], [120.30559, 22.62003], [120.305459, 22.620143], [120.305057, 22.620006], [120.305017, 22.619897], [120.305341, 22.619985], [120.305395, 22.619845], [120.30569, 22.619943], [120.305727, 22.619852], [120.305086, 22.619625], [120.305084, 22.619736], [120.305334, 22.619825], [120.305167, 22.619527], [120.304851, 22.620368], [120.306069, 22.620748], [120.306239, 22.620678], [120.306263, 22.620571], [120.305017, 22.620203], [120.30478, 22.620559], [120.30493, 22.620543], [120.306002, 22.620893], [120.306118, 22.620987], [120.306093, 22.621054], [120.304716, 22.620661], [120.305521, 22.620161], [120.306348, 22.620427], [120.3064, 22.620304], [120.306677, 22.620392], [120.306719, 22.620284], [120.307687, 22.620662], [120.307592, 22.620838], [120.307248, 22.620724], [120.307301, 22.620599], [120.307409, 22.620642], [120.307384, 22.620704], [120.307029, 22.620656], [120.306918, 22.620524], [120.306627, 22.620527], [120.306655, 22.620437], [120.306506, 22.620908], [120.307481, 22.621192], [120.307554, 22.62101], [120.306999, 22.620908], [120.307019, 22.620831], [120.307099, 22.620846], [120.306688, 22.620707], [120.306372, 22.621197], [120.307324, 22.62156], [120.307465, 22.621229], [120.307204, 22.621288], [120.306934, 22.621208], [120.307644, 22.620862], [120.307836, 22.620273], [120.306842, 22.620023], [120.30686, 22.619965], [120.306777, 22.620184], [120.307657, 22.620448], [120.30573, 22.62065], [120.304685, 22.620094], [120.304699, 22.61986], [120.304819, 22.619652], [120.304664, 22.61967], [120.303624, 22.619313], [120.303457, 22.619457], [120.303727, 22.619557], [120.303792, 22.619512], [120.30389, 22.619612], [120.304623, 22.619841], [120.304213, 22.620038], [120.303832, 22.61991], [120.303807, 22.619965], [120.30392, 22.620034], [120.304205, 22.620099], [120.304099, 22.620263], [120.303466, 22.62005], [120.303264, 22.620178], [120.302592, 22.61995], [120.302677, 22.619589], [120.302789, 22.619644], [120.302732, 22.619761], [120.302809, 22.619788], [120.302847, 22.619481], [120.303062, 22.619022], [120.302962, 22.61894], [120.303044, 22.618733], [120.303323, 22.618761], [120.303492, 22.618874], [120.303372, 22.619023], [120.303131, 22.619781], [120.302988, 22.619733], [120.303056, 22.619997], [120.303355, 22.619845], [120.303366, 22.619646], [120.303688, 22.619714], [120.303754, 22.619948], [120.303602, 22.6199], [120.303843, 22.619819], [120.303486, 22.619854], [120.303383, 22.620224], [120.304019, 22.620435], [120.304204, 22.620426], [120.304237, 22.620356], [120.304376, 22.620508], [120.304821, 22.619499], [120.304897, 22.619526], [120.304978, 22.619319], [120.303698, 22.618934], [120.303603, 22.619105], [120.304688, 22.619453], [120.304005, 22.61876], [120.303852, 22.618707], [120.303607, 22.618314], [120.303337, 22.618382], [120.303296, 22.618544], [120.303096, 22.618418], [120.303483, 22.617382], [120.303703, 22.617444], [120.303455, 22.618012], [120.303693, 22.617778], [120.303902, 22.617839], [120.303887, 22.617904], [120.303963, 22.617572], [120.303811, 22.617526], [120.305157, 22.618182], [120.303277, 22.61897], [120.303059, 22.6196], [120.302754, 22.619391], [120.302914, 22.619084], [120.302801, 22.619168], [120.302729, 22.619463], [120.303899, 22.616806], [120.303819, 22.616758], [120.304, 22.616152], [120.30415, 22.616199], [120.304028, 22.616512], [120.3042, 22.616559], [120.304488, 22.615817], [120.304558, 22.6158], [120.304662, 22.615877], [120.304336, 22.616604], [120.304544, 22.616666], [120.304448, 22.61702], [120.305709, 22.61743], [120.305851, 22.617036], [120.304561, 22.616608], [120.304893, 22.615986], [120.305848, 22.616297], [120.305952, 22.61605], [120.306198, 22.616109], [120.306426, 22.615561], [120.305625, 22.615277], [120.305481, 22.61551], [120.305397, 22.615474], [120.305444, 22.615347], [120.305352, 22.615311], [120.305209, 22.61568], [120.305307, 22.615708], [120.305353, 22.615573], [120.306152, 22.615856], [120.306194, 22.615734], [120.30557, 22.615536], [120.305469, 22.615248], [120.305088, 22.615174], [120.304922, 22.615714], [120.305916, 22.616038], [120.305553, 22.61635], [120.305447, 22.616332], [120.305377, 22.616472], [120.305998, 22.61669], [120.305922, 22.616883], [120.304788, 22.616504], [120.304901, 22.616322], [120.30534, 22.61646], [120.304992, 22.616163], [120.304864, 22.616305], [120.304749, 22.615633], [120.30429, 22.615408], [120.304601, 22.615469], [120.304775, 22.615003], [120.304846, 22.614881], [120.304906, 22.614901], [120.304705, 22.614828], [120.304731, 22.61476], [120.304615, 22.61506], [120.304477, 22.614966], [120.304548, 22.61476], [120.304814, 22.614631], [120.305048, 22.614879], [120.304791, 22.615534], [120.304449, 22.615802], [120.304275, 22.615747], [120.304263, 22.615893], [120.30413, 22.615844], [120.30418, 22.615718], [120.304105, 22.615908], [120.304185, 22.616106], [120.304156, 22.616861], [120.304584, 22.616889], [120.305646, 22.617259], [120.305575, 22.617092], [120.30462, 22.616774], [120.306011, 22.616658], [120.306646, 22.615017], [120.306572, 22.61508], [120.305678, 22.614698], [120.305797, 22.614581], [120.306694, 22.614874], [120.306444, 22.615132], [120.30592, 22.61496], [120.305831, 22.615185], [120.306275, 22.615334], [120.306359, 22.615356], [120.305242, 22.614931], [120.305327, 22.614751], [120.305865, 22.614947], [120.30571, 22.614536], [120.305415, 22.614453], [120.305359, 22.61467], [120.305236, 22.614388], [120.305213, 22.614994], [120.304457, 22.615171]]}}, {"type": "Feature", "properties": {"district": "6400800", "segment": 22, "total_segments": 25, "km": 9.3, "villages": ["城東里", "意誠里", "城西里"]}, "geometry": {"type": "LineString", "coordinates": [[120.303814, 22.614916], [120.303972, 22.614465], [120.303787, 22.614211], [120.303593, 22.614222], [120.30323, 22.615121], [120.303693, 22.615249], [120.303797, 22.614952], [120.303682, 22.61487], [120.303845, 22.614473], [120.303581, 22.614608], [120.303432, 22.615097], [120.303574, 22.615141], [120.303651, 22.614942], [120.302933, 22.614878], [120.303066, 22.614568], [120.302727, 22.614345], [120.302896, 22.614081], [120.303032, 22.614119], [120.302925, 22.61435], [120.303232, 22.614453], [120.30326, 22.614321], [120.303178, 22.614299], [120.303235, 22.614182], [120.303323, 22.614203], [120.303323, 22.613909], [120.303421, 22.613931], [120.303502, 22.613777], [120.302325, 22.613428], [120.302286, 22.613654], [120.302769, 22.613773], [120.3027, 22.61399], [120.302476, 22.613917], [120.302373, 22.614343], [120.302142, 22.614741], [120.302383, 22.614694], [120.302626, 22.614132], [120.302276, 22.614006], [120.302168, 22.614276], [120.30203, 22.61422], [120.302169, 22.613829], [120.302286, 22.613973], [120.302214, 22.613645], [120.301797, 22.614648], [120.302028, 22.614755], [120.302115, 22.614421], [120.302664, 22.6146], [120.302703, 22.614513], [120.302539, 22.614906], [120.302715, 22.614963], [120.302737, 22.615245], [120.302966, 22.615297], [120.302646, 22.61619], [120.302423, 22.616174], [120.302521, 22.615913], [120.302391, 22.615853], [120.302412, 22.615614], [120.30251, 22.615389], [120.30239, 22.615329], [120.30209, 22.61603], [120.301914, 22.616], [120.302157, 22.615306], [120.301956, 22.615287], [120.301821, 22.615675], [120.301871, 22.615711], [120.301735, 22.615891], [120.301802, 22.615928], [120.301935, 22.615585], [120.301677, 22.615557], [120.301559, 22.615854], [120.301415, 22.615736], [120.301765, 22.614918], [120.302457, 22.615158], [120.30239, 22.615262], [120.302705, 22.615471], [120.302112, 22.616344], [120.302411, 22.616445], [120.302933, 22.615942], [120.303165, 22.615346], [120.303324, 22.61541], [120.303089, 22.615942], [120.303598, 22.615502], [120.301999, 22.615224], [120.301328, 22.616088], [120.299839, 22.614004], [120.300354, 22.612923], [120.300358, 22.612734], [120.301183, 22.612999], [120.301122, 22.61316], [120.301382, 22.612714], [120.301923, 22.612891], [120.30198, 22.612822], [120.302318, 22.611902], [120.301991, 22.611693], [120.301576, 22.611601], [120.301473, 22.611817], [120.301257, 22.611753], [120.301161, 22.611689], [120.301249, 22.611455], [120.300915, 22.611318], [120.300811, 22.61157], [120.301039, 22.61168], [120.301147, 22.611445], [120.301611, 22.61152], [120.30161, 22.611958], [120.30139, 22.612611], [120.301562, 22.612707], [120.301724, 22.612638], [120.301787, 22.61273], [120.302605, 22.613122], [120.303017, 22.612194], [120.303141, 22.612231], [120.30282, 22.613078], [120.302822, 22.613187], [120.303059, 22.613251], [120.303502, 22.612113], [120.303229, 22.612031], [120.303172, 22.61215], [120.302977, 22.612039], [120.302805, 22.612135], [120.302493, 22.612874], [120.302652, 22.612869], [120.302863, 22.612326], [120.303097, 22.612787], [120.303018, 22.61299], [120.303949, 22.612841], [120.301017, 22.612122], [120.301042, 22.611915], [120.301135, 22.611852], [120.301402, 22.611934], [120.301348, 22.612115], [120.300933, 22.611968], [120.300861, 22.612058], [120.300667, 22.612003], [120.300739, 22.611733], [120.300975, 22.611842], [120.3007, 22.612173], [120.300629, 22.612375], [120.300838, 22.61241], [120.300798, 22.612519], [120.301127, 22.612637], [120.301155, 22.612547], [120.300892, 22.612438], [120.300436, 22.612932], [120.300042, 22.612057], [120.300308, 22.61196], [120.300412, 22.611715], [120.300292, 22.611223], [120.299514, 22.611032], [120.299599, 22.610806], [120.299924, 22.610907], [120.299742, 22.611268], [120.299461, 22.611167], [120.299387, 22.611338], [120.299666, 22.611475], [120.299556, 22.61158], [120.29935, 22.611519], [120.299247, 22.611717], [120.299543, 22.611836], [120.299327, 22.611974], [120.298827, 22.611869], [120.299179, 22.610819], [120.299377, 22.610721], [120.299365, 22.611031], [120.299057, 22.611779], [120.3002, 22.613568], [120.300154, 22.61374], [120.30008, 22.613716], [120.300804, 22.613944], [120.30039, 22.614079], [120.300298, 22.614031], [120.300271, 22.613893], [120.300043, 22.613821], [120.300053, 22.61411], [120.300184, 22.614151], [120.299969, 22.614078], [120.30123, 22.614489], [120.301263, 22.614322], [120.301152, 22.614257], [120.301113, 22.614347], [120.301312, 22.613831], [120.301086, 22.613784], [120.300948, 22.614189], [120.30077, 22.614054], [120.3009, 22.613824], [120.300884, 22.613698], [120.300415, 22.613542], [120.300399, 22.613608], [120.30063, 22.613445], [120.300999, 22.613579], [120.301032, 22.613404], [120.300924, 22.613322], [120.301061, 22.613317], [120.301095, 22.613398], [120.301143, 22.613223], [120.301004, 22.613199], [120.301318, 22.613282], [120.301433, 22.613069], [120.301557, 22.613103], [120.301289, 22.613403], [120.301334, 22.613573], [120.301104, 22.613736], [120.301577, 22.613932], [120.301347, 22.614508], [120.301793, 22.613305], [120.30046, 22.613962], [120.300041, 22.615626]]}}, {"type": "Feature", "properties": {"district": "6400800", "segment": 23, "total_segments": 25, "km": 10.79, "villages": ["人和里", "田西里", "鼓中里"]}, "geometry": {"type": "LineString", "coordinates": [[120.301154, 22.616629], [120.300698, 22.617648], [120.300877, 22.617685], [120.301116, 22.616936], [120.301341, 22.617009], [120.301393, 22.616883], [120.301492, 22.616929], [120.301151, 22.617776], [120.301229, 22.617804], [120.300997, 22.61773], [120.301328, 22.617045], [120.301689, 22.617173], [120.301749, 22.617029], [120.301868, 22.617039], [120.301528, 22.617904], [120.301367, 22.617849], [120.301812, 22.616804], [120.302055, 22.616778], [120.302228, 22.616959], [120.302139, 22.617405], [120.301833, 22.618023], [120.301912, 22.61805], [120.301589, 22.617918], [120.301774, 22.617887], [120.302087, 22.61713], [120.302559, 22.617006], [120.302823, 22.617088], [120.302829, 22.617278], [120.302539, 22.618017], [120.302463, 22.618188], [120.302079, 22.618087], [120.302259, 22.617727], [120.302371, 22.617763], [120.302149, 22.618431], [120.302295, 22.618486], [120.302105, 22.618638], [120.301915, 22.618592], [120.301888, 22.618655], [120.301931, 22.618547], [120.301684, 22.618483], [120.301806, 22.618339], [120.301298, 22.618129], [120.301118, 22.618769], [120.301335, 22.61887], [120.301256, 22.618983], [120.301136, 22.618998], [120.301048, 22.619194], [120.301131, 22.619221], [120.301213, 22.619041], [120.3014, 22.619194], [120.301668, 22.618528], [120.301547, 22.618464], [120.30152, 22.618536], [120.301586, 22.618365], [120.301477, 22.618319], [120.301432, 22.618455], [120.301335, 22.618418], [120.301364, 22.61822], [120.300896, 22.618037], [120.300757, 22.61828], [120.30094, 22.618335], [120.30102, 22.618146], [120.300583, 22.617945], [120.30009, 22.619108], [120.300637, 22.619318], [120.300727, 22.618966], [120.300448, 22.618743], [120.300584, 22.618623], [120.30067, 22.61865], [120.300706, 22.61856], [120.300711, 22.618452], [120.300545, 22.618357], [120.300683, 22.618045], [120.300574, 22.617846], [120.301042, 22.617604], [120.30087, 22.618524], [120.300937, 22.618574], [120.300777, 22.618687], [120.300658, 22.618677], [120.301, 22.618876], [120.300891, 22.619364], [120.301349, 22.619534], [120.301343, 22.619409], [120.301182, 22.619362], [120.301231, 22.619239], [120.301707, 22.619314], [120.301823, 22.61917], [120.301702, 22.619133], [120.301795, 22.61898], [120.302105, 22.619108], [120.302198, 22.619045], [120.30226, 22.618883], [120.301469, 22.618735], [120.301242, 22.618542], [120.300782, 22.618427], [120.300609, 22.619029], [120.300342, 22.619091], [120.300364, 22.618947], [120.301911, 22.619604], [120.301882, 22.619709], [120.30201, 22.619351], [120.301511, 22.616707], [120.300013, 22.617735], [120.299905, 22.617825], [120.29971, 22.618294], [120.299816, 22.618321], [120.299852, 22.618222], [120.299855, 22.618421], [120.29963, 22.618942], [120.299497, 22.618955], [120.298121, 22.618445], [120.29832, 22.617931], [120.298392, 22.618026], [120.299144, 22.6183], [120.299022, 22.618615], [120.298985, 22.618495], [120.298306, 22.618269], [120.298376, 22.618155], [120.29898, 22.618327], [120.29918, 22.618266], [120.299305, 22.617804], [120.298554, 22.617566], [120.298378, 22.617773], [120.298121, 22.617685], [120.298321, 22.617171], [120.298213, 22.617059], [120.297866, 22.616961], [120.297871, 22.617057], [120.297708, 22.616923], [120.297559, 22.617231], [120.298036, 22.617387], [120.298095, 22.617284], [120.297955, 22.617244], [120.297809, 22.617598], [120.298019, 22.617668], [120.298021, 22.617844], [120.297981, 22.618048], [120.297798, 22.618315], [120.297588, 22.618253], [120.297611, 22.618144], [120.29746, 22.618085], [120.297418, 22.618185], [120.297032, 22.618032], [120.296677, 22.618006], [120.296615, 22.617862], [120.296473, 22.617917], [120.296548, 22.617695], [120.296655, 22.617681], [120.296581, 22.617598], [120.296649, 22.61735], [120.296918, 22.617541], [120.297835, 22.617834], [120.297769, 22.617586], [120.29714, 22.617374], [120.297129, 22.617262], [120.297288, 22.617223], [120.297194, 22.617138], [120.296996, 22.617195], [120.296804, 22.617086], [120.296724, 22.617171], [120.296758, 22.617243], [120.296994, 22.617322], [120.297065, 22.617006], [120.296903, 22.616854], [120.296999, 22.616676], [120.297221, 22.616721], [120.296849, 22.616888], [120.296818, 22.616974], [120.296964, 22.617743], [120.297418, 22.617885], [120.296975, 22.617844], [120.298516, 22.61744], [120.298596, 22.617241], [120.299457, 22.617543], [120.299339, 22.617714], [120.298776, 22.617517], [120.298784, 22.617417], [120.298721, 22.617404], [120.298953, 22.617462], [120.298648, 22.61749], [120.298706, 22.617838], [120.299455, 22.61813], [120.299631, 22.617652], [120.299813, 22.617644], [120.299439, 22.618419], [120.299509, 22.618446], [120.299343, 22.618409], [120.299442, 22.618166], [120.299323, 22.61859], [120.299391, 22.618608], [120.299288, 22.618581], [120.299255, 22.618653], [120.299958, 22.618042], [120.29963, 22.617589], [120.299711, 22.617349], [120.299918, 22.617403], [120.299903, 22.617301], [120.299762, 22.617273], [120.300107, 22.616454], [120.30018, 22.616561], [120.299919, 22.617265], [120.300102, 22.617338], [120.300021, 22.617428], [120.300222, 22.617503], [120.300183, 22.61742], [120.300501, 22.616651], [120.300356, 22.616653], [120.300116, 22.617293], [120.299564, 22.617289], [120.299241, 22.617183], [120.299319, 22.616967], [120.298757, 22.616835], [120.2987, 22.61698], [120.299004, 22.617117], [120.299193, 22.616774], [120.298867, 22.616664], [120.298948, 22.616457], [120.29945, 22.616633], [120.299269, 22.616784], [120.299405, 22.617003], [120.299624, 22.617056], [120.299575, 22.617173], [120.299594, 22.61693], [120.299672, 22.616921], [120.299738, 22.616768], [120.299558, 22.616856], [120.298854, 22.616691], [120.29876, 22.616796], [120.298503, 22.616709], [120.298444, 22.616884], [120.298371, 22.616834], [120.298314, 22.616785], [120.298513, 22.616338], [120.298583, 22.616347], [120.298623, 22.6164], [120.29851, 22.616661], [120.298214, 22.616517], [120.298283, 22.61659], [120.298239, 22.616635], [120.298134, 22.616548], [120.297771, 22.616487], [120.297814, 22.616434], [120.297935, 22.616496], [120.29784, 22.616389], [120.297682, 22.61642], [120.297651, 22.616352], [120.297675, 22.61654], [120.298218, 22.616725], [120.298205, 22.616824], [120.29768, 22.616659], [120.297492, 22.61646], [120.297336, 22.616553], [120.297017, 22.616449], [120.297094, 22.616313], [120.297196, 22.616269], [120.297385, 22.616342], [120.297431, 22.616211], [120.297566, 22.616243], [120.297654, 22.616136], [120.297733, 22.616188], [120.297711, 22.61628], [120.297975, 22.616381], [120.298012, 22.616308], [120.298134, 22.616351], [120.298138, 22.616282], [120.298309, 22.616346], [120.29835, 22.616262], [120.298449, 22.616289], [120.297469, 22.615967], [120.29715, 22.615958], [120.297192, 22.616061], [120.297131, 22.616094], [120.297501, 22.616088], [120.297516, 22.615795], [120.29732, 22.615736], [120.297452, 22.615369], [120.297512, 22.615287], [120.297768, 22.615404], [120.297771, 22.61569], [120.297996, 22.615752], [120.297955, 22.615938], [120.298613, 22.616176], [120.298681, 22.616093], [120.298602, 22.616013], [120.298733, 22.615996], [120.29868, 22.615797], [120.298778, 22.615752], [120.298473, 22.615684], [120.29854, 22.615932], [120.298076, 22.616264], [120.297874, 22.616199], [120.297849, 22.616258], [120.29812, 22.616417], [120.298074, 22.616471], [120.298353, 22.6165], [120.298278, 22.616862], [120.297516, 22.616415], [120.297244, 22.615901], [120.297726, 22.615874], [120.300412, 22.616373]]}}, {"type": "Feature", "properties": {"district": "6400800", "segment": 24, "total_segments": 25, "km": 9.72, "villages": ["城北里", "苓東里", "苓中里"]}, "geometry": {"type": "LineString", "coordinates": [[120.29879, 22.615716], [120.299, 22.61531], [120.298991, 22.615125], [120.298421, 22.614933], [120.298192, 22.6149], [120.298152, 22.615036], [120.297807, 22.614908], [120.29793, 22.614821], [120.298299, 22.614786], [120.298308, 22.614702], [120.298422, 22.614838], [120.298767, 22.614957], [120.298716, 22.614876], [120.298909, 22.614931], [120.298886, 22.615003], [120.299003, 22.61503], [120.299044, 22.614931], [120.299145, 22.614968], [120.299193, 22.614851], [120.29865, 22.614631], [120.298655, 22.614496], [120.2993, 22.614679], [120.299357, 22.614509], [120.298697, 22.61432], [120.298429, 22.614323], [120.298389, 22.614405], [120.298595, 22.614478], [120.297884, 22.614231], [120.298092, 22.613682], [120.299471, 22.614107], [120.299379, 22.614348], [120.298299, 22.614067], [120.298228, 22.613961], [120.298089, 22.614005], [120.298192, 22.61418], [120.298356, 22.614229], [120.298322, 22.614307], [120.298146, 22.614482], [120.297807, 22.614418], [120.297646, 22.614839], [120.297828, 22.614365], [120.298212, 22.615054], [120.298904, 22.615292], [120.299127, 22.615004], [120.298924, 22.614895], [120.299263, 22.613836], [120.29945, 22.613887], [120.299475, 22.613621], [120.299393, 22.613592], [120.299224, 22.613826], [120.298174, 22.613492], [120.298272, 22.61323], [120.298857, 22.613437], [120.298872, 22.613296], [120.29829, 22.613083], [120.298388, 22.612875], [120.298536, 22.612924], [120.298605, 22.612762], [120.299409, 22.613053], [120.299342, 22.613185], [120.298794, 22.61299], [120.298727, 22.613089], [120.299081, 22.613232], [120.299136, 22.61339], [120.299041, 22.613377], [120.299135, 22.613271], [120.299262, 22.613456], [120.299702, 22.613585], [120.299724, 22.613516], [120.299596, 22.613878], [120.299541, 22.613428], [120.299615, 22.613275], [120.299397, 22.613201], [120.299198, 22.613549], [120.299106, 22.613516], [120.299398, 22.612362], [120.298737, 22.612241], [120.299043, 22.612685], [120.299552, 22.612407], [120.300061, 22.612608], [120.300016, 22.612766], [120.299854, 22.612768], [120.299848, 22.612921], [120.298044, 22.612735], [120.297682, 22.613043], [120.296902, 22.612764], [120.296897, 22.612451], [120.296744, 22.612402], [120.296171, 22.612467], [120.295906, 22.613129], [120.295656, 22.612984], [120.295708, 22.612812], [120.295921, 22.61283], [120.295994, 22.612651], [120.295752, 22.612596], [120.295897, 22.612452], [120.296039, 22.612482], [120.295657, 22.612419], [120.295688, 22.612312], [120.29557, 22.612269], [120.295442, 22.61233], [120.295502, 22.612393], [120.29538, 22.612594], [120.295423, 22.612685], [120.295203, 22.612456], [120.294703, 22.612727], [120.294725, 22.612979], [120.295012, 22.613116], [120.294915, 22.6128], [120.294523, 22.613057], [120.294445, 22.612852], [120.294496, 22.612825], [120.294214, 22.61295], [120.294333, 22.613014], [120.294523, 22.613376], [120.294669, 22.613395], [120.294733, 22.613222], [120.294936, 22.613347], [120.294753, 22.613702], [120.294789, 22.613838], [120.294457, 22.613752], [120.294646, 22.61363], [120.294291, 22.61338], [120.294129, 22.613546], [120.293943, 22.613201], [120.294087, 22.613004], [120.294529, 22.613199], [120.295286, 22.613283], [120.295349, 22.613199], [120.29545, 22.613227], [120.295145, 22.613738], [120.295652, 22.613951], [120.295584, 22.614096], [120.295316, 22.614038], [120.295118, 22.613948], [120.295668, 22.613915], [120.29563, 22.613549], [120.295781, 22.613336], [120.296194, 22.613708], [120.297098, 22.613722], [120.293682, 22.613779], [120.293542, 22.613849], [120.293445, 22.613715], [120.293601, 22.613585], [120.293438, 22.613243], [120.29328, 22.61356], [120.293077, 22.613541], [120.29313, 22.613623], [120.292995, 22.613685], [120.293062, 22.614119], [120.293225, 22.614035], [120.2932, 22.613831], [120.293301, 22.613786], [120.293373, 22.61393], [120.293124, 22.613867], [120.29268, 22.614082], [120.292594, 22.613919], [120.292258, 22.614025], [120.292189, 22.614179], [120.292401, 22.614335], [120.29276, 22.614254], [120.2927, 22.614118], [120.292802, 22.614223], [120.292553, 22.613727], [120.292329, 22.613827], [120.292093, 22.61188], [120.293663, 22.611029], [120.294003, 22.614105], [120.293273, 22.614408], [120.293466, 22.614851], [120.294342, 22.614575], [120.29425, 22.614458], [120.294258, 22.614321], [120.294028, 22.614237], [120.293872, 22.61434], [120.293879, 22.614483], [120.293538, 22.614642], [120.293522, 22.614492], [120.294059, 22.614404], [120.294193, 22.614136], [120.294124, 22.614109], [120.294634, 22.614324], [120.294431, 22.614812], [120.29369, 22.615143], [120.293751, 22.614911], [120.293909, 22.614931], [120.294036, 22.614813], [120.294205, 22.61519], [120.293812, 22.615357], [120.293932, 22.615731], [120.294268, 22.615547], [120.294284, 22.615399], [120.294234, 22.615297], [120.294169, 22.615326], [120.294219, 22.615421], [120.294553, 22.615297], [120.294638, 22.615399], [120.294359, 22.615525], [120.294454, 22.61563], [120.29434, 22.615723], [120.294123, 22.615795], [120.294072, 22.616028], [120.294158, 22.616023], [120.294141, 22.616162], [120.294204, 22.616257], [120.294954, 22.615834], [120.295046, 22.615466], [120.294766, 22.615499], [120.294542, 22.61562], [120.294522, 22.615723], [120.294638, 22.615748], [120.294379, 22.615929], [120.294338, 22.615854], [120.29424, 22.61589], [120.294032, 22.615535], [120.294044, 22.61541], [120.294242, 22.615175], [120.294501, 22.615074], [120.294738, 22.61484], [120.294724, 22.614722], [120.294886, 22.614407], [120.295431, 22.614599], [120.295226, 22.615022], [120.294778, 22.614876], [120.294906, 22.614733], [120.295051, 22.614733], [120.29513, 22.614632], [120.294751, 22.615353], [120.294433, 22.614452], [120.293046, 22.614679], [120.29271, 22.614831], [120.29283, 22.615007], [120.292634, 22.615099], [120.292454, 22.614753], [120.29297, 22.614561], [120.29267, 22.615166], [120.292912, 22.6155], [120.293193, 22.615366], [120.292935, 22.615244], [120.292196, 22.615299], [120.291991, 22.614997], [120.292326, 22.615651]]}}, {"type": "Feature", "properties": {"district": "6400800", "segment": 25, "total_segments": 25, "km": 9.97, "villages": ["苓雅里", "苓昇里", "苓洲里", "博仁里"]}, "geometry": {"type": "LineString", "coordinates": [[120.295239, 22.615854], [120.296647, 22.616312], [120.296907, 22.615693], [120.296868, 22.615602], [120.29695, 22.615587], [120.297095, 22.615215], [120.297069, 22.615137], [120.296637, 22.614988], [120.296588, 22.615114], [120.296796, 22.615161], [120.296742, 22.615355], [120.296638, 22.615318], [120.296383, 22.616085], [120.296294, 22.615985], [120.29633, 22.615889], [120.296197, 22.615795], [120.295527, 22.615566], [120.295769, 22.615152], [120.296165, 22.61528], [120.296163, 22.615162], [120.295557, 22.614952], [120.295674, 22.614664], [120.296379, 22.614872], [120.296423, 22.61493], [120.296155, 22.615066], [120.296281, 22.615199], [120.296523, 22.615281], [120.296633, 22.615634], [120.296214, 22.615904], [120.295689, 22.615829], [120.295764, 22.615531], [120.295998, 22.615604], [120.296096, 22.615379], [120.295829, 22.615324], [120.295729, 22.615513], [120.295372, 22.615413], [120.295518, 22.615033], [120.295852, 22.61526], [120.295384, 22.61552], [120.295288, 22.61571], [120.295945, 22.614274], [120.295833, 22.614248], [120.295882, 22.614102], [120.296142, 22.614185], [120.296081, 22.614333], [120.296842, 22.614576], [120.296893, 22.614432], [120.296516, 22.614184], [120.2966, 22.613975], [120.296743, 22.614022], [120.296421, 22.613969], [120.29736, 22.614259], [120.297305, 22.614662], [120.296516, 22.616492], [120.296382, 22.616446], [120.296353, 22.616517], [120.296135, 22.616553], [120.296191, 22.616686], [120.296074, 22.616679], [120.29606, 22.616562], [120.295517, 22.61665], [120.295523, 22.616529], [120.295184, 22.616429], [120.295197, 22.61634], [120.295615, 22.616479], [120.295955, 22.616489], [120.296052, 22.616345], [120.296235, 22.6164], [120.295093, 22.616007], [120.294673, 22.616283], [120.295054, 22.616439], [120.295029, 22.616505], [120.294531, 22.616374], [120.294499, 22.616492], [120.296363, 22.617105], [120.296439, 22.616916], [120.296179, 22.616941], [120.296109, 22.616816], [120.295943, 22.617142], [120.29425, 22.616581], [120.294184, 22.616761], [120.293904, 22.616399], [120.293806, 22.616074], [120.293693, 22.616118], [120.293648, 22.616009], [120.293746, 22.615983], [120.293493, 22.615497], [120.293016, 22.615835], [120.29257, 22.616016], [120.292899, 22.616605], [120.293403, 22.616416], [120.293565, 22.616849], [120.293762, 22.617039], [120.296068, 22.617783], [120.296287, 22.617249], [120.295997, 22.617162], [120.295866, 22.617482], [120.295927, 22.6175], [120.295268, 22.617281], [120.29531, 22.617173], [120.295205, 22.617136], [120.294925, 22.61727], [120.294898, 22.617153], [120.294694, 22.61708], [120.294639, 22.617224], [120.294546, 22.617061], [120.294629, 22.616845], [120.29474, 22.616971], [120.294959, 22.616971], [120.295028, 22.6169], [120.294922, 22.616867], [120.29511, 22.616531], [120.295266, 22.616589], [120.29516, 22.616242], [120.295071, 22.61625], [120.29512, 22.616142], [120.294999, 22.616151], [120.29554, 22.61627], [120.295791, 22.616666], [120.295677, 22.61731], [120.295791, 22.617355], [120.295138, 22.617244], [120.294448, 22.616482], [120.29653, 22.616663], [120.29659, 22.616528], [120.295943, 22.618117], [120.295704, 22.618623], [120.294278, 22.618162], [120.294396, 22.617945], [120.294617, 22.618111], [120.29473, 22.617931], [120.294866, 22.61797], [120.294853, 22.618119], [120.295241, 22.618253], [120.295288, 22.618133], [120.295096, 22.618031], [120.295141, 22.617873], [120.295845, 22.618105], [120.29571, 22.618254], [120.295351, 22.618143], [120.295416, 22.618436], [120.29566, 22.618387], [120.295111, 22.618639], [120.29497, 22.618598], [120.294909, 22.618701], [120.294571, 22.618434], [120.294494, 22.618524], [120.294252, 22.61836], [120.294135, 22.618549], [120.294462, 22.618659], [120.294654, 22.618912], [120.294155, 22.618742], [120.29404, 22.618798], [120.294052, 22.618949], [120.294313, 22.619017], [120.294331, 22.619297], [120.295118, 22.619571], [120.295011, 22.61971], [120.295279, 22.61983], [120.295187, 22.620134], [120.294466, 22.619899], [120.29452, 22.619805], [120.294742, 22.619778], [120.294998, 22.619863], [120.294942, 22.61968], [120.29419, 22.619615], [120.293424, 22.619353], [120.293307, 22.619422], [120.293428, 22.619585], [120.294133, 22.619814], [120.294175, 22.619706], [120.294053, 22.619667], [120.294093, 22.61922], [120.293672, 22.6192], [120.293627, 22.619111], [120.293311, 22.619183], [120.293265, 22.619342], [120.293635, 22.61854], [120.293864, 22.618195], [120.29398, 22.618253], [120.29398, 22.618117], [120.293763, 22.618113], [120.293965, 22.617438], [120.294144, 22.617484], [120.294031, 22.617716], [120.294112, 22.617936], [120.294885, 22.617733], [120.295028, 22.617815], [120.294986, 22.618812], [120.295207, 22.618834], [120.294897, 22.619206], [120.295488, 22.619341], [120.29537, 22.619629], [120.295058, 22.620314], [120.294832, 22.620729], [120.294754, 22.62056], [120.294848, 22.620277], [120.294941, 22.620305], [120.29453, 22.620113], [120.293586, 22.619865], [120.29345, 22.619751], [120.293198, 22.620059], [120.29261, 22.619707], [120.292621, 22.619626], [120.292986, 22.619722], [120.293076, 22.619836], [120.292864, 22.619501], [120.292836, 22.619567], [120.292485, 22.619626], [120.292439, 22.619842], [120.292359, 22.619815], [120.292368, 22.619964], [120.292182, 22.619788], [120.291831, 22.619935], [120.291533, 22.619721], [120.290827, 22.620034], [120.290905, 22.619754], [120.291121, 22.619748], [120.291353, 22.620154], [120.291175, 22.620248], [120.291089, 22.620432], [120.291598, 22.62031], [120.291875, 22.620467], [120.292356, 22.620341], [120.292701, 22.620132], [120.29276, 22.619871], [120.292841, 22.619907], [120.292886, 22.620422], [120.294584, 22.620701], [120.294725, 22.620323], [120.294327, 22.620283], [120.292, 22.618611]]}}]}