{"type": "FeatureCollection", "features": [{"type": "Feature", "properties": {"district": "6400900", "segment": 1, "total_segments": 34, "km": 10.41, "villages": ["仁愛里"]}, "geometry": {"type": "LineString", "coordinates": [[120.316421, 22.582212], [120.31657, 22.58232], [120.316424, 22.582513], [120.3161, 22.582647], [120.31622, 22.582756], [120.316391, 22.582549], [120.316466, 22.582639], [120.316617, 22.582586], [120.316615, 22.582676], [120.316764, 22.582684], [120.316738, 22.582776], [120.316566, 22.582775], [120.316536, 22.582676], [120.316404, 22.582764], [120.316504, 22.58291], [120.317043, 22.583165], [120.317128, 22.582949], [120.317187, 22.582984], [120.31728, 22.582884], [120.317102, 22.582781], [120.317286, 22.582511], [120.317232, 22.582411], [120.316503, 22.582128], [120.316006, 22.582764], [120.316654, 22.582448], [120.316893, 22.582587], [120.316878, 22.582776], [120.317063, 22.582913], [120.316991, 22.582959], [120.316993, 22.58322], [120.317388, 22.583176], [120.317783, 22.582571], [120.319395, 22.583121], [120.31928, 22.58324], [120.319156, 22.583129], [120.31904, 22.583355], [120.319251, 22.583485], [120.319277, 22.583401], [120.319002, 22.583166], [120.318548, 22.583037], [120.318542, 22.582973], [120.318429, 22.583094], [120.318331, 22.583044], [120.318264, 22.583166], [120.318657, 22.58335], [120.318719, 22.583272], [120.318616, 22.583209], [120.318689, 22.583134], [120.318772, 22.583171], [120.318827, 22.583426], [120.31944, 22.58379], [120.319643, 22.58361], [120.319575, 22.583555], [120.319537, 22.583609], [120.319625, 22.583474], [120.319581, 22.583321], [120.31982, 22.583348], [120.319734, 22.583574], [120.319998, 22.583322], [120.320063, 22.583343], [120.319523, 22.583149], [120.319657, 22.583291], [120.319416, 22.583401], [120.319243, 22.583951], [120.31897, 22.584181], [120.318832, 22.583999], [120.318588, 22.583885], [120.318672, 22.583656], [120.31879, 22.583733], [120.318844, 22.583607], [120.318944, 22.583661], [120.319055, 22.583835], [120.318956, 22.583933], [120.318871, 22.583879], [120.318963, 22.584009], [120.318769, 22.58357], [120.318595, 22.583569], [120.318602, 22.583488], [120.318438, 22.583406], [120.318419, 22.583469], [120.318272, 22.583333], [120.317845, 22.583449], [120.317478, 22.583211], [120.317714, 22.583051], [120.318025, 22.583197], [120.317928, 22.583318], [120.318134, 22.583278], [120.318218, 22.583146], [120.318107, 22.583062], [120.318181, 22.582872], [120.318345, 22.582882], [120.318046, 22.582799], [120.317971, 22.583025], [120.317813, 22.582645], [120.317944, 22.582393], [120.318561, 22.582612], [120.318561, 22.582449], [120.318214, 22.582087], [120.318311, 22.582024], [120.318447, 22.58216], [120.318494, 22.582115], [120.318544, 22.582196], [120.318494, 22.582241], [120.318642, 22.582396], [120.318801, 22.58227], [120.318659, 22.582107], [120.318573, 22.582179], [120.318584, 22.582061], [120.318399, 22.581862], [120.318454, 22.581799], [120.318853, 22.582162], [120.31896, 22.582111], [120.318854, 22.582017], [120.318939, 22.581925], [120.319161, 22.582018], [120.319345, 22.581852], [120.319426, 22.582019], [120.319504, 22.581971], [120.31952, 22.582109], [120.319595, 22.582108], [120.319678, 22.581946], [120.319897, 22.582112], [120.319868, 22.582223], [120.319969, 22.582193], [120.319733, 22.582456], [120.319288, 22.582163], [120.319544, 22.581856], [120.319646, 22.581921], [120.319153, 22.581573], [120.319079, 22.581695], [120.319056, 22.58159], [120.318698, 22.581749], [120.318846, 22.581882], [120.318619, 22.581833], [120.318508, 22.581745], [120.318865, 22.581372], [120.319052, 22.581513], [120.318518, 22.581078], [120.318622, 22.581303], [120.318504, 22.581437], [120.318155, 22.581078], [120.318081, 22.581145], [120.318417, 22.581524], [120.318322, 22.58197], [120.318069, 22.582258], [120.318078, 22.582339], [120.318275, 22.582414], [120.317996, 22.582339], [120.317377, 22.582405], [120.317499, 22.582541], [120.317314, 22.582832], [120.317239, 22.582746], [120.317049, 22.58275], [120.317002, 22.582464], [120.318053, 22.581111], [120.317624, 22.580718], [120.317707, 22.580626], [120.31807, 22.580985], [120.318213, 22.580886], [120.317745, 22.580584], [120.316866, 22.580201], [120.31581, 22.581588], [120.315175, 22.581335], [120.315464, 22.580856], [120.31578, 22.580514], [120.316019, 22.580424], [120.316294, 22.580083], [120.316375, 22.579837], [120.316055, 22.579372], [120.31573, 22.57966], [120.315458, 22.580287], [120.314636, 22.581196], [120.314153, 22.580983], [120.313835, 22.580966], [120.314626, 22.579958], [120.315016, 22.579662], [120.315166, 22.579274], [120.315653, 22.578809], [120.315859, 22.578374], [120.316073, 22.578194], [120.316583, 22.578492], [120.316709, 22.578695], [120.316253, 22.579198], [120.316819, 22.579345], [120.317088, 22.578876], [120.317614, 22.579212], [120.317541, 22.579483], [120.317386, 22.579681], [120.317132, 22.579794], [120.317806, 22.578901], [120.318037, 22.579042], [120.316805, 22.578172], [120.316511, 22.577777], [120.315996, 22.577538], [120.31499, 22.578832], [120.314471, 22.579289], [120.314551, 22.579407], [120.313637, 22.580559], [120.313341, 22.580682], [120.312991, 22.580647], [120.312885, 22.580432], [120.31437, 22.578685], [120.314773, 22.578388], [120.315521, 22.577501], [120.318524, 22.583153], [120.318243, 22.583452], [120.318538, 22.583641], [120.318473, 22.58374], [120.318415, 22.583776], [120.318022, 22.583576], [120.323369, 22.56834]]}}, {"type": "Feature", "properties": {"district": "6400900", "segment": 2, "total_segments": 34, "km": 14.98, "villages": ["德昌里", "明孝里"]}, "geometry": {"type": "LineString", "coordinates": [[120.318874, 22.579432], [120.318823, 22.57949], [120.31892, 22.579546], [120.318978, 22.579497], [120.319168, 22.579627], [120.319199, 22.579756], [120.319269, 22.57969], [120.319414, 22.579908], [120.319465, 22.579843], [120.319604, 22.579917], [120.319553, 22.579994], [120.319631, 22.580055], [120.31968, 22.579986], [120.319456, 22.580223], [120.318681, 22.57965], [120.318488, 22.579893], [120.319291, 22.580421], [120.319111, 22.580627], [120.318365, 22.580064], [120.31814, 22.580316], [120.318934, 22.580843], [120.318748, 22.58105], [120.317985, 22.580496], [120.319026, 22.581259], [120.319091, 22.58121], [120.319103, 22.581314], [120.319288, 22.581329], [120.319188, 22.581377], [120.31945, 22.58145], [120.319375, 22.581514], [120.319472, 22.581586], [120.319678, 22.581379], [120.319776, 22.581452], [120.319592, 22.581668], [120.319704, 22.581741], [120.31989, 22.581543], [120.320002, 22.581607], [120.31984, 22.581841], [120.319932, 22.581913], [120.320308, 22.581395], [120.320353, 22.581524], [120.320544, 22.581293], [120.320267, 22.581214], [120.320332, 22.581146], [120.320249, 22.581068], [120.320016, 22.581306], [120.319905, 22.581239], [120.319975, 22.581159], [120.319874, 22.581086], [120.31982, 22.581157], [120.319707, 22.581059], [120.31993, 22.580839], [120.319831, 22.580759], [120.319605, 22.580996], [120.319481, 22.580934], [120.319707, 22.580696], [120.319614, 22.580622], [120.319169, 22.581113], [120.31939, 22.581161], [120.319349, 22.581234], [120.319513, 22.581364], [120.319575, 22.581298], [120.319485, 22.581234], [120.320032, 22.580917], [120.320129, 22.580986], [120.320055, 22.581046], [120.320324, 22.580888], [120.32023, 22.580662], [120.32017, 22.580726], [120.320049, 22.580654], [120.320254, 22.580406], [120.320162, 22.580347], [120.319964, 22.580583], [120.319914, 22.580439], [120.319823, 22.580486], [120.319737, 22.580422], [120.319915, 22.580188], [120.320013, 22.580252], [120.31997, 22.580318], [120.320288, 22.580559], [120.320361, 22.580499], [120.320471, 22.580564], [120.320399, 22.580645], [120.3207, 22.580719], [120.320472, 22.580964], [120.32065, 22.581076], [120.320735, 22.581021], [120.320648, 22.580954], [120.320794, 22.580795], [120.320882, 22.58086], [120.320819, 22.580941], [120.320424, 22.580806], [120.320138, 22.581394], [120.319812, 22.578996], [120.319622, 22.578853], [120.319861, 22.578584], [120.320013, 22.578673], [120.319862, 22.578893], [120.32052, 22.57852], [120.320263, 22.57833], [120.320183, 22.578425], [120.320272, 22.578528], [120.320078, 22.578551], [120.319982, 22.578455], [120.320603, 22.577753], [120.320943, 22.577998], [120.321412, 22.577621], [120.32092, 22.577176], [120.320586, 22.577556], [120.320432, 22.577596], [120.320394, 22.577748], [120.319466, 22.578811], [120.319326, 22.578729], [120.321904, 22.575576], [120.322698, 22.57625], [120.322814, 22.576197], [120.323434, 22.576658], [120.323144, 22.576608], [120.323033, 22.576779], [120.322477, 22.576336], [120.32207, 22.576142], [120.321904, 22.576329], [120.322802, 22.576974], [120.323001, 22.577088], [120.323221, 22.576852], [120.322789, 22.57685], [120.322629, 22.576741], [120.322691, 22.576658], [120.322412, 22.577011], [120.322687, 22.577204], [120.322509, 22.577264], [120.322279, 22.577115], [120.322159, 22.577263], [120.322543, 22.577542], [120.322373, 22.576983], [120.322116, 22.576992], [120.321959, 22.577124], [120.321235, 22.576652], [120.321238, 22.576771], [120.320963, 22.57709], [120.321132, 22.577171], [120.321345, 22.576898], [120.321694, 22.577142], [120.321738, 22.577369], [120.321579, 22.57748], [120.321214, 22.577213], [120.320852, 22.577438], [120.320698, 22.577609], [120.320929, 22.577775], [120.320673, 22.578072], [120.320758, 22.578133], [120.320543, 22.577987], [120.320445, 22.578107], [120.320646, 22.578243], [120.320488, 22.57833], [120.319046, 22.577448], [120.319184, 22.577319], [120.319396, 22.57747], [120.319624, 22.577346], [120.319447, 22.577219], [120.319694, 22.576909], [120.319826, 22.577089], [120.319954, 22.576797], [120.319835, 22.576706], [120.319994, 22.576606], [120.319883, 22.576529], [120.320156, 22.576654], [120.320145, 22.576771], [120.32088, 22.57585], [120.321255, 22.576075], [120.320796, 22.576598], [120.320662, 22.5765], [120.321011, 22.576071], [120.320749, 22.575758], [120.320663, 22.575678], [120.320363, 22.575636], [120.320251, 22.575485], [120.319918, 22.575528], [120.320003, 22.575733], [120.319969, 22.575231], [120.319583, 22.575301], [120.31917, 22.574955], [120.319826, 22.57476], [120.319939, 22.574546], [120.320073, 22.57477], [120.320599, 22.575068], [120.320631, 22.574709], [120.320357, 22.574401], [120.320161, 22.574364], [120.319005, 22.573612], [120.31872, 22.573872], [120.318501, 22.574276], [120.318109, 22.573605], [120.318281, 22.57337], [120.318106, 22.573156], [120.317918, 22.5731], [120.318066, 22.572972], [120.318023, 22.572906], [120.317797, 22.572742], [120.317606, 22.57321], [120.317217, 22.572923], [120.317263, 22.572814], [120.317584, 22.573038], [120.317695, 22.573293], [120.317968, 22.573487], [120.318068, 22.573397], [120.317812, 22.573217], [120.317866, 22.573154], [120.318194, 22.573057], [120.318269, 22.573103], [120.318403, 22.572926], [120.318492, 22.572987], [120.31766, 22.572407], [120.316996, 22.573285], [120.316918, 22.573411], [120.316993, 22.573475], [120.316821, 22.573351], [120.316673, 22.573546], [120.315945, 22.573056], [120.315821, 22.573067], [120.315854, 22.572974], [120.315471, 22.573051], [120.315253, 22.573273], [120.314957, 22.573656], [120.315575, 22.573993], [120.315764, 22.574237], [120.315315, 22.57467], [120.315039, 22.575137], [120.314967, 22.575126], [120.314968, 22.575208], [120.314723, 22.575443], [120.314353, 22.575282], [120.314263, 22.574962], [120.313049, 22.573973], [120.313342, 22.573615], [120.313093, 22.573418], [120.313139, 22.573039], [120.312535, 22.572717], [120.312824, 22.5724], [120.312704, 22.572325], [120.312642, 22.572429], [120.312318, 22.5721], [120.311376, 22.572999], [120.311207, 22.572719], [120.310962, 22.572576], [120.311738, 22.571823], [120.311079, 22.57187], [120.310939, 22.571546], [120.310431, 22.572045], [120.31187, 22.572911], [120.312, 22.573363], [120.312236, 22.573422], [120.312532, 22.573628], [120.312818, 22.574195], [120.3136, 22.573821], [120.314006, 22.57331], [120.314164, 22.573413], [120.31493, 22.574176], [120.316006, 22.574939], [120.315452, 22.575089], [120.315099, 22.575524], [120.315613, 22.575916], [120.315712, 22.576127], [120.315888, 22.576234], [120.316095, 22.576], [120.316291, 22.575473], [120.316774, 22.574932], [120.316661, 22.574848], [120.316939, 22.574827], [120.317024, 22.574717], [120.316882, 22.574673], [120.316317, 22.574186], [120.316303, 22.574284], [120.316134, 22.574389], [120.316178, 22.574113], [120.316309, 22.574003], [120.316719, 22.574297], [120.316505, 22.574433], [120.316425, 22.573946], [120.316994, 22.573782], [120.317367, 22.573341], [120.317583, 22.573479], [120.317641, 22.573413], [120.317316, 22.573736], [120.317668, 22.574002], [120.31794, 22.57363], [120.317793, 22.573527], [120.317304, 22.57414], [120.316198, 22.573671], [120.315967, 22.573883], [120.314451, 22.57429], [120.314741, 22.574979], [120.313564, 22.573317], [120.313678, 22.573176], [120.312516, 22.57274], [120.311486, 22.574487], [120.311, 22.57434], [120.315549, 22.571916], [120.31658, 22.572203], [120.317387, 22.571614], [120.318174, 22.57183], [120.318432, 22.571524], [120.319085, 22.57205], [120.318983, 22.572165], [120.318834, 22.571997], [120.318453, 22.572524], [120.318378, 22.57249], [120.31871, 22.572706], [120.318888, 22.572616], [120.31864, 22.572407], [120.3188, 22.572281], [120.318943, 22.572381], [120.319069, 22.57223], [120.319011, 22.572192], [120.319202, 22.572247], [120.319232, 22.572122], [120.319679, 22.571651], [120.319322, 22.571363], [120.319013, 22.571868], [120.31862, 22.571966], [120.318517, 22.572061], [120.318771, 22.572254], [120.318142, 22.572183], [120.319403, 22.570879], [120.319859, 22.570788], [120.320125, 22.570998], [120.320222, 22.570886], [120.319788, 22.570572], [120.319975, 22.570403], [120.319705, 22.570247], [120.319516, 22.570376], [120.319873, 22.569938], [120.319965, 22.570007], [120.31997, 22.569784], [120.320352, 22.569316]]}}, {"type": "Feature", "properties": {"district": "6400900", "segment": 3, "total_segments": 34, "km": 14.99, "villages": ["明孝里", "草衙里"]}, "geometry": {"type": "LineString", "coordinates": [[120.321034, 22.569312], [120.321138, 22.569991], [120.320884, 22.570113], [120.320325, 22.570661], [120.320154, 22.570529], [120.320302, 22.569991], [120.319515, 22.569492], [120.319118, 22.568881], [120.319153, 22.568728], [120.319296, 22.568592], [120.318837, 22.568701], [120.318915, 22.569005], [120.31899, 22.568985], [120.318986, 22.569076], [120.318881, 22.569124], [120.317999, 22.568157], [120.31781, 22.568367], [120.317223, 22.567649], [120.316423, 22.567212], [120.316299, 22.56655], [120.31661, 22.565923], [120.31635, 22.565787], [120.316104, 22.565529], [120.316243, 22.565412], [120.315521, 22.565563], [120.315689, 22.566045], [120.314824, 22.566137], [120.314169, 22.566016], [120.315373, 22.566534], [120.316877, 22.566064], [120.317148, 22.566361], [120.317469, 22.566435], [120.317621, 22.566728], [120.317958, 22.566774], [120.318476, 22.567087], [120.318478, 22.567548], [120.318926, 22.567649], [120.318551, 22.568013], [120.318227, 22.567935], [120.31946, 22.567944], [120.319721, 22.568089], [120.320505, 22.567205], [120.321242, 22.567301], [120.321081, 22.567668], [120.319574, 22.566266], [120.320177, 22.565691], [120.31767, 22.565809], [120.317218, 22.566707], [120.316448, 22.571119], [120.31811, 22.575329], [120.317755, 22.576159], [120.318391, 22.576593], [120.318167, 22.576879], [120.318415, 22.576901], [120.318553, 22.576714], [120.318713, 22.577016], [120.319071, 22.57689], [120.319151, 22.576743], [120.319341, 22.576811], [120.319294, 22.576871], [120.319388, 22.576744], [120.319288, 22.576683], [120.319567, 22.57627], [120.319668, 22.576327], [120.319413, 22.576165], [120.319336, 22.576346], [120.319024, 22.576187], [120.319093, 22.576094], [120.318957, 22.575907], [120.318763, 22.576135], [120.318919, 22.576307], [120.320572, 22.576064], [120.321375, 22.575851], [120.321624, 22.575511], [120.321472, 22.575314], [120.32101, 22.575208], [120.321929, 22.575909], [120.321532, 22.576379], [120.322142, 22.576827], [120.321984, 22.576932], [120.321519, 22.576645], [120.321475, 22.576334], [120.321862, 22.576303], [120.32211, 22.576093], [120.322508, 22.575951], [120.318868, 22.578254], [120.318342, 22.577899], [120.319344, 22.578974], [120.316862, 22.576892], [120.317069, 22.575792], [120.32384, 22.566679], [120.324086, 22.567391], [120.324144, 22.56791], [120.323577, 22.568173], [120.323736, 22.568475], [120.324007, 22.568578], [120.323824, 22.568918], [120.32436, 22.568918], [120.324826, 22.568261], [120.325498, 22.568551], [120.326118, 22.568649], [120.326292, 22.568497], [120.326931, 22.568769], [120.3277, 22.570061], [120.327997, 22.569936], [120.328522, 22.570949], [120.3265, 22.572332], [120.325772, 22.572022], [120.325804, 22.571923], [120.325727, 22.571976], [120.32558, 22.571885], [120.325614, 22.571799], [120.325858, 22.571851], [120.325854, 22.571625], [120.325465, 22.571288], [120.325507, 22.57111], [120.325135, 22.571322], [120.325048, 22.571083], [120.324802, 22.571301], [120.323841, 22.570554], [120.32351, 22.570405], [120.323444, 22.570296], [120.32348, 22.570043], [120.323576, 22.5699], [120.323696, 22.569995], [120.323828, 22.569868], [120.323668, 22.569744], [120.3232, 22.569437], [120.323167, 22.569585], [120.323312, 22.569727], [120.323264, 22.569817], [120.32345, 22.569781], [120.323464, 22.569845], [120.323359, 22.569935], [120.323023, 22.569525], [120.322909, 22.56989], [120.322975, 22.569989], [120.322537, 22.569678], [120.32279, 22.569418], [120.322666, 22.569282], [120.322704, 22.569218], [120.322641, 22.569305], [120.322483, 22.569199], [120.322631, 22.569003], [120.322992, 22.56929], [120.322381, 22.569273], [120.321597, 22.570171], [120.321814, 22.570181], [120.322212, 22.569767], [120.322298, 22.570038], [120.321959, 22.570425], [120.322405, 22.570741], [120.322432, 22.57058], [120.322759, 22.570161], [120.322985, 22.570306], [120.322359, 22.570992], [120.321835, 22.570562], [120.321652, 22.570768], [120.321938, 22.570963], [120.322103, 22.570916], [120.321987, 22.570832], [120.322084, 22.571064], [120.321429, 22.570992], [120.321389, 22.571097], [120.321972, 22.571427], [120.32179, 22.57159], [120.321652, 22.571873], [120.321517, 22.572011], [120.321312, 22.5719], [120.321599, 22.571505], [120.321723, 22.571598], [120.321286, 22.571261], [120.320934, 22.571649], [120.321155, 22.571788], [120.321391, 22.571489], [120.320977, 22.57127], [120.320496, 22.571846], [120.320358, 22.571673], [120.320922, 22.57102], [120.321057, 22.571071], [120.320851, 22.571739], [120.320648, 22.571938], [120.320746, 22.572055], [120.321227, 22.572353], [120.321409, 22.572151], [120.321127, 22.571929], [120.32094, 22.571818], [120.321538, 22.572419], [120.321446, 22.572561], [120.321794, 22.572776], [120.321896, 22.57245], [120.321972, 22.572478], [120.321748, 22.572344], [120.322059, 22.571839], [120.322897, 22.57241], [120.322933, 22.572489], [120.322675, 22.572735], [120.322234, 22.572404], [120.322402, 22.572233], [120.322555, 22.572444], [120.322748, 22.572097], [120.322393, 22.5718], [120.322496, 22.571675], [120.322828, 22.571895], [120.323176, 22.572201], [120.323044, 22.572292], [120.322793, 22.572119], [120.323185, 22.571797], [120.322683, 22.571433], [120.322556, 22.571268], [120.32266, 22.571142], [120.323535, 22.571799], [120.32356, 22.57163], [120.323641, 22.571649], [120.323722, 22.571544], [120.323624, 22.571435], [120.323668, 22.571372], [120.323853, 22.571414], [120.324106, 22.571126], [120.323798, 22.570946], [120.323519, 22.57131], [120.323368, 22.57126], [120.323292, 22.571365], [120.323222, 22.571343], [120.322762, 22.571027], [120.322973, 22.570797], [120.323455, 22.571169], [120.323529, 22.571022], [120.323177, 22.570783], [120.323203, 22.570523], [120.323723, 22.570859], [120.323565, 22.571035], [120.323421, 22.571498], [120.323777, 22.571481], [120.323911, 22.571629], [120.324074, 22.571426], [120.324148, 22.571491], [120.324079, 22.571608], [120.32415, 22.57169], [120.324346, 22.571843], [120.32441, 22.571792], [120.324172, 22.572066], [120.32398, 22.57192], [120.32409, 22.571796], [120.324184, 22.571854], [120.324077, 22.571713], [120.323873, 22.571689], [120.323573, 22.572051], [120.323894, 22.572294], [120.324105, 22.572145], [120.32432, 22.572394], [120.323732, 22.573135], [120.324161, 22.573378], [120.324282, 22.573232], [120.323986, 22.573015], [120.324176, 22.572823], [120.324308, 22.572828], [120.32436, 22.572892], [120.324276, 22.572955], [120.324209, 22.572909], [120.324522, 22.573155]]}}, {"type": "Feature", "properties": {"district": "6400900", "segment": 4, "total_segments": 34, "km": 14.48, "villages": ["草衙里"]}, "geometry": {"type": "LineString", "coordinates": [[120.324465, 22.572992], [120.32452, 22.572929], [120.324801, 22.573111], [120.325275, 22.572535], [120.324765, 22.57218], [120.324652, 22.572008], [120.324443, 22.572241], [120.324658, 22.572371], [120.324716, 22.572316], [120.324609, 22.572243], [120.324342, 22.572639], [120.324537, 22.572622], [120.324548, 22.572513], [120.324855, 22.572831], [120.324975, 22.572642], [120.324823, 22.572515], [120.325105, 22.572164], [120.325318, 22.572336], [120.324886, 22.571976], [120.324702, 22.571927], [120.325018, 22.571789], [120.325233, 22.571926], [120.325332, 22.571688], [120.32526, 22.571612], [120.324578, 22.571592], [120.324522, 22.571529], [120.3246, 22.571452], [120.324304, 22.571263], [120.324481, 22.570942], [120.324739, 22.570726], [120.324765, 22.570844], [120.324638, 22.571042], [120.324845, 22.570808], [120.324864, 22.570654], [120.324815, 22.5706], [120.324561, 22.570662], [120.32437, 22.570515], [120.324554, 22.57042], [120.324623, 22.570476], [120.324092, 22.570308], [120.323891, 22.569906], [120.322629, 22.570058], [120.322518, 22.569985], [120.322547, 22.570168], [120.322274, 22.570486], [120.322351, 22.571553], [120.322233, 22.571661], [120.32326, 22.571837], [120.323387, 22.57195], [120.323363, 22.572282], [120.323533, 22.572437], [120.323316, 22.572508], [120.323251, 22.57237], [120.322628, 22.573137], [120.322775, 22.573138], [120.323095, 22.573343], [120.323048, 22.573391], [120.323376, 22.573013], [120.323062, 22.572803], [120.322992, 22.572941], [120.323167, 22.573079], [120.323091, 22.573169], [120.322882, 22.573018], [120.322953, 22.572926], [120.323322, 22.572842], [120.323441, 22.572735], [120.32355, 22.572789], [120.323605, 22.572663], [120.323424, 22.572879], [120.323303, 22.572716], [120.323623, 22.573223], [120.323515, 22.573347], [120.323566, 22.573514], [120.324109, 22.573951], [120.3243, 22.573714], [120.323705, 22.573295], [120.32315, 22.573706], [120.323161, 22.57379], [120.323868, 22.574285], [120.324054, 22.574058], [120.323477, 22.573656], [120.323499, 22.573728], [120.323423, 22.573719], [120.323055, 22.57404], [120.32368, 22.57451], [120.323162, 22.575103], [120.322433, 22.574546], [120.32255, 22.574435], [120.322768, 22.574436], [120.323279, 22.574802], [120.323358, 22.574652], [120.322875, 22.574296], [120.322828, 22.574087], [120.322937, 22.573961], [120.323007, 22.574048], [120.322485, 22.573652], [120.322671, 22.573403], [120.322844, 22.573541], [120.322574, 22.573286], [120.321783, 22.574112], [120.322156, 22.574366], [120.322387, 22.574149], [120.321754, 22.573864], [120.321818, 22.57373], [120.321062, 22.573215], [120.320947, 22.57316], [120.320808, 22.573295], [120.320764, 22.573392], [120.320912, 22.573383], [120.321067, 22.573546], [120.321149, 22.57352], [120.321136, 22.573619], [120.321427, 22.573839], [120.321536, 22.573792], [120.321431, 22.574141], [120.321319, 22.57407], [120.321131, 22.574306], [120.321229, 22.574396], [120.321487, 22.574178], [120.322036, 22.574616], [120.321881, 22.574671], [120.32166, 22.575003], [120.321255, 22.574757], [120.321545, 22.574388], [120.321589, 22.574633], [120.321689, 22.57469], [120.321627, 22.574858], [120.321125, 22.574515], [120.321059, 22.574612], [120.320319, 22.574102], [120.320227, 22.573964], [120.320561, 22.573593], [120.320692, 22.573583], [120.320807, 22.57366], [120.320849, 22.573984], [120.320946, 22.574015], [120.320867, 22.574109], [120.321092, 22.574288], [120.321005, 22.574344], [120.321146, 22.574479], [120.320423, 22.573938], [120.320534, 22.573847], [120.320802, 22.574069], [120.321084, 22.574103], [120.321063, 22.573438], [120.320909, 22.572651], [120.322201, 22.574841], [120.321882, 22.575202], [120.32262, 22.575738], [120.323015, 22.575307], [120.322381, 22.57487], [120.322378, 22.575057], [120.322469, 22.575122], [120.322408, 22.575231], [120.322705, 22.575442], [120.322615, 22.575535], [120.322161, 22.575212], [120.322228, 22.575103], [120.322168, 22.575064], [120.323083, 22.575618], [120.322864, 22.575902], [120.323042, 22.575929], [120.323042, 22.575998], [120.323162, 22.576015], [120.323562, 22.576375], [120.323608, 22.576312], [120.323534, 22.576195], [120.323367, 22.576079], [120.323462, 22.575991], [120.323658, 22.576149], [120.32379, 22.575879], [120.323203, 22.57544], [120.323383, 22.575706], [120.323343, 22.575902], [120.323411, 22.575949], [120.323883, 22.575623], [120.323946, 22.575659], [120.323855, 22.575587], [120.324142, 22.57531], [120.324344, 22.57546], [120.324171, 22.575547], [120.324044, 22.575763], [120.324275, 22.575899], [120.324708, 22.575264], [120.324946, 22.575489], [120.324388, 22.57599], [120.323913, 22.576615], [120.323735, 22.576431], [120.32399, 22.576143], [120.324207, 22.576149], [120.32379, 22.575499], [120.323435, 22.575245], [120.323614, 22.575006], [120.323956, 22.575291], [120.323802, 22.575396], [120.323681, 22.575299], [120.323885, 22.575021], [120.324299, 22.575229], [120.324112, 22.575287], [120.324378, 22.575019], [120.323865, 22.574664], [120.323674, 22.574911], [120.323858, 22.574994], [120.32443, 22.575073], [120.324655, 22.574841], [120.324323, 22.5746], [120.324515, 22.57445], [120.324278, 22.574228], [120.324186, 22.574291], [120.32462, 22.573751], [120.325133, 22.574486], [120.325006, 22.574616], [120.324653, 22.574338], [120.324626, 22.574212], [120.324498, 22.574193], [120.324583, 22.574518], [120.325086, 22.574773], [120.324946, 22.575002], [120.325145, 22.575234], [120.325533, 22.574884], [120.325218, 22.574684], [120.325272, 22.574608], [120.324366, 22.573623], [120.324764, 22.573156], [120.324438, 22.573335], [120.324326, 22.573247], [120.324353, 22.572377], [120.325769, 22.569891], [120.325468, 22.569678], [120.323519, 22.576698], [120.323773, 22.576828], [120.32362, 22.577094], [120.323101, 22.577475], [120.322738, 22.577198], [120.322744, 22.577421], [120.32296, 22.577648], [120.32242, 22.578101], [120.322218, 22.57878], [120.321637, 22.578849], [120.321392, 22.579011], [120.321103, 22.57901], [120.320961, 22.578532], [120.320743, 22.578545], [120.320411, 22.578749], [120.32059, 22.578824], [120.320779, 22.578743], [120.320873, 22.579071], [120.321038, 22.579299], [120.320663, 22.579567], [120.319882, 22.579041], [120.320238, 22.578836], [120.320458, 22.579017], [120.320714, 22.578968], [120.320614, 22.57915], [120.320785, 22.579271], [120.320709, 22.579324], [120.320469, 22.579166], [120.320187, 22.579571], [120.319428, 22.579021], [120.320496, 22.579775], [120.320666, 22.579968], [120.320822, 22.579929], [120.320796, 22.58002], [120.321646, 22.580549], [120.322777, 22.581405], [120.322863, 22.581167], [120.32268, 22.580256], [120.322457, 22.580369], [120.322211, 22.580641], [120.321783, 22.580305], [120.322391, 22.579808], [120.322227, 22.57978], [120.322133, 22.579669], [120.321602, 22.580056], [120.321448, 22.579971], [120.321574, 22.579792], [120.321905, 22.579646], [120.321907, 22.579583], [120.322445, 22.579457], [120.322781, 22.580189], [120.322434, 22.580042], [120.322116, 22.580311], [120.322278, 22.580424], [120.32241, 22.580272], [120.322533, 22.580617], [120.322393, 22.58082], [120.321765, 22.580044], [120.321514, 22.580152], [120.320872, 22.57973], [120.321259, 22.579355], [120.3219, 22.579045], [120.322158, 22.579317], [120.32224, 22.579246], [120.322092, 22.578996], [120.321983, 22.579017], [120.322005, 22.579268], [120.321879, 22.579348], [120.321789, 22.579209], [120.321904, 22.579443], [120.322012, 22.579418], [120.321789, 22.579474], [120.32147, 22.579708], [120.321488, 22.579549], [120.321153, 22.579075], [120.321197, 22.57881], [120.321491, 22.578606], [120.321383, 22.578537], [120.321126, 22.5787], [120.321515, 22.57847], [120.32141, 22.578312], [120.321746, 22.578316], [120.321675, 22.578742], [120.321861, 22.578599], [120.322022, 22.578155], [120.322411, 22.577732], [120.322214, 22.577543], [120.322199, 22.57767], [120.321754, 22.578259], [120.321874, 22.57755], [120.322086, 22.577386], [120.322635, 22.577606], [120.322599, 22.577773], [120.323406, 22.576941], [120.322305, 22.578991], [120.322425, 22.57932], [120.322268, 22.579277], [120.322366, 22.579609], [120.322172, 22.579642], [120.322095, 22.579883], [120.321277, 22.579905]]}}, {"type": "Feature", "properties": {"district": "6400900", "segment": 5, "total_segments": 34, "km": 9.01, "villages": ["明義里"]}, "geometry": {"type": "LineString", "coordinates": [[120.323574, 22.577494], [120.323919, 22.57707], [120.324045, 22.577034], [120.32444, 22.577473], [120.324396, 22.577697], [120.324226, 22.577674], [120.324134, 22.577906], [120.324953, 22.578447], [120.325061, 22.578324], [120.32467, 22.578073], [120.324759, 22.57796], [120.325156, 22.578219], [120.325255, 22.578091], [120.325068, 22.577964], [120.325236, 22.577885], [120.325379, 22.57797], [120.328305, 22.580043], [120.328346, 22.580088], [120.328254, 22.580223], [120.328023, 22.580069], [120.327956, 22.58015], [120.328177, 22.580304], [120.328092, 22.580412], [120.327852, 22.580258], [120.327802, 22.580339], [120.328017, 22.580502], [120.327393, 22.580048], [120.327453, 22.579967], [120.327767, 22.580194], [120.327867, 22.580077], [120.327656, 22.579923], [120.327711, 22.579842], [120.32793, 22.579996], [120.327608, 22.579775], [120.327567, 22.57985], [120.327235, 22.57965], [120.327154, 22.579559], [120.327207, 22.579487], [120.327521, 22.579715], [120.327352, 22.579903], [120.327101, 22.579722], [120.327046, 22.579812], [120.327298, 22.579994], [120.326984, 22.579776], [120.326958, 22.579604], [120.32671, 22.579449], [120.326796, 22.57935], [120.327027, 22.579514], [120.327079, 22.579379], [120.325289, 22.578113], [120.32528, 22.578332], [120.325092, 22.578557], [120.325389, 22.578766], [120.325633, 22.578512], [120.325701, 22.578635], [120.326629, 22.579268], [120.326406, 22.579513], [120.326282, 22.57941], [120.326391, 22.579237], [120.326285, 22.579163], [120.326139, 22.579293], [120.325569, 22.57889], [120.32565, 22.578696], [120.325491, 22.578431], [120.324593, 22.577842], [120.324776, 22.577609], [120.324097, 22.577548], [120.32391, 22.57774], [120.323694, 22.577582], [120.325672, 22.575781], [120.32589, 22.575736], [120.325884, 22.575224], [120.32854, 22.574625], [120.328913, 22.574916], [120.329251, 22.574565], [120.329321, 22.57461], [120.329444, 22.574385], [120.329235, 22.574926], [120.329125, 22.574899], [120.329073, 22.575007], [120.329547, 22.575189], [120.329645, 22.575109], [120.329329, 22.574963], [120.329719, 22.575127], [120.329647, 22.573275], [120.329561, 22.573145], [120.329717, 22.573176], [120.329808, 22.573047], [120.329468, 22.572913], [120.329191, 22.572339], [120.329337, 22.572362], [120.329522, 22.5722], [120.330045, 22.571994], [120.330233, 22.572212], [120.330224, 22.572438], [120.329722, 22.572719], [120.329756, 22.572799], [120.329625, 22.572526], [120.330044, 22.572356], [120.33031, 22.572432], [120.329847, 22.572929], [120.329519, 22.572751], [120.329576, 22.572534], [120.329411, 22.572064], [120.329151, 22.572163], [120.328834, 22.571634], [120.328811, 22.571462], [120.328904, 22.571328], [120.329093, 22.571368], [120.329513, 22.571207], [120.32961, 22.571349], [120.329022, 22.571566], [120.329121, 22.571765], [120.329847, 22.571441], [120.329553, 22.570855], [120.32938, 22.570752], [120.329504, 22.570601], [120.329674, 22.570687], [120.330076, 22.570568], [120.330441, 22.570287], [120.329983, 22.569966], [120.329665, 22.570449], [120.329933, 22.571041], [120.330495, 22.570734], [120.330559, 22.570768], [120.330808, 22.570549], [120.331271, 22.570869], [120.331235, 22.571055], [120.331153, 22.571086], [120.331287, 22.571191], [120.331243, 22.571255], [120.33143, 22.571041], [120.331065, 22.570911], [120.330187, 22.571324], [120.330013, 22.571191], [120.330904, 22.570808], [120.330777, 22.570527], [120.33065, 22.570469], [120.330471, 22.570648], [120.330419, 22.570595], [120.329978, 22.570757], [120.330472, 22.570309], [120.330551, 22.570354], [120.330848, 22.571194], [120.331008, 22.571141], [120.331065, 22.571349], [120.330965, 22.571384], [120.331121, 22.57134], [120.330646, 22.571293], [120.33062, 22.571791], [120.330299, 22.571923], [120.330517, 22.572219], [120.330451, 22.572252], [120.330704, 22.571978], [120.330601, 22.5719], [120.330911, 22.571747], [120.329999, 22.57175], [120.329877, 22.571478], [120.329755, 22.571659], [120.329184, 22.571901], [120.32945, 22.572046], [120.329823, 22.571885], [120.329036, 22.571181], [120.329268, 22.570931], [120.328502, 22.572142], [120.328676, 22.572982], [120.327965, 22.573531], [120.331328, 22.573601], [120.332267, 22.574856], [120.32873, 22.579731], [120.327129, 22.579403], [120.326687, 22.579683], [120.327067, 22.581646]]}}, {"type": "Feature", "properties": {"district": "6400900", "segment": 6, "total_segments": 34, "km": 14.99, "villages": ["明正里"]}, "geometry": {"type": "LineString", "coordinates": [[120.326698, 22.581451], [120.326834, 22.58131], [120.326507, 22.581264], [120.326494, 22.581337], [120.326413, 22.581209], [120.326108, 22.581033], [120.326055, 22.580855], [120.326161, 22.580739], [120.326577, 22.581081], [120.326429, 22.581529], [120.326159, 22.581434], [120.326105, 22.581295], [120.32585, 22.581099], [120.325663, 22.58135], [120.326405, 22.581837], [120.326598, 22.581628], [120.326273, 22.581988], [120.325807, 22.581703], [120.325631, 22.581872], [120.326175, 22.58225], [120.326233, 22.582149], [120.326427, 22.582142], [120.326518, 22.582247], [120.325645, 22.583322], [120.325481, 22.583317], [120.324734, 22.582803], [120.324654, 22.582719], [120.32466, 22.582565], [120.324979, 22.582815], [120.325619, 22.583128], [120.326197, 22.582463], [120.325564, 22.582076], [120.325423, 22.582277], [120.325049, 22.582013], [120.325545, 22.581448], [120.32562, 22.581525], [120.325573, 22.581802], [120.325151, 22.581509], [120.324936, 22.581728], [120.324699, 22.581527], [120.325277, 22.580837], [120.32537, 22.580901], [120.32528, 22.581005], [120.325484, 22.581095], [120.325203, 22.581433], [120.324984, 22.581365], [120.325116, 22.581255], [120.324806, 22.581095], [120.324896, 22.580921], [120.325027, 22.580869], [120.324773, 22.580676], [120.324274, 22.581203], [120.324589, 22.58141], [120.324778, 22.581135], [120.32434, 22.580853], [120.324548, 22.580533], [120.324368, 22.580379], [120.323858, 22.580895], [120.324071, 22.581044], [120.324306, 22.580885], [120.323853, 22.58067], [120.324248, 22.580213], [120.324097, 22.580089], [120.324021, 22.580068], [120.323304, 22.58055], [120.323403, 22.58063], [120.323819, 22.580346], [120.323644, 22.580089], [120.323871, 22.579898], [120.323673, 22.579706], [120.323203, 22.579985], [120.323047, 22.579994], [120.322848, 22.579704], [120.322728, 22.579401], [120.322768, 22.579295], [120.322657, 22.579252], [120.322569, 22.578985], [120.322685, 22.578993], [120.322739, 22.578803], [120.322567, 22.578746], [120.322603, 22.578325], [120.323382, 22.577642], [120.325017, 22.578836], [120.324993, 22.57889], [120.324388, 22.578516], [120.323887, 22.578765], [120.323917, 22.5786], [120.32383, 22.578539], [120.323881, 22.578462], [120.323941, 22.578506], [120.323303, 22.57803], [120.323401, 22.577972], [120.32331, 22.5779], [120.324041, 22.578393], [120.323462, 22.578937], [120.322916, 22.578989], [120.322904, 22.579113], [120.323004, 22.579171], [120.323541, 22.579129], [120.32376, 22.578909], [120.323556, 22.578542], [120.323635, 22.578488], [120.323598, 22.578439], [120.323281, 22.578279], [120.323278, 22.578409], [120.323089, 22.578528], [120.323026, 22.578775], [120.323327, 22.578747], [120.323495, 22.578558], [120.323134, 22.578217], [120.323142, 22.578117], [120.322869, 22.578345], [120.322791, 22.578274], [120.322985, 22.578429], [120.322892, 22.578609], [120.322837, 22.578575], [120.322842, 22.578797], [120.322549, 22.578818], [120.323013, 22.579235], [120.323421, 22.579237], [120.32336, 22.579381], [120.323528, 22.579592], [120.323096, 22.579866], [120.32294, 22.579598], [120.323084, 22.579512], [120.322993, 22.579391], [120.323185, 22.579393], [120.323277, 22.579511], [120.323335, 22.579602], [120.323208, 22.57968], [120.323104, 22.57954], [120.323596, 22.579548], [120.323716, 22.579681], [120.323667, 22.579909], [120.3233, 22.580142], [120.323096, 22.580179], [120.323177, 22.580406], [120.323613, 22.580107], [120.324049, 22.580023], [120.325184, 22.580698], [120.325532, 22.580817], [120.325656, 22.580742], [120.325172, 22.580399], [120.325229, 22.58026], [120.324691, 22.579884], [120.324888, 22.579748], [120.325316, 22.579203], [120.325451, 22.579164], [120.325701, 22.579315], [120.325534, 22.579505], [120.325696, 22.579625], [120.325503, 22.579857], [120.325282, 22.579817], [120.325099, 22.579983], [120.324931, 22.579812], [120.324795, 22.580147], [120.324985, 22.580271], [120.324898, 22.580381], [120.324799, 22.58032], [120.324617, 22.580184], [120.325021, 22.580458], [120.325331, 22.580361], [120.325429, 22.580428], [120.325732, 22.580385], [120.325826, 22.580498], [120.325747, 22.580594], [120.325687, 22.58055], [120.325865, 22.580658], [120.325821, 22.580724], [120.326523, 22.579891], [120.326258, 22.579695], [120.325804, 22.580282], [120.325644, 22.580177], [120.326139, 22.579609], [120.325832, 22.579396], [120.325731, 22.579599], [120.32536, 22.579354], [120.325415, 22.579301], [120.325299, 22.580057], [120.325622, 22.580208], [120.325669, 22.580928], [120.325581, 22.581032], [120.326045, 22.581373], [120.326615, 22.582195], [120.325941, 22.58246], [120.325814, 22.582594], [120.325457, 22.582299], [120.325266, 22.582414], [120.324903, 22.582244], [120.324774, 22.582421], [120.325582, 22.582944], [120.325725, 22.582705], [120.32492, 22.58221], [120.32472, 22.582023], [120.324769, 22.581943], [120.324695, 22.58186], [120.32456, 22.581733], [120.324504, 22.581786], [120.324225, 22.581477], [120.324123, 22.581425], [120.324107, 22.581554], [120.323866, 22.581803], [120.324313, 22.58204], [120.324253, 22.582117], [120.324385, 22.582148], [120.324388, 22.581995], [120.324621, 22.582134], [120.324301, 22.58248], [120.324132, 22.582353], [120.324294, 22.582329], [120.324207, 22.582206], [120.32395, 22.582253], [120.323842, 22.582173], [120.323944, 22.582059], [120.323382, 22.581676], [120.323315, 22.581766], [120.323466, 22.581905], [120.323079, 22.581633], [120.323159, 22.581467], [120.323093, 22.580804], [120.323192, 22.580727], [120.323321, 22.580889], [120.323836, 22.581214], [120.323639, 22.581244], [120.323844, 22.581428], [120.323648, 22.581648], [120.323709, 22.581682], [120.323317, 22.581348], [120.323799, 22.580701], [120.323664, 22.580769], [120.323529, 22.580691], [120.323637, 22.580642], [120.322999, 22.580039], [120.324271, 22.581733], [120.324689, 22.582049], [120.324649, 22.582106], [120.324971, 22.581759], [120.324345, 22.582521], [120.326581, 22.580243], [120.329271, 22.581541], [120.32998, 22.580648], [120.330128, 22.580676], [120.330314, 22.58087], [120.330779, 22.581072], [120.330853, 22.581369], [120.330663, 22.581784], [120.330926, 22.581785], [120.331185, 22.58196], [120.331029, 22.58208], [120.330545, 22.582006], [120.331243, 22.581209], [120.329701, 22.580438], [120.330104, 22.583652], [120.33163, 22.586101], [120.332069, 22.585944], [120.334517, 22.586337], [120.335215, 22.586191], [120.335252, 22.586345], [120.334577, 22.586499], [120.334652, 22.58675], [120.336437, 22.586343], [120.336497, 22.586511], [120.334695, 22.586918], [120.334768, 22.587159], [120.336513, 22.586756], [120.336618, 22.586898], [120.334812, 22.587323], [120.33488, 22.587546], [120.335439, 22.587436], [120.335488, 22.587589], [120.334841, 22.58774], [120.334837, 22.587564], [120.3349, 22.587963], [120.336815, 22.587555], [120.336862, 22.587704], [120.335976, 22.587897], [120.336024, 22.588136], [120.337276, 22.587849], [120.337234, 22.587452], [120.337052, 22.587005], [120.336894, 22.587092], [120.336927, 22.587214], [120.336717, 22.587314], [120.335805, 22.587511], [120.335824, 22.587339], [120.336687, 22.587149], [120.336807, 22.586827], [120.336643, 22.586253], [120.336815, 22.586207], [120.336962, 22.58671], [120.337417, 22.586639], [120.33747, 22.586904], [120.337625, 22.587047], [120.337713, 22.586853], [120.337622, 22.586428], [120.3374, 22.586521], [120.337415, 22.586598], [120.337111, 22.58575], [120.337368, 22.58565], [120.337832, 22.585586], [120.337934, 22.585778], [120.33802, 22.585751], [120.337645, 22.585821], [120.337722, 22.586053], [120.337777, 22.586039], [120.337767, 22.586199], [120.33872, 22.585954], [120.338961, 22.586141], [120.339102, 22.586097], [120.339123, 22.586282], [120.33903, 22.58631], [120.339347, 22.586182], [120.33937, 22.586269], [120.339052, 22.585265], [120.338951, 22.58547], [120.338091, 22.584794], [120.337766, 22.584868], [120.337592, 22.58473], [120.337597, 22.584124], [120.337327, 22.584122], [120.337324, 22.584245], [120.337325, 22.584038], [120.337151, 22.584036], [120.337129, 22.584346], [120.33667, 22.584116], [120.336669, 22.584026]]}}, {"type": "Feature", "properties": {"district": "6400900", "segment": 7, "total_segments": 34, "km": 12.11, "villages": ["明正里", "明禮里"]}, "geometry": {"type": "LineString", "coordinates": [[120.335209, 22.584044], [120.335215, 22.584197], [120.33542, 22.584199], [120.33543, 22.584643], [120.335234, 22.584629], [120.335236, 22.58455], [120.33523, 22.584708], [120.335425, 22.584852], [120.33541, 22.585361], [120.33523, 22.585453], [120.335232, 22.585195], [120.334951, 22.585193], [120.334972, 22.584039], [120.334778, 22.584035], [120.33478, 22.58334], [120.33493, 22.583199], [120.336223, 22.583176], [120.336212, 22.583433], [120.335203, 22.583429], [120.334774, 22.584085], [120.334761, 22.585546], [120.334984, 22.585496], [120.334953, 22.585234], [120.334387, 22.585084], [120.335222, 22.584387], [120.336037, 22.584459], [120.335988, 22.584626], [120.33565, 22.584636], [120.336138, 22.584656], [120.336636, 22.584564], [120.337126, 22.585025], [120.337314, 22.58499], [120.338066, 22.584166], [120.33807, 22.584051], [120.338321, 22.584291], [120.338109, 22.583628], [120.337109, 22.583619], [120.337104, 22.583786], [120.337129, 22.583215], [120.338011, 22.583235], [120.337592, 22.583463], [120.336293, 22.583439], [120.335618, 22.582755], [120.334376, 22.583357], [120.335491, 22.586296], [120.336324, 22.586107], [120.336316, 22.585917], [120.335667, 22.586047], [120.3354, 22.586314], [120.335727, 22.587339], [120.335531, 22.587581], [120.335639, 22.587992], [120.335074, 22.588201], [120.335678, 22.588712], [120.335841, 22.588479], [120.336046, 22.588453], [120.336694, 22.589214], [120.336761, 22.589152], [120.336224, 22.589034], [120.335662, 22.589602], [120.335544, 22.589484], [120.336145, 22.588835], [120.335962, 22.588673], [120.335406, 22.589302], [120.335249, 22.589142], [120.335991, 22.588336], [120.335917, 22.58816], [120.337026, 22.587544], [120.337, 22.587465], [120.337652, 22.587352], [120.337315, 22.588128], [120.337369, 22.588332], [120.336733, 22.585934], [120.336541, 22.585934], [120.336515, 22.58585], [120.335104, 22.580486], [120.335282, 22.58004], [120.33563, 22.579843], [120.33555, 22.579452], [120.33583, 22.579415], [120.336314, 22.579633], [120.336151, 22.580173], [120.335071, 22.579548], [120.334729, 22.579857], [120.32676, 22.585575], [120.32633, 22.58541], [120.324741, 22.584459], [120.324796, 22.584304], [120.324531, 22.584019], [120.323973, 22.584709], [120.323623, 22.58446], [120.323562, 22.584345], [120.323643, 22.584287], [120.323746, 22.584386], [120.324394, 22.583838], [120.324468, 22.583955], [120.324211, 22.584126], [120.324015, 22.584395], [120.323968, 22.584359], [120.324036, 22.584421], [120.323873, 22.584499], [120.324016, 22.584748], [120.324152, 22.584827], [120.324422, 22.584537], [120.324471, 22.584732], [120.324271, 22.584957], [120.32415, 22.584875], [120.323953, 22.585082], [120.323794, 22.58496], [120.323825, 22.584874], [120.32331, 22.584424], [120.322893, 22.584256], [120.322796, 22.584355], [120.323061, 22.584509], [120.322691, 22.584878], [120.322784, 22.584662], [120.322671, 22.584625], [120.322776, 22.584445], [120.322719, 22.584295], [120.322266, 22.584082], [120.322211, 22.584479], [120.322309, 22.585121], [120.322719, 22.585003], [120.322918, 22.585331], [120.322691, 22.585528], [120.32239, 22.585644], [120.322435, 22.585825], [120.32233, 22.585238], [120.322694, 22.585104], [120.322568, 22.584837], [120.322664, 22.584661], [120.322506, 22.584757], [120.322459, 22.584975], [120.32255, 22.584867], [120.322342, 22.584795], [120.322817, 22.584029], [120.322326, 22.583928], [120.322682, 22.582792], [120.32321, 22.582379], [120.323099, 22.582306], [120.322741, 22.582575], [120.322702, 22.582711], [120.3228, 22.582371], [120.323036, 22.58224], [120.322915, 22.582208], [120.322833, 22.582298], [120.322842, 22.582159], [120.32314, 22.582624], [120.322807, 22.582928], [120.322955, 22.5831], [120.322626, 22.58337], [120.322716, 22.58346], [120.32363, 22.582715], [120.323568, 22.582622], [120.32311, 22.582893], [120.322987, 22.583077], [120.323192, 22.583246], [120.322899, 22.583497], [120.322665, 22.583576], [120.322741, 22.583641], [120.322582, 22.583848], [120.322723, 22.583858], [120.322866, 22.583705], [120.323038, 22.58394], [120.322876, 22.584041], [120.323129, 22.584112], [120.323887, 22.58346], [120.324232, 22.583459], [120.324368, 22.583332], [120.32445, 22.583399], [120.324321, 22.583529], [120.324416, 22.583633], [120.324625, 22.583436], [120.324754, 22.583584], [120.324468, 22.583763], [120.324593, 22.583849], [120.324787, 22.583673], [120.324314, 22.583732], [120.323765, 22.584185], [120.323674, 22.584078], [120.324011, 22.5838], [120.323819, 22.583785], [120.323303, 22.584204], [120.323255, 22.584171], [120.323444, 22.584249], [120.323621, 22.584105], [120.32328, 22.583625], [120.323773, 22.583221], [120.323709, 22.583143], [120.323009, 22.583687], [120.323489, 22.583217], [120.323447, 22.583073], [120.323528, 22.582967], [120.323708, 22.582814], [120.323793, 22.583058], [120.323949, 22.582924], [120.324014, 22.583032], [120.323886, 22.58314], [120.323976, 22.583231], [120.324167, 22.583068], [120.324041, 22.583014], [120.32433, 22.583162], [120.323865, 22.583312], [120.32311, 22.583796], [120.323218, 22.583219], [120.323383, 22.583084], [120.323642, 22.583087], [120.323372, 22.582526], [120.323176, 22.584577], [120.323698, 22.585112], [120.323098, 22.585379], [120.323464, 22.585341], [120.322566, 22.586151], [120.322818, 22.586685], [120.322948, 22.586443], [120.322813, 22.586387]]}}, {"type": "Feature", "properties": {"district": "6400900", "segment": 8, "total_segments": 34, "km": 11.48, "villages": ["明道里", "平等里"]}, "geometry": {"type": "LineString", "coordinates": [[120.321923, 22.585237], [120.321928, 22.585142], [120.32206, 22.585043], [120.321982, 22.584929], [120.322016, 22.584721], [120.321906, 22.584855], [120.321286, 22.584555], [120.321212, 22.584623], [120.321679, 22.584834], [120.321626, 22.584922], [120.321712, 22.584963], [120.321791, 22.58489], [120.321895, 22.584943], [120.321899, 22.58505], [120.321801, 22.585208], [120.321434, 22.584989], [120.321458, 22.584918], [120.321514, 22.584942], [120.321074, 22.584871], [120.321052, 22.584952], [120.321708, 22.585307], [120.321825, 22.585272], [120.321438, 22.585409], [120.321435, 22.585324], [120.320999, 22.585097], [120.320968, 22.585142], [120.321313, 22.585333], [120.321144, 22.585468], [120.320813, 22.585259], [120.320798, 22.585376], [120.321052, 22.585503], [120.320935, 22.585069], [120.320436, 22.58489], [120.320507, 22.584792], [120.320638, 22.584869], [120.320793, 22.584708], [120.321007, 22.584794], [120.320949, 22.584889], [120.320791, 22.584816], [120.320591, 22.584526], [120.320492, 22.584697], [120.320463, 22.584769], [120.320616, 22.584725], [120.320802, 22.584464], [120.321077, 22.584552], [120.321087, 22.584639], [120.321205, 22.584484], [120.32084, 22.584217], [120.320683, 22.584364], [120.320741, 22.584427], [120.320282, 22.584173], [120.320403, 22.583722], [120.320449, 22.583668], [120.32064, 22.583719], [120.320697, 22.583569], [120.320458, 22.583505], [120.320405, 22.583631], [120.320482, 22.583758], [120.320388, 22.583911], [120.3205, 22.583993], [120.32067, 22.583795], [120.320688, 22.583885], [120.320515, 22.584149], [120.320209, 22.584082], [120.320172, 22.584145], [120.319801, 22.583909], [120.319772, 22.583963], [120.319842, 22.584], [120.319845, 22.583809], [120.320115, 22.583929], [120.320257, 22.583486], [120.320347, 22.583468], [120.320249, 22.583418], [120.319902, 22.583601], [120.319897, 22.583755], [120.319822, 22.583791], [120.319706, 22.583711], [120.320028, 22.583756], [120.319815, 22.584143], [120.319987, 22.584235], [120.319815, 22.584359], [120.319809, 22.584516], [120.319499, 22.584439], [120.31959, 22.58426], [120.319654, 22.584305], [120.319588, 22.584201], [120.319673, 22.584069], [120.319824, 22.584243], [120.320334, 22.584383], [120.320122, 22.584714], [120.320168, 22.584763], [120.319974, 22.58456], [120.319842, 22.584608], [120.319958, 22.584662], [120.320025, 22.584379], [120.320219, 22.584425], [120.320381, 22.58504], [120.320517, 22.585095], [120.320564, 22.585212], [120.320664, 22.585245], [120.320731, 22.585159], [120.320679, 22.585104], [120.32064, 22.585288], [120.320334, 22.585091], [120.321011, 22.584934], [120.321278, 22.584755], [120.321381, 22.584457], [120.32185, 22.584666], [120.321965, 22.584423], [120.321874, 22.584441], [120.320982, 22.583971], [120.321091, 22.583869], [120.321275, 22.583996], [120.321339, 22.583823], [120.321172, 22.583765], [120.321068, 22.583836], [120.320944, 22.584116], [120.321714, 22.584455], [120.321934, 22.584333], [120.32192, 22.584179], [120.32201, 22.584034], [120.321575, 22.583952], [120.321379, 22.583834], [120.321487, 22.584115], [120.321619, 22.584175], [120.321253, 22.584393], [120.321155, 22.584348], [120.32077, 22.583795], [120.320873, 22.583602], [120.320743, 22.583582], [120.320913, 22.583606], [120.321031, 22.583367], [120.319579, 22.584005], [120.319441, 22.583919], [120.319133, 22.584222], [120.319291, 22.584337], [120.319489, 22.584161], [120.319472, 22.584037], [120.319532, 22.584061], [120.322386, 22.5821], [120.322412, 22.581877], [120.322076, 22.585318], [120.322103, 22.585661], [120.321118, 22.587414], [120.321453, 22.587659], [120.321322, 22.587356], [120.321576, 22.586923], [120.322131, 22.58684], [120.322154, 22.586961], [120.321685, 22.58704], [120.32199, 22.587063], [120.321664, 22.587176], [120.321864, 22.587359], [120.32226, 22.587378], [120.322654, 22.586957], [120.322532, 22.586665], [120.322317, 22.586618], [120.322312, 22.586495], [120.322185, 22.586461], [120.322069, 22.586715], [120.3219, 22.58672], [120.321975, 22.586645], [120.321839, 22.586535], [120.321966, 22.586257], [120.322085, 22.586188], [120.322074, 22.586083], [120.322259, 22.586053], [120.322281, 22.586366], [120.321802, 22.586581], [120.321629, 22.586824], [120.321279, 22.586639], [120.320885, 22.587228], [120.32099, 22.587318], [120.321083, 22.587274], [120.320774, 22.587182], [120.321074, 22.586533], [120.32055, 22.58654], [120.320566, 22.586761], [120.320778, 22.586866], [120.32084, 22.586752], [120.320663, 22.586661], [120.32049, 22.586755], [120.319954, 22.586351], [120.319901, 22.5862], [120.319795, 22.586177], [120.319683, 22.586265], [120.31969, 22.586352], [120.320464, 22.586937], [120.320577, 22.586844], [120.320718, 22.587025], [120.320611, 22.587064], [120.32091, 22.586695], [120.320953, 22.586433], [120.320535, 22.586404], [120.32059, 22.586215], [120.320512, 22.586206], [120.32056, 22.586025], [120.320464, 22.585736], [120.320577, 22.585586], [120.320846, 22.585791], [120.320848, 22.585846], [120.320565, 22.585835], [120.320623, 22.585709], [120.320437, 22.5856], [120.320557, 22.585439], [120.32053, 22.585366], [120.320426, 22.58532], [120.320395, 22.585437], [120.320234, 22.585432], [120.320097, 22.58567], [120.320134, 22.58573], [120.319879, 22.586085], [120.320025, 22.586183], [120.320216, 22.585791], [120.320332, 22.585753], [120.320373, 22.585882], [120.32026, 22.586098], [120.320384, 22.58602], [120.320401, 22.586232], [120.320317, 22.586335], [120.320467, 22.58644], [120.320173, 22.586219], [120.320632, 22.586016], [120.321086, 22.585991], [120.321258, 22.5861], [120.320675, 22.586107], [120.320668, 22.586273], [120.320804, 22.586342], [120.320874, 22.586248], [120.321323, 22.58626], [120.321373, 22.586146], [120.321315, 22.586101], [120.321468, 22.585975], [120.321262, 22.585928], [120.320983, 22.585734], [120.320985, 22.585648], [120.320672, 22.585493], [120.321046, 22.585666], [120.321441, 22.585591], [120.321553, 22.58564], [120.321537, 22.58584], [120.321303, 22.585773], [120.320878, 22.585846], [120.321015, 22.58636], [120.32132, 22.586567], [120.321985, 22.585417], [120.321544, 22.585496], [120.321757, 22.585559], [120.322132, 22.586255], [120.322341, 22.586946], [120.321897, 22.587755], [120.32116, 22.587915], [120.320782, 22.588373], [120.320453, 22.58812], [120.3204, 22.588183], [120.32048, 22.588084], [120.320415, 22.588327], [120.320759, 22.588557], [120.320842, 22.588602], [120.320943, 22.588482], [120.320859, 22.588432], [120.321089, 22.58879], [120.321151, 22.588583], [120.320775, 22.589111], [120.32066, 22.589168], [120.320327, 22.588932], [120.320457, 22.588996], [120.320664, 22.588753], [120.320262, 22.588516], [120.319985, 22.58866], [120.319849, 22.588885], [120.319625, 22.589023], [120.318981, 22.589829], [120.318668, 22.590095], [120.318643, 22.590146], [120.319359, 22.590647], [120.319455, 22.59068], [120.319568, 22.59055], [120.319488, 22.590498], [120.319568, 22.590373], [120.319654, 22.590462], [120.320223, 22.589681], [120.319628, 22.589269], [120.320177, 22.589448], [120.320294, 22.589194], [120.320101, 22.589064], [120.320349, 22.589239], [120.320372, 22.58951], [120.319868, 22.589795], [120.319679, 22.589723], [120.319506, 22.58988], [120.319684, 22.590011], [120.31954, 22.590173], [120.319106, 22.589854], [120.31924, 22.58969], [120.31947, 22.589858], [120.319166, 22.590255], [120.319351, 22.590391], [120.31892, 22.590073], [120.319908, 22.587325], [120.318888, 22.586822], [120.318777, 22.587002], [120.31856, 22.587112], [120.318368, 22.586616], [120.318781, 22.586196], [120.319032, 22.586588], [120.319288, 22.586286], [120.319784, 22.58532], [120.319536, 22.585056], [120.319499, 22.58512], [120.319467, 22.584987], [120.319546, 22.584899], [120.319583, 22.58497], [120.319666, 22.584848], [120.318895, 22.584495], [120.318829, 22.584608], [120.318945, 22.584423], [120.319113, 22.584769], [120.319396, 22.584988], [120.319825, 22.584923], [120.320061, 22.585086], [120.320023, 22.585216], [120.31988, 22.585197], [120.319947, 22.585348], [120.32025, 22.585357], [120.320287, 22.585255], [120.321299, 22.586603]]}}, {"type": "Feature", "properties": {"district": "6400900", "segment": 9, "total_segments": 34, "km": 14.79, "villages": ["平昌里", "信德里", "信義里"]}, "geometry": {"type": "LineString", "coordinates": [[120.319756, 22.585688], [120.319492, 22.585984], [120.319487, 22.586084], [120.319081, 22.5857], [120.319397, 22.585159], [120.319505, 22.585335], [120.319252, 22.585713], [120.319326, 22.585776], [120.319388, 22.585727], [120.319703, 22.585378], [120.319623, 22.58532], [120.319835, 22.585525], [120.319772, 22.585651], [120.319883, 22.585489], [120.319207, 22.585326], [120.318952, 22.585589], [120.319011, 22.585698], [120.318728, 22.585483], [120.319209, 22.584945], [120.319321, 22.585053], [120.318937, 22.585493], [120.318711, 22.585213], [120.319049, 22.584836], [120.318964, 22.58479], [120.318809, 22.58494], [120.318627, 22.584787], [120.318283, 22.585167], [120.318479, 22.585312], [120.318576, 22.585136], [120.318512, 22.585086], [120.318752, 22.584663], [120.317908, 22.585553], [120.318093, 22.585671], [120.318313, 22.585479], [120.318393, 22.585539], [120.31821, 22.585408], [120.318206, 22.585743], [120.317587, 22.586083], [120.317088, 22.586518], [120.316773, 22.586918], [120.316892, 22.587003], [120.317268, 22.586598], [120.317194, 22.58654], [120.317608, 22.586824], [120.317468, 22.586879], [120.317478, 22.586951], [120.317286, 22.586824], [120.31734, 22.5867], [120.316996, 22.587085], [120.317587, 22.587435], [120.317733, 22.587232], [120.317424, 22.587684], [120.317136, 22.587584], [120.316948, 22.587337], [120.31675, 22.587577], [120.316891, 22.587683], [120.316605, 22.587505], [120.316825, 22.587274], [120.316656, 22.587253], [120.31651, 22.587416], [120.316407, 22.587359], [120.316641, 22.587143], [120.316473, 22.587023], [120.316017, 22.587455], [120.316129, 22.587539], [120.315842, 22.587748], [120.316872, 22.586532], [120.317271, 22.5878], [120.317192, 22.587871], [120.317518, 22.587885], [120.317626, 22.587822], [120.317708, 22.587881], [120.317538, 22.587766], [120.3184, 22.587488], [120.316964, 22.586263], [120.316812, 22.586416], [120.316728, 22.586298], [120.316886, 22.586161], [120.316798, 22.586101], [120.316856, 22.586036], [120.316972, 22.586218], [120.317057, 22.586164], [120.316724, 22.58602], [120.316461, 22.586279], [120.316389, 22.586161], [120.316683, 22.585909], [120.316502, 22.585801], [120.316209, 22.586167], [120.316207, 22.586305], [120.316121, 22.586267], [120.316054, 22.586412], [120.31601, 22.586376], [120.316272, 22.586567], [120.316198, 22.586422], [120.316498, 22.586486], [120.316661, 22.586316], [120.316696, 22.586542], [120.316499, 22.586747], [120.316377, 22.586612], [120.31647, 22.586525], [120.316282, 22.586879], [120.315594, 22.587662], [120.315438, 22.58743], [120.31566, 22.587026], [120.315402, 22.587114], [120.31504, 22.587589], [120.31508, 22.587664], [120.314977, 22.587654], [120.315091, 22.587585], [120.315212, 22.587682], [120.314981, 22.58797], [120.314386, 22.587761], [120.314161, 22.587806], [120.314193, 22.587642], [120.313989, 22.587657], [120.31393, 22.587286], [120.314171, 22.587239], [120.314172, 22.587425], [120.314471, 22.587435], [120.314458, 22.58711], [120.314229, 22.587008], [120.314188, 22.586837], [120.314368, 22.58681], [120.31439, 22.586399], [120.314537, 22.586378], [120.314555, 22.586578], [120.31473, 22.586759], [120.315176, 22.586734], [120.315168, 22.586905], [120.315384, 22.586942], [120.315329, 22.586599], [120.31554, 22.586546], [120.315688, 22.586646], [120.315854, 22.586601], [120.316318, 22.586929], [120.315442, 22.58629], [120.31526, 22.58646], [120.315219, 22.586192], [120.315065, 22.586296], [120.315106, 22.586352], [120.315014, 22.586092], [120.314771, 22.586091], [120.314756, 22.586364], [120.315386, 22.585958], [120.315566, 22.586025], [120.315686, 22.585949], [120.315755, 22.585996], [120.315698, 22.58605], [120.315587, 22.586137], [120.315546, 22.586067], [120.3158, 22.586258], [120.316475, 22.585488], [120.316383, 22.58544], [120.316381, 22.585502], [120.316284, 22.585402], [120.316327, 22.585366], [120.316231, 22.585447], [120.316138, 22.585284], [120.315866, 22.58562], [120.315849, 22.585752], [120.315704, 22.585851], [120.315819, 22.585933], [120.315926, 22.585698], [120.316132, 22.585528], [120.315801, 22.585545], [120.315632, 22.585729], [120.316438, 22.585231], [120.316604, 22.585277], [120.316541, 22.585358], [120.316637, 22.585162], [120.316556, 22.585069], [120.31727, 22.584405], [120.317331, 22.584437], [120.316676, 22.585133], [120.316528, 22.585087], [120.316935, 22.585271], [120.317358, 22.584801], [120.317455, 22.584892], [120.317107, 22.585216], [120.317181, 22.585324], [120.317619, 22.584987], [120.317244, 22.585388], [120.317146, 22.585342], [120.317095, 22.585469], [120.316962, 22.585351], [120.316801, 22.585512], [120.3172, 22.585779], [120.317504, 22.585353], [120.317746, 22.585133], [120.317797, 22.585174], [120.317703, 22.58511], [120.317922, 22.585217], [120.317766, 22.585435], [120.317673, 22.58539], [120.31727, 22.585885], [120.317158, 22.585469], [120.31676, 22.58548], [120.318171, 22.584308], [120.317912, 22.584144], [120.317651, 22.584396], [120.317767, 22.584433], [120.317877, 22.584334], [120.31795, 22.584109], [120.317779, 22.584045], [120.317533, 22.584305], [120.317469, 22.584242], [120.317709, 22.583981], [120.317441, 22.584269], [120.318034, 22.58466], [120.318271, 22.584417], [120.318485, 22.584492], [120.318214, 22.584791], [120.318318, 22.584842], [120.318558, 22.584554], [120.318111, 22.585057], [120.314787, 22.587437], [120.314651, 22.58764], [120.314025, 22.587014], [120.31435, 22.585994], [120.314651, 22.585761], [120.314498, 22.585687], [120.314224, 22.585941], [120.314013, 22.585739], [120.314054, 22.585548], [120.314448, 22.585399], [120.314438, 22.585619], [120.314717, 22.585488], [120.314842, 22.585572], [120.315079, 22.585331], [120.315099, 22.585231], [120.314979, 22.585096], [120.315079, 22.584962], [120.315, 22.584903], [120.314882, 22.585012], [120.314723, 22.584859], [120.314787, 22.584809], [120.314893, 22.584908], [120.314918, 22.584813], [120.314765, 22.584691], [120.314906, 22.584601], [120.315043, 22.584705], [120.315143, 22.584666], [120.315181, 22.584584], [120.315112, 22.584533], [120.315177, 22.58444], [120.315298, 22.584531], [120.315232, 22.584612], [120.315396, 22.584721], [120.315499, 22.584694], [120.315472, 22.584811], [120.315543, 22.584847], [120.315653, 22.584653], [120.315877, 22.584521], [120.315964, 22.584246], [120.316076, 22.584303], [120.316313, 22.584053], [120.316163, 22.58402], [120.316116, 22.583914], [120.316486, 22.58362], [120.316423, 22.583581], [120.316507, 22.583496], [120.316413, 22.583427], [120.316712, 22.583231], [120.316258, 22.582965], [120.316064, 22.583187], [120.316336, 22.583374], [120.31648, 22.583249], [120.316435, 22.583168], [120.31622, 22.583428], [120.31632, 22.583497], [120.315937, 22.583261], [120.315762, 22.583476], [120.316159, 22.583771], [120.315987, 22.58383], [120.315675, 22.583638], [120.315476, 22.583881], [120.31574, 22.58409], [120.315968, 22.584038], [120.315843, 22.583858], [120.315402, 22.584251], [120.315275, 22.584133], [120.31518, 22.58425], [120.315528, 22.584521], [120.31563, 22.584382], [120.315494, 22.584315], [120.316041, 22.584736], [120.316702, 22.584051], [120.316819, 22.584129], [120.316461, 22.584446], [120.31651, 22.58453], [120.316922, 22.584202], [120.316335, 22.584879], [120.316173, 22.584838], [120.316473, 22.584561], [120.316343, 22.584557], [120.315956, 22.584831], [120.315973, 22.584923], [120.316391, 22.585209], [120.316414, 22.585016], [120.31715, 22.584397], [120.317126, 22.584308], [120.317028, 22.584333], [120.316482, 22.584897], [120.315852, 22.585337], [120.315899, 22.585391], [120.315767, 22.585571], [120.315647, 22.585508], [120.315501, 22.585621], [120.315416, 22.585552], [120.315677, 22.585327], [120.315629, 22.585236], [120.315773, 22.585093], [120.315904, 22.585062], [120.315784, 22.585246], [120.31548, 22.585341], [120.315116, 22.585751], [120.315321, 22.585939], [120.315731, 22.585436], [120.315217, 22.585195], [120.315158, 22.585251], [120.315186, 22.584882], [120.315317, 22.584807], [120.315261, 22.584729], [120.315123, 22.584819], [120.315392, 22.584978], [120.315338, 22.585041], [120.315519, 22.584874], [120.315133, 22.584407], [120.315068, 22.584367], [120.314954, 22.58453], [120.314731, 22.584438], [120.314438, 22.584843], [120.314356, 22.584807], [120.314477, 22.584665], [120.314656, 22.584956], [120.314831, 22.585075], [120.314786, 22.585145], [120.314933, 22.585171], [120.314669, 22.585274], [120.314763, 22.585662], [120.313783, 22.585012], [120.313898, 22.584868], [120.313635, 22.584786], [120.312323, 22.583771], [120.31251, 22.583523], [120.312275, 22.583177], [120.312669, 22.582779], [120.312972, 22.582988], [120.313077, 22.582734], [120.313349, 22.58292], [120.313512, 22.582815], [120.314398, 22.581623], [120.314744, 22.58162], [120.315059, 22.581811], [120.314539, 22.582604], [120.31471, 22.582731], [120.315412, 22.581903], [120.31569, 22.582266], [120.31586, 22.582086], [120.316142, 22.582177], [120.315643, 22.582772], [120.315399, 22.582653], [120.315533, 22.582473], [120.315212, 22.582878], [120.315681, 22.583169], [120.315504, 22.583385], [120.315547, 22.583529], [120.315114, 22.584064], [120.314993, 22.583992], [120.31506, 22.584133], [120.314969, 22.584255], [120.314891, 22.584213], [120.31475, 22.584402], [120.31491, 22.584186], [120.314729, 22.584046], [120.314677, 22.584096], [120.31479, 22.583932], [120.314246, 22.58372], [120.313919, 22.583432], [120.314164, 22.583135], [120.313781, 22.582899], [120.313669, 22.583028], [120.314066, 22.582638], [120.315389, 22.583492], [120.315977, 22.5828], [120.315991, 22.583496], [120.31638, 22.583957], [120.316915, 22.583367], [120.316832, 22.583295], [120.316769, 22.583367], [120.316733, 22.583416], [120.316973, 22.583246], [120.31835, 22.584139], [120.31827, 22.584233], [120.317772, 22.583835], [120.317313, 22.584194], [120.317299, 22.58412], [120.317591, 22.583819], [120.318335, 22.584334], [120.318509, 22.584167], [120.318663, 22.584253], [120.318786, 22.584414], [120.318617, 22.58454], [120.31855, 22.58449], [120.318577, 22.584376], [120.318823, 22.584349]]}}, {"type": "Feature", "properties": {"district": "6400900", "segment": 10, "total_segments": 34, "km": 10.44, "villages": ["信義里", "興化里", "興仁里"]}, "geometry": {"type": "LineString", "coordinates": [[120.314421, 22.584229], [120.314054, 22.584643], [120.313945, 22.584417], [120.313807, 22.584326], [120.314053, 22.584047], [120.314199, 22.584138], [120.313543, 22.583719], [120.313242, 22.58398], [120.313331, 22.584082], [120.31346, 22.584162], [120.313473, 22.583323], [120.313025, 22.582618], [120.312566, 22.582366], [120.311431, 22.583696], [120.311706, 22.583987], [120.312033, 22.584133], [120.312231, 22.583861], [120.312558, 22.584548], [120.313094, 22.584935], [120.313645, 22.585165], [120.313571, 22.585334], [120.314189, 22.582359], [120.31435, 22.582268], [120.314616, 22.581909], [120.313959, 22.581464], [120.312465, 22.581089], [120.311328, 22.582557], [120.310275, 22.582145], [120.310616, 22.5813], [120.309818, 22.580753], [120.30906, 22.582356], [120.308114, 22.582081], [120.306918, 22.581447], [120.306785, 22.580309], [120.308675, 22.577956], [120.311801, 22.578305], [120.310412, 22.583236], [120.310245, 22.583416], [120.310635, 22.583535], [120.310699, 22.583454], [120.310465, 22.583273], [120.310458, 22.583541], [120.310635, 22.583707], [120.311023, 22.583808], [120.310962, 22.583908], [120.310749, 22.583805], [120.310714, 22.583942], [120.310517, 22.583896], [120.310432, 22.583958], [120.310325, 22.583886], [120.310231, 22.58394], [120.310141, 22.583877], [120.310389, 22.583697], [120.310789, 22.583979], [120.310772, 22.584096], [120.310631, 22.584077], [120.310728, 22.584168], [120.310445, 22.584465], [120.310217, 22.58431], [120.310232, 22.58422], [120.310467, 22.584149], [120.310689, 22.584547], [120.310986, 22.584621], [120.311031, 22.584567], [120.310759, 22.584376], [120.310818, 22.584278], [120.311121, 22.584468], [120.311125, 22.584242], [120.310911, 22.584151], [120.311047, 22.584016], [120.311341, 22.583999], [120.311325, 22.584261], [120.3112, 22.584134], [120.311229, 22.583863], [120.311108, 22.583906], [120.311083, 22.583745], [120.310868, 22.583681], [120.310909, 22.583627], [120.310829, 22.583563], [120.3103, 22.583624], [120.310168, 22.583506], [120.310041, 22.583659], [120.310084, 22.584168], [120.309963, 22.584156], [120.309912, 22.584255], [120.309779, 22.584136], [120.309542, 22.584218], [120.309427, 22.584347], [120.309478, 22.584416], [120.30965, 22.584335], [120.310055, 22.584689], [120.309958, 22.584761], [120.309618, 22.584506], [120.309485, 22.584551], [120.310044, 22.584969], [120.309904, 22.585143], [120.310021, 22.585201], [120.3101, 22.585118], [120.310151, 22.585303], [120.310371, 22.585196], [120.310008, 22.584824], [120.310189, 22.584807], [120.310187, 22.584753], [120.310329, 22.584853], [120.310273, 22.584916], [120.310381, 22.584879], [120.310456, 22.584953], [120.310372, 22.585015], [120.310449, 22.585124], [120.310904, 22.584711], [120.310697, 22.584721], [120.310701, 22.584629], [120.310565, 22.58461], [120.310482, 22.584718], [120.310878, 22.584938], [120.311008, 22.584889], [120.310958, 22.584684], [120.311183, 22.584672], [120.311298, 22.584432], [120.3113, 22.584793], [120.31062, 22.584529], [120.310302, 22.584604], [120.310155, 22.5844], [120.309647, 22.58494], [120.309218, 22.58464], [120.309394, 22.584443], [120.30958, 22.584786], [120.309798, 22.585058], [120.309836, 22.585004], [120.308703, 22.585437], [120.307478, 22.584099], [120.309349, 22.58329], [120.311466, 22.584017], [120.31144, 22.584277], [120.311648, 22.584495], [120.311561, 22.584567], [120.311438, 22.584533], [120.311426, 22.584614], [120.311432, 22.584459], [120.311706, 22.58422], [120.311607, 22.584119], [120.312067, 22.584564], [120.311969, 22.584563], [120.311914, 22.584638], [120.311965, 22.584684], [120.311837, 22.584597], [120.311669, 22.584755], [120.311728, 22.58495], [120.311526, 22.585033], [120.311511, 22.584934], [120.311571, 22.584962], [120.311452, 22.584985], [120.311396, 22.585068], [120.311493, 22.585282], [120.311392, 22.585304], [120.311171, 22.585145], [120.311252, 22.58506], [120.311191, 22.584914], [120.310914, 22.585027], [120.311118, 22.585163], [120.311079, 22.585363], [120.311261, 22.58548], [120.310937, 22.585415], [120.310754, 22.585878], [120.310854, 22.585955], [120.310551, 22.586253], [120.310487, 22.586169], [120.310615, 22.585979], [120.310557, 22.585899], [120.310631, 22.58579], [120.310514, 22.585692], [120.310599, 22.585477], [120.310536, 22.585415], [120.310702, 22.585218], [120.310761, 22.585184], [120.310857, 22.585398], [120.310793, 22.585559], [120.310649, 22.585498], [120.310763, 22.585614], [120.310716, 22.585717], [120.31098, 22.58576], [120.311172, 22.585566], [120.310999, 22.585345], [120.311258, 22.584894], [120.311406, 22.584843], [120.311681, 22.585079], [120.310937, 22.585871], [120.310488, 22.585943], [120.310312, 22.585708], [120.310116, 22.585926], [120.310423, 22.586055], [120.310237, 22.586258], [120.310136, 22.586256], [120.309968, 22.586609], [120.309878, 22.586639], [120.309906, 22.586431], [120.309718, 22.586304], [120.309602, 22.586448], [120.309756, 22.586541], [120.309796, 22.586491], [120.309615, 22.587099], [120.309521, 22.58708], [120.309546, 22.587017], [120.309483, 22.587176], [120.309367, 22.587162], [120.309434, 22.586944], [120.30927, 22.587122], [120.309099, 22.587051], [120.309278, 22.586902], [120.309263, 22.586972], [120.309482, 22.586601], [120.309579, 22.586644], [120.309589, 22.586587], [120.309512, 22.586805], [120.309731, 22.587057], [120.30969, 22.58727], [120.309637, 22.58724], [120.30978, 22.587265], [120.309898, 22.587036], [120.309831, 22.586984], [120.309878, 22.586878], [120.309957, 22.586821], [120.310035, 22.586904], [120.309925, 22.58709], [120.310101, 22.586799], [120.310189, 22.586801], [120.310449, 22.586501], [120.310482, 22.586435], [120.310333, 22.586356], [120.310327, 22.586488], [120.310037, 22.586732], [120.309992, 22.586318], [120.30981, 22.586214], [120.309945, 22.586073], [120.310096, 22.586176], [120.310441, 22.585764], [120.310369, 22.585657], [120.310454, 22.585527], [120.310252, 22.585349], [120.310435, 22.585241], [120.310568, 22.586977], [120.310519, 22.587031], [120.310777, 22.58719], [120.310863, 22.58715], [120.310906, 22.587289], [120.310771, 22.587496], [120.31044, 22.587481], [120.313899, 22.586338]]}}, {"type": "Feature", "properties": {"district": "6400900", "segment": 11, "total_segments": 34, "km": 9.29, "villages": ["鎮海里"]}, "geometry": {"type": "LineString", "coordinates": [[120.315381, 22.588116], [120.315194, 22.588523], [120.315051, 22.588413], [120.314835, 22.588647], [120.315151, 22.588811], [120.315265, 22.588658], [120.315157, 22.588594], [120.315102, 22.588359], [120.315461, 22.58809], [120.315558, 22.588099], [120.315485, 22.588582], [120.315616, 22.588741], [120.315458, 22.588758], [120.315525, 22.588921], [120.315242, 22.588865], [120.314836, 22.589342], [120.314762, 22.589332], [120.314967, 22.589361], [120.314815, 22.589758], [120.314524, 22.58967], [120.314671, 22.589558], [120.314777, 22.589595], [120.314821, 22.589487], [120.314366, 22.589313], [120.314125, 22.589619], [120.313986, 22.589528], [120.313782, 22.589877], [120.313688, 22.589798], [120.314193, 22.590109], [120.31426, 22.590036], [120.314536, 22.590131], [120.314407, 22.590384], [120.314532, 22.59047], [120.314377, 22.590659], [120.31443, 22.590722], [120.314277, 22.59055], [120.3143, 22.590177], [120.314173, 22.590145], [120.314133, 22.590214], [120.314407, 22.589792], [120.314758, 22.589911], [120.314542, 22.590394], [120.314749, 22.590499], [120.314696, 22.590634], [120.314839, 22.590684], [120.315122, 22.590379], [120.315229, 22.590498], [120.314751, 22.59104], [120.314872, 22.591131], [120.315122, 22.590981], [120.315582, 22.590478], [120.315415, 22.590332], [120.315278, 22.590471], [120.315257, 22.590067], [120.315538, 22.590113], [120.31562, 22.590203], [120.315896, 22.589961], [120.315838, 22.589753], [120.315635, 22.589731], [120.315508, 22.589914], [120.31524, 22.589777], [120.315262, 22.589624], [120.315071, 22.589587], [120.315128, 22.589425], [120.315328, 22.589399], [120.315221, 22.589221], [120.31582, 22.589475], [120.316162, 22.589442], [120.316304, 22.589931], [120.316223, 22.590007], [120.31611, 22.589953], [120.316011, 22.589672], [120.316052, 22.590034], [120.315754, 22.590328], [120.317156, 22.591411], [120.317563, 22.591043], [120.317267, 22.590942], [120.317227, 22.590813], [120.317186, 22.591198], [120.317479, 22.591485], [120.317406, 22.591575], [120.31809, 22.592102], [120.318343, 22.591805], [120.318166, 22.591777], [120.317649, 22.591384], [120.317552, 22.591484], [120.318079, 22.590818], [120.318136, 22.590955], [120.318559, 22.591271], [120.318442, 22.591381], [120.318045, 22.59109], [120.318015, 22.59127], [120.318102, 22.59133], [120.31798, 22.591431], [120.317841, 22.591331], [120.318251, 22.591633], [120.318476, 22.591408], [120.318633, 22.591715], [120.31803, 22.592357], [120.317927, 22.592288], [120.317628, 22.592659], [120.317732, 22.592744], [120.317927, 22.592536], [120.318074, 22.592798], [120.317695, 22.592817], [120.317347, 22.592533], [120.3175, 22.592533], [120.317757, 22.592175], [120.317197, 22.591737], [120.316824, 22.592168], [120.317095, 22.592359], [120.317369, 22.592008], [120.317474, 22.592126], [120.317089, 22.592605], [120.317312, 22.59277], [120.317227, 22.59287], [120.316885, 22.592602], [120.316976, 22.592494], [120.317049, 22.592575], [120.316856, 22.592638], [120.316226, 22.592175], [120.316746, 22.591616], [120.316601, 22.591513], [120.316367, 22.591823], [120.315931, 22.591569], [120.316275, 22.591106], [120.316047, 22.590948], [120.31591, 22.591213], [120.315477, 22.591621], [120.316124, 22.592102], [120.316265, 22.59194], [120.31515, 22.591159], [120.315057, 22.591276], [120.31533, 22.591476], [120.315659, 22.591188], [120.31596, 22.590839], [120.315739, 22.590666], [120.315473, 22.591002], [120.315526, 22.59119], [120.316307, 22.59114], [120.317099, 22.591637], [120.316626, 22.592204], [120.316456, 22.592086], [120.316581, 22.592014], [120.316654, 22.59224], [120.316882, 22.592422], [120.316602, 22.590784], [120.316661, 22.590703], [120.316491, 22.590593], [120.316433, 22.59066], [120.316523, 22.590558], [120.316333, 22.590432], [120.316243, 22.590522], [120.316134, 22.590432], [120.316478, 22.589761], [120.316528, 22.589792], [120.316439, 22.589717], [120.316471, 22.589593], [120.316913, 22.589351], [120.316779, 22.589486], [120.316822, 22.589622], [120.316642, 22.589666], [120.31658, 22.589458], [120.31693, 22.589586], [120.317362, 22.589145], [120.317448, 22.589245], [120.317282, 22.589407], [120.317464, 22.589471], [120.317421, 22.589534], [120.317653, 22.589264], [120.316928, 22.589007], [120.316654, 22.589083], [120.316583, 22.58888], [120.31665, 22.588745], [120.316985, 22.588828], [120.316889, 22.588629], [120.317181, 22.588548], [120.317247, 22.588413], [120.317414, 22.588441], [120.317484, 22.588288], [120.317602, 22.588496], [120.317907, 22.588082], [120.317121, 22.588169], [120.31694, 22.588123], [120.317019, 22.58797], [120.316757, 22.587797], [120.316616, 22.587842], [120.316438, 22.587787], [120.316388, 22.587687], [120.316186, 22.587686], [120.316582, 22.588013], [120.316711, 22.58823], [120.31645, 22.588241], [120.316284, 22.588446], [120.31652, 22.58851], [120.316472, 22.588681], [120.316002, 22.588697], [120.315925, 22.588624], [120.315946, 22.588498], [120.315641, 22.588479], [120.315728, 22.588389], [120.315693, 22.588193], [120.315837, 22.5881], [120.315578, 22.58801], [120.316035, 22.588246], [120.316016, 22.588507], [120.315794, 22.588407], [120.315722, 22.588665], [120.315785, 22.588723], [120.315673, 22.588741], [120.315732, 22.588895], [120.316204, 22.588969], [120.317081, 22.588349], [120.316828, 22.590536], [120.317983, 22.590548], [120.318661, 22.590957], [120.319075, 22.590679], [120.318545, 22.59027], [120.318456, 22.590378], [120.319038, 22.591221], [120.318861, 22.591437], [120.319252, 22.590969], [120.314887, 22.590224], [120.314767, 22.590464], [120.315036, 22.589659], [120.31461, 22.59001], [120.314467, 22.589964], [120.314053, 22.589456], [120.31463, 22.58889], [120.314751, 22.588949], [120.314624, 22.590814], [120.31469, 22.590861], [120.314598, 22.590911]]}}, {"type": "Feature", "properties": {"district": "6400900", "segment": 12, "total_segments": 34, "km": 9.77, "villages": ["瑞南里"]}, "geometry": {"type": "LineString", "coordinates": [[120.321985, 22.595735], [120.32237, 22.595664], [120.322317, 22.595804], [120.322449, 22.595845], [120.322498, 22.596015], [120.322607, 22.595947], [120.32286, 22.59679], [120.322781, 22.597134], [120.322593, 22.597193], [120.32266, 22.596988], [120.322479, 22.596198], [120.322413, 22.596114], [120.32229, 22.59617], [120.32234, 22.596527], [120.322221, 22.596486], [120.322154, 22.596145], [120.322061, 22.596141], [120.322201, 22.596991], [120.322288, 22.59694], [120.322252, 22.596642], [120.322456, 22.596672], [120.322551, 22.596998], [120.322172, 22.597001], [120.322212, 22.597167], [120.322372, 22.597131], [120.322436, 22.597241], [120.32223, 22.597276], [120.322547, 22.597404], [120.322804, 22.597352], [120.322783, 22.597274], [120.322525, 22.597303], [120.322646, 22.598081], [120.322443, 22.598098], [120.322378, 22.59754], [120.322252, 22.597407], [120.323063, 22.597541], [120.322982, 22.597649], [120.323072, 22.597713], [120.323116, 22.597668], [120.323004, 22.597812], [120.323153, 22.597903], [120.323034, 22.598128], [120.323292, 22.598256], [120.323367, 22.598247], [120.323952, 22.597473], [120.323728, 22.597387], [120.32368, 22.597462], [120.323786, 22.597535], [120.323644, 22.597724], [120.323522, 22.597642], [120.323479, 22.597717], [120.323602, 22.597787], [120.32337, 22.597632], [120.323302, 22.597705], [120.323174, 22.597876], [120.323238, 22.59803], [120.323327, 22.598084], [120.323433, 22.597941], [120.323318, 22.597863], [120.323673, 22.598095], [120.324175, 22.597437], [120.324346, 22.59751], [120.323726, 22.59833], [120.323772, 22.598402], [120.324435, 22.597574], [120.324553, 22.597649], [120.323915, 22.598484], [120.324036, 22.598584], [120.324699, 22.597748], [120.324799, 22.597815], [120.324147, 22.598666], [120.324283, 22.598711], [120.324817, 22.598046], [120.324924, 22.597982], [120.325022, 22.598118], [120.324707, 22.598966], [120.324391, 22.598784], [120.324202, 22.598864], [120.32359, 22.599602], [120.323449, 22.599557], [120.323739, 22.59917], [120.323191, 22.598851], [120.32292, 22.599166], [120.323105, 22.599311], [120.323315, 22.599041], [120.323383, 22.599087], [120.323209, 22.599392], [120.323321, 22.599421], [120.323445, 22.599268], [120.323221, 22.599574], [120.323053, 22.599456], [120.322934, 22.599503], [120.32291, 22.599365], [120.322707, 22.599302], [120.322694, 22.599563], [120.322925, 22.599573], [120.322975, 22.599844], [120.32315, 22.599917], [120.323319, 22.599637], [120.323726, 22.599928], [120.32385, 22.599811], [120.324106, 22.599984], [120.324624, 22.599164], [120.324268, 22.598946], [120.324254, 22.599108], [120.323768, 22.599748], [120.323709, 22.59972], [120.323996, 22.599753], [120.324395, 22.599182], [120.324699, 22.599566], [120.324538, 22.599836], [120.325114, 22.600084], [120.325258, 22.59983], [120.325138, 22.599864], [120.324751, 22.599671], [120.324597, 22.600031], [120.324423, 22.599938], [120.324284, 22.600138], [120.324889, 22.600457], [120.325004, 22.600248], [120.324787, 22.600172], [120.325389, 22.600133], [120.325775, 22.600282], [120.326007, 22.599483], [120.325894, 22.599452], [120.325873, 22.599545], [120.326002, 22.599219], [120.326118, 22.599235], [120.326151, 22.599112], [120.326042, 22.59908], [120.32609, 22.598867], [120.326208, 22.598901], [120.326232, 22.598832], [120.325719, 22.598756], [120.32513, 22.598516], [120.325245, 22.598372], [120.325964, 22.598669], [120.325809, 22.599004], [120.325068, 22.598784], [120.32498, 22.599023], [120.325745, 22.599137], [120.325216, 22.59929], [120.324913, 22.599178], [120.32509, 22.598734], [120.324709, 22.598415], [120.324844, 22.598316], [120.324878, 22.597937], [120.324595, 22.598701], [120.324031, 22.598813], [120.323473, 22.598509], [120.323324, 22.598725], [120.323827, 22.599053], [120.323941, 22.598909], [120.323674, 22.598736], [120.323622, 22.59879], [120.323313, 22.598454], [120.323153, 22.598408], [120.322938, 22.598733], [120.323008, 22.598769], [120.322892, 22.599025], [120.322698, 22.599015], [120.322694, 22.599075], [120.32268, 22.598708], [120.322515, 22.598604], [120.322477, 22.598324], [120.322341, 22.598315], [120.322526, 22.599251], [120.322702, 22.599223], [120.322887, 22.598796], [120.323034, 22.598742], [120.323211, 22.598526], [120.32289, 22.598371], [120.32287, 22.598552], [120.322881, 22.598136], [120.322715, 22.597829], [120.322793, 22.597626], [120.323041, 22.597378], [120.322956, 22.597333], [120.323041, 22.597234], [120.323214, 22.597361], [120.323307, 22.597244], [120.323402, 22.597308], [120.323208, 22.597542], [120.323113, 22.597478], [120.323214, 22.597171], [120.323016, 22.597008], [120.323002, 22.597207], [120.32282, 22.597266], [120.323074, 22.596927], [120.323203, 22.596783], [120.324034, 22.597338], [120.323684, 22.597246], [120.323415, 22.597579], [120.323301, 22.597063], [120.323183, 22.596991], [120.323044, 22.596683], [120.32259, 22.596557], [120.322544, 22.596215], [120.322431, 22.596329], [120.32227, 22.596134], [120.322271, 22.595941], [120.322371, 22.595965], [120.322075, 22.595839], [120.322044, 22.596001], [120.323653, 22.598122], [120.323029, 22.599582], [120.32309, 22.599618], [120.32312, 22.599962], [120.323493, 22.600225], [120.323433, 22.60036], [120.323133, 22.600197], [120.323008, 22.600476], [120.323187, 22.600612], [120.323035, 22.600684], [120.322653, 22.600249], [120.322713, 22.599815], [120.323008, 22.600079], [120.322885, 22.600268], [120.323383, 22.599854], [120.323473, 22.600388], [120.32367, 22.600552], [120.324012, 22.600119], [120.323521, 22.600746], [120.324856, 22.60051], [120.324758, 22.602208], [120.326408, 22.599605], [120.326505, 22.599309], [120.326576, 22.599263], [120.327035, 22.599436], [120.326999, 22.599503], [120.326826, 22.59949], [120.326752, 22.599661], [120.326576, 22.599588], [120.326773, 22.599376], [120.32788, 22.59972], [120.327981, 22.599794], [120.327955, 22.599901], [120.327751, 22.600198], [120.326975, 22.599826], [120.327347, 22.599853], [120.327406, 22.599682], [120.327548, 22.599727], [120.327474, 22.599908], [120.327608, 22.599962], [120.327715, 22.599999], [120.327853, 22.599855], [120.327267, 22.599482]]}}, {"type": "Feature", "properties": {"district": "6400900", "segment": 13, "total_segments": 34, "km": 9.45, "villages": ["瑞祥里", "瑞和里"]}, "geometry": {"type": "LineString", "coordinates": [[120.327411, 22.600453], [120.327623, 22.600712], [120.327478, 22.601], [120.327177, 22.601297], [120.327655, 22.601579], [120.327894, 22.601273], [120.327839, 22.601174], [120.327991, 22.601021], [120.327843, 22.600948], [120.328017, 22.600903], [120.328133, 22.600661], [120.328191, 22.600742], [120.328364, 22.600697], [120.327854, 22.600394], [120.32776, 22.600531], [120.327989, 22.600264], [120.328132, 22.600333], [120.328023, 22.600213], [120.328099, 22.600124], [120.329075, 22.60079], [120.3291, 22.600881], [120.329048, 22.600878], [120.329161, 22.600955], [120.329232, 22.600899], [120.3294, 22.60099], [120.328596, 22.602026], [120.328446, 22.602115], [120.328375, 22.602079], [120.328047, 22.602475], [120.328114, 22.60262], [120.328037, 22.602683], [120.327892, 22.602483], [120.327578, 22.60231], [120.328192, 22.601554], [120.32827, 22.601365], [120.328181, 22.601289], [120.327805, 22.601697], [120.327816, 22.601824], [120.327655, 22.601931], [120.327712, 22.601968], [120.327301, 22.601569], [120.327072, 22.601483], [120.326871, 22.601702], [120.326812, 22.60182], [120.326928, 22.60182], [120.326947, 22.60191], [120.327002, 22.601884], [120.32738, 22.602201], [120.327487, 22.602256], [120.327573, 22.60213], [120.327471, 22.602066], [120.327236, 22.602381], [120.327331, 22.602526], [120.327446, 22.602518], [120.327905, 22.602808], [120.328207, 22.60309], [120.327666, 22.603766], [120.327521, 22.603638], [120.327808, 22.603305], [120.327639, 22.603196], [120.327489, 22.603421], [120.327369, 22.603339], [120.327547, 22.603132], [120.327353, 22.602978], [120.327089, 22.603311], [120.327476, 22.603592], [120.327865, 22.603188], [120.32773, 22.603088], [120.327851, 22.602953], [120.327739, 22.602871], [120.327608, 22.602997], [120.327549, 22.602951], [120.327646, 22.603024], [120.327432, 22.602888], [120.327548, 22.602744], [120.327441, 22.602662], [120.327336, 22.602833], [120.327246, 22.602779], [120.327207, 22.602453], [120.327079, 22.602441], [120.327105, 22.602588], [120.3269, 22.602426], [120.326854, 22.602492], [120.32691, 22.602528], [120.326766, 22.602436], [120.326816, 22.60237], [120.326735, 22.602317], [120.326689, 22.602386], [120.3266, 22.602327], [120.326647, 22.602255], [120.326562, 22.602209], [120.326153, 22.602657], [120.326458, 22.602836], [120.326472, 22.602758], [120.326592, 22.60274], [120.326541, 22.602694], [120.326619, 22.602577], [120.326746, 22.602659], [120.326439, 22.602446], [120.326125, 22.602349], [120.325895, 22.602656], [120.325757, 22.602565], [120.32597, 22.602295], [120.325942, 22.602168], [120.32569, 22.602519], [120.325589, 22.602428], [120.325866, 22.602105], [120.32574, 22.601987], [120.325526, 22.60232], [120.325383, 22.602301], [120.325726, 22.601878], [120.326149, 22.602277], [120.326404, 22.601971], [120.326444, 22.601836], [120.326104, 22.601699], [120.326132, 22.601808], [120.326052, 22.601585], [120.325765, 22.601495], [120.325753, 22.60168], [120.325281, 22.602229], [120.326661, 22.602017], [120.327045, 22.602316], [120.32774, 22.602383], [120.328362, 22.601609], [120.328458, 22.601339], [120.328748, 22.601512], [120.328747, 22.601566], [120.328537, 22.601583], [120.327912, 22.602384], [120.328271, 22.602431], [120.328462, 22.602197], [120.328352, 22.602241], [120.328155, 22.602575], [120.328368, 22.602693], [120.328272, 22.602792], [120.32837, 22.602874], [120.329014, 22.602064], [120.328924, 22.601991], [120.328402, 22.602648], [120.32825, 22.603063], [120.327914, 22.603224], [120.327143, 22.602896], [120.326955, 22.603211], [120.326903, 22.603053], [120.326538, 22.602869], [120.327361, 22.601338], [120.328032, 22.601138], [120.328214, 22.600937], [120.328359, 22.601036], [120.328575, 22.600767], [120.328698, 22.600843], [120.328772, 22.600753], [120.328895, 22.600826], [120.328573, 22.601267], [120.328864, 22.601404], [120.328927, 22.601251], [120.32881, 22.601176], [120.328531, 22.601249], [120.328291, 22.601115], [120.328502, 22.601086], [120.328672, 22.600879], [120.32859, 22.600554], [120.3283, 22.600444], [120.328209, 22.601231], [120.328373, 22.601284], [120.328607, 22.601782], [120.328399, 22.602043], [120.328963, 22.601945], [120.329652, 22.601187], [120.326798, 22.600692], [120.329134, 22.602236], [120.329184, 22.602173], [120.32856, 22.603028], [120.328734, 22.603146], [120.329395, 22.602318], [120.329479, 22.602373], [120.328823, 22.603201], [120.329018, 22.603301], [120.329654, 22.602491], [120.329734, 22.602554], [120.329093, 22.603382], [120.329257, 22.60341], [120.32987, 22.602636], [120.329985, 22.602718], [120.329322, 22.6035], [120.329682, 22.603752], [120.330315, 22.602954], [120.33043, 22.603018], [120.329762, 22.603846], [120.32987, 22.603918], [120.330523, 22.603081], [120.330634, 22.603163], [120.329973, 22.603982], [120.33053, 22.604319], [120.330916, 22.603796], [120.330798, 22.603706], [120.331016, 22.603417], [120.330881, 22.603336], [120.330284, 22.604083], [120.330124, 22.603983], [120.330769, 22.603254], [120.330711, 22.603236], [120.330202, 22.603875], [120.330516, 22.604057], [120.330476, 22.604111], [120.330775, 22.603733], [120.330905, 22.604199], [120.331052, 22.604348], [120.330864, 22.604555], [120.33069, 22.604436], [120.331125, 22.604275], [120.331298, 22.604047], [120.331496, 22.604196], [120.331682, 22.603998], [120.331946, 22.604216], [120.33133, 22.604932], [120.331299, 22.604818], [120.331084, 22.604736], [120.331436, 22.604277], [120.331567, 22.604394], [120.331652, 22.604284], [120.330008, 22.603106], [120.330198, 22.602863], [120.330103, 22.6028], [120.32953, 22.603511], [120.329626, 22.603583], [120.329983, 22.603133], [120.329601, 22.603619], [120.329256, 22.603455]]}}, {"type": "Feature", "properties": {"district": "6400900", "segment": 14, "total_segments": 34, "km": 12.13, "villages": ["瑞平里", "瑞隆里"]}, "geometry": {"type": "LineString", "coordinates": [[120.3299, 22.602532], [120.329292, 22.602083], [120.32988, 22.601328], [120.33044, 22.601771], [120.330361, 22.60187], [120.329849, 22.601507], [120.329754, 22.601632], [120.329796, 22.601715], [120.33024, 22.602023], [120.330161, 22.602113], [120.329665, 22.601743], [120.329539, 22.601903], [120.330052, 22.602257], [120.329975, 22.602357], [120.329468, 22.601993], [120.329246, 22.602146], [120.330106, 22.602538], [120.330492, 22.602819], [120.331037, 22.602122], [120.330931, 22.602126], [120.330583, 22.601871], [120.330577, 22.601962], [120.330431, 22.602037], [120.330626, 22.602161], [120.330715, 22.602053], [120.330843, 22.602252], [120.330723, 22.602396], [120.330539, 22.602278], [120.330314, 22.602584], [120.330531, 22.602648], [120.330635, 22.602513], [120.330535, 22.60244], [120.330605, 22.602188], [120.330314, 22.602295], [120.330167, 22.602484], [120.330655, 22.602982], [120.331235, 22.602262], [120.331588, 22.602553], [120.331048, 22.603246], [120.33076, 22.602992], [120.330869, 22.602956], [120.331269, 22.602461], [120.331413, 22.602561], [120.331016, 22.603056], [120.33133, 22.603259], [120.33176, 22.602677], [120.332055, 22.602898], [120.332132, 22.602971], [120.331551, 22.603664], [120.331407, 22.603482], [120.331491, 22.603383], [120.331594, 22.603447], [120.331711, 22.603249], [120.331639, 22.603203], [120.331743, 22.603267], [120.331816, 22.603168], [120.331714, 22.603104], [120.331854, 22.602924], [120.331957, 22.602997], [120.332182, 22.602908], [120.332215, 22.602655], [120.331943, 22.602446], [120.332347, 22.602014], [120.332432, 22.602042], [120.332264, 22.602249], [120.332434, 22.602331], [120.332492, 22.602204], [120.332513, 22.602349], [120.332613, 22.602367], [120.332317, 22.602755], [120.3323, 22.602646], [120.332431, 22.60243], [120.332829, 22.602097], [120.3327, 22.602088], [120.332102, 22.601669], [120.331582, 22.601415], [120.331467, 22.601559], [120.331581, 22.601541], [120.332218, 22.601896], [120.332023, 22.602085], [120.331696, 22.601858], [120.331684, 22.601966], [120.331475, 22.602137], [120.331808, 22.602364], [120.33194, 22.602103], [120.331807, 22.602057], [120.331733, 22.602147], [120.331504, 22.601785], [120.331348, 22.601721], [120.331397, 22.601658], [120.331188, 22.601946], [120.330779, 22.601619], [120.330912, 22.601511], [120.331196, 22.601702], [120.331112, 22.601801], [120.331503, 22.601315], [120.330761, 22.601041], [120.330512, 22.601474], [120.330449, 22.601437], [120.330616, 22.601563], [120.330883, 22.601195], [120.33134, 22.601432], [120.331563, 22.601803], [120.331297, 22.602037], [120.329981, 22.601128], [120.330079, 22.601102], [120.330332, 22.600778], [120.330662, 22.600978], [120.330356, 22.601265], [120.330216, 22.601138], [120.329748, 22.600965], [120.330013, 22.600686], [120.330114, 22.600704], [120.330016, 22.600603], [120.331307, 22.603295], [120.331191, 22.603422], [120.33205, 22.604009], [120.332313, 22.603694], [120.332167, 22.603612], [120.332054, 22.603756], [120.331944, 22.603642], [120.332371, 22.60311], [120.332661, 22.603237], [120.332386, 22.603595], [120.332302, 22.603441], [120.332708, 22.602847], [120.332924, 22.602992], [120.33288, 22.603017], [120.333052, 22.602712], [120.332917, 22.602631], [120.332796, 22.602784], [120.33321, 22.602397], [120.331895, 22.603699], [120.332334, 22.603965], [120.33222, 22.604154], [120.332298, 22.604227], [120.33277, 22.603614], [120.332901, 22.603705], [120.332949, 22.603642], [120.332725, 22.603479], [120.332353, 22.603938], [120.332549, 22.604074], [120.332381, 22.604281], [120.332496, 22.604354], [120.333062, 22.603661], [120.333234, 22.603821], [120.332741, 22.60449], [120.332578, 22.60439], [120.332963, 22.603958], [120.332764, 22.603813], [120.332569, 22.604047], [120.332808, 22.60375], [120.332746, 22.603443], [120.332807, 22.603344], [120.33355, 22.603843], [120.333405, 22.60536], [120.33333, 22.60554], [120.332734, 22.605484], [120.332829, 22.604635], [120.333265, 22.604086], [120.333507, 22.603961], [120.33359, 22.603516], [120.333708, 22.603458], [120.333611, 22.603256], [120.333753, 22.603086], [120.333809, 22.603131], [120.333941, 22.602996], [120.334094, 22.603132], [120.334195, 22.603006], [120.333515, 22.602579], [120.33355, 22.60251], [120.333429, 22.602567], [120.333022, 22.603108], [120.333079, 22.603155], [120.333415, 22.602711], [120.334065, 22.603168], [120.333991, 22.603249], [120.333927, 22.603213], [120.334341, 22.603422], [120.334394, 22.60335], [120.334406, 22.603504], [120.334503, 22.603576], [120.334377, 22.603711], [120.334313, 22.603675], [120.334527, 22.603829], [120.334469, 22.603901], [120.3341, 22.603917], [120.334024, 22.603818], [120.334516, 22.603215], [120.335181, 22.603653], [120.335093, 22.604193], [120.334918, 22.604387], [120.334932, 22.604482], [120.335323, 22.604736], [120.335551, 22.604504], [120.33568, 22.604647], [120.335497, 22.604854], [120.335924, 22.605154], [120.336149, 22.604902], [120.33572, 22.604629], [120.336009, 22.604197], [120.336334, 22.604424], [120.335929, 22.604558], [120.335684, 22.604331], [120.335837, 22.60407], [120.335682, 22.60397], [120.334967, 22.60478], [120.334746, 22.604652], [120.334718, 22.604959], [120.334924, 22.604978], [120.334909, 22.605095], [120.3347, 22.605067], [120.334722, 22.605492], [120.334873, 22.605502], [120.33491, 22.605222], [120.335197, 22.605331], [120.335121, 22.605683], [120.335817, 22.605713], [120.335808, 22.605388], [120.33519, 22.605031], [120.335221, 22.605281], [120.335434, 22.605325], [120.335422, 22.605534], [120.335594, 22.60553], [120.334768, 22.605664], [120.333733, 22.605524], [120.333744, 22.605389], [120.334025, 22.605408], [120.333996, 22.60529], [120.333746, 22.605299], [120.333768, 22.605152], [120.333968, 22.605146], [120.334008, 22.604848], [120.334256, 22.604515], [120.334386, 22.604605], [120.334185, 22.604848], [120.334135, 22.605444], [120.334304, 22.605472], [120.334361, 22.604849], [120.334487, 22.604868], [120.334428, 22.605527], [120.334298, 22.605517], [120.333964, 22.605191], [120.333842, 22.604848], [120.333882, 22.6045], [120.334175, 22.604294], [120.334566, 22.604525], [120.334496, 22.604832], [120.333965, 22.604154], [120.333239, 22.604935], [120.333254, 22.605296], [120.332963, 22.605268], [120.332882, 22.605295], [120.332868, 22.605412], [120.332923, 22.604717], [120.333042, 22.604808], [120.333025, 22.605169], [120.33241, 22.605148], [120.332259, 22.605057], [120.332302, 22.604705], [120.332438, 22.604742], [120.33242, 22.604977], [120.332243, 22.605247], [120.332094, 22.605237], [120.332166, 22.604461], [120.332042, 22.604334], [120.332092, 22.604289], [120.33147, 22.605054], [120.33146, 22.605298], [120.331556, 22.605307], [120.331575, 22.605072], [120.331696, 22.605064], [120.331671, 22.605335], [120.331819, 22.605435], [120.331848, 22.60483], [120.331979, 22.604839], [120.332015, 22.604632], [120.331941, 22.60528], [120.332087, 22.605273], [120.332099, 22.605454], [120.331924, 22.605444], [120.332483, 22.605478], [120.332401, 22.605275], [120.3317, 22.605028], [120.331581, 22.605387], [120.331448, 22.605397], [120.336549, 22.604865], [120.338869, 22.605657], [120.338969, 22.605748]]}}, {"type": "Feature", "properties": {"district": "6400900", "segment": 15, "total_segments": 34, "km": 12.29, "villages": ["瑞昌里", "瑞華里"]}, "geometry": {"type": "LineString", "coordinates": [[120.335784, 22.606], [120.33465, 22.605904], [120.334643, 22.606018], [120.335591, 22.606091], [120.335504, 22.606225], [120.335289, 22.606212], [120.335281, 22.606313], [120.335505, 22.60632], [120.335629, 22.606498], [120.335595, 22.606629], [120.335344, 22.606519], [120.335291, 22.606616], [120.335136, 22.606503], [120.335066, 22.606564], [120.335006, 22.606503], [120.334803, 22.606549], [120.334812, 22.606484], [120.334602, 22.606548], [120.334606, 22.606474], [120.334873, 22.606493], [120.334869, 22.606287], [120.334622, 22.606287], [120.334626, 22.60617], [120.335166, 22.606208], [120.335152, 22.606297], [120.334949, 22.606293], [120.334451, 22.606207], [120.334467, 22.606095], [120.33434, 22.606086], [120.334266, 22.606917], [120.334376, 22.606899], [120.334443, 22.606248], [120.334343, 22.606014], [120.334416, 22.605906], [120.333718, 22.605849], [120.333643, 22.606842], [120.333737, 22.606833], [120.333823, 22.605967], [120.334042, 22.605995], [120.333972, 22.606889], [120.334033, 22.606889], [120.334117, 22.605995], [120.33451, 22.605906], [120.334627, 22.606909], [120.335059, 22.606902], [120.335146, 22.606772], [120.334808, 22.606775], [120.334555, 22.607036], [120.334521, 22.607499], [120.334452, 22.607523], [120.3343, 22.607515], [120.334343, 22.607032], [120.334457, 22.607043], [120.334211, 22.607096], [120.333992, 22.607046], [120.333941, 22.607504], [120.334101, 22.607453], [120.334067, 22.607672], [120.334469, 22.607722], [120.334432, 22.608019], [120.334292, 22.60801], [120.334318, 22.607757], [120.334469, 22.607676], [120.334706, 22.60786], [120.334659, 22.607977], [120.334951, 22.608115], [120.335271, 22.608098], [120.335573, 22.608209], [120.335594, 22.607993], [120.335065, 22.60782], [120.33478, 22.607452], [120.334816, 22.607136], [120.334195, 22.607234], [120.333799, 22.607177], [120.333826, 22.606996], [120.333742, 22.60687], [120.333654, 22.606951], [120.333537, 22.607961], [120.333718, 22.607944], [120.333788, 22.607222], [120.333161, 22.607227], [120.333125, 22.607643], [120.333026, 22.607814], [120.333053, 22.608059], [120.332428, 22.608264], [120.332393, 22.608101], [120.33299, 22.607922], [120.332927, 22.60774], [120.332644, 22.60775], [120.332699, 22.60766], [120.332663, 22.607384], [120.332675, 22.607244], [120.332791, 22.607281], [120.332792, 22.607435], [120.333019, 22.607408], [120.332987, 22.607056], [120.333121, 22.605828], [120.332711, 22.605766], [120.332693, 22.606189], [120.332843, 22.606191], [120.332854, 22.606037], [120.333229, 22.606127], [120.333157, 22.607156], [120.332764, 22.607082], [120.332788, 22.60683], [120.332615, 22.606847], [120.332574, 22.607036], [120.332688, 22.607046], [120.332425, 22.60699], [120.332401, 22.607081], [120.332638, 22.606344], [120.332637, 22.606495], [120.333244, 22.606082], [120.33328, 22.605829], [120.333164, 22.605802], [120.333341, 22.605829], [120.332491, 22.607226], [120.332468, 22.607813], [120.332371, 22.607821], [120.332361, 22.607758], [120.332405, 22.608002], [120.332735, 22.60785], [120.332321, 22.607586], [120.332323, 22.607297], [120.332515, 22.608761], [120.332815, 22.608699], [120.332737, 22.608509], [120.332599, 22.608554], [120.332564, 22.608409], [120.332898, 22.608329], [120.33297, 22.608456], [120.332806, 22.608491], [120.332923, 22.608907], [120.332498, 22.608957], [120.332507, 22.609231], [120.332903, 22.609286], [120.332875, 22.609413], [120.332636, 22.609475], [120.33268, 22.609755], [120.332836, 22.609766], [120.332852, 22.60971], [120.332792, 22.609657], [120.332827, 22.609982], [120.332676, 22.609953], [120.332751, 22.609872], [120.332783, 22.610039], [120.332623, 22.609403], [120.334034, 22.607945], [120.334171, 22.607955], [120.334114, 22.607758], [120.335576, 22.607014], [120.335549, 22.606811], [120.336096, 22.606143], [120.336092, 22.606012], [120.337024, 22.60607], [120.336018, 22.606012], [120.335692, 22.609948], [120.335845, 22.609849], [120.336502, 22.609852], [120.337136, 22.610053], [120.337377, 22.610054], [120.337417, 22.609666], [120.337143, 22.60962], [120.336467, 22.609581], [120.336451, 22.609762], [120.337131, 22.60981], [120.3371, 22.609909], [120.33737, 22.610154], [120.337291, 22.609466], [120.337442, 22.608989], [120.337109, 22.608979], [120.337071, 22.60934], [120.337165, 22.609349], [120.337185, 22.609069], [120.336928, 22.609068], [120.336903, 22.60933], [120.336944, 22.608969], [120.336485, 22.608931], [120.336458, 22.609389], [120.336533, 22.6094], [120.336466, 22.609533], [120.336297, 22.609436], [120.335981, 22.609408], [120.335882, 22.609155], [120.335957, 22.608248], [120.336311, 22.608351], [120.336261, 22.609137], [120.336132, 22.609109], [120.336241, 22.60866], [120.336502, 22.608687], [120.336525, 22.608335], [120.336609, 22.608299], [120.337584, 22.60843], [120.337529, 22.608836], [120.337375, 22.608772], [120.337446, 22.608483], [120.337591, 22.608367], [120.33762, 22.607897], [120.336671, 22.60783], [120.336595, 22.607866], [120.336606, 22.608155], [120.336701, 22.608083], [120.337492, 22.608131], [120.337247, 22.608464], [120.337216, 22.608753], [120.336569, 22.608751], [120.336666, 22.609109], [120.336968, 22.608661], [120.336977, 22.608466], [120.337153, 22.608476], [120.337124, 22.608677], [120.337519, 22.60898], [120.337501, 22.609455], [120.336281, 22.609707], [120.335438, 22.609622], [120.335398, 22.609369], [120.333789, 22.609245], [120.333763, 22.609958], [120.333872, 22.609941], [120.333884, 22.609354], [120.334084, 22.609463], [120.334108, 22.609969], [120.335374, 22.609938], [120.33541, 22.609703], [120.335213, 22.609729], [120.335266, 22.609567], [120.335182, 22.609558], [120.335302, 22.609576], [120.3355, 22.609378], [120.335513, 22.609058], [120.335037, 22.609097], [120.334963, 22.608875], [120.334751, 22.609077], [120.334531, 22.609067], [120.334567, 22.608661], [120.334788, 22.608644], [120.334791, 22.608488], [120.334611, 22.608463], [120.334618, 22.608327], [120.334803, 22.608385], [120.334797, 22.608267], [120.334643, 22.608129], [120.334633, 22.608219], [120.334386, 22.608182], [120.334383, 22.608109], [120.334304, 22.608172], [120.334026, 22.608162], [120.334222, 22.608326], [120.334208, 22.608443], [120.334007, 22.60837], [120.333948, 22.608993], [120.333591, 22.609], [120.333648, 22.608106], [120.333785, 22.608125], [120.333739, 22.608838], [120.33403, 22.608993], [120.334305, 22.608976], [120.334382, 22.608218], [120.334118, 22.608741], [120.334185, 22.60875], [120.334175, 22.608867], [120.334109, 22.608858], [120.334309, 22.609045], [120.333659, 22.609219], [120.333599, 22.609958], [120.333706, 22.609967], [120.333232, 22.609927], [120.333322, 22.609226], [120.333608, 22.609252], [120.333506, 22.60937], [120.333473, 22.609804], [120.333216, 22.60999], [120.332611, 22.609366], [120.333407, 22.60899], [120.333501, 22.608133], [120.333788, 22.60808], [120.33486, 22.6085], [120.33553, 22.608557], [120.335569, 22.60823], [120.336009, 22.608044], [120.336328, 22.608118], [120.33637, 22.607802], [120.336031, 22.607803], [120.336325, 22.608163], [120.336205, 22.608366], [120.338349, 22.606229], [120.338573, 22.606223]]}}, {"type": "Feature", "properties": {"district": "6400900", "segment": 16, "total_segments": 34, "km": 13.22, "villages": ["瑞文里", "瑞誠里", "瑞北里"]}, "geometry": {"type": "LineString", "coordinates": [[120.332361, 22.609203], [120.33227, 22.610077], [120.332162, 22.61006], [120.33227, 22.609173], [120.331957, 22.609158], [120.331934, 22.610104], [120.332085, 22.610114], [120.332158, 22.609249], [120.332319, 22.609187], [120.332388, 22.609273], [120.332498, 22.610148], [120.332304, 22.610286], [120.332303, 22.610485], [120.332228, 22.610521], [120.332237, 22.611135], [120.332296, 22.611189], [120.331808, 22.611178], [120.331966, 22.611062], [120.332033, 22.61033], [120.33225, 22.610349], [120.332174, 22.611081], [120.332536, 22.611236], [120.332484, 22.610928], [120.332599, 22.610811], [120.332531, 22.610405], [120.332647, 22.610956], [120.332624, 22.611255], [120.331091, 22.611085], [120.330245, 22.61086], [120.33027, 22.610177], [120.330147, 22.610261], [120.330023, 22.610223], [120.330009, 22.61034], [120.330137, 22.61034], [120.329932, 22.610592], [120.329964, 22.610665], [120.330109, 22.61067], [120.330121, 22.61056], [120.329963, 22.610773], [120.330093, 22.610809], [120.330086, 22.610897], [120.329931, 22.6109], [120.329893, 22.611008], [120.329961, 22.611008], [120.329673, 22.610483], [120.328867, 22.610435], [120.328875, 22.610119], [120.329772, 22.610222], [120.329708, 22.610285], [120.329789, 22.609609], [120.32924, 22.609596], [120.32925, 22.609849], [120.329337, 22.609687], [120.329609, 22.609706], [120.329597, 22.609806], [120.329345, 22.609963], [120.329012, 22.60983], [120.328959, 22.609514], [120.328937, 22.609875], [120.329085, 22.609587], [120.329104, 22.609205], [120.328986, 22.609216], [120.32893, 22.608981], [120.329416, 22.60898], [120.329342, 22.609226], [120.329225, 22.60922], [120.329276, 22.609394], [120.330018, 22.60941], [120.330087, 22.609067], [120.330004, 22.609058], [120.330124, 22.609013], [120.330356, 22.609086], [120.330318, 22.609981], [120.33018, 22.609961], [120.330178, 22.609618], [120.329937, 22.609617], [120.330032, 22.609771], [120.330026, 22.609952], [120.329339, 22.610655], [120.328806, 22.610681], [120.328783, 22.610934], [120.329152, 22.610889], [120.329325, 22.610954], [120.328805, 22.610643], [120.328984, 22.609252], [120.331537, 22.609147], [120.331146, 22.611331], [120.330435, 22.611294], [120.330451, 22.611444], [120.33126, 22.611528], [120.331201, 22.611989], [120.330407, 22.611913], [120.33042, 22.61176], [120.331107, 22.611826], [120.331122, 22.611672], [120.330209, 22.611586], [120.330214, 22.611321], [120.329809, 22.611233], [120.329864, 22.611324], [120.329749, 22.611928], [120.330127, 22.611993], [120.330209, 22.611648], [120.329986, 22.611749], [120.330008, 22.611875], [120.329606, 22.611765], [120.329553, 22.61181], [120.329496, 22.611756], [120.329563, 22.611639], [120.32968, 22.611648], [120.32966, 22.611486], [120.329379, 22.611576], [120.329351, 22.611186], [120.329262, 22.611362], [120.329083, 22.61137], [120.329056, 22.611474], [120.329138, 22.611483], [120.329155, 22.61159], [120.328854, 22.61158], [120.328905, 22.611801], [120.328825, 22.611806], [120.328844, 22.611925], [120.328921, 22.611934], [120.329076, 22.61194], [120.329049, 22.611717], [120.329231, 22.611759], [120.329257, 22.611468], [120.329087, 22.611255], [120.329095, 22.611167], [120.329171, 22.611167], [120.328831, 22.611157], [120.328965, 22.611248], [120.328963, 22.611365], [120.328892, 22.611356], [120.328959, 22.611465], [120.328495, 22.611453], [120.328303, 22.611164], [120.327931, 22.611081], [120.327916, 22.611578], [120.327767, 22.61146], [120.327767, 22.611089], [120.327855, 22.61109], [120.327501, 22.61107], [120.32755, 22.611332], [120.327246, 22.61106], [120.328133, 22.611244], [120.328085, 22.611741], [120.328797, 22.612148], [120.331057, 22.612331], [120.331547, 22.612349], [120.331526, 22.612116], [120.331394, 22.612094], [120.331397, 22.611375], [120.331292, 22.611366], [120.331758, 22.611395], [120.331779, 22.611526], [120.3319, 22.611364], [120.3321, 22.611432], [120.331999, 22.611902], [120.332041, 22.612082], [120.33176, 22.612063], [120.331805, 22.61191], [120.332145, 22.612101], [120.332449, 22.612154], [120.332564, 22.612021], [120.33259, 22.611723], [120.332362, 22.611388], [120.33221, 22.611442], [120.332161, 22.61247], [120.332498, 22.612499], [120.332581, 22.61244], [120.332296, 22.612401], [120.332673, 22.611419], [120.331148, 22.612079], [120.330435, 22.612031], [120.33001, 22.611496], [120.330057, 22.611388], [120.32957, 22.61135], [120.329563, 22.611214], [120.329694, 22.611224], [120.329499, 22.611205], [120.3302, 22.611039], [120.329632, 22.611928], [120.329287, 22.611948], [120.32855, 22.610903], [120.328544, 22.61056], [120.328323, 22.610586], [120.328279, 22.610884], [120.328378, 22.610893], [120.327618, 22.610854], [120.327447, 22.609959], [120.327542, 22.609887], [120.327524, 22.60977], [120.327407, 22.60976], [120.327243, 22.608929], [120.327276, 22.608814], [120.327926, 22.60885], [120.327831, 22.609291], [120.328706, 22.609322], [120.328722, 22.608902], [120.328189, 22.608878], [120.328258, 22.609176], [120.328419, 22.609196], [120.328574, 22.608675], [120.32874, 22.608682], [120.328812, 22.607798], [120.328339, 22.60782], [120.328316, 22.60815], [120.328212, 22.608083], [120.328184, 22.608137], [120.328189, 22.607816], [120.327963, 22.607802], [120.327942, 22.607954], [120.32807, 22.607951], [120.327746, 22.60793], [120.327742, 22.608272], [120.327553, 22.608184], [120.327124, 22.608172], [120.327075, 22.607954], [120.327503, 22.608009], [120.327503, 22.608078], [120.327505, 22.607972], [120.327749, 22.607894], [120.327765, 22.607713], [120.32778, 22.608272], [120.327647, 22.608398], [120.32765, 22.608614], [120.328257, 22.608626], [120.328467, 22.608095], [120.328634, 22.608112], [120.327449, 22.608425], [120.32748, 22.608605], [120.327226, 22.608592], [120.327131, 22.60821], [120.327518, 22.608605], [120.327215, 22.608806], [120.326919, 22.608779], [120.326841, 22.609718], [120.326597, 22.609658], [120.326376, 22.608672], [120.326916, 22.608739], [120.326819, 22.607807], [120.326703, 22.607798], [120.326604, 22.608402], [120.326502, 22.608393], [120.326582, 22.607644], [120.326066, 22.607614], [120.326317, 22.608482], [120.32681, 22.608566], [120.326821, 22.608945], [120.326616, 22.608935], [120.326639, 22.609117], [120.326809, 22.609134], [120.3268, 22.609281], [120.326669, 22.609266], [120.326704, 22.609458], [120.327133, 22.609497], [120.327167, 22.609723], [120.326968, 22.60968], [120.326953, 22.609867], [120.327234, 22.609904], [120.327194, 22.610139], [120.326897, 22.610208], [120.326713, 22.60985], [120.326896, 22.609857], [120.326985, 22.610025], [120.327239, 22.610148], [120.32727, 22.610265], [120.327007, 22.610334], [120.326977, 22.610418], [120.326945, 22.610339], [120.326772, 22.610408], [120.326966, 22.610869], [120.327146, 22.61078], [120.327026, 22.610517], [120.327302, 22.610446], [120.327283, 22.610311], [120.327386, 22.610871], [120.327195, 22.610861], [120.327633, 22.610384], [120.327774, 22.610394], [120.327769, 22.610529], [120.327838, 22.61053], [120.327932, 22.610765], [120.328102, 22.610793], [120.328078, 22.610549], [120.328258, 22.610559], [120.328115, 22.610395], [120.327927, 22.609473], [120.328661, 22.609491], [120.328663, 22.609813], [120.328458, 22.609801], [120.328472, 22.609656], [120.328402, 22.609601], [120.328179, 22.609592], [120.32818, 22.609818], [120.328266, 22.609953], [120.328198, 22.61006], [120.328228, 22.610289], [120.328323, 22.610402], [120.328441, 22.610374], [120.328455, 22.609846], [120.328627, 22.609964], [120.328586, 22.610343], [120.327898, 22.610539], [120.327929, 22.610367], [120.327752, 22.609509], [120.327646, 22.609483], [120.327635, 22.609386], [120.327519, 22.609442], [120.327489, 22.609123], [120.327651, 22.609137], [120.327087, 22.609244], [120.327134, 22.609458], [120.326954, 22.609346], [120.327081, 22.609208], [120.327011, 22.608901], [120.326283, 22.607895], [120.32669, 22.607662], [120.326814, 22.607672], [120.327758, 22.61024], [120.32675, 22.610347], [120.326689, 22.610199]]}}, {"type": "Feature", "properties": {"district": "6400900", "segment": 17, "total_segments": 34, "km": 9.71, "villages": ["瑞西里", "瑞興里"]}, "geometry": {"type": "LineString", "coordinates": [[120.326427, 22.607471], [120.326483, 22.607444], [120.326555, 22.606534], [120.32651, 22.606467], [120.326104, 22.606449], [120.32607, 22.60737], [120.326223, 22.607461], [120.326356, 22.607462], [120.326455, 22.606577], [120.326557, 22.60645], [120.326888, 22.606493], [120.326786, 22.606548], [120.326719, 22.607454], [120.326807, 22.607455], [120.326863, 22.606606], [120.328902, 22.606759], [120.328889, 22.606885], [120.327122, 22.606806], [120.327078, 22.606896], [120.328876, 22.607018], [120.328866, 22.60717], [120.327022, 22.607085], [120.327025, 22.607194], [120.327125, 22.607212], [120.328858, 22.607297], [120.328846, 22.607433], [120.327082, 22.607311], [120.32707, 22.607474], [120.328835, 22.607587], [120.328909, 22.606614], [120.327098, 22.606489], [120.327011, 22.606175], [120.327255, 22.606216], [120.327311, 22.605978], [120.326511, 22.605594], [120.326505, 22.605783], [120.326689, 22.605802], [120.32666, 22.606272], [120.326433, 22.606254], [120.326488, 22.605864], [120.326604, 22.605889], [120.326325, 22.605927], [120.326363, 22.605665], [120.326265, 22.605601], [120.326236, 22.606249], [120.32633, 22.606248], [120.326318, 22.605963], [120.326043, 22.605962], [120.326064, 22.605528], [120.325947, 22.605564], [120.325929, 22.60616], [120.325935, 22.606226], [120.326054, 22.606238], [120.326044, 22.605998], [120.32578, 22.605978], [120.325745, 22.606213], [120.325552, 22.606196], [120.325551, 22.606088], [120.325667, 22.606113], [120.325676, 22.605978], [120.325453, 22.606057], [120.325414, 22.606], [120.325511, 22.605198], [120.326408, 22.605545], [120.325825, 22.605491], [120.325785, 22.605942], [120.325571, 22.605905], [120.325578, 22.60577], [120.325735, 22.605771], [120.325586, 22.605698], [120.32564, 22.605562], [120.32576, 22.605509], [120.32575, 22.605563], [120.325677, 22.605499], [120.325594, 22.605553], [120.325217, 22.605497], [120.325099, 22.605211], [120.325454, 22.605242], [120.325362, 22.605372], [120.325438, 22.605426], [120.325257, 22.605326], [120.325247, 22.605602], [120.325388, 22.605913], [120.325418, 22.605688], [120.325742, 22.605698], [120.325831, 22.605455], [120.32577, 22.605373], [120.325613, 22.605364], [120.325717, 22.605978], [120.325802, 22.606216], [120.325875, 22.606219], [120.325824, 22.606385], [120.32563, 22.60642], [120.325601, 22.606357], [120.325778, 22.606891], [120.32591, 22.606918], [120.325903, 22.607216], [120.326237, 22.607218], [120.326231, 22.607326], [120.326278, 22.606568], [120.325924, 22.606548], [120.325915, 22.606882], [120.32577, 22.606512], [120.326172, 22.606246], [120.326934, 22.606275], [120.326833, 22.606209], [120.326843, 22.606032], [120.326983, 22.606034], [120.32698, 22.606096], [120.327366, 22.606257], [120.32784, 22.606307], [120.327836, 22.606204], [120.327463, 22.606057], [120.32741, 22.606048], [120.328473, 22.60643], [120.327016, 22.607474], [120.329047, 22.607618], [120.329984, 22.60773], [120.329759, 22.607657], [120.329762, 22.60753], [120.329868, 22.60754], [120.329883, 22.607395], [120.329955, 22.607396], [120.329965, 22.607251], [120.329066, 22.607193], [120.329207, 22.607393], [120.329777, 22.607386], [120.32962, 22.607512], [120.329492, 22.607883], [120.329063, 22.607859], [120.329008, 22.608207], [120.329905, 22.60827], [120.329897, 22.607872], [120.329753, 22.607909], [120.329692, 22.608405], [120.329877, 22.608417], [120.329917, 22.608487], [120.329862, 22.608777], [120.329628, 22.608758], [120.32973, 22.60853], [120.330131, 22.608489], [120.330388, 22.608526], [120.330433, 22.608796], [120.329016, 22.608719], [120.329013, 22.608359], [120.329444, 22.608385], [120.329373, 22.608593], [120.32938, 22.607984], [120.329272, 22.607976], [120.329264, 22.608077], [120.329068, 22.607813], [120.329068, 22.607022], [120.329975, 22.607089], [120.330006, 22.606971], [120.329094, 22.606715], [120.330574, 22.607136], [120.330485, 22.607222], [120.330446, 22.608127], [120.330227, 22.608063], [120.33012, 22.608107], [120.330212, 22.607171], [120.33034, 22.60719], [120.330243, 22.607912], [120.330359, 22.607916], [120.330394, 22.60849], [120.330244, 22.608306], [120.330098, 22.608296], [120.330791, 22.608366], [120.330796, 22.608284], [120.330758, 22.608824], [120.330662, 22.608823], [120.331627, 22.608893], [120.331623, 22.608956], [120.331595, 22.608414], [120.331488, 22.608513], [120.331005, 22.608457], [120.331038, 22.608358], [120.331424, 22.608395], [120.331633, 22.608243], [120.331818, 22.607721], [120.332053, 22.607847], [120.332187, 22.608904], [120.331893, 22.608876], [120.331885, 22.608975], [120.331869, 22.608406], [120.332051, 22.608443], [120.332007, 22.608542], [120.331869, 22.607873], [120.33162, 22.607737], [120.331651, 22.607665], [120.331442, 22.60751], [120.331328, 22.607465], [120.331329, 22.607799], [120.331545, 22.607773], [120.331462, 22.608133], [120.330988, 22.608077], [120.330963, 22.607942], [120.331404, 22.607962], [120.331166, 22.607789], [120.331204, 22.607392], [120.331124, 22.607346], [120.331085, 22.60778], [120.330872, 22.60777], [120.330895, 22.607273], [120.330956, 22.607237], [120.330872, 22.607192], [120.330793, 22.607173], [120.330811, 22.608149], [120.330994, 22.608348], [120.330998, 22.608682], [120.33154, 22.608757], [120.330946, 22.608682], [120.331832, 22.608216], [120.332279, 22.608914], [120.331251, 22.60741], [120.331069, 22.607319]]}}, {"type": "Feature", "properties": {"district": "6400900", "segment": 18, "total_segments": 34, "km": 9.61, "villages": ["瑞崗里", "瑞東里"]}, "geometry": {"type": "LineString", "coordinates": [[120.331236, 22.607127], [120.331566, 22.607308], [120.33165, 22.607175], [120.33142, 22.606715], [120.331378, 22.606883], [120.331299, 22.606849], [120.331129, 22.607066], [120.331206, 22.607102], [120.331082, 22.606875], [120.331145, 22.606759], [120.330864, 22.606722], [120.330946, 22.605612], [120.332532, 22.605722], [120.332264, 22.605852], [120.332231, 22.606177], [120.332371, 22.606187], [120.332398, 22.60634], [120.332204, 22.606755], [120.332071, 22.606538], [120.33207, 22.606349], [120.332012, 22.606345], [120.332281, 22.606322], [120.332048, 22.605945], [120.331878, 22.606148], [120.331623, 22.606138], [120.331635, 22.605764], [120.331528, 22.605795], [120.33149, 22.606138], [120.33172, 22.605967], [120.331727, 22.605841], [120.331752, 22.606331], [120.331947, 22.606492], [120.33207, 22.606798], [120.332075, 22.607489], [120.331712, 22.607384], [120.331827, 22.607074], [120.331624, 22.606622], [120.331893, 22.606871], [120.331941, 22.607034], [120.332206, 22.606865], [120.331175, 22.606285], [120.330621, 22.606215], [120.330696, 22.605593], [120.329755, 22.605516], [120.32974, 22.606013], [120.329867, 22.606014], [120.329899, 22.605634], [120.330009, 22.605635], [120.329976, 22.606032], [120.3301, 22.606033], [120.330143, 22.605644], [120.330289, 22.605654], [120.330245, 22.606051], [120.33036, 22.606061], [120.330402, 22.605664], [120.33014, 22.606177], [120.329741, 22.606185], [120.329705, 22.606591], [120.33024, 22.606756], [120.330083, 22.60662], [120.330085, 22.606448], [120.330096, 22.606385], [120.330267, 22.606395], [120.32999, 22.606411], [120.329999, 22.606276], [120.329507, 22.606238], [120.329522, 22.606066], [120.329383, 22.606057], [120.329342, 22.606481], [120.329194, 22.606455], [120.329224, 22.606047], [120.329047, 22.606099], [120.329056, 22.606417], [120.328886, 22.606335], [120.328906, 22.606019], [120.328782, 22.606018], [120.328711, 22.606343], [120.328173, 22.606151], [120.32826, 22.606111], [120.328242, 22.605646], [120.328444, 22.605655], [120.328452, 22.605583], [120.328341, 22.605574], [120.328355, 22.605411], [120.329063, 22.605468], [120.328728, 22.605602], [120.328546, 22.605584], [120.328534, 22.605665], [120.328717, 22.605675], [120.328701, 22.60581], [120.32852, 22.6058], [120.32852, 22.605873], [120.328696, 22.605891], [120.328659, 22.606054], [120.32837, 22.606025], [120.328399, 22.606116], [120.32865, 22.606126], [120.328764, 22.606361], [120.328859, 22.606395], [120.329486, 22.606473], [120.329501, 22.606274], [120.329476, 22.606527], [120.329543, 22.606536], [120.329568, 22.605547], [120.329489, 22.605531], [120.329621, 22.605549], [120.328483, 22.605872], [120.328307, 22.605863], [120.328315, 22.60579], [120.328429, 22.605791], [120.328164, 22.60558], [120.327829, 22.605644], [120.327814, 22.60596], [120.32716, 22.605677], [120.327195, 22.60556], [120.327503, 22.605588], [120.32753, 22.605462], [120.326982, 22.60546], [120.326945, 22.605592], [120.32712, 22.60556], [120.326986, 22.605424], [120.326983, 22.605306], [120.327735, 22.605364], [120.327644, 22.605806], [120.32749, 22.605724], [120.3275, 22.605624], [120.327829, 22.605608], [120.327837, 22.605373], [120.328312, 22.605402], [120.328044, 22.60588], [120.328077, 22.606105], [120.326511, 22.605395], [120.326556, 22.605286], [120.326898, 22.605297], [120.326859, 22.605459], [120.326484, 22.605277], [120.326049, 22.605225], [120.330859, 22.606776], [120.330893, 22.606939], [120.331088, 22.605359], [120.331016, 22.60535], [120.331291, 22.605369], [120.331225, 22.605134], [120.331292, 22.605107], [120.331044, 22.604953], [120.330968, 22.604964], [120.33096, 22.605053], [120.330766, 22.60505], [120.33078, 22.604785], [120.330607, 22.604843], [120.330532, 22.60533], [120.330725, 22.605335], [120.330744, 22.605114], [120.330418, 22.605059], [120.33048, 22.604562], [120.330393, 22.604544], [120.330684, 22.604673], [120.33061, 22.604779], [120.330983, 22.604863], [120.330412, 22.605086], [120.330323, 22.605311], [120.33042, 22.605321], [120.330021, 22.605301], [120.33014, 22.604311], [120.329878, 22.604175], [120.329672, 22.604523], [120.329581, 22.605245], [120.329903, 22.605296], [120.329931, 22.605048], [120.329965, 22.604325], [120.329673, 22.60401], [120.329049, 22.604809], [120.329015, 22.604692], [120.329537, 22.604043], [120.329509, 22.603935], [120.329587, 22.603953], [120.329455, 22.603835], [120.328817, 22.604637], [120.328696, 22.604564], [120.329299, 22.603806], [120.329166, 22.603715], [120.32921, 22.603668], [120.328531, 22.604569], [120.328358, 22.604535], [120.328293, 22.605167], [120.328083, 22.605148], [120.328225, 22.604237], [120.328845, 22.603454], [120.328671, 22.603299], [120.32841, 22.603632], [120.328329, 22.603587], [120.328582, 22.603272], [120.328406, 22.603145], [120.328147, 22.60346], [120.328105, 22.603659], [120.327709, 22.604009], [120.327062, 22.604821], [120.327029, 22.605055], [120.327503, 22.605101], [120.327478, 22.604947], [120.327137, 22.604925], [120.327372, 22.604748], [120.327381, 22.60464], [120.327474, 22.604649], [120.32745, 22.604858], [120.327345, 22.604853], [120.327587, 22.604388], [120.327684, 22.604271], [120.327928, 22.604362], [120.327966, 22.60416], [120.327892, 22.604949], [120.327779, 22.604955], [120.327764, 22.60513], [120.32768, 22.605127], [120.327857, 22.60512], [120.327785, 22.604841], [120.327819, 22.604534], [120.328361, 22.604499], [120.329089, 22.603587], [120.328906, 22.60349], [120.328298, 22.604282], [120.328437, 22.604816], [120.328855, 22.604853], [120.328904, 22.604998], [120.329282, 22.605027], [120.32928, 22.605216], [120.328337, 22.605167], [120.32842, 22.60496], [120.328544, 22.604913], [120.32862, 22.60497], [120.329152, 22.604882], [120.329772, 22.604135], [120.329316, 22.604214], [120.329525, 22.60463], [120.329498, 22.605244], [120.329349, 22.605253], [120.329442, 22.604775], [120.329286, 22.604991], [120.329823, 22.604912], [120.329828, 22.604848], [120.329717, 22.604839], [120.329735, 22.604676], [120.329843, 22.604686], [120.329849, 22.604614], [120.329741, 22.604613]]}}, {"type": "Feature", "properties": {"district": "6400900", "segment": 19, "total_segments": 34, "km": 10.92, "villages": ["瑞豐里", "瑞竹里"]}, "geometry": {"type": "LineString", "coordinates": [[120.327579, 22.603873], [120.326904, 22.60471], [120.32667, 22.604538], [120.327353, 22.603688], [120.327218, 22.603675], [120.326611, 22.604492], [120.32646, 22.604374], [120.327106, 22.603564], [120.327193, 22.603609], [120.326971, 22.603545], [120.326344, 22.604337], [120.326436, 22.604401], [120.326349, 22.604491], [120.326466, 22.604573], [120.326393, 22.605015], [120.326317, 22.605005], [120.32688, 22.605044], [120.326855, 22.604818], [120.326676, 22.604808], [120.326585, 22.604708], [120.326565, 22.604934], [120.326663, 22.604935], [120.326673, 22.604844], [120.326545, 22.60461], [120.326855, 22.604574], [120.327461, 22.6038], [120.326316, 22.603064], [120.326151, 22.60328], [120.326639, 22.603584], [120.326567, 22.603693], [120.326109, 22.603397], [120.326076, 22.603216], [120.326251, 22.602991], [120.326185, 22.602944], [120.325965, 22.603163], [120.325791, 22.603043], [120.325726, 22.603143], [120.325952, 22.602836], [120.325838, 22.602719], [120.325521, 22.603115], [120.325447, 22.603042], [120.325764, 22.602655], [120.325222, 22.602282], [120.325033, 22.602507], [120.325527, 22.602798], [120.325408, 22.602933], [120.324938, 22.602633], [120.324978, 22.602869], [120.324855, 22.603121], [120.324932, 22.603166], [120.324829, 22.603283], [120.325119, 22.603428], [120.325425, 22.603069], [120.325651, 22.603347], [120.325924, 22.60348], [120.325772, 22.603461], [120.325754, 22.603649], [120.325867, 22.603636], [120.325832, 22.603787], [120.325658, 22.603707], [120.325777, 22.603943], [120.325752, 22.604064], [120.325608, 22.604036], [120.325596, 22.604355], [120.325688, 22.604506], [120.325683, 22.604824], [120.325788, 22.60485], [120.325862, 22.604131], [120.325968, 22.604236], [120.325869, 22.604979], [120.326221, 22.604949], [120.326036, 22.604905], [120.326086, 22.604454], [120.326153, 22.604363], [120.326212, 22.6044], [120.326085, 22.604318], [120.326193, 22.604169], [120.326292, 22.604236], [120.326361, 22.604142], [120.32598, 22.603863], [120.32594, 22.603978], [120.326161, 22.604146], [120.326345, 22.60394], [120.326464, 22.604012], [120.326553, 22.603906], [120.32606, 22.603589], [120.326035, 22.603752], [120.326308, 22.603914], [120.326734, 22.603466], [120.326322, 22.6032], [120.326338, 22.603037], [120.325343, 22.603499], [120.325262, 22.604793], [120.325572, 22.604939], [120.325796, 22.604967], [120.325441, 22.604707], [120.325453, 22.604493], [120.325171, 22.604531], [120.325219, 22.603532], [120.324994, 22.603555], [120.324945, 22.603795], [120.324945, 22.604194], [120.325165, 22.604567], [120.325044, 22.604666], [120.325173, 22.604748], [120.324756, 22.60359], [120.324531, 22.603436], [120.32461, 22.603327], [120.324771, 22.603437], [120.32477, 22.603238], [120.324577, 22.603093], [120.324675, 22.602976], [120.324452, 22.603273], [120.325082, 22.603292], [120.323903, 22.603905], [120.324112, 22.604254], [120.323951, 22.604288], [120.323898, 22.604363], [120.323975, 22.604378], [120.323852, 22.604293], [120.323665, 22.60431], [120.323647, 22.604499], [120.323993, 22.604574], [120.323972, 22.604884], [120.323558, 22.604782], [120.32361, 22.604606], [120.323704, 22.604626], [120.323383, 22.604768], [120.323367, 22.604631], [120.323023, 22.604712], [120.323031, 22.604777], [120.322846, 22.604288], [120.323391, 22.604061], [120.323522, 22.604136], [120.323635, 22.603946], [120.323425, 22.603771], [120.323004, 22.603952], [120.322908, 22.603717], [120.322957, 22.603656], [120.323027, 22.603711], [120.322765, 22.603628], [120.322618, 22.603489], [120.323079, 22.60308], [120.323168, 22.603164], [120.323203, 22.603301], [120.323628, 22.603626], [120.323836, 22.604143], [120.324124, 22.604342], [120.324345, 22.604666], [120.324427, 22.605018], [120.324295, 22.605098], [120.324217, 22.605111], [120.324186, 22.604835], [120.323716, 22.604996], [120.322834, 22.60404], [120.321927, 22.604437], [120.321887, 22.604181], [120.322149, 22.604044], [120.322243, 22.604212], [120.321722, 22.604398], [120.321755, 22.604492], [120.321623, 22.604533], [120.321497, 22.604246], [120.321259, 22.604291], [120.321314, 22.604162], [120.321205, 22.604022], [120.321341, 22.603958], [120.321399, 22.604058], [120.32152, 22.604003], [120.321456, 22.603907], [120.321732, 22.603809], [120.321584, 22.603513], [120.321686, 22.603451], [120.321764, 22.603578], [120.32191, 22.603508], [120.321872, 22.603358], [120.322038, 22.603345], [120.322069, 22.603461], [120.322256, 22.603299], [120.322081, 22.603164], [120.322043, 22.603312], [120.322168, 22.603535], [120.322368, 22.603432], [120.322432, 22.603497], [120.322125, 22.603702], [120.322079, 22.603576], [120.322178, 22.603797], [120.322545, 22.603576], [120.322684, 22.603853], [120.322396, 22.603961], [120.322438, 22.60404], [120.322536, 22.603407], [120.322722, 22.603249], [120.322577, 22.603185], [120.322426, 22.603306], [120.322352, 22.603238], [120.322604, 22.602992], [120.322581, 22.602743], [120.322001, 22.603039], [120.321756, 22.602645], [120.32188, 22.602591], [120.321826, 22.602521], [120.322122, 22.602891], [120.322176, 22.602839], [120.321894, 22.602406], [120.322139, 22.602497], [120.322092, 22.602215], [120.32155, 22.602232], [120.321473, 22.602083], [120.321638, 22.602776], [120.321598, 22.602844], [120.32175, 22.602941], [120.321361, 22.603253], [120.322703, 22.602907], [120.322794, 22.602823], [120.322618, 22.602643], [120.322994, 22.602991], [120.322868, 22.603097], [120.322779, 22.603015], [120.322614, 22.603139], [120.322296, 22.603137], [120.322348, 22.603394], [120.322886, 22.60345], [120.323063, 22.603256], [120.321482, 22.604189], [120.321443, 22.60439], [120.321551, 22.604573], [120.321067, 22.604727], [120.321096, 22.604586], [120.321328, 22.604516], [120.321307, 22.60445], [120.321552, 22.604812], [120.321871, 22.604746], [120.320878, 22.605041], [120.320819, 22.604763], [120.32252, 22.601514], [120.322387, 22.601386], [120.322614, 22.60147], [120.322687, 22.601351], [120.322827, 22.601347], [120.322577, 22.600844], [120.322739, 22.600763], [120.322724, 22.600578], [120.322312, 22.601167], [120.320347, 22.59914], [120.320659, 22.598167], [120.322016, 22.598013], [120.321909, 22.595915], [120.321718, 22.595807], [120.320192, 22.595903], [120.320714, 22.595993], [120.320923, 22.595977], [120.319267, 22.595914], [120.319001, 22.596621], [120.318924, 22.596657], [120.319152, 22.597061], [120.318436, 22.597479], [120.318497, 22.597582], [120.318234, 22.597102], [120.317784, 22.596609], [120.317753, 22.596315], [120.317584, 22.596366], [120.317528, 22.596198], [120.317589, 22.596114], [120.317486, 22.596049], [120.317509, 22.596124], [120.317871, 22.596199], [120.317936, 22.596328], [120.318073, 22.595944], [120.318379, 22.595932], [120.317449, 22.595946]]}}, {"type": "Feature", "properties": {"district": "6400900", "segment": 20, "total_segments": 34, "km": 14.93, "villages": ["竹南里", "竹西里"]}, "geometry": {"type": "LineString", "coordinates": [[120.314481, 22.604504], [120.314544, 22.604564], [120.314327, 22.604499], [120.314048, 22.604744], [120.313924, 22.604964], [120.314068, 22.605112], [120.313733, 22.605426], [120.313524, 22.605274], [120.313828, 22.604982], [120.313892, 22.605045], [120.314194, 22.60496], [120.314352, 22.604807], [120.314533, 22.604981], [120.3139, 22.605534], [120.314124, 22.605674], [120.314219, 22.605563], [120.31431, 22.605616], [120.314799, 22.60593], [120.314773, 22.60609], [120.314858, 22.606136], [120.315078, 22.605901], [120.315021, 22.605861], [120.315132, 22.605856], [120.315478, 22.605561], [120.315296, 22.60524], [120.315205, 22.605423], [120.315149, 22.605374], [120.315084, 22.605438], [120.315141, 22.605478], [120.315069, 22.605561], [120.315015, 22.60561], [120.31495, 22.605553], [120.315022, 22.605498], [120.314876, 22.605624], [120.314946, 22.605686], [120.3149, 22.60575], [120.314658, 22.605588], [120.315138, 22.605079], [120.315187, 22.60512], [120.31507, 22.60502], [120.314523, 22.605506], [120.314348, 22.605356], [120.314654, 22.605077], [120.31477, 22.604812], [120.314894, 22.604879], [120.315587, 22.605947], [120.315168, 22.606329], [120.315469, 22.606653], [120.315719, 22.606491], [120.315565, 22.60628], [120.31566, 22.606201], [120.315673, 22.605987], [120.31504, 22.606462], [120.314961, 22.606562], [120.315103, 22.606727], [120.314955, 22.606867], [120.315442, 22.607223], [120.315785, 22.606949], [120.315627, 22.606823], [120.315721, 22.606737], [120.315892, 22.606736], [120.315846, 22.606578], [120.31544, 22.606995], [120.315297, 22.606815], [120.315386, 22.606731], [120.3148, 22.606716], [120.317374, 22.60749], [120.31761, 22.607385], [120.317587, 22.607869], [120.319433, 22.606731], [120.320577, 22.605664], [120.320871, 22.60552], [120.321183, 22.6054], [120.321638, 22.605399], [120.321652, 22.605554], [120.320911, 22.605696], [120.321203, 22.606047], [120.321177, 22.605751], [120.321316, 22.605719], [120.32138, 22.605954], [120.321484, 22.605879], [120.321439, 22.605702], [120.321575, 22.605675], [120.321617, 22.605854], [120.321725, 22.605847], [120.321674, 22.605646], [120.321841, 22.605474], [120.321844, 22.605348], [120.322096, 22.605222], [120.322143, 22.605304], [120.322346, 22.605165], [120.322511, 22.60547], [120.322599, 22.605357], [120.322771, 22.6055], [120.322925, 22.605502], [120.32282, 22.60574], [120.322722, 22.605785], [120.322699, 22.605651], [120.32246, 22.605799], [120.32251, 22.60589], [120.32198, 22.606107], [120.322008, 22.605964], [120.32192, 22.605828], [120.322011, 22.605673], [120.3224, 22.605678], [120.322609, 22.605136], [120.322756, 22.605147], [120.322968, 22.604599], [120.323105, 22.604641], [120.323346, 22.604479], [120.323223, 22.604394], [120.322098, 22.604654], [120.321291, 22.605177], [120.321302, 22.605327], [120.32061, 22.605185], [120.320166, 22.605428], [120.321057, 22.606907], [120.320951, 22.606962], [120.321034, 22.607108], [120.321008, 22.607241], [120.321371, 22.608114], [120.321557, 22.607966], [120.321395, 22.607215], [120.321466, 22.607132], [120.321378, 22.606979], [120.321182, 22.607085], [120.321241, 22.607199], [120.321417, 22.60696], [120.322005, 22.606699], [120.321976, 22.606637], [120.32235, 22.60729], [120.321934, 22.607433], [120.321871, 22.607351], [120.322004, 22.607278], [120.321877, 22.607007], [120.322016, 22.60694], [120.322159, 22.607203], [120.322421, 22.60703], [120.322533, 22.607202], [120.32263, 22.607139], [120.322506, 22.606972], [120.3224, 22.606994], [120.322223, 22.606621], [120.322534, 22.606499], [120.322808, 22.606535], [120.32305, 22.606428], [120.323132, 22.6065], [120.323325, 22.606411], [120.32335, 22.606618], [120.323208, 22.606663], [120.323262, 22.606853], [120.323418, 22.60679], [120.323828, 22.606507], [120.323819, 22.606416], [120.323479, 22.606595], [120.323536, 22.606328], [120.323819, 22.606259], [120.323817, 22.606033], [120.3239, 22.605961], [120.324264, 22.605915], [120.324183, 22.606205], [120.323991, 22.606208], [120.324027, 22.606028], [120.324273, 22.606213], [120.324712, 22.606098], [120.32464, 22.605714], [120.324547, 22.605678], [120.324604, 22.605633], [120.324543, 22.605446], [120.324272, 22.605503], [120.324269, 22.605873], [120.324435, 22.605883], [120.324543, 22.606235], [120.324733, 22.60619], [120.324664, 22.606426], [120.324514, 22.606252], [120.324374, 22.60634], [120.323945, 22.60635], [120.323961, 22.606469], [120.324318, 22.606456], [120.324294, 22.606552], [120.323933, 22.606582], [120.323953, 22.606847], [120.323697, 22.606828], [120.323005, 22.607132], [120.322946, 22.606996], [120.323231, 22.606871], [120.322966, 22.606702], [120.322908, 22.606794], [120.322842, 22.606672], [120.322656, 22.606748], [120.32264, 22.606884], [120.322798, 22.607095], [120.32281, 22.607321], [120.322911, 22.607347], [120.323295, 22.607169], [120.323306, 22.60732], [120.323401, 22.607292], [120.323668, 22.607045], [120.323845, 22.607262], [120.324704, 22.606777], [120.324813, 22.607658], [120.324626, 22.607685], [120.324424, 22.60754], [120.324325, 22.607184], [120.324543, 22.607103], [120.32462, 22.607365], [120.324286, 22.607738], [120.323536, 22.607823], [120.323165, 22.607349], [120.322723, 22.607308], [120.3223, 22.606379], [120.321096, 22.606891], [120.321841, 22.607024], [120.322336, 22.606365], [120.323036, 22.60598], [120.323063, 22.606169], [120.32316, 22.606168], [120.323213, 22.605968], [120.323654, 22.605717], [120.323926, 22.605654], [120.323718, 22.605354], [120.324012, 22.605212], [120.323589, 22.605193], [120.323508, 22.605137], [120.323558, 22.605036], [120.323518, 22.605409], [120.323206, 22.605592], [120.323243, 22.605453], [120.323103, 22.605446], [120.32317, 22.605967], [120.32285, 22.606264], [120.323877, 22.606718], [120.324365, 22.60666], [120.3245, 22.606598], [120.321696, 22.606178], [120.321484, 22.606276], [120.320616, 22.607086], [120.320159, 22.607286], [120.320646, 22.608657], [120.320759, 22.60858], [120.320341, 22.607334], [120.320466, 22.607298], [120.320933, 22.608712], [120.321119, 22.608631], [120.320652, 22.607234], [120.320035, 22.60732], [120.318537, 22.607982], [120.318795, 22.608153], [120.318835, 22.608062], [120.318894, 22.608229], [120.319339, 22.608065], [120.319449, 22.608002], [120.319427, 22.607929], [120.319338, 22.60775], [120.319154, 22.60784], [120.319229, 22.607951], [120.31931, 22.607906], [120.318856, 22.608246], [120.318899, 22.608413], [120.319071, 22.608358], [120.319122, 22.608468], [120.318867, 22.608566], [120.318862, 22.608431], [120.318954, 22.608668], [120.31915, 22.608574], [120.319196, 22.608714], [120.318935, 22.608812], [120.31891, 22.608685], [120.319101, 22.608922], [120.31923, 22.608895], [120.319344, 22.60923], [120.318983, 22.609364], [120.31913, 22.609118], [120.319055, 22.608948], [120.318883, 22.60902], [120.319434, 22.608881], [120.319545, 22.609185], [120.319819, 22.609095], [120.319504, 22.608204], [120.319236, 22.608315], [120.319393, 22.608726], [120.319587, 22.608659], [120.319586, 22.608842], [120.319633, 22.608824], [120.319434, 22.60884], [120.31944, 22.60836], [120.319775, 22.608274], [120.319847, 22.608464], [120.319976, 22.608429], [120.319977, 22.608221], [120.320284, 22.608132], [120.320231, 22.607876], [120.320087, 22.607697], [120.319992, 22.607822], [120.319676, 22.607906], [120.319592, 22.607708], [120.319816, 22.607614], [120.319691, 22.607942], [120.319766, 22.608238], [120.319911, 22.608202], [120.319886, 22.608049], [120.319793, 22.608076], [120.320098, 22.607981], [120.320226, 22.608339], [120.320083, 22.608384], [120.320325, 22.608304], [120.32033, 22.608502], [120.320403, 22.608503], [120.319915, 22.6086], [120.320031, 22.609025], [120.320529, 22.608847], [120.320415, 22.60862], [120.320202, 22.608691], [120.320246, 22.608827], [120.320048, 22.608826], [120.320113, 22.608881], [120.320072, 22.608673], [120.320334, 22.609103], [120.320912, 22.608946], [120.320825, 22.608737], [120.320659, 22.608775], [120.320578, 22.609203], [120.320603, 22.609384], [120.320702, 22.609347], [120.320732, 22.60953], [120.320273, 22.609683], [120.320351, 22.609923], [120.320837, 22.609757], [120.320772, 22.609657], [120.320817, 22.609503], [120.320896, 22.609528], [120.320976, 22.609772], [120.320576, 22.609755], [120.320425, 22.609239], [120.320076, 22.609225], [120.320201, 22.609539], [120.319954, 22.609593], [120.319865, 22.609304], [120.320042, 22.609756], [120.319749, 22.609878], [120.319934, 22.610235], [120.319916, 22.610397], [120.32006, 22.61084], [120.320323, 22.610796], [120.320266, 22.610597], [120.320097, 22.610686], [120.320053, 22.61054], [120.320243, 22.610515], [120.320044, 22.609867], [120.320371, 22.610072], [120.320451, 22.610262], [120.320011, 22.610393], [120.320587, 22.610924], [120.321548, 22.610686], [120.321668, 22.611244], [120.321496, 22.611303], [120.321641, 22.611773], [120.321566, 22.61184], [120.320912, 22.611954], [120.320722, 22.611331], [120.321445, 22.611148], [120.321483, 22.611267], [120.321353, 22.611301], [120.321413, 22.611427], [120.3209, 22.611515], [120.320949, 22.611398], [120.321223, 22.611372], [120.321194, 22.611051], [120.320662, 22.611168], [120.320618, 22.611019], [120.3214, 22.610865], [120.32141, 22.610998], [120.321222, 22.611045], [120.321733, 22.611028], [120.321753, 22.610904], [120.321872, 22.610869], [120.321698, 22.610413], [120.320933, 22.610611], [120.320844, 22.610358], [120.321627, 22.610191], [120.321455, 22.609636], [120.32151, 22.61007], [120.322016, 22.611303], [120.321741, 22.611461], [120.321776, 22.611579], [120.321862, 22.611823], [120.322111, 22.612027], [120.322272, 22.61201], [120.322311, 22.612177], [120.321888, 22.612212], [120.321832, 22.611954], [120.32222, 22.611873], [120.321446, 22.611695], [120.321079, 22.61179], [120.321029, 22.611657], [120.320956, 22.611675], [120.321458, 22.611578]]}}, {"type": "Feature", "properties": {"district": "6400900", "segment": 21, "total_segments": 34, "km": 10.55, "villages": ["竹西里", "竹內里", "竹東里"]}, "geometry": {"type": "LineString", "coordinates": [[120.321185, 22.608813], [120.31861, 22.608335], [120.318528, 22.608376], [120.318391, 22.608163], [120.31794, 22.608337], [120.318204, 22.609098], [120.31774, 22.609277], [120.317361, 22.608596], [120.316935, 22.608768], [120.317274, 22.609844], [120.317629, 22.610595], [120.318122, 22.609667], [120.318337, 22.609596], [120.318269, 22.60927], [120.321463, 22.608373], [120.322017, 22.610022], [120.322309, 22.609919], [120.322286, 22.609798], [120.322085, 22.609748], [120.322174, 22.609651], [120.323013, 22.609502], [120.322933, 22.609389], [120.322918, 22.608577], [120.322799, 22.608589], [120.32282, 22.608917], [120.3227, 22.608928], [120.322674, 22.608596], [120.322559, 22.608609], [120.322584, 22.608938], [120.322443, 22.608947], [120.32242, 22.608616], [120.322304, 22.608627], [120.322324, 22.608961], [120.322206, 22.608971], [120.322182, 22.608641], [120.322356, 22.609436], [120.322138, 22.609469], [120.3221, 22.609131], [120.321893, 22.609176], [120.322022, 22.609602], [120.322804, 22.609366], [120.322711, 22.60928], [120.322712, 22.609027], [120.322514, 22.609105], [120.322545, 22.609788], [120.322677, 22.609777], [120.32263, 22.6099], [120.322505, 22.609908], [120.323225, 22.609694], [120.323216, 22.609273], [120.323481, 22.60931], [120.32347, 22.609744], [120.323594, 22.609631], [120.323889, 22.609621], [120.324077, 22.610355], [120.3237, 22.610392], [120.323668, 22.610145], [120.323856, 22.610071], [120.323777, 22.610223], [120.323874, 22.610298], [120.324203, 22.610189], [120.324077, 22.609752], [120.324479, 22.609513], [120.324412, 22.609179], [120.323526, 22.608723], [120.323506, 22.609112], [120.323622, 22.609323], [120.323878, 22.609493], [120.323623, 22.609491], [120.323863, 22.608981], [120.323745, 22.608913], [120.323667, 22.609011], [120.32395, 22.609135], [120.323991, 22.609051], [120.324107, 22.609097], [120.323975, 22.609329], [120.32402, 22.609449], [120.324338, 22.609397], [120.324193, 22.609241], [120.323935, 22.609162], [120.323874, 22.609261], [120.324092, 22.609602], [120.324202, 22.609575], [120.324038, 22.609629], [120.323802, 22.609913], [120.323618, 22.609989], [120.323603, 22.60988], [120.324286, 22.610325], [120.324607, 22.610272], [120.324501, 22.609703], [120.324765, 22.609677], [120.324808, 22.609867], [120.324995, 22.609801], [120.324975, 22.60959], [120.325072, 22.609575], [120.325116, 22.609793], [120.325306, 22.609732], [120.325265, 22.609571], [120.325423, 22.609547], [120.325245, 22.609016], [120.324729, 22.609325], [120.324838, 22.609445], [120.325022, 22.609414], [120.325004, 22.609332], [120.325129, 22.609271], [120.325181, 22.609396], [120.32546, 22.609609], [120.325505, 22.609748], [120.324826, 22.609632], [120.324493, 22.610191], [120.32441, 22.610217], [120.324612, 22.610308], [120.324633, 22.608981], [120.324566, 22.608945], [120.324541, 22.608719], [120.324484, 22.608732], [120.324529, 22.608401], [120.324304, 22.607838], [120.324191, 22.607992], [120.324156, 22.608744], [120.324467, 22.608908], [120.324277, 22.608639], [120.324284, 22.60848], [120.324398, 22.608462], [120.324284, 22.608386], [120.3243, 22.608228], [120.324046, 22.608208], [120.324051, 22.607883], [120.323867, 22.607908], [120.323839, 22.60798], [120.323812, 22.608553], [120.323984, 22.608644], [120.324033, 22.608586], [120.324044, 22.608245], [120.323692, 22.608273], [120.323699, 22.607975], [120.323573, 22.607947], [120.323513, 22.608357], [120.323705, 22.608507], [120.323687, 22.608336], [120.323216, 22.608551], [120.323235, 22.608989], [120.323075, 22.608896], [120.323051, 22.608567], [120.322489, 22.608234], [120.321455, 22.608335], [120.321441, 22.608285], [120.321883, 22.609141], [120.323866, 22.607863], [120.324551, 22.607655], [120.32464, 22.60779], [120.32449, 22.607825], [120.324522, 22.607951], [120.324697, 22.607899], [120.324732, 22.608004], [120.324558, 22.608041], [120.324604, 22.608159], [120.324755, 22.608092], [120.324788, 22.608235], [120.324774, 22.608315], [120.324671, 22.60834], [120.324716, 22.608508], [120.324666, 22.608231], [120.324958, 22.608162], [120.324829, 22.607717], [120.325105, 22.608629], [120.324843, 22.608776], [120.324804, 22.608917], [120.324931, 22.605564], [120.324875, 22.609822], [120.324845, 22.609984], [120.324999, 22.610725], [120.32502, 22.61052], [120.325169, 22.610667], [120.325687, 22.61053], [120.326425, 22.611644], [120.32518, 22.611812], [120.325036, 22.610843], [120.325605, 22.610818], [120.325582, 22.611008], [120.325147, 22.61106], [120.325263, 22.611268], [120.325795, 22.611207], [120.325788, 22.611433], [120.325283, 22.611503], [120.325383, 22.611702], [120.326175, 22.611552], [120.325905, 22.611425], [120.325704, 22.61099], [120.325679, 22.610382], [120.325509, 22.609879], [120.325374, 22.60993], [120.325456, 22.610231], [120.325369, 22.610375], [120.325405, 22.610438], [120.325104, 22.610401], [120.325098, 22.610197], [120.325217, 22.610139], [120.325235, 22.610203], [120.325174, 22.609977], [120.32505, 22.609973], [120.32508, 22.610111], [120.324626, 22.610421], [120.324735, 22.610986], [120.324658, 22.610887], [120.324385, 22.610998], [120.324266, 22.610479], [120.324445, 22.610479], [120.324456, 22.610561], [120.32458, 22.610552], [120.324634, 22.61076], [120.324504, 22.610778], [120.324483, 22.610678], [120.324102, 22.610758], [120.324077, 22.610541], [120.323717, 22.610576], [120.323898, 22.610766], [120.32381, 22.610784], [120.324061, 22.611227], [120.323918, 22.611209], [120.324001, 22.611516], [120.324164, 22.611691], [120.324347, 22.611666], [120.32438, 22.611559], [120.32415, 22.610866], [120.323857, 22.610965], [120.324428, 22.611129], [120.324485, 22.61141], [120.324578, 22.611401], [120.324657, 22.611528], [120.324533, 22.611563], [120.324508, 22.6115], [120.324516, 22.611691], [120.324688, 22.611709], [120.324854, 22.61161], [120.324738, 22.611095], [120.324536, 22.611126], [120.324869, 22.611691], [120.324889, 22.61179], [120.324789, 22.611843], [120.324864, 22.611881], [120.324172, 22.611966], [120.322944, 22.61083], [120.321955, 22.610421]]}}, {"type": "Feature", "properties": {"district": "6400900", "segment": 22, "total_segments": 34, "km": 9.37, "villages": ["竹北里", "竹中里"]}, "geometry": {"type": "LineString", "coordinates": [[120.32275, 22.61242], [120.322781, 22.613625], [120.322864, 22.613626], [120.322766, 22.613726], [120.32277, 22.61387], [120.323772, 22.613969], [120.324986, 22.61436], [120.325139, 22.614346], [120.325097, 22.613444], [120.32489, 22.613588], [120.324873, 22.613757], [120.32498, 22.613763], [120.324738, 22.613786], [120.324721, 22.613452], [120.324572, 22.613469], [120.324569, 22.613541], [120.324587, 22.613231], [120.324407, 22.613244], [120.324379, 22.613149], [120.324573, 22.613136], [120.324545, 22.612978], [120.325077, 22.613043], [120.325038, 22.612611], [120.324873, 22.612548], [120.324679, 22.612666], [120.324741, 22.612799], [120.324683, 22.612884], [120.324495, 22.612786], [120.324491, 22.612652], [120.324318, 22.612593], [120.323654, 22.612627], [120.32373, 22.612727], [120.323663, 22.612905], [120.323708, 22.613505], [120.324216, 22.613554], [120.324259, 22.613662], [120.32461, 22.613722], [120.324528, 22.613875], [120.32459, 22.613903], [120.324585, 22.614047], [120.324737, 22.614003], [120.324736, 22.61412], [120.324927, 22.614102], [120.324928, 22.614159], [120.324733, 22.613921], [120.323536, 22.613654], [120.32319, 22.613617], [120.323092, 22.613689], [120.323227, 22.613116], [120.323175, 22.612912], [120.323013, 22.612903], [120.32299, 22.612828], [120.323006, 22.612975], [120.323154, 22.612648], [120.323509, 22.612633], [120.32348, 22.613411], [120.323333, 22.613449], [120.324002, 22.613431], [120.323993, 22.613241], [120.323906, 22.613222], [120.323983, 22.613151], [120.323909, 22.613033], [120.323992, 22.61306], [120.324015, 22.612835], [120.323955, 22.612714], [120.324175, 22.612845], [120.324173, 22.612921], [120.324276, 22.612918], [120.324235, 22.612711], [120.324164, 22.613105], [120.32421, 22.613523], [120.324274, 22.61303], [120.324122, 22.612377], [120.324347, 22.612353], [120.324336, 22.612241], [120.322946, 22.612405], [120.323583, 22.612477], [120.324709, 22.612169], [120.324842, 22.612279], [120.325136, 22.614401], [120.325017, 22.614595], [120.323798, 22.614215], [120.3238, 22.614416], [120.325047, 22.614817], [120.325121, 22.614673], [120.323519, 22.61457], [120.323495, 22.614925], [120.323151, 22.614902], [120.323082, 22.614817], [120.3231, 22.614601], [120.323348, 22.614584], [120.323348, 22.614718], [120.323265, 22.614719], [120.323289, 22.615385], [120.323425, 22.615433], [120.32347, 22.615055], [120.323129, 22.615064], [120.323109, 22.615373], [120.322903, 22.615322], [120.322941, 22.614934], [120.322744, 22.614816], [120.322743, 22.614121], [120.323593, 22.614188], [120.323524, 22.614472], [120.322921, 22.614609], [120.322753, 22.614961], [120.322774, 22.61535], [120.323132, 22.614995], [120.322432, 22.615036], [120.322366, 22.615519], [120.321146, 22.615467], [120.321188, 22.615288], [120.321293, 22.615252], [120.322096, 22.61531], [120.322043, 22.615039], [120.321499, 22.614973], [120.321128, 22.615008], [120.321159, 22.615234], [120.321147, 22.614513], [120.321274, 22.614575], [120.322071, 22.614596], [120.321992, 22.614668], [120.32206, 22.614822], [120.321266, 22.614801], [120.321115, 22.614149], [120.32231, 22.614111], [120.322386, 22.614228], [120.322348, 22.614809], [120.322429, 22.614972], [120.322241, 22.614969], [120.322244, 22.615137], [120.322084, 22.614344], [120.321255, 22.614349], [120.321221, 22.613951], [120.320912, 22.613929], [120.320876, 22.613201], [120.320727, 22.61329], [120.320732, 22.613475], [120.320573, 22.613434], [120.32056, 22.613967], [120.319653, 22.614002], [120.319615, 22.613331], [120.319917, 22.613354], [120.319917, 22.613883], [120.320169, 22.613866], [120.320078, 22.613115], [120.32056, 22.613046], [120.320564, 22.613371], [120.320321, 22.61337], [120.320317, 22.613207], [120.320344, 22.613849], [120.320744, 22.613836], [120.320771, 22.613981], [120.320895, 22.613983], [120.320746, 22.613786], [120.320736, 22.613639], [120.321203, 22.613641], [120.321187, 22.613272], [120.321455, 22.613275], [120.321458, 22.612621], [120.321405, 22.612622], [120.321581, 22.612624], [120.32161, 22.613281], [120.321796, 22.613279], [120.321796, 22.613187], [120.32171, 22.613189], [120.321793, 22.613009], [120.321714, 22.61301], [120.321764, 22.612579], [120.321697, 22.612579], [120.321965, 22.612581], [120.321907, 22.612658], [120.321936, 22.61301], [120.322084, 22.613013], [120.322069, 22.613263], [120.321964, 22.613265], [120.321965, 22.613166], [120.322007, 22.613424], [120.322122, 22.613432], [120.32242, 22.613197], [120.322421, 22.613013], [120.322343, 22.612974], [120.322427, 22.612922], [120.322423, 22.612777], [120.32238, 22.612588], [120.322292, 22.612544], [120.322086, 22.612578], [120.322303, 22.612797], [120.321277, 22.61301], [120.321106, 22.613079], [120.32111, 22.613268], [120.321094, 22.612701], [120.321219, 22.612693], [120.32083, 22.612638], [120.319682, 22.612891], [120.319885, 22.613151], [120.319961, 22.613143], [120.319473, 22.614217], [120.319119, 22.614232], [120.319201, 22.614368], [120.319249, 22.615144], [120.31905, 22.615144], [120.319001, 22.614412], [120.318806, 22.614402], [120.318861, 22.615161], [120.318674, 22.615079], [120.318591, 22.614273], [120.318855, 22.614238], [120.318343, 22.614284], [120.318437, 22.61534], [120.319535, 22.615379], [120.319448, 22.614351], [120.318335, 22.614237], [120.32046, 22.615342], [120.3216, 22.613904]]}}, {"type": "Feature", "properties": {"district": "6400900", "segment": 23, "total_segments": 34, "km": 13.41, "villages": ["復國里", "忠孝里"]}, "geometry": {"type": "LineString", "coordinates": [[120.317927, 22.614123], [120.317917, 22.613975], [120.316654, 22.614086], [120.316705, 22.61393], [120.317908, 22.613838], [120.317857, 22.613067], [120.31648, 22.613236], [120.316574, 22.61348], [120.316931, 22.613446], [120.316918, 22.613333], [120.31674, 22.613351], [120.317561, 22.613268], [120.31756, 22.613376], [120.317052, 22.613428], [120.317083, 22.613602], [120.317589, 22.613566], [120.317595, 22.613683], [120.316604, 22.613788], [120.316635, 22.613661], [120.317024, 22.613624], [120.316461, 22.613697], [120.316439, 22.613525], [120.316687, 22.614235], [120.317635, 22.614169], [120.31763, 22.614326], [120.316746, 22.614384], [120.316903, 22.614656], [120.316831, 22.614665], [120.316817, 22.614796], [120.317648, 22.614759], [120.317533, 22.614469], [120.317633, 22.61446], [120.317017, 22.614512], [120.317073, 22.614648], [120.31738, 22.614631], [120.317396, 22.614965], [120.31767, 22.614952], [120.317638, 22.615189], [120.317488, 22.615257], [120.317349, 22.615164], [120.317212, 22.615253], [120.316682, 22.615189], [120.316592, 22.614368], [120.316844, 22.614982], [120.317302, 22.61497], [120.31734, 22.615465], [120.318042, 22.615507], [120.318119, 22.616461], [120.317925, 22.616434], [120.317887, 22.615635], [120.317777, 22.615803], [120.31672, 22.615703], [120.316711, 22.615576], [120.317007, 22.615605], [120.317023, 22.615469], [120.317097, 22.61547], [120.317499, 22.615625], [120.317513, 22.615887], [120.317763, 22.615906], [120.317789, 22.616071], [120.316933, 22.61596], [120.316936, 22.615849], [120.317454, 22.615895], [120.317445, 22.616141], [120.317106, 22.616138], [120.317082, 22.616232], [120.317795, 22.616312], [120.31778, 22.616413], [120.316656, 22.616386], [120.31666, 22.616269], [120.316926, 22.616236], [120.317067, 22.616286], [120.317097, 22.616535], [120.318111, 22.616612], [120.31812, 22.616847], [120.31765, 22.6181], [120.317377, 22.61788], [120.3163, 22.617507], [120.316215, 22.617636], [120.317356, 22.618026], [120.317557, 22.617901], [120.317743, 22.61745], [120.316485, 22.61702], [120.316502, 22.617183], [120.317544, 22.617503], [120.317465, 22.617637], [120.316369, 22.617284], [120.316341, 22.617417], [120.317462, 22.61775], [120.317575, 22.617252], [120.316714, 22.616941], [120.316753, 22.61684], [120.31766, 22.61712], [120.317648, 22.617268], [120.317793, 22.617288], [120.317843, 22.617161], [120.317744, 22.61698], [120.316594, 22.616631], [120.316599, 22.616511], [120.316807, 22.616525], [120.316934, 22.616643], [120.317717, 22.616899], [120.317934, 22.6169], [120.317977, 22.61681], [120.317323, 22.616599], [120.317485, 22.616148], [120.317796, 22.616154], [120.31783, 22.61671], [120.31664, 22.61677], [120.316579, 22.616928], [120.31672, 22.616109], [120.316765, 22.615459], [120.316709, 22.615454], [120.317992, 22.615302], [120.317896, 22.614254], [120.317813, 22.614732], [120.317691, 22.613278], [120.316193, 22.613278], [120.314744, 22.613505], [120.314822, 22.614118], [120.314909, 22.61425], [120.315012, 22.614099], [120.314929, 22.613573], [120.315138, 22.613547], [120.3152, 22.613817], [120.316221, 22.613678], [120.316227, 22.613732], [120.316198, 22.61352], [120.315289, 22.613665], [120.315216, 22.614056], [120.315833, 22.614017], [120.315819, 22.613858], [120.315313, 22.613931], [120.315178, 22.614061], [120.315207, 22.614237], [120.3157, 22.614192], [120.315751, 22.614299], [120.315262, 22.614346], [120.315261, 22.614519], [120.316373, 22.614419], [120.316401, 22.61466], [120.315301, 22.614677], [120.315288, 22.61477], [120.315335, 22.615026], [120.315547, 22.614938], [120.316435, 22.615099], [120.316408, 22.614915], [120.316406, 22.615494], [120.315494, 22.615445], [120.315447, 22.615697], [120.315581, 22.615707], [120.315137, 22.615696], [120.315119, 22.616048], [120.314944, 22.615911], [120.314924, 22.615767], [120.314896, 22.615372], [120.315157, 22.615385], [120.315148, 22.615594], [120.315137, 22.61566], [120.315074, 22.615596], [120.315153, 22.615309], [120.315101, 22.615083], [120.314889, 22.615006], [120.314893, 22.615071], [120.314886, 22.614872], [120.314992, 22.61474], [120.315042, 22.614966], [120.314171, 22.615285], [120.314181, 22.61552], [120.313969, 22.615501], [120.313976, 22.615303], [120.314061, 22.615303], [120.313089, 22.61522], [120.312971, 22.615271], [120.312985, 22.615741], [120.313249, 22.61576], [120.313254, 22.615634], [120.313154, 22.615633], [120.313212, 22.615417], [120.313754, 22.615446], [120.313761, 22.615374], [120.313707, 22.615663], [120.313426, 22.615644], [120.313421, 22.61577], [120.313749, 22.615789], [120.313734, 22.616319], [120.313492, 22.616294], [120.31356, 22.616386], [120.313745, 22.616408], [120.313779, 22.616547], [120.313468, 22.616471], [120.313526, 22.616406], [120.313727, 22.616478], [120.313809, 22.616324], [120.313936, 22.616431], [120.313869, 22.616865], [120.314123, 22.616929], [120.314157, 22.616448], [120.314015, 22.616511], [120.313988, 22.616644], [120.313763, 22.616721], [120.313172, 22.616515], [120.313141, 22.61633], [120.313385, 22.616435], [120.313382, 22.616149], [120.313459, 22.616149], [120.312972, 22.61603], [120.312981, 22.615949], [120.312698, 22.616006], [120.312675, 22.616385], [120.312164, 22.616279], [120.312437, 22.616056], [120.312447, 22.615976], [120.312364, 22.61595], [120.312673, 22.615866], [120.312688, 22.615953], [120.312718, 22.615523], [120.312186, 22.615539], [120.312243, 22.615386], [120.312179, 22.615376], [120.312711, 22.615397], [120.312759, 22.615202], [120.311972, 22.615144], [120.31197, 22.615198], [120.31201, 22.615885], [120.312094, 22.615871], [120.312107, 22.615934], [120.31198, 22.616071], [120.31203, 22.616211], [120.311966, 22.616224], [120.312167, 22.61572], [120.312621, 22.615741], [120.312709, 22.615433], [120.313329, 22.615995], [120.31362, 22.616006], [120.313588, 22.616159], [120.314069, 22.616178], [120.31408, 22.616351], [120.314102, 22.616017], [120.31489, 22.616508], [120.314818, 22.617131], [120.315019, 22.617213], [120.315032, 22.616752], [120.314974, 22.616749], [120.315047, 22.616554], [120.315294, 22.616654], [120.315324, 22.616753], [120.315406, 22.616691], [120.315483, 22.616709], [120.315465, 22.616799], [120.315792, 22.61681], [120.315743, 22.616891], [120.31625, 22.617077], [120.316294, 22.616964], [120.315896, 22.61684], [120.315911, 22.616677], [120.316216, 22.616774], [120.316255, 22.616674], [120.315944, 22.616575], [120.316079, 22.616224], [120.315783, 22.616204], [120.315774, 22.616295], [120.315849, 22.616295], [120.315551, 22.616285], [120.31557, 22.616195], [120.315348, 22.616166], [120.315344, 22.616275], [120.315423, 22.616275], [120.315545, 22.615978], [120.316356, 22.616026], [120.316291, 22.616234], [120.316213, 22.616224], [120.316374, 22.616687], [120.316196, 22.617218], [120.315688, 22.617062], [120.315657, 22.617152], [120.316151, 22.617333], [120.316055, 22.617481], [120.315908, 22.617507], [120.31514, 22.617258], [120.3153, 22.616943], [120.315441, 22.61698], [120.315421, 22.61707], [120.315524, 22.617106], [120.315553, 22.617016], [120.315616, 22.617307], [120.316055, 22.617591], [120.316028, 22.615727], [120.315813, 22.615694], [120.316476, 22.615494], [120.316138, 22.614267], [120.31584, 22.614291], [120.315992, 22.614005], [120.315979, 22.613843], [120.316129, 22.613824], [120.316159, 22.613992], [120.316074, 22.614], [120.315931, 22.613465], [120.315543, 22.613476], [120.316097, 22.613441], [120.314735, 22.613455], [120.312716, 22.61396], [120.312943, 22.616246], [120.312866, 22.616535], [120.312529, 22.616419], [120.313488, 22.616742]]}}, {"type": "Feature", "properties": {"district": "6400900", "segment": 24, "total_segments": 34, "km": 11.09, "villages": ["興東里", "民權里"]}, "geometry": {"type": "LineString", "coordinates": [[120.314679, 22.613174], [120.315659, 22.613042], [120.315608, 22.612865], [120.314772, 22.612991], [120.314639, 22.613093], [120.314618, 22.612786], [120.314702, 22.612678], [120.315449, 22.612536], [120.315554, 22.61271], [120.314787, 22.61282], [120.314746, 22.61247], [120.314542, 22.612524], [120.31439, 22.61208], [120.314591, 22.612173], [120.314847, 22.61212], [120.314711, 22.611948], [120.315131, 22.611873], [120.315214, 22.611903], [120.315397, 22.612386], [120.314848, 22.612451], [120.314802, 22.612287], [120.315141, 22.612239], [120.315099, 22.61207], [120.315525, 22.611984], [120.315492, 22.611778], [120.316448, 22.61152], [120.316557, 22.611521], [120.316697, 22.612054], [120.316084, 22.612223], [120.316119, 22.612458], [120.315658, 22.612536], [120.315738, 22.612736], [120.316265, 22.612621], [120.316289, 22.612772], [120.315835, 22.61283], [120.315814, 22.613008], [120.31699, 22.61286], [120.316891, 22.612649], [120.316326, 22.612768], [120.31651, 22.612614], [120.316412, 22.612363], [120.316254, 22.612401], [120.316743, 22.612298], [120.3168, 22.612578], [120.316625, 22.612511], [120.316647, 22.612633], [120.316544, 22.612405], [120.317042, 22.612292], [120.317174, 22.612828], [120.317724, 22.612761], [120.31739, 22.611626], [120.316893, 22.611787], [120.317033, 22.612258], [120.317176, 22.61221], [120.31707, 22.611865], [120.317255, 22.611817], [120.317428, 22.612579], [120.317581, 22.612576], [120.317238, 22.612614], [120.31719, 22.61225], [120.31688, 22.611744], [120.317216, 22.611325], [120.316488, 22.611256], [120.31631, 22.610767], [120.316032, 22.610849], [120.316128, 22.611027], [120.316275, 22.610989], [120.315974, 22.611094], [120.315899, 22.610868], [120.315188, 22.611102], [120.315254, 22.611282], [120.315715, 22.611112], [120.316, 22.611175], [120.316099, 22.611428], [120.315935, 22.611464], [120.316269, 22.611289], [120.316248, 22.610575], [120.316067, 22.609975], [120.315959, 22.610084], [120.315085, 22.610349], [120.31498, 22.610109], [120.315134, 22.609979], [120.315183, 22.610024], [120.315316, 22.60989], [120.315247, 22.60979], [120.315332, 22.609763], [120.315157, 22.609808], [120.314987, 22.610015], [120.314882, 22.609734], [120.315053, 22.609751], [120.314973, 22.609581], [120.313627, 22.610154], [120.313781, 22.61038], [120.313746, 22.610497], [120.3142, 22.6104], [120.314773, 22.610201], [120.314611, 22.609832], [120.314425, 22.609976], [120.314815, 22.610436], [120.314466, 22.610564], [120.314597, 22.610672], [120.31488, 22.610587], [120.315149, 22.610792], [120.31555, 22.610686], [120.315626, 22.610532], [120.315922, 22.610627], [120.316108, 22.610569], [120.315981, 22.610505], [120.31577, 22.609865], [120.316322, 22.609634], [120.316353, 22.609728], [120.316458, 22.609597], [120.3164, 22.609419], [120.316496, 22.609345], [120.316364, 22.609304], [120.316608, 22.609187], [120.316484, 22.608917], [120.316012, 22.609132], [120.316282, 22.609542], [120.316554, 22.609488], [120.316579, 22.609606], [120.316749, 22.609578], [120.316538, 22.608898], [120.315808, 22.609233], [120.315867, 22.609377], [120.315666, 22.609422], [120.31561, 22.609322], [120.315359, 22.609438], [120.315404, 22.609547], [120.315218, 22.609618], [120.315164, 22.60951], [120.31541, 22.60999], [120.315586, 22.609927], [120.316794, 22.60993], [120.315017, 22.611151], [120.315169, 22.611646], [120.315619, 22.611914], [120.315853, 22.611856], [120.31485, 22.611209], [120.314416, 22.611306], [120.314366, 22.61149], [120.314228, 22.611519], [120.314343, 22.611845], [120.314498, 22.61181], [120.314625, 22.612004], [120.314705, 22.612301], [120.314631, 22.612319], [120.313912, 22.610754], [120.314273, 22.610644], [120.314379, 22.611096], [120.314258, 22.611123], [120.314029, 22.609604], [120.314775, 22.609273], [120.314589, 22.609074], [120.314115, 22.609415], [120.314052, 22.609325], [120.314503, 22.608974], [120.314389, 22.608856], [120.313842, 22.609281], [120.313942, 22.609409], [120.314019, 22.60935], [120.313982, 22.609512], [120.313439, 22.609689], [120.313798, 22.609097], [120.31354, 22.608699], [120.31395, 22.608354], [120.314299, 22.60874], [120.313879, 22.609039], [120.313793, 22.608921], [120.314132, 22.608656], [120.314001, 22.608553], [120.313456, 22.608936], [120.313461, 22.609003], [120.313208, 22.608779], [120.313798, 22.608174], [120.313697, 22.608062], [120.312977, 22.608752], [120.312908, 22.608646], [120.313615, 22.607961], [120.313502, 22.607806], [120.312698, 22.608549], [120.312978, 22.609016], [120.313174, 22.608814], [120.312592, 22.60828], [120.31247, 22.60827], [120.312305, 22.608053], [120.31249, 22.607828], [120.312324, 22.607836], [120.312197, 22.607953], [120.312161, 22.607862], [120.312311, 22.607773], [120.312228, 22.607682], [120.312077, 22.607781], [120.311939, 22.607627], [120.312032, 22.60751], [120.312455, 22.607313], [120.312686, 22.607503], [120.31289, 22.607242], [120.312402, 22.606834], [120.312229, 22.607104], [120.312171, 22.60705], [120.312334, 22.607204], [120.312392, 22.607249], [120.312503, 22.607059], [120.312667, 22.607192], [120.312584, 22.607266], [120.312921, 22.60727], [120.313186, 22.607506], [120.313263, 22.607659], [120.312642, 22.608226], [120.312907, 22.607769], [120.312535, 22.607606], [120.312145, 22.607889], [120.311806, 22.607391], [120.312058, 22.607212], [120.312134, 22.607293], [120.31219, 22.607257], [120.312005, 22.607042], [120.311798, 22.607238], [120.311554, 22.607129], [120.312773, 22.605901], [120.312841, 22.606005], [120.312634, 22.606167], [120.313068, 22.606539], [120.313437, 22.606788], [120.313585, 22.606559], [120.313733, 22.606698], [120.313288, 22.607102], [120.313346, 22.607208], [120.313906, 22.60673], [120.313171, 22.606286], [120.313124, 22.606188], [120.313023, 22.606322], [120.312911, 22.606242], [120.313045, 22.606126], [120.312916, 22.606062], [120.312698, 22.606642], [120.312752, 22.606872], [120.312938, 22.606819], [120.312939, 22.607008], [120.313384, 22.607443], [120.313528, 22.607471], [120.314166, 22.606865], [120.313993, 22.606814], [120.313466, 22.607318], [120.313674, 22.607715], [120.313981, 22.608042], [120.314698, 22.607304], [120.314573, 22.607213], [120.313972, 22.607797], [120.313864, 22.607692], [120.314498, 22.60713], [120.314401, 22.607025], [120.313759, 22.607607], [120.313924, 22.608324], [120.314444, 22.608482], [120.314535, 22.609001], [120.315049, 22.609095], [120.315259, 22.609005], [120.315939, 22.608245]]}}, {"type": "Feature", "properties": {"district": "6400900", "segment": 25, "total_segments": 34, "km": 12.1, "villages": ["良和里", "西山里"]}, "geometry": {"type": "LineString", "coordinates": [[120.312556, 22.605736], [120.312313, 22.60594], [120.312149, 22.605704], [120.312085, 22.605764], [120.312318, 22.605542], [120.312453, 22.605686], [120.312167, 22.605403], [120.312032, 22.605527], [120.311626, 22.605192], [120.311751, 22.605075], [120.312066, 22.605364], [120.311876, 22.605688], [120.311829, 22.605735], [120.311431, 22.605407], [120.311547, 22.605281], [120.311879, 22.605572], [120.311759, 22.605822], [120.311652, 22.605919], [120.311604, 22.605882], [120.311244, 22.605574], [120.311359, 22.605491], [120.31167, 22.605776], [120.311384, 22.606098], [120.311028, 22.605799], [120.31065, 22.606163], [120.311327, 22.60682], [120.311768, 22.606389], [120.311424, 22.606134], [120.311804, 22.606404], [120.310891, 22.605654], [120.311097, 22.60546], [120.310494, 22.604978], [120.310088, 22.60544], [120.310653, 22.605897], [120.310791, 22.605765], [120.31085, 22.605689], [120.310809, 22.605605], [120.310397, 22.60527], [120.310568, 22.605131], [120.310694, 22.605239], [120.31061, 22.605317], [120.310702, 22.605391], [120.310783, 22.605309], [120.310918, 22.605425], [120.310625, 22.605677], [120.310264, 22.605387], [120.310063, 22.605578], [120.31, 22.605523], [120.310512, 22.606022], [120.310688, 22.605726], [120.310106, 22.60509], [120.310358, 22.604873], [120.31031, 22.604821], [120.309861, 22.604457], [120.309856, 22.604554], [120.309671, 22.604674], [120.310042, 22.605], [120.310179, 22.604842], [120.310103, 22.60475], [120.310016, 22.604833], [120.309912, 22.604746], [120.309993, 22.604665], [120.309691, 22.604496], [120.309796, 22.604376], [120.309453, 22.604925], [120.309841, 22.605243], [120.309116, 22.605901], [120.308589, 22.605842], [120.308103, 22.606495], [120.309109, 22.607295], [120.308205, 22.608318], [120.308052, 22.608253], [120.30781, 22.608567], [120.307473, 22.608502], [120.307431, 22.60865], [120.307609, 22.608704], [120.307619, 22.608827], [120.307433, 22.609141], [120.307206, 22.609034], [120.307207, 22.608845], [120.307081, 22.608855], [120.306931, 22.608993], [120.306854, 22.608961], [120.306846, 22.608795], [120.306955, 22.608489], [120.307299, 22.608616], [120.307249, 22.608725], [120.307125, 22.608752], [120.307154, 22.608327], [120.307031, 22.60832], [120.307194, 22.608198], [120.307098, 22.608129], [120.307748, 22.60838], [120.307909, 22.608189], [120.307536, 22.607872], [120.307446, 22.607883], [120.307396, 22.608047], [120.307321, 22.60773], [120.307594, 22.607742], [120.308113, 22.608186], [120.308105, 22.608465], [120.307888, 22.608768], [120.308413, 22.608506], [120.308593, 22.608624], [120.308902, 22.609051], [120.308686, 22.609321], [120.307703, 22.610105], [120.307458, 22.609821], [120.307558, 22.609755], [120.307199, 22.60967], [120.307223, 22.609472], [120.306992, 22.609396], [120.306931, 22.609599], [120.306818, 22.609571], [120.306854, 22.609428], [120.306686, 22.609516], [120.306579, 22.609411], [120.306727, 22.609137], [120.307324, 22.60935], [120.306739, 22.609551], [120.306416, 22.608262], [120.306487, 22.608076], [120.306287, 22.608157], [120.306098, 22.608019], [120.306078, 22.607872], [120.306278, 22.607702], [120.306517, 22.60779], [120.306742, 22.607315], [120.30659, 22.607204], [120.310005, 22.604172], [120.311419, 22.602747], [120.313305, 22.603814], [120.311425, 22.608203], [120.31198, 22.609009], [120.312148, 22.60906], [120.312321, 22.609243], [120.312779, 22.610048], [120.312566, 22.610182], [120.312439, 22.609896], [120.312471, 22.609784], [120.31232, 22.609738], [120.312383, 22.609691], [120.312242, 22.609497], [120.311704, 22.609834], [120.311576, 22.609885], [120.311492, 22.609814], [120.312026, 22.609516], [120.311931, 22.609384], [120.311417, 22.609684], [120.311414, 22.609518], [120.311852, 22.609275], [120.311755, 22.609179], [120.311256, 22.609466], [120.311314, 22.609548], [120.311144, 22.609681], [120.311241, 22.609795], [120.310613, 22.610106], [120.310546, 22.610009], [120.311037, 22.609742], [120.311016, 22.609483], [120.310741, 22.609157], [120.310621, 22.609256], [120.310654, 22.609319], [120.310756, 22.609265], [120.31052, 22.609309], [120.310525, 22.609391], [120.310425, 22.609363], [120.310342, 22.609417], [120.310375, 22.60948], [120.310184, 22.609507], [120.310221, 22.609561], [120.310143, 22.609328], [120.310021, 22.609271], [120.310268, 22.609218], [120.310621, 22.609003], [120.310554, 22.608894], [120.310183, 22.609154], [120.310158, 22.608962], [120.310071, 22.608983], [120.310032, 22.60891], [120.309939, 22.608973], [120.309997, 22.609027], [120.30985, 22.609045], [120.309881, 22.609129], [120.309782, 22.609232], [120.3097, 22.609134], [120.309565, 22.609179], [120.309659, 22.609322], [120.309433, 22.609014], [120.310163, 22.608337], [120.31022, 22.608495], [120.310118, 22.608634], [120.309961, 22.608684], [120.309219, 22.609302], [120.309434, 22.609567], [120.30938, 22.609661], [120.309483, 22.609779], [120.309562, 22.609721], [120.309544, 22.609601], [120.309251, 22.60953], [120.309085, 22.609314], [120.30917, 22.609249], [120.308401, 22.609966], [120.308494, 22.610086], [120.309101, 22.609683], [120.308993, 22.609556], [120.309252, 22.609881], [120.308758, 22.610143], [120.308823, 22.61017], [120.308748, 22.610233], [120.308621, 22.610241], [120.308777, 22.610476], [120.30888, 22.610485], [120.308889, 22.610404], [120.308954, 22.610432], [120.308953, 22.610359], [120.309173, 22.610279], [120.309228, 22.610162], [120.309251, 22.610225], [120.309365, 22.610081], [120.30948, 22.610082], [120.309436, 22.610036], [120.309614, 22.609965], [120.309561, 22.609894], [120.309642, 22.60982], [120.310107, 22.610482], [120.310017, 22.610518], [120.309836, 22.610273], [120.309427, 22.610514], [120.309351, 22.610432], [120.309609, 22.610276], [120.309648, 22.610019], [120.30928, 22.60979], [120.309968, 22.609686], [120.310504, 22.610501], [120.310613, 22.610405], [120.310549, 22.61033], [120.310702, 22.610248], [120.31076, 22.610336], [120.311256, 22.610074], [120.311195, 22.609982], [120.310801, 22.610191], [120.310959, 22.610413], [120.311458, 22.610153], [120.311533, 22.610235], [120.310885, 22.610557], [120.310809, 22.610485], [120.310888, 22.610449], [120.310713, 22.61054], [120.310947, 22.61094], [120.310798, 22.611031], [120.310606, 22.61061], [120.3103, 22.61079], [120.310189, 22.61059], [120.31008, 22.610662], [120.310349, 22.611133], [120.3105, 22.611096], [120.31033, 22.610844], [120.310013, 22.61087], [120.309691, 22.611043], [120.309638, 22.610957], [120.309953, 22.610797], [120.309853, 22.610614], [120.309771, 22.610663], [120.309684, 22.610597], [120.309506, 22.610821], [120.309429, 22.61075], [120.309177, 22.610886], [120.309112, 22.610935], [120.309169, 22.611028], [120.309406, 22.6109], [120.309487, 22.611049], [120.30935, 22.611141], [120.309398, 22.611214], [120.30954, 22.611137], [120.309298, 22.611282], [120.309252, 22.6112], [120.309473, 22.611588], [120.31016, 22.61131], [120.310218, 22.611221], [120.309778, 22.610532], [120.309515, 22.610696], [120.309251, 22.610498], [120.309137, 22.610592], [120.309181, 22.610669], [120.30909, 22.610723], [120.309016, 22.610649], [120.308952, 22.610721], [120.308997, 22.610784], [120.30882, 22.610548], [120.310986, 22.610702], [120.311381, 22.610505], [120.311399, 22.610736], [120.311663, 22.610624], [120.311633, 22.610481], [120.312445, 22.610257], [120.312226, 22.610139], [120.31224, 22.610075], [120.312139, 22.610183], [120.311829, 22.610282], [120.311624, 22.610054], [120.312175, 22.609784], [120.312254, 22.609889], [120.311832, 22.610107], [120.311371, 22.610036], [120.311336, 22.609902], [120.311288, 22.610785], [120.311056, 22.610889], [120.312165, 22.609371], [120.310449, 22.608695], [120.310191, 22.608884], [120.310124, 22.608838], [120.31038, 22.60865]]}}, {"type": "Feature", "properties": {"district": "6400900", "segment": 26, "total_segments": 34, "km": 9.72, "villages": ["興中里", "盛豐里"]}, "geometry": {"type": "LineString", "coordinates": [[120.311653, 22.610985], [120.312443, 22.610663], [120.312489, 22.610781], [120.312088, 22.610963], [120.312171, 22.611096], [120.312763, 22.61081], [120.312797, 22.610889], [120.312907, 22.610851], [120.312767, 22.610547], [120.312587, 22.610592], [120.31303, 22.610584], [120.312937, 22.610403], [120.313087, 22.610847], [120.313147, 22.610748], [120.313231, 22.610948], [120.31294, 22.611062], [120.312958, 22.610963], [120.312874, 22.610991], [120.312815, 22.611125], [120.312273, 22.611358], [120.312337, 22.611485], [120.31304, 22.611172], [120.313159, 22.611434], [120.311586, 22.61207], [120.311668, 22.612282], [120.312338, 22.612023], [120.312308, 22.611974], [120.312443, 22.612324], [120.311718, 22.612414], [120.311488, 22.612556], [120.311738, 22.613469], [120.311798, 22.613424], [120.31177, 22.613102], [120.311868, 22.61292], [120.312464, 22.612847], [120.31244, 22.612744], [120.311849, 22.612815], [120.311819, 22.612663], [120.312492, 22.612608], [120.312407, 22.612489], [120.311798, 22.61257], [120.311444, 22.612519], [120.311367, 22.612284], [120.311531, 22.612303], [120.311326, 22.61214], [120.311331, 22.611986], [120.310996, 22.611316], [120.31105, 22.611235], [120.31114, 22.611353], [120.311842, 22.611067], [120.311936, 22.611194], [120.311225, 22.611545], [120.3113, 22.611737], [120.312062, 22.611406], [120.312165, 22.61159], [120.311611, 22.611811], [120.31136, 22.611128], [120.311574, 22.61103], [120.311273, 22.611155], [120.313263, 22.611064], [120.313448, 22.61148], [120.31352, 22.611977], [120.313602, 22.611899], [120.313947, 22.613255], [120.312874, 22.613252], [120.312939, 22.613402], [120.313249, 22.613322], [120.313388, 22.613196], [120.313656, 22.613159], [120.313613, 22.612962], [120.312164, 22.613182], [120.312039, 22.613082], [120.312022, 22.613172], [120.312152, 22.613064], [120.312659, 22.613003], [120.312553, 22.612731], [120.312871, 22.612805], [120.312946, 22.612732], [120.312984, 22.612788], [120.313275, 22.61269], [120.313439, 22.612718], [120.313461, 22.612613], [120.313543, 22.612606], [120.313619, 22.612846], [120.312913, 22.612946], [120.312752, 22.613284], [120.311997, 22.61338], [120.312047, 22.613533], [120.312898, 22.613411], [120.311759, 22.613568], [120.312685, 22.612544], [120.312764, 22.612545], [120.312795, 22.612429], [120.313496, 22.612327], [120.313529, 22.612447], [120.312999, 22.612499], [120.311283, 22.612816], [120.310987, 22.612066], [120.310837, 22.61195], [120.310665, 22.611441], [120.310122, 22.611653], [120.31024, 22.611864], [120.310531, 22.611748], [120.310584, 22.611604], [120.310694, 22.611839], [120.309918, 22.612134], [120.309977, 22.612269], [120.310663, 22.612055], [120.310857, 22.612237], [120.310293, 22.612451], [120.310278, 22.612343], [120.310621, 22.612227], [120.310691, 22.612516], [120.309985, 22.612739], [120.310202, 22.613439], [120.310469, 22.613391], [120.310596, 22.613509], [120.310242, 22.613571], [120.310281, 22.613766], [120.311161, 22.613647], [120.311077, 22.613376], [120.310945, 22.613401], [120.310963, 22.613565], [120.310844, 22.613555], [120.310835, 22.613302], [120.311048, 22.613231], [120.311023, 22.613141], [120.310571, 22.613175], [120.310537, 22.613057], [120.310938, 22.612906], [120.310907, 22.612797], [120.310267, 22.612951], [120.310158, 22.61282], [120.31097, 22.612563], [120.310935, 22.612471], [120.311092, 22.6129], [120.311292, 22.612999], [120.311341, 22.613129], [120.311463, 22.613585], [120.311276, 22.613627], [120.311332, 22.613919], [120.311493, 22.613877], [120.31155, 22.614225], [120.310576, 22.614345], [120.310554, 22.614204], [120.311368, 22.614099], [120.311227, 22.613936], [120.310339, 22.61405], [120.310475, 22.614844], [120.311655, 22.614898], [120.311609, 22.614383], [120.310599, 22.614489], [120.310666, 22.614656], [120.311288, 22.614587], [120.31129, 22.615111], [120.311652, 22.61513], [120.311661, 22.615419], [120.311461, 22.615588], [120.311154, 22.615565], [120.31113, 22.615935], [120.311343, 22.616021], [120.311358, 22.615964], [120.311544, 22.616089], [120.311637, 22.615906], [120.310549, 22.615776], [120.310249, 22.615648], [120.310501, 22.615074], [120.310754, 22.615099], [120.310746, 22.61525], [120.310827, 22.615303], [120.310606, 22.615406], [120.310529, 22.615378], [120.31099, 22.615074], [120.311256, 22.615109], [120.31069, 22.613338], [120.310348, 22.613246], [120.310334, 22.613102], [120.310415, 22.613084], [120.309972, 22.612703], [120.309754, 22.612169], [120.309623, 22.612295], [120.309707, 22.612485], [120.308695, 22.61295], [120.308557, 22.612986], [120.308446, 22.612775], [120.308919, 22.612598], [120.308971, 22.612686], [120.309055, 22.612642], [120.308974, 22.612536], [120.30951, 22.612363], [120.309576, 22.612276], [120.309424, 22.611972], [120.309205, 22.61211], [120.309296, 22.612293], [120.309433, 22.612231], [120.309254, 22.612311], [120.308932, 22.612223], [120.308318, 22.612452], [120.308413, 22.612678], [120.308739, 22.612526], [120.308658, 22.612453], [120.308106, 22.612672], [120.30796, 22.612584], [120.307654, 22.612733], [120.307774, 22.612877], [120.307885, 22.612841], [120.307943, 22.61299], [120.307778, 22.613073], [120.307917, 22.613234], [120.308306, 22.613111], [120.308258, 22.613009], [120.30806, 22.613065], [120.307987, 22.612969], [120.308208, 22.612859], [120.307572, 22.613442], [120.307202, 22.613603], [120.307085, 22.613368], [120.307357, 22.613278], [120.307331, 22.613143], [120.307414, 22.613107], [120.307033, 22.613232], [120.306929, 22.613069], [120.30976, 22.611808], [120.310202, 22.611882], [120.310162, 22.612487], [120.310076, 22.612513], [120.310023, 22.612414]]}}, {"type": "Feature", "properties": {"district": "6400900", "segment": 27, "total_segments": 34, "km": 10.12, "villages": ["盛興里", "西甲里"]}, "geometry": {"type": "LineString", "coordinates": [[120.309762, 22.612663], [120.309336, 22.612872], [120.309402, 22.613116], [120.309677, 22.61383], [120.31013, 22.613769], [120.309947, 22.613207], [120.309843, 22.613139], [120.309891, 22.613011], [120.30982, 22.612847], [120.30972, 22.612864], [120.309695, 22.612975], [120.30975, 22.613171], [120.309515, 22.613026], [120.309175, 22.613066], [120.309096, 22.612976], [120.308805, 22.613049], [120.308693, 22.613193], [120.30863, 22.613128], [120.309126, 22.613909], [120.309443, 22.613838], [120.309201, 22.613323], [120.308938, 22.613441], [120.309245, 22.613253], [120.309872, 22.613468], [120.310026, 22.614095], [120.310159, 22.614076], [120.310225, 22.614763], [120.309863, 22.614653], [120.309856, 22.614427], [120.309763, 22.61444], [120.309704, 22.614156], [120.309988, 22.614112], [120.31005, 22.614408], [120.309602, 22.614264], [120.309574, 22.614151], [120.309221, 22.614198], [120.309159, 22.614406], [120.309548, 22.614543], [120.309455, 22.614768], [120.309856, 22.61491], [120.309846, 22.615092], [120.310164, 22.615178], [120.310191, 22.615097], [120.310048, 22.614994], [120.310218, 22.615002], [120.3103, 22.614793], [120.309682, 22.615077], [120.308822, 22.614811], [120.30891, 22.614631], [120.309415, 22.61475], [120.309241, 22.61512], [120.308763, 22.614955], [120.30872, 22.615081], [120.308778, 22.615165], [120.309494, 22.61541], [120.309379, 22.615166], [120.309305, 22.615147], [120.309824, 22.61552], [120.310021, 22.615564], [120.309018, 22.614354], [120.308637, 22.61453], [120.308386, 22.614994], [120.30707, 22.614623], [120.307278, 22.614065], [120.308009, 22.614329], [120.307959, 22.614463], [120.308375, 22.614628], [120.308357, 22.61479], [120.307292, 22.614479], [120.307414, 22.614306], [120.307786, 22.614427], [120.308201, 22.614364], [120.308598, 22.614489], [120.308625, 22.613711], [120.306946, 22.613668], [120.306639, 22.613195], [120.305943, 22.613627], [120.305982, 22.613715], [120.306077, 22.613718], [120.306415, 22.613596], [120.306062, 22.613454], [120.305216, 22.613868], [120.305396, 22.614038], [120.305916, 22.614117], [120.30614, 22.614276], [120.306648, 22.614449], [120.305888, 22.613162], [120.306041, 22.612899], [120.306258, 22.61302], [120.306313, 22.612943], [120.305896, 22.612705], [120.305858, 22.612748], [120.305764, 22.612604], [120.306046, 22.61219], [120.306147, 22.612218], [120.305605, 22.612065], [120.305479, 22.61234], [120.305662, 22.612395], [120.305716, 22.612323], [120.306108, 22.612491], [120.306005, 22.612622], [120.306053, 22.612713], [120.306306, 22.612551], [120.306295, 22.612443], [120.306191, 22.612415], [120.30627, 22.61233], [120.306331, 22.612624], [120.306497, 22.612826], [120.306361, 22.612977], [120.306317, 22.61286], [120.306706, 22.612587], [120.306676, 22.612537], [120.306912, 22.612699], [120.307015, 22.612587], [120.307185, 22.612523], [120.307252, 22.612571], [120.30791, 22.612285], [120.307757, 22.612079], [120.307587, 22.612205], [120.307474, 22.612076], [120.307163, 22.612209], [120.307016, 22.612005], [120.306955, 22.612032], [120.307623, 22.611748], [120.307734, 22.611966], [120.307448, 22.612019], [120.307598, 22.611906], [120.307537, 22.611598], [120.307253, 22.610989], [120.30715, 22.610876], [120.30693, 22.610838], [120.306772, 22.611242], [120.306835, 22.611516], [120.306875, 22.611556], [120.307073, 22.61143], [120.307143, 22.61156], [120.307446, 22.611642], [120.307015, 22.611833], [120.307019, 22.611346], [120.306935, 22.611174], [120.307071, 22.611141], [120.307231, 22.611383], [120.306993, 22.611041], [120.30671, 22.610932], [120.306462, 22.611595], [120.306339, 22.611673], [120.306147, 22.611596], [120.306275, 22.611253], [120.306403, 22.611289], [120.30629, 22.611574], [120.306394, 22.611782], [120.306249, 22.611996], [120.305673, 22.611835], [120.305774, 22.611445], [120.305985, 22.611641], [120.305929, 22.6118], [120.306082, 22.611827], [120.306281, 22.612019], [120.306699, 22.612138], [120.306573, 22.612357], [120.306936, 22.612527], [120.307075, 22.612468], [120.307059, 22.612635], [120.306799, 22.612727], [120.305405, 22.612852], [120.305121, 22.613338], [120.305194, 22.613395], [120.306043, 22.611551], [120.306082, 22.61142], [120.305874, 22.611321], [120.306016, 22.610845], [120.306376, 22.610682], [120.306132, 22.610555], [120.306354, 22.609961], [120.306419, 22.610141], [120.306514, 22.610148], [120.30647, 22.610213], [120.306518, 22.610268], [120.306549, 22.61022], [120.306494, 22.610385], [120.306333, 22.610324], [120.306623, 22.609882], [120.306409, 22.609822], [120.306472, 22.609645], [120.307263, 22.610031], [120.307064, 22.610461], [120.307234, 22.610565], [120.307647, 22.61028], [120.307553, 22.610136], [120.307353, 22.61028], [120.307295, 22.610214], [120.307495, 22.610086], [120.307284, 22.60998], [120.307303, 22.609927], [120.306757, 22.610403], [120.306595, 22.610739], [120.306498, 22.6107], [120.306328, 22.611137], [120.306498, 22.611197], [120.306314, 22.61088], [120.306352, 22.610792], [120.306768, 22.610792], [120.306726, 22.610899], [120.306119, 22.611088], [120.306043, 22.611247], [120.307478, 22.610831], [120.308176, 22.612168], [120.30924, 22.611661], [120.309031, 22.611164], [120.308771, 22.611343], [120.308334, 22.611426], [120.308092, 22.611564], [120.30822, 22.611702], [120.308992, 22.611386], [120.308846, 22.611379], [120.308994, 22.611588], [120.30906, 22.611541], [120.308159, 22.611922], [120.307975, 22.611405], [120.308285, 22.611228], [120.30816, 22.611077], [120.307878, 22.611277], [120.307853, 22.611128], [120.308076, 22.610975], [120.307975, 22.610817], [120.307708, 22.611067], [120.307744, 22.611116], [120.307687, 22.611041], [120.307683, 22.610889], [120.307903, 22.610744], [120.307775, 22.610524], [120.30756, 22.610771], [120.308004, 22.61052], [120.308453, 22.61117], [120.308903, 22.611004], [120.308704, 22.610676], [120.308568, 22.610773], [120.308674, 22.610954], [120.308559, 22.611027], [120.308494, 22.610952], [120.308442, 22.610602], [120.308592, 22.610522], [120.308202, 22.610113], [120.307991, 22.610336], [120.308224, 22.610088], [120.308615, 22.611851], [120.308668, 22.611844], [120.307281, 22.608331]]}}, {"type": "Feature", "properties": {"district": "6400900", "segment": 28, "total_segments": 34, "km": 11.15, "villages": ["振興里", "建隆里"]}, "geometry": {"type": "LineString", "coordinates": [[120.306313, 22.608379], [120.30625, 22.608334], [120.30616, 22.608409], [120.30599, 22.608287], [120.306065, 22.608225], [120.305845, 22.607918], [120.305163, 22.607543], [120.30511, 22.607427], [120.304945, 22.607582], [120.304899, 22.607761], [120.304967, 22.607869], [120.305224, 22.607985], [120.305044, 22.608094], [120.305172, 22.608152], [120.305024, 22.608247], [120.304881, 22.608129], [120.304974, 22.608039], [120.30502, 22.608076], [120.304906, 22.60795], [120.304407, 22.60775], [120.304599, 22.607512], [120.304716, 22.607578], [120.304703, 22.607469], [120.304823, 22.607434], [120.304995, 22.607177], [120.305093, 22.607303], [120.304623, 22.607198], [120.304758, 22.606869], [120.304289, 22.608093], [120.304607, 22.608191], [120.304632, 22.608099], [120.304429, 22.607992], [120.304208, 22.608312], [120.304441, 22.60838], [120.304519, 22.608706], [120.304791, 22.608806], [120.304534, 22.609574], [120.304447, 22.609652], [120.304695, 22.609731], [120.304838, 22.609264], [120.305155, 22.609106], [120.305229, 22.608967], [120.30533, 22.60907], [120.305218, 22.609142], [120.305346, 22.608926], [120.305606, 22.609081], [120.305594, 22.608746], [120.305313, 22.608646], [120.305288, 22.608449], [120.305048, 22.608319], [120.305314, 22.608285], [120.305398, 22.608344], [120.305638, 22.608078], [120.305704, 22.608175], [120.305613, 22.608264], [120.305768, 22.608368], [120.305711, 22.60844], [120.305804, 22.608494], [120.305872, 22.608368], [120.305833, 22.608239], [120.305581, 22.608308], [120.305363, 22.608095], [120.305512, 22.608069], [120.305486, 22.607812], [120.305397, 22.607938], [120.30595, 22.608477], [120.305871, 22.608558], [120.306044, 22.608586], [120.305995, 22.608685], [120.306268, 22.60865], [120.30602, 22.608969], [120.305609, 22.610013], [120.305256, 22.609903], [120.305301, 22.609806], [120.305172, 22.609772], [120.30514, 22.609861], [120.30494, 22.609811], [120.30497, 22.609712], [120.305069, 22.60974], [120.304766, 22.610404], [120.304996, 22.610523], [120.304948, 22.610604], [120.304611, 22.610473], [120.304541, 22.610568], [120.304578, 22.610666], [120.304814, 22.61073], [120.304792, 22.610854], [120.304506, 22.610747], [120.304438, 22.610927], [120.304714, 22.611025], [120.305024, 22.610928], [120.305095, 22.610772], [120.305004, 22.610748], [120.305062, 22.610637], [120.305142, 22.610661], [120.30521, 22.610345], [120.305467, 22.610514], [120.30497, 22.611715], [120.304682, 22.611578], [120.304524, 22.611586], [120.304561, 22.611487], [120.304449, 22.611568], [120.304222, 22.611486], [120.304328, 22.611417], [120.304254, 22.610881], [120.304339, 22.61055], [120.3042, 22.610444], [120.304085, 22.610663], [120.303929, 22.610703], [120.303758, 22.610651], [120.303886, 22.610568], [120.303453, 22.610481], [120.303327, 22.611014], [120.303505, 22.611069], [120.303467, 22.611165], [120.303682, 22.611132], [120.30373, 22.611011], [120.303563, 22.61095], [120.303482, 22.610142], [120.303167, 22.609967], [120.303191, 22.609745], [120.3033, 22.609634], [120.303081, 22.609719], [120.303079, 22.610169], [120.303712, 22.609815], [120.304453, 22.61003], [120.303857, 22.609374], [120.303423, 22.609223], [120.30344, 22.609324], [120.303181, 22.609288], [120.302984, 22.609127], [120.302737, 22.609079], [120.302999, 22.608499], [120.303335, 22.608685], [120.303383, 22.60856], [120.303352, 22.608434], [120.303285, 22.608436], [120.303411, 22.608247], [120.303147, 22.608184], [120.303604, 22.608566], [120.303444, 22.608775], [120.30365, 22.608797], [120.303499, 22.609036], [120.303658, 22.608763], [120.303698, 22.608462], [120.303888, 22.608232], [120.304011, 22.608845], [120.303217, 22.608862], [120.302992, 22.608795], [120.302946, 22.608984], [120.303027, 22.609034], [120.302128, 22.609383], [120.301783, 22.610275], [120.304875, 22.61133], [120.304805, 22.60877], [120.30491, 22.608538], [120.304729, 22.608472], [120.303954, 22.607955], [120.304065, 22.60762], [120.304006, 22.607594], [120.303869, 22.607939], [120.303461, 22.607746], [120.303582, 22.607429], [120.303699, 22.607338], [120.304112, 22.607514], [120.303923, 22.607176], [120.303973, 22.607041], [120.303754, 22.606968], [120.303271, 22.60773], [120.302928, 22.607841], [120.302453, 22.607679], [120.302395, 22.607848], [120.302905, 22.608019], [120.302844, 22.608175], [120.302332, 22.608014], [120.302271, 22.608182], [120.302804, 22.608351], [120.302528, 22.608417], [120.302481, 22.608563], [120.302013, 22.607942], [120.302054, 22.607576], [120.30184, 22.606545], [120.302939, 22.606422], [120.304837, 22.606619], [120.305184, 22.606726], [120.304844, 22.607161], [120.304808, 22.607009], [120.304884, 22.606882], [120.305165, 22.606947], [120.305125, 22.607094], [120.305224, 22.607116], [120.305194, 22.607205], [120.3053, 22.607393], [120.305492, 22.607536], [120.305614, 22.607329], [120.305542, 22.60728], [120.305429, 22.607385], [120.305303, 22.607285], [120.305437, 22.60731], [120.305445, 22.607213], [120.30533, 22.607147], [120.305389, 22.607062], [120.305451, 22.607131], [120.305516, 22.607], [120.305354, 22.606903], [120.305308, 22.607012], [120.30518, 22.606902], [120.305283, 22.606755], [120.306516, 22.607184], [120.306246, 22.607562], [120.30593, 22.607823], [120.305623, 22.607597], [120.305819, 22.607302], [120.306024, 22.607267], [120.306078, 22.607186], [120.305884, 22.607131], [120.305808, 22.607194], [120.305718, 22.607003], [120.305561, 22.607033], [120.305702, 22.606575], [120.305917, 22.606652], [120.305972, 22.606152], [120.305764, 22.606092], [120.305879, 22.60597], [120.306284, 22.606082], [120.306337, 22.605945], [120.306233, 22.605891], [120.305875, 22.605798], [120.305823, 22.605934], [120.305988, 22.605681], [120.306394, 22.60579], [120.306453, 22.605641], [120.306065, 22.605479], [120.305934, 22.605641], [120.305437, 22.605512], [120.30551, 22.60533], [120.305701, 22.605383], [120.305628, 22.605088], [120.305846, 22.604958], [120.305917, 22.604722], [120.305814, 22.604548], [120.305875, 22.604376], [120.306338, 22.604551], [120.306067, 22.605269], [120.306539, 22.605407], [120.30662, 22.605221], [120.306315, 22.605125], [120.306373, 22.604985], [120.306661, 22.605099], [120.306739, 22.604899], [120.306437, 22.604811], [120.306487, 22.604672], [120.306785, 22.604793], [120.306855, 22.604585], [120.306464, 22.604423], [120.306371, 22.604503], [120.306372, 22.603726], [120.308503, 22.603611], [120.308785, 22.603712], [120.308899, 22.603577], [120.308645, 22.603494], [120.308652, 22.603323], [120.30857, 22.603225], [120.309162, 22.603511], [120.309472, 22.603516], [120.309519, 22.603589], [120.309396, 22.603705], [120.309081, 22.603596], [120.308979, 22.603776], [120.309306, 22.603895], [120.309581, 22.603301], [120.310857, 22.601781], [120.307155, 22.606604], [120.30525, 22.60595], [120.305089, 22.606389], [120.305411, 22.605579], [120.306321, 22.607299], [120.306228, 22.607454], [120.306074, 22.607478], [120.306024, 22.607567], [120.305542, 22.607566]]}}, {"type": "Feature", "properties": {"district": "6400900", "segment": 29, "total_segments": 34, "km": 10.15, "villages": ["建隆里", "忠純里", "忠誠里"]}, "geometry": {"type": "LineString", "coordinates": [[120.321081, 22.567668], [120.304826, 22.600192], [120.304888, 22.600221], [120.304799, 22.600327], [120.304746, 22.600163], [120.30417, 22.599998], [120.304326, 22.600114], [120.304095, 22.600232], [120.304403, 22.600373], [120.304141, 22.600631], [120.304055, 22.600869], [120.30373, 22.600557], [120.303265, 22.600383], [120.303173, 22.60062], [120.303627, 22.600778], [120.304274, 22.600863], [120.304493, 22.600999], [120.304589, 22.600786], [120.304309, 22.601302], [120.30473, 22.601419], [120.304762, 22.60152], [120.304847, 22.601458], [120.304873, 22.601733], [120.305137, 22.60156], [120.305226, 22.601851], [120.305473, 22.601932], [120.305739, 22.601764], [120.305828, 22.602051], [120.30604, 22.602159], [120.306148, 22.601914], [120.30584, 22.602698], [120.30441, 22.602214], [120.304351, 22.602659], [120.304448, 22.602687], [120.304469, 22.602579], [120.30479, 22.602682], [120.30467, 22.602877], [120.304562, 22.602843], [120.304587, 22.602772], [120.304455, 22.603127], [120.304546, 22.603156], [120.304559, 22.603103], [120.304282, 22.603109], [120.304261, 22.603172], [120.304168, 22.603144], [120.304188, 22.602645], [120.304081, 22.602609], [120.304056, 22.602678], [120.30394, 22.602521], [120.303954, 22.602395], [120.303584, 22.602273], [120.303547, 22.602514], [120.304011, 22.602415], [120.303546, 22.602828], [120.303449, 22.602794], [120.303472, 22.602727], [120.303749, 22.603015], [120.303771, 22.602946], [120.303074, 22.602682], [120.303105, 22.602595], [120.302815, 22.602606], [120.302787, 22.602692], [120.302674, 22.60266], [120.302707, 22.602572], [120.302584, 22.602511], [120.302614, 22.602431], [120.302481, 22.60238], [120.302443, 22.602484], [120.302591, 22.602087], [120.302712, 22.602137], [120.302684, 22.602217], [120.302865, 22.602177], [120.302929, 22.602061], [120.302876, 22.602045], [120.303311, 22.602184], [120.303191, 22.602392], [120.302971, 22.602213], [120.30263, 22.604246], [120.301885, 22.604786], [120.303095, 22.605313], [120.302977, 22.605635], [120.302565, 22.605508], [120.303949, 22.605666], [120.304217, 22.604966], [120.305161, 22.603407], [120.305264, 22.603436], [120.305243, 22.603506], [120.305438, 22.603352], [120.305586, 22.603408], [120.305545, 22.603512], [120.305697, 22.603147], [120.305552, 22.603086], [120.305516, 22.603167], [120.305421, 22.603022], [120.305443, 22.602889], [120.305496, 22.602908], [120.305334, 22.602855], [120.305335, 22.602994], [120.305029, 22.603007], [120.305158, 22.602796], [120.305247, 22.602825], [120.305066, 22.602765], [120.30493, 22.603287], [120.305021, 22.603314], [120.305048, 22.603248], [120.305301, 22.602296], [120.305229, 22.602144], [120.305471, 22.602221], [120.305495, 22.602358], [120.305645, 22.602403], [120.305741, 22.60231], [120.305776, 22.602451], [120.30628, 22.601597], [120.306568, 22.600786], [120.305157, 22.60031], [120.305137, 22.600567], [120.30538, 22.60049], [120.305496, 22.600685], [120.305778, 22.60067], [120.305982, 22.600747], [120.306043, 22.60089], [120.306389, 22.600842], [120.306116, 22.601282], [120.305825, 22.601447], [120.305761, 22.601158], [120.305518, 22.601074], [120.305287, 22.601177], [120.305258, 22.601263], [120.305179, 22.600966], [120.30494, 22.601066], [120.304919, 22.601135], [120.31507, 22.597967], [120.315641, 22.597356], [120.315469, 22.59722], [120.315589, 22.597139], [120.315716, 22.59723], [120.315828, 22.597131], [120.31566, 22.597013], [120.315762, 22.596923], [120.315895, 22.597014], [120.316032, 22.596897], [120.31583, 22.596752], [120.315556, 22.597103], [120.316206, 22.597033], [120.316391, 22.597179], [120.316531, 22.597098], [120.315953, 22.596599]]}}, {"type": "Feature", "properties": {"district": "6400900", "segment": 30, "total_segments": 34, "km": 10.01, "villages": ["興邦里"]}, "geometry": {"type": "LineString", "coordinates": [[120.315463, 22.596051], [120.315657, 22.594762], [120.314878, 22.594613], [120.314038, 22.593382], [120.314075, 22.593287], [120.314194, 22.593381], [120.314944, 22.594529], [120.31503, 22.594402], [120.314324, 22.593395], [120.314368, 22.593316], [120.31424, 22.59325], [120.31431, 22.593037], [120.314247, 22.592991], [120.314777, 22.592367], [120.314415, 22.592134], [120.314459, 22.592249], [120.314064, 22.592753], [120.314105, 22.59282], [120.31404, 22.592899], [120.314123, 22.592932], [120.313716, 22.592733], [120.313926, 22.592689], [120.31425, 22.592266], [120.314127, 22.592238], [120.313825, 22.592616], [120.313663, 22.592507], [120.313943, 22.592174], [120.313755, 22.592065], [120.313355, 22.592379], [120.313288, 22.59252], [120.313584, 22.592674], [120.313626, 22.592552], [120.313231, 22.59251], [120.31309, 22.592703], [120.313947, 22.593207], [120.313829, 22.593276], [120.313477, 22.593979], [120.312766, 22.593749], [120.31278, 22.593889], [120.312523, 22.593808], [120.312754, 22.593533], [120.313048, 22.593627], [120.313, 22.593532], [120.313329, 22.593002], [120.313, 22.592875], [120.312707, 22.593506], [120.312117, 22.593304], [120.312663, 22.592418], [120.312968, 22.592646], [120.312842, 22.59272], [120.312513, 22.593342], [120.312389, 22.593205], [120.312658, 22.592738], [120.313023, 22.592839], [120.313036, 22.593236], [120.313347, 22.593373], [120.31346, 22.593175], [120.313641, 22.593211], [120.313379, 22.593757], [120.313167, 22.593684], [120.313306, 22.593472], [120.313099, 22.593971], [120.312838, 22.593883], [120.313832, 22.59427], [120.313872, 22.594206], [120.313748, 22.593958], [120.31397, 22.593484], [120.314012, 22.593728], [120.314135, 22.593715], [120.314639, 22.59451], [120.314765, 22.594584], [120.314426, 22.59447], [120.314231, 22.594138], [120.31405, 22.594234], [120.314135, 22.594356], [120.314184, 22.59437], [120.313852, 22.5939], [120.313557, 22.594006], [120.314074, 22.594062], [120.31411, 22.593972], [120.314215, 22.594035], [120.314797, 22.593861], [120.314867, 22.593916], [120.314962, 22.593802], [120.314704, 22.593694], [120.314758, 22.593567], [120.314492, 22.593402], [120.314636, 22.593176], [120.314471, 22.593092], [120.31456, 22.592983], [120.314701, 22.593066], [120.3148, 22.593], [120.314945, 22.592775], [120.315093, 22.59292], [120.314873, 22.593281], [120.314793, 22.593584], [120.315107, 22.593734], [120.31498, 22.594091], [120.31526, 22.594121], [120.315311, 22.59404], [120.315172, 22.594502], [120.315311, 22.594544], [120.31529, 22.594603], [120.31541, 22.594547], [120.316179, 22.594613], [120.316239, 22.594681], [120.316476, 22.594631], [120.316202, 22.594752], [120.3157, 22.594762], [120.314956, 22.592251], [120.314625, 22.591996], [120.314729, 22.591892], [120.314956, 22.592057], [120.314555, 22.592303], [120.314199, 22.592762], [120.314181, 22.592166], [120.31433, 22.591995], [120.312361, 22.592451], [120.311992, 22.593264], [120.311635, 22.593122], [120.312176, 22.59238], [120.311474, 22.593471], [120.312355, 22.593767], [120.311101, 22.593356], [120.309026, 22.593723], [120.308267, 22.59355], [120.306404, 22.592542], [120.30819, 22.595526], [120.309062, 22.597657], [120.307545, 22.597847], [120.304696, 22.596928], [120.304472, 22.597526], [120.311525, 22.596955], [120.313894, 22.597745], [120.317955, 22.592487], [120.320712, 22.592069], [120.320838, 22.591922], [120.320987, 22.591967], [120.320747, 22.592274], [120.320886, 22.592367], [120.32112, 22.592046], [120.321399, 22.592226], [120.321163, 22.592545], [120.3213, 22.592631], [120.321543, 22.592306], [120.321547, 22.595402], [120.321353, 22.595412]]}}, {"type": "Feature", "properties": {"district": "6400900", "segment": 31, "total_segments": 34, "km": 9.34, "villages": ["鎮昌里", "鎮榮里"]}, "geometry": {"type": "LineString", "coordinates": [[120.314672, 22.591796], [120.314517, 22.591694], [120.31435, 22.59177], [120.314232, 22.591489], [120.314072, 22.591452], [120.314263, 22.591814], [120.31454, 22.591965], [120.314117, 22.59203], [120.314008, 22.591949], [120.31379, 22.591379], [120.313911, 22.591406], [120.314124, 22.591859], [120.313874, 22.591867], [120.313616, 22.591324], [120.313534, 22.591351], [120.31376, 22.59183], [120.313817, 22.591948], [120.313904, 22.591921], [120.313628, 22.591938], [120.313343, 22.591341], [120.313267, 22.591377], [120.313564, 22.592001], [120.313106, 22.592369], [120.312774, 22.592151], [120.313288, 22.591783], [120.313384, 22.591964], [120.313089, 22.592125], [120.313148, 22.592171], [120.312764, 22.591958], [120.312479, 22.592296], [120.312293, 22.592155], [120.312203, 22.592296], [120.312573, 22.591799], [120.313033, 22.591457], [120.313165, 22.591548], [120.312757, 22.591898], [120.313142, 22.592397], [120.313251, 22.59134], [120.31352, 22.591323], [120.313467, 22.591098], [120.313667, 22.590791], [120.313759, 22.590963], [120.313279, 22.590582], [120.31338, 22.590474], [120.313239, 22.590374], [120.312925, 22.590716], [120.313089, 22.590789], [120.313255, 22.590609], [120.313266, 22.590347], [120.313102, 22.590175], [120.312861, 22.59039], [120.312777, 22.590318], [120.312999, 22.590129], [120.312861, 22.590065], [120.312705, 22.590254], [120.312575, 22.590145], [120.31279, 22.589954], [120.312614, 22.589848], [120.312416, 22.590018], [120.312126, 22.589787], [120.312354, 22.589594], [120.312443, 22.589666], [120.312291, 22.589819], [120.312396, 22.58991], [120.312547, 22.589757], [120.312461, 22.590055], [120.312908, 22.590427], [120.313038, 22.590843], [120.313586, 22.589748], [120.312391, 22.588754], [120.312632, 22.588556], [120.313066, 22.58891], [120.313224, 22.588667], [120.313392, 22.588568], [120.313366, 22.58846], [120.313286, 22.58836], [120.312962, 22.588702], [120.312749, 22.588492], [120.31322, 22.588058], [120.313385, 22.588045], [120.31338, 22.587945], [120.313487, 22.587883], [120.313559, 22.588009], [120.313558, 22.588479], [120.313671, 22.588497], [120.313705, 22.588632], [120.314123, 22.588761], [120.31406, 22.588797], [120.31409, 22.588915], [120.313549, 22.588828], [120.313228, 22.589046], [120.313167, 22.589001], [120.313437, 22.589228], [120.313848, 22.589284], [120.313894, 22.589347], [120.313716, 22.589536], [120.31361, 22.589454], [120.313714, 22.589347], [120.313482, 22.589318], [120.313522, 22.589093], [120.314002, 22.589239], [120.314167, 22.5891], [120.31355, 22.588994], [120.313529, 22.588659], [120.313569, 22.588586], [120.313779, 22.588552], [120.313795, 22.58827], [120.313682, 22.588245], [120.313672, 22.588461], [120.313478, 22.58835], [120.313388, 22.58809], [120.313328, 22.588187], [120.31365, 22.588109], [120.31393, 22.588426], [120.313914, 22.588598], [120.314012, 22.588562], [120.314274, 22.588663], [120.314164, 22.588933], [120.314295, 22.588952], [120.314462, 22.588781], [120.314541, 22.58849], [120.314631, 22.588502], [120.314416, 22.588427], [120.314467, 22.588038], [120.314382, 22.588043], [120.314345, 22.588279], [120.314265, 22.588342], [120.314165, 22.588247], [120.3142, 22.587942], [120.314112, 22.588018], [120.313935, 22.588003], [120.31406, 22.588155], [120.314413, 22.587945], [120.314693, 22.588018], [120.314614, 22.588366], [120.314757, 22.588348], [120.31471, 22.588269], [120.314844, 22.588105], [120.314766, 22.588059], [120.314749, 22.588124], [120.314774, 22.588003], [120.314703, 22.587976], [120.313925, 22.58932], [120.312164, 22.589475], [120.31198, 22.589702], [120.311512, 22.589256], [120.311766, 22.589085], [120.311751, 22.589221], [120.312053, 22.589475], [120.311874, 22.589808], [120.311599, 22.590024], [120.311474, 22.589906], [120.311669, 22.589663], [120.311759, 22.589745], [120.311409, 22.589427], [120.311148, 22.589742], [120.311093, 22.589715], [120.311705, 22.590277], [120.312026, 22.589935], [120.312109, 22.590017], [120.311788, 22.590341], [120.312359, 22.590839], [120.312633, 22.590517], [120.312169, 22.59008], [120.311741, 22.590539], [120.311871, 22.590657], [120.311208, 22.591296], [120.311124, 22.591218], [120.311722, 22.590629], [120.31158, 22.590557], [120.311074, 22.591087], [120.310963, 22.591042], [120.311528, 22.590466], [120.311593, 22.590421], [120.311692, 22.590503], [120.31107, 22.590013], [120.310614, 22.590512], [120.310703, 22.590624], [120.31113, 22.590157], [120.311249, 22.590256], [120.310756, 22.590759], [120.310817, 22.590842], [120.311313, 22.590312], [120.311354, 22.589815], [120.311302, 22.58977], [120.311453, 22.589662], [120.311136, 22.589417], [120.310935, 22.589633], [120.310774, 22.589515], [120.311421, 22.588867], [120.311469, 22.58884], [120.311568, 22.588976], [120.311172, 22.589372], [120.310634, 22.589465], [120.310063, 22.589017], [120.309958, 22.58917], [120.31024, 22.589359], [120.309962, 22.589655], [120.309682, 22.589349], [120.309872, 22.589358], [120.309942, 22.589268], [120.310039, 22.589327], [120.30994, 22.589451], [120.310073, 22.589735], [120.310384, 22.589946], [120.310623, 22.589643], [120.310959, 22.589887], [120.310536, 22.590341], [120.310433, 22.590233], [120.310779, 22.589894], [120.310673, 22.589812], [120.310374, 22.590148], [120.310335, 22.59], [120.310492, 22.589566], [120.309794, 22.58907], [120.309704, 22.588679], [120.312304, 22.591029], [120.311673, 22.591632], [120.311569, 22.591582], [120.312133, 22.59102], [120.312045, 22.590902], [120.311486, 22.591489], [120.311384, 22.591425], [120.311971, 22.590838], [120.312449, 22.590894], [120.312747, 22.590553], [120.312859, 22.59077], [120.312631, 22.591013], [120.312724, 22.591094], [120.312929, 22.590833], [120.312952, 22.590953], [120.313035, 22.590924], [120.31267, 22.591302], [120.312449, 22.591121], [120.31227, 22.591372], [120.312314, 22.591409], [120.312475, 22.591265], [120.312535, 22.591405], [120.312071, 22.591869], [120.311975, 22.59175], [120.311856, 22.591786], [120.312213, 22.591426], [120.312289, 22.591436], [120.312001, 22.591723], [120.312585, 22.591358], [120.312592, 22.590976]]}}, {"type": "Feature", "properties": {"district": "6400900", "segment": 32, "total_segments": 34, "km": 11.82, "villages": ["鎮東里", "鎮陽里", "前鎮里"]}, "geometry": {"type": "LineString", "coordinates": [[120.311903, 22.591947], [120.311704, 22.592056], [120.311248, 22.592539], [120.311183, 22.592479], [120.311753, 22.591912], [120.311959, 22.592038], [120.311494, 22.592744], [120.311356, 22.592624], [120.311801, 22.592187], [120.311374, 22.591901], [120.310783, 22.592513], [120.310877, 22.592342], [120.310722, 22.592215], [120.310366, 22.59261], [120.310319, 22.592547], [120.310272, 22.59261], [120.31088, 22.59199], [120.310863, 22.592071], [120.310783, 22.592152], [120.311255, 22.591545], [120.311513, 22.591766], [120.311398, 22.591865], [120.311224, 22.591747], [120.31108, 22.5919], [120.311196, 22.591982], [120.310816, 22.5917], [120.311058, 22.591416], [120.311006, 22.591329], [120.310476, 22.591884], [120.310536, 22.591934], [120.310743, 22.591772], [120.310782, 22.591736], [120.31055, 22.591564], [120.309817, 22.59231], [120.309789, 22.592364], [120.310007, 22.592555], [120.310476, 22.591997], [120.309974, 22.592437], [120.309698, 22.592292], [120.310851, 22.591165], [120.310857, 22.591249], [120.310576, 22.591537], [120.310282, 22.591382], [120.310093, 22.591562], [120.309867, 22.591344], [120.309255, 22.591936], [120.309557, 22.592183], [120.310032, 22.591634], [120.309967, 22.591615], [120.309522, 22.592065], [120.309392, 22.591956], [120.309844, 22.59147], [120.309962, 22.59157], [120.309634, 22.591125], [120.309426, 22.591423], [120.309431, 22.591333], [120.309097, 22.590871], [120.309226, 22.590808], [120.309157, 22.590682], [120.309429, 22.591143], [120.309154, 22.591142], [120.308979, 22.59125], [120.309301, 22.591576], [120.309104, 22.591765], [120.308945, 22.591584], [120.308879, 22.591602], [120.308703, 22.591271], [120.308839, 22.591262], [120.309131, 22.591648], [120.309144, 22.591792], [120.309326, 22.591549], [120.308776, 22.591624], [120.308669, 22.59141], [120.308842, 22.591226], [120.308831, 22.591035], [120.308907, 22.590991], [120.308981, 22.591053], [120.308907, 22.590908], [120.3087, 22.591691], [120.308612, 22.591709], [120.310308, 22.593122], [120.31054, 22.593126], [120.311131, 22.592551], [120.311201, 22.592617], [120.310941, 22.592872], [120.310676, 22.592621], [120.310376, 22.592872], [120.310427, 22.592945], [120.310122, 22.592664], [120.310397, 22.592647], [120.310505, 22.592728], [120.310717, 22.592504], [120.310728, 22.592571], [120.310906, 22.591248], [120.312432, 22.592279], [120.310495, 22.590753], [120.310285, 22.590894], [120.30997, 22.590965], [120.309786, 22.590675], [120.309841, 22.590541], [120.310084, 22.590433], [120.310051, 22.590338], [120.310164, 22.590276], [120.309807, 22.589917], [120.309804, 22.589828], [120.309572, 22.590151], [120.309556, 22.590269], [120.309636, 22.5903], [120.309491, 22.590282], [120.309492, 22.590368], [120.309575, 22.59045], [120.309992, 22.590357], [120.309934, 22.590329], [120.310188, 22.590356], [120.310255, 22.590547], [120.309956, 22.590681], [120.310044, 22.590768], [120.309984, 22.590813], [120.310341, 22.590638], [120.310298, 22.590534], [120.31036, 22.590502], [120.309779, 22.590892], [120.309922, 22.591037], [120.309295, 22.590276], [120.308882, 22.590301], [120.308672, 22.590438], [120.308822, 22.590506], [120.308687, 22.590588], [120.308592, 22.590419], [120.308673, 22.590349], [120.308339, 22.590602], [120.308541, 22.590722], [120.308488, 22.590815], [120.308328, 22.590814], [120.308318, 22.590691], [120.308436, 22.590761], [120.308191, 22.590753], [120.308309, 22.590583], [120.308482, 22.590554], [120.308641, 22.590668], [120.308236, 22.591048], [120.308076, 22.590935], [120.30815, 22.590799], [120.308124, 22.591029], [120.308256, 22.591497], [120.308347, 22.591327], [120.308303, 22.591121], [120.308271, 22.59128], [120.308009, 22.591379], [120.307857, 22.591101], [120.307212, 22.590608], [120.307165, 22.590673], [120.307799, 22.591173], [120.307664, 22.59128], [120.307214, 22.590899], [120.307158, 22.590962], [120.307749, 22.591488], [120.307824, 22.591386], [120.307689, 22.591317], [120.307613, 22.591542], [120.307421, 22.591731], [120.307183, 22.591468], [120.307344, 22.591351], [120.306833, 22.590934], [120.307058, 22.590754], [120.30715, 22.590827], [120.307127, 22.590935], [120.30702, 22.590844], [120.3071, 22.590727], [120.307159, 22.591314], [120.307075, 22.591377], [120.307366, 22.591387], [120.307644, 22.591709], [120.307819, 22.591597], [120.307845, 22.591706], [120.307493, 22.591984], [120.307662, 22.592138], [120.307573, 22.592201], [120.307716, 22.592166], [120.307922, 22.59232], [120.30805, 22.59214], [120.30786, 22.592058], [120.308095, 22.591833], [120.308147, 22.591897], [120.308065, 22.592086], [120.308019, 22.591824], [120.307889, 22.591706], [120.308008, 22.591661], [120.308117, 22.591752], [120.308025, 22.591779], [120.307933, 22.59145], [120.30834, 22.591725], [120.308381, 22.592008], [120.308185, 22.592447], [120.308539, 22.592553], [120.308417, 22.592339], [120.308756, 22.592287], [120.30857, 22.59218], [120.308474, 22.592178], [120.30888, 22.592595], [120.307482, 22.592092], [120.307395, 22.591933], [120.307556, 22.591834], [120.307519, 22.591758], [120.307972, 22.590855], [120.307545, 22.590566], [120.307426, 22.590322], [120.308119, 22.590018], [120.308233, 22.589891], [120.308087, 22.589974], [120.308014, 22.590128], [120.308061, 22.590191], [120.308142, 22.59022], [120.308367, 22.590004], [120.308496, 22.590141], [120.3086, 22.590081], [120.308532, 22.590005], [120.308594, 22.589964], [120.308807, 22.590115], [120.308966, 22.589988], [120.308935, 22.589931], [120.308855, 22.589985], [120.308556, 22.589847], [120.308451, 22.589934], [120.308375, 22.589847], [120.308875, 22.589525], [120.308972, 22.589687], [120.308912, 22.589759], [120.30907, 22.589933], [120.309133, 22.589824], [120.309274, 22.589802], [120.309163, 22.589607], [120.308971, 22.589477], [120.309212, 22.589282], [120.309376, 22.589409], [120.309295, 22.589635], [120.309363, 22.589716], [120.309445, 22.589644], [120.309526, 22.58979], [120.309512, 22.590057], [120.309771, 22.589786], [120.309195, 22.58949], [120.308884, 22.589732], [120.30887, 22.589842], [120.308664, 22.589777], [120.308727, 22.590157], [120.308139, 22.590497], [120.308011, 22.59075], [120.307982, 22.590487], [120.307814, 22.590611], [120.30775, 22.590533], [120.307915, 22.590423], [120.307761, 22.590423], [120.307664, 22.590293], [120.307604, 22.590431], [120.307387, 22.590232], [120.30723, 22.589875], [120.307279, 22.589827], [120.307799, 22.589581], [120.307955, 22.589699], [120.307943, 22.589773], [120.307902, 22.589805], [120.307795, 22.589657], [120.307679, 22.589807], [120.307595, 22.589788], [120.307734, 22.589973], [120.308073, 22.589778], [120.308021, 22.589738], [120.30822, 22.589682], [120.308159, 22.589592], [120.308205, 22.589542], [120.308306, 22.589612], [120.308409, 22.589532], [120.308352, 22.589459], [120.308699, 22.589349], [120.309055, 22.589119], [120.308995, 22.589001], [120.307965, 22.589472], [120.308136, 22.589485], [120.30815, 22.589214], [120.308377, 22.588902], [120.308564, 22.58894], [120.308433, 22.589071], [120.308173, 22.58893], [120.30791, 22.589114], [120.307819, 22.58896], [120.307886, 22.588861], [120.307741, 22.588752], [120.307754, 22.588869], [120.307637, 22.588526], [120.307829, 22.588596], [120.30774, 22.588373], [120.30779, 22.588324], [120.307529, 22.588205], [120.307501, 22.588265], [120.307572, 22.588426], [120.307835, 22.588298], [120.308068, 22.588536], [120.308146, 22.588501], [120.307873, 22.588446], [120.30806, 22.588094], [120.307922, 22.588039], [120.307939, 22.587976], [120.307825, 22.587966], [120.307781, 22.588057], [120.307539, 22.587965], [120.307469, 22.587893], [120.307532, 22.587795], [120.307823, 22.587867], [120.307901, 22.587768], [120.307522, 22.587514], [120.30736, 22.587567], [120.307313, 22.587441], [120.307331, 22.587901], [120.307391, 22.587953], [120.307485, 22.587721], [120.307573, 22.587749], [120.307464, 22.588156], [120.307307, 22.588148], [120.307941, 22.58812], [120.308149, 22.588187], [120.30857, 22.588471], [120.308576, 22.588801], [120.308754, 22.588803], [120.308797, 22.588928], [120.30887, 22.588883], [120.308673, 22.589411], [120.308322, 22.589821], [120.30827, 22.590165], [120.308336, 22.590248], [120.307868, 22.590676], [120.30754, 22.59009], [120.307593, 22.590044], [120.307461, 22.590126], [120.308356, 22.588132], [120.307991, 22.587864], [120.308078, 22.587776], [120.308617, 22.588205], [120.308749, 22.588032], [120.30868, 22.587834], [120.308863, 22.587755], [120.308422, 22.587733], [120.308354, 22.587835], [120.307941, 22.587489], [120.307627, 22.587333], [120.307508, 22.587356], [120.308188, 22.587462], [120.308058, 22.587751], [120.30788, 22.587705], [120.309352, 22.588478]]}}, {"type": "Feature", "properties": {"district": "6400900", "segment": 33, "total_segments": 34, "km": 14.01, "villages": ["鎮中里", "鎮北里"]}, "geometry": {"type": "LineString", "coordinates": [[120.307931, 22.589308], [120.307523, 22.589557], [120.307393, 22.589317], [120.307417, 22.589163], [120.307204, 22.589289], [120.307212, 22.589355], [120.307065, 22.589146], [120.306926, 22.589198], [120.306843, 22.589073], [120.307044, 22.589065], [120.3069, 22.58892], [120.306964, 22.58887], [120.30693, 22.588808], [120.306825, 22.588884], [120.306774, 22.588784], [120.306865, 22.588721], [120.306678, 22.588594], [120.306529, 22.588902], [120.306443, 22.588897], [120.306594, 22.589075], [120.306649, 22.589026], [120.306589, 22.588962], [120.306792, 22.588965], [120.307051, 22.588832], [120.30721, 22.589123], [120.307249, 22.589012], [120.307461, 22.589015], [120.307382, 22.588814], [120.307585, 22.588733], [120.307799, 22.589132], [120.307633, 22.589104], [120.307502, 22.588841], [120.30762, 22.588968], [120.30748, 22.589082], [120.307631, 22.589377], [120.307719, 22.589312], [120.307742, 22.589366], [120.30767, 22.589263], [120.307495, 22.58932], [120.307577, 22.589465], [120.307428, 22.589531], [120.307314, 22.589317], [120.307275, 22.589445], [120.307106, 22.58949], [120.307046, 22.589282], [120.30691, 22.589453], [120.306247, 22.588997], [120.3063, 22.58891], [120.306149, 22.588727], [120.306573, 22.58844], [120.306463, 22.588319], [120.30635, 22.588394], [120.30624, 22.588267], [120.306159, 22.588429], [120.30577, 22.588771], [120.305761, 22.588897], [120.305553, 22.589021], [120.306091, 22.588772], [120.306181, 22.588529], [120.306299, 22.588431], [120.306386, 22.588457], [120.306304, 22.588186], [120.306577, 22.587988], [120.306731, 22.588278], [120.306652, 22.588386], [120.30672, 22.588558], [120.306932, 22.588589], [120.306994, 22.588725], [120.307019, 22.588527], [120.307184, 22.588497], [120.30732, 22.588741], [120.307433, 22.588724], [120.307535, 22.588643], [120.307319, 22.588225], [120.307192, 22.588181], [120.30727, 22.588117], [120.307045, 22.588352], [120.307209, 22.588327], [120.307422, 22.588597], [120.307392, 22.588651], [120.307558, 22.588688], [120.307454, 22.589591], [120.30723, 22.589644], [120.306945, 22.589471], [120.307153, 22.589743], [120.306833, 22.588465], [120.306894, 22.588179], [120.307092, 22.588027], [120.30692, 22.58796], [120.306832, 22.588071], [120.306869, 22.588134], [120.306784, 22.587989], [120.306517, 22.587934], [120.306938, 22.587538], [120.306837, 22.587537], [120.306975, 22.587349], [120.30709, 22.587377], [120.307103, 22.587273], [120.307132, 22.587873], [120.306997, 22.587692], [120.30612, 22.588528], [120.308749, 22.591908], [120.307886, 22.592345], [120.307401, 22.592184], [120.307381, 22.592101], [120.307196, 22.592141], [120.307175, 22.592028], [120.306884, 22.591756], [120.306968, 22.591666], [120.307197, 22.591929], [120.307328, 22.591785], [120.306957, 22.59144], [120.307037, 22.591242], [120.306867, 22.591171], [120.306781, 22.591026], [120.306682, 22.591176], [120.30673, 22.591213], [120.306787, 22.591114], [120.306811, 22.591301], [120.306623, 22.591231], [120.306561, 22.591292], [120.306728, 22.591493], [120.306927, 22.591521], [120.306382, 22.591076], [120.306182, 22.590795], [120.306319, 22.590651], [120.30638, 22.590733], [120.306481, 22.590652], [120.306519, 22.590785], [120.306376, 22.590923], [120.30646, 22.590982], [120.306661, 22.590814], [120.306622, 22.590781], [120.306777, 22.590726], [120.306526, 22.590328], [120.306446, 22.590301], [120.306494, 22.590435], [120.306402, 22.590521], [120.306085, 22.590108], [120.306028, 22.59018], [120.305985, 22.590104], [120.305887, 22.590177], [120.305994, 22.590334], [120.30591, 22.590424], [120.305181, 22.589491], [120.305406, 22.589212], [120.305785, 22.589701], [120.305593, 22.589926], [120.305568, 22.589778], [120.305451, 22.589706], [120.305959, 22.589699], [120.306056, 22.589837], [120.305868, 22.589855], [120.305764, 22.589992], [120.3059, 22.590115], [120.305901, 22.590315], [120.306038, 22.590307], [120.306068, 22.59044], [120.306171, 22.590443], [120.306162, 22.590371], [120.306303, 22.590491], [120.306097, 22.590687], [120.30592, 22.590471], [120.306136, 22.590732], [120.30632, 22.590796], [120.30672, 22.590355], [120.306532, 22.590136], [120.306304, 22.590039], [120.306343, 22.589971], [120.306223, 22.589957], [120.306302, 22.590183], [120.30662, 22.590088], [120.306815, 22.590308], [120.306889, 22.590077], [120.306543, 22.589686], [120.306482, 22.589749], [120.306361, 22.589463], [120.306388, 22.589419], [120.306537, 22.58953], [120.306461, 22.589352], [120.306284, 22.589297], [120.306229, 22.58933], [120.306309, 22.58944], [120.306165, 22.589404], [120.306134, 22.58931], [120.306015, 22.589387], [120.305874, 22.589358], [120.305807, 22.589465], [120.3059, 22.589525], [120.305855, 22.589577], [120.305985, 22.58947], [120.306073, 22.589657], [120.306162, 22.589627], [120.306079, 22.589503], [120.305956, 22.589645], [120.306201, 22.589807], [120.306287, 22.589703], [120.306232, 22.589667], [120.306594, 22.589491], [120.306996, 22.589887], [120.307073, 22.590104], [120.30696, 22.59015], [120.30706, 22.590274], [120.307162, 22.590177], [120.307181, 22.590438], [120.307009, 22.590546], [120.30686, 22.590398], [120.306896, 22.590306], [120.307038, 22.590456], [120.306918, 22.590623], [120.306599, 22.589991], [120.306595, 22.589891], [120.306763, 22.589718], [120.3068, 22.589904], [120.305918, 22.589926], [120.305752, 22.589382], [120.306117, 22.589188], [120.306205, 22.589242], [120.30602, 22.589111], [120.305672, 22.588174], [120.304265, 22.587735], [120.304411, 22.587527], [120.305604, 22.58793], [120.305705, 22.587849], [120.304451, 22.587437], [120.30453, 22.587221], [120.305129, 22.587422], [120.305171, 22.587314], [120.304564, 22.587104], [120.306119, 22.587613], [120.306084, 22.58774], [120.305818, 22.587997], [120.303463, 22.588905], [120.302886, 22.588713], [120.302731, 22.589146], [120.303304, 22.589338], [120.303099, 22.589843], [120.30253, 22.589651], [120.302355, 22.59012], [120.302925, 22.590303], [120.304677, 22.590605], [120.305303, 22.591004], [120.306191, 22.591374], [120.305521, 22.590473], [120.304326, 22.591649], [120.304662, 22.593002], [120.301761, 22.591409], [120.30108, 22.590288], [120.300512, 22.590112], [120.30019, 22.590396], [120.300433, 22.590659], [120.299906, 22.591389], [120.299254, 22.591217], [120.29869, 22.59244], [120.298972, 22.593961], [120.298804, 22.594494], [120.298084, 22.594224], [120.297646, 22.595816], [120.298232, 22.596401], [120.295667, 22.59523], [120.295916, 22.594542], [120.294694, 22.593859], [120.294348, 22.593769], [120.294158, 22.594204], [120.293821, 22.593663], [120.293403, 22.593925], [120.29311, 22.593752], [120.293221, 22.593317], [120.293451, 22.592887], [120.293915, 22.592772], [120.295377, 22.593188], [120.295394, 22.592824], [120.295052, 22.592608], [120.294182, 22.592415], [120.293915, 22.592256], [120.294366, 22.591461], [120.295799, 22.591893], [120.295717, 22.591275], [120.29464, 22.591104], [120.295319, 22.589948], [120.295751, 22.590062], [120.295679, 22.58962], [120.296353, 22.588789], [120.296152, 22.588572], [120.296443, 22.589879], [120.296312, 22.590233], [120.298, 22.5882], [120.300094, 22.588781], [120.301831, 22.589939], [120.303244, 22.587044], [120.299802, 22.585369], [120.299796, 22.585178], [120.299601, 22.585763]]}}, {"type": "Feature", "properties": {"district": "6400900", "segment": 34, "total_segments": 34, "km": 14.85, "villages": ["鎮北里"]}, "geometry": {"type": "LineString", "coordinates": [[120.293745, 22.595776], [120.294158, 22.595944], [120.29327, 22.595096], [120.292376, 22.594787], [120.292283, 22.596637], [120.292642, 22.597225], [120.29372, 22.597614], [120.293886, 22.597182], [120.293024, 22.596802], [120.293622, 22.598116], [120.292851, 22.598946], [120.293218, 22.59908], [120.292254, 22.598759], [120.292274, 22.598278], [120.292508, 22.598332], [120.29198, 22.598173], [120.291731, 22.598572], [120.291218, 22.598437], [120.290988, 22.598272], [120.290815, 22.598278], [120.290496, 22.598109], [120.291372, 22.597949], [120.290524, 22.59921], [120.289867, 22.599049], [120.28972, 22.598735], [120.289677, 22.599389], [120.289248, 22.599825], [120.289117, 22.600125], [120.290227, 22.600521], [120.290235, 22.601363], [120.290823, 22.601045], [120.29126, 22.601272], [120.291211, 22.602], [120.291903, 22.602359], [120.291593, 22.602699], [120.291716, 22.602795], [120.290937, 22.602341], [120.290896, 22.602705], [120.290714, 22.602968], [120.291426, 22.603413], [120.291447, 22.603005], [120.291072, 22.603741], [120.290285, 22.60331], [120.289929, 22.603524], [120.289589, 22.603339], [120.289736, 22.602913], [120.289861, 22.602968], [120.288987, 22.602511], [120.289219, 22.602295], [120.289986, 22.602713], [120.290233, 22.602335], [120.290576, 22.602514], [120.290496, 22.602881], [120.29125, 22.603829], [120.290751, 22.604471], [120.289926, 22.603981], [120.289634, 22.604239], [120.290792, 22.604891], [120.290928, 22.60457], [120.290083, 22.605378], [120.290277, 22.605577], [120.290115, 22.605942], [120.288996, 22.605337], [120.288647, 22.60553], [120.288317, 22.605327], [120.28854, 22.604963], [120.287648, 22.604476], [120.287901, 22.604296], [120.288703, 22.604715], [120.288955, 22.604339], [120.289308, 22.604546], [120.289239, 22.604928], [120.289808, 22.605255], [120.289879, 22.606162], [120.288996, 22.606194], [120.288614, 22.605989], [120.28832, 22.606263], [120.288247, 22.60651], [120.28767, 22.606319], [120.287489, 22.606585], [120.286778, 22.606227], [120.286478, 22.606567], [120.287177, 22.606974], [120.286715, 22.607291], [120.286301, 22.608182], [120.285752, 22.608732], [120.284893, 22.607041], [120.28606, 22.605955], [120.287315, 22.605305], [120.288017, 22.60571], [120.287737, 22.605916], [120.287573, 22.605829], [120.288576, 22.606376], [120.28819, 22.606946], [120.287935, 22.607052], [120.290924, 22.606967], [120.290851, 22.606237], [120.291153, 22.606049], [120.28916, 22.603967], [120.288363, 22.603538], [120.288557, 22.603265], [120.289341, 22.603729], [120.288168, 22.602279], [120.288285, 22.601454], [120.291388, 22.600768], [120.291758, 22.600906], [120.292025, 22.600448], [120.291775, 22.600172], [120.291803, 22.599665], [120.292363, 22.599882], [120.292548, 22.600331], [120.292825, 22.600426], [120.292223, 22.601108], [120.292357, 22.601569], [120.293011, 22.601791], [120.293966, 22.600503], [120.294284, 22.598079], [120.291109, 22.599416], [120.291634, 22.601292], [120.292595, 22.603028], [120.292246, 22.603421], [120.298163, 22.604635], [120.298297, 22.604087], [120.299411, 22.604358], [120.299533, 22.604041], [120.300058, 22.604137], [120.299882, 22.60454], [120.299995, 22.605218], [120.300317, 22.605313], [120.300206, 22.605746], [120.299576, 22.605646], [120.298963, 22.605027], [120.300664, 22.604819], [120.300907, 22.604335], [120.300473, 22.601785], [120.302179, 22.601688], [120.299287, 22.608159], [120.299143, 22.609468], [120.297232, 22.6079], [120.297254, 22.607837], [120.289506, 22.5977]]}}]}