{"type": "FeatureCollection", "features": [{"type": "Feature", "properties": {"district": "6400500", "segment": 1, "total_segments": 47, "km": 14.05, "villages": ["力行里", "裕民里", "川東里", "豐裕里"]}, "geometry": {"type": "LineString", "coordinates": [[120.287635, 22.639843], [120.287056, 22.639695], [120.287033, 22.639608], [120.286942, 22.639668], [120.287032, 22.639461], [120.287164, 22.639578], [120.287172, 22.639483], [120.286799, 22.63936], [120.286609, 22.639775], [120.286507, 22.640301], [120.287349, 22.640546], [120.287544, 22.640032], [120.286877, 22.639857], [120.286706, 22.640241], [120.286993, 22.640318], [120.286882, 22.640598], [120.287244, 22.640717], [120.287268, 22.640834], [120.287183, 22.640897], [120.286574, 22.640696], [120.286557, 22.640488], [120.286825, 22.640579], [120.286871, 22.640724], [120.286806, 22.640968], [120.286629, 22.640958], [120.286482, 22.640849], [120.286432, 22.641123], [120.286585, 22.641138], [120.286624, 22.64103], [120.286841, 22.641139], [120.286841, 22.640986], [120.287104, 22.641086], [120.28713, 22.641023], [120.287049, 22.641249], [120.286719, 22.641301], [120.286519, 22.640696], [120.28689, 22.639821], [120.286597, 22.639666], [120.286639, 22.63898], [120.28691, 22.639072], [120.286813, 22.639324], [120.287191, 22.639226], [120.287105, 22.639154], [120.287787, 22.63941], [120.287617, 22.639734], [120.287351, 22.639606], [120.287421, 22.639426], [120.287605, 22.639481], [120.287384, 22.639408], [120.287553, 22.639047], [120.2879, 22.639166], [120.287972, 22.638805], [120.287334, 22.638676], [120.287369, 22.638487], [120.288073, 22.638716], [120.287784, 22.638985], [120.287294, 22.638768], [120.287237, 22.638938], [120.287511, 22.639029], [120.286649, 22.638754], [120.286697, 22.638628], [120.28705, 22.638783], [120.287137, 22.638549], [120.286686, 22.63842], [120.28675, 22.638303], [120.287175, 22.63843], [120.286709, 22.63829], [120.286658, 22.638619], [120.286412, 22.638679], [120.286176, 22.638446], [120.285448, 22.638236], [120.285522, 22.638001], [120.28612, 22.638236], [120.286175, 22.638098], [120.285521, 22.637887], [120.285398, 22.638334], [120.286138, 22.638585], [120.286024, 22.638807], [120.285331, 22.638579], [120.285312, 22.638827], [120.28519, 22.638967], [120.285862, 22.639179], [120.285907, 22.639048], [120.285447, 22.638928], [120.285503, 22.638761], [120.285946, 22.638945], [120.285966, 22.638894], [120.285759, 22.639383], [120.285882, 22.639454], [120.285291, 22.639182], [120.285192, 22.639299], [120.286397, 22.639991], [120.286383, 22.640307], [120.285047, 22.639533], [120.285094, 22.639452], [120.286294, 22.640153], [120.286145, 22.640373], [120.28564, 22.640087], [120.285583, 22.64014], [120.286328, 22.640586], [120.28634, 22.640487], [120.285512, 22.640001], [120.284888, 22.639645], [120.284855, 22.639731], [120.285511, 22.640104], [120.286115, 22.639536], [120.286357, 22.639615], [120.286472, 22.638205], [120.286324, 22.638128], [120.285074, 22.639217], [120.284937, 22.639503], [120.284872, 22.639948], [120.285205, 22.640148], [120.284845, 22.640742], [120.284369, 22.640569], [120.284767, 22.639928], [120.285313, 22.640171], [120.285221, 22.64041], [120.285338, 22.640543], [120.285917, 22.640738], [120.286228, 22.64092], [120.286201, 22.641028], [120.286146, 22.641109], [120.285253, 22.640846], [120.285311, 22.640681], [120.285139, 22.64059], [120.28502, 22.640752], [120.285174, 22.640825], [120.28512, 22.640987], [120.285999, 22.641217], [120.286092, 22.640992], [120.285461, 22.640763], [120.285187, 22.640482], [120.285434, 22.64023], [120.286087, 22.640712], [120.286305, 22.640731], [120.285811, 22.640954], [120.285155, 22.641081], [120.28471, 22.640829], [120.284271, 22.640722], [120.284142, 22.641001], [120.284339, 22.641011], [120.284398, 22.64084], [120.284631, 22.640922], [120.284604, 22.641084], [120.284516, 22.641066], [120.285075, 22.640987], [120.285096, 22.641177], [120.283796, 22.642982], [120.283466, 22.642878], [120.283349, 22.642678], [120.283021, 22.644226], [120.284108, 22.644333], [120.284216, 22.644697], [120.284903, 22.644574], [120.285042, 22.644021], [120.285565, 22.647927], [120.287314, 22.641241], [120.287459, 22.640918], [120.287426, 22.640827], [120.287762, 22.640909], [120.287661, 22.641098], [120.28747, 22.641043], [120.287514, 22.640926], [120.287834, 22.641008], [120.287794, 22.641099], [120.287906, 22.641108], [120.287518, 22.641206], [120.287837, 22.640936], [120.288035, 22.640969], [120.288079, 22.641056], [120.288213, 22.641041], [120.288308, 22.640898], [120.287557, 22.640664], [120.287731, 22.640105], [120.288442, 22.640424], [120.288739, 22.640452], [120.288712, 22.640516], [120.288872, 22.640643], [120.288568, 22.640813], [120.28857, 22.640641], [120.288672, 22.640678], [120.288432, 22.64055], [120.288332, 22.640746], [120.287695, 22.640457], [120.28775, 22.640267], [120.288108, 22.640323], [120.28817, 22.640477], [120.288331, 22.640577], [120.288408, 22.640343], [120.288286, 22.64029], [120.288352, 22.64009], [120.287818, 22.639923], [120.287935, 22.639817], [120.288404, 22.639981], [120.288528, 22.63963], [120.288005, 22.639447], [120.287931, 22.639636], [120.288585, 22.639802], [120.288633, 22.639666], [120.289196, 22.639849], [120.289153, 22.63994], [120.288955, 22.639857], [120.288893, 22.64002], [120.288798, 22.639974], [120.288858, 22.639821], [120.288709, 22.639775], [120.288608, 22.640055], [120.288474, 22.640009], [120.288568, 22.639908], [120.288662, 22.639414], [120.289614, 22.639798], [120.28967, 22.639698], [120.289781, 22.639284], [120.288229, 22.638771], [120.288105, 22.639231], [120.28861, 22.639395], [120.288652, 22.639267], [120.288585, 22.639226], [120.288227, 22.639141], [120.288061, 22.639221], [120.288299, 22.638951], [120.288923, 22.639153], [120.288896, 22.63936], [120.289509, 22.639571], [120.289579, 22.639589], [120.289623, 22.639382], [120.289135, 22.639253], [120.2888, 22.639333], [120.28878, 22.640218], [120.288386, 22.640108], [120.288464, 22.640361], [120.288622, 22.640488], [120.288903, 22.640625], [120.289013, 22.640515], [120.289119, 22.640535], [120.289176, 22.640401], [120.289271, 22.640419], [120.288982, 22.640264], [120.289083, 22.640048], [120.289149, 22.640066], [120.289014, 22.64002], [120.289396, 22.639926], [120.28935, 22.640207], [120.289848, 22.639861], [120.289937, 22.639627], [120.290074, 22.639772], [120.289947, 22.63988], [120.290043, 22.639386], [120.290117, 22.639403], [120.289841, 22.639294], [120.28993, 22.639013], [120.289486, 22.63886], [120.289355, 22.638739], [120.28995, 22.638932], [120.290017, 22.638652], [120.289362, 22.638495], [120.289364, 22.638559], [120.289919, 22.638742], [120.290228, 22.638075], [120.289137, 22.63798], [120.289117, 22.637636], [120.289224, 22.637645], [120.288932, 22.637618], [120.288881, 22.638277], [120.288784, 22.63843], [120.288621, 22.638384], [120.288572, 22.638492], [120.288821, 22.638574], [120.288866, 22.638457], [120.289096, 22.638467], [120.289131, 22.638052], [120.289335, 22.638179], [120.290046, 22.638309], [120.28994, 22.638471], [120.289374, 22.638315], [120.28922, 22.638712], [120.289004, 22.638656], [120.28909, 22.638539], [120.288358, 22.638428], [120.287891, 22.63978], [120.288645, 22.640064], [120.288404, 22.640945], [120.290817, 22.639233], [120.291039, 22.639315], [120.291121, 22.639217], [120.291036, 22.638954], [120.291499, 22.638532], [120.291609, 22.638587], [120.291953, 22.638507], [120.291603, 22.639475], [120.291445, 22.639444], [120.291457, 22.638297], [120.291112, 22.638223], [120.291199, 22.638178], [120.290598, 22.63829], [120.290273, 22.637931], [120.289994, 22.638498]]}}, {"type": "Feature", "properties": {"district": "6400500", "segment": 2, "total_segments": 47, "km": 11.16, "villages": ["千秋里", "千北里", "立德里"]}, "geometry": {"type": "LineString", "coordinates": [[120.289719, 22.637317], [120.289722, 22.637197], [120.289404, 22.637114], [120.289452, 22.637051], [120.289157, 22.636923], [120.289119, 22.637035], [120.28924, 22.637074], [120.28908, 22.637122], [120.289088, 22.636873], [120.289002, 22.636832], [120.28883, 22.637545], [120.288698, 22.637535], [120.288702, 22.637617], [120.288483, 22.637552], [120.288417, 22.637724], [120.286735, 22.637174], [120.286816, 22.636967], [120.287419, 22.637196], [120.287522, 22.63716], [120.287494, 22.637223], [120.287569, 22.63725], [120.287645, 22.637269], [120.287676, 22.637188], [120.2876, 22.637169], [120.287812, 22.637333], [120.287782, 22.637414], [120.288372, 22.637552], [120.288553, 22.637345], [120.288432, 22.637381], [120.287875, 22.637197], [120.287894, 22.636836], [120.287503, 22.636645], [120.287415, 22.63678], [120.287235, 22.636719], [120.286879, 22.636263], [120.286951, 22.636087], [120.287569, 22.636456], [120.28655, 22.637011], [120.286215, 22.63689], [120.285695, 22.636836], [120.285698, 22.636944], [120.285636, 22.636926], [120.285659, 22.637358], [120.285917, 22.637442], [120.28599, 22.637234], [120.285718, 22.637206], [120.285807, 22.637053], [120.286201, 22.637199], [120.286068, 22.637488], [120.286167, 22.637524], [120.2862, 22.637443], [120.286345, 22.637534], [120.286285, 22.637759], [120.28557, 22.637512], [120.285736, 22.637025], [120.285843, 22.636963], [120.28584, 22.636825], [120.285903, 22.636999], [120.285587, 22.63688], [120.286055, 22.636347], [120.28622, 22.636468], [120.286392, 22.63645], [120.286398, 22.635716], [120.286482, 22.637224], [120.286391, 22.637426], [120.287425, 22.637783], [120.287392, 22.637891], [120.286534, 22.637607], [120.286432, 22.637814], [120.286533, 22.637788], [120.286538, 22.637851], [120.28689, 22.637931], [120.286733, 22.637852], [120.2866, 22.637815], [120.287324, 22.638107], [120.287331, 22.638053], [120.286932, 22.637925], [120.287128, 22.637447], [120.286663, 22.637301], [120.286715, 22.637229], [120.287655, 22.637693], [120.288368, 22.637922], [120.28833, 22.63803], [120.287619, 22.637792], [120.287549, 22.637982], [120.288255, 22.63822], [120.288209, 22.638364], [120.287474, 22.638117], [120.288467, 22.638248], [120.28877, 22.637391], [120.288818, 22.63675], [120.288708, 22.636714], [120.289561, 22.637106], [120.289678, 22.636907], [120.289804, 22.636971], [120.289878, 22.636827], [120.289163, 22.636499], [120.289106, 22.636625], [120.289436, 22.636708], [120.289446, 22.636798], [120.289648, 22.636889], [120.289755, 22.636682], [120.289913, 22.636746], [120.28997, 22.636475], [120.289256, 22.63621], [120.289195, 22.636373], [120.289591, 22.636456], [120.289563, 22.636582], [120.289721, 22.636664], [120.290072, 22.636241], [120.289415, 22.636057], [120.28951, 22.635959], [120.290139, 22.636169], [120.289479, 22.635903], [120.289125, 22.635873], [120.288859, 22.636516], [120.288735, 22.636443], [120.288871, 22.636109], [120.28767, 22.635688], [120.287611, 22.635724], [120.288312, 22.636016], [120.288276, 22.636179], [120.288187, 22.636169], [120.287444, 22.635788], [120.287551, 22.635426], [120.288763, 22.635847], [120.288798, 22.635739], [120.287632, 22.635322], [120.287169, 22.635534], [120.287108, 22.63567], [120.28701, 22.635483], [120.286855, 22.635429], [120.288519, 22.636072], [120.28844, 22.636306], [120.288525, 22.636352], [120.288618, 22.636117], [120.289269, 22.636174], [120.289173, 22.636463], [120.289094, 22.635774], [120.288963, 22.635747], [120.290051, 22.637161], [120.291247, 22.636672], [120.289286, 22.635497], [120.289358, 22.63529], [120.288774, 22.635179], [120.288714, 22.635068], [120.288608, 22.635178], [120.289226, 22.635442], [120.289442, 22.634938], [120.289147, 22.6349], [120.288979, 22.634791], [120.288826, 22.634836], [120.288777, 22.634754], [120.288724, 22.634808], [120.288349, 22.634608], [120.288283, 22.634653], [120.288, 22.634426], [120.287905, 22.634675], [120.288024, 22.634642], [120.28927, 22.635063], [120.289504, 22.634965], [120.289698, 22.634451], [120.289599, 22.634406], [120.289547, 22.634541], [120.289369, 22.634495], [120.289418, 22.63436], [120.289078, 22.634304], [120.289129, 22.634459], [120.289024, 22.634557], [120.289478, 22.634739], [120.289801, 22.634127], [120.289816, 22.63401], [120.289735, 22.633992], [120.289857, 22.634017], [120.289578, 22.634298], [120.288404, 22.633822], [120.288504, 22.633723], [120.288881, 22.63387], [120.28899, 22.633716], [120.28837, 22.633514], [120.288073, 22.634281], [120.288245, 22.634246], [120.288987, 22.634538], [120.288925, 22.634421], [120.288973, 22.63424], [120.288256, 22.634093], [120.288775, 22.634375], [120.289046, 22.633729], [120.289543, 22.633944], [120.288586, 22.635069], [120.288106, 22.634923], [120.288008, 22.635049], [120.288527, 22.635196], [120.287893, 22.634922], [120.287797, 22.634036], [120.28595, 22.634149], [120.30126, 22.649574]]}}, {"type": "Feature", "properties": {"district": "6400500", "segment": 3, "total_segments": 47, "km": 13.7, "villages": ["千歲里", "鳳南里", "興德里", "鳳北里"]}, "geometry": {"type": "LineString", "coordinates": [[120.290996, 22.636019], [120.291002, 22.635848], [120.291172, 22.635523], [120.290775, 22.635413], [120.29071, 22.635548], [120.291024, 22.63564], [120.290759, 22.635783], [120.28957, 22.635417], [120.289713, 22.635038], [120.289745, 22.635228], [120.290559, 22.635512], [120.290602, 22.635335], [120.290299, 22.635258], [120.290357, 22.635054], [120.289769, 22.634813], [120.290009, 22.634254], [120.290126, 22.634281], [120.290069, 22.634462], [120.290206, 22.634494], [120.29039, 22.63421], [120.290038, 22.634082], [120.290402, 22.634382], [120.290322, 22.634562], [120.290276, 22.634513], [120.290328, 22.634662], [120.290276, 22.634788], [120.290254, 22.634688], [120.290007, 22.634597], [120.290793, 22.634862], [120.290684, 22.635146], [120.29045, 22.635088], [120.290534, 22.634934], [120.290693, 22.634979], [120.290847, 22.634872], [120.291092, 22.634936], [120.290943, 22.635215], [120.291135, 22.635261], [120.291238, 22.634783], [120.291411, 22.634856], [120.291557, 22.63455], [120.290487, 22.634231], [120.290566, 22.634473], [120.290487, 22.634617], [120.290551, 22.634627], [120.290625, 22.634455], [120.290772, 22.63442], [120.290864, 22.634438], [120.290748, 22.634691], [120.290802, 22.634709], [120.290878, 22.634538], [120.291022, 22.634475], [120.291057, 22.634602], [120.290981, 22.634773], [120.291044, 22.634791], [120.291173, 22.634557], [120.291259, 22.634719], [120.291451, 22.634621], [120.291421, 22.634912], [120.291237, 22.635325], [120.290868, 22.63517], [120.29094, 22.63498], [120.290542, 22.635864], [120.289531, 22.635534], [120.290784, 22.635955], [120.291286, 22.63615], [120.291389, 22.63594], [120.291484, 22.635976], [120.291546, 22.635771], [120.291657, 22.635697], [120.292737, 22.636036], [120.292613, 22.636243], [120.292533, 22.636216], [120.292587, 22.636089], [120.292432, 22.636071], [120.292387, 22.63617], [120.292225, 22.636115], [120.292287, 22.635935], [120.292441, 22.636035], [120.292232, 22.636269], [120.291758, 22.636122], [120.291682, 22.636257], [120.292399, 22.636535], [120.292626, 22.636532], [120.292638, 22.636397], [120.292525, 22.63636], [120.292888, 22.636451], [120.292977, 22.6361], [120.292837, 22.6361], [120.293048, 22.636128], [120.293336, 22.635154], [120.292744, 22.63497], [120.292688, 22.635115], [120.292511, 22.635051], [120.292391, 22.634951], [120.292418, 22.634897], [120.292587, 22.634943], [120.292384, 22.635208], [120.292456, 22.635258], [120.292434, 22.635095], [120.292251, 22.635049], [120.292371, 22.634878], [120.292226, 22.63486], [120.292211, 22.635149], [120.292324, 22.635185], [120.292246, 22.635311], [120.291819, 22.635192], [120.291789, 22.635255], [120.291864, 22.635274], [120.291747, 22.635372], [120.291778, 22.63549], [120.291583, 22.635453], [120.291923, 22.634765], [120.291966, 22.635346], [120.292202, 22.635361], [120.292137, 22.6355], [120.291939, 22.635409], [120.29194, 22.635527], [120.292309, 22.635646], [120.29224, 22.635537], [120.292412, 22.635357], [120.292273, 22.63533], [120.292414, 22.635709], [120.293012, 22.635884], [120.292812, 22.635477], [120.293111, 22.635218], [120.293205, 22.635232], [120.291811, 22.635499], [120.291601, 22.635665], [120.291496, 22.635606], [120.291423, 22.635795], [120.292098, 22.636015], [120.291509, 22.636202], [120.292793, 22.636605], [120.293272, 22.636752], [120.294352, 22.637073], [120.294391, 22.636955], [120.294384, 22.637136], [120.294594, 22.637174], [120.294684, 22.63709], [120.294657, 22.637237], [120.294625, 22.637013], [120.294818, 22.63674], [120.294219, 22.636498], [120.294018, 22.63652], [120.293708, 22.636356], [120.293714, 22.636564], [120.293966, 22.63661], [120.294166, 22.636277], [120.293549, 22.636031], [120.293717, 22.635805], [120.293906, 22.635851], [120.29372, 22.636049], [120.293499, 22.636103], [120.293381, 22.636605], [120.293531, 22.63653], [120.293506, 22.636283], [120.293533, 22.636735], [120.294279, 22.63631], [120.294931, 22.636452], [120.294934, 22.636253], [120.294119, 22.636015], [120.293839, 22.635707], [120.293952, 22.635374], [120.294005, 22.6354], [120.293805, 22.635372], [120.293624, 22.635787], [120.293823, 22.635309], [120.294764, 22.635729], [120.295185, 22.635811], [120.295348, 22.635966], [120.295586, 22.636048], [120.295621, 22.635949], [120.295384, 22.635876], [120.295361, 22.636138], [120.295564, 22.636193], [120.295478, 22.636373], [120.295239, 22.636273], [120.295159, 22.63657], [120.296485, 22.637037], [120.296621, 22.636721], [120.295531, 22.6364], [120.295526, 22.636599], [120.295339, 22.636535], [120.295383, 22.636427], [120.295244, 22.636435], [120.294978, 22.636931], [120.295248, 22.637004], [120.295271, 22.636923], [120.29538, 22.636906], [120.295799, 22.637088], [120.295591, 22.637096], [120.295114, 22.636832], [120.295019, 22.637139], [120.295218, 22.637203], [120.295034, 22.637283], [120.294907, 22.63722], [120.29514, 22.637347], [120.295312, 22.637368], [120.295325, 22.637294], [120.295856, 22.637587], [120.296323, 22.637685], [120.296517, 22.637258], [120.296064, 22.637231], [120.295926, 22.637132], [120.295513, 22.637285], [120.296537, 22.637055], [120.296744, 22.636283], [120.295831, 22.636001], [120.295307, 22.636147], [120.295105, 22.635992], [120.294573, 22.635854], [120.295056, 22.636073], [120.295005, 22.636263], [120.296547, 22.636567], [120.296191, 22.637968], [120.295591, 22.63799], [120.295402, 22.637915], [120.295348, 22.637734], [120.294799, 22.63768], [120.293798, 22.637275], [120.293752, 22.63735], [120.293528, 22.637223], [120.293398, 22.637303], [120.293259, 22.637276], [120.293276, 22.637131], [120.293377, 22.637133], [120.293105, 22.637139], [120.293057, 22.637402], [120.293157, 22.637527], [120.294033, 22.637559], [120.294691, 22.637851], [120.295264, 22.637962], [120.294898, 22.638601], [120.294779, 22.638483], [120.293227, 22.638034], [120.292803, 22.637824], [120.292755, 22.638149], [120.292615, 22.638374], [120.292804, 22.638431], [120.29299, 22.638335], [120.293043, 22.638232], [120.292842, 22.63817], [120.293936, 22.638483], [120.293704, 22.638776], [120.293779, 22.638887], [120.294, 22.638947], [120.294133, 22.638643], [120.294083, 22.638516], [120.294368, 22.638662], [120.294468, 22.638639], [120.294516, 22.638726], [120.294921, 22.638863], [120.294736, 22.639193], [120.294186, 22.639014], [120.294223, 22.638959], [120.294388, 22.639041], [120.294279, 22.638788], [120.2944, 22.638294], [120.29459, 22.63795], [120.294641, 22.63795], [120.294594, 22.638301], [120.294803, 22.638069], [120.295034, 22.638132], [120.295041, 22.638024], [120.294935, 22.638249], [120.295006, 22.638277], [120.29485, 22.638232], [120.295019, 22.638638], [120.295148, 22.638638], [120.295322, 22.638188], [120.295485, 22.63808], [120.29561, 22.638163], [120.295602, 22.638247], [120.295789, 22.638199], [120.295879, 22.638317], [120.295863, 22.638687], [120.295782, 22.638677], [120.29601, 22.638669], [120.296021, 22.638146], [120.295893, 22.638195], [120.295752, 22.638526], [120.295497, 22.638511], [120.295556, 22.638685], [120.295658, 22.638695], [120.295457, 22.638724], [120.295236, 22.638656], [120.295411, 22.638319], [120.295507, 22.638261], [120.295621, 22.638397], [120.295694, 22.638063], [120.295553, 22.637809], [120.294665, 22.63766], [120.294539, 22.637579], [120.294228, 22.638255], [120.29417, 22.638029], [120.29424, 22.637885], [120.294292, 22.637948], [120.294047, 22.637911], [120.293993, 22.638137], [120.293862, 22.638028], [120.293968, 22.63782], [120.294063, 22.637812], [120.294047, 22.637866], [120.294064, 22.637692], [120.293893, 22.637621], [120.29378, 22.637802], [120.293575, 22.637783], [120.293648, 22.637855], [120.293604, 22.638008], [120.293403, 22.637926], [120.293397, 22.637692], [120.293189, 22.637808], [120.293131, 22.637772], [120.293149, 22.637925], [120.293261, 22.637936], [120.29329, 22.637623], [120.292991, 22.637545], [120.292982, 22.637437], [120.292926, 22.637428], [120.292975, 22.63759], [120.292917, 22.637762], [120.292457, 22.637644], [120.292441, 22.637722], [120.292695, 22.637002], [120.293833, 22.63782], [120.293521, 22.638506], [120.293399, 22.638477], [120.293593, 22.638581], [120.293559, 22.63865], [120.294738, 22.638893], [120.29611, 22.638724], [120.296239, 22.638038], [120.303931, 22.650661]]}}, {"type": "Feature", "properties": {"district": "6400500", "segment": 4, "total_segments": 47, "km": 10.39, "villages": ["建東里", "港西里", "立業里", "立誠里"]}, "geometry": {"type": "LineString", "coordinates": [[120.300003, 22.638032], [120.29926, 22.637663], [120.298109, 22.637653], [120.298086, 22.637215], [120.298126, 22.637008], [120.298235, 22.63697], [120.298275, 22.636701], [120.298615, 22.636838], [120.298578, 22.637019], [120.29865, 22.637037], [120.298663, 22.637173], [120.298766, 22.637146], [120.2988, 22.637332], [120.299163, 22.637323], [120.299228, 22.637265], [120.299196, 22.637014], [120.298775, 22.636946], [120.298727, 22.636875], [120.298643, 22.636983], [120.298463, 22.636937], [120.298401, 22.63719], [120.2982, 22.637198], [120.298297, 22.637343], [120.298504, 22.63719], [120.298549, 22.63747], [120.299084, 22.637473], [120.299177, 22.637541], [120.29924, 22.637419], [120.298974, 22.637129], [120.298736, 22.637335], [120.298387, 22.636937], [120.298412, 22.636829], [120.297185, 22.636358], [120.296938, 22.636858], [120.297042, 22.636822], [120.297746, 22.636978], [120.297701, 22.637043], [120.297591, 22.637006], [120.297885, 22.63716], [120.297961, 22.637029], [120.297783, 22.637404], [120.297245, 22.637212], [120.297236, 22.63732], [120.297566, 22.637437], [120.29752, 22.637692], [120.297783, 22.637691], [120.29771, 22.637629], [120.297863, 22.637596], [120.297889, 22.637711], [120.296647, 22.637706], [120.296778, 22.637372], [120.29726, 22.637591], [120.297192, 22.637311], [120.296857, 22.637165], [120.2971, 22.636714], [120.297354, 22.636815], [120.297362, 22.636589], [120.297213, 22.636543], [120.296822, 22.638114], [120.296594, 22.638094], [120.296464, 22.638877], [120.297957, 22.638245], [120.299444, 22.637667], [120.299599, 22.637605], [120.300599, 22.637624], [120.30062, 22.637705], [120.300774, 22.637704], [120.30106, 22.637599], [120.301139, 22.637665], [120.301289, 22.637582], [120.302142, 22.637567], [120.302103, 22.637323], [120.3018, 22.637412], [120.30172, 22.637158], [120.301913, 22.637124], [120.301954, 22.63697], [120.301877, 22.636974], [120.302058, 22.636899], [120.30208, 22.637188], [120.301684, 22.637141], [120.301669, 22.637005], [120.301549, 22.637005], [120.301363, 22.637031], [120.301408, 22.637176], [120.301528, 22.637163], [120.300795, 22.637218], [120.300768, 22.63701], [120.301179, 22.637021], [120.301171, 22.637388], [120.300815, 22.637453], [120.300809, 22.637598], [120.300806, 22.637399], [120.300579, 22.637409], [120.30052, 22.637542], [120.300469, 22.637411], [120.300546, 22.637316], [120.300526, 22.637018], [120.300127, 22.637089], [120.300197, 22.637134], [120.300194, 22.637355], [120.300299, 22.637306], [120.300281, 22.637135], [120.300454, 22.63719], [120.300464, 22.637271], [120.300326, 22.637338], [120.300031, 22.63717], [120.299439, 22.637322], [120.299426, 22.637059], [120.299401, 22.637501], [120.299857, 22.637426], [120.300286, 22.638023], [120.301201, 22.637984], [120.301101, 22.638395], [120.300919, 22.638564], [120.30093, 22.638772], [120.30085, 22.638772], [120.300838, 22.638564], [120.300685, 22.638581], [120.300654, 22.6389], [120.300545, 22.63896], [120.300589, 22.639403], [120.300527, 22.639421], [120.300446, 22.63905], [120.300357, 22.638968], [120.300475, 22.63896], [120.30047, 22.638752], [120.300348, 22.638779], [120.300332, 22.638706], [120.300336, 22.638616], [120.300469, 22.638607], [120.300428, 22.638529], [120.300504, 22.638524], [120.300335, 22.638535], [120.300277, 22.6383], [120.300448, 22.638311], [120.300559, 22.638763], [120.300745, 22.638961], [120.300992, 22.638944], [120.300999, 22.639061], [120.300844, 22.639124], [120.301299, 22.638999], [120.301286, 22.638909], [120.301135, 22.638818], [120.301135, 22.638638], [120.300799, 22.638997], [120.300762, 22.639133], [120.300816, 22.639277], [120.301012, 22.639269], [120.300972, 22.639323], [120.300773, 22.639286], [120.300819, 22.639465], [120.301014, 22.639437], [120.300531, 22.639511], [120.301072, 22.637508], [120.301521, 22.637429], [120.300405, 22.640217], [120.299826, 22.640141], [120.299829, 22.640402], [120.299554, 22.64041], [120.299509, 22.6405], [120.300348, 22.640458], [120.300325, 22.640305], [120.300406, 22.640296], [120.300421, 22.640495], [120.300783, 22.640487], [120.300606, 22.640281], [120.300187, 22.640313], [120.300199, 22.640412], [120.300019, 22.640421], [120.300014, 22.640338], [120.29987, 22.640402], [120.299685, 22.640302], [120.299675, 22.640139], [120.299493, 22.640238], [120.299485, 22.640111], [120.299468, 22.640374], [120.299612, 22.640286], [120.299509, 22.640554], [120.299247, 22.64058], [120.29922, 22.640128], [120.298357, 22.640233], [120.29835, 22.640161], [120.298363, 22.640359], [120.298439, 22.640296], [120.299152, 22.640245], [120.299143, 22.640462], [120.298362, 22.640531], [120.298359, 22.640459], [120.298393, 22.640576], [120.299168, 22.640534], [120.297129, 22.640688], [120.297159, 22.640544], [120.298063, 22.64053], [120.298052, 22.640185], [120.297157, 22.640327], [120.297969, 22.640366], [120.297184, 22.640445], [120.297163, 22.640219], [120.296877, 22.640226], [120.296968, 22.641103], [120.296836, 22.64112], [120.296757, 22.640234], [120.296535, 22.640243], [120.296587, 22.640292], [120.296464, 22.640306], [120.296451, 22.64064], [120.296362, 22.640762], [120.296325, 22.641311], [120.296402, 22.641453], [120.296946, 22.641374], [120.296607, 22.641146], [120.296594, 22.640595], [120.296454, 22.640207], [120.297223, 22.64095], [120.298135, 22.640873], [120.298112, 22.641063], [120.297224, 22.641032], [120.29725, 22.641411], [120.298188, 22.64134], [120.298114, 22.641162], [120.297326, 22.641276], [120.297187, 22.64142], [120.298634, 22.641329], [120.29886, 22.641156], [120.299305, 22.641149], [120.29926, 22.640788], [120.298328, 22.640864], [120.29838, 22.641045], [120.299183, 22.640941], [120.299311, 22.640771], [120.299522, 22.64078], [120.299539, 22.640961], [120.300303, 22.640865], [120.30028, 22.640738], [120.300466, 22.640713], [120.300426, 22.641073], [120.299572, 22.641114], [120.299627, 22.641241], [120.301629, 22.641096], [120.301654, 22.640725], [120.301588, 22.640582], [120.301481, 22.640653], [120.300652, 22.640679], [120.300729, 22.641083], [120.301527, 22.640966], [120.301636, 22.641141], [120.301378, 22.640797], [120.300803, 22.64084], [120.300123, 22.640725], [120.299606, 22.640743], [120.29953, 22.64124], [120.29887, 22.641292], [120.298802, 22.640885], [120.298372, 22.641167], [120.299327, 22.641181]]}}, {"type": "Feature", "properties": {"district": "6400500", "segment": 5, "total_segments": 47, "km": 11.7, "villages": ["精華里", "德行里", "達明里"]}, "geometry": {"type": "LineString", "coordinates": [[120.299342, 22.6417], [120.298429, 22.641759], [120.298555, 22.641914], [120.298483, 22.64222], [120.299314, 22.642115], [120.299297, 22.641781], [120.298736, 22.641869], [120.298766, 22.642032], [120.29917, 22.641997], [120.299316, 22.642161], [120.29969, 22.642126], [120.299621, 22.641665], [120.299571, 22.641674], [120.300399, 22.641578], [120.300533, 22.641624], [120.300539, 22.641733], [120.29975, 22.641798], [120.29979, 22.641973], [120.300547, 22.641913], [120.300568, 22.642022], [120.299801, 22.642091], [120.300239, 22.642291], [120.300587, 22.642284], [120.300574, 22.642708], [120.301753, 22.64265], [120.301676, 22.642171], [120.300774, 22.642284], [120.300854, 22.64261], [120.301586, 22.642514], [120.301504, 22.642377], [120.301601, 22.642324], [120.300958, 22.642385], [120.300775, 22.64186], [120.301658, 22.641837], [120.30169, 22.64199], [120.300857, 22.642014], [120.300758, 22.641679], [120.30164, 22.641656], [120.301654, 22.641801], [120.30171, 22.641525], [120.302398, 22.641524], [120.302529, 22.642617], [120.302314, 22.642598], [120.30235, 22.642291], [120.30214, 22.642308], [120.302159, 22.642534], [120.302029, 22.642489], [120.301961, 22.641766], [120.302097, 22.641793], [120.302133, 22.642272], [120.302334, 22.642074], [120.302325, 22.641876], [120.301955, 22.642571], [120.301974, 22.642665], [120.302222, 22.642659], [120.30142, 22.641529], [120.300724, 22.641589], [120.300401, 22.642418], [120.300292, 22.642427], [120.30035, 22.642599], [120.300447, 22.64259], [120.300201, 22.642616], [120.300248, 22.642725], [120.300459, 22.642717], [120.300209, 22.642734], [120.299903, 22.642546], [120.298533, 22.642907], [120.298483, 22.642392], [120.298648, 22.642411], [120.298634, 22.6427], [120.298211, 22.642716], [120.29822, 22.642924], [120.29797, 22.642877], [120.29731, 22.642956], [120.297349, 22.64282], [120.298122, 22.64277], [120.298182, 22.642409], [120.297317, 22.642522], [120.297334, 22.642676], [120.298106, 22.642571], [120.298166, 22.642156], [120.298145, 22.642029], [120.298021, 22.642083], [120.297971, 22.642218], [120.297316, 22.64226], [120.297302, 22.642098], [120.297825, 22.6421], [120.297834, 22.641919], [120.297987, 22.641911], [120.297986, 22.641794], [120.29721, 22.641835], [120.297289, 22.641998], [120.298145, 22.641776], [120.298564, 22.642058], [120.298727, 22.642041], [120.297319, 22.642308], [120.297304, 22.642811], [120.299737, 22.642975], [120.299743, 22.643183], [120.30061, 22.643115], [120.300604, 22.643033], [120.30059, 22.642952], [120.299812, 22.643021], [120.299949, 22.643299], [120.300473, 22.643267], [120.300474, 22.643385], [120.299718, 22.643472], [120.299769, 22.643337], [120.29989, 22.643328], [120.299725, 22.643318], [120.299828, 22.643671], [120.300715, 22.643624], [120.300693, 22.643776], [120.2998, 22.643833], [120.299759, 22.6437], [120.299788, 22.643978], [120.299861, 22.643969], [120.299876, 22.644078], [120.299792, 22.644086], [120.300737, 22.644018], [120.300677, 22.643873], [120.300011, 22.643961], [120.300602, 22.643422], [120.300649, 22.642952], [120.301394, 22.642883], [120.301797, 22.642876], [120.301771, 22.643038], [120.301279, 22.643027], [120.301298, 22.643217], [120.300904, 22.643251], [120.30092, 22.643405], [120.30165, 22.643313], [120.301567, 22.643209], [120.301421, 22.6432], [120.302087, 22.643211], [120.302001, 22.642888], [120.302232, 22.642851], [120.302255, 22.643772], [120.302328, 22.643908], [120.302103, 22.643916], [120.302094, 22.643256], [120.302415, 22.643317], [120.302412, 22.642978], [120.302575, 22.642973], [120.302609, 22.6439], [120.302433, 22.64389], [120.302464, 22.64352], [120.301041, 22.643571], [120.300881, 22.643612], [120.300931, 22.643766], [120.301128, 22.643704], [120.301066, 22.643884], [120.300906, 22.643893], [120.30091, 22.644001], [120.301878, 22.643915], [120.30165, 22.643842], [120.30135, 22.643867], [120.301735, 22.643696], [120.300897, 22.643206], [120.300867, 22.642989], [120.300952, 22.643105], [120.30119, 22.641988], [120.302533, 22.642825], [120.303313, 22.644084], [120.303404, 22.645195], [120.303494, 22.645261], [120.303964, 22.645221], [120.303912, 22.645025], [120.303666, 22.645079], [120.303548, 22.644988], [120.303474, 22.64412], [120.303875, 22.644095], [120.303813, 22.644203], [120.303884, 22.644926], [120.303721, 22.644934], [120.303658, 22.644212], [120.30418, 22.644051], [120.304861, 22.644009], [120.305006, 22.644488], [120.304084, 22.644511], [120.304075, 22.644331], [120.30486, 22.644325], [120.30459, 22.644172], [120.304103, 22.644241], [120.304092, 22.644177], [120.304142, 22.644909], [120.305018, 22.644813], [120.305032, 22.644741], [120.305027, 22.644642], [120.304231, 22.644747], [120.304145, 22.645017], [120.304177, 22.64518], [120.305107, 22.645116], [120.30507, 22.644985], [120.304314, 22.645036], [120.30414, 22.645197], [120.305021, 22.64485], [120.305343, 22.644824], [120.305325, 22.644625], [120.306178, 22.644566], [120.306261, 22.645017], [120.305762, 22.645112], [120.305327, 22.645095], [120.305341, 22.644923], [120.306112, 22.644908], [120.306081, 22.644737], [120.305445, 22.644788], [120.305235, 22.643975], [120.306136, 22.643942], [120.306152, 22.644096], [120.305412, 22.644111], [120.305407, 22.644282], [120.306172, 22.644231], [120.306188, 22.644403], [120.305418, 22.644409], [120.30617, 22.644186], [120.306449, 22.644169], [120.306461, 22.644377], [120.307318, 22.644263], [120.307277, 22.643803], [120.306419, 22.643916], [120.306442, 22.64407], [120.30654, 22.643989], [120.307179, 22.643974], [120.307197, 22.644155], [120.306561, 22.644224], [120.306519, 22.644742], [120.307369, 22.644679], [120.307368, 22.644478], [120.30673, 22.644558], [120.30695, 22.64484], [120.307097, 22.644831], [120.307168, 22.644949], [120.306552, 22.645048], [120.30739, 22.644923], [120.307323, 22.644318], [120.306133, 22.643879]]}}, {"type": "Feature", "properties": {"district": "6400500", "segment": 6, "total_segments": 47, "km": 11.06, "villages": ["達德里", "達仁里", "達勇里"]}, "geometry": {"type": "LineString", "coordinates": [[120.30613, 22.643653], [120.306148, 22.643491], [120.305383, 22.643578], [120.305392, 22.643677], [120.306041, 22.643626], [120.305982, 22.643346], [120.306029, 22.643241], [120.3052, 22.643305], [120.305212, 22.643414], [120.306398, 22.643257], [120.306444, 22.643646], [120.306538, 22.643583], [120.307311, 22.64355], [120.307272, 22.643414], [120.30654, 22.643502], [120.30653, 22.643336], [120.307235, 22.643279], [120.307226, 22.643134], [120.306394, 22.643196], [120.306381, 22.642824], [120.307206, 22.6428], [120.307216, 22.642963], [120.306502, 22.642959], [120.306347, 22.642697], [120.306338, 22.642516], [120.307177, 22.642466], [120.307204, 22.642755], [120.307083, 22.64261], [120.305305, 22.642747], [120.305295, 22.642638], [120.306078, 22.64256], [120.30604, 22.643039], [120.305378, 22.643045], [120.305366, 22.642937], [120.305925, 22.642894], [120.305229, 22.642904], [120.305244, 22.643108], [120.305179, 22.642602], [120.304854, 22.642642], [120.304881, 22.643115], [120.304582, 22.643078], [120.304022, 22.643193], [120.30401, 22.642994], [120.304713, 22.64297], [120.304715, 22.642789], [120.304451, 22.642806], [120.304446, 22.642689], [120.304711, 22.642672], [120.303963, 22.642732], [120.303988, 22.642885], [120.3043, 22.642826], [120.303739, 22.642955], [120.303804, 22.643833], [120.303304, 22.643871], [120.303282, 22.64309], [120.303433, 22.643175], [120.303596, 22.643137], [120.303521, 22.642739], [120.303711, 22.642749], [120.30372, 22.642911], [120.303737, 22.642704], [120.303226, 22.642783], [120.303228, 22.642934], [120.303216, 22.642738], [120.303597, 22.643227], [120.303421, 22.643407], [120.303437, 22.643732], [120.303649, 22.643733], [120.303629, 22.643489], [120.304047, 22.643536], [120.304097, 22.64378], [120.304947, 22.643693], [120.30489, 22.643287], [120.304375, 22.643415], [120.304098, 22.643401], [120.304196, 22.643473], [120.304738, 22.643449], [120.304817, 22.643611], [120.304183, 22.643654], [120.304043, 22.643789], [120.305279, 22.643722], [120.30524, 22.643541], [120.30724, 22.643315], [120.30714, 22.642294], [120.307108, 22.64177], [120.30653, 22.641849], [120.306525, 22.641984], [120.30702, 22.641941], [120.306956, 22.642122], [120.306308, 22.642218], [120.306317, 22.642354], [120.30705, 22.642248], [120.307072, 22.641255], [120.30658, 22.641298], [120.306577, 22.641181], [120.307093, 22.641147], [120.306955, 22.641462], [120.306873, 22.641462], [120.306883, 22.641579], [120.306966, 22.64158], [120.306815, 22.641597], [120.306409, 22.641613], [120.306386, 22.641496], [120.306693, 22.64147], [120.30653, 22.641181], [120.306193, 22.641216], [120.306301, 22.642137], [120.305988, 22.642172], [120.306, 22.64237], [120.30516, 22.642343], [120.305156, 22.642412], [120.305129, 22.641915], [120.305799, 22.641909], [120.305811, 22.642026], [120.305294, 22.642069], [120.305344, 22.642241], [120.305892, 22.642207], [120.305962, 22.641946], [120.305912, 22.641331], [120.305031, 22.641418], [120.30511, 22.641752], [120.305724, 22.641674], [120.305758, 22.641547], [120.305211, 22.641581], [120.305216, 22.641272], [120.305945, 22.641232], [120.30443, 22.641284], [120.30383, 22.641422], [120.303622, 22.641376], [120.303107, 22.641446], [120.303138, 22.641834], [120.303291, 22.641835], [120.303265, 22.641609], [120.30355, 22.641728], [120.303497, 22.6418], [120.303543, 22.642513], [120.303619, 22.642514], [120.303751, 22.642496], [120.303678, 22.642433], [120.303633, 22.64143], [120.303546, 22.641511], [120.303913, 22.641639], [120.303927, 22.641837], [120.304764, 22.641697], [120.304819, 22.641771], [120.304758, 22.641579], [120.304092, 22.641667], [120.30417, 22.641441], [120.304763, 22.64148], [120.304765, 22.641408], [120.304835, 22.64232], [120.304199, 22.642335], [120.304207, 22.642462], [120.304883, 22.642438], [120.304619, 22.642121], [120.304396, 22.642122], [120.304388, 22.642011], [120.304208, 22.642004], [120.303892, 22.642045], [120.303964, 22.642208], [120.304265, 22.642146], [120.304432, 22.642011], [120.304711, 22.641985], [120.305304, 22.64225], [120.303498, 22.642522], [120.30335, 22.642512], [120.30333, 22.64235], [120.303185, 22.642367], [120.3032, 22.642575], [120.303351, 22.642558], [120.30318, 22.642268], [120.303162, 22.642006], [120.303815, 22.640988], [120.303768, 22.640509], [120.303937, 22.640483], [120.303947, 22.640555], [120.304307, 22.640447], [120.304308, 22.640232], [120.304417, 22.64021], [120.30453, 22.640377], [120.304743, 22.640486], [120.304713, 22.640586], [120.304547, 22.640594], [120.304465, 22.640729], [120.304366, 22.640611], [120.304099, 22.640601], [120.304079, 22.640754], [120.304158, 22.640746], [120.30392, 22.640868], [120.304248, 22.640862], [120.304233, 22.640952], [120.303999, 22.640974], [120.303949, 22.640709], [120.304341, 22.640954], [120.305949, 22.640838], [120.30593, 22.640609], [120.305562, 22.640646], [120.305545, 22.640526], [120.30611, 22.640438], [120.306103, 22.640316], [120.306222, 22.640258], [120.307062, 22.640198], [120.307081, 22.640424], [120.306114, 22.640492], [120.306127, 22.640682], [120.306307, 22.640584], [120.306205, 22.640818], [120.306968, 22.640767], [120.306801, 22.640724], [120.306815, 22.640559], [120.30674, 22.640558], [120.306889, 22.64055], [120.306868, 22.640053], [120.307091, 22.640027], [120.307269, 22.639721], [120.306948, 22.63971], [120.306962, 22.639805], [120.307044, 22.63981], [120.306862, 22.6398], [120.306874, 22.639909], [120.306719, 22.639846], [120.306212, 22.639888], [120.306192, 22.639617], [120.306304, 22.639617], [120.306314, 22.63978], [120.30682, 22.639728], [120.30681, 22.639619], [120.306767, 22.640053], [120.306114, 22.640097], [120.306046, 22.639679], [120.305837, 22.639739], [120.305861, 22.639796], [120.305744, 22.639759], [120.304893, 22.639924], [120.304931, 22.640195], [120.305523, 22.640138], [120.305514, 22.639984], [120.304701, 22.639953], [120.304203, 22.640043], [120.30418, 22.64024], [120.303822, 22.64027], [120.304649, 22.640159], [120.304927, 22.640361], [120.304965, 22.640785], [120.305317, 22.640661], [120.305302, 22.640543], [120.305076, 22.64056], [120.305059, 22.640334], [120.305901, 22.640284], [120.305872, 22.639923], [120.305775, 22.64013], [120.306219, 22.639987], [120.306213, 22.639924], [120.305497, 22.640526], [120.301662, 22.640431]]}}, {"type": "Feature", "properties": {"district": "6400500", "segment": 7, "total_segments": 47, "km": 10.61, "villages": ["長明里", "港東里", "博愛里"]}, "geometry": {"type": "LineString", "coordinates": [[120.301849, 22.638548], [120.302094, 22.638539], [120.30251, 22.638309], [120.303077, 22.638773], [120.305007, 22.638727], [120.305006, 22.63888], [120.304113, 22.638948], [120.304125, 22.639048], [120.305196, 22.639089], [120.305179, 22.638836], [120.305048, 22.63888], [120.305156, 22.638529], [120.303965, 22.6386], [120.303882, 22.638421], [120.305167, 22.638309], [120.30511, 22.638068], [120.304462, 22.638119], [120.304479, 22.638273], [120.304566, 22.638201], [120.30458, 22.638309], [120.304323, 22.638157], [120.304028, 22.638217], [120.304042, 22.638352], [120.303711, 22.638344], [120.303659, 22.637934], [120.303766, 22.637781], [120.305118, 22.637707], [120.305113, 22.637968], [120.304365, 22.637947], [120.303709, 22.638437], [120.303789, 22.638958], [120.305387, 22.638773], [120.305414, 22.639071], [120.305661, 22.639043], [120.305578, 22.638955], [120.305591, 22.638754], [120.305919, 22.63873], [120.305933, 22.638983], [120.305737, 22.639017], [120.305817, 22.639124], [120.306076, 22.638975], [120.306059, 22.638731], [120.306314, 22.638723], [120.306223, 22.638461], [120.306536, 22.638417], [120.306551, 22.638553], [120.306467, 22.638561], [120.306127, 22.638442], [120.305364, 22.638511], [120.305385, 22.638674], [120.306096, 22.638596], [120.30625, 22.638913], [120.306168, 22.63893], [120.306184, 22.638262], [120.305936, 22.638225], [120.30582, 22.638288], [120.305818, 22.638053], [120.305988, 22.638044], [120.306062, 22.638126], [120.305982, 22.637881], [120.306342, 22.637852], [120.306369, 22.637729], [120.305287, 22.637729], [120.305303, 22.637933], [120.305672, 22.637905], [120.305647, 22.638061], [120.305331, 22.638114], [120.30535, 22.638322], [120.305698, 22.638296], [120.305675, 22.638088], [120.305328, 22.638069], [120.306329, 22.638251], [120.306507, 22.637992], [120.306416, 22.637725], [120.306491, 22.637708], [120.306418, 22.637378], [120.305327, 22.637382], [120.305284, 22.63684], [120.305501, 22.63695], [120.3064, 22.636899], [120.30638, 22.636628], [120.305655, 22.63667], [120.305758, 22.636824], [120.305895, 22.636816], [120.305887, 22.636734], [120.305869, 22.63706], [120.305469, 22.637094], [120.306377, 22.636999], [120.306421, 22.637215], [120.306206, 22.637257], [120.306676, 22.637253], [120.30662, 22.636586], [120.307718, 22.636734], [120.307631, 22.6368], [120.307274, 22.636781], [120.307249, 22.636993], [120.307336, 22.637001], [120.307323, 22.636894], [120.307465, 22.636904], [120.307461, 22.637003], [120.307668, 22.637004], [120.30756, 22.636947], [120.307793, 22.636761], [120.308486, 22.636863], [120.308456, 22.637076], [120.307968, 22.636976], [120.307775, 22.637014], [120.307804, 22.636806], [120.307864, 22.636836], [120.307766, 22.637113], [120.307778, 22.637393], [120.306676, 22.637379], [120.306832, 22.637235], [120.306863, 22.637082], [120.307342, 22.63712], [120.307326, 22.637293], [120.307423, 22.637294], [120.307422, 22.637099], [120.307647, 22.637139], [120.307618, 22.63732], [120.307827, 22.637393], [120.30843, 22.637387], [120.308537, 22.6373], [120.308523, 22.637197], [120.306979, 22.637164], [120.30698, 22.637236], [120.30678, 22.637073], [120.30678, 22.636928], [120.306936, 22.636939], [120.306898, 22.636694], [120.306793, 22.636693], [120.306733, 22.636919], [120.307116, 22.636875], [120.30712, 22.636966], [120.30711, 22.63674], [120.307276, 22.63674], [120.304985, 22.636911], [120.305, 22.637373], [120.303521, 22.637501], [120.303498, 22.636806], [120.304564, 22.636738], [120.30455, 22.637032], [120.30485, 22.636992], [120.30498, 22.636866], [120.304967, 22.636694], [120.304333, 22.63689], [120.304206, 22.63689], [120.304204, 22.636827], [120.304084, 22.637043], [120.303667, 22.637068], [120.303661, 22.637211], [120.303795, 22.637213], [120.304368, 22.63717], [120.304337, 22.637035], [120.304161, 22.637007], [120.304059, 22.636862], [120.303259, 22.636904], [120.303305, 22.637509], [120.302791, 22.637543], [120.302712, 22.636916], [120.303183, 22.63684], [120.306638, 22.636774], [120.306678, 22.637325], [120.307091, 22.637752], [120.307496, 22.637752], [120.307572, 22.638173], [120.307739, 22.638115], [120.307727, 22.637944], [120.308654, 22.637975], [120.308542, 22.63783], [120.30831, 22.637834], [120.30842, 22.637695], [120.310502, 22.637685], [120.310505, 22.637946], [120.31058, 22.637947], [120.309609, 22.638003], [120.309508, 22.637925], [120.30946, 22.638025], [120.308955, 22.638057], [120.308944, 22.637904], [120.309272, 22.637878], [120.309491, 22.638045], [120.309562, 22.637807], [120.309685, 22.637814], [120.310241, 22.638162], [120.310178, 22.638568], [120.309762, 22.638458], [120.30981, 22.638612], [120.309112, 22.638812], [120.308512, 22.638696], [120.308474, 22.63889], [120.308448, 22.638118], [120.307789, 22.638161], [120.307564, 22.63834], [120.307318, 22.638375], [120.307364, 22.638529], [120.307095, 22.638392], [120.306685, 22.638418], [120.306768, 22.638572], [120.307027, 22.638509], [120.306848, 22.638229], [120.306725, 22.638219], [120.307703, 22.637707], [120.308319, 22.637695], [120.308156, 22.637828], [120.308489, 22.638109], [120.308845, 22.637885], [120.310499, 22.638597], [120.311158, 22.637913], [120.312137, 22.637839], [120.312111, 22.637574], [120.310988, 22.637709], [120.313092, 22.63747], [120.313122, 22.6376], [120.313037, 22.637786], [120.312626, 22.637811], [120.312653, 22.638], [120.313308, 22.637949], [120.313344, 22.638212], [120.312662, 22.638263], [120.312616, 22.638005], [120.313226, 22.638035], [120.31343, 22.638374], [120.312664, 22.638425], [120.312708, 22.638735], [120.313492, 22.63861], [120.31345, 22.638519], [120.312803, 22.638552], [120.313443, 22.637463]]}}, {"type": "Feature", "properties": {"district": "6400500", "segment": 8, "total_segments": 47, "km": 12.9, "villages": ["港新里", "博惠里"]}, "geometry": {"type": "LineString", "coordinates": [[120.313411, 22.637113], [120.310913, 22.63737], [120.310896, 22.637018], [120.313404, 22.636876], [120.313411, 22.636967], [120.310719, 22.637189], [120.310708, 22.637026], [120.309411, 22.637034], [120.309411, 22.637192], [120.3093, 22.637192], [120.309285, 22.63702], [120.309193, 22.636968], [120.309122, 22.63701], [120.309135, 22.637191], [120.309055, 22.637191], [120.309045, 22.6371], [120.308962, 22.63719], [120.308827, 22.63719], [120.308804, 22.636928], [120.309092, 22.636954], [120.308828, 22.637253], [120.308851, 22.637388], [120.309748, 22.637382], [120.309928, 22.637313], [120.310265, 22.637386], [120.31048, 22.637386], [120.310559, 22.637313], [120.310684, 22.637387], [120.31439, 22.636518], [120.31532, 22.63593], [120.315734, 22.635576], [120.315635, 22.635467], [120.314629, 22.636228], [120.315917, 22.635423], [120.31659, 22.634866], [120.316631, 22.634785], [120.316556, 22.634743], [120.316619, 22.634694], [120.317017, 22.634515], [120.317428, 22.634208], [120.318115, 22.634032], [120.318285, 22.633618], [120.318207, 22.633479], [120.318399, 22.63328], [120.317651, 22.633823], [120.317726, 22.633966], [120.317608, 22.633989], [120.317946, 22.63391], [120.318631, 22.633908], [120.319515, 22.633694], [120.319421, 22.633529], [120.318674, 22.633719], [120.318765, 22.633511], [120.31942, 22.63339], [120.31941, 22.633324], [120.319188, 22.633261], [120.318974, 22.633299], [120.319326, 22.632901], [120.31914, 22.632694], [120.319633, 22.632288], [120.319726, 22.632532], [120.319437, 22.632768], [120.320124, 22.63269], [120.320345, 22.632756], [120.320273, 22.632886], [120.320526, 22.632302], [120.320035, 22.632143], [120.319946, 22.633617], [120.31618, 22.63502], [120.315932, 22.635233], [120.316214, 22.635614], [120.316065, 22.635844], [120.31594, 22.635838], [120.315595, 22.636132], [120.315795, 22.636479], [120.316274, 22.636255], [120.316296, 22.636362], [120.315925, 22.636642], [120.316471, 22.637439], [120.316675, 22.637368], [120.316726, 22.636916], [120.316398, 22.636948], [120.31711, 22.636882], [120.3173, 22.636928], [120.317188, 22.637054], [120.317258, 22.637181], [120.317575, 22.637001], [120.317557, 22.636887], [120.31748, 22.636895], [120.317696, 22.636835], [120.317815, 22.636456], [120.317648, 22.636328], [120.317709, 22.636227], [120.318185, 22.636245], [120.318172, 22.636336], [120.31821, 22.635559], [120.318283, 22.635433], [120.318656, 22.635552], [120.318584, 22.63567], [120.31833, 22.635587], [120.318358, 22.635849], [120.318743, 22.636022], [120.31869, 22.636157], [120.318908, 22.63623], [120.319005, 22.636348], [120.318924, 22.636546], [120.318332, 22.636409], [120.318504, 22.636048], [120.318355, 22.636011], [120.318635, 22.636139], [120.318453, 22.636725], [120.318048, 22.636626], [120.317998, 22.636994], [120.317898, 22.636994], [120.318759, 22.636907], [120.318717, 22.637024], [120.318545, 22.63727], [120.318344, 22.63709], [120.318193, 22.637076], [120.318181, 22.637148], [120.318201, 22.63704], [120.31807, 22.637256], [120.318199, 22.637681], [120.317623, 22.638067], [120.317069, 22.638282], [120.316389, 22.638369], [120.316346, 22.638134], [120.316959, 22.638001], [120.316976, 22.638163], [120.317209, 22.638092], [120.317143, 22.637943], [120.317731, 22.637638], [120.317954, 22.63759], [120.317966, 22.637653], [120.317928, 22.637454], [120.317825, 22.637521], [120.317778, 22.6374], [120.317953, 22.637193], [120.317774, 22.637083], [120.317555, 22.637362], [120.317601, 22.637534], [120.317489, 22.637651], [120.317057, 22.637816], [120.317027, 22.637751], [120.31692, 22.637875], [120.315569, 22.6381], [120.315621, 22.63823], [120.316205, 22.638151], [120.316223, 22.638341], [120.315363, 22.638446], [120.31536, 22.638265], [120.315507, 22.638248], [120.315373, 22.638085], [120.315275, 22.638105], [120.315288, 22.637985], [120.316154, 22.637839], [120.317395, 22.637443], [120.317392, 22.637506], [120.317483, 22.637398], [120.317222, 22.637199], [120.317072, 22.637186], [120.316857, 22.637778], [120.316311, 22.637908], [120.315917, 22.637166], [120.315385, 22.637191], [120.315437, 22.637317], [120.315821, 22.637283], [120.315826, 22.637454], [120.315433, 22.637489], [120.314861, 22.637523], [120.314952, 22.63736], [120.315244, 22.63733], [120.315237, 22.637217], [120.314156, 22.637276], [120.314271, 22.638477], [120.314349, 22.638466], [120.314292, 22.638152], [120.314519, 22.638153], [120.314438, 22.63743], [120.314615, 22.637413], [120.314711, 22.638208], [120.314752, 22.638326], [120.314922, 22.638309], [120.314903, 22.638444], [120.31439, 22.638496], [120.31471, 22.638335], [120.314525, 22.638217], [120.314843, 22.638077], [120.314901, 22.638153], [120.315074, 22.63814], [120.315082, 22.637946], [120.31524, 22.637985], [120.314825, 22.637968], [120.314794, 22.637721], [120.31602, 22.637565], [120.315658, 22.637003], [120.315675, 22.636858], [120.315496, 22.637029], [120.314618, 22.637099], [120.314494, 22.636862], [120.315016, 22.636684], [120.315901, 22.636606], [120.316464, 22.635522], [120.316844, 22.635527], [120.316982, 22.635861], [120.317352, 22.635346], [120.317586, 22.635343], [120.317555, 22.635186], [120.317352, 22.635257], [120.317166, 22.634805], [120.317233, 22.634751], [120.317032, 22.635159], [120.317926, 22.635555], [120.31835, 22.635298], [120.318472, 22.635343], [120.318418, 22.635184], [120.318767, 22.635327], [120.318723, 22.635426], [120.318588, 22.63538], [120.318689, 22.635137], [120.31882, 22.635182], [120.318866, 22.635047], [120.318572, 22.634946], [120.318619, 22.635118], [120.318827, 22.634884], [120.318927, 22.634876], [120.319496, 22.635068], [120.319839, 22.634184], [120.31981, 22.634022], [120.319231, 22.634155], [120.319264, 22.634326], [120.319122, 22.634335], [120.31917, 22.634534], [120.319575, 22.634481], [120.319527, 22.634634], [120.319407, 22.634598], [120.31936, 22.634742], [120.319476, 22.634779], [120.319289, 22.634832], [120.318875, 22.634722], [120.318849, 22.634586], [120.31898, 22.63456], [120.318912, 22.634234], [120.318151, 22.63443], [120.318182, 22.634557], [120.318416, 22.634467], [120.318476, 22.634666], [120.318639, 22.634631], [120.318592, 22.634423], [120.31866, 22.63473], [120.319036, 22.635075], [120.318997, 22.635183], [120.319267, 22.635157], [120.319197, 22.635383], [120.319328, 22.635428], [120.319482, 22.635104], [120.319046, 22.635344], [120.318946, 22.6353], [120.318829, 22.635562], [120.318951, 22.635592], [120.319017, 22.63549], [120.319131, 22.635527], [120.31909, 22.635639], [120.319034, 22.635761], [120.31879, 22.635688], [120.31874, 22.635814], [120.319174, 22.635807], [120.319267, 22.635564], [120.319047, 22.63624], [120.318622, 22.636771], [120.31843, 22.636797], [120.317935, 22.63777], [120.317077, 22.637968], [120.316783, 22.638135], [120.316807, 22.638208], [120.316625, 22.638168], [120.316273, 22.638378], [120.314939, 22.638444], [120.314871, 22.638792], [120.319336, 22.634327], [120.319603, 22.63431], [120.31993, 22.633995]]}}, {"type": "Feature", "properties": {"district": "6400500", "segment": 9, "total_segments": 47, "km": 9.31, "villages": ["安康里", "安發里"]}, "geometry": {"type": "LineString", "coordinates": [[120.319391, 22.638716], [120.319209, 22.638814], [120.319126, 22.638823], [120.319235, 22.638724], [120.318972, 22.63875], [120.318933, 22.638831], [120.319024, 22.638832], [120.318872, 22.638768], [120.31866, 22.638857], [120.318678, 22.638785], [120.318569, 22.638794], [120.318566, 22.638866], [120.318084, 22.638918], [120.317986, 22.638918], [120.317984, 22.638836], [120.318337, 22.638802], [120.318338, 22.63919], [120.318243, 22.639126], [120.318087, 22.639216], [120.318072, 22.639144], [120.317963, 22.639143], [120.317894, 22.639224], [120.317987, 22.639225], [120.317497, 22.639166], [120.316713, 22.639264], [120.316784, 22.639871], [120.316859, 22.639933], [120.317372, 22.639877], [120.317386, 22.639776], [120.317542, 22.639732], [120.317503, 22.639457], [120.31709, 22.639389], [120.317139, 22.639334], [120.316941, 22.639396], [120.316988, 22.639802], [120.317783, 22.639793], [120.317782, 22.639865], [120.317876, 22.639856], [120.317867, 22.639784], [120.317956, 22.639775], [120.317981, 22.639848], [120.318147, 22.639758], [120.318147, 22.63983], [120.318319, 22.63975], [120.318325, 22.639813], [120.318415, 22.639809], [120.318361, 22.639425], [120.318217, 22.639515], [120.318191, 22.639442], [120.318108, 22.639451], [120.318124, 22.639523], [120.317921, 22.639468], [120.317935, 22.639541], [120.317842, 22.639558], [120.317824, 22.639477], [120.317746, 22.639486], [120.317739, 22.639558], [120.317707, 22.638862], [120.317797, 22.638854], [120.3178, 22.638935], [120.317888, 22.638926], [120.317885, 22.638845], [120.317511, 22.638961], [120.317482, 22.638888], [120.317389, 22.638897], [120.317428, 22.63896], [120.317183, 22.638996], [120.317145, 22.638923], [120.31708, 22.638924], [120.317092, 22.639004], [120.316972, 22.639004], [120.316968, 22.638931], [120.316799, 22.639021], [120.316786, 22.638949], [120.316691, 22.638957], [120.3167, 22.63903], [120.31731, 22.638906], [120.318587, 22.639092], [120.318613, 22.639164], [120.318709, 22.639156], [120.3187, 22.639083], [120.318887, 22.639147], [120.319, 22.639057], [120.319094, 22.639049], [120.319075, 22.639121], [120.319176, 22.63904], [120.319262, 22.63904], [120.319256, 22.639104], [120.319422, 22.639023], [120.319467, 22.639339], [120.319355, 22.639402], [120.31931, 22.639348], [120.319189, 22.639419], [120.31922, 22.639356], [120.318994, 22.639437], [120.318943, 22.639382], [120.318903, 22.639445], [120.318863, 22.639382], [120.318723, 22.639463], [120.318637, 22.639408], [120.318666, 22.639788], [120.31879, 22.639707], [120.318843, 22.639779], [120.318892, 22.639698], [120.319025, 22.639753], [120.318951, 22.639767], [120.319167, 22.639672], [120.319215, 22.639736], [120.31947, 22.639719], [120.319489, 22.639637], [120.319248, 22.639654], [120.319443, 22.639402], [120.318896, 22.639057], [120.318842, 22.638849], [120.319438, 22.638788], [120.319652, 22.63874], [120.319647, 22.638532], [120.320261, 22.638476], [120.320541, 22.638406], [120.320539, 22.638342], [120.320548, 22.638707], [120.319753, 22.638735], [120.319716, 22.63925], [120.319799, 22.639178], [120.320592, 22.639136], [120.320571, 22.638874], [120.319775, 22.638979], [120.319876, 22.639634], [120.319822, 22.639718], [120.320135, 22.639613], [120.320273, 22.639683], [120.320348, 22.639589], [120.320564, 22.639597], [120.32059, 22.639299], [120.320691, 22.640058], [120.320292, 22.640034], [120.320236, 22.640116], [120.319193, 22.640196], [120.319342, 22.640332], [120.319518, 22.640288], [120.319528, 22.640646], [120.3192, 22.640575], [120.319285, 22.640467], [120.319403, 22.640576], [120.319571, 22.640808], [120.319608, 22.64109], [120.31945, 22.641155], [120.319314, 22.6411], [120.319334, 22.641199], [120.319133, 22.641216], [120.319106, 22.641117], [120.318987, 22.641093], [120.318972, 22.641019], [120.319084, 22.641006], [120.319053, 22.640927], [120.320676, 22.640771], [120.320742, 22.641027], [120.320397, 22.641113], [120.320378, 22.640915], [120.320253, 22.640923], [120.320278, 22.641122], [120.320112, 22.641121], [120.32012, 22.641041], [120.319873, 22.641102], [120.319879, 22.641198], [120.31987, 22.641057], [120.32003, 22.641392], [120.32028, 22.641646], [120.320269, 22.641754], [120.320068, 22.641762], [120.320056, 22.641609], [120.319907, 22.641572], [120.31997, 22.642313], [120.32073, 22.642226], [120.320695, 22.641918], [120.320397, 22.641926], [120.320048, 22.641979], [120.32042, 22.642026], [120.320408, 22.64217], [120.320827, 22.642154], [120.320833, 22.64228], [120.320805, 22.641829], [120.320278, 22.641312], [120.320675, 22.641349], [120.320619, 22.640594], [120.319813, 22.640443], [120.319815, 22.640524], [120.319822, 22.640605], [120.320704, 22.640501], [120.320675, 22.640175], [120.31878, 22.64023], [120.318651, 22.640248], [120.318784, 22.64042], [120.318703, 22.640429], [120.3188, 22.640626], [120.31844, 22.640663], [120.318611, 22.640922], [120.319005, 22.6409], [120.318703, 22.641031], [120.318733, 22.641242], [120.318255, 22.641258], [120.318252, 22.641167], [120.318206, 22.641267], [120.318019, 22.641293], [120.318033, 22.641176], [120.317932, 22.641202], [120.318034, 22.642214], [120.317965, 22.642415], [120.319389, 22.642256], [120.319637, 22.642296], [120.319659, 22.641932], [120.319446, 22.642003], [120.31955, 22.642112], [120.319422, 22.642158], [120.319393, 22.642301], [120.319116, 22.642146], [120.318965, 22.642164], [120.318885, 22.642046], [120.318745, 22.642172], [120.318617, 22.642027], [120.318548, 22.642189], [120.318391, 22.642044], [120.318132, 22.642109], [120.318136, 22.641637], [120.318493, 22.641602], [120.318794, 22.641803], [120.318962, 22.641703], [120.319076, 22.641827], [120.319192, 22.641658], [120.319342, 22.641818], [120.319183, 22.64202], [120.319066, 22.642029], [120.318671, 22.64182], [120.318734, 22.641504], [120.319384, 22.641425], [120.319447, 22.64148], [120.319468, 22.641416], [120.319593, 22.641426], [120.319589, 22.641354], [120.319605, 22.641553], [120.318295, 22.640951], [120.317843, 22.640985], [120.317926, 22.641166], [120.317879, 22.640579], [120.318039, 22.640616], [120.317984, 22.640715], [120.318095, 22.640706], [120.317921, 22.640335], [120.318243, 22.6403], [120.319068, 22.640566], [120.319704, 22.642275], [120.319718, 22.643036], [120.319095, 22.642959], [120.318614, 22.643029], [120.318686, 22.64284], [120.31896, 22.642868], [120.31898, 22.642661], [120.319587, 22.642591], [120.319527, 22.642789], [120.319391, 22.642798], [120.318931, 22.64266], [120.318009, 22.642684], [120.318067, 22.643154], [120.318183, 22.643028], [120.318462, 22.642956], [120.318493, 22.643038], [120.318418, 22.643074], [120.318375, 22.642866], [120.318236, 22.642874], [120.318257, 22.64292], [120.318146, 22.642802], [120.318338, 22.642734], [120.318445, 22.642857], [120.318615, 22.642849], [120.320101, 22.64266], [120.320099, 22.642586], [120.320224, 22.642583], [120.320301, 22.642729], [120.320138, 22.642739], [120.320736, 22.642693], [120.32076, 22.642849], [120.320904, 22.64283], [120.320839, 22.642679], [120.320164, 22.64346], [120.32285, 22.640193], [120.32315, 22.638912], [120.323447, 22.638557], [120.321793, 22.63888]]}}, {"type": "Feature", "properties": {"district": "6400500", "segment": 10, "total_segments": 47, "km": 11.79, "villages": ["寶龍里", "寶中里"]}, "geometry": {"type": "LineString", "coordinates": [[120.323025, 22.643978], [120.322659, 22.644275], [120.322713, 22.644347], [120.323104, 22.644051], [120.323217, 22.644187], [120.322192, 22.644923], [120.322276, 22.644959], [120.323212, 22.644358], [120.323177, 22.644313], [120.323463, 22.644612], [120.322512, 22.645277], [120.322561, 22.64534], [120.323099, 22.644936], [120.323211, 22.645063], [120.322707, 22.64544], [120.322609, 22.645629], [120.322116, 22.645293], [120.322884, 22.6447], [120.322941, 22.644764], [120.322404, 22.645159], [120.322022, 22.644507], [120.321931, 22.644425], [120.321854, 22.644533], [120.321704, 22.644379], [120.321545, 22.644496], [120.321879, 22.644856], [120.322106, 22.644733], [120.321874, 22.64456], [120.321095, 22.644792], [120.321134, 22.644982], [120.321726, 22.644849], [120.322194, 22.644453], [120.322331, 22.644607], [120.322388, 22.644563], [120.322288, 22.644436], [120.322093, 22.644336], [120.322247, 22.644182], [120.322529, 22.644455], [120.322586, 22.64441], [120.322452, 22.644252], [120.322688, 22.644058], [120.323093, 22.64462], [120.323176, 22.644575], [120.323014, 22.644692], [120.323299, 22.644991], [120.323469, 22.644878], [120.323651, 22.645235], [120.323704, 22.645185], [120.323823, 22.645331], [120.323643, 22.645418], [120.323122, 22.645984], [120.322893, 22.645848], [120.322668, 22.645656], [120.323474, 22.64482], [120.324192, 22.645356], [120.324287, 22.645275], [120.324567, 22.645592], [120.32449, 22.645684], [120.324231, 22.645392], [120.32439, 22.645158], [120.325149, 22.646], [120.325257, 22.645945], [120.325188, 22.645861], [120.325235, 22.645812], [120.325324, 22.645902], [120.325427, 22.645758], [120.325108, 22.645486], [120.325166, 22.645432], [120.325317, 22.645604], [120.325148, 22.645712], [120.324534, 22.645023], [120.324729, 22.644898], [120.324754, 22.645015], [120.325131, 22.645403], [120.324901, 22.645586], [120.324938, 22.645639], [120.32444, 22.645122], [120.324485, 22.645068], [120.32463, 22.645683], [120.324868, 22.645937], [120.324749, 22.645981], [120.324582, 22.645791], [120.324326, 22.64598], [120.323976, 22.645635], [120.32337, 22.646255], [120.323745, 22.646694], [120.323613, 22.64678], [120.323297, 22.646454], [120.323243, 22.646526], [120.323702, 22.647066], [120.324048, 22.646782], [120.324117, 22.646912], [120.323801, 22.647106], [120.324175, 22.647532], [120.324738, 22.647119], [120.324796, 22.647002], [120.324818, 22.646641], [120.324617, 22.646304], [120.324579, 22.646268], [120.324089, 22.64666], [120.32396, 22.646511], [120.324167, 22.64634], [120.323755, 22.645986], [120.323666, 22.646076], [120.323959, 22.646402], [120.323771, 22.646528], [120.323814, 22.646582], [120.323508, 22.646229], [120.323158, 22.646444], [120.323131, 22.646507], [120.323979, 22.645888], [120.323933, 22.645833], [120.324349, 22.646178], [120.324251, 22.646259], [120.324452, 22.646134], [120.324356, 22.646025], [120.32487, 22.64609], [120.325074, 22.646452], [120.325151, 22.646895], [120.325216, 22.646841], [120.325338, 22.646011], [120.325114, 22.645762], [120.325177, 22.645748], [120.32502, 22.645721], [120.324957, 22.646047], [120.325123, 22.646218], [120.324658, 22.646559], [120.324695, 22.646613], [120.324541, 22.646477], [120.324352, 22.646621], [120.324653, 22.647074], [120.324503, 22.647101], [120.324304, 22.646873], [120.324005, 22.647179], [120.324216, 22.64737], [120.324309, 22.647235], [120.32402, 22.64559], [120.325496, 22.645723], [120.325544, 22.645556], [120.325614, 22.645272], [120.325549, 22.645181], [120.325329, 22.64537], [120.325254, 22.645297], [120.325485, 22.645108], [120.325357, 22.64499], [120.325202, 22.645161], [120.325089, 22.645044], [120.325343, 22.644873], [120.325419, 22.644946], [120.325205, 22.644727], [120.325016, 22.644971], [120.324858, 22.644772], [120.325637, 22.644102], [120.326086, 22.643991], [120.325785, 22.644903], [120.325716, 22.644938], [120.325359, 22.644604], [120.325675, 22.644384], [120.325593, 22.64471], [120.3251, 22.644159], [120.325514, 22.643844], [120.325417, 22.643844], [120.324794, 22.643087], [120.324703, 22.643154], [120.324885, 22.643363], [120.324791, 22.643489], [120.324313, 22.642997], [120.324228, 22.643071], [120.324779, 22.64367], [120.324275, 22.644047], [120.323912, 22.643614], [120.323413, 22.643874], [120.323442, 22.64426], [120.323738, 22.644252], [120.323766, 22.644568], [120.32392, 22.644801], [120.323761, 22.644848], [120.323995, 22.645104], [120.323951, 22.645154], [120.32459, 22.644536], [120.323899, 22.643783], [120.323761, 22.643882], [120.324149, 22.644317], [120.323923, 22.644443], [120.324028, 22.64457], [120.323959, 22.644646], [120.324159, 22.644705], [120.324056, 22.644553], [120.324264, 22.644354], [120.324333, 22.644571], [120.32467, 22.644337], [120.324729, 22.644437], [120.325063, 22.644185], [120.324966, 22.644068], [120.325265, 22.643843], [120.325099, 22.643734], [120.325037, 22.643779], [120.324533, 22.644183], [120.324642, 22.644301], [120.324936, 22.644095], [120.324496, 22.644138], [120.324316, 22.643875], [120.324508, 22.643723], [120.324302, 22.643478], [120.324164, 22.64364], [120.32426, 22.643749], [120.324326, 22.643641], [120.324139, 22.643613], [120.323813, 22.643187], [120.323749, 22.643223], [120.323711, 22.643513], [120.323649, 22.643557], [120.323548, 22.64343], [120.323368, 22.643654], [120.323428, 22.643692], [120.323115, 22.643574], [120.323264, 22.643823], [120.322859, 22.643731], [120.322713, 22.643962], [120.322566, 22.643819], [120.32194, 22.644247], [120.32192, 22.64402], [120.322076, 22.643949], [120.321175, 22.644045], [120.323465, 22.64281], [120.323604, 22.642997], [120.324013, 22.643058], [120.324179, 22.64294], [120.324412, 22.642929], [120.32459, 22.643132], [120.324852, 22.642884], [120.325097, 22.642966], [120.325238, 22.64285], [120.325501, 22.643176], [120.325566, 22.643131], [120.325388, 22.643275], [120.325178, 22.643039], [120.32519, 22.642795], [120.325348, 22.642668], [120.325809, 22.643166], [120.326123, 22.642954], [120.326221, 22.643067], [120.326294, 22.643017], [120.325741, 22.642373], [120.325831, 22.642337], [120.32615, 22.642673], [120.326209, 22.642628], [120.326122, 22.6427], [120.326448, 22.642909], [120.326279, 22.643233], [120.326357, 22.64338], [120.326151, 22.643623], [120.325742, 22.643746], [120.325418, 22.643311], [120.325664, 22.643279], [120.32589, 22.643568], [120.326033, 22.643503], [120.326128, 22.643241], [120.326027, 22.643123], [120.325857, 22.643248], [120.325968, 22.643367], [120.326275, 22.643146], [120.32647, 22.642846], [120.326766, 22.642016], [120.326401, 22.642115], [120.326352, 22.641989], [120.326896, 22.641788], [120.326944, 22.64169], [120.326047, 22.641903], [120.32512, 22.641529], [120.324643, 22.6417], [120.324523, 22.642251], [120.32481, 22.642279], [120.324842, 22.642054], [120.325298, 22.642552], [120.325504, 22.642553], [120.325867, 22.64297], [120.325954, 22.642907], [120.32559, 22.64249], [120.326027, 22.642176], [120.326235, 22.642447], [120.326131, 22.642148], [120.324611, 22.642743], [120.324255, 22.642697], [120.324129, 22.643414], [120.32394, 22.643586], [120.323813, 22.64349], [120.323734, 22.644207], [120.324997, 22.643499], [120.32482, 22.643525], [120.324799, 22.644817]]}}, {"type": "Feature", "properties": {"district": "6400500", "segment": 11, "total_segments": 47, "km": 11.18, "villages": ["寶興里"]}, "geometry": {"type": "LineString", "coordinates": [[120.326075, 22.64521], [120.326468, 22.644157], [120.326969, 22.644112], [120.326903, 22.643715], [120.327523, 22.643338], [120.327646, 22.644016], [120.327173, 22.644041], [120.327131, 22.64386], [120.327508, 22.643844], [120.327471, 22.643654], [120.326701, 22.64378], [120.326864, 22.643378], [120.327051, 22.64324], [120.327857, 22.642779], [120.328324, 22.64261], [120.328161, 22.642329], [120.327836, 22.642445], [120.327959, 22.642626], [120.328197, 22.642311], [120.328612, 22.642168], [120.328795, 22.642413], [120.328774, 22.642514], [120.328463, 22.642619], [120.328525, 22.642493], [120.328443, 22.64233], [120.328588, 22.642298], [120.328654, 22.642434], [120.328903, 22.642457], [120.329067, 22.642383], [120.328868, 22.642025], [120.32885, 22.641844], [120.328785, 22.641763], [120.328622, 22.641809], [120.328576, 22.641663], [120.328792, 22.641564], [120.328625, 22.641374], [120.328714, 22.641293], [120.328676, 22.641206], [120.328775, 22.641174], [120.328937, 22.641516], [120.328854, 22.641702], [120.32852, 22.64168], [120.328201, 22.641833], [120.328194, 22.641724], [120.327998, 22.641814], [120.327916, 22.641687], [120.328008, 22.641615], [120.327912, 22.641479], [120.327489, 22.641595], [120.327652, 22.64168], [120.327587, 22.641749], [120.327831, 22.642283], [120.328185, 22.642149], [120.328092, 22.642094], [120.328012, 22.641859], [120.328257, 22.641995], [120.328449, 22.641906], [120.328485, 22.642023], [120.328299, 22.642122], [120.328519, 22.642014], [120.32843, 22.64159], [120.328561, 22.641536], [120.328495, 22.641409], [120.328305, 22.64149], [120.328151, 22.641426], [120.327757, 22.641652], [120.327352, 22.641741], [120.32707, 22.642532], [120.327787, 22.6423], [120.327619, 22.642209], [120.327358, 22.642308], [120.327378, 22.642091], [120.327525, 22.642019], [120.327466, 22.64194], [120.327747, 22.642499], [120.327333, 22.642712], [120.327455, 22.642913], [120.327641, 22.642824], [120.327598, 22.642688], [120.32773, 22.642625], [120.327773, 22.642716], [120.326976, 22.642775], [120.326814, 22.643045], [120.326983, 22.642649], [120.327205, 22.644231], [120.327742, 22.644115], [120.327816, 22.644287], [120.328073, 22.644225], [120.328254, 22.645147], [120.328369, 22.645075], [120.329155, 22.644982], [120.329313, 22.645748], [120.328412, 22.645945], [120.328369, 22.645753], [120.328971, 22.645698], [120.3288, 22.645475], [120.328767, 22.645294], [120.328285, 22.645328], [120.328349, 22.645554], [120.329362, 22.645357], [120.329441, 22.645757], [120.330032, 22.645651], [120.330198, 22.644469], [120.329808, 22.643763], [120.329216, 22.643932], [120.329207, 22.643751], [120.328959, 22.643281], [120.329061, 22.643209], [120.328963, 22.643109], [120.329186, 22.64302], [120.329155, 22.642956], [120.329352, 22.643355], [120.329253, 22.643444], [120.329423, 22.643933], [120.329682, 22.643889], [120.32972, 22.644088], [120.32932, 22.644176], [120.329519, 22.644294], [120.329858, 22.644197], [120.329973, 22.644513], [120.329994, 22.644811], [120.32944, 22.64489], [120.329616, 22.645595], [120.32992, 22.645479], [120.329854, 22.645289], [120.329696, 22.645307], [120.329674, 22.645198], [120.329946, 22.645154], [120.329932, 22.645272], [120.329787, 22.644973], [120.329978, 22.644938], [120.329298, 22.645033], [120.329342, 22.645254], [120.329275, 22.644919], [120.329578, 22.644674], [120.329825, 22.64463], [120.329792, 22.644458], [120.329564, 22.644502], [120.330306, 22.644244], [120.330344, 22.643612], [120.330275, 22.643422], [120.330192, 22.643439], [120.330366, 22.643413], [120.33011, 22.642283], [120.32939, 22.642605], [120.329498, 22.642651], [120.329917, 22.643501], [120.330048, 22.643493], [120.32984, 22.642472], [120.329639, 22.642642], [120.329725, 22.642805], [120.329803, 22.642769], [120.329843, 22.643122], [120.330139, 22.64306], [120.330182, 22.643295], [120.330019, 22.64249], [120.330472, 22.642393], [120.330502, 22.642547], [120.330675, 22.642493], [120.330541, 22.642334], [120.330783, 22.642354], [120.33081, 22.642467], [120.33095, 22.64244], [120.330897, 22.64235], [120.331046, 22.642422], [120.331259, 22.642387], [120.331358, 22.642315], [120.331345, 22.642062], [120.33159, 22.642217], [120.331588, 22.643201], [120.331941, 22.643311], [120.331932, 22.64238], [120.331356, 22.642496], [120.331353, 22.642686], [120.331136, 22.642685], [120.331109, 22.642549], [120.331263, 22.64255], [120.331145, 22.642721], [120.331196, 22.642992], [120.331363, 22.642966], [120.331345, 22.642782], [120.331256, 22.642848], [120.331358, 22.643264], [120.331232, 22.643281], [120.331262, 22.64311], [120.330915, 22.64318], [120.330999, 22.643289], [120.331077, 22.643217], [120.331132, 22.643286], [120.330645, 22.64327], [120.330633, 22.643206], [120.330817, 22.64318], [120.330622, 22.64287], [120.330773, 22.642475], [120.331063, 22.642314], [120.331208, 22.643561], [120.331856, 22.643537], [120.331855, 22.644792], [120.331457, 22.644754], [120.331467, 22.644592], [120.331746, 22.644638], [120.331758, 22.64443], [120.331468, 22.64442], [120.33147, 22.644492], [120.331497, 22.644176], [120.33064, 22.644173], [120.330595, 22.644498], [120.331301, 22.644437], [120.331248, 22.644257], [120.331067, 22.644256], [120.33107, 22.644364], [120.330827, 22.644372], [120.330898, 22.644034], [120.330874, 22.643578], [120.331169, 22.643579], [120.331125, 22.644039], [120.331302, 22.644004], [120.331235, 22.643796], [120.331319, 22.643706], [120.330699, 22.64355], [120.330676, 22.644037], [120.330246, 22.644126], [120.330006, 22.643619], [120.330188, 22.64362], [120.329385, 22.64312], [120.329177, 22.642695], [120.328612, 22.642918], [120.329142, 22.642857], [120.329189, 22.642649], [120.329115, 22.643308], [120.328493, 22.64355], [120.328042, 22.644081], [120.328058, 22.64418], [120.327067, 22.644393], [120.327108, 22.644248], [120.327159, 22.644239], [120.326053, 22.645273], [120.325778, 22.646347], [120.331834, 22.645316], [120.331842, 22.6449], [120.331444, 22.644889], [120.331424, 22.645305], [120.331672, 22.645234], [120.331728, 22.645062], [120.331534, 22.645052], [120.331453, 22.64479], [120.330565, 22.644761], [120.330621, 22.645238], [120.331048, 22.64524], [120.331212, 22.645168], [120.331209, 22.645319], [120.331236, 22.644889], [120.330852, 22.644977], [120.330411, 22.645237], [120.330377, 22.645481], [120.328526, 22.641246]]}}, {"type": "Feature", "properties": {"district": "6400500", "segment": 12, "total_segments": 47, "km": 11.07, "villages": ["寶珠里"]}, "geometry": {"type": "LineString", "coordinates": [[120.329267, 22.6461], [120.326977, 22.646533], [120.326156, 22.646601], [120.326145, 22.64671], [120.326284, 22.64671], [120.326281, 22.646794], [120.326104, 22.646791], [120.326104, 22.646709], [120.326104, 22.646908], [120.326319, 22.646909], [120.326653, 22.647064], [120.326657, 22.647257], [120.326824, 22.647263], [120.326833, 22.646658], [120.326608, 22.646792], [120.326656, 22.647024], [120.326099, 22.647206], [120.325885, 22.647359], [120.325677, 22.647353], [120.325593, 22.647231], [120.325603, 22.647069], [120.327135, 22.646587], [120.327461, 22.646526], [120.327635, 22.646571], [120.327841, 22.646473], [120.327862, 22.646581], [120.327833, 22.646437], [120.32805, 22.646438], [120.328078, 22.646591], [120.328221, 22.646583], [120.328173, 22.646384], [120.328047, 22.646393], [120.328335, 22.646376], [120.328403, 22.646593], [120.328506, 22.646557], [120.328434, 22.646349], [120.328616, 22.646323], [120.328691, 22.646603], [120.328771, 22.64654], [120.329277, 22.646526], [120.32926, 22.646244], [120.329331, 22.646091], [120.329112, 22.646298], [120.328737, 22.646359], [120.328517, 22.646602], [120.329272, 22.646564], [120.329579, 22.646706], [120.329598, 22.646986], [120.330028, 22.64697], [120.329957, 22.647168], [120.330013, 22.647843], [120.329874, 22.647847], [120.329843, 22.647676], [120.329697, 22.647709], [120.329579, 22.64713], [120.329486, 22.647148], [120.329522, 22.647798], [120.329707, 22.647745], [120.329734, 22.647854], [120.329677, 22.647983], [120.329452, 22.647997], [120.329496, 22.648151], [120.329704, 22.648115], [120.329796, 22.648251], [120.329826, 22.649427], [120.329436, 22.649478], [120.329495, 22.649614], [120.329439, 22.649642], [120.3296, 22.64965], [120.329579, 22.649542], [120.329674, 22.649939], [120.329449, 22.649975], [120.329493, 22.649812], [120.329715, 22.64994], [120.329907, 22.650744], [120.330323, 22.651207], [120.330687, 22.65091], [120.330326, 22.650631], [120.330235, 22.650357], [120.330331, 22.650349], [120.3304, 22.650529], [120.330135, 22.650565], [120.33009, 22.650375], [120.329974, 22.650446], [120.330048, 22.650663], [120.330143, 22.650619], [120.330381, 22.650945], [120.330293, 22.651233], [120.32934, 22.652069], [120.329139, 22.65196], [120.329857, 22.651466], [120.329482, 22.651013], [120.329542, 22.650923], [120.329482, 22.650751], [120.329596, 22.650815], [120.329781, 22.650744], [120.32974, 22.650554], [120.329436, 22.650607], [120.329426, 22.650445], [120.329708, 22.650409], [120.329672, 22.650228], [120.329434, 22.650273], [120.329446, 22.650137], [120.329904, 22.650067], [120.329962, 22.650329], [120.330188, 22.65014], [120.329992, 22.649236], [120.329966, 22.648224], [120.33004, 22.648006], [120.330354, 22.648055], [120.330378, 22.649055], [120.3305, 22.648996], [120.331116, 22.649015], [120.331041, 22.648912], [120.331026, 22.648484], [120.330837, 22.64848], [120.330845, 22.648934], [120.330631, 22.648929], [120.330677, 22.648083], [120.330405, 22.648082], [120.330357, 22.647495], [120.330821, 22.647515], [120.330917, 22.647592], [120.330983, 22.647805], [120.330477, 22.647757], [120.330723, 22.648083], [120.331147, 22.647805], [120.331747, 22.647803], [120.331744, 22.647691], [120.331547, 22.647686], [120.331551, 22.647494], [120.331371, 22.647535], [120.331376, 22.64721], [120.331126, 22.647211], [120.331145, 22.647056], [120.330373, 22.647062], [120.330371, 22.647332], [120.330877, 22.647298], [120.330786, 22.647135], [120.331125, 22.647249], [120.331036, 22.647317], [120.331105, 22.647606], [120.331219, 22.647607], [120.331178, 22.647733], [120.33146, 22.648051], [120.331695, 22.648096], [120.331824, 22.64746], [120.331683, 22.646778], [120.330918, 22.646739], [120.330859, 22.646359], [120.330578, 22.646376], [120.330548, 22.646458], [120.330659, 22.646458], [120.330652, 22.646753], [120.330739, 22.646755], [120.330309, 22.646704], [120.330395, 22.646357], [120.330364, 22.645933], [120.330591, 22.645879], [120.33057, 22.64615], [120.330655, 22.646151], [120.330529, 22.646159], [120.330809, 22.646178], [120.330805, 22.645925], [120.330717, 22.645853], [120.331296, 22.645722], [120.331553, 22.64587], [120.33184, 22.645721], [120.331847, 22.64664], [120.331095, 22.646631], [120.331099, 22.646448], [120.331022, 22.646439], [120.330905, 22.646179], [120.329985, 22.645985], [120.329916, 22.646003], [120.329954, 22.646373], [120.329851, 22.646012], [120.329724, 22.646038], [120.32953, 22.646986], [120.32947, 22.647004], [120.329763, 22.647097], [120.329839, 22.64752], [120.329451, 22.647798], [120.329457, 22.648159], [120.329589, 22.648277], [120.329606, 22.649316], [120.329447, 22.649261], [120.329494, 22.64834], [120.329885, 22.649419], [120.329941, 22.649408], [120.329819, 22.649534], [120.329897, 22.650031], [120.32999, 22.649923], [120.330509, 22.649852], [120.330412, 22.649374], [120.330941, 22.649303], [120.330982, 22.649382], [120.331114, 22.649386], [120.331031, 22.649499], [120.331061, 22.649753], [120.330959, 22.649864], [120.331139, 22.65056], [120.331074, 22.650623], [120.331225, 22.650488], [120.331207, 22.650388], [120.331348, 22.650371], [120.331574, 22.650137], [120.331553, 22.649926], [120.331344, 22.65002], [120.331309, 22.649944], [120.331284, 22.649188], [120.33137, 22.649179], [120.331234, 22.649187], [120.331682, 22.649153], [120.331658, 22.649632], [120.33157, 22.649491], [120.331117, 22.649891], [120.330901, 22.6498], [120.330847, 22.649402], [120.330603, 22.64944], [120.330879, 22.650559], [120.330824, 22.650585], [120.330557, 22.649943], [120.33116, 22.65009], [120.331189, 22.650217], [120.330878, 22.650667], [120.330953, 22.650767], [120.33085, 22.650622], [120.329733, 22.651005], [120.329696, 22.650951], [120.329941, 22.651268], [120.329606, 22.651348], [120.329433, 22.65151], [120.329463, 22.651212], [120.328356, 22.651484], [120.328344, 22.651577], [120.326452, 22.65063], [120.32481, 22.649692], [120.325014, 22.649315], [120.323057, 22.651502], [120.321491, 22.652145], [120.321678, 22.652661], [120.33112, 22.648485], [120.330377, 22.646998]]}}, {"type": "Feature", "properties": {"district": "6400500", "segment": 13, "total_segments": 47, "km": 14.65, "villages": ["寶玉里", "寶泰里"]}, "geometry": {"type": "LineString", "coordinates": [[120.332182, 22.647348], [120.332284, 22.647331], [120.332238, 22.647042], [120.332356, 22.647043], [120.332335, 22.64679], [120.332253, 22.646789], [120.332325, 22.646642], [120.332377, 22.646781], [120.33217, 22.646593], [120.332209, 22.646299], [120.33258, 22.646393], [120.332746, 22.646159], [120.332214, 22.646039], [120.332243, 22.645678], [120.332487, 22.645643], [120.332867, 22.645735], [120.33356, 22.646108], [120.333355, 22.646397], [120.333044, 22.646287], [120.333191, 22.645999], [120.333239, 22.646107], [120.333639, 22.646199], [120.33392, 22.646433], [120.333721, 22.646669], [120.333646, 22.646569], [120.333443, 22.646514], [120.333178, 22.646983], [120.333278, 22.646983], [120.333533, 22.646731], [120.333247, 22.646532], [120.333145, 22.646676], [120.332897, 22.646512], [120.332955, 22.646413], [120.333149, 22.646513], [120.333653, 22.646352], [120.333989, 22.646002], [120.334327, 22.646292], [120.334449, 22.646232], [120.334451, 22.646157], [120.334073, 22.645912], [120.334399, 22.645579], [120.334191, 22.645416], [120.33394, 22.645306], [120.333971, 22.645433], [120.33371, 22.645775], [120.333357, 22.645602], [120.333731, 22.645016], [120.334187, 22.645172], [120.334506, 22.645408], [120.334578, 22.645372], [120.334524, 22.645063], [120.333612, 22.644835], [120.333587, 22.644962], [120.333696, 22.644998], [120.333811, 22.645241], [120.333736, 22.645351], [120.333642, 22.645305], [120.333871, 22.645423], [120.333732, 22.645603], [120.333564, 22.645512], [120.33375, 22.645802], [120.333958, 22.645961], [120.334394, 22.645841], [120.334596, 22.646013], [120.334707, 22.645779], [120.334592, 22.645435], [120.334772, 22.6454], [120.334716, 22.645138], [120.334979, 22.645175], [120.33479, 22.645499], [120.334821, 22.645626], [120.334524, 22.645778], [120.334447, 22.645606], [120.334242, 22.645624], [120.334112, 22.645533], [120.334424, 22.645168], [120.334821, 22.646181], [120.334695, 22.646366], [120.334752, 22.646511], [120.33467, 22.646574], [120.334556, 22.646465], [120.334759, 22.646664], [120.334785, 22.646556], [120.33504, 22.646346], [120.335205, 22.646693], [120.335383, 22.646577], [120.335443, 22.646721], [120.335575, 22.646713], [120.335315, 22.646766], [120.335192, 22.646892], [120.33503, 22.646819], [120.335122, 22.646747], [120.334967, 22.646873], [120.335225, 22.647172], [120.335891, 22.646976], [120.335735, 22.646894], [120.335285, 22.646983], [120.334932, 22.646846], [120.334649, 22.647088], [120.334878, 22.647369], [120.334771, 22.648208], [120.334379, 22.647783], [120.334517, 22.647684], [120.3345, 22.647582], [120.334592, 22.647585], [120.334717, 22.647649], [120.334687, 22.64791], [120.334426, 22.648134], [120.334041, 22.647856], [120.333934, 22.647992], [120.33414, 22.648132], [120.333849, 22.64844], [120.333019, 22.648111], [120.333126, 22.647904], [120.333416, 22.648059], [120.333621, 22.64805], [120.333659, 22.647951], [120.333512, 22.647797], [120.333456, 22.647869], [120.33351, 22.647905], [120.333254, 22.64767], [120.33308, 22.647642], [120.333003, 22.647578], [120.333019, 22.647443], [120.333303, 22.647471], [120.333289, 22.647606], [120.333366, 22.647688], [120.33367, 22.647337], [120.3327, 22.646845], [120.332759, 22.646683], [120.332897, 22.646729], [120.333105, 22.646834], [120.333394, 22.647137], [120.333536, 22.647111], [120.333577, 22.647012], [120.33352, 22.646966], [120.333805, 22.647005], [120.334208, 22.646689], [120.334565, 22.647016], [120.334284, 22.647213], [120.334049, 22.646914], [120.334196, 22.646861], [120.334328, 22.646997], [120.334215, 22.647285], [120.334058, 22.647483], [120.333885, 22.64732], [120.333999, 22.647212], [120.334055, 22.647257], [120.334148, 22.647547], [120.334299, 22.647692], [120.334398, 22.647568], [120.334265, 22.647529], [120.334634, 22.647179], [120.334707, 22.647296], [120.334539, 22.647449], [120.335219, 22.647569], [120.335119, 22.6483], [120.335689, 22.648167], [120.335673, 22.648032], [120.335745, 22.648014], [120.335239, 22.64812], [120.335282, 22.647877], [120.335786, 22.64777], [120.335825, 22.647617], [120.335337, 22.647714], [120.335185, 22.647304], [120.335918, 22.647238], [120.335868, 22.647391], [120.335364, 22.647471], [120.335491, 22.648437], [120.335672, 22.64842], [120.335614, 22.648537], [120.335386, 22.648581], [120.335337, 22.648473], [120.335217, 22.64849], [120.335215, 22.648599], [120.33551, 22.648979], [120.335499, 22.648744], [120.335575, 22.648736], [120.335241, 22.648924], [120.335365, 22.649078], [120.335298, 22.649128], [120.335168, 22.648981], [120.335192, 22.648861], [120.33503, 22.648815], [120.33506, 22.648561], [120.335452, 22.648446], [120.335022, 22.648869], [120.335006, 22.649266], [120.334929, 22.649392], [120.335065, 22.649565], [120.335417, 22.649322], [120.335243, 22.649908], [120.335276, 22.649997], [120.33519, 22.650017], [120.33489, 22.649636], [120.335036, 22.649582], [120.335183, 22.649709], [120.335257, 22.649574], [120.334613, 22.649328], [120.334557, 22.649237], [120.334618, 22.649229], [120.334682, 22.64866], [120.334569, 22.648659], [120.334548, 22.648849], [120.334393, 22.649011], [120.334516, 22.649183], [120.333905, 22.648467], [120.334138, 22.648486], [120.33432, 22.648785], [120.334378, 22.648442], [120.334212, 22.648423], [120.334089, 22.648287], [120.334325, 22.648184], [120.334674, 22.648461], [120.333868, 22.64806], [120.333726, 22.648304], [120.333615, 22.64812], [120.333547, 22.648167], [120.333363, 22.648654], [120.333015, 22.648526], [120.333127, 22.648906], [120.333196, 22.648916], [120.333203, 22.648771], [120.333312, 22.648744], [120.333428, 22.648799], [120.333398, 22.64888], [120.333404, 22.648673], [120.333519, 22.6487], [120.333043, 22.649014], [120.332893, 22.648833], [120.332677, 22.648986], [120.332051, 22.64903], [120.332021, 22.649471], [120.332257, 22.649616], [120.332325, 22.64958], [120.332219, 22.6492], [120.332363, 22.649147], [120.332609, 22.649455], [120.332783, 22.649338], [120.332612, 22.649103], [120.332704, 22.649022], [120.332895, 22.649248], [120.333066, 22.64905], [120.333114, 22.649105], [120.332551, 22.648741], [120.332052, 22.648811], [120.332061, 22.648224], [120.33224, 22.648541], [120.332416, 22.64865], [120.332535, 22.648624], [120.332215, 22.648695], [120.33205, 22.648866], [120.331955, 22.649841], [120.332105, 22.647728], [120.332356, 22.647855], [120.332291, 22.647368], [120.332587, 22.647613], [120.332593, 22.647717], [120.332764, 22.647724], [120.33277, 22.647144], [120.332692, 22.647125], [120.333153, 22.647353], [120.333136, 22.647525], [120.332728, 22.647937], [120.333731, 22.647176], [120.333099, 22.645492], [120.332772, 22.645374], [120.33287, 22.64487], [120.333075, 22.644896], [120.333292, 22.645051], [120.333341, 22.64496], [120.333161, 22.645249], [120.332935, 22.645232], [120.332963, 22.64514], [120.333059, 22.64514], [120.333122, 22.645429], [120.33302, 22.644772], [120.332307, 22.644699], [120.332313, 22.644625], [120.33226, 22.64534], [120.332279, 22.644508], [120.332405, 22.64432], [120.332324, 22.644198], [120.33239, 22.643692], [120.333508, 22.643733], [120.333324, 22.643859], [120.333448, 22.64395], [120.333431, 22.644094], [120.333204, 22.64403], [120.332861, 22.644074], [120.332717, 22.644001], [120.332866, 22.64392], [120.332848, 22.643794], [120.333058, 22.643803], [120.333151, 22.644093], [120.333427, 22.644148], [120.333362, 22.644419], [120.332694, 22.644407], [120.332765, 22.644507], [120.33263, 22.644542], [120.333511, 22.644546], [120.333436, 22.644771], [120.333091, 22.644736], [120.333506, 22.644456], [120.33394, 22.64443], [120.334127, 22.644585], [120.334376, 22.644522], [120.334319, 22.644827], [120.333916, 22.644737], [120.333811, 22.644665], [120.333932, 22.644523], [120.334364, 22.644837], [120.334614, 22.644794], [120.334452, 22.643981], [120.334608, 22.643918], [120.334809, 22.644958], [120.334795, 22.645012], [120.334642, 22.64496], [120.334626, 22.644858], [120.334989, 22.644805], [120.335007, 22.645085], [120.335068, 22.644692], [120.334965, 22.644705], [120.334756, 22.643783], [120.335207, 22.643776], [120.335141, 22.644126], [120.335038, 22.644089], [120.335053, 22.643963], [120.334949, 22.644077], [120.334974, 22.644168], [120.335127, 22.644218], [120.334982, 22.644769], [120.33548, 22.644121], [120.335461, 22.643759], [120.335788, 22.643743], [120.335689, 22.64386], [120.335841, 22.643923], [120.336067, 22.643879], [120.336056, 22.64373], [120.335971, 22.643734], [120.335872, 22.644057], [120.335606, 22.643995], [120.335596, 22.644076], [120.334661, 22.643774], [120.333779, 22.643734], [120.3338, 22.644014], [120.334041, 22.643988], [120.334113, 22.643889], [120.334208, 22.644142], [120.333749, 22.644117], [120.333702, 22.6447], [120.334295, 22.644134], [120.333525, 22.643394], [120.333055, 22.643384], [120.333088, 22.642633], [120.333234, 22.64264], [120.333224, 22.642712], [120.333406, 22.642667], [120.333491, 22.642859], [120.333459, 22.64321], [120.333518, 22.643323], [120.333199, 22.643234], [120.33332, 22.642938], [120.332854, 22.643107], [120.332812, 22.643306], [120.332614, 22.643211], [120.332394, 22.643259], [120.332393, 22.643349], [120.332444, 22.64302], [120.33231, 22.643015], [120.332362, 22.642663], [120.332512, 22.642668], [120.332543, 22.643025], [120.332782, 22.64319], [120.33286, 22.643338], [120.332916, 22.643315], [120.332756, 22.642641], [120.333106, 22.642328], [120.333063, 22.642188], [120.333168, 22.642191], [120.333408, 22.641782], [120.333603, 22.64172], [120.333525, 22.641611], [120.333401, 22.64161], [120.333383, 22.641701], [120.333127, 22.641678], [120.333126, 22.641745], [120.333116, 22.641603], [120.332955, 22.641762], [120.332525, 22.641634], [120.332601, 22.641959], [120.332485, 22.641959], [120.332401, 22.641949], [120.332426, 22.641597], [120.332374, 22.642555], [120.33264, 22.641959], [120.332956, 22.641992], [120.332962, 22.641903], [120.332763, 22.641893], [120.333584, 22.641557], [120.332552, 22.641083], [120.332505, 22.644199], [120.335556, 22.645717]]}}, {"type": "Feature", "properties": {"district": "6400500", "segment": 14, "total_segments": 47, "km": 10.46, "villages": ["寶安里"]}, "geometry": {"type": "LineString", "coordinates": [[120.33192, 22.642648], [120.332002, 22.641957], [120.331999, 22.640927], [120.331573, 22.640916], [120.331592, 22.641377], [120.331691, 22.641414], [120.331589, 22.64144], [120.331581, 22.641612], [120.331697, 22.641612], [120.331578, 22.641666], [120.331721, 22.641757], [120.331716, 22.641965], [120.331876, 22.641965], [120.330479, 22.64221], [120.330077, 22.642049], [120.329303, 22.642297], [120.3291, 22.641581], [120.329334, 22.641511], [120.329506, 22.641992], [120.329463, 22.642105], [120.329792, 22.64199], [120.329576, 22.641537], [120.329823, 22.641443], [120.330041, 22.641579], [120.330054, 22.641453], [120.329767, 22.641703], [120.329945, 22.64183], [120.329977, 22.641947], [120.330375, 22.641489], [120.330404, 22.640895], [120.330334, 22.640897], [120.330846, 22.640899], [120.330536, 22.641219], [120.330653, 22.641418], [120.33061, 22.641467], [120.330745, 22.641348], [120.331327, 22.641412], [120.331378, 22.640916], [120.331007, 22.640977], [120.331199, 22.64105], [120.331199, 22.64124], [120.331139, 22.64124], [120.331325, 22.641448], [120.33132, 22.641755], [120.331252, 22.641809], [120.330773, 22.64187], [120.331709, 22.64126], [120.331816, 22.640592], [120.332028, 22.640539], [120.332062, 22.639744], [120.331484, 22.640395], [120.331463, 22.640557], [120.331711, 22.640563], [120.331344, 22.64057], [120.331336, 22.639841], [120.331397, 22.639648], [120.331571, 22.639652], [120.331513, 22.639345], [120.331412, 22.639214], [120.330613, 22.639368], [120.330635, 22.639504], [120.331179, 22.639386], [120.33132, 22.639406], [120.331351, 22.639519], [120.331315, 22.639626], [120.330969, 22.63973], [120.331053, 22.640553], [120.330818, 22.640561], [120.330879, 22.640001], [120.3306, 22.640045], [120.330634, 22.64056], [120.330439, 22.640569], [120.33035, 22.640029], [120.33032, 22.640098], [120.330508, 22.640034], [120.330508, 22.639882], [120.3306, 22.639865], [120.330516, 22.639813], [120.330318, 22.638942], [120.330403, 22.638925], [120.330092, 22.639014], [120.330262, 22.639517], [120.330288, 22.639898], [120.330166, 22.639449], [120.32986, 22.639473], [120.330092, 22.640603], [120.329552, 22.640682], [120.329401, 22.639986], [120.329348, 22.640011], [120.329366, 22.640096], [120.329529, 22.640056], [120.32952, 22.639905], [120.329386, 22.639706], [120.32931, 22.639706], [120.329465, 22.639463], [120.329117, 22.639485], [120.329103, 22.63942], [120.329145, 22.639651], [120.32892, 22.639558], [120.32887, 22.639258], [120.328616, 22.639211], [120.328247, 22.639309], [120.328213, 22.639373], [120.328512, 22.639973], [120.328628, 22.639902], [120.328482, 22.639651], [120.328444, 22.639467], [120.328523, 22.639449], [120.328148, 22.639495], [120.327843, 22.64037], [120.327888, 22.640525], [120.32777, 22.640586], [120.327533, 22.641242], [120.327773, 22.64117], [120.327817, 22.641065], [120.328161, 22.640963], [120.328228, 22.641007], [120.328252, 22.640914], [120.328406, 22.640954], [120.328687, 22.640871], [120.328569, 22.640778], [120.328243, 22.639853], [120.328547, 22.640055], [120.328615, 22.640218], [120.328677, 22.640218], [120.328654, 22.640064], [120.328837, 22.640074], [120.328884, 22.640327], [120.328688, 22.640393], [120.328652, 22.640332], [120.328741, 22.640534], [120.329016, 22.640418], [120.32901, 22.64031], [120.328928, 22.640318], [120.329129, 22.640241], [120.329237, 22.640779], [120.328865, 22.64086], [120.328924, 22.641158], [120.329478, 22.64104], [120.32962, 22.64121], [120.329576, 22.641053], [120.329683, 22.640998], [120.328985, 22.641276], [120.329262, 22.641792], [120.328244, 22.640719], [120.328048, 22.640351], [120.328054, 22.640282], [120.328223, 22.64025], [120.32746, 22.640168], [120.327389, 22.640348], [120.326896, 22.640536], [120.326885, 22.640247], [120.326701, 22.640312], [120.326727, 22.64058], [120.326631, 22.640604], [120.326581, 22.640327], [120.326365, 22.640362], [120.326206, 22.639603], [120.326118, 22.639611], [120.326314, 22.640669], [120.326416, 22.640606], [120.326373, 22.640407], [120.326069, 22.640448], [120.326102, 22.640704], [120.325885, 22.640622], [120.325753, 22.639664], [120.32581, 22.639549], [120.325908, 22.639656], [120.326062, 22.64041], [120.325728, 22.640594], [120.325701, 22.640729], [120.325603, 22.640672], [120.325619, 22.640594], [120.324676, 22.640571], [120.324624, 22.64086], [120.324961, 22.640889], [120.325004, 22.640708], [120.325182, 22.640817], [120.32549, 22.640765], [120.325691, 22.640918], [120.325742, 22.641189], [120.326016, 22.64111], [120.326099, 22.641309], [120.326534, 22.641157], [120.327038, 22.641331], [120.327058, 22.641268], [120.325818, 22.640914], [120.32549, 22.640476], [120.325397, 22.63959], [120.325064, 22.639803], [120.324868, 22.639686], [120.324815, 22.640203], [120.325291, 22.640204], [120.325302, 22.640384], [120.324685, 22.640463], [120.324652, 22.640195], [120.324764, 22.6402], [120.326053, 22.63954], [120.326439, 22.639495], [120.326428, 22.639585], [120.326934, 22.639465], [120.32702, 22.63994], [120.326775, 22.639929], [120.326705, 22.639596], [120.326795, 22.639768], [120.327459, 22.639404], [120.329711, 22.639066], [120.329839, 22.639383], [120.329376, 22.639887], [120.329648, 22.640023], [120.329877, 22.639979], [120.329858, 22.64016], [120.329656, 22.640195], [120.329622, 22.640303], [120.329531, 22.640222], [120.330713, 22.640556], [120.330719, 22.639793], [120.330865, 22.639807], [120.330841, 22.639667], [120.330684, 22.639694], [120.330998, 22.639594], [120.331683, 22.639833], [120.3318, 22.639608], [120.331662, 22.63911], [120.332024, 22.639049], [120.332118, 22.639517], [120.331896, 22.639608], [120.329688, 22.638606], [120.318199, 22.641836], [120.317973, 22.641808]]}}, {"type": "Feature", "properties": {"district": "6400500", "segment": 15, "total_segments": 47, "km": 13.03, "villages": ["寶盛里", "寶獅里"]}, "geometry": {"type": "LineString", "coordinates": [[120.324761, 22.639266], [120.324958, 22.638833], [120.325041, 22.63918], [120.324903, 22.639236], [120.325293, 22.639214], [120.325357, 22.639101], [120.32587, 22.639138], [120.326926, 22.639017], [120.326758, 22.63835], [120.326664, 22.638358], [120.326763, 22.638895], [120.326563, 22.638889], [120.326443, 22.63826], [120.326724, 22.638264], [120.326681, 22.638058], [120.325566, 22.638245], [120.325558, 22.638436], [120.32594, 22.638394], [120.325922, 22.638294], [120.326101, 22.638263], [120.326129, 22.638358], [120.326739, 22.638053], [120.326613, 22.63775], [120.325451, 22.637983], [120.325414, 22.637757], [120.325197, 22.637801], [120.325236, 22.638045], [120.325169, 22.638241], [120.325241, 22.638342], [120.325264, 22.638244], [120.325285, 22.638517], [120.324857, 22.638387], [120.324846, 22.638112], [120.32495, 22.638071], [120.324931, 22.637674], [120.325189, 22.637738], [120.325397, 22.63801], [120.325649, 22.637796], [120.326247, 22.637684], [120.326226, 22.637595], [120.325625, 22.637671], [120.325595, 22.637529], [120.326938, 22.637301], [120.326889, 22.637366], [120.327044, 22.637285], [120.327079, 22.637394], [120.326846, 22.637727], [120.326502, 22.637639], [120.326479, 22.637548], [120.326564, 22.637536], [120.326465, 22.637204], [120.327265, 22.637754], [120.32768, 22.637568], [120.327517, 22.637161], [120.327743, 22.637189], [120.329353, 22.636906], [120.329383, 22.637042], [120.328162, 22.637297], [120.327725, 22.637288], [120.327801, 22.63755], [120.327989, 22.637488], [120.328015, 22.637678], [120.327842, 22.637668], [120.32776, 22.637812], [120.327868, 22.638065], [120.328126, 22.63794], [120.328159, 22.638003], [120.328051, 22.637768], [120.327876, 22.637849], [120.328143, 22.638185], [120.328496, 22.63795], [120.32832, 22.637536], [120.329422, 22.637367], [120.329295, 22.637484], [120.329358, 22.637755], [120.329491, 22.637725], [120.329482, 22.637649], [120.329603, 22.638298], [120.329392, 22.638306], [120.329372, 22.638207], [120.329266, 22.638324], [120.329211, 22.637972], [120.328758, 22.638087], [120.328655, 22.637599], [120.328782, 22.637572], [120.32879, 22.637843], [120.329184, 22.637791], [120.329122, 22.63752], [120.329203, 22.637502], [120.329003, 22.637528], [120.32904, 22.637709], [120.329355, 22.637945], [120.329441, 22.637936], [120.329379, 22.638063], [120.329866, 22.637938], [120.329933, 22.638245], [120.330341, 22.638148], [120.330236, 22.63784], [120.329859, 22.637893], [120.330212, 22.638373], [120.3312, 22.638197], [120.331435, 22.638198], [120.331472, 22.638306], [120.331991, 22.638209], [120.331732, 22.638163], [120.331645, 22.637864], [120.33179, 22.63782], [120.331708, 22.637603], [120.330668, 22.637779], [120.330751, 22.638113], [120.330952, 22.637952], [120.331388, 22.637836], [120.331595, 22.637864], [120.331419, 22.638315], [120.329665, 22.638651], [120.329573, 22.63865], [120.329565, 22.638539], [120.329678, 22.63856], [120.329277, 22.638721], [120.32853, 22.638827], [120.328942, 22.638312], [120.328579, 22.637902], [120.328527, 22.637625], [120.327485, 22.638286], [120.327729, 22.638959], [120.327227, 22.638993], [120.327099, 22.638351], [120.327435, 22.638774], [120.326562, 22.638932], [120.326266, 22.638871], [120.329908, 22.637461], [120.329766, 22.637352], [120.32975, 22.63723], [120.330078, 22.63718], [120.329986, 22.636728], [120.330125, 22.636711], [120.330283, 22.637515], [120.331676, 22.637247], [120.331656, 22.637033], [120.330658, 22.637243], [120.330617, 22.636984], [120.330545, 22.637074], [120.33045, 22.637083], [120.330436, 22.637019], [120.330506, 22.637381], [120.330678, 22.637364], [120.330666, 22.6373], [120.330413, 22.63692], [120.330356, 22.636667], [120.330509, 22.636713], [120.331604, 22.636536], [120.331649, 22.63669], [120.3305, 22.636848], [120.330085, 22.637217], [120.330163, 22.637542], [120.330081, 22.637551], [120.330241, 22.637524], [120.330275, 22.637831], [120.332057, 22.637568], [120.333561, 22.637267], [120.333611, 22.637556], [120.333277, 22.637609], [120.333416, 22.63751], [120.333388, 22.637375], [120.333154, 22.637446], [120.333129, 22.637581], [120.333188, 22.637618], [120.332886, 22.637617], [120.332938, 22.637535], [120.332275, 22.637668], [120.332132, 22.637857], [120.332086, 22.637667], [120.332139, 22.638011], [120.332832, 22.637887], [120.332866, 22.63805], [120.332105, 22.638182], [120.332156, 22.638119], [120.334515, 22.637768], [120.334415, 22.63761], [120.334529, 22.637419], [120.334287, 22.637092], [120.334535, 22.637063], [120.334555, 22.637163], [120.334911, 22.637101], [120.334928, 22.637219], [120.335377, 22.637058], [120.335407, 22.637121], [120.335548, 22.637104], [120.335544, 22.637031], [120.335642, 22.637014], [120.335635, 22.637095], [120.335557, 22.636526], [120.335572, 22.636445], [120.33576, 22.6364], [120.335621, 22.636192], [120.335687, 22.636174], [120.335134, 22.636298], [120.335257, 22.636552], [120.335464, 22.636516], [120.335448, 22.636345], [120.335293, 22.636371], [120.335214, 22.636561], [120.335016, 22.636605], [120.334885, 22.636433], [120.334594, 22.636504], [120.334733, 22.636838], [120.335038, 22.636749], [120.335021, 22.636641], [120.334926, 22.636659], [120.334905, 22.63655], [120.334783, 22.636577], [120.334896, 22.637047], [120.335046, 22.636786], [120.335508, 22.636715], [120.335513, 22.636941], [120.335357, 22.636977], [120.335015, 22.63646], [120.334912, 22.636081], [120.335669, 22.635975], [120.335543, 22.635812], [120.334398, 22.636006], [120.334377, 22.636223], [120.335446, 22.63592], [120.335583, 22.635803], [120.33644, 22.63569], [120.336371, 22.635924], [120.336463, 22.636557], [120.336375, 22.636583], [120.33626, 22.635815], [120.336038, 22.63586], [120.336286, 22.636773], [120.336228, 22.636791], [120.33595, 22.636844], [120.335988, 22.636645], [120.335855, 22.635841], [120.336444, 22.63671], [120.33645, 22.636773], [120.336351, 22.636764], [120.336388, 22.636962], [120.335987, 22.637006], [120.335962, 22.636889], [120.336057, 22.637296], [120.336342, 22.637272], [120.336334, 22.637192], [120.336481, 22.637177], [120.336388, 22.63736], [120.336168, 22.63745], [120.336291, 22.63751], [120.336013, 22.637485], [120.335247, 22.637635], [120.335222, 22.637518], [120.335019, 22.637535], [120.335053, 22.637671], [120.336015, 22.637304], [120.336544, 22.636944], [120.333877, 22.637196], [120.333946, 22.637718], [120.334052, 22.637702], [120.334016, 22.637603], [120.334155, 22.637595], [120.334163, 22.637532], [120.334079, 22.636871], [120.333801, 22.636916], [120.333835, 22.636609], [120.333737, 22.636627], [120.33408, 22.636555], [120.333953, 22.636273], [120.332579, 22.636532], [120.332531, 22.636369], [120.333917, 22.636101], [120.33338, 22.636589], [120.333455, 22.636969], [120.332711, 22.637101], [120.332753, 22.636921], [120.332859, 22.636903], [120.332879, 22.636984], [120.33298, 22.636894], [120.332936, 22.636723], [120.333085, 22.636696], [120.333115, 22.63694], [120.333279, 22.636869], [120.333263, 22.636634], [120.333183, 22.636642], [120.333312, 22.636598], [120.333522, 22.63696], [120.332776, 22.636786], [120.332713, 22.636686], [120.332805, 22.636704], [120.332638, 22.636902], [120.332413, 22.636874], [120.331949, 22.63698], [120.331995, 22.637188], [120.332409, 22.637163], [120.33263, 22.63711], [120.332534, 22.637037], [120.332322, 22.637063], [120.332302, 22.636991], [120.332378, 22.636973], [120.33222, 22.636593], [120.331803, 22.636655], [120.331889, 22.636484], [120.332443, 22.636377], [120.332433, 22.636558], [120.332296, 22.636567], [120.332276, 22.636476], [120.331762, 22.636465], [120.333006, 22.637969], [120.334174, 22.637685]]}}, {"type": "Feature", "properties": {"district": "6400500", "segment": 16, "total_segments": 47, "km": 14.97, "villages": ["寶德里", "寶國里"]}, "geometry": {"type": "LineString", "coordinates": [[120.335059, 22.63814], [120.336254, 22.637919], [120.336428, 22.638923], [120.336551, 22.638905], [120.336575, 22.638129], [120.336515, 22.638163], [120.336614, 22.638404], [120.336527, 22.639447], [120.336634, 22.639899], [120.336342, 22.639843], [120.335439, 22.640074], [120.335455, 22.639759], [120.335538, 22.639831], [120.335994, 22.639752], [120.335882, 22.639408], [120.335379, 22.639523], [120.335275, 22.638972], [120.335558, 22.638901], [120.335613, 22.638964], [120.335598, 22.638838], [120.335539, 22.638711], [120.335243, 22.638801], [120.33616, 22.638584], [120.336233, 22.638841], [120.335754, 22.638875], [120.335562, 22.639109], [120.335617, 22.639353], [120.335677, 22.639181], [120.336282, 22.639076], [120.336228, 22.639229], [120.336255, 22.639328], [120.336321, 22.63932], [120.335916, 22.639372], [120.336489, 22.639293], [120.336505, 22.639356], [120.336461, 22.639049], [120.336052, 22.638235], [120.335666, 22.638296], [120.334548, 22.639229], [120.334843, 22.639929], [120.335112, 22.639881], [120.335094, 22.639713], [120.335169, 22.640107], [120.335121, 22.640218], [120.333962, 22.6404], [120.333713, 22.640773], [120.333873, 22.641269], [120.333846, 22.641775], [120.334134, 22.641749], [120.334165, 22.64202], [120.334611, 22.641986], [120.334625, 22.642049], [120.334544, 22.641687], [120.33447, 22.641597], [120.334269, 22.641632], [120.334006, 22.64155], [120.334126, 22.641704], [120.334389, 22.641813], [120.33441, 22.641913], [120.334116, 22.64202], [120.334178, 22.642264], [120.33523, 22.642133], [120.335237, 22.642377], [120.335126, 22.642385], [120.335217, 22.642684], [120.335187, 22.643153], [120.334667, 22.643106], [120.334682, 22.642952], [120.335101, 22.643008], [120.334968, 22.642782], [120.334708, 22.642799], [120.334707, 22.642853], [120.334769, 22.642519], [120.334969, 22.642556], [120.334985, 22.642619], [120.334912, 22.642276], [120.334826, 22.642402], [120.334208, 22.642399], [120.334234, 22.642562], [120.33437, 22.642572], [120.334348, 22.643384], [120.3338, 22.643364], [120.333863, 22.642913], [120.333977, 22.64294], [120.333965, 22.643292], [120.334222, 22.643303], [120.334268, 22.642896], [120.333979, 22.642877], [120.333948, 22.642554], [120.334377, 22.642518], [120.334663, 22.643151], [120.33465, 22.643295], [120.335184, 22.643243], [120.335162, 22.643406], [120.3346, 22.643394], [120.335775, 22.643417], [120.335695, 22.643291], [120.335505, 22.643272], [120.335484, 22.643362], [120.335589, 22.642622], [120.335921, 22.642614], [120.336077, 22.643373], [120.335883, 22.643382], [120.335782, 22.642731], [120.33566, 22.642893], [120.335532, 22.642811], [120.335651, 22.643137], [120.336163, 22.643058], [120.336228, 22.643352], [120.336454, 22.643321], [120.336313, 22.643176], [120.336399, 22.642526], [120.336021, 22.642597], [120.336157, 22.643022], [120.336267, 22.642878], [120.336256, 22.642688], [120.336175, 22.642697], [120.336299, 22.642679], [120.336478, 22.642508], [120.336358, 22.642327], [120.336281, 22.642345], [120.336245, 22.641956], [120.336612, 22.641885], [120.336564, 22.64166], [120.335557, 22.641821], [120.335518, 22.641628], [120.335816, 22.641584], [120.335811, 22.641467], [120.335712, 22.641481], [120.335729, 22.641329], [120.335956, 22.641305], [120.335993, 22.641648], [120.336174, 22.641622], [120.336064, 22.641287], [120.336139, 22.641269], [120.336282, 22.641407], [120.336316, 22.641581], [120.336432, 22.641559], [120.336396, 22.641352], [120.336651, 22.641317], [120.336583, 22.641398], [120.336617, 22.641651], [120.336587, 22.64119], [120.33642, 22.641171], [120.336632, 22.641091], [120.336651, 22.640919], [120.336299, 22.640981], [120.336352, 22.641234], [120.336163, 22.64099], [120.335742, 22.641123], [120.335675, 22.641051], [120.335696, 22.641168], [120.335313, 22.641265], [120.33571, 22.640798], [120.336096, 22.640691], [120.336119, 22.640764], [120.335917, 22.640799], [120.336326, 22.640728], [120.336259, 22.640665], [120.336462, 22.640621], [120.336427, 22.640711], [120.336613, 22.640702], [120.336291, 22.640945], [120.336626, 22.641181], [120.336382, 22.640376], [120.336293, 22.640295], [120.335811, 22.640383], [120.335848, 22.640465], [120.335994, 22.640447], [120.336208, 22.640403], [120.336332, 22.640286], [120.336714, 22.64026], [120.335721, 22.640447], [120.335642, 22.640527], [120.334664, 22.640558], [120.334332, 22.640806], [120.334472, 22.641146], [120.334648, 22.641158], [120.335324, 22.642115], [120.335402, 22.642097], [120.335395, 22.642432], [120.335977, 22.642298], [120.335997, 22.642407], [120.335228, 22.642494], [120.335096, 22.642241], [120.336078, 22.642073], [120.336135, 22.642371], [120.336507, 22.642284], [120.33655, 22.642163], [120.336202, 22.641965], [120.3355, 22.642089], [120.335093, 22.642755], [120.333123, 22.639467], [120.337726, 22.640048], [120.337984, 22.640013], [120.338146, 22.640926], [120.338228, 22.640989], [120.338308, 22.64136], [120.338221, 22.641377], [120.338068, 22.641277], [120.338023, 22.64107], [120.338155, 22.641025], [120.33806, 22.640862], [120.337725, 22.640927], [120.337723, 22.640806], [120.338033, 22.640726], [120.338002, 22.640573], [120.337762, 22.640554], [120.337765, 22.640436], [120.337976, 22.640464], [120.33791, 22.640265], [120.337768, 22.640238], [120.337764, 22.640346], [120.337885, 22.640121], [120.338354, 22.639906], [120.338303, 22.640014], [120.338504, 22.640683], [120.338274, 22.640727], [120.338311, 22.640899], [120.338435, 22.640945], [120.338514, 22.641324], [120.339253, 22.641183], [120.338942, 22.639972], [120.338716, 22.640065], [120.33888, 22.641154], [120.33876, 22.64119], [120.338699, 22.641018], [120.338602, 22.641216], [120.338348, 22.641351], [120.338397, 22.641586], [120.338125, 22.641604], [120.338042, 22.641773], [120.338382, 22.641703], [120.338472, 22.641947], [120.338396, 22.641961], [120.338672, 22.641912], [120.33856, 22.641559], [120.338489, 22.641568], [120.338978, 22.64148], [120.339222, 22.642917], [120.339595, 22.642828], [120.339318, 22.642013], [120.339506, 22.641909], [120.339625, 22.641911], [120.339604, 22.641976], [120.339855, 22.641944], [120.339986, 22.642748], [120.339705, 22.64281], [120.339776, 22.642596], [120.339852, 22.642585], [120.339739, 22.642531], [120.339668, 22.642307], [120.33979, 22.642296], [120.339642, 22.642154], [120.339963, 22.641728], [120.339865, 22.641303], [120.340006, 22.641303], [120.340216, 22.641801], [120.340397, 22.642669], [120.341145, 22.642545], [120.340926, 22.641681], [120.340617, 22.641812], [120.340761, 22.642517], [120.340986, 22.642427], [120.340947, 22.642219], [120.340788, 22.642255], [120.340807, 22.64212], [120.340923, 22.642102], [120.340762, 22.642119], [120.34072, 22.641911], [120.340878, 22.641894], [120.340607, 22.641767], [120.340528, 22.641513], [120.340734, 22.641436], [120.340747, 22.641528], [120.340917, 22.64147], [120.340934, 22.641542], [120.341336, 22.641408], [120.34127, 22.641083], [120.34078, 22.641171], [120.340797, 22.641248], [120.340891, 22.641235], [120.340835, 22.641424], [120.341112, 22.641362], [120.341074, 22.641434], [120.341087, 22.641236], [120.340432, 22.641233], [120.340628, 22.641324], [120.340493, 22.640946], [120.341183, 22.640857], [120.341228, 22.640496], [120.341435, 22.640479], [120.341283, 22.640306], [120.341096, 22.640378], [120.340894, 22.639474], [120.341248, 22.639436], [120.341343, 22.640192], [120.341138, 22.640477], [120.340884, 22.640548], [120.340966, 22.640648], [120.340925, 22.640802], [120.341, 22.640811], [120.340819, 22.640819], [120.340749, 22.640647], [120.34062, 22.640674], [120.340743, 22.640575], [120.340526, 22.639554], [120.340087, 22.639614], [120.340256, 22.640121], [120.340519, 22.640023], [120.340496, 22.640156], [120.340607, 22.640439], [120.339983, 22.640599], [120.339776, 22.639686], [120.339682, 22.639704], [120.339967, 22.639604], [120.33992, 22.639778], [120.340103, 22.640473], [120.340333, 22.640402], [120.340394, 22.640294], [120.340434, 22.640375], [120.340371, 22.63986], [120.340452, 22.639842], [120.340293, 22.639824], [120.340605, 22.639536], [120.341149, 22.639357], [120.341492, 22.641219], [120.34168, 22.641672], [120.341669, 22.641735], [120.341504, 22.641761], [120.341459, 22.641644], [120.341573, 22.641617], [120.341291, 22.641643], [120.341495, 22.642502], [120.341405, 22.642519], [120.341799, 22.642395], [120.341816, 22.642467], [120.341707, 22.642462], [120.341792, 22.642349], [120.341704, 22.641762], [120.341282, 22.641598], [120.340377, 22.641766], [120.340531, 22.642552], [120.340037, 22.64274], [120.339697, 22.642613], [120.339307, 22.642673], [120.339335, 22.6428], [120.339127, 22.641453], [120.339291, 22.641418], [120.339345, 22.641843], [120.339087, 22.641462], [120.338898, 22.640233], [120.338703, 22.640017], [120.338702, 22.639907], [120.339438, 22.639734], [120.339471, 22.639864], [120.339399, 22.63991], [120.339569, 22.640498], [120.33954, 22.640669], [120.339289, 22.640641], [120.339235, 22.640451], [120.339428, 22.64047], [120.339246, 22.640379], [120.33916, 22.639936], [120.339292, 22.639964], [120.339292, 22.640163], [120.339391, 22.64028], [120.339263, 22.640686], [120.33936, 22.640958], [120.339311, 22.640972], [120.339505, 22.640877], [120.340171, 22.6408]]}}, {"type": "Feature", "properties": {"district": "6400500", "segment": 17, "total_segments": 47, "km": 13.36, "villages": ["寶國里", "寶慶里", "寶民里"]}, "geometry": {"type": "LineString", "coordinates": [[120.338638, 22.639925], [120.338139, 22.640068], [120.338268, 22.640691], [120.337937, 22.641078], [120.337726, 22.641113], [120.337766, 22.641448], [120.337672, 22.641464], [120.337952, 22.641367], [120.338064, 22.641404], [120.337863, 22.641674], [120.337679, 22.641682], [120.337706, 22.642324], [120.337938, 22.642279], [120.33796, 22.642379], [120.337841, 22.641764], [120.338207, 22.641964], [120.338442, 22.643039], [120.338605, 22.643005], [120.338384, 22.642173], [120.338741, 22.64212], [120.338912, 22.642943], [120.338713, 22.642987], [120.338762, 22.642897], [120.338631, 22.642228], [120.338726, 22.642039], [120.33772, 22.641077], [120.337714, 22.640608], [120.338247, 22.639508], [120.337704, 22.642387], [120.337731, 22.642977], [120.337598, 22.643154], [120.337905, 22.643038], [120.337983, 22.643128], [120.338139, 22.643102], [120.337981, 22.642559], [120.337851, 22.642487], [120.337834, 22.642965], [120.338389, 22.643049], [120.337826, 22.639669], [120.338311, 22.639581], [120.33809, 22.63883], [120.338536, 22.638751], [120.338519, 22.638651], [120.338695, 22.638706], [120.338848, 22.639484], [120.338551, 22.639536], [120.338559, 22.639013], [120.338417, 22.63866], [120.337869, 22.638732], [120.337975, 22.638848], [120.338119, 22.639426], [120.337874, 22.639445], [120.337876, 22.639552], [120.337806, 22.638053], [120.338275, 22.637964], [120.338257, 22.638108], [120.337969, 22.638161], [120.337969, 22.63836], [120.338501, 22.638281], [120.33854, 22.638417], [120.337984, 22.638505], [120.338641, 22.638444], [120.338808, 22.638409], [120.338779, 22.638291], [120.338676, 22.638336], [120.338581, 22.637875], [120.339064, 22.637841], [120.339147, 22.638468], [120.339044, 22.638526], [120.338979, 22.6385], [120.338939, 22.638265], [120.338946, 22.638183], [120.339047, 22.638175], [120.338872, 22.638192], [120.33887, 22.638003], [120.338749, 22.638025], [120.339006, 22.637976], [120.339053, 22.637778], [120.339227, 22.637746], [120.339348, 22.638346], [120.339554, 22.638701], [120.339623, 22.639342], [120.340491, 22.63921], [120.340442, 22.638975], [120.340014, 22.63912], [120.339972, 22.638991], [120.340182, 22.638956], [120.34015, 22.638793], [120.339939, 22.63882], [120.339908, 22.638702], [120.340372, 22.63865], [120.34041, 22.638813], [120.340254, 22.638794], [120.340221, 22.638532], [120.340426, 22.638406], [120.339848, 22.638413], [120.339871, 22.638539], [120.340094, 22.638504], [120.339911, 22.638215], [120.339979, 22.63817], [120.340334, 22.638135], [120.340353, 22.638252], [120.340286, 22.637936], [120.339802, 22.638124], [120.339855, 22.637898], [120.33976, 22.637907], [120.339728, 22.637789], [120.340109, 22.637664], [120.340074, 22.637457], [120.339669, 22.637527], [120.339652, 22.637446], [120.339729, 22.637437], [120.339639, 22.637319], [120.33916, 22.637371], [120.339423, 22.637463], [120.339598, 22.638267], [120.339568, 22.638461], [120.339687, 22.638446], [120.339786, 22.639198], [120.339365, 22.639395], [120.338895, 22.639475], [120.339074, 22.639349], [120.339, 22.63906], [120.339226, 22.63907], [120.339274, 22.639314], [120.339244, 22.639016], [120.339156, 22.638672], [120.339, 22.638744], [120.338924, 22.638698], [120.338872, 22.63877], [120.338829, 22.638526], [120.338776, 22.638535], [120.338816, 22.638472], [120.338984, 22.638563], [120.339227, 22.638564], [120.339257, 22.63869], [120.339237, 22.63851], [120.339103, 22.638907], [120.338897, 22.638897], [120.338938, 22.639068], [120.339821, 22.638232], [120.339919, 22.637826], [120.340087, 22.637818], [120.340117, 22.637701], [120.3401, 22.637854], [120.339803, 22.637672], [120.339697, 22.637689], [120.339905, 22.637293], [120.340065, 22.637258], [120.338903, 22.637495], [120.338217, 22.637539], [120.338067, 22.637801], [120.338241, 22.637774], [120.33784, 22.637882], [120.337879, 22.637117], [120.338143, 22.637133], [120.338004, 22.636527], [120.337823, 22.636571], [120.337814, 22.636704], [120.337726, 22.636734], [120.337885, 22.636935], [120.337752, 22.63704], [120.337702, 22.635632], [120.337619, 22.635649], [120.337832, 22.635596], [120.337946, 22.636202], [120.337833, 22.636246], [120.338, 22.636193], [120.338107, 22.636049], [120.338733, 22.635784], [120.338653, 22.635549], [120.338484, 22.63556], [120.338498, 22.635728], [120.338154, 22.63567], [120.338148, 22.635594], [120.337999, 22.635614], [120.338107, 22.635922], [120.338278, 22.635824], [120.338258, 22.635589], [120.338205, 22.635598], [120.338321, 22.635568], [120.33832, 22.635264], [120.338182, 22.63529], [120.338208, 22.635435], [120.338015, 22.635443], [120.337999, 22.635317], [120.337908, 22.635398], [120.33764, 22.635424], [120.338524, 22.63522], [120.338582, 22.635391], [120.338724, 22.635403], [120.338682, 22.635195], [120.338813, 22.635175], [120.338852, 22.635399], [120.339007, 22.635393], [120.338965, 22.635149], [120.339161, 22.635114], [120.339218, 22.635385], [120.33933, 22.635376], [120.339271, 22.635096], [120.3396, 22.635098], [120.339648, 22.635308], [120.339505, 22.635296], [120.339484, 22.635205], [120.33951, 22.63535], [120.339569, 22.635504], [120.339736, 22.635459], [120.339122, 22.635656], [120.339077, 22.635537], [120.339223, 22.63552], [120.338925, 22.635664], [120.338982, 22.63605], [120.338326, 22.636293], [120.338456, 22.63708], [120.339156, 22.636947], [120.339023, 22.636838], [120.339096, 22.636739], [120.339061, 22.636644], [120.338833, 22.636675], [120.338869, 22.636874], [120.33877, 22.6369], [120.338688, 22.636568], [120.338644, 22.636295], [120.338753, 22.636313], [120.338807, 22.636557], [120.339129, 22.636459], [120.339102, 22.636358], [120.338932, 22.636395], [120.338897, 22.636224], [120.339042, 22.636218], [120.338999, 22.63613], [120.338465, 22.636375], [120.33858, 22.636927], [120.338406, 22.637088], [120.339359, 22.636812], [120.339633, 22.636615], [120.339938, 22.636562], [120.339927, 22.636779], [120.33949, 22.636876], [120.339452, 22.636443], [120.339829, 22.636336], [120.339801, 22.636038], [120.339696, 22.636073], [120.339721, 22.636263], [120.339526, 22.636298], [120.339303, 22.635927], [120.339212, 22.635963], [120.340167, 22.635696], [120.340221, 22.635895], [120.340414, 22.63585], [120.340318, 22.635534], [120.340502, 22.635472], [120.340534, 22.635833], [120.340279, 22.635552], [120.340109, 22.635596], [120.340044, 22.63528], [120.340291, 22.635164], [120.342355, 22.635085], [120.342034, 22.634755], [120.341937, 22.634773], [120.341984, 22.634999], [120.341806, 22.635025], [120.341767, 22.634691], [120.340953, 22.634841], [120.340859, 22.634886], [120.340881, 22.635058], [120.340842, 22.634823], [120.340611, 22.634858], [120.340637, 22.635057], [120.340514, 22.634957], [120.339706, 22.635053], [120.339822, 22.635253], [120.339943, 22.635216], [120.33989, 22.635108], [120.340131, 22.635091], [120.340839, 22.635553], [120.341008, 22.635526], [120.340996, 22.635419], [120.341071, 22.635474], [120.341707, 22.635431], [120.341721, 22.635558], [120.341298, 22.635664], [120.341402, 22.63627], [120.341165, 22.636287], [120.341023, 22.635582], [120.341131, 22.635582], [120.341231, 22.636107], [120.341517, 22.635918], [120.341788, 22.635874], [120.341757, 22.63574], [120.341492, 22.635792], [120.341283, 22.635565], [120.341153, 22.634874], [120.341438, 22.63484], [120.341465, 22.63502], [120.341728, 22.63498], [120.341702, 22.634853], [120.341577, 22.634871], [120.341924, 22.634665], [120.342474, 22.635425], [120.342428, 22.635543], [120.342652, 22.636257], [120.34258, 22.636275], [120.342838, 22.636222], [120.342872, 22.636334], [120.342809, 22.636346], [120.342962, 22.63632], [120.343212, 22.636208], [120.343002, 22.635978], [120.343579, 22.636035], [120.343549, 22.63503], [120.343676, 22.635024], [120.34365, 22.635119], [120.34385, 22.635107], [120.343845, 22.63503], [120.343959, 22.635034], [120.343954, 22.635108], [120.344264, 22.63504], [120.34427, 22.635099], [120.344263, 22.634504], [120.344088, 22.63466], [120.343927, 22.634654], [120.3439, 22.63454], [120.344065, 22.63453], [120.344126, 22.634909], [120.343712, 22.63465], [120.343673, 22.634538], [120.343761, 22.63454], [120.343578, 22.634544], [120.343575, 22.634652], [120.343716, 22.634357], [120.34394, 22.634273], [120.34428, 22.634241], [120.344727, 22.635948], [120.342448, 22.636166], [120.342133, 22.63609], [120.342186, 22.636374], [120.341727, 22.636425], [120.341613, 22.636141], [120.341428, 22.636433], [120.341505, 22.636523], [120.341129, 22.636585], [120.341099, 22.636473], [120.341182, 22.636441], [120.341314, 22.636432], [120.34026, 22.63678], [120.340224, 22.636617], [120.339979, 22.636779], [120.339985, 22.636129], [120.342314, 22.635587]]}}, {"type": "Feature", "properties": {"district": "6400500", "segment": 18, "total_segments": 47, "km": 14.99, "villages": ["寶華里", "寶業里"]}, "geometry": {"type": "LineString", "coordinates": [[120.342634, 22.636763], [120.342513, 22.636789], [120.342548, 22.636907], [120.342854, 22.636836], [120.342994, 22.637387], [120.343109, 22.637478], [120.343397, 22.637488], [120.343159, 22.637614], [120.343181, 22.637794], [120.34342, 22.63775], [120.343442, 22.637868], [120.343115, 22.637957], [120.343039, 22.63783], [120.34244, 22.637963], [120.342551, 22.638072], [120.342513, 22.638198], [120.342571, 22.638171], [120.342598, 22.638316], [120.342535, 22.638307], [120.342625, 22.638415], [120.342556, 22.638415], [120.34269, 22.638732], [120.342617, 22.638741], [120.342688, 22.638822], [120.342636, 22.63884], [120.342743, 22.638813], [120.342261, 22.638874], [120.342341, 22.638632], [120.342253, 22.638598], [120.342159, 22.638323], [120.342238, 22.638305], [120.34236, 22.638351], [120.342466, 22.638722], [120.342134, 22.638914], [120.341517, 22.638989], [120.341466, 22.638862], [120.342065, 22.638765], [120.342079, 22.638826], [120.34203, 22.638612], [120.341425, 22.638645], [120.341408, 22.638528], [120.341757, 22.63843], [120.341998, 22.638449], [120.342212, 22.638191], [120.34215, 22.63798], [120.342079, 22.637989], [120.342258, 22.637953], [120.342334, 22.637944], [120.342375, 22.638161], [120.342284, 22.638177], [120.342389, 22.638288], [120.34279, 22.637973], [120.342943, 22.637983], [120.342957, 22.638288], [120.343113, 22.638742], [120.343484, 22.638681], [120.343368, 22.638238], [120.343185, 22.638264], [120.343153, 22.63811], [120.343386, 22.638075], [120.343415, 22.638229], [120.3437, 22.638158], [120.343702, 22.637932], [120.343835, 22.637887], [120.343923, 22.638278], [120.343997, 22.638264], [120.344011, 22.638556], [120.344262, 22.638506], [120.343992, 22.637635], [120.344196, 22.637672], [120.344163, 22.637401], [120.344465, 22.637384], [120.344424, 22.637176], [120.343661, 22.637354], [120.343694, 22.637489], [120.344473, 22.63742], [120.34474, 22.638433], [120.344446, 22.638483], [120.344475, 22.638206], [120.34455, 22.63818], [120.344334, 22.638232], [120.344341, 22.638311], [120.344257, 22.637961], [120.344179, 22.637979], [120.343795, 22.637661], [120.343713, 22.637735], [120.343082, 22.637812], [120.34296, 22.637612], [120.342734, 22.637639], [120.342749, 22.637693], [120.342708, 22.637546], [120.342887, 22.637495], [120.342687, 22.637454], [120.342632, 22.637295], [120.342835, 22.63726], [120.342805, 22.637116], [120.342603, 22.637151], [120.342409, 22.637404], [120.341874, 22.637238], [120.341632, 22.637282], [120.341549, 22.637228], [120.341181, 22.637398], [120.341195, 22.637172], [120.341107, 22.637], [120.341566, 22.637002], [120.343017, 22.636692], [120.343145, 22.637108], [120.344183, 22.636959], [120.344147, 22.636832], [120.344309, 22.636806], [120.344355, 22.636941], [120.344087, 22.636507], [120.343113, 22.636692], [120.343153, 22.636918], [120.343824, 22.636786], [120.34391, 22.636876], [120.344124, 22.63648], [120.344248, 22.636471], [120.343102, 22.637117], [120.343727, 22.63842], [120.343866, 22.638411], [120.343849, 22.638294], [120.343966, 22.638564], [120.342998, 22.638769], [120.341699, 22.637743], [120.341465, 22.63796], [120.341275, 22.637895], [120.341249, 22.63772], [120.340907, 22.637785], [120.340737, 22.637116], [120.340589, 22.637197], [120.340324, 22.637196], [120.340437, 22.637314], [120.340515, 22.637783], [120.340585, 22.637766], [120.340595, 22.637857], [120.340478, 22.63791], [120.340514, 22.63813], [120.340588, 22.638028], [120.340773, 22.638028], [120.340723, 22.637593], [120.340547, 22.63754], [120.340599, 22.637386], [120.340656, 22.637387], [120.340567, 22.637648], [120.340942, 22.637957], [120.341106, 22.638967], [120.341088, 22.639059], [120.340823, 22.639137], [120.340716, 22.638389], [120.340527, 22.638371], [120.340828, 22.638191], [120.341187, 22.639087], [120.340802, 22.637107], [120.341724, 22.639337], [120.342046, 22.639262], [120.341977, 22.639415], [120.342017, 22.639614], [120.341899, 22.639641], [120.341876, 22.639514], [120.341801, 22.639505], [120.341632, 22.639594], [120.34161, 22.639476], [120.341869, 22.640769], [120.343455, 22.640451], [120.343437, 22.640333], [120.343503, 22.640324], [120.343593, 22.640343], [120.343645, 22.640686], [120.343898, 22.640642], [120.343932, 22.640769], [120.342772, 22.640972], [120.342756, 22.640854], [120.342978, 22.64079], [120.343585, 22.640704], [120.34363, 22.64102], [120.343351, 22.641137], [120.343252, 22.641085], [120.342071, 22.641339], [120.341974, 22.641275], [120.341993, 22.641599], [120.342101, 22.641675], [120.342209, 22.642279], [120.342376, 22.642316], [120.342525, 22.642298], [120.342324, 22.641403], [120.3422, 22.641475], [120.342263, 22.6418], [120.342697, 22.641757], [120.342685, 22.641342], [120.342801, 22.641739], [120.342753, 22.641793], [120.342995, 22.641749], [120.342931, 22.641334], [120.343136, 22.641298], [120.343344, 22.642157], [120.343293, 22.642184], [120.343014, 22.64221], [120.343072, 22.642093], [120.343003, 22.641785], [120.343536, 22.641679], [120.343499, 22.6412], [120.343788, 22.641229], [120.34396, 22.64206], [120.343601, 22.642133], [120.343543, 22.641715], [120.343649, 22.641752], [120.343577, 22.641408], [120.343781, 22.641193], [120.343749, 22.641021], [120.343927, 22.641004], [120.343989, 22.640877], [120.344288, 22.640849], [120.344313, 22.640967], [120.344264, 22.640562], [120.344039, 22.640606], [120.344492, 22.6405], [120.345198, 22.640386], [120.345275, 22.640693], [120.345284, 22.640783], [120.345057, 22.640773], [120.345056, 22.640566], [120.344818, 22.64061], [120.344841, 22.640691], [120.344721, 22.640727], [120.344767, 22.640844], [120.344572, 22.64088], [120.34457, 22.640753], [120.344649, 22.640751], [120.344692, 22.640618], [120.344442, 22.640653], [120.344707, 22.641919], [120.344903, 22.641892], [120.344704, 22.641007], [120.344833, 22.640827], [120.344911, 22.640818], [120.34506, 22.641057], [120.345139, 22.64146], [120.345301, 22.641443], [120.345201, 22.640966], [120.345338, 22.640973], [120.345527, 22.641723], [120.345524, 22.641814], [120.34524, 22.641682], [120.344416, 22.641972], [120.344343, 22.641294], [120.343708, 22.64103], [120.343344, 22.64036], [120.342077, 22.640562], [120.341985, 22.64039], [120.341897, 22.640399], [120.34388, 22.640028], [120.343911, 22.640164], [120.343533, 22.640225], [120.343306, 22.639998], [120.343149, 22.639059], [120.343052, 22.639076], [120.343425, 22.639006], [120.343497, 22.639024], [120.34344, 22.639149], [120.343628, 22.639551], [120.343387, 22.63951], [120.343466, 22.639879], [120.344029, 22.639866], [120.344365, 22.639768], [120.344384, 22.639533], [120.344241, 22.638991], [120.343933, 22.63914], [120.343978, 22.639414], [120.344227, 22.639379], [120.344197, 22.639253], [120.34412, 22.639261], [120.344192, 22.639596], [120.344268, 22.639578], [120.344377, 22.639958], [120.344523, 22.639931], [120.34457, 22.640275], [120.345031, 22.640204], [120.345139, 22.640132], [120.344789, 22.638734], [120.344549, 22.638802], [120.344764, 22.639706], [120.344722, 22.639914], [120.34465, 22.639932], [120.344718, 22.640131], [120.34495, 22.640086], [120.344904, 22.639873], [120.344379, 22.640075], [120.344455, 22.640292], [120.34453, 22.640283], [120.344186, 22.640038], [120.344063, 22.640065], [120.34393, 22.638937], [120.344259, 22.638855], [120.342762, 22.63912], [120.342778, 22.639202], [120.342615, 22.639138], [120.342812, 22.640069], [120.342924, 22.640051], [120.342824, 22.63931], [120.342486, 22.639345], [120.342606, 22.640086], [120.342485, 22.640094], [120.342337, 22.6392], [120.342476, 22.639173], [120.342477, 22.639309], [120.342103, 22.639845], [120.341839, 22.639946], [120.341781, 22.639712], [120.341845, 22.639704], [120.341902, 22.640047], [120.341866, 22.640236], [120.342119, 22.640129], [120.342131, 22.640192], [120.342495, 22.64014], [120.342612, 22.640854], [120.341891, 22.64095], [120.341931, 22.641179], [120.342648, 22.640998], [120.343691, 22.641942], [120.344022, 22.64206], [120.345334, 22.640928], [120.345794, 22.641044], [120.345993, 22.641748], [120.346117, 22.641542], [120.345806, 22.640862], [120.345685, 22.640337], [120.346059, 22.640202], [120.346208, 22.640179], [120.346324, 22.64067], [120.346608, 22.640995], [120.346667, 22.641303], [120.347201, 22.641015], [120.347229, 22.640861], [120.347535, 22.640817], [120.347553, 22.640871], [120.347504, 22.640705], [120.347766, 22.640643], [120.347772, 22.64081], [120.347954, 22.640764], [120.347978, 22.640608], [120.3479, 22.640614], [120.348169, 22.64056], [120.348146, 22.640662], [120.348107, 22.640711], [120.348045, 22.640382], [120.34812, 22.640364], [120.347944, 22.63975], [120.348064, 22.63972], [120.348034, 22.639515], [120.348285, 22.639452], [120.348298, 22.639388], [120.348062, 22.638416], [120.347702, 22.638438], [120.347767, 22.638767], [120.347611, 22.638785], [120.347566, 22.638465], [120.34734, 22.638257], [120.347429, 22.638178], [120.347405, 22.638012], [120.346709, 22.637911], [120.346844, 22.638463], [120.347252, 22.638121], [120.347914, 22.639317], [120.348046, 22.639287], [120.347963, 22.639002], [120.347727, 22.63936], [120.347586, 22.639337], [120.347456, 22.639479], [120.347315, 22.639498], [120.34733, 22.639665], [120.347965, 22.639531], [120.347822, 22.639778], [120.347928, 22.640166], [120.347373, 22.640294], [120.347457, 22.640507], [120.347717, 22.640455], [120.347636, 22.640368], [120.347926, 22.640416], [120.347782, 22.640032], [120.347337, 22.64016], [120.347233, 22.639967], [120.347726, 22.639846]]}}, {"type": "Feature", "properties": {"district": "6400500", "segment": 19, "total_segments": 47, "km": 14.1, "villages": ["寶業里", "本揚里"]}, "geometry": {"type": "LineString", "coordinates": [[120.347186, 22.639717], [120.347058, 22.639223], [120.347568, 22.639147], [120.348284, 22.639677], [120.348393, 22.64022], [120.348736, 22.639832], [120.348679, 22.6396], [120.349076, 22.63952], [120.349097, 22.639724], [120.349247, 22.639711], [120.349202, 22.639463], [120.349259, 22.639451], [120.349063, 22.639081], [120.348902, 22.639102], [120.348929, 22.639238], [120.348966, 22.638711], [120.348445, 22.63875], [120.348458, 22.638837], [120.348409, 22.638563], [120.349583, 22.638999], [120.350118, 22.638994], [120.350098, 22.638887], [120.349253, 22.639766], [120.349306, 22.640026], [120.348931, 22.639759], [120.348929, 22.639682], [120.346715, 22.640975], [120.34608, 22.642204], [120.346287, 22.642849], [120.345791, 22.642962], [120.345593, 22.642175], [120.345468, 22.642265], [120.345629, 22.64297], [120.345493, 22.643087], [120.34556, 22.643205], [120.345822, 22.643097], [120.345802, 22.643007], [120.345412, 22.642915], [120.345287, 22.642779], [120.345365, 22.642716], [120.345299, 22.642535], [120.345177, 22.642643], [120.345224, 22.642698], [120.345007, 22.642814], [120.344707, 22.642804], [120.345105, 22.643438], [120.345196, 22.643321], [120.345283, 22.643429], [120.344748, 22.643797], [120.344385, 22.643408], [120.344692, 22.6433], [120.34492, 22.643563], [120.34477, 22.643599], [120.344652, 22.643454], [120.344662, 22.643264], [120.344528, 22.643209], [120.34446, 22.642794], [120.344562, 22.642812], [120.34461, 22.643047], [120.344997, 22.643184], [120.345068, 22.643148], [120.345122, 22.642959], [120.344964, 22.642561], [120.345263, 22.642346], [120.345161, 22.64221], [120.345277, 22.642183], [120.344323, 22.64236], [120.344454, 22.642695], [120.34459, 22.642676], [120.344616, 22.6426], [120.344555, 22.642397], [120.344782, 22.642353], [120.34482, 22.642611], [120.344088, 22.642684], [120.344179, 22.643172], [120.344045, 22.64318], [120.344232, 22.643163], [120.344023, 22.642955], [120.343366, 22.64306], [120.343302, 22.643015], [120.343299, 22.643358], [120.343829, 22.643216], [120.343892, 22.64355], [120.344099, 22.643551], [120.344083, 22.64365], [120.34417, 22.643642], [120.344215, 22.643822], [120.344314, 22.643796], [120.344415, 22.64395], [120.343858, 22.644038], [120.343715, 22.643865], [120.344169, 22.643831], [120.344037, 22.64365], [120.343587, 22.643757], [120.343549, 22.643621], [120.343854, 22.643559], [120.342469, 22.643824], [120.342674, 22.644827], [120.343046, 22.644712], [120.342951, 22.644341], [120.34317, 22.644224], [120.342928, 22.643934], [120.34265, 22.643942], [120.342674, 22.644213], [120.342939, 22.644151], [120.34289, 22.64435], [120.342703, 22.644376], [120.342714, 22.644475], [120.342865, 22.644467], [120.342895, 22.644621], [120.342748, 22.644656], [120.343178, 22.644685], [120.34347, 22.644605], [120.343197, 22.644252], [120.343155, 22.644387], [120.343229, 22.644577], [120.343506, 22.64465], [120.343701, 22.644543], [120.343512, 22.644235], [120.343418, 22.644225], [120.343091, 22.643827], [120.343203, 22.643773], [120.343924, 22.644571], [120.343721, 22.64457], [120.343858, 22.644859], [120.34406, 22.644806], [120.34405, 22.645014], [120.344167, 22.645267], [120.3436, 22.645364], [120.343608, 22.645617], [120.344572, 22.645404], [120.344589, 22.645458], [120.344708, 22.645206], [120.344661, 22.645025], [120.344385, 22.645105], [120.34442, 22.645277], [120.344613, 22.645188], [120.344372, 22.64506], [120.344323, 22.644879], [120.344624, 22.644854], [120.344643, 22.644926], [120.344584, 22.644727], [120.344261, 22.644789], [120.344175, 22.64449], [120.343917, 22.644184], [120.344852, 22.644123], [120.345221, 22.643944], [120.345185, 22.643871], [120.345495, 22.643683], [120.345568, 22.64418], [120.344218, 22.644464], [120.344156, 22.644247], [120.344385, 22.644247], [120.344784, 22.643843], [120.345241, 22.644025], [120.345261, 22.644107], [120.345431, 22.644071], [120.345385, 22.643863], [120.345733, 22.644018], [120.34575, 22.644081], [120.345614, 22.64418], [120.345847, 22.644446], [120.346196, 22.644376], [120.346289, 22.644697], [120.346163, 22.644883], [120.346287, 22.644978], [120.346434, 22.645538], [120.346313, 22.645556], [120.345165, 22.646382], [120.344972, 22.646029], [120.344926, 22.646057], [120.345113, 22.645957], [120.345264, 22.646181], [120.34621, 22.645456], [120.346252, 22.64542], [120.346123, 22.645275], [120.34621, 22.645221], [120.34523, 22.645876], [120.345143, 22.645777], [120.346131, 22.645094], [120.345855, 22.645093], [120.345107, 22.645316], [120.345227, 22.645443], [120.345001, 22.645605], [120.345003, 22.645478], [120.344871, 22.645361], [120.344711, 22.645549], [120.34487, 22.645667], [120.344041, 22.646251], [120.343915, 22.646178], [120.343954, 22.646124], [120.344486, 22.645801], [120.344362, 22.645593], [120.343438, 22.645815], [120.343444, 22.646104], [120.343936, 22.645934], [120.343742, 22.64615], [120.343079, 22.646265], [120.342978, 22.645759], [120.343565, 22.645626], [120.343385, 22.645779], [120.343173, 22.645832], [120.343286, 22.64613], [120.342938, 22.646165], [120.342744, 22.645072], [120.343028, 22.645082], [120.343118, 22.64529], [120.342949, 22.645307], [120.34298, 22.645461], [120.343147, 22.645416], [120.343138, 22.645507], [120.342995, 22.645542], [120.342902, 22.645542], [120.343045, 22.645019], [120.345039, 22.644629], [120.34492, 22.644792], [120.344957, 22.645063], [120.345746, 22.644903], [120.345627, 22.644731], [120.345425, 22.644766], [120.345455, 22.644875], [120.345175, 22.644937], [120.345147, 22.644829], [120.345302, 22.644613], [120.345378, 22.644595], [120.344909, 22.645071], [120.345266, 22.645425], [120.345415, 22.645344], [120.344661, 22.645685], [120.344507, 22.645521], [120.344402, 22.645575], [120.344801, 22.646137], [120.34467, 22.646235], [120.344892, 22.64657], [120.344548, 22.646804], [120.344541, 22.646695], [120.344318, 22.646523], [120.344526, 22.646343], [120.34468, 22.646597], [120.345026, 22.646508], [120.345066, 22.646463], [120.344841, 22.646245], [120.344196, 22.646793], [120.343917, 22.646458], [120.3436, 22.646493], [120.34369, 22.646773], [120.3438, 22.646692], [120.343792, 22.646548], [120.34346, 22.646538], [120.34303, 22.646644], [120.34319, 22.64734], [120.343404, 22.647233], [120.343725, 22.647279], [120.344088, 22.647001], [120.344168, 22.6471], [120.343729, 22.64736], [120.34375, 22.647415], [120.343387, 22.647449], [120.343415, 22.647603], [120.343595, 22.647532], [120.343687, 22.647062], [120.344221, 22.64683], [120.344349, 22.646993], [120.344218, 22.647064], [120.343698, 22.646972], [120.343414, 22.646826], [120.343184, 22.646943], [120.343143, 22.646744], [120.343223, 22.646735], [120.343014, 22.646599], [120.342944, 22.646201], [120.345788, 22.646294], [120.345898, 22.646213], [120.346345, 22.646856], [120.346384, 22.646992], [120.346272, 22.647037], [120.346436, 22.647245], [120.346703, 22.64712], [120.346528, 22.646893], [120.346557, 22.646722], [120.346131, 22.646196], [120.346228, 22.646133], [120.346449, 22.646351], [120.346604, 22.646316], [120.346709, 22.64684], [120.346868, 22.647088], [120.346861, 22.647325], [120.347214, 22.64676], [120.347085, 22.646511], [120.347411, 22.646425], [120.347644, 22.646252], [120.34764, 22.64585], [120.3478, 22.645742], [120.347446, 22.644982], [120.347339, 22.645011], [120.347263, 22.644704], [120.347124, 22.64473], [120.347142, 22.644829], [120.346803, 22.644926], [120.346633, 22.644235], [120.346973, 22.644334], [120.346933, 22.645083], [120.346782, 22.645112], [120.346937, 22.645752], [120.347087, 22.645714], [120.34701, 22.645941], [120.347062, 22.646158], [120.346589, 22.64627], [120.346476, 22.645791], [120.346014, 22.646133], [120.346404, 22.646089], [120.345884, 22.646575], [120.346202, 22.646955], [120.347753, 22.646839], [120.348035, 22.646615], [120.348268, 22.646783], [120.348128, 22.646909], [120.348529, 22.646592], [120.347246, 22.64532], [120.346998, 22.645355], [120.345676, 22.64355], [120.345942, 22.643382], [120.345965, 22.6435], [120.345434, 22.643343], [120.345329, 22.643403], [120.344082, 22.642639], [120.344013, 22.642404], [120.343088, 22.64258], [120.343192, 22.642834], [120.343579, 22.642799], [120.343417, 22.642665], [120.34292, 22.642643], [120.342972, 22.643348], [120.342444, 22.64349], [120.342401, 22.643201], [120.342461, 22.64377], [120.343961, 22.642674], [120.34406, 22.642395]]}}, {"type": "Feature", "properties": {"district": "6400500", "segment": 20, "total_segments": 47, "km": 14.98, "villages": ["本上里", "本安里"]}, "geometry": {"type": "LineString", "coordinates": [[120.341877, 22.642845], [120.342151, 22.643906], [120.342306, 22.644907], [120.342123, 22.644897], [120.342104, 22.64468], [120.341603, 22.644733], [120.341589, 22.644624], [120.341808, 22.64458], [120.34172, 22.644257], [120.341537, 22.644278], [120.341576, 22.644427], [120.341494, 22.644092], [120.341663, 22.644075], [120.341619, 22.643907], [120.341979, 22.643819], [120.341924, 22.643623], [120.341368, 22.643747], [120.341426, 22.643657], [120.341306, 22.643106], [120.341443, 22.643161], [120.341812, 22.64309], [120.341849, 22.643316], [120.341486, 22.643396], [120.341566, 22.643595], [120.341818, 22.643542], [120.341802, 22.643469], [120.341916, 22.644258], [120.341455, 22.643931], [120.341637, 22.644877], [120.34186, 22.644833], [120.34188, 22.644942], [120.341663, 22.644995], [120.341783, 22.645302], [120.342367, 22.645196], [120.342408, 22.645368], [120.341842, 22.64542], [120.341941, 22.645818], [120.342105, 22.64571], [120.342453, 22.645703], [120.342421, 22.645486], [120.341965, 22.645619], [120.341831, 22.645384], [120.342357, 22.645151], [120.342505, 22.645974], [120.342353, 22.645973], [120.34236, 22.645874], [120.342085, 22.64593], [120.342156, 22.646036], [120.341849, 22.646034], [120.341708, 22.646237], [120.341558, 22.646096], [120.340732, 22.646237], [120.340854, 22.64631], [120.340902, 22.646572], [120.342374, 22.646405], [120.342566, 22.646322], [120.342515, 22.646152], [120.34281, 22.64751], [120.342688, 22.647465], [120.342672, 22.647555], [120.342075, 22.647977], [120.342085, 22.647878], [120.341914, 22.647653], [120.342096, 22.647552], [120.342027, 22.647471], [120.341786, 22.647632], [120.341744, 22.647307], [120.341364, 22.646818], [120.341112, 22.646862], [120.341677, 22.647469], [120.341534, 22.647586], [120.341443, 22.647459], [120.341338, 22.647522], [120.341482, 22.647685], [120.341562, 22.647623], [120.341151, 22.647865], [120.340545, 22.647158], [120.340736, 22.647014], [120.340785, 22.647168], [120.341226, 22.647693], [120.341176, 22.647901], [120.341353, 22.648029], [120.341743, 22.648084], [120.341868, 22.648012], [120.342437, 22.647581], [120.342535, 22.647419], [120.342343, 22.647246], [120.342109, 22.647408], [120.342255, 22.647463], [120.342376, 22.647219], [120.34259, 22.647067], [120.342534, 22.647211], [120.342601, 22.647302], [120.342264, 22.647047], [120.342099, 22.647236], [120.3419, 22.647001], [120.341936, 22.646882], [120.341797, 22.646892], [120.341729, 22.646765], [120.341642, 22.646765], [120.342591, 22.646651], [120.342478, 22.646819], [120.342526, 22.646868], [120.342158, 22.647029], [120.341095, 22.647214], [120.340956, 22.647042], [120.341045, 22.646997], [120.340821, 22.646599], [120.339754, 22.647335], [120.339529, 22.647009], [120.340387, 22.64666], [120.340138, 22.646343], [120.339698, 22.646468], [120.339833, 22.646757], [120.339878, 22.646631], [120.340536, 22.646278], [120.340014, 22.646234], [120.339886, 22.64571], [120.338977, 22.645902], [120.339054, 22.645987], [120.339108, 22.64642], [120.339215, 22.646312], [120.339452, 22.646277], [120.339365, 22.646214], [120.339292, 22.645952], [120.33914, 22.64605], [120.339174, 22.646204], [120.339555, 22.646115], [120.339504, 22.645871], [120.339709, 22.645827], [120.339807, 22.646279], [120.339908, 22.646189], [120.339798, 22.645863], [120.339944, 22.645701], [120.339573, 22.646151], [120.339691, 22.646423], [120.339491, 22.64644], [120.339649, 22.646838], [120.339409, 22.6469], [120.339337, 22.646801], [120.339489, 22.646747], [120.339421, 22.646593], [120.339268, 22.646683], [120.339169, 22.646583], [120.339152, 22.646529], [120.339394, 22.646503], [120.339886, 22.647119], [120.340047, 22.647011], [120.339992, 22.646957], [120.340288, 22.647319], [120.339904, 22.647616], [120.340016, 22.647643], [120.340053, 22.647752], [120.340138, 22.647689], [120.34021, 22.647747], [120.340171, 22.647852], [120.34043, 22.648124], [120.340607, 22.648028], [120.340661, 22.648116], [120.340465, 22.648268], [120.340776, 22.648559], [120.341179, 22.649149], [120.341456, 22.648908], [120.341114, 22.648482], [120.340973, 22.648668], [120.341093, 22.64874], [120.341165, 22.648696], [120.341068, 22.648776], [120.341203, 22.648936], [120.341306, 22.648868], [120.341507, 22.648962], [120.341822, 22.648709], [120.341876, 22.648763], [120.341776, 22.648644], [120.34191, 22.648635], [120.341753, 22.648499], [120.342343, 22.648339], [120.342761, 22.648043], [120.342866, 22.647899], [120.342792, 22.647754], [120.342214, 22.648176], [120.340837, 22.648484], [120.340746, 22.648378], [120.340854, 22.6483], [120.34067, 22.648206], [120.340781, 22.647971], [120.340387, 22.648169], [120.340292, 22.64769], [120.34044, 22.647558], [120.340328, 22.647292], [120.340508, 22.647625], [120.341189, 22.64642], [120.341154, 22.646284], [120.338103, 22.645263], [120.337745, 22.643569], [120.340424, 22.643129], [120.338671, 22.64594], [120.337811, 22.646153], [120.337952, 22.646488], [120.338735, 22.646238], [120.338776, 22.646446], [120.337097, 22.646755], [120.337147, 22.646629], [120.337685, 22.646523], [120.337584, 22.646161], [120.337184, 22.646313], [120.337206, 22.646467], [120.337564, 22.646351], [120.337696, 22.646559], [120.33778, 22.646878], [120.337326, 22.646964], [120.337501, 22.647109], [120.337599, 22.647028], [120.337686, 22.647146], [120.337573, 22.647191], [120.337717, 22.647372], [120.338254, 22.646977], [120.338933, 22.646767], [120.338834, 22.646616], [120.337823, 22.646869], [120.337784, 22.646984], [120.337812, 22.64709], [120.338032, 22.647043], [120.337991, 22.646938], [120.338311, 22.647366], [120.338048, 22.647599], [120.338569, 22.648206], [120.338664, 22.648094], [120.338509, 22.647989], [120.338715, 22.647819], [120.338836, 22.647855], [120.338805, 22.647972], [120.338635, 22.647583], [120.338512, 22.647548], [120.338347, 22.647341], [120.338705, 22.647132], [120.338982, 22.647485], [120.338962, 22.647205], [120.339127, 22.647053], [120.339462, 22.647515], [120.338574, 22.647646], [120.338378, 22.647817], [120.338322, 22.647736], [120.338384, 22.647691], [120.338257, 22.647546], [120.337998, 22.647554], [120.3378, 22.647812], [120.338233, 22.648407], [120.338305, 22.648344], [120.338065, 22.648529], [120.338055, 22.648634], [120.337692, 22.64813], [120.337845, 22.648058], [120.337732, 22.647922], [120.337615, 22.64804], [120.337395, 22.647777], [120.337362, 22.647693], [120.337626, 22.64757], [120.337426, 22.647344], [120.337213, 22.64753], [120.337346, 22.647521], [120.337195, 22.647655], [120.336965, 22.647383], [120.337012, 22.647164], [120.337202, 22.647337], [120.336915, 22.647541], [120.336928, 22.647601], [120.337787, 22.648673], [120.337753, 22.64879], [120.337643, 22.648853], [120.336823, 22.647873], [120.336852, 22.647774], [120.337288, 22.647767], [120.337609, 22.64766], [120.337678, 22.647769], [120.337681, 22.64739], [120.337394, 22.648409], [120.337631, 22.648636], [120.337718, 22.64897], [120.337898, 22.648855], [120.337756, 22.649087], [120.337559, 22.649141], [120.336799, 22.648199], [120.336716, 22.648313], [120.337194, 22.648941], [120.337264, 22.648905], [120.337079, 22.649103], [120.336685, 22.648614], [120.336657, 22.648757], [120.336753, 22.648867], [120.336657, 22.6489], [120.336621, 22.649076], [120.336873, 22.649211], [120.336948, 22.649094], [120.337264, 22.649203], [120.337408, 22.649068], [120.337155, 22.649555], [120.337503, 22.649683], [120.337365, 22.649998], [120.336733, 22.649676], [120.336787, 22.649779], [120.336746, 22.650077], [120.336603, 22.650185], [120.33685, 22.650484], [120.336748, 22.650565], [120.336349, 22.65013], [120.336448, 22.650013], [120.336556, 22.650131], [120.336672, 22.649914], [120.336461, 22.649706], [120.336652, 22.649272], [120.337117, 22.649537], [120.337068, 22.649672], [120.33735, 22.649782], [120.337301, 22.650134], [120.33714, 22.650521], [120.337048, 22.650376], [120.337216, 22.650133], [120.336946, 22.649629], [120.336776, 22.649567], [120.336929, 22.649545], [120.336265, 22.650328], [120.336777, 22.650851], [120.336717, 22.651055], [120.336837, 22.651224], [120.33659, 22.651269], [120.336131, 22.650743], [120.336153, 22.650924], [120.336048, 22.651041], [120.336366, 22.65143], [120.33649, 22.651322], [120.336286, 22.65113], [120.336557, 22.650889], [120.336617, 22.650957], [120.336242, 22.650486], [120.33691, 22.650719], [120.33697, 22.650864], [120.336987, 22.65062], [120.337284, 22.651135], [120.33768, 22.65158], [120.337706, 22.651646], [120.33748, 22.651839], [120.337312, 22.651488], [120.336984, 22.651674], [120.336846, 22.651586], [120.338124, 22.650688], [120.337965, 22.650498], [120.337969, 22.650387], [120.338125, 22.650498], [120.338423, 22.65105], [120.339069, 22.65062], [120.338975, 22.65052], [120.338659, 22.65078], [120.33854, 22.650599], [120.33833, 22.650752], [120.338455, 22.650789], [120.338476, 22.650879], [120.338574, 22.650572], [120.338768, 22.650384], [120.338863, 22.650465], [120.338566, 22.650263], [120.338345, 22.65049], [120.338255, 22.650363], [120.338268, 22.650219], [120.338449, 22.65029], [120.338368, 22.650526], [120.338701, 22.649967], [120.338792, 22.650012], [120.338955, 22.649695], [120.33856, 22.649344], [120.338483, 22.649389], [120.338674, 22.649303], [120.338315, 22.648816], [120.338196, 22.648883], [120.338097, 22.649216], [120.3383, 22.649262], [120.33846, 22.649145], [120.338398, 22.649515], [120.33859, 22.649669]]}}, {"type": "Feature", "properties": {"district": "6400500", "segment": 21, "total_segments": 47, "km": 10.43, "villages": ["本安里", "本元里"]}, "geometry": {"type": "LineString", "coordinates": [[120.338393, 22.649831], [120.338256, 22.649758], [120.338283, 22.649704], [120.33935, 22.650259], [120.339108, 22.650665], [120.339722, 22.649042], [120.33868, 22.645976], [120.338621, 22.646111], [120.337973, 22.646226], [120.337256, 22.645637], [120.33466, 22.649897], [120.334183, 22.650265], [120.334784, 22.651025], [120.334435, 22.65116], [120.333855, 22.650479], [120.333382, 22.650867], [120.333506, 22.650931], [120.334371, 22.652018], [120.333899, 22.653253], [120.334154, 22.653398], [120.334072, 22.653561], [120.333935, 22.653497], [120.333892, 22.653578], [120.33406, 22.653669], [120.334109, 22.653588], [120.333772, 22.653497], [120.333674, 22.65371], [120.333985, 22.653895], [120.333845, 22.65403], [120.333907, 22.654093], [120.333846, 22.654228], [120.333498, 22.654082], [120.33355, 22.653983], [120.333157, 22.65391], [120.332256, 22.653463], [120.332536, 22.652941], [120.332015, 22.652722], [120.331864, 22.652811], [120.33168, 22.65319], [120.331619, 22.653174], [120.332108, 22.65339], [120.332176, 22.653255], [120.331857, 22.653118], [120.331943, 22.652911], [120.333293, 22.653459], [120.3334, 22.653378], [120.333501, 22.653405], [120.332686, 22.653023], [120.333002, 22.652735], [120.333313, 22.65223], [120.333784, 22.652567], [120.333569, 22.653089], [120.333193, 22.65266], [120.333084, 22.652862], [120.333408, 22.653016], [120.333595, 22.652701], [120.333315, 22.652447], [120.33351, 22.652132], [120.33354, 22.652195], [120.333628, 22.651971], [120.333541, 22.651906], [120.333402, 22.652122], [120.333639, 22.652296], [120.333972, 22.652062], [120.333724, 22.651663], [120.333579, 22.651861], [120.333252, 22.65177], [120.332612, 22.652625], [120.332102, 22.652364], [120.33289, 22.651297], [120.333197, 22.65102], [120.333461, 22.651409], [120.333417, 22.651561], [120.333198, 22.651532], [120.333136, 22.651626], [120.333225, 22.651698], [120.333089, 22.651859], [120.332903, 22.651709], [120.33318, 22.651309], [120.333148, 22.651237], [120.332983, 22.651322], [120.332264, 22.652327], [120.332422, 22.652407], [120.332686, 22.652192], [120.332761, 22.65212], [120.33265, 22.652067], [120.332782, 22.651874], [120.332929, 22.652055], [120.332855, 22.651768], [120.332592, 22.652132], [120.332673, 22.652661], [120.332996, 22.652825], [120.332675, 22.653438], [120.332487, 22.653365], [120.333184, 22.653666], [120.333289, 22.653811], [120.333414, 22.653567], [120.334177, 22.653137], [120.334254, 22.652948], [120.333868, 22.652468], [120.333946, 22.652323], [120.333758, 22.652359], [120.334019, 22.65208], [120.334384, 22.652271], [120.334451, 22.652199], [120.334605, 22.652223], [120.334674, 22.652028], [120.33449, 22.651982], [120.334662, 22.651821], [120.334205, 22.651277], [120.334255, 22.651241], [120.334071, 22.65143], [120.334337, 22.651747], [120.334692, 22.651848], [120.334782, 22.651595], [120.334456, 22.651197], [120.334716, 22.651151], [120.334869, 22.651378], [120.334816, 22.651435], [120.335018, 22.650783], [120.334967, 22.650756], [120.335126, 22.650639], [120.335008, 22.650503], [120.334714, 22.650773], [120.33466, 22.650638], [120.335015, 22.650377], [120.335084, 22.650459], [120.334691, 22.649969], [120.334339, 22.650284], [120.334447, 22.650438], [120.334775, 22.650214], [120.334847, 22.650295], [120.334511, 22.650492], [120.334622, 22.650655], [120.334122, 22.651024], [120.333811, 22.650652], [120.333953, 22.650409], [120.333637, 22.650823], [120.333976, 22.65124], [120.334171, 22.651087], [120.335755, 22.651952], [120.336212, 22.652531], [120.336024, 22.652955], [120.335892, 22.653063], [120.335746, 22.652882], [120.33548, 22.65279], [120.335256, 22.653403], [120.335364, 22.653395], [120.335979, 22.654183], [120.335873, 22.65422], [120.335443, 22.653706], [120.335191, 22.653566], [120.335112, 22.653753], [120.335623, 22.654421], [120.335521, 22.654493], [120.335016, 22.653888], [120.334933, 22.654137], [120.335333, 22.654625], [120.335145, 22.654759], [120.334799, 22.654339], [120.334695, 22.654684], [120.335002, 22.65483], [120.334658, 22.654667], [120.334483, 22.654996], [120.33466, 22.655083], [120.334494, 22.655161], [120.334393, 22.65532], [120.335747, 22.654309], [120.335327, 22.653788], [120.33521, 22.653503], [120.33553, 22.653152], [120.33557, 22.653206], [120.335468, 22.653097], [120.335666, 22.65299], [120.335754, 22.653065], [120.335882, 22.653271], [120.335704, 22.653297], [120.335536, 22.65345], [120.335872, 22.653623], [120.336176, 22.654048], [120.336281, 22.653956], [120.336035, 22.653662], [120.336188, 22.653365], [120.336306, 22.65332], [120.336255, 22.653244], [120.33649, 22.652794], [120.337042, 22.653465], [120.336672, 22.653691], [120.336341, 22.653369], [120.336247, 22.653487], [120.336505, 22.653804], [120.336406, 22.653868], [120.336199, 22.653613], [120.33654, 22.653327], [120.336691, 22.653247], [120.336741, 22.653346], [120.336633, 22.653427], [120.337028, 22.653117], [120.33677, 22.652796], [120.336932, 22.652688], [120.337365, 22.653242], [120.337224, 22.653334], [120.337054, 22.653147], [120.336528, 22.653066], [120.336447, 22.653165], [120.335894, 22.652738], [120.335631, 22.652394], [120.335735, 22.652286], [120.33602, 22.652648], [120.335547, 22.652601], [120.335494, 22.652736], [120.335714, 22.652249], [120.335663, 22.652186], [120.336643, 22.652335], [120.336912, 22.652652], [120.336601, 22.652517], [120.332076, 22.652419]]}}, {"type": "Feature", "properties": {"district": "6400500", "segment": 22, "total_segments": 47, "km": 14.94, "villages": ["本武里", "本館里"]}, "geometry": {"type": "LineString", "coordinates": [[120.331534, 22.652656], [120.33134, 22.653017], [120.330787, 22.652766], [120.330906, 22.652618], [120.331324, 22.65285], [120.331421, 22.652659], [120.330813, 22.652328], [120.330919, 22.652121], [120.331009, 22.652172], [120.330671, 22.651967], [120.330588, 22.652327], [120.330428, 22.65258], [120.330518, 22.652616], [120.330122, 22.652434], [120.330558, 22.651975], [120.330584, 22.651903], [120.33041, 22.651812], [120.330123, 22.652037], [120.329936, 22.652361], [120.329667, 22.652233], [120.331047, 22.651057], [120.33112, 22.651183], [120.330552, 22.651695], [120.330675, 22.651777], [120.330836, 22.651651], [120.330938, 22.651742], [120.331303, 22.651418], [120.331555, 22.651753], [120.331196, 22.651933], [120.331123, 22.651815], [120.331371, 22.651653], [120.331167, 22.651273], [120.330947, 22.651609], [120.331083, 22.651833], [120.330752, 22.652434], [120.330463, 22.652282], [120.330492, 22.652212], [120.330375, 22.652489], [120.329987, 22.652388], [120.331405, 22.653053], [120.33176, 22.65161], [120.33129, 22.651075], [120.331566, 22.650914], [120.331424, 22.650759], [120.331138, 22.651001], [120.331482, 22.651166], [120.331582, 22.651076], [120.332006, 22.651394], [120.331778, 22.651538], [120.331696, 22.651438], [120.331796, 22.651375], [120.331563, 22.651266], [120.331701, 22.651059], [120.33162, 22.650986], [120.3318, 22.650853], [120.331865, 22.650906], [120.33222, 22.650609], [120.332309, 22.6507], [120.332056, 22.650979], [120.331955, 22.650915], [120.332328, 22.651215], [120.332556, 22.650963], [120.33246, 22.650863], [120.332225, 22.651034], [120.332774, 22.650975], [120.332984, 22.650863], [120.332794, 22.650189], [120.332374, 22.650104], [120.332278, 22.650188], [120.332219, 22.65013], [120.33232, 22.650052], [120.332023, 22.650283], [120.332093, 22.650341], [120.332174, 22.650276], [120.33204, 22.650473], [120.331693, 22.650734], [120.331738, 22.65079], [120.331621, 22.650634], [120.331908, 22.650346], [120.3319, 22.65013], [120.332073, 22.649966], [120.331455, 22.650733], [120.333298, 22.64933], [120.333411, 22.649449], [120.333717, 22.649225], [120.333457, 22.648998], [120.333351, 22.64907], [120.333508, 22.64926], [120.333283, 22.649295], [120.333174, 22.649186], [120.33377, 22.649053], [120.333801, 22.649162], [120.333956, 22.649054], [120.333682, 22.648724], [120.334474, 22.649639], [120.334304, 22.649742], [120.334023, 22.649434], [120.334093, 22.649371], [120.333579, 22.64973], [120.333915, 22.650075], [120.334072, 22.649894], [120.334004, 22.649822], [120.333878, 22.649894], [120.333763, 22.649749], [120.333967, 22.649614], [120.33418, 22.649873], [120.333938, 22.649578], [120.331563, 22.653605], [120.332705, 22.654169], [120.332503, 22.654385], [120.332417, 22.654358], [120.332522, 22.654178], [120.332142, 22.65423], [120.332099, 22.654393], [120.332782, 22.654712], [120.332789, 22.654793], [120.333031, 22.654767], [120.333487, 22.654931], [120.333029, 22.655905], [120.3331, 22.655928], [120.333027, 22.656041], [120.332947, 22.656013], [120.3329, 22.656187], [120.33275, 22.656174], [120.332833, 22.65598], [120.332673, 22.655916], [120.332584, 22.656138], [120.332459, 22.65607], [120.332594, 22.655757], [120.332959, 22.655877], [120.332874, 22.655657], [120.33308, 22.655481], [120.333286, 22.655003], [120.333095, 22.655038], [120.332962, 22.654956], [120.332824, 22.655145], [120.332992, 22.655146], [120.332921, 22.655299], [120.332668, 22.655346], [120.332609, 22.655425], [120.332717, 22.655458], [120.332471, 22.655538], [120.332401, 22.655657], [120.332523, 22.655733], [120.332139, 22.656073], [120.332204, 22.656145], [120.332303, 22.6561], [120.332312, 22.656453], [120.332821, 22.656436], [120.332774, 22.656626], [120.332197, 22.656615], [120.332261, 22.656805], [120.332119, 22.656804], [120.331978, 22.656578], [120.331758, 22.656604], [120.331897, 22.656668], [120.332046, 22.656885], [120.332326, 22.656968], [120.332605, 22.656969], [120.332674, 22.656698], [120.332519, 22.657131], [120.332141, 22.657147], [120.332118, 22.657066], [120.332195, 22.657224], [120.331994, 22.65768], [120.332132, 22.657744], [120.332187, 22.657644], [120.331927, 22.658176], [120.331803, 22.65813], [120.331933, 22.657824], [120.331555, 22.657642], [120.331738, 22.657173], [120.331373, 22.657162], [120.331396, 22.657442], [120.331508, 22.657443], [120.331571, 22.657344], [120.33158, 22.657244], [120.331223, 22.657478], [120.331243, 22.657162], [120.331384, 22.656846], [120.331646, 22.656838], [120.331527, 22.656685], [120.331289, 22.656756], [120.33134, 22.656286], [120.331501, 22.656138], [120.33199, 22.656135], [120.332134, 22.656235], [120.332138, 22.656452], [120.332053, 22.656343], [120.331791, 22.656423], [120.331828, 22.656279], [120.331604, 22.656233], [120.3316, 22.656576], [120.331347, 22.656637], [120.330911, 22.656628], [120.330959, 22.65614], [120.330429, 22.656165], [120.330489, 22.656328], [120.329761, 22.656334], [120.329762, 22.656397], [120.329779, 22.655955], [120.330051, 22.6561], [120.330131, 22.655983], [120.329733, 22.655774], [120.329759, 22.655593], [120.329945, 22.65564], [120.329906, 22.655752], [120.330178, 22.655875], [120.330247, 22.655675], [120.330137, 22.655626], [120.330076, 22.655745], [120.329974, 22.6556], [120.330063, 22.655535], [120.330648, 22.655579], [120.330608, 22.655823], [120.330333, 22.655767], [120.330117, 22.656245], [120.329907, 22.656253], [120.329912, 22.656154], [120.328864, 22.656133], [120.328881, 22.656878], [120.329348, 22.65683], [120.329274, 22.656513], [120.329382, 22.656576], [120.329605, 22.656532], [120.329611, 22.656846], [120.329551, 22.656847], [120.329764, 22.656858], [120.32978, 22.65656], [120.3297, 22.656559], [120.329962, 22.65656], [120.329863, 22.65684], [120.329765, 22.656903], [120.329811, 22.657093], [120.32957, 22.657173], [120.32956, 22.65739], [120.33076, 22.657376], [120.330836, 22.657115], [120.330319, 22.657158], [120.33028, 22.657085], [120.329873, 22.657093], [120.329962, 22.656909], [120.330208, 22.656859], [120.330226, 22.65693], [120.33032, 22.656824], [120.33091, 22.656853], [120.330908, 22.656664], [120.330775, 22.656654], [120.330771, 22.656771], [120.330752, 22.656555], [120.330812, 22.656546], [120.330565, 22.656554], [120.330535, 22.65677], [120.330364, 22.656743], [120.330365, 22.65649], [120.330274, 22.656553], [120.330111, 22.656561], [120.330111, 22.656507], [120.33011, 22.656687], [120.330232, 22.656647], [120.330231, 22.656743], [120.330831, 22.65632], [120.330989, 22.655869], [120.331014, 22.655526], [120.330749, 22.65557], [120.330835, 22.655823], [120.330651, 22.655827], [120.331335, 22.655835], [120.331497, 22.655727], [120.331401, 22.655474], [120.331523, 22.655456], [120.331525, 22.655564], [120.331604, 22.655628], [120.331766, 22.655583], [120.331849, 22.655828], [120.331951, 22.655819], [120.331999, 22.655693], [120.331721, 22.655177], [120.331786, 22.655114], [120.331924, 22.655385], [120.332124, 22.655549], [120.332366, 22.655235], [120.332165, 22.655048], [120.332004, 22.655079], [120.332199, 22.655296], [120.332101, 22.655585], [120.332059, 22.655657], [120.331751, 22.655547], [120.331602, 22.655312], [120.331676, 22.655294], [120.331772, 22.655475], [120.331549, 22.655158], [120.331635, 22.655041], [120.331469, 22.655031], [120.331446, 22.654904], [120.33137, 22.655392], [120.331087, 22.655232], [120.331084, 22.655102], [120.330682, 22.655173], [120.330664, 22.65538], [120.329751, 22.655413], [120.329722, 22.655593], [120.328978, 22.655608], [120.328876, 22.655553], [120.328883, 22.655851], [120.328986, 22.65578], [120.329595, 22.655782], [120.329556, 22.655403], [120.328863, 22.655382], [120.32886, 22.655455], [120.328837, 22.655151], [120.329802, 22.65516], [120.329985, 22.655043], [120.330063, 22.654935], [120.330062, 22.654303], [120.330226, 22.654378], [120.330533, 22.654368], [120.330569, 22.654558], [120.330178, 22.654565], [120.330158, 22.654809], [120.330361, 22.654909], [120.330454, 22.654657], [120.330733, 22.654821], [120.331088, 22.654831], [120.331122, 22.654515], [120.330872, 22.653792], [120.330908, 22.653601], [120.330806, 22.653575], [120.330852, 22.653412], [120.330766, 22.653475], [120.330314, 22.653229], [120.330288, 22.653356], [120.330786, 22.653611], [120.330641, 22.653845], [120.33, 22.653535], [120.329871, 22.653778], [120.329702, 22.653778], [120.329506, 22.653425], [120.329242, 22.653252], [120.329055, 22.652998], [120.328869, 22.653079], [120.329294, 22.653523], [120.329369, 22.653569], [120.329409, 22.653478], [120.329159, 22.653826], [120.32888, 22.653824], [120.328901, 22.654099], [120.329746, 22.654085], [120.32968, 22.654193], [120.329704, 22.654825], [120.329298, 22.654824], [120.329364, 22.654436], [120.329578, 22.654436], [120.329574, 22.654265], [120.328842, 22.654235], [120.328852, 22.654497], [120.329327, 22.654435], [120.329143, 22.654561], [120.328796, 22.654107], [120.329102, 22.653488], [120.328732, 22.653111], [120.328619, 22.653233], [120.328699, 22.653373], [120.328639, 22.65286], [120.328968, 22.652692], [120.329314, 22.653081], [120.329843, 22.653435], [120.329968, 22.653228], [120.33025, 22.653347], [120.330113, 22.653147], [120.330295, 22.652958], [120.33123, 22.653483], [120.331126, 22.653982], [120.330984, 22.653946], [120.331, 22.653864], [120.330654, 22.653971], [120.330634, 22.653917], [120.330794, 22.65455], [120.330671, 22.654549], [120.330838, 22.654722], [120.331127, 22.654335], [120.331511, 22.654448], [120.332582, 22.654983], [120.332446, 22.655124], [120.332381, 22.654944], [120.331885, 22.654783], [120.332063, 22.654375], [120.331945, 22.654284], [120.331968, 22.654049], [120.331879, 22.654022], [120.33186, 22.653868], [120.332121, 22.654104], [120.331567, 22.654074], [120.331589, 22.653776], [120.331272, 22.653449], [120.330487, 22.653889], [120.330415, 22.654115], [120.330199, 22.654069], [120.330301, 22.65378], [120.33014, 22.653707], [120.330051, 22.65405], [120.329978, 22.653896], [120.330161, 22.653671], [120.329938, 22.65321], [120.329078, 22.652565], [120.329249, 22.652502], [120.329688, 22.652667], [120.329535, 22.652856], [120.329777, 22.652721], [120.330226, 22.652931], [120.329983, 22.653074], [120.329762, 22.654826]]}}, {"type": "Feature", "properties": {"district": "6400500", "segment": 23, "total_segments": 47, "km": 10.3, "villages": ["本館里"]}, "geometry": {"type": "LineString", "coordinates": [[120.330746, 22.655396], [120.331018, 22.655418], [120.331038, 22.6553], [120.329592, 22.655394], [120.329493, 22.655258], [120.329016, 22.655265], [120.328864, 22.656078], [120.328988, 22.656331], [120.329584, 22.656324], [120.329051, 22.656516], [120.32917, 22.657623], [120.330563, 22.657542], [120.330834, 22.657596], [120.330841, 22.657814], [120.330716, 22.657861], [120.329831, 22.657842], [120.329823, 22.657707], [120.329649, 22.657706], [120.329626, 22.657778], [120.329628, 22.65795], [120.329717, 22.65786], [120.329834, 22.657887], [120.329883, 22.658095], [120.329997, 22.658087], [120.329949, 22.65843], [120.330042, 22.658353], [120.330688, 22.658379], [120.33081, 22.658104], [120.330427, 22.658081], [120.330682, 22.658419], [120.330513, 22.658626], [120.32993, 22.658565], [120.329952, 22.658827], [120.330289, 22.658692], [120.330573, 22.658992], [120.330888, 22.658786], [120.331012, 22.658606], [120.331137, 22.658254], [120.331214, 22.657568], [120.331535, 22.657678], [120.331368, 22.658011], [120.331245, 22.658553], [120.331132, 22.658525], [120.331323, 22.658571], [120.331271, 22.658724], [120.331084, 22.658678], [120.331007, 22.659021], [120.330873, 22.658903], [120.330843, 22.659029], [120.331029, 22.659102], [120.330946, 22.659274], [120.330692, 22.659164], [120.330319, 22.659199], [120.330313, 22.659099], [120.330805, 22.65902], [120.330834, 22.6593], [120.330768, 22.659427], [120.330854, 22.659454], [120.330584, 22.659354], [120.330332, 22.659371], [120.330341, 22.65947], [120.330576, 22.659444], [120.330786, 22.659598], [120.33061, 22.659769], [120.330416, 22.659741], [120.330395, 22.659642], [120.330547, 22.659624], [120.329592, 22.659548], [120.32969, 22.659187], [120.33021, 22.659153], [120.330222, 22.659298], [120.329861, 22.659323], [120.329869, 22.659459], [120.330233, 22.659433], [120.33017, 22.65974], [120.328924, 22.659582], [120.328931, 22.659211], [120.329493, 22.659213], [120.329397, 22.659457], [120.329395, 22.658852], [120.329909, 22.658827], [120.329771, 22.658736], [120.32975, 22.658573], [120.329665, 22.6586], [120.329643, 22.658726], [120.329045, 22.658751], [120.329038, 22.65885], [120.329353, 22.658852], [120.32934, 22.658626], [120.329476, 22.658626], [120.329468, 22.658572], [120.328994, 22.658606], [120.329041, 22.658579], [120.329132, 22.65858], [120.328913, 22.658588], [120.328922, 22.658895], [120.328996, 22.65885], [120.328915, 22.658534], [120.329398, 22.658445], [120.329339, 22.658192], [120.329794, 22.658104], [120.329738, 22.658429], [120.329626, 22.658437], [120.329627, 22.658185], [120.329461, 22.657823], [120.329176, 22.65783], [120.329238, 22.657713], [120.329397, 22.657714], [120.329807, 22.658574], [120.330211, 22.659749], [120.330635, 22.659832], [120.331832, 22.658248], [120.332406, 22.65723], [120.332429, 22.656139], [120.332987, 22.65492], [120.333238, 22.654578], [120.333558, 22.654778], [120.333523, 22.654841], [120.333667, 22.654643], [120.33288, 22.654247], [120.332789, 22.654414], [120.332974, 22.654514], [120.332942, 22.654591], [120.333035, 22.654456], [120.332715, 22.654377], [120.330864, 22.657377], [120.287375, 22.640474], [120.286511, 22.640966]]}}, {"type": "Feature", "properties": {"district": "6400500", "segment": 24, "total_segments": 47, "km": 11.91, "villages": ["本和里"]}, "geometry": {"type": "LineString", "coordinates": [[120.323234, 22.658017], [120.323282, 22.659222], [120.32338, 22.659218], [120.323404, 22.659767], [120.323314, 22.659767], [120.323371, 22.659902], [120.323447, 22.659887], [120.323292, 22.659919], [120.324252, 22.659121], [120.32414, 22.657992], [120.324543, 22.657972], [120.324543, 22.65805], [120.324631, 22.657971], [120.325089, 22.657955], [120.325096, 22.658032], [120.325871, 22.658069], [120.32598, 22.658106], [120.32595, 22.658377], [120.325504, 22.658303], [120.325584, 22.65815], [120.325754, 22.658195], [120.325989, 22.658034], [120.326011, 22.657673], [120.32558, 22.657626], [120.325618, 22.657852], [120.325803, 22.657861], [120.326015, 22.657519], [120.326075, 22.656815], [120.325998, 22.656815], [120.326012, 22.656652], [120.32617, 22.656671], [120.326189, 22.656843], [120.326241, 22.656418], [120.325794, 22.656245], [120.325887, 22.656137], [120.327366, 22.655231], [120.327518, 22.65525], [120.327521, 22.655128], [120.327708, 22.655146], [120.327723, 22.654987], [120.32847, 22.654965], [120.32848, 22.655805], [120.326899, 22.655798], [120.326405, 22.656067], [120.326272, 22.656229], [120.326035, 22.656156], [120.326255, 22.656364], [120.326374, 22.656247], [120.326613, 22.65642], [120.326953, 22.65615], [120.327245, 22.656134], [120.327175, 22.65644], [120.327126, 22.658824], [120.326774, 22.658758], [120.326779, 22.658644], [120.327037, 22.658607], [120.326786, 22.65853], [120.32679, 22.658413], [120.32704, 22.658408], [120.327033, 22.658282], [120.326795, 22.658298], [120.326866, 22.658227], [120.326882, 22.657929], [120.327069, 22.657939], [120.326992, 22.658092], [120.326807, 22.657929], [120.326821, 22.657757], [120.327007, 22.657749], [120.32689, 22.657685], [120.326956, 22.657008], [120.327096, 22.657036], [120.327018, 22.657569], [120.327551, 22.657607], [120.327529, 22.658681], [120.327453, 22.65878], [120.328585, 22.658857], [120.328523, 22.658776], [120.328495, 22.65725], [120.328374, 22.657186], [120.328323, 22.657249], [120.328359, 22.658766], [120.328052, 22.658711], [120.328056, 22.657979], [120.328166, 22.65798], [120.327626, 22.657959], [120.327676, 22.658167], [120.327868, 22.658177], [120.327848, 22.657771], [120.328158, 22.657772], [120.328038, 22.657266], [120.328086, 22.657085], [120.327955, 22.657103], [120.327944, 22.657365], [120.328, 22.657365], [120.327942, 22.65759], [120.327995, 22.6576], [120.32764, 22.657761], [120.327698, 22.657607], [120.327619, 22.657553], [120.327557, 22.657074], [120.32758, 22.656605], [120.32814, 22.656634], [120.328141, 22.656779], [120.32766, 22.656804], [120.327652, 22.657011], [120.327889, 22.657012], [120.32793, 22.656949], [120.328337, 22.656969], [120.328293, 22.656589], [120.328509, 22.656645], [120.328494, 22.657114], [120.328338, 22.657068], [120.328507, 22.656599], [120.328478, 22.656142], [120.328289, 22.656165], [120.328284, 22.656228], [120.32814, 22.65615], [120.327539, 22.656153], [120.327575, 22.6565], [120.327736, 22.6565], [120.327738, 22.656247], [120.327942, 22.656247], [120.32794, 22.656501], [120.328125, 22.656435], [120.32809, 22.65625], [120.328284, 22.6564], [120.32898, 22.656132], [120.328308, 22.655614], [120.327461, 22.655665], [120.327475, 22.655466], [120.328365, 22.655506], [120.328359, 22.655307], [120.32788, 22.655298], [120.327884, 22.655089], [120.328355, 22.655082], [120.328471, 22.65492], [120.328466, 22.654614], [120.328181, 22.654828], [120.328129, 22.654765], [120.327964, 22.654845], [120.328165, 22.654738], [120.327809, 22.654326], [120.327641, 22.654391], [120.327433, 22.654061], [120.327739, 22.653852], [120.32786, 22.654048], [120.327688, 22.654031], [120.327942, 22.653898], [120.327869, 22.653778], [120.328246, 22.65357], [120.328253, 22.653633], [120.328085, 22.653464], [120.327723, 22.653668], [120.327461, 22.653299], [120.327612, 22.653281], [120.327796, 22.653517], [120.327743, 22.653707], [120.327499, 22.65375], [120.327071, 22.654002], [120.32674, 22.653558], [120.32545, 22.654555], [120.325334, 22.654514], [120.325673, 22.654451], [120.325916, 22.654755], [120.325725, 22.6547], [120.325622, 22.654772], [120.325884, 22.655109], [120.32608, 22.654995], [120.326184, 22.655179], [120.325855, 22.655371], [120.32573, 22.655207], [120.32583, 22.655143], [120.326087, 22.655504], [120.325601, 22.655826], [120.325742, 22.655881], [120.32514, 22.655478], [120.32478, 22.654954], [120.325132, 22.654779], [120.325155, 22.654915], [120.325345, 22.655127], [120.326074, 22.654602], [120.325858, 22.654331], [120.32601, 22.654268], [120.326243, 22.654522], [120.326101, 22.65463], [120.32625, 22.654853], [120.327279, 22.654183], [120.327435, 22.654412], [120.326775, 22.654774], [120.326447, 22.655075], [120.326559, 22.65427], [120.326421, 22.65408], [120.326608, 22.653963], [120.326511, 22.653855], [120.326627, 22.653774], [120.326776, 22.653937], [120.326935, 22.654145], [120.326802, 22.654199], [120.32664, 22.653988], [120.327102, 22.654038], [120.327074, 22.653821], [120.327389, 22.653615], [120.327259, 22.653433], [120.326923, 22.653631], [120.326775, 22.653531], [120.327128, 22.653288], [120.327303, 22.653397], [120.327297, 22.653163], [120.328223, 22.65304], [120.328248, 22.653383], [120.328105, 22.653193], [120.327886, 22.653273], [120.327812, 22.653183], [120.32798, 22.6534], [120.328007, 22.654189], [120.32747, 22.654628], [120.327774, 22.655341], [120.327334, 22.65542], [120.327228, 22.655628], [120.327877, 22.655369], [120.32706, 22.656368], [120.326796, 22.656403], [120.32672, 22.656529], [120.3267, 22.657016], [120.326501, 22.656988], [120.326282, 22.658607], [120.326669, 22.658687], [120.32659, 22.65856], [120.326625, 22.657974], [120.325951, 22.658648], [120.326238, 22.658965], [120.326649, 22.65903], [120.326535, 22.6593], [120.325951, 22.659226], [120.32558, 22.658628], [120.325574, 22.658466], [120.325807, 22.658548], [120.325795, 22.658647], [120.325939, 22.658783], [120.325787, 22.658882], [120.325717, 22.658674], [120.326207, 22.659055], [120.326187, 22.659164], [120.326008, 22.659136], [120.325908, 22.659018], [120.326433, 22.659092], [120.326413, 22.659192], [120.326576, 22.65931], [120.327149, 22.65933], [120.327193, 22.65943], [120.327323, 22.659438], [120.327376, 22.659346], [120.327465, 22.659449], [120.327874, 22.659496], [120.32783, 22.659161], [120.328258, 22.659181], [120.328322, 22.659507], [120.328553, 22.659534], [120.328564, 22.659192], [120.327167, 22.659142], [120.327577, 22.659298], [120.326849, 22.657008], [120.326742, 22.657016], [120.326865, 22.656841], [120.327081, 22.656851], [120.327098, 22.656568], [120.326872, 22.656557], [120.326891, 22.656759], [120.326571, 22.656682], [120.32659, 22.656519], [120.326506, 22.656952], [120.3258, 22.657428], [120.324133, 22.656325], [120.32599, 22.654232], [120.328422, 22.653909]]}}, {"type": "Feature", "properties": {"district": "6400500", "segment": 25, "total_segments": 47, "km": 11.4, "villages": ["本文里", "灣利里"]}, "geometry": {"type": "LineString", "coordinates": [[120.328139, 22.652669], [120.327463, 22.652775], [120.326813, 22.651968], [120.326663, 22.652148], [120.326453, 22.652191], [120.326363, 22.652364], [120.326623, 22.652392], [120.32674, 22.65232], [120.326694, 22.652266], [120.327157, 22.65281], [120.327303, 22.652702], [120.326856, 22.652185], [120.327054, 22.652015], [120.327055, 22.651877], [120.327309, 22.651673], [120.327716, 22.651936], [120.327852, 22.651946], [120.327729, 22.652162], [120.32803, 22.652353], [120.328132, 22.65229], [120.328263, 22.65239], [120.328118, 22.652534], [120.327729, 22.652586], [120.327597, 22.652441], [120.327476, 22.652522], [120.327381, 22.652404], [120.327587, 22.652272], [120.327695, 22.652372], [120.327629, 22.652414], [120.327732, 22.652352], [120.327692, 22.652144], [120.327438, 22.651989], [120.327394, 22.652052], [120.327462, 22.651953], [120.327283, 22.651862], [120.327265, 22.652097], [120.327163, 22.652151], [120.32727, 22.652277], [120.327395, 22.652188], [120.327677, 22.651728], [120.328178, 22.652019], [120.328336, 22.652011], [120.328492, 22.652264], [120.328358, 22.652309], [120.328271, 22.652218], [120.328497, 22.652418], [120.328556, 22.652563], [120.328502, 22.652608], [120.328768, 22.652446], [120.328862, 22.652266], [120.328969, 22.65233], [120.328187, 22.652661], [120.327632, 22.651701], [120.327379, 22.651583], [120.326756, 22.652528], [120.326969, 22.6528], [120.326018, 22.653491], [120.325525, 22.652893], [120.325204, 22.653109], [120.325779, 22.653797], [120.32568, 22.653896], [120.325514, 22.654013], [120.325471, 22.653778], [120.325047, 22.65328], [120.325118, 22.653226], [120.324522, 22.653684], [120.325157, 22.654349], [120.324868, 22.65456], [120.324677, 22.654569], [120.324675, 22.654627], [120.32417, 22.653944], [120.323992, 22.65407], [120.324575, 22.654705], [120.324351, 22.654815], [120.323851, 22.654169], [120.323111, 22.654707], [120.32366, 22.655333], [120.323761, 22.655357], [120.323741, 22.655189], [120.32332, 22.65469], [120.323081, 22.654662], [120.322523, 22.655111], [120.322623, 22.655238], [120.322955, 22.654997], [120.323354, 22.655548], [120.323346, 22.655657], [120.323091, 22.655385], [120.322987, 22.655429], [120.32286, 22.655293], [120.3228, 22.655338], [120.323636, 22.654719], [120.323543, 22.654601], [120.323662, 22.65452], [120.324021, 22.654973], [120.323911, 22.655054], [120.323662, 22.654746], [120.323613, 22.654462], [120.32381, 22.654376], [120.324203, 22.654838], [120.324129, 22.655099], [120.324024, 22.655173], [120.323789, 22.65434], [120.323886, 22.654151], [120.324429, 22.653747], [120.324831, 22.654263], [120.324764, 22.654371], [120.324391, 22.653918], [120.324754, 22.653612], [120.325022, 22.653939], [120.325175, 22.653813], [120.325427, 22.654127], [120.325162, 22.65412], [120.325146, 22.653786], [120.32494, 22.653532], [120.326044, 22.653528], [120.326115, 22.653609], [120.325435, 22.652812], [120.324489, 22.651652], [120.325391, 22.651023], [120.326146, 22.651433], [120.326261, 22.65146], [120.326402, 22.651289], [120.325571, 22.65088], [120.325489, 22.650951], [120.326252, 22.651325], [120.326762, 22.651788], [120.326584, 22.651922], [120.326355, 22.651551], [120.326169, 22.651677], [120.326068, 22.651559], [120.325971, 22.651613], [120.325827, 22.651739], [120.326141, 22.652092], [120.325612, 22.652478], [120.325568, 22.652334], [120.325119, 22.65188], [120.324949, 22.651979], [120.325014, 22.65206], [120.325099, 22.652006], [120.325124, 22.652178], [120.3255, 22.652631], [120.325759, 22.652244], [120.325473, 22.651909], [120.325455, 22.651647], [120.325526, 22.651584], [120.325581, 22.651656], [120.325686, 22.651467], [120.325775, 22.651413], [120.32585, 22.651477], [120.325747, 22.651549], [120.325804, 22.651711], [120.325994, 22.651793], [120.326191, 22.651713], [120.326299, 22.651831], [120.326379, 22.651949], [120.326172, 22.652065], [120.32612, 22.651929], [120.326186, 22.651876], [120.326451, 22.651922], [120.327009, 22.651608], [120.326694, 22.651417], [120.326754, 22.651282], [120.327194, 22.651491], [120.325703, 22.650772], [120.325444, 22.651385], [120.325377, 22.651448], [120.32522, 22.651402], [120.325375, 22.651303], [120.325545, 22.651322], [120.325219, 22.651537], [120.325149, 22.651474], [120.325, 22.651582], [120.325062, 22.651645], [120.325146, 22.6516], [120.324764, 22.651743], [120.324821, 22.651825], [120.324986, 22.651726], [120.325261, 22.65189], [120.325363, 22.65171], [120.325593, 22.651819], [120.325882, 22.652145], [120.326102, 22.651532], [120.324701, 22.65252], [120.325137, 22.653027], [120.324884, 22.65308], [120.324772, 22.653224], [120.324374, 22.652717], [120.324668, 22.652492], [120.324484, 22.652501], [120.324031, 22.652056], [120.324324, 22.652006], [120.323914, 22.652146], [120.323474, 22.652496], [120.323854, 22.652986], [120.323798, 22.653021], [120.323338, 22.652505], [120.323435, 22.652428], [120.322981, 22.652756], [120.322848, 22.652952], [120.322293, 22.653322], [120.323287, 22.654364], [120.323114, 22.654482], [120.322234, 22.653403], [120.322065, 22.653529], [120.32299, 22.654562], [120.32271, 22.654772], [120.321724, 22.653609], [120.321465, 22.653861], [120.321588, 22.65387], [120.322512, 22.654867], [120.322418, 22.654939], [120.32198, 22.654405], [120.322141, 22.654315], [120.321702, 22.653807], [120.322569, 22.654822], [120.323446, 22.654194], [120.322828, 22.653406], [120.32296, 22.653316], [120.322761, 22.653089], [120.322855, 22.653045], [120.323193, 22.653433], [120.323111, 22.653497], [120.322982, 22.653343], [120.323207, 22.6532], [120.323323, 22.653336], [120.323433, 22.653282], [120.323043, 22.652802], [120.322993, 22.652946], [120.323178, 22.653163], [120.323411, 22.652966], [120.323203, 22.652694], [120.323292, 22.652622], [120.32369, 22.653102], [120.323591, 22.653165], [120.323436, 22.652993], [120.324035, 22.653727], [120.323632, 22.653996], [120.32324, 22.653534], [120.323344, 22.653489], [120.323672, 22.653861], [120.323675, 22.654041], [120.323477, 22.654212], [120.323426, 22.654004], [120.323109, 22.653624], [120.323319, 22.653453], [120.323502, 22.653327], [120.323853, 22.653726], [120.324066, 22.653709], [120.324683, 22.653287], [120.324245, 22.652816], [120.324169, 22.652897], [120.324474, 22.653277], [120.324282, 22.653358], [120.323966, 22.653004], [120.323901, 22.652859], [120.32425, 22.652581], [120.32397, 22.652236], [120.323933, 22.652363], [120.323652, 22.652551], [120.323803, 22.652742], [120.324065, 22.652535], [120.324303, 22.652635], [120.324144, 22.652869], [120.323817, 22.653103], [120.324168, 22.653511], [120.322815, 22.653713], [120.322454, 22.653323], [120.322688, 22.653161]]}}, {"type": "Feature", "properties": {"district": "6400500", "segment": 26, "total_segments": 47, "km": 10.42, "villages": ["灣勝里", "正順里"]}, "geometry": {"type": "LineString", "coordinates": [[120.322447, 22.65288], [120.322103, 22.653096], [120.321774, 22.652661], [120.321848, 22.652625], [120.321777, 22.652534], [120.321721, 22.652597], [120.321393, 22.652144], [120.32209, 22.651611], [120.322021, 22.651524], [120.322093, 22.651434], [120.322543, 22.651914], [120.322619, 22.651852], [120.322179, 22.65138], [120.322435, 22.65139], [120.32278, 22.651888], [120.323163, 22.65226], [120.32272, 22.652565], [120.322541, 22.652808], [120.322129, 22.652274], [120.322001, 22.652264], [120.321764, 22.652001], [120.321711, 22.652128], [120.322362, 22.652835], [120.322248, 22.652816], [120.321927, 22.652445], [120.321713, 22.652471], [120.321496, 22.652208], [120.321305, 22.652117], [120.321035, 22.652314], [120.321852, 22.653257], [120.322021, 22.653158], [120.321251, 22.652324], [120.321928, 22.651885], [120.322552, 22.652547], [120.322732, 22.652367], [120.322108, 22.65164], [120.322025, 22.651813], [120.322255, 22.652076], [120.322579, 22.652041], [120.322696, 22.651942], [120.322799, 22.65206], [120.322678, 22.65215], [120.322821, 22.652304], [120.322938, 22.652214], [120.322762, 22.652394], [120.323475, 22.652056], [120.323673, 22.651883], [120.323295, 22.651448], [120.323097, 22.6517], [120.322674, 22.651274], [120.322584, 22.651084], [120.322703, 22.651075], [120.323073, 22.65151], [120.323126, 22.651727], [120.323353, 22.651999], [120.323493, 22.651801], [120.323382, 22.651665], [120.323266, 22.651728], [120.323541, 22.651476], [120.323843, 22.651857], [120.323855, 22.651748], [120.324112, 22.651587], [120.324573, 22.650794], [120.324328, 22.65073], [120.324216, 22.650905], [120.324345, 22.650968], [120.324261, 22.651094], [120.324004, 22.650954], [120.324186, 22.65089], [120.324051, 22.651216], [120.323822, 22.651098], [120.323712, 22.651152], [120.324011, 22.651524], [120.323842, 22.65164], [120.323541, 22.651286], [120.323429, 22.651349], [120.323519, 22.651449], [120.323117, 22.65088], [120.322797, 22.651042], [120.323756, 22.65192], [120.323698, 22.651964], [120.324144, 22.651262], [120.32408, 22.651235], [120.324602, 22.651423], [120.324937, 22.650965], [120.325133, 22.650498], [120.325586, 22.650699], [120.325407, 22.650743], [120.325053, 22.651076], [120.324999, 22.651049], [120.325236, 22.650743], [120.324842, 22.65047], [120.324703, 22.650695], [120.324677, 22.650307], [120.324905, 22.650353], [120.324366, 22.650152], [120.323975, 22.650195], [120.321875, 22.652652], [120.322117, 22.652933], [120.321478, 22.653337], [120.321178, 22.652992], [120.321103, 22.653055], [120.321523, 22.653536], [120.321328, 22.653679], [120.32091, 22.653145], [120.320994, 22.653127], [120.321359, 22.653562], [120.32158, 22.653464], [120.321078, 22.653028], [120.320946, 22.653018], [120.320707, 22.652719], [120.320616, 22.652782], [120.320868, 22.653072], [120.3211, 22.652893], [120.321016, 22.652784], [120.320737, 22.652512], [120.320486, 22.652691], [120.320779, 22.652476], [120.321694, 22.64866], [120.32174, 22.648578], [120.321866, 22.648669], [120.32258, 22.648768], [120.323994, 22.649453], [120.324093, 22.649176], [120.32433, 22.648987], [120.324396, 22.649023], [120.324673, 22.648483], [120.324937, 22.648628], [120.324965, 22.648583], [120.324975, 22.64824], [120.324798, 22.648167], [120.324906, 22.647978], [120.324685, 22.647968], [120.324446, 22.647705], [120.324628, 22.647597], [120.32482, 22.64786], [120.324542, 22.64822], [120.324747, 22.648248], [120.324781, 22.648194], [120.324508, 22.648202], [120.324414, 22.648337], [120.323936, 22.648118], [120.322998, 22.648819], [120.323372, 22.648747], [120.323433, 22.648902], [120.32331, 22.649028], [120.323415, 22.649028], [120.323601, 22.648878], [120.323945, 22.648227], [120.324111, 22.648345], [120.323887, 22.64885], [120.324185, 22.648318], [120.324135, 22.648309], [120.324371, 22.6484], [120.324014, 22.64894], [120.324072, 22.648959], [120.32433, 22.648481], [120.324634, 22.648464], [120.32412, 22.649456], [120.323574, 22.649083], [120.323712, 22.648957], [120.323865, 22.64903], [120.323868, 22.648895], [120.323343, 22.648152], [120.323541, 22.64799], [120.32304, 22.6476], [120.323017, 22.647708], [120.322581, 22.648058], [120.322688, 22.648149], [120.322892, 22.647924], [120.32294, 22.64797], [120.323134, 22.647862], [120.323339, 22.648053], [120.322912, 22.648322], [120.323007, 22.648414], [120.323125, 22.647799], [120.322871, 22.647536], [120.322929, 22.64747], [120.322483, 22.647055], [120.322396, 22.64701], [120.322254, 22.647136], [120.322589, 22.647444], [120.322657, 22.647376], [120.322626, 22.647273], [120.322401, 22.647082], [120.32244, 22.646978], [120.322733, 22.646876], [120.323007, 22.646624], [120.323331, 22.647059], [120.323182, 22.647206], [120.322858, 22.646904], [120.323787, 22.647857], [120.323788, 22.647783], [120.324045, 22.647649], [120.323521, 22.647231], [120.323372, 22.647357], [120.323558, 22.647194], [120.324112, 22.647965], [120.324066, 22.647992], [120.324215, 22.648065], [120.32417, 22.64793], [120.324461, 22.64785], [120.325006, 22.647274], [120.325146, 22.647287], [120.325135, 22.648006], [120.324533, 22.649195], [120.324912, 22.648682], [120.325251, 22.647036], [120.322505, 22.647511], [120.322333, 22.64767], [120.322528, 22.647824], [120.322463, 22.64789], [120.32218, 22.647524], [120.322256, 22.647443], [120.322045, 22.647641], [120.321889, 22.647505], [120.322112, 22.647298], [120.322239, 22.647262], [120.321826, 22.647712], [120.321406, 22.647954], [120.320879, 22.648412], [120.320863, 22.648503], [120.321542, 22.648605], [120.321532, 22.648478], [120.321849, 22.648191], [120.321549, 22.647973], [120.321221, 22.648342], [120.321396, 22.648424], [120.321654, 22.648172], [120.321998, 22.648372], [120.320773, 22.648475]]}}, {"type": "Feature", "properties": {"district": "6400500", "segment": 27, "total_segments": 47, "km": 10.45, "villages": ["灣華里", "灣成里"]}, "geometry": {"type": "LineString", "coordinates": [[120.321766, 22.64959], [120.321855, 22.649527], [120.321913, 22.649609], [120.321704, 22.649743], [120.321659, 22.64968], [120.321745, 22.649617], [120.321864, 22.649816], [120.322004, 22.649727], [120.322051, 22.649781], [120.321846, 22.649916], [120.321832, 22.649834], [120.322003, 22.649989], [120.322142, 22.64989], [120.322186, 22.649944], [120.321988, 22.650088], [120.321948, 22.650033], [120.322143, 22.650161], [120.322358, 22.649999], [120.322005, 22.649573], [120.322006, 22.649456], [120.32227, 22.649231], [120.323029, 22.649395], [120.32374, 22.649851], [120.32336, 22.649726], [120.323216, 22.649973], [120.322903, 22.649842], [120.323056, 22.649581], [120.322748, 22.649694], [120.322477, 22.649575], [120.322653, 22.649422], [120.322333, 22.649493], [120.322165, 22.649429], [120.32224, 22.649692], [120.322559, 22.649873], [120.322374, 22.65018], [120.322083, 22.650206], [120.322485, 22.650682], [120.322283, 22.65082], [120.322293, 22.650694], [120.322028, 22.650377], [120.321664, 22.650511], [120.321199, 22.649967], [120.320789, 22.650284], [120.321632, 22.651296], [120.321564, 22.651332], [120.322101, 22.65097], [120.321715, 22.650601], [120.321501, 22.650637], [120.321157, 22.650194], [120.321056, 22.650264], [120.321008, 22.650219], [120.321784, 22.651053], [120.321682, 22.651143], [120.320913, 22.650282], [120.320714, 22.650335], [120.321158, 22.650897], [120.321087, 22.650924], [120.32064, 22.650389], [120.319879, 22.650892], [120.320368, 22.651472], [120.320431, 22.651427], [120.320017, 22.650919], [120.320107, 22.650857], [120.320525, 22.651364], [120.32058, 22.651319], [120.320165, 22.650821], [120.320265, 22.650749], [120.320672, 22.651238], [120.320657, 22.651139], [120.320771, 22.651049], [120.32047, 22.650668], [120.320396, 22.650813], [120.320545, 22.650994], [120.320814, 22.651112], [120.321016, 22.651005], [120.320637, 22.650552], [120.319806, 22.650982], [120.320262, 22.651553], [120.320168, 22.651606], [120.319743, 22.651027], [120.319487, 22.651233], [120.319603, 22.651378], [120.319718, 22.651297], [120.320041, 22.651696], [120.320286, 22.651806], [120.320145, 22.652067], [120.320358, 22.652212], [120.320173, 22.652374], [120.319304, 22.651413], [120.319626, 22.651198], [120.319973, 22.651994], [120.320097, 22.652049], [120.320931, 22.651772], [120.323262, 22.650183], [120.323345, 22.649976], [120.3231, 22.650138], [120.320085, 22.652464], [120.319684, 22.652479], [120.319421, 22.651996], [120.319152, 22.65211], [120.3193, 22.652344], [120.319405, 22.652311], [120.319162, 22.651953], [120.319242, 22.651916], [120.319103, 22.651841], [120.319029, 22.651914], [120.319077, 22.651981], [120.318916, 22.651778], [120.319211, 22.651638], [120.319269, 22.651735], [120.319205, 22.651761], [120.319314, 22.65179], [120.319313, 22.651883], [120.319585, 22.651922], [120.319723, 22.65214], [120.319642, 22.652769], [120.31986, 22.65311], [120.319194, 22.653643], [120.319394, 22.653933], [120.319473, 22.653933], [120.319338, 22.653734], [120.319456, 22.653671], [120.319592, 22.653862], [120.319661, 22.653826], [120.319526, 22.653627], [120.319635, 22.653546], [120.319779, 22.653763], [120.319856, 22.653718], [120.319712, 22.65351], [120.320007, 22.653303], [120.320211, 22.653548], [120.319624, 22.65397], [120.319821, 22.654188], [120.319652, 22.654304], [120.319535, 22.654141], [120.319606, 22.654115], [120.319765, 22.654449], [120.320982, 22.653524], [120.321319, 22.653932], [120.320925, 22.654183], [120.320908, 22.654057], [120.320695, 22.65383], [120.320792, 22.653758], [120.320992, 22.653985], [120.321124, 22.653886], [120.320927, 22.65366], [120.320884, 22.653443], [120.320538, 22.653035], [120.320222, 22.653313], [120.320302, 22.653413], [120.320559, 22.653234], [120.320706, 22.65337], [120.320428, 22.653504], [120.320572, 22.653667], [120.320786, 22.65346], [120.319853, 22.65417], [120.319746, 22.653962], [120.319881, 22.653908], [120.31997, 22.654017], [120.320026, 22.6539], [120.319963, 22.653845], [120.320322, 22.653684], [120.320047, 22.653484], [120.319898, 22.653601], [120.320102, 22.653177], [120.320473, 22.652953], [120.320352, 22.652801], [120.32002, 22.65306], [120.319498, 22.654078], [120.319564, 22.654069], [120.319459, 22.654024], [120.318912, 22.652692], [120.31835, 22.652463], [120.318063, 22.65205], [120.318998, 22.651578], [120.321043, 22.654906], [120.321982, 22.656129], [120.322491, 22.656683], [120.322842, 22.656431], [120.323071, 22.656802], [120.322901, 22.656928], [120.322688, 22.656665], [120.322576, 22.656746], [120.322789, 22.657009], [120.322765, 22.657225], [120.323186, 22.657715], [120.323306, 22.657664], [120.323293, 22.657544], [120.323529, 22.6574], [120.323595, 22.657581], [120.32345, 22.657626], [120.32367, 22.657554], [120.323351, 22.657156], [120.323099, 22.657326], [120.322973, 22.657145], [120.323198, 22.656983], [120.322698, 22.657207], [120.322348, 22.65679], [120.32217, 22.656916], [120.322463, 22.657197], [120.322369, 22.657383], [120.322157, 22.65752], [120.322616, 22.657977], [120.322944, 22.6578], [120.322702, 22.657564], [120.32251, 22.657661], [120.32242, 22.657572], [120.322628, 22.657779], [120.322325, 22.65796], [120.321956, 22.657608], [120.322177, 22.657999], [120.322167, 22.658918], [120.322284, 22.659895], [120.32235, 22.66002], [120.322598, 22.660072], [120.323086, 22.659949], [120.323055, 22.659728], [120.322896, 22.659775], [120.322857, 22.659557], [120.322718, 22.659572], [120.322782, 22.659461], [120.322764, 22.65871], [120.32297, 22.658639], [120.323, 22.659538], [120.322901, 22.659552], [120.323068, 22.659531], [120.322501, 22.659517], [120.322486, 22.659236], [120.322506, 22.659821], [120.322582, 22.659821], [120.322618, 22.65996], [120.322809, 22.658191], [120.322965, 22.658087], [120.323129, 22.657739], [120.322379, 22.656763], [120.32246, 22.656709], [120.321996, 22.657066], [120.321853, 22.657348]]}}, {"type": "Feature", "properties": {"district": "6400500", "segment": 28, "total_segments": 47, "km": 9.01, "villages": ["鼎中里"]}, "geometry": {"type": "LineString", "coordinates": [[120.321291, 22.660559], [120.321304, 22.660931], [120.320554, 22.660928], [120.320556, 22.661039], [120.321788, 22.661047], [120.321786, 22.66087], [120.321354, 22.660931], [120.321354, 22.661256], [120.320551, 22.661249], [120.32063, 22.661344], [120.320628, 22.66166], [120.319329, 22.661672], [120.319433, 22.660969], [120.319278, 22.660841], [120.319286, 22.660516], [120.3196, 22.660536], [120.31958, 22.661285], [120.319488, 22.661258], [120.319777, 22.661268], [120.319769, 22.660537], [120.319864, 22.660537], [120.31986, 22.660934], [120.3204, 22.660954], [120.320407, 22.661307], [120.319897, 22.66125], [120.319778, 22.661304], [120.319776, 22.661448], [120.320456, 22.661473], [120.320669, 22.66166], [120.321718, 22.661691], [120.321783, 22.661096], [120.321653, 22.661258], [120.321453, 22.661257], [120.32153, 22.661347], [120.321528, 22.661555], [120.321273, 22.661554], [120.321276, 22.661346], [120.321079, 22.661346], [120.321078, 22.661553], [120.320825, 22.661552], [120.320824, 22.661353], [120.320224, 22.661159], [120.320224, 22.66105], [120.319998, 22.661051], [120.319998, 22.66116], [120.319736, 22.661448], [120.319461, 22.661447], [120.31959, 22.661574], [120.319793, 22.661539], [120.319869, 22.662027], [120.320536, 22.662034], [120.32057, 22.662772], [120.319763, 22.662776], [120.319752, 22.662879], [120.319668, 22.662821], [120.319671, 22.662947], [120.319486, 22.662892], [120.319484, 22.662784], [120.319489, 22.663], [120.31941, 22.663076], [120.31948, 22.663642], [120.31956, 22.663665], [120.31958, 22.663843], [120.31951, 22.66394], [120.319534, 22.6644], [120.320231, 22.664294], [120.320051, 22.664218], [120.320051, 22.664077], [120.319655, 22.664085], [120.319635, 22.664202], [120.319888, 22.664194], [120.32009, 22.664076], [120.320606, 22.664089], [120.320652, 22.66483], [120.320449, 22.664755], [120.320421, 22.664829], [120.320306, 22.664755], [120.320271, 22.664832], [120.320211, 22.664781], [120.320007, 22.664829], [120.320036, 22.664531], [120.320119, 22.664528], [120.3202, 22.664562], [120.319989, 22.664533], [120.319732, 22.664844], [120.319766, 22.665196], [120.320693, 22.665128], [120.32063, 22.665258], [120.320651, 22.665909], [120.319803, 22.665946], [120.3198, 22.66572], [120.319626, 22.665756], [120.319734, 22.666569], [120.319961, 22.666525], [120.319933, 22.666443], [120.319843, 22.666452], [120.319842, 22.666298], [120.319927, 22.666299], [120.3198, 22.666298], [120.319783, 22.666154], [120.320119, 22.666101], [120.320061, 22.666191], [120.320142, 22.666661], [120.319752, 22.666656], [120.319896, 22.667274], [120.320998, 22.667026], [120.320897, 22.666944], [120.320827, 22.6667], [120.320777, 22.666402], [120.320828, 22.666239], [120.320549, 22.666227], [120.320466, 22.666301], [120.320248, 22.666255], [120.320351, 22.666553], [120.320075, 22.665667], [120.319962, 22.665676], [120.319978, 22.665856], [120.319841, 22.665711], [120.319959, 22.665558], [120.31994, 22.665278], [120.320045, 22.66527], [120.320066, 22.665559], [120.320236, 22.665579], [120.320366, 22.665569], [120.320354, 22.665461], [120.32018, 22.66546], [120.320166, 22.665297], [120.320344, 22.665289], [120.320293, 22.665758], [120.320199, 22.665749], [120.32038, 22.665741], [120.319822, 22.665522], [120.319607, 22.665539], [120.319544, 22.665213], [120.319724, 22.665205], [120.319741, 22.665295], [120.319621, 22.66571], [120.320953, 22.664768], [120.32163, 22.664716], [120.321563, 22.664165], [120.321582, 22.662984], [120.321716, 22.662798], [120.321725, 22.662292], [120.321687, 22.662071], [120.320865, 22.662057], [120.32091, 22.662756], [120.321267, 22.662964], [120.320923, 22.663201], [120.320954, 22.663729], [120.321075, 22.663666], [120.321258, 22.663703], [120.321254, 22.663469], [120.321045, 22.663522], [120.321223, 22.663784], [120.321452, 22.663785], [120.321447, 22.663469], [120.321175, 22.663857], [120.320953, 22.663874], [120.321, 22.664154], [120.321451, 22.664111], [120.321448, 22.663969], [120.321158, 22.663938], [120.321087, 22.664001], [120.321179, 22.664254], [120.321183, 22.664651], [120.321009, 22.664669], [120.321007, 22.664334], [120.321395, 22.664327], [120.321396, 22.664634], [120.321393, 22.664255], [120.320666, 22.664053], [120.320492, 22.664182], [120.32064, 22.663555], [120.320568, 22.662996], [120.319921, 22.663066], [120.319996, 22.663156], [120.319986, 22.663346], [120.320464, 22.663339], [120.320379, 22.663149], [120.320175, 22.663157], [120.320177, 22.663265], [120.319937, 22.663346], [120.319565, 22.663328], [120.319574, 22.663552], [120.319858, 22.663553], [120.319785, 22.663616], [120.319845, 22.663914], [120.319648, 22.663931], [120.319952, 22.663725], [120.320511, 22.663754], [120.32046, 22.663528], [120.319958, 22.663517], [120.319995, 22.663635], [120.320227, 22.663663], [120.320501, 22.663529], [120.320248, 22.662612], [120.320299, 22.662523], [120.320455, 22.662517], [120.319957, 22.662523], [120.319965, 22.662587], [120.31997, 22.662298], [120.319704, 22.662353], [120.319739, 22.662249], [120.319937, 22.662217], [120.319937, 22.662117], [120.320044, 22.662262], [120.320441, 22.66224], [120.320533, 22.661979], [120.320865, 22.661985], [120.32001, 22.662298], [120.31973, 22.662479], [120.31974, 22.662658], [120.319435, 22.662378], [120.319426, 22.662049], [120.31975, 22.662039], [120.319504, 22.660634], [120.319359, 22.660284], [120.320252, 22.660412], [120.320384, 22.660615], [120.320209, 22.660761], [120.320397, 22.660909], [120.321673, 22.665794], [120.321802, 22.666669], [120.32181, 22.666853], [120.321369, 22.666886], [120.319837, 22.667283]]}}, {"type": "Feature", "properties": {"district": "6400500", "segment": 29, "total_segments": 47, "km": 14.69, "villages": ["鼎西里"]}, "geometry": {"type": "LineString", "coordinates": [[120.322227, 22.666711], [120.322148, 22.666167], [120.322283, 22.66612], [120.322101, 22.66601], [120.322013, 22.665206], [120.322252, 22.665216], [120.322336, 22.66565], [120.322216, 22.665694], [120.322533, 22.665614], [120.322549, 22.665723], [120.32268, 22.665714], [120.322669, 22.665624], [120.323078, 22.665549], [120.323114, 22.665877], [120.322953, 22.665842], [120.32291, 22.665643], [120.322863, 22.66585], [120.322564, 22.665849], [120.322659, 22.666202], [120.323071, 22.666357], [120.323958, 22.666254], [120.32412, 22.666334], [120.324355, 22.66629], [120.324454, 22.666006], [120.324402, 22.665938], [120.324203, 22.665931], [120.3243, 22.665875], [120.324273, 22.665811], [120.323913, 22.665796], [120.323909, 22.665885], [120.323805, 22.66591], [120.323803, 22.666034], [120.324181, 22.666048], [120.323814, 22.665728], [120.323748, 22.665448], [120.323598, 22.665492], [120.323579, 22.665673], [120.323657, 22.665773], [120.323424, 22.665925], [120.323335, 22.665265], [120.323649, 22.665171], [120.323696, 22.665055], [120.323926, 22.665081], [120.324441, 22.664909], [120.324704, 22.665345], [120.324592, 22.665397], [120.32456, 22.665343], [120.324618, 22.66546], [120.324528, 22.665496], [120.324273, 22.665359], [120.324226, 22.665683], [120.324474, 22.665641], [120.324391, 22.665749], [120.324452, 22.665847], [120.32492, 22.665633], [120.32445, 22.665109], [120.324014, 22.665283], [120.324031, 22.665539], [120.324129, 22.665535], [120.324131, 22.665667], [120.323585, 22.665438], [120.323326, 22.665229], [120.323284, 22.6651], [120.323529, 22.665059], [120.323493, 22.664887], [120.323265, 22.664913], [120.324321, 22.664737], [120.324377, 22.664818], [120.324577, 22.664715], [120.324406, 22.664338], [120.324383, 22.663971], [120.32467, 22.663862], [120.324736, 22.664049], [120.324809, 22.663807], [120.324976, 22.663712], [120.324954, 22.663869], [120.325046, 22.664053], [120.325122, 22.66401], [120.324931, 22.664107], [120.324928, 22.664197], [120.324591, 22.664288], [120.324621, 22.664148], [120.324373, 22.663803], [120.32435, 22.663658], [120.324385, 22.663321], [120.324642, 22.663146], [120.324681, 22.663262], [120.324493, 22.663366], [120.324578, 22.663496], [120.324801, 22.663395], [120.324863, 22.663505], [120.324495, 22.663666], [120.324001, 22.663681], [120.324063, 22.663236], [120.323813, 22.663182], [120.323818, 22.664536], [120.323273, 22.66457], [120.323416, 22.663383], [120.323367, 22.663107], [120.323687, 22.663127], [120.323593, 22.663537], [120.323613, 22.664454], [120.32386, 22.664536], [120.324168, 22.664461], [120.32408, 22.664036], [120.323952, 22.664044], [120.324093, 22.663023], [120.323728, 22.662839], [120.323646, 22.662834], [120.32367, 22.662932], [120.323419, 22.662933], [120.323508, 22.662015], [120.323697, 22.661998], [120.323775, 22.66217], [120.323967, 22.662207], [120.32393, 22.661981], [120.324278, 22.662011], [120.324473, 22.661949], [120.324352, 22.662144], [120.324395, 22.66238], [120.324764, 22.662228], [120.324928, 22.662554], [120.324524, 22.662651], [120.324476, 22.662498], [120.325419, 22.662131], [120.325525, 22.662455], [120.324321, 22.662985], [120.324743, 22.663068], [120.325414, 22.662796], [120.325615, 22.66322], [120.325334, 22.663351], [120.325263, 22.66309], [120.32487, 22.663285], [120.32472, 22.663251], [120.324974, 22.663484], [120.325185, 22.663377], [120.32528, 22.663476], [120.325045, 22.663608], [120.325263, 22.663747], [120.325363, 22.663974], [120.325276, 22.664018], [120.325494, 22.663898], [120.325788, 22.663526], [120.325656, 22.663198], [120.325914, 22.663059], [120.325655, 22.662661], [120.325535, 22.662741], [120.325676, 22.663058], [120.32575, 22.663029], [120.325267, 22.662344], [120.32509, 22.662401], [120.325115, 22.662468], [120.325053, 22.662162], [120.32536, 22.662044], [120.325302, 22.661897], [120.32517, 22.661855], [120.324918, 22.661547], [120.324757, 22.661573], [120.324661, 22.66146], [120.324637, 22.661135], [120.325163, 22.661074], [120.325143, 22.6612], [120.32494, 22.661226], [120.325031, 22.661443], [120.324818, 22.661425], [120.324815, 22.661262], [120.324517, 22.66127], [120.324534, 22.66148], [120.324033, 22.661475], [120.32401, 22.661322], [120.323561, 22.661374], [120.323479, 22.661275], [120.323519, 22.66104], [120.32388, 22.661022], [120.323961, 22.661222], [120.323614, 22.661257], [120.32342, 22.661392], [120.323441, 22.661609], [120.323561, 22.661723], [120.324343, 22.661549], [120.324299, 22.661291], [120.324082, 22.661313], [120.324039, 22.661214], [120.324368, 22.661161], [120.32433, 22.660971], [120.323988, 22.661033], [120.323895, 22.660841], [120.323986, 22.660879], [120.32452, 22.660751], [120.324516, 22.661161], [120.324377, 22.661278], [120.324308, 22.660634], [120.324382, 22.660623], [120.323739, 22.660734], [120.323088, 22.660731], [120.323088, 22.660644], [120.323737, 22.660643], [120.323862, 22.660535], [120.324884, 22.660395], [120.324915, 22.660567], [120.324504, 22.660638], [120.324823, 22.660928], [120.325079, 22.660875], [120.32502, 22.660721], [120.324784, 22.660766], [120.324964, 22.660558], [120.324829, 22.660196], [120.323864, 22.660432], [120.323601, 22.660325], [120.323586, 22.66022], [120.323655, 22.660209], [120.32334, 22.660258], [120.323345, 22.66039], [120.322543, 22.660457], [120.322646, 22.661235], [120.322292, 22.661307], [120.322387, 22.661523], [120.322609, 22.661506], [120.322609, 22.661614], [120.32261, 22.661433], [120.32277, 22.661425], [120.32277, 22.661615], [120.323167, 22.661598], [120.323133, 22.661065], [120.323478, 22.66104], [120.323453, 22.660913], [120.323747, 22.660905], [120.323084, 22.660898], [120.323128, 22.660993], [120.322942, 22.660965], [120.322941, 22.661091], [120.322774, 22.661109], [120.322773, 22.661181], [120.322773, 22.660621], [120.322935, 22.660622], [120.323016, 22.6613], [120.322741, 22.661307], [120.323168, 22.661634], [120.323144, 22.66177], [120.322476, 22.661758], [120.322466, 22.662071], [120.323133, 22.662084], [120.323111, 22.6623], [120.32299, 22.662379], [120.323094, 22.662512], [120.322773, 22.662671], [120.322616, 22.662563], [120.322653, 22.662227], [120.322485, 22.662173], [120.322448, 22.66257], [120.322291, 22.662561], [120.322346, 22.662056], [120.322146, 22.66205], [120.322089, 22.662558], [120.322272, 22.662741], [120.322285, 22.662624], [120.32208, 22.662866], [120.321964, 22.664346], [120.322199, 22.664299], [120.32221, 22.664719], [120.32201, 22.664723], [120.321966, 22.664474], [120.322197, 22.664227], [120.32215, 22.66403], [120.322208, 22.664], [120.322076, 22.664027], [120.32244, 22.664061], [120.322444, 22.663988], [120.322388, 22.664711], [120.322944, 22.664668], [120.323009, 22.663927], [120.322451, 22.663871], [120.322656, 22.663989], [120.322619, 22.664559], [120.322772, 22.664532], [120.322883, 22.663666], [120.322457, 22.663564], [120.322465, 22.663483], [120.322866, 22.663502], [120.322831, 22.663388], [120.322609, 22.663384], [120.322626, 22.663088], [120.322811, 22.663097], [120.322897, 22.663379], [120.323066, 22.663402], [120.323064, 22.663205], [120.322988, 22.663091], [120.323035, 22.663611], [120.322292, 22.66361], [120.32226, 22.663443], [120.323752, 22.66273], [120.323828, 22.662603], [120.324175, 22.662602], [120.324939, 22.662193], [120.325286, 22.66144], [120.324911, 22.659996], [120.324085, 22.660138], [120.325753, 22.659871], [120.327125, 22.660016], [120.327161, 22.65994], [120.327286, 22.659938], [120.328602, 22.660049], [120.328567, 22.660345], [120.327752, 22.660069], [120.327783, 22.660027], [120.327113, 22.660119], [120.327109, 22.659934], [120.326728, 22.661579], [120.326721, 22.663103], [120.326977, 22.66339], [120.327284, 22.66329], [120.327322, 22.663444], [120.327201, 22.66349], [120.327196, 22.663612], [120.326702, 22.663885], [120.326708, 22.663583], [120.326943, 22.66342], [120.32735, 22.663564], [120.327578, 22.663485], [120.327649, 22.663621], [120.327813, 22.663557], [120.32785, 22.663618], [120.327736, 22.663385], [120.327886, 22.663371], [120.327996, 22.663593], [120.328127, 22.663506], [120.328159, 22.66357], [120.327991, 22.663244], [120.327849, 22.663292], [120.327597, 22.663202], [120.327562, 22.66345], [120.327998, 22.663055], [120.328179, 22.663079], [120.328219, 22.662954], [120.32843, 22.662894], [120.328391, 22.663213], [120.326403, 22.663735], [120.322999, 22.66512], [120.323045, 22.6654], [120.322528, 22.665461], [120.322557, 22.665172], [120.322595, 22.66539], [120.322664, 22.665378], [120.322624, 22.665167], [120.322813, 22.665136], [120.322846, 22.665348], [120.322905, 22.665322], [120.322909, 22.66493], [120.322913, 22.665354], [120.32253, 22.665533], [120.322968, 22.665914], [120.322901, 22.666055], [120.323143, 22.666014], [120.322818, 22.66607], [120.322652, 22.66635], [120.322844, 22.666636], [120.322968, 22.666582], [120.322346, 22.666774], [120.322335, 22.666587], [120.322516, 22.666594], [120.322515, 22.666301], [120.322256, 22.666794], [120.323588, 22.666198], [120.322446, 22.661144], [120.322422, 22.660891], [120.322482, 22.660891], [120.32234, 22.660742], [120.322238, 22.660754], [120.322243, 22.660827], [120.322237, 22.660658], [120.322345, 22.660646], [120.322346, 22.660457]]}}, {"type": "Feature", "properties": {"district": "6400500", "segment": 30, "total_segments": 47, "km": 13.07, "villages": ["鼎金里"]}, "geometry": {"type": "LineString", "coordinates": [[120.325126, 22.664424], [120.325488, 22.664245], [120.325465, 22.664398], [120.325319, 22.664483], [120.325482, 22.664587], [120.325522, 22.664489], [120.32589, 22.664391], [120.32584, 22.664144], [120.325705, 22.664147], [120.325687, 22.664072], [120.325886, 22.663995], [120.326611, 22.664088], [120.32635, 22.66454], [120.326307, 22.664953], [120.326171, 22.665241], [120.325936, 22.665458], [120.325238, 22.665748], [120.325145, 22.665445], [120.324714, 22.664838], [120.324979, 22.664541], [120.324911, 22.664764], [120.324968, 22.664784], [120.324868, 22.664814], [120.324957, 22.665028], [120.325927, 22.664534], [120.326049, 22.664214], [120.326161, 22.664293], [120.32591, 22.664111], [120.325615, 22.66413], [120.326154, 22.664934], [120.325868, 22.665177], [120.32598, 22.66524], [120.325806, 22.665326], [120.325539, 22.665186], [120.325461, 22.66538], [120.324995, 22.6658], [120.324682, 22.665903], [120.324985, 22.665961], [120.325004, 22.666272], [120.324688, 22.666263], [120.324593, 22.666507], [120.323542, 22.666603], [120.323725, 22.667005], [120.324112, 22.66693], [120.324167, 22.666833], [120.324352, 22.666798], [120.324484, 22.667754], [120.324771, 22.66774], [120.324474, 22.666786], [120.32461, 22.666698], [120.324737, 22.667059], [120.325048, 22.666925], [120.325112, 22.666989], [120.325178, 22.667323], [120.325412, 22.667685], [120.324992, 22.66772], [120.324913, 22.66744], [120.325066, 22.667404], [120.324992, 22.667277], [120.324876, 22.667295], [120.324804, 22.667313], [120.324836, 22.667457], [120.324799, 22.666724], [120.324613, 22.66664], [120.323939, 22.666739], [120.323532, 22.666539], [120.323246, 22.666665], [120.323414, 22.667033], [120.323176, 22.66727], [120.32303, 22.667299], [120.32294, 22.667223], [120.322825, 22.666869], [120.323103, 22.666778], [120.32313, 22.666584], [120.322783, 22.666876], [120.322382, 22.666977], [120.322646, 22.66722], [120.32277, 22.667229], [120.322825, 22.66744], [120.323029, 22.667684], [120.323539, 22.668039], [120.323396, 22.668201], [120.322755, 22.667611], [120.322597, 22.667394], [120.323395, 22.66742], [120.323397, 22.667532], [120.323713, 22.667814], [120.323765, 22.667977], [120.323834, 22.668031], [120.323944, 22.667849], [120.324112, 22.667824], [120.324357, 22.668042], [120.324286, 22.668177], [120.324089, 22.667996], [120.324052, 22.667761], [120.323549, 22.667289], [120.32389, 22.6672], [120.324186, 22.667473], [120.324196, 22.667111], [120.325348, 22.666963], [120.325675, 22.667632], [120.325598, 22.668084], [120.324712, 22.668152], [120.324537, 22.668413], [120.324707, 22.668531], [120.324782, 22.668432], [120.325748, 22.668346], [120.325648, 22.668111], [120.325542, 22.668119], [120.325731, 22.668518], [120.325356, 22.669311], [120.32519, 22.669175], [120.324888, 22.669092], [120.324752, 22.668919], [120.32445, 22.668827], [120.324473, 22.668548], [120.324636, 22.668637], [120.324828, 22.668595], [120.325394, 22.668896], [120.325328, 22.669022], [120.324909, 22.668803], [120.325145, 22.66861], [120.325117, 22.668542], [120.325541, 22.66849], [120.325376, 22.668751], [120.325056, 22.668542], [120.325082, 22.668182], [120.324123, 22.668457], [120.323762, 22.668193], [120.323627, 22.668364], [120.324066, 22.668646], [120.32414, 22.668511], [120.323427, 22.668228], [120.325711, 22.669186], [120.325868, 22.668861], [120.326069, 22.668805], [120.326225, 22.668908], [120.326358, 22.669161], [120.326217, 22.669464], [120.326462, 22.669496], [120.326422, 22.669289], [120.326474, 22.66954], [120.326085, 22.669639], [120.325669, 22.669448], [120.325694, 22.669222], [120.325898, 22.669322], [120.326059, 22.668998], [120.326173, 22.669116], [120.326054, 22.669422], [120.325878, 22.669358], [120.326728, 22.669922], [120.328654, 22.670862], [120.328485, 22.670995], [120.328818, 22.671182], [120.328325, 22.670985], [120.328255, 22.670938], [120.330734, 22.672098], [120.331412, 22.671811], [120.330262, 22.671319], [120.330353, 22.67046], [120.330481, 22.670173], [120.330819, 22.670002], [120.330965, 22.670075], [120.331588, 22.669102], [120.331914, 22.669139], [120.332438, 22.67079], [120.332937, 22.66705], [120.331997, 22.666916], [120.331481, 22.666924], [120.331291, 22.666243], [120.330436, 22.666637], [120.330313, 22.667379], [120.328673, 22.666694], [120.327982, 22.665995], [120.327462, 22.665284], [120.327349, 22.665423], [120.327849, 22.666074], [120.327012, 22.665966], [120.326646, 22.66656], [120.326907, 22.667502], [120.329157, 22.664831], [120.330807, 22.663849], [120.331072, 22.663402], [120.331706, 22.663355], [120.333848, 22.661282], [120.333971, 22.661102], [120.333743, 22.660382], [120.333576, 22.660205], [120.334618, 22.660523], [120.334749, 22.660018], [120.335494, 22.66061], [120.334889, 22.661123], [120.331311, 22.661704], [120.330406, 22.660271], [120.33015, 22.660174], [120.330045, 22.660246], [120.329855, 22.660232], [120.329572, 22.660099], [120.329595, 22.660332], [120.329183, 22.660301], [120.328877, 22.66021], [120.328886, 22.660041], [120.329031, 22.660025], [120.328874, 22.66029], [120.336472, 22.670319], [120.336567, 22.67055], [120.336724, 22.670595], [120.338629, 22.672604], [120.339025, 22.672393]]}}, {"type": "Feature", "properties": {"district": "6400500", "segment": 31, "total_segments": 47, "km": 14.97, "villages": ["鼎強里", "鼎盛里"]}, "geometry": {"type": "LineString", "coordinates": [[120.328095, 22.671555], [120.327823, 22.67138], [120.327773, 22.67147], [120.32782, 22.671489], [120.326843, 22.670879], [120.326054, 22.670506], [120.326257, 22.670227], [120.326395, 22.670327], [120.326229, 22.670507], [120.326453, 22.670607], [120.326567, 22.670463], [120.326473, 22.670399], [120.326922, 22.670735], [120.326794, 22.670762], [120.326531, 22.670616], [120.326268, 22.671012], [120.327429, 22.671487], [120.32735, 22.67164], [120.327112, 22.671594], [120.325917, 22.671029], [120.325885, 22.670948], [120.325694, 22.671236], [120.325907, 22.671491], [120.32724, 22.672073], [120.327322, 22.671929], [120.32584, 22.671254], [120.325576, 22.671037], [120.325519, 22.670874], [120.325254, 22.670611], [120.325299, 22.670548], [120.326234, 22.670994], [120.32569, 22.670838], [120.325627, 22.670965], [120.325264, 22.67053], [120.3251, 22.670511], [120.32535, 22.670024], [120.326018, 22.670379], [120.32597, 22.670469], [120.324934, 22.670059], [120.325066, 22.669689], [120.325166, 22.669644], [120.32405, 22.669116], [120.323421, 22.668698], [120.323353, 22.668779], [120.323421, 22.668851], [120.32475, 22.669579], [120.324712, 22.669642], [120.324601, 22.66975], [120.323303, 22.669031], [120.323169, 22.669076], [120.324871, 22.670022], [120.324795, 22.669904], [120.324926, 22.669634], [120.324672, 22.669778], [120.324427, 22.670156], [120.323919, 22.669883], [120.323394, 22.670576], [120.323761, 22.670684], [120.3237, 22.67088], [120.323579, 22.671027], [120.323287, 22.670878], [120.323315, 22.671136], [120.32302, 22.670927], [120.32293, 22.670673], [120.322196, 22.670273], [120.322296, 22.670147], [120.322974, 22.67052], [120.323021, 22.670457], [120.322353, 22.670075], [120.322953, 22.669454], [120.323102, 22.669545], [120.322734, 22.670031], [120.322652, 22.669986], [120.32282, 22.670086], [120.322848, 22.669978], [120.322732, 22.669796], [120.322914, 22.670149], [120.323122, 22.670277], [120.323087, 22.670322], [120.323254, 22.670223], [120.323614, 22.669728], [120.323666, 22.669764], [120.3232, 22.669518], [120.323366, 22.669709], [120.323168, 22.669898], [120.3233, 22.669952], [120.32318, 22.670116], [120.323051, 22.67006], [120.322995, 22.670132], [120.323077, 22.670024], [120.323149, 22.670548], [120.323621, 22.670861], [120.323931, 22.670402], [120.324088, 22.670317], [120.324485, 22.670481], [120.324555, 22.670319], [120.324134, 22.670127], [120.324461, 22.670174], [120.324797, 22.670329], [120.324592, 22.670337], [120.32467, 22.670437], [120.324546, 22.671261], [120.324218, 22.67175], [120.32439, 22.671904], [120.324478, 22.67183], [120.324893, 22.672061], [120.325157, 22.672299], [120.325004, 22.672407], [120.324635, 22.672017], [120.324788, 22.671783], [120.325306, 22.672182], [120.32625, 22.672638], [120.326122, 22.672683], [120.32614, 22.672863], [120.326377, 22.672955], [120.326423, 22.672693], [120.326027, 22.672845], [120.325096, 22.672651], [120.325202, 22.672579], [120.325302, 22.672327], [120.325563, 22.672454], [120.325506, 22.672662], [120.325741, 22.672708], [120.325808, 22.672501], [120.325939, 22.672587], [120.325579, 22.672409], [120.325056, 22.672515], [120.325133, 22.671563], [120.324973, 22.671525], [120.32486, 22.671729], [120.325028, 22.671802], [120.324787, 22.671702], [120.324752, 22.671765], [120.325001, 22.671362], [120.326602, 22.671655], [120.327029, 22.671557], [120.327161, 22.671314], [120.326918, 22.671196], [120.327246, 22.671351], [120.327446, 22.671126], [120.327292, 22.671026], [120.327712, 22.671298], [120.3277, 22.671696], [120.327494, 22.672056], [120.327358, 22.671947], [120.327053, 22.670907], [120.326214, 22.670199], [120.325707, 22.670026], [120.325717, 22.669908], [120.326172, 22.670091], [120.325524, 22.669764], [120.323284, 22.668932], [120.323128, 22.669049], [120.3222, 22.672152], [120.322506, 22.672935], [120.321964, 22.673099], [120.322184, 22.673251], [120.322324, 22.673174], [120.322882, 22.673464], [120.323188, 22.673976], [120.322488, 22.674257], [120.322529, 22.674094], [120.323028, 22.67387], [120.323237, 22.673952], [120.323371, 22.674287], [120.322161, 22.674725], [120.322261, 22.674752], [120.323184, 22.676201], [120.323363, 22.676103], [120.323425, 22.676202], [120.323199, 22.676337], [120.324005, 22.67588], [120.32397, 22.675636], [120.324216, 22.67551], [120.324178, 22.675447], [120.324234, 22.675546], [120.32448, 22.675374], [120.32457, 22.675563], [120.324797, 22.675456], [120.324687, 22.675295], [120.325173, 22.675108], [120.325215, 22.675198], [120.324856, 22.675359], [120.32476, 22.675043], [120.325091, 22.674918], [120.325056, 22.674836], [120.324681, 22.67497], [120.32466, 22.675052], [120.324343, 22.675186], [120.324383, 22.675249], [120.324052, 22.674724], [120.3244, 22.674535], [120.324455, 22.674843], [120.324282, 22.674923], [120.324219, 22.674733], [120.324009, 22.674747], [120.324007, 22.674579], [120.32378, 22.674068], [120.324329, 22.673741], [120.324314, 22.673867], [120.323972, 22.674028], [120.324076, 22.674218], [120.323645, 22.674079], [120.323433, 22.674261], [120.323495, 22.674433], [120.323136, 22.674648], [120.323063, 22.674494], [120.323293, 22.674992], [120.323378, 22.674829], [120.323636, 22.674702], [120.323681, 22.674935], [120.323827, 22.67489], [120.323993, 22.675007], [120.324016, 22.675055], [120.323852, 22.675109], [120.323749, 22.675008], [120.3235, 22.675072], [120.323666, 22.675249], [120.323456, 22.675325], [120.323447, 22.675255], [120.323535, 22.675399], [120.324104, 22.675143], [120.324186, 22.675296], [120.323509, 22.675579], [120.323489, 22.675417], [120.323201, 22.675298], [120.32314, 22.675181], [120.323127, 22.675289], [120.322817, 22.675459], [120.322878, 22.675586], [120.323113, 22.675442], [120.323237, 22.675714], [120.323032, 22.675821], [120.323113, 22.675939], [120.323281, 22.675696], [120.323386, 22.675769], [120.323734, 22.675761], [120.323059, 22.675099], [120.322814, 22.674601], [120.322715, 22.674637], [120.32297, 22.675153], [120.322735, 22.675278], [120.322543, 22.674961], [120.322091, 22.675228], [120.321795, 22.674869], [120.321569, 22.674135], [120.320871, 22.67443], [120.321394, 22.674875], [120.321377, 22.674713], [120.321045, 22.674169], [120.320921, 22.67369], [120.320785, 22.673726], [120.320897, 22.674051], [120.320706, 22.674114], [120.320553, 22.673734], [120.320441, 22.673815], [120.320335, 22.673688], [120.320316, 22.673624], [120.320717, 22.673596], [120.320707, 22.673391], [120.32081, 22.673365], [120.320779, 22.673292], [120.320485, 22.673295], [120.320466, 22.67339], [120.320232, 22.673461], [120.32029, 22.673534], [120.32021, 22.673281], [120.321234, 22.67305], [120.321584, 22.674019], [120.321219, 22.674145], [120.321134, 22.673637], [120.321315, 22.673592], [120.320969, 22.673681], [120.320827, 22.67341], [120.320998, 22.673465], [120.321252, 22.673384], [120.321058, 22.673357], [120.321025, 22.673221], [120.321221, 22.673005], [120.321752, 22.673432], [120.321794, 22.673576], [120.321982, 22.673523], [120.321958, 22.673378], [120.322226, 22.673506], [120.32211, 22.673818], [120.322206, 22.673778], [120.322285, 22.673857], [120.322526, 22.673878], [120.322918, 22.673681], [120.322819, 22.673581], [120.322618, 22.673706], [120.322852, 22.673554], [120.323001, 22.673202], [120.322932, 22.673066], [120.323016, 22.673013], [120.323103, 22.673148], [120.32327, 22.673033], [120.323242, 22.672914], [120.323449, 22.673177], [120.32325, 22.673321], [120.323297, 22.673375], [120.32383, 22.673088], [120.323708, 22.672925], [120.323706, 22.673025], [120.323483, 22.67315], [120.323447, 22.672888], [120.323673, 22.672763], [120.323592, 22.672721], [120.323397, 22.672816], [120.323483, 22.672614], [120.323358, 22.672517], [120.32397, 22.672032], [120.324046, 22.672182], [120.324095, 22.672015], [120.323989, 22.671933], [120.3246, 22.672418], [120.324816, 22.672737], [120.324724, 22.673019], [120.32436, 22.673337], [120.324025, 22.672757], [120.324181, 22.672699], [120.324469, 22.673117], [120.324582, 22.673012], [120.324251, 22.672474], [120.323788, 22.672655], [120.323968, 22.672394], [120.323825, 22.672266], [120.324151, 22.672655], [120.324424, 22.672481], [120.324678, 22.672851], [120.325118, 22.672958], [120.32484, 22.673354], [120.325023, 22.673473], [120.32534, 22.673935], [120.325647, 22.673835], [120.325655, 22.673674], [120.325574, 22.673701], [120.325549, 22.673569], [120.326226, 22.673722], [120.326201, 22.673812], [120.325817, 22.673738], [120.325803, 22.673964], [120.32613, 22.674028], [120.325997, 22.674199], [120.32592, 22.674109], [120.325709, 22.674072], [120.32551, 22.674206], [120.325885, 22.674704], [120.325962, 22.674678], [120.325983, 22.674326], [120.325715, 22.674352], [120.325811, 22.674424], [120.325871, 22.674379], [120.325783, 22.674451], [120.325996, 22.674723], [120.325601, 22.67491], [120.325613, 22.674776], [120.325411, 22.674468], [120.325476, 22.674432], [120.325303, 22.67453], [120.325206, 22.674349], [120.325348, 22.674269], [120.325292, 22.674178], [120.325014, 22.674294], [120.325062, 22.674105], [120.325185, 22.674024], [120.32499, 22.673879], [120.324712, 22.673489], [120.324571, 22.673579], [120.324867, 22.674032], [120.325306, 22.674016], [120.325457, 22.673863], [120.325363, 22.673673], [120.325303, 22.67372], [120.32517, 22.673618], [120.325431, 22.673149], [120.325352, 22.67314], [120.325171, 22.673446], [120.325015, 22.673346]]}}, {"type": "Feature", "properties": {"district": "6400500", "segment": 32, "total_segments": 47, "km": 13.62, "villages": ["鼎盛里", "鼎力里"]}, "geometry": {"type": "LineString", "coordinates": [[120.325192, 22.673004], [120.325778, 22.673169], [120.325652, 22.673403], [120.326264, 22.673496], [120.326249, 22.67355], [120.326247, 22.673397], [120.325894, 22.673341], [120.325981, 22.67298], [120.326375, 22.673144], [120.326352, 22.673207], [120.326031, 22.673152], [120.325887, 22.673377], [120.325493, 22.673375], [120.325594, 22.673213], [120.3255, 22.673546], [120.325443, 22.67353], [120.325718, 22.673963], [120.325405, 22.674152], [120.325489, 22.67417], [120.325765, 22.673963], [120.326174, 22.67459], [120.325433, 22.674753], [120.325523, 22.675073], [120.325318, 22.675172], [120.324707, 22.675061], [120.324528, 22.674807], [120.324539, 22.673624], [120.324783, 22.673445], [120.323887, 22.67317], [120.323339, 22.673547], [120.323201, 22.673248], [120.322797, 22.67284], [120.323234, 22.672729], [120.323177, 22.672588], [120.323301, 22.672518], [120.322754, 22.672867], [120.322319, 22.673561], [120.321872, 22.673758], [120.321921, 22.673933], [120.322331, 22.674102], [120.322365, 22.674346], [120.322045, 22.67449], [120.322029, 22.674327], [120.321534, 22.674469], [120.321471, 22.674307], [120.321623, 22.674741], [120.321576, 22.675063], [120.32204, 22.67539], [120.322174, 22.675358], [120.322113, 22.675258], [120.322694, 22.676172], [120.322627, 22.676208], [120.322225, 22.675755], [120.322164, 22.675538], [120.322015, 22.675608], [120.322827, 22.676343], [120.322938, 22.676552], [120.322832, 22.676543], [120.322749, 22.676635], [120.322778, 22.676498], [120.322679, 22.676344], [120.32377, 22.676859], [120.324426, 22.677944], [120.326059, 22.678338], [120.326305, 22.673379], [120.326396, 22.673072], [120.32077, 22.674288], [120.320467, 22.674077], [120.320768, 22.673671], [120.320551, 22.673056], [120.320204, 22.673127], [120.320193, 22.67301], [120.320292, 22.672954], [120.32068, 22.672921], [120.32049, 22.67227], [120.320129, 22.672341], [120.320213, 22.672423], [120.320224, 22.672631], [120.320435, 22.672469], [120.320529, 22.672253], [120.320675, 22.672208], [120.320886, 22.67294], [120.321197, 22.672879], [120.320552, 22.670799], [120.320056, 22.670986], [120.320032, 22.671131], [120.320519, 22.671024], [120.320579, 22.671223], [120.320218, 22.671321], [120.320187, 22.671239], [120.320077, 22.671266], [120.320117, 22.671546], [120.320165, 22.671673], [120.320462, 22.671557], [120.320564, 22.671882], [120.320745, 22.671757], [120.320691, 22.671585], [120.320572, 22.671612], [120.320501, 22.671413], [120.320626, 22.671377], [120.320251, 22.671475], [120.320227, 22.671366], [120.320267, 22.671511], [120.320075, 22.671691], [120.320085, 22.671826], [120.320383, 22.671764], [120.320439, 22.671936], [120.320107, 22.672016], [120.320118, 22.672151], [120.320811, 22.671974], [120.320844, 22.672173], [120.320662, 22.672163], [120.320813, 22.672344], [120.320895, 22.672299], [120.320854, 22.672471], [120.321037, 22.672778], [120.320851, 22.672958], [120.320596, 22.673039], [120.32051, 22.672695], [120.32017, 22.672793], [120.320522, 22.670663], [120.320231, 22.669714], [120.319865, 22.669775], [120.319869, 22.669947], [120.320187, 22.669939], [120.320186, 22.67012], [120.319871, 22.6701], [120.320227, 22.670129], [120.320693, 22.669994], [120.320613, 22.669733], [120.321208, 22.66938], [120.321329, 22.669402], [120.322283, 22.669993], [120.322201, 22.670101], [120.321252, 22.66951], [120.321282, 22.6697], [120.321217, 22.66979], [120.320706, 22.670032], [120.320893, 22.669798], [120.320817, 22.669743], [120.321027, 22.669735], [120.320993, 22.669608], [120.322097, 22.670236], [120.322184, 22.669776], [120.322656, 22.669257], [120.322347, 22.669045], [120.322445, 22.668977], [120.322749, 22.669123], [120.322937, 22.668948], [120.322627, 22.668694], [120.322699, 22.66855], [120.323066, 22.668786], [120.32299, 22.668967], [120.323205, 22.668561], [120.322295, 22.667736], [120.322047, 22.667175], [120.321882, 22.667228], [120.322032, 22.667545], [120.322807, 22.668388], [120.322537, 22.668414], [120.321846, 22.667625], [120.321644, 22.667751], [120.321581, 22.667669], [120.322409, 22.668522], [120.32225, 22.668792], [120.322323, 22.668846], [120.322124, 22.669062], [120.321923, 22.668809], [120.321404, 22.669312], [120.321975, 22.669224], [120.322056, 22.669134], [120.321836, 22.669007], [120.322051, 22.668674], [120.322192, 22.668882], [120.322249, 22.669153], [120.322489, 22.669317], [120.322435, 22.669389], [120.322184, 22.669216], [120.322058, 22.669351], [120.322338, 22.669506], [120.322198, 22.669605], [120.322004, 22.669459], [120.321879, 22.669585], [120.322126, 22.669695], [120.321389, 22.668879], [120.321172, 22.669013], [120.321083, 22.668778], [120.321719, 22.668356], [120.321862, 22.668501], [120.321435, 22.668843], [120.321127, 22.668552], [120.320989, 22.668651], [120.321022, 22.668534], [120.320928, 22.66838], [120.321138, 22.668254], [120.321235, 22.668435], [120.321135, 22.668507], [120.320881, 22.668407], [120.320548, 22.668478], [120.320607, 22.668668], [120.320769, 22.668578], [120.320955, 22.669021], [120.320451, 22.669182], [120.320473, 22.669254], [120.320138, 22.668197], [120.320282, 22.66826], [120.320495, 22.668983], [120.320765, 22.668912], [120.320753, 22.668533], [120.320632, 22.668216], [120.320474, 22.668225], [120.320522, 22.668369], [120.320742, 22.668072], [120.321279, 22.667822], [120.3212, 22.667641], [120.321145, 22.667749], [120.320885, 22.667874], [120.320735, 22.667937], [120.320707, 22.667873], [120.320751, 22.667973], [120.320642, 22.667496], [120.320339, 22.667637], [120.320226, 22.667591], [120.320103, 22.66769], [120.319251, 22.667813], [120.319379, 22.668635], [120.319459, 22.668672], [120.319497, 22.668907], [120.319612, 22.668447], [120.319454, 22.667886], [120.319637, 22.667851], [120.319788, 22.668149], [120.319829, 22.66852], [120.319931, 22.66869], [120.319863, 22.668763], [120.319932, 22.668942], [120.319925, 22.669574], [120.319192, 22.668445], [120.317706, 22.6688], [120.317838, 22.668954], [120.318368, 22.668739], [120.318522, 22.66874], [120.318543, 22.668821], [120.318512, 22.668704], [120.31872, 22.66866], [120.318662, 22.66837], [120.317634, 22.668619], [120.317459, 22.668546], [120.317451, 22.66832], [120.317318, 22.668316], [120.318162, 22.668069], [120.318266, 22.668369], [120.318415, 22.668333], [120.31837, 22.668179], [120.318572, 22.668161], [120.3187, 22.668362], [120.319203, 22.668228], [120.319015, 22.667866], [120.318833, 22.667972], [120.318498, 22.667987], [120.318062, 22.6683], [120.318092, 22.66841], [120.317916, 22.668421], [120.317448, 22.668681], [120.317424, 22.669105], [120.316961, 22.669155], [120.316991, 22.669313], [120.316529, 22.669293], [120.31643, 22.66863], [120.315298, 22.668862], [120.31577, 22.669085], [120.315775, 22.669249], [120.315926, 22.669205], [120.315903, 22.669081], [120.315993, 22.669078], [120.316031, 22.669275], [120.315939, 22.669272], [120.316183, 22.669238], [120.31615, 22.669062], [120.316265, 22.668955], [120.316347, 22.669284], [120.316409, 22.669281], [120.316193, 22.669289], [120.315976, 22.668925], [120.315879, 22.668932], [120.316628, 22.668524], [120.316783, 22.668525], [120.316944, 22.669072], [120.316859, 22.669161], [120.31671, 22.669167], [120.318089, 22.670066], [120.321399, 22.668021], [120.321683, 22.668329], [120.321433, 22.66738], [120.321011, 22.667429]]}}, {"type": "Feature", "properties": {"district": "6400500", "segment": 33, "total_segments": 47, "km": 14.99, "villages": ["鼎泰里"]}, "geometry": {"type": "LineString", "coordinates": [[120.319474, 22.66729], [120.319386, 22.666635], [120.318828, 22.666819], [120.317883, 22.666985], [120.317982, 22.667221], [120.318049, 22.667131], [120.31927, 22.666825], [120.319285, 22.666925], [120.319161, 22.666916], [120.319278, 22.667224], [120.319252, 22.667379], [120.319455, 22.667371], [120.318904, 22.667405], [120.318634, 22.667548], [120.317387, 22.667904], [120.317365, 22.667688], [120.317223, 22.667687], [120.317169, 22.667497], [120.317273, 22.667543], [120.317619, 22.667479], [120.31761, 22.667426], [120.317635, 22.667535], [120.317752, 22.667522], [120.317745, 22.667398], [120.31787, 22.667374], [120.317885, 22.667627], [120.317248, 22.667809], [120.317295, 22.667982], [120.316736, 22.668066], [120.316609, 22.667838], [120.316677, 22.667491], [120.316573, 22.667012], [120.31649, 22.667117], [120.316382, 22.666834], [120.316386, 22.666631], [120.316471, 22.666616], [120.316485, 22.666684], [120.316453, 22.6664], [120.315502, 22.666506], [120.31556, 22.666668], [120.31537, 22.666626], [120.31505, 22.666787], [120.315267, 22.667071], [120.315363, 22.667445], [120.315308, 22.667518], [120.315475, 22.667514], [120.31549, 22.667289], [120.315759, 22.667323], [120.315823, 22.667679], [120.315635, 22.66773], [120.315579, 22.667544], [120.315305, 22.66825], [120.315493, 22.668402], [120.316141, 22.668098], [120.316227, 22.668195], [120.316606, 22.668137], [120.316121, 22.667842], [120.315929, 22.667916], [120.31603, 22.667646], [120.31597, 22.667289], [120.316251, 22.667333], [120.316287, 22.667535], [120.316329, 22.667448], [120.317499, 22.667264], [120.317348, 22.667108], [120.317244, 22.667181], [120.31709, 22.667063], [120.316526, 22.66409], [120.317194, 22.664029], [120.317215, 22.665041], [120.317089, 22.665049], [120.317012, 22.664137], [120.316782, 22.664163], [120.316983, 22.665762], [120.317325, 22.665692], [120.317248, 22.665628], [120.317171, 22.665194], [120.317094, 22.665203], [120.317425, 22.665177], [120.317417, 22.66552], [120.317578, 22.665358], [120.31808, 22.665352], [120.318272, 22.666388], [120.318173, 22.666359], [120.318297, 22.666481], [120.3183, 22.66661], [120.317941, 22.666695], [120.317852, 22.666326], [120.317633, 22.666379], [120.317665, 22.666533], [120.31759, 22.666099], [120.317053, 22.66616], [120.317076, 22.665998], [120.317432, 22.665937], [120.317353, 22.665863], [120.317025, 22.665916], [120.317152, 22.666657], [120.317752, 22.666069], [120.318126, 22.666014], [120.317972, 22.665953], [120.31804, 22.665803], [120.317991, 22.665568], [120.317682, 22.665549], [120.318069, 22.665288], [120.317953, 22.664096], [120.31786, 22.664168], [120.317313, 22.664183], [120.317385, 22.664265], [120.317446, 22.66497], [120.317361, 22.664978], [120.317928, 22.664963], [120.317816, 22.664258], [120.317535, 22.664266], [120.317602, 22.66445], [120.317549, 22.664482], [120.317585, 22.664862], [120.318362, 22.664872], [120.318274, 22.66295], [120.3182, 22.66295], [120.318354, 22.662951], [120.318418, 22.663159], [120.318535, 22.663159], [120.31853, 22.662608], [120.318226, 22.662643], [120.31823, 22.662796], [120.318443, 22.662797], [120.318533, 22.663204], [120.31857, 22.664089], [120.318653, 22.664081], [120.31844, 22.664098], [120.318496, 22.66436], [120.318843, 22.66437], [120.318915, 22.664515], [120.318949, 22.664407], [120.319137, 22.664399], [120.31916, 22.66495], [120.318357, 22.664973], [120.318545, 22.664801], [120.318882, 22.664802], [120.318852, 22.664669], [120.318974, 22.664642], [120.31853, 22.664605], [120.318451, 22.664369], [120.318959, 22.664234], [120.318932, 22.663757], [120.319044, 22.663703], [120.319056, 22.663495], [120.318737, 22.663521], [120.319078, 22.66376], [120.319175, 22.665212], [120.318416, 22.66529], [120.318486, 22.665559], [120.318669, 22.665444], [120.318658, 22.665345], [120.318924, 22.665364], [120.318967, 22.665536], [120.319099, 22.665518], [120.319139, 22.665284], [120.319237, 22.665212], [120.319243, 22.666043], [120.319054, 22.666205], [120.319109, 22.666404], [120.319291, 22.666395], [120.31926, 22.666187], [120.319024, 22.666051], [120.318965, 22.665933], [120.319059, 22.665925], [120.319042, 22.665762], [120.318921, 22.665771], [120.318913, 22.66568], [120.319127, 22.665654], [120.319081, 22.665753], [120.318882, 22.665545], [120.318648, 22.665752], [120.318653, 22.66599], [120.318864, 22.665967], [120.318535, 22.665973], [120.318595, 22.666564], [120.319042, 22.666412], [120.318616, 22.666248], [120.318715, 22.667226], [120.31824, 22.66733], [120.316123, 22.66673], [120.316104, 22.666653], [120.31587, 22.666616], [120.315758, 22.666191], [120.315464, 22.666262], [120.315311, 22.665322], [120.315415, 22.66544], [120.315658, 22.665441], [120.315803, 22.666128], [120.316355, 22.666112], [120.316258, 22.665516], [120.316157, 22.665555], [120.31621, 22.665118], [120.316067, 22.664551], [120.315758, 22.664628], [120.315828, 22.664988], [120.315627, 22.665278], [120.31589, 22.66563], [120.315958, 22.666041], [120.316207, 22.665824], [120.315979, 22.665634], [120.315203, 22.665782], [120.315304, 22.666297], [120.314836, 22.666611], [120.312818, 22.664101], [120.312845, 22.663993], [120.314837, 22.663884], [120.314978, 22.664414], [120.314516, 22.664478], [120.314547, 22.664668], [120.314617, 22.664759], [120.315021, 22.664688], [120.315004, 22.664599], [120.314649, 22.664651], [120.314695, 22.664922], [120.314601, 22.664939], [120.314618, 22.665021], [120.315074, 22.664966], [120.315051, 22.664862], [120.314745, 22.664913], [120.314797, 22.665193], [120.3151, 22.665135], [120.315157, 22.665691], [120.315007, 22.665682], [120.314928, 22.665248], [120.314752, 22.665274], [120.314834, 22.66606], [120.314963, 22.666214], [120.314898, 22.66625], [120.314957, 22.666323], [120.315217, 22.66617], [120.31503, 22.666169], [120.3149, 22.666368], [120.315394, 22.666882], [120.314406, 22.665607], [120.314651, 22.665211], [120.31475, 22.665202], [120.315265, 22.664729], [120.315521, 22.664691], [120.31446, 22.664189], [120.314591, 22.663546], [120.315486, 22.663455], [120.316434, 22.66352], [120.316431, 22.663769], [120.316393, 22.663565], [120.316582, 22.663849], [120.317285, 22.663777], [120.317914, 22.663816], [120.317932, 22.663482], [120.317767, 22.663553], [120.317395, 22.663515], [120.317354, 22.663669], [120.317276, 22.663343], [120.317339, 22.66329], [120.317757, 22.663336], [120.317746, 22.663219], [120.317264, 22.663226], [120.317244, 22.66309], [120.317888, 22.663066], [120.317933, 22.663318], [120.317875, 22.662461], [120.31688, 22.662511], [120.316894, 22.662836], [120.317058, 22.662855], [120.317109, 22.663686], [120.316936, 22.663646], [120.316929, 22.663583], [120.31683, 22.663589], [120.316835, 22.663652], [120.316882, 22.663227], [120.316953, 22.663226], [120.3164, 22.663334], [120.316323, 22.663011], [120.316591, 22.663039], [120.316705, 22.662853], [120.31669, 22.662438], [120.316883, 22.66243], [120.317082, 22.662635], [120.317096, 22.662801], [120.317221, 22.662702], [120.317767, 22.662722], [120.317656, 22.662559], [120.31728, 22.662603], [120.317294, 22.662227], [120.317617, 22.66227], [120.317532, 22.662009], [120.317792, 22.661973], [120.317871, 22.661991], [120.317877, 22.662289], [120.31773, 22.662271], [120.31776, 22.662063], [120.317868, 22.661946], [120.317869, 22.661666], [120.317064, 22.661682], [120.317064, 22.661389], [120.317165, 22.661455], [120.317417, 22.661429], [120.317363, 22.661592], [120.317562, 22.661593], [120.317561, 22.661421], [120.317727, 22.661422], [120.317661, 22.661593], [120.317872, 22.661603], [120.317868, 22.660537], [120.3175, 22.660536], [120.317493, 22.660147], [120.317909, 22.660131], [120.317943, 22.660294], [120.317596, 22.660301], [120.317596, 22.660392], [120.317951, 22.660402], [120.317908, 22.660537], [120.318044, 22.660637], [120.318524, 22.660648], [120.31854, 22.660549], [120.318893, 22.660578], [120.318964, 22.660515], [120.318976, 22.660668], [120.318556, 22.660703], [120.318513, 22.66128], [120.318409, 22.66128], [120.318443, 22.660901], [120.318336, 22.660828], [120.318219, 22.66099], [120.31821, 22.661297], [120.318286, 22.66127], [120.318203, 22.661378], [120.318231, 22.661686], [120.318687, 22.661679], [120.318533, 22.661597], [120.318553, 22.661416], [120.318389, 22.661415], [120.318366, 22.661587], [120.318317, 22.661415], [120.318178, 22.661685], [120.317918, 22.661666], [120.318208, 22.661984], [120.318541, 22.662003], [120.31855, 22.662518], [120.318199, 22.662525], [120.318197, 22.662038], [120.318398, 22.662364], [120.318224, 22.662598], [120.317489, 22.662008], [120.316279, 22.662138], [120.316297, 22.662355], [120.316449, 22.662269], [120.317255, 22.662228], [120.316773, 22.661752], [120.316474, 22.661759], [120.316527, 22.661886], [120.316606, 22.661886], [120.316286, 22.661867], [120.316275, 22.662093], [120.316481, 22.661615], [120.316886, 22.661617], [120.316811, 22.661454], [120.316214, 22.661451], [120.316222, 22.661542], [120.316164, 22.660702], [120.316263, 22.660765], [120.317766, 22.660744], [120.317754, 22.660898]]}}, {"type": "Feature", "properties": {"district": "6400500", "segment": 34, "total_segments": 47, "km": 13.75, "villages": ["鼎泰里", "灣愛里"]}, "geometry": {"type": "LineString", "coordinates": [[120.316317, 22.660892], [120.316327, 22.661063], [120.317339, 22.661095], [120.317757, 22.661024], [120.317766, 22.661223], [120.316343, 22.661208], [120.315326, 22.66135], [120.315222, 22.661398], [120.31526, 22.661562], [120.315678, 22.661491], [120.315683, 22.662022], [120.315166, 22.662073], [120.315187, 22.662227], [120.314344, 22.66228], [120.314513, 22.66177], [120.314719, 22.661724], [120.314681, 22.661871], [120.314871, 22.661668], [120.315192, 22.661581], [120.315209, 22.661207], [120.31562, 22.661109], [120.314865, 22.66113], [120.314721, 22.660921], [120.314349, 22.660992], [120.314213, 22.660467], [120.314355, 22.660423], [120.314728, 22.660488], [120.314861, 22.66084], [120.314792, 22.660876], [120.31445, 22.660685], [120.314283, 22.660113], [120.31468, 22.659909], [120.315256, 22.659903], [120.315513, 22.659958], [120.315409, 22.660427], [120.314897, 22.660088], [120.314788, 22.660172], [120.313897, 22.660361], [120.313769, 22.660244], [120.313581, 22.660302], [120.313372, 22.660248], [120.312958, 22.660371], [120.312847, 22.660326], [120.312881, 22.660653], [120.312478, 22.660756], [120.312374, 22.660479], [120.312713, 22.660366], [120.313052, 22.66058], [120.313395, 22.660482], [120.313288, 22.66078], [120.312974, 22.660878], [120.312901, 22.661085], [120.313105, 22.661212], [120.313405, 22.66115], [120.313463, 22.661431], [120.314139, 22.661294], [120.314216, 22.661605], [120.314171, 22.661989], [120.31399, 22.661906], [120.313923, 22.661721], [120.313729, 22.661757], [120.313619, 22.661603], [120.31341, 22.66162], [120.313339, 22.661457], [120.313394, 22.661439], [120.313461, 22.661801], [120.313116, 22.661899], [120.313106, 22.661555], [120.312962, 22.661943], [120.312439, 22.66204], [120.312353, 22.661733], [120.311996, 22.661767], [120.311776, 22.661875], [120.31182, 22.662254], [120.311993, 22.662716], [120.312355, 22.662643], [120.312168, 22.661822], [120.31198, 22.662056], [120.312516, 22.662256], [120.313228, 22.66208], [120.313031, 22.66223], [120.313128, 22.662495], [120.313287, 22.662468], [120.312602, 22.662637], [120.312553, 22.662483], [120.312763, 22.662412], [120.31272, 22.661807], [120.312038, 22.661479], [120.311782, 22.661496], [120.311863, 22.661081], [120.312065, 22.661108], [120.311926, 22.6609], [120.31199, 22.660702], [120.312218, 22.660522], [120.312589, 22.661011], [120.313783, 22.660848], [120.314503, 22.661219], [120.314318, 22.662318], [120.31393, 22.662588], [120.313681, 22.662642], [120.31376, 22.66294], [120.313845, 22.662778], [120.313442, 22.662902], [120.313545, 22.663156], [120.312744, 22.663333], [120.312908, 22.663695], [120.313681, 22.66368], [120.313232, 22.663431], [120.312759, 22.664001], [120.313624, 22.66433], [120.313827, 22.665108], [120.316439, 22.663907], [120.316863, 22.663043], [120.316309, 22.662675], [120.31754, 22.663633], [120.317544, 22.663706], [120.317762, 22.663698], [120.317757, 22.663625], [120.317915, 22.66387], [120.319041, 22.662103], [120.318872, 22.661445], [120.318767, 22.661444], [120.318724, 22.661245], [120.318731, 22.66101], [120.318819, 22.661038], [120.318806, 22.661273], [120.31901, 22.661292], [120.319003, 22.661012], [120.318338, 22.660765], [120.318281, 22.660232], [120.318122, 22.660231], [120.318119, 22.660556], [120.31812, 22.660195], [120.319007, 22.660204], [120.318983, 22.66042], [120.318492, 22.660375], [120.3175, 22.660572], [120.317305, 22.660562], [120.317291, 22.660142], [120.317002, 22.660164], [120.317019, 22.66057], [120.31715, 22.660561], [120.317141, 22.660263], [120.316847, 22.660244], [120.316849, 22.660578], [120.316854, 22.660146], [120.316327, 22.660194], [120.316132, 22.660252], [120.31609, 22.66034], [120.316228, 22.660535], [120.316228, 22.660001], [120.317566, 22.659953], [120.317444, 22.660065], [120.317811, 22.661259], [120.317516, 22.661421], [120.319005, 22.661427], [120.313631, 22.662154], [120.316075, 22.659491], [120.316049, 22.659175], [120.316948, 22.659556], [120.317479, 22.659398], [120.317393, 22.658928], [120.317492, 22.658919], [120.317547, 22.659452], [120.317698, 22.659444], [120.317621, 22.658893], [120.317791, 22.659061], [120.317895, 22.658939], [120.318646, 22.658626], [120.318667, 22.65878], [120.317959, 22.659047], [120.318029, 22.659192], [120.318779, 22.658916], [120.31884, 22.659087], [120.318151, 22.659464], [120.317847, 22.659521], [120.317887, 22.659325], [120.318398, 22.659176], [120.318626, 22.659366], [120.318914, 22.659268], [120.318924, 22.659611], [120.31876, 22.659611], [120.318749, 22.659475], [120.318602, 22.659574], [120.31829, 22.659564], [120.318282, 22.659808], [120.318843, 22.659815], [120.31919, 22.659613], [120.319156, 22.65926], [120.319686, 22.659082], [120.319916, 22.659507], [120.319722, 22.659525], [120.319681, 22.659443], [120.319751, 22.659416], [120.31937, 22.659577], [120.31928, 22.659405], [120.319669, 22.659244], [120.319668, 22.659046], [120.319614, 22.658901], [120.319194, 22.659062], [120.318921, 22.658483], [120.31921, 22.658344], [120.319333, 22.658647], [120.319461, 22.658734], [120.319549, 22.658693], [120.319565, 22.658831], [120.319654, 22.658883], [120.320035, 22.658677], [120.319937, 22.658646], [120.319703, 22.658747], [120.319638, 22.658629], [120.319823, 22.658545], [120.319934, 22.658505], [120.319983, 22.658586], [120.32013, 22.658524], [120.320187, 22.658623], [120.320276, 22.658606], [120.320427, 22.658995], [120.320213, 22.659084], [120.320275, 22.658967], [120.319993, 22.658912], [120.319824, 22.658984], [120.320127, 22.659472], [120.320701, 22.659204], [120.320734, 22.659068], [120.320237, 22.659274], [120.320164, 22.659183], [120.320211, 22.658714], [120.320087, 22.658768], [120.320252, 22.658551], [120.320165, 22.65838], [120.320073, 22.658424], [120.320102, 22.65847], [120.319924, 22.658189], [120.320601, 22.657821], [120.320555, 22.657731], [120.320241, 22.657856], [120.320354, 22.6581], [120.321083, 22.657833], [120.321145, 22.657959], [120.32041, 22.658218], [120.32048, 22.658363], [120.321124, 22.65814], [120.32135, 22.658197], [120.321325, 22.658265], [120.321414, 22.658292], [120.32146, 22.658214], [120.321679, 22.658239], [120.32169, 22.659193], [120.321472, 22.659188], [120.321431, 22.658846], [120.321262, 22.658724], [120.321377, 22.658381], [120.321165, 22.658697], [120.32096, 22.658618], [120.320635, 22.658743], [120.320616, 22.658616], [120.320917, 22.658491], [120.320855, 22.658355], [120.320543, 22.65848], [120.320834, 22.658861], [120.321, 22.659395], [120.320994, 22.659681], [120.321298, 22.659663], [120.321212, 22.659431], [120.321482, 22.659373], [120.321474, 22.659224], [120.321489, 22.659517], [120.321709, 22.659546], [120.321716, 22.659671], [120.321702, 22.659415], [120.321205, 22.659904], [120.321064, 22.659912], [120.321073, 22.660092], [120.320686, 22.659875], [120.320626, 22.659498], [120.320383, 22.659622], [120.320921, 22.659684], [120.319433, 22.658783], [120.319216, 22.658881], [120.319065, 22.658528], [120.318817, 22.658439], [120.319213, 22.659098], [120.31765, 22.659562], [120.321012, 22.657697], [120.320905, 22.657588], [120.320666, 22.657686], [120.321309, 22.657445], [120.321677, 22.658007], [120.321532, 22.658027], [120.3214, 22.657932], [120.32141, 22.657771], [120.321281, 22.657869], [120.321253, 22.657626], [120.321151, 22.657652]]}}, {"type": "Feature", "properties": {"district": "6400500", "segment": 35, "total_segments": 47, "km": 10.01, "villages": ["灣子里"]}, "geometry": {"type": "LineString", "coordinates": [[120.320941, 22.657213], [120.321139, 22.657093], [120.320827, 22.656694], [120.32077, 22.65679], [120.320234, 22.657073], [120.320117, 22.656995], [120.320697, 22.656682], [120.320752, 22.656582], [120.32036, 22.656102], [120.320129, 22.655697], [120.320161, 22.655623], [120.319896, 22.65557], [120.319916, 22.655389], [120.319607, 22.655133], [120.319215, 22.65536], [120.319321, 22.655526], [120.319227, 22.655573], [120.319297, 22.65568], [120.31961, 22.655512], [120.319502, 22.655427], [120.319097, 22.655674], [120.319463, 22.656305], [120.318425, 22.656822], [120.31809, 22.656987], [120.317848, 22.656988], [120.31767, 22.656508], [120.317312, 22.656642], [120.316096, 22.656682], [120.316146, 22.656827], [120.317156, 22.656768], [120.317161, 22.656868], [120.316155, 22.656927], [120.315908, 22.656772], [120.315829, 22.656844], [120.31584, 22.657007], [120.315848, 22.656383], [120.315722, 22.655642], [120.31599, 22.655645], [120.316158, 22.655851], [120.316655, 22.655656], [120.316801, 22.655846], [120.317676, 22.655545], [120.317656, 22.655699], [120.317807, 22.655994], [120.317606, 22.656091], [120.317443, 22.655802], [120.318625, 22.655393], [120.318691, 22.655158], [120.319109, 22.654978], [120.319225, 22.655004], [120.319432, 22.654692], [120.319661, 22.655027], [120.319371, 22.654547], [120.319258, 22.654501], [120.319229, 22.654339], [120.319106, 22.654302], [120.318802, 22.65384], [120.318301, 22.65441], [120.31693, 22.655187], [120.316807, 22.655429], [120.317023, 22.655503], [120.317176, 22.655459], [120.317498, 22.655352], [120.317592, 22.655212], [120.317933, 22.655164], [120.318167, 22.655003], [120.318459, 22.654986], [120.318645, 22.654835], [120.319292, 22.654633], [120.319041, 22.655575], [120.319406, 22.655856], [120.319764, 22.655666], [120.319825, 22.655774], [120.319474, 22.655961], [120.319584, 22.656138], [120.319987, 22.655926], [120.320062, 22.656034], [120.319648, 22.656246], [120.319763, 22.656423], [120.320214, 22.656182], [120.320238, 22.656316], [120.319654, 22.656622], [120.319565, 22.656472], [120.32006, 22.65728], [120.320294, 22.657272], [120.320893, 22.65698], [120.320895, 22.657227], [120.319806, 22.657623], [120.319434, 22.657862], [120.319221, 22.6575], [120.31921, 22.657307], [120.319661, 22.657037], [120.319529, 22.656828], [120.319464, 22.656853], [120.318556, 22.657427], [120.318438, 22.657647], [120.318739, 22.657934], [120.319065, 22.657833], [120.318975, 22.657571], [120.319106, 22.658011], [120.319352, 22.657897], [120.320009, 22.656811], [120.320459, 22.656579], [120.320351, 22.656488], [120.319938, 22.656703], [120.319401, 22.656649], [120.318285, 22.657206], [120.317908, 22.65722], [120.317902, 22.657144], [120.317658, 22.65718], [120.317531, 22.656932], [120.317202, 22.656859], [120.317178, 22.657048], [120.316478, 22.656585], [120.315954, 22.657486], [120.315986, 22.658407], [120.318353, 22.658345], [120.318598, 22.658237], [120.318296, 22.656606], [120.319095, 22.656169], [120.318509, 22.656174], [120.318007, 22.65661], [120.316283, 22.6555], [120.316095, 22.65503], [120.315887, 22.655101], [120.315919, 22.654686], [120.316047, 22.654668], [120.316067, 22.654921], [120.316046, 22.654144], [120.315828, 22.654153], [120.315833, 22.654252], [120.315939, 22.65425], [120.315696, 22.654229], [120.315688, 22.654075], [120.315559, 22.654083], [120.315637, 22.653952], [120.315568, 22.653592], [120.31596, 22.653539], [120.315983, 22.65381], [120.315697, 22.653791], [120.315816, 22.654007], [120.31593, 22.654], [120.316228, 22.653712], [120.316199, 22.653332], [120.316684, 22.653497], [120.31678, 22.65329], [120.316668, 22.653262], [120.316775, 22.653145], [120.31666, 22.6531], [120.317032, 22.652875], [120.317294, 22.652873], [120.317546, 22.653347], [120.317374, 22.653419], [120.316878, 22.653308], [120.31711, 22.653029], [120.317245, 22.653057], [120.317187, 22.653246], [120.317073, 22.653219], [120.3173, 22.653274], [120.317675, 22.653104], [120.317556, 22.652742], [120.318069, 22.652564], [120.318295, 22.652881], [120.318013, 22.653051], [120.318028, 22.652934], [120.318105, 22.652907], [120.317834, 22.65296], [120.317852, 22.652789], [120.318011, 22.652735], [120.317811, 22.65315], [120.317749, 22.653213], [120.3177, 22.65314], [120.317883, 22.653385], [120.317947, 22.653349], [120.317926, 22.653457], [120.318157, 22.65381], [120.318659, 22.653515], [120.318346, 22.653305], [120.318116, 22.653837], [120.316846, 22.654681], [120.316678, 22.654554], [120.317908, 22.653809], [120.317771, 22.653619], [120.316696, 22.654282], [120.316289, 22.654444], [120.316306, 22.654534], [120.316264, 22.654335], [120.317834, 22.653412], [120.317495, 22.653699], [120.316288, 22.653658], [120.315956, 22.653503], [120.315943, 22.653322], [120.315588, 22.653375], [120.315961, 22.652726], [120.316187, 22.65252], [120.316478, 22.652801], [120.316317, 22.652782], [120.316223, 22.652872], [120.315562, 22.654118], [120.31559, 22.65435], [120.315669, 22.654423], [120.315707, 22.655146], [120.321165, 22.657131]]}}, {"type": "Feature", "properties": {"district": "6400500", "segment": 36, "total_segments": 47, "km": 12.41, "villages": ["灣興里"]}, "geometry": {"type": "LineString", "coordinates": [[120.315339, 22.657546], [120.315307, 22.657899], [120.315375, 22.658133], [120.315213, 22.658042], [120.314958, 22.658086], [120.315038, 22.657882], [120.314863, 22.657165], [120.314339, 22.657298], [120.314381, 22.658039], [120.314733, 22.658076], [120.314593, 22.657371], [120.314342, 22.656983], [120.31415, 22.657018], [120.314106, 22.656825], [120.31423, 22.656802], [120.315166, 22.657202], [120.315247, 22.657582], [120.315138, 22.657591], [120.315148, 22.657681], [120.315257, 22.657681], [120.31508, 22.657684], [120.314046, 22.658329], [120.313945, 22.659006], [120.313751, 22.659097], [120.313712, 22.65884], [120.31382, 22.658348], [120.313908, 22.658359], [120.312832, 22.658285], [120.313056, 22.658561], [120.31346, 22.658591], [120.313508, 22.658399], [120.313341, 22.659104], [120.312661, 22.658962], [120.312581, 22.659026], [120.31267, 22.658731], [120.312776, 22.658841], [120.312904, 22.658786], [120.313268, 22.658822], [120.313205, 22.65937], [120.313821, 22.659446], [120.312606, 22.65925], [120.31249, 22.65925], [120.312464, 22.659376], [120.312595, 22.659341], [120.312763, 22.659414], [120.314867, 22.658971], [120.313958, 22.655513], [120.313819, 22.655544], [120.315074, 22.655287], [120.315129, 22.654917], [120.31497, 22.654447], [120.31505, 22.654122], [120.314971, 22.653628], [120.314415, 22.654332], [120.314196, 22.654475], [120.313951, 22.654464], [120.313666, 22.654604], [120.313801, 22.654803], [120.314059, 22.654669], [120.313887, 22.654198], [120.313552, 22.654378], [120.313464, 22.654142], [120.313748, 22.65399], [120.313645, 22.653751], [120.312112, 22.654774], [120.312024, 22.654547], [120.313054, 22.653932], [120.313326, 22.65351], [120.313558, 22.653411], [120.312886, 22.653454], [120.312563, 22.653335], [120.312589, 22.65363], [120.312324, 22.653704], [120.312283, 22.654002], [120.311583, 22.654328], [120.311514, 22.65422], [120.311423, 22.654285], [120.31139, 22.654386], [120.311734, 22.654533], [120.3118, 22.654426], [120.312366, 22.654162], [120.311892, 22.654627], [120.311117, 22.65427], [120.311388, 22.654076], [120.310531, 22.652821], [120.310622, 22.652676], [120.31079, 22.652641], [120.310776, 22.652533], [120.310916, 22.652551], [120.311616, 22.652058], [120.311441, 22.651759], [120.311263, 22.651686], [120.311766, 22.651349], [120.311427, 22.650733], [120.311131, 22.650881], [120.31116, 22.651107], [120.311062, 22.650556], [120.310757, 22.650215], [120.310528, 22.650436], [120.310686, 22.650735], [120.310439, 22.650319], [120.30992, 22.650363], [120.30945, 22.65059], [120.309137, 22.651172], [120.309161, 22.651541], [120.309027, 22.651857], [120.3091, 22.651965], [120.308948, 22.65206], [120.308604, 22.652027], [120.308429, 22.652165], [120.308586, 22.652272], [120.308269, 22.652356], [120.308157, 22.652519], [120.308523, 22.652705], [120.308463, 22.652953], [120.308807, 22.653131], [120.308811, 22.65358], [120.3094, 22.653367], [120.309556, 22.65353], [120.309742, 22.653388], [120.310151, 22.652873], [120.310097, 22.652458], [120.309437, 22.651985], [120.308915, 22.652414], [120.309663, 22.65288], [120.309448, 22.653652], [120.309341, 22.653774], [120.309208, 22.653789], [120.309105, 22.653996], [120.30914, 22.654146], [120.309603, 22.654109], [120.307578, 22.653286], [120.311307, 22.652655], [120.311656, 22.652399], [120.312042, 22.652493], [120.31231, 22.652377], [120.312714, 22.652523], [120.313081, 22.652389], [120.313365, 22.652119], [120.313333, 22.652056], [120.313652, 22.652039], [120.313371, 22.651884], [120.313146, 22.651405], [120.313567, 22.651244], [120.313586, 22.65136], [120.314026, 22.651734], [120.314001, 22.65186], [120.314224, 22.651825], [120.31423, 22.651698], [120.314159, 22.651734], [120.314233, 22.652295], [120.314787, 22.652252], [120.3147, 22.651929], [120.314717, 22.65152], [120.314655, 22.651482], [120.314676, 22.650969], [120.314784, 22.650969], [120.314904, 22.652424], [120.31407, 22.652447], [120.314018, 22.652312], [120.314197, 22.652294], [120.3141, 22.652149], [120.314423, 22.652124], [120.314408, 22.651446], [120.314565, 22.651438], [120.314555, 22.652197], [120.314425, 22.652196], [120.314938, 22.652632], [120.314931, 22.653065], [120.313996, 22.654002], [120.312845, 22.65554], [120.312268, 22.652783], [120.311501, 22.652707], [120.311857, 22.651788], [120.312059, 22.651789], [120.311811, 22.651429], [120.312088, 22.651325], [120.312037, 22.650988], [120.311777, 22.650479], [120.312059, 22.650016], [120.311602, 22.64942], [120.312328, 22.648719], [120.312456, 22.648476], [120.312546, 22.648458], [120.312672, 22.64863], [120.312603, 22.648684], [120.312522, 22.648566], [120.312627, 22.64835], [120.312794, 22.648541], [120.312862, 22.648478], [120.312734, 22.648307], [120.312917, 22.648252], [120.312972, 22.648379], [120.313484, 22.648035], [120.31355, 22.648155], [120.313663, 22.648093], [120.313596, 22.647975], [120.313672, 22.647943], [120.31377, 22.648084], [120.313688, 22.64812], [120.313896, 22.648012], [120.313923, 22.647913], [120.31399, 22.64795], [120.313848, 22.647814], [120.313819, 22.647913], [120.314044, 22.64767], [120.314223, 22.647689], [120.314171, 22.647806], [120.314368, 22.647906], [120.314536, 22.648114], [120.31426, 22.64814], [120.314617, 22.648399], [120.314618, 22.64877], [120.314549, 22.648879], [120.31467, 22.649382], [120.314562, 22.649306], [120.314143, 22.649401], [120.314108, 22.649107], [120.313801, 22.649503], [120.313678, 22.65041], [120.314179, 22.650696], [120.314517, 22.650724], [120.314486, 22.650607], [120.314346, 22.650597], [120.314339, 22.650895], [120.314539, 22.650896], [120.314505, 22.651077], [120.314287, 22.651049], [120.314249, 22.651193], [120.314555, 22.651176], [120.314568, 22.651285], [120.31426, 22.651301], [120.314354, 22.651455], [120.314239, 22.651464], [120.31428, 22.651545], [120.314204, 22.651562], [120.314282, 22.650895], [120.314046, 22.650858], [120.312853, 22.651096], [120.312533, 22.651258], [120.312639, 22.651656], [120.312966, 22.651485], [120.312875, 22.651846], [120.312933, 22.651946], [120.312548, 22.651864], [120.312384, 22.651945], [120.311355, 22.649609], [120.311552, 22.649447], [120.312863, 22.648893], [120.312671, 22.648323], [120.313491, 22.648706], [120.314146, 22.647513], [120.314227, 22.647454], [120.314414, 22.647602]]}}, {"type": "Feature", "properties": {"district": "6400500", "segment": 37, "total_segments": 47, "km": 13.64, "villages": ["灣復里", "灣中里"]}, "geometry": {"type": "LineString", "coordinates": [[120.315102, 22.648714], [120.315434, 22.649048], [120.315421, 22.649148], [120.316107, 22.649675], [120.315581, 22.64997], [120.315603, 22.650061], [120.315273, 22.650005], [120.31523, 22.649436], [120.315353, 22.649464], [120.31539, 22.649951], [120.315584, 22.649898], [120.315559, 22.649636], [120.315754, 22.649474], [120.315777, 22.649637], [120.315725, 22.6497], [120.315539, 22.649457], [120.315357, 22.649428], [120.315154, 22.64918], [120.315181, 22.648966], [120.315318, 22.65089], [120.315383, 22.651035], [120.315331, 22.651071], [120.31539, 22.651089], [120.315417, 22.651324], [120.315361, 22.651324], [120.315328, 22.650981], [120.315574, 22.650982], [120.315524, 22.650918], [120.315707, 22.650856], [120.31577, 22.650856], [120.315842, 22.651209], [120.315721, 22.651161], [120.315765, 22.650818], [120.315691, 22.650648], [120.315614, 22.650657], [120.315731, 22.65063], [120.315784, 22.650522], [120.315702, 22.650341], [120.315636, 22.650368], [120.315676, 22.650549], [120.315897, 22.65052], [120.315818, 22.650296], [120.315966, 22.650231], [120.315923, 22.649979], [120.316178, 22.64972], [120.316747, 22.650201], [120.316971, 22.650843], [120.316331, 22.651111], [120.316287, 22.65103], [120.316555, 22.650914], [120.316391, 22.650516], [120.316149, 22.650623], [120.316295, 22.650895], [120.316366, 22.650868], [120.316264, 22.65066], [120.316015, 22.650648], [120.315948, 22.650712], [120.316045, 22.650722], [120.316267, 22.65121], [120.316116, 22.651228], [120.315989, 22.650803], [120.315539, 22.651027], [120.315576, 22.651415], [120.315651, 22.651461], [120.315563, 22.651551], [120.31559, 22.651641], [120.31546, 22.651659], [120.315358, 22.65136], [120.315416, 22.651378], [120.31538, 22.651765], [120.3155, 22.652381], [120.315468, 22.652779], [120.315604, 22.652707], [120.315577, 22.652472], [120.315728, 22.652463], [120.315751, 22.652662], [120.315836, 22.652554], [120.315791, 22.652148], [120.315499, 22.65213], [120.315607, 22.652291], [120.315553, 22.65202], [120.315475, 22.65202], [120.315466, 22.651957], [120.315727, 22.651931], [120.315678, 22.652011], [120.31568, 22.651756], [120.315589, 22.651822], [120.315465, 22.651769], [120.315492, 22.65183], [120.315656, 22.651632], [120.315842, 22.651606], [120.315794, 22.651687], [120.315861, 22.651949], [120.31604, 22.651959], [120.31603, 22.651842], [120.316133, 22.652402], [120.315989, 22.652437], [120.315981, 22.652546], [120.315952, 22.652139], [120.316431, 22.652006], [120.316245, 22.651481], [120.316556, 22.651311], [120.316793, 22.652206], [120.317215, 22.65219], [120.317628, 22.651948], [120.317905, 22.652346], [120.317325, 22.652561], [120.317016, 22.652484], [120.316935, 22.652341], [120.316785, 22.652405], [120.316859, 22.65256], [120.316938, 22.652561], [120.316696, 22.652594], [120.316548, 22.652467], [120.316449, 22.652214], [120.316656, 22.652215], [120.316535, 22.651997], [120.316955, 22.651773], [120.316738, 22.651258], [120.317037, 22.651078], [120.317518, 22.651785], [120.317122, 22.65197], [120.317083, 22.6519], [120.315955, 22.651596], [120.315934, 22.651281], [120.31576, 22.651335], [120.315835, 22.651552], [120.315778, 22.651543], [120.31548, 22.650747], [120.315481, 22.650241], [120.315403, 22.65024], [120.315656, 22.650251], [120.315844, 22.650163], [120.315801, 22.650072], [120.315875, 22.650134], [120.316062, 22.650081], [120.316206, 22.650406], [120.316351, 22.650308], [120.316157, 22.649916], [120.316048, 22.650045], [120.316429, 22.650254], [120.316557, 22.650236], [120.316373, 22.650344], [120.31643, 22.650507], [120.316563, 22.650453], [120.316497, 22.650588], [120.316546, 22.650706], [120.316614, 22.650679], [120.316642, 22.65077], [120.31658, 22.650796], [120.316816, 22.650689], [120.316635, 22.650562], [120.31673, 22.6504], [120.315619, 22.650323], [120.31642, 22.649558], [120.315994, 22.649195], [120.316367, 22.648854], [120.316172, 22.64869], [120.315839, 22.649086], [120.315583, 22.648823], [120.315901, 22.648527], [120.315883, 22.648436], [120.316085, 22.648636], [120.316226, 22.648429], [120.315957, 22.64822], [120.315811, 22.647939], [120.31566, 22.647875], [120.315694, 22.647994], [120.315402, 22.648091], [120.315414, 22.647856], [120.316509, 22.648087], [120.316478, 22.648285], [120.316348, 22.648447], [120.316277, 22.648393], [120.316361, 22.648186], [120.316166, 22.648158], [120.31616, 22.648329], [120.316592, 22.648665], [120.316392, 22.648872], [120.316615, 22.649124], [120.31668, 22.649406], [120.31633, 22.649043], [120.316254, 22.649217], [120.316697, 22.649587], [120.316584, 22.649695], [120.316457, 22.649586], [120.316785, 22.649921], [120.317013, 22.649823], [120.317037, 22.649949], [120.318835, 22.649136], [120.31894, 22.649159], [120.318955, 22.649045], [120.319065, 22.649037], [120.31876, 22.649052], [120.318681, 22.648883], [120.318821, 22.648516], [120.319996, 22.648678], [120.320103, 22.648861], [120.319619, 22.649012], [120.319625, 22.649111], [120.320137, 22.649192], [120.320283, 22.648808], [120.320184, 22.648796], [120.321677, 22.649102], [120.322094, 22.649111], [120.321427, 22.64948], [120.32133, 22.649588], [120.3214, 22.64967], [120.321117, 22.649362], [120.320491, 22.649236], [120.320532, 22.649001], [120.320821, 22.649063], [120.320805, 22.649167], [120.320981, 22.649201], [120.320994, 22.649089], [120.321123, 22.649064], [120.321578, 22.649156], [120.321647, 22.649266], [120.321467, 22.649336], [120.321162, 22.649181], [120.320745, 22.649658], [120.320922, 22.649867], [120.320208, 22.650378], [120.319971, 22.650061], [120.320268, 22.649891], [120.320449, 22.650126], [120.320229, 22.650116], [120.320026, 22.650315], [120.319938, 22.650305], [120.319533, 22.649816], [120.319311, 22.649408], [120.319285, 22.649498], [120.31943, 22.649761], [120.319161, 22.649958], [120.319028, 22.649741], [120.319073, 22.649687], [120.318895, 22.649515], [120.319259, 22.649279], [120.319202, 22.649615], [120.319131, 22.649651], [120.318977, 22.64966], [120.318828, 22.649542], [120.318467, 22.649667], [120.318862, 22.650427], [120.319305, 22.651016], [120.319386, 22.650971], [120.319392, 22.650816], [120.320097, 22.650478], [120.319761, 22.650458], [120.319334, 22.649941], [120.319213, 22.65004], [120.319656, 22.650575], [120.319491, 22.650691], [120.318372, 22.649224], [120.318172, 22.64934], [120.317924, 22.648797], [120.317296, 22.649096], [120.317524, 22.649592], [120.317647, 22.649537], [120.317468, 22.649126], [120.317637, 22.649057], [120.317822, 22.64947], [120.317969, 22.649421], [120.317777, 22.648981], [120.317999, 22.648673], [120.318244, 22.648578], [120.318291, 22.648665], [120.318383, 22.648631], [120.318093, 22.648743], [120.318202, 22.648935], [120.317958, 22.648559], [120.317198, 22.648834], [120.316977, 22.648749], [120.316977, 22.648613], [120.317058, 22.648459], [120.317249, 22.648496], [120.317283, 22.648343], [120.3174, 22.648362], [120.317382, 22.648244], [120.316988, 22.648198], [120.317167, 22.648324], [120.317424, 22.648244], [120.318759, 22.648506], [120.319475, 22.649454], [120.319702, 22.649365], [120.320526, 22.64954], [120.320379, 22.649644], [120.320329, 22.649548], [120.320114, 22.649619], [120.31989, 22.649546], [120.320104, 22.649836], [120.320307, 22.649688], [120.319908, 22.649965], [120.319682, 22.649699], [120.319656, 22.649581], [120.319778, 22.64951], [120.319617, 22.649579], [120.319182, 22.650563], [120.318782, 22.650851], [120.318746, 22.65095], [120.318774, 22.651059], [120.318885, 22.65096], [120.319047, 22.651229], [120.318587, 22.650751], [120.318645, 22.650688], [120.318257, 22.649991], [120.318227, 22.650641], [120.318094, 22.650726], [120.318109, 22.65019], [120.317974, 22.65019], [120.31787, 22.650671], [120.317981, 22.650666], [120.317982, 22.650534], [120.318016, 22.650849], [120.31777, 22.650855], [120.317578, 22.650955], [120.317658, 22.651104], [120.317491, 22.651185], [120.317118, 22.650248], [120.317214, 22.650275], [120.31738, 22.650095], [120.317732, 22.649979], [120.317824, 22.650026], [120.318022, 22.649954], [120.317546, 22.650213], [120.317707, 22.65059], [120.317787, 22.650537], [120.317682, 22.650274], [120.317806, 22.650282], [120.317505, 22.650403], [120.317648, 22.650704], [120.317493, 22.650795], [120.317352, 22.65054], [120.31742, 22.650484], [120.317469, 22.650549], [120.317298, 22.650312], [120.317164, 22.649718], [120.317319, 22.649674], [120.317048, 22.649012], [120.316904, 22.649036], [120.316942, 22.649209], [120.316973, 22.64883], [120.317217, 22.648946], [120.317278, 22.649064], [120.317603, 22.648516], [120.316708, 22.648566], [120.316676, 22.64878], [120.316577, 22.64849], [120.316676, 22.64834], [120.316687, 22.648106], [120.316011, 22.648708], [120.31596, 22.648662], [120.315869, 22.648743], [120.316048, 22.648744], [120.315874, 22.649131], [120.315947, 22.649222], [120.315151, 22.648488], [120.315213, 22.64835], [120.315093, 22.648159], [120.315154, 22.647866], [120.318302, 22.650277], [120.318362, 22.650528], [120.318311, 22.65057], [120.318416, 22.650483], [120.318731, 22.650806], [120.318271, 22.650913], [120.318146, 22.651138], [120.318298, 22.651352], [120.318234, 22.651599], [120.318034, 22.651688], [120.318096, 22.651791], [120.318318, 22.651687], [120.317965, 22.651859], [120.317635, 22.651388], [120.318085, 22.651128], [120.317836, 22.651028], [120.317701, 22.651084], [120.317993, 22.651904]]}}, {"type": "Feature", "properties": {"district": "6400500", "segment": 38, "total_segments": 47, "km": 11.89, "villages": ["正興里"]}, "geometry": {"type": "LineString", "coordinates": [[120.3189, 22.648142], [120.31693, 22.647727], [120.31706, 22.64762], [120.317462, 22.647648], [120.317468, 22.647712], [120.317583, 22.647044], [120.317134, 22.64699], [120.317119, 22.647137], [120.317394, 22.647138], [120.317301, 22.64735], [120.316408, 22.647156], [120.316373, 22.647246], [120.317385, 22.647522], [120.316981, 22.647547], [120.316353, 22.6474], [120.316344, 22.647621], [120.315992, 22.647613], [120.315739, 22.647429], [120.315676, 22.647487], [120.315288, 22.647422], [120.315228, 22.647214], [120.315658, 22.647081], [120.315838, 22.647136], [120.315871, 22.647452], [120.315993, 22.647394], [120.31597, 22.647093], [120.316147, 22.646993], [120.316211, 22.647076], [120.316069, 22.646807], [120.316122, 22.646785], [120.316396, 22.647057], [120.316876, 22.647034], [120.316887, 22.646969], [120.316511, 22.646907], [120.31652, 22.646687], [120.316923, 22.646731], [120.316923, 22.646373], [120.316029, 22.646337], [120.315973, 22.646634], [120.31586, 22.646655], [120.315717, 22.646521], [120.315723, 22.646431], [120.315355, 22.646635], [120.315107, 22.646636], [120.314999, 22.646554], [120.314907, 22.646642], [120.314943, 22.646876], [120.315045, 22.64685], [120.315047, 22.646726], [120.315455, 22.646785], [120.315601, 22.646652], [120.315583, 22.646746], [120.315764, 22.646714], [120.315754, 22.646946], [120.315806, 22.646946], [120.315701, 22.646954], [120.315833, 22.646396], [120.316096, 22.646198], [120.316169, 22.645927], [120.316583, 22.64564], [120.316712, 22.645676], [120.316751, 22.64536], [120.31694, 22.645406], [120.3169, 22.645677], [120.317021, 22.645686], [120.317053, 22.645398], [120.316928, 22.64512], [120.317383, 22.644912], [120.317595, 22.645238], [120.317458, 22.645405], [120.317422, 22.645689], [120.317531, 22.645598], [120.317665, 22.645614], [120.317691, 22.64546], [120.317791, 22.64541], [120.317963, 22.645439], [120.317953, 22.6455], [120.317962, 22.645365], [120.318237, 22.645295], [120.318397, 22.645358], [120.31832, 22.646198], [120.317306, 22.646176], [120.317225, 22.646103], [120.317283, 22.645769], [120.317005, 22.645786], [120.316958, 22.646165], [120.316321, 22.646171], [120.316343, 22.645991], [120.316251, 22.646171], [120.31623, 22.646577], [120.316328, 22.64665], [120.316902, 22.646779], [120.317148, 22.646717], [120.317174, 22.64678], [120.317594, 22.646845], [120.317648, 22.646349], [120.317186, 22.646428], [120.317167, 22.646563], [120.317578, 22.646027], [120.317732, 22.646069], [120.317741, 22.645952], [120.317995, 22.646052], [120.317985, 22.64577], [120.317777, 22.645618], [120.317652, 22.645677], [120.31755, 22.645467], [120.318064, 22.645176], [120.318538, 22.645289], [120.318687, 22.645233], [120.318607, 22.645348], [120.318768, 22.645446], [120.318854, 22.645415], [120.319772, 22.646157], [120.319839, 22.646042], [120.320007, 22.646142], [120.319924, 22.646268], [120.31976, 22.645969], [120.319191, 22.645515], [120.319454, 22.645236], [120.319429, 22.645101], [120.321052, 22.644792], [120.321082, 22.644981], [120.320796, 22.645034], [120.320929, 22.645261], [120.32109, 22.645207], [120.321053, 22.645153], [120.321183, 22.645352], [120.320429, 22.645674], [120.320293, 22.645439], [120.319846, 22.645645], [120.319793, 22.645599], [120.320174, 22.645962], [120.320594, 22.645693], [120.321698, 22.645282], [120.321612, 22.645056], [120.321292, 22.645172], [120.321246, 22.645109], [120.321348, 22.645263], [120.321698, 22.645038], [120.32179, 22.645273], [120.321786, 22.645608], [120.321509, 22.645697], [120.321552, 22.645779], [120.321642, 22.645869], [120.321952, 22.645635], [120.322828, 22.646262], [120.322426, 22.646707], [120.322383, 22.646606], [120.322524, 22.646527], [120.32267, 22.646289], [120.322103, 22.645813], [120.321829, 22.646014], [120.321933, 22.646132], [120.322045, 22.646064], [120.322086, 22.646259], [120.321868, 22.64633], [120.321473, 22.646681], [120.321433, 22.646527], [120.321813, 22.646267], [120.321665, 22.646104], [120.321283, 22.646438], [120.32137, 22.646536], [120.321096, 22.646697], [120.321205, 22.646815], [120.321269, 22.64668], [120.321524, 22.646964], [120.321306, 22.647011], [120.320958, 22.647323], [120.321095, 22.647456], [120.321575, 22.647007], [120.321621, 22.647051], [120.321674, 22.646853], [120.322058, 22.646494], [120.32194, 22.646427], [120.321593, 22.64679], [120.321795, 22.646926], [120.322156, 22.646594], [120.322254, 22.646702], [120.321123, 22.647764], [120.320611, 22.647192], [120.320939, 22.646841], [120.321036, 22.646986], [120.320467, 22.647345], [120.32033, 22.647326], [120.320379, 22.647453], [120.320526, 22.647399], [120.320033, 22.647244], [120.31977, 22.648263], [120.320367, 22.648383], [120.320514, 22.64834], [120.320039, 22.647966], [120.320229, 22.647082], [120.320418, 22.647078], [120.32071, 22.646705], [120.320276, 22.646396], [120.32006, 22.647072], [120.319572, 22.647052], [120.319694, 22.64699], [120.31978, 22.646719], [120.31853, 22.646461], [120.318491, 22.646885], [120.319069, 22.646978], [120.319084, 22.647285], [120.318994, 22.647167], [120.317879, 22.64709], [120.317866, 22.647415], [120.319007, 22.647538], [120.319052, 22.647429], [120.319261, 22.647589], [120.319558, 22.647615], [120.319427, 22.648198], [120.319126, 22.648137], [120.319238, 22.647691], [120.319385, 22.647735], [120.319308, 22.64796], [120.319489, 22.648207], [120.318941, 22.648124], [120.318921, 22.647763], [120.317811, 22.647605], [120.317795, 22.64768], [120.31847, 22.647969], [120.319311, 22.647503], [120.319392, 22.647224], [120.319642, 22.647289], [120.319568, 22.647576], [120.319654, 22.647226], [120.319329, 22.647217], [120.320237, 22.646783], [120.320438, 22.646893], [120.320562, 22.646758], [120.320317, 22.646568], [120.320309, 22.646342], [120.320461, 22.646171], [120.320613, 22.646063], [120.320992, 22.646417], [120.320856, 22.646561], [120.320529, 22.646234], [120.320727, 22.646], [120.321368, 22.645741], [120.321499, 22.645968], [120.32156, 22.645923], [120.321026, 22.64639], [120.321042, 22.646228], [120.320831, 22.646064], [120.321047, 22.646002], [120.321156, 22.646129], [120.321341, 22.645985], [120.320884, 22.645279], [120.320453, 22.645457], [120.32041, 22.645376], [120.320757, 22.645251], [120.320668, 22.645061], [120.319989, 22.645194], [120.31992, 22.645238], [120.320007, 22.64532], [120.320201, 22.645249], [120.319814, 22.645401], [120.319208, 22.645329], [120.319132, 22.645154], [120.318835, 22.645207], [120.318624, 22.645567], [120.31856, 22.646253], [120.31881, 22.646227], [120.318862, 22.645803], [120.318356, 22.646225], [120.316931, 22.645813], [120.316713, 22.645812], [120.316469, 22.645493], [120.31565, 22.646169], [120.315128, 22.646462], [120.314964, 22.647201], [120.3167, 22.647681], [120.32287, 22.646217], [120.319684, 22.644461]]}}, {"type": "Feature", "properties": {"district": "6400500", "segment": 39, "total_segments": 47, "km": 14.67, "villages": ["安吉里", "安寧里", "同德里"]}, "geometry": {"type": "LineString", "coordinates": [[120.318074, 22.644154], [120.317869, 22.643695], [120.317825, 22.643275], [120.316849, 22.643356], [120.316885, 22.643447], [120.316669, 22.643446], [120.316623, 22.642741], [120.317219, 22.642698], [120.317123, 22.642816], [120.316933, 22.64286], [120.316798, 22.643229], [120.316966, 22.643113], [120.316965, 22.643031], [120.317001, 22.643222], [120.31727, 22.643208], [120.317185, 22.643101], [120.317432, 22.643187], [120.317819, 22.643134], [120.317764, 22.642665], [120.317504, 22.642678], [120.317512, 22.64279], [120.317707, 22.642343], [120.31703, 22.642392], [120.316912, 22.642264], [120.316942, 22.642119], [120.316849, 22.641975], [120.316996, 22.641966], [120.316981, 22.641772], [120.317129, 22.641762], [120.317127, 22.641962], [120.317345, 22.641947], [120.317307, 22.641752], [120.317469, 22.64174], [120.317459, 22.641939], [120.317711, 22.641933], [120.317603, 22.640948], [120.316492, 22.641025], [120.31652, 22.641476], [120.317168, 22.641389], [120.317223, 22.641531], [120.317491, 22.641507], [120.317488, 22.641191], [120.317331, 22.641371], [120.317157, 22.641226], [120.317139, 22.640784], [120.316479, 22.640835], [120.316469, 22.640663], [120.31656, 22.640383], [120.316764, 22.640389], [120.317034, 22.640417], [120.317187, 22.640778], [120.317625, 22.640758], [120.317495, 22.640337], [120.317606, 22.640327], [120.317157, 22.641539], [120.316548, 22.641619], [120.316796, 22.64171], [120.316712, 22.6421], [120.316723, 22.642272], [120.316806, 22.642254], [120.316574, 22.642181], [120.316603, 22.642578], [120.316926, 22.642535], [120.31674, 22.642517], [120.316568, 22.642145], [120.316583, 22.641931], [120.317093, 22.642255], [120.317092, 22.642111], [120.317728, 22.642041], [120.317751, 22.64224], [120.317207, 22.64161], [120.316179, 22.641443], [120.316154, 22.641067], [120.315221, 22.641108], [120.315166, 22.641154], [120.315196, 22.641543], [120.31534, 22.641446], [120.315372, 22.64124], [120.315463, 22.641239], [120.31555, 22.641473], [120.315964, 22.641443], [120.315803, 22.640908], [120.315184, 22.64095], [120.3151, 22.640524], [120.316014, 22.640463], [120.316142, 22.640721], [120.3159, 22.640887], [120.315424, 22.640685], [120.314948, 22.64072], [120.314659, 22.640565], [120.31444, 22.640646], [120.314463, 22.640962], [120.314851, 22.641302], [120.314994, 22.641237], [120.314982, 22.64112], [120.315098, 22.642645], [120.314608, 22.64266], [120.314516, 22.641601], [120.315294, 22.641867], [120.315417, 22.642826], [120.315248, 22.642843], [120.31542, 22.643458], [120.315361, 22.643485], [120.315399, 22.643937], [120.316325, 22.643832], [120.316295, 22.643408], [120.316195, 22.643543], [120.316064, 22.643505], [120.316073, 22.643416], [120.315513, 22.64345], [120.315586, 22.64354], [120.315454, 22.64369], [120.315646, 22.643748], [120.315649, 22.643821], [120.315834, 22.643798], [120.31588, 22.643523], [120.315716, 22.643288], [120.315694, 22.643118], [120.315537, 22.643132], [120.31554, 22.643297], [120.31514, 22.643295], [120.315132, 22.643074], [120.315462, 22.642826], [120.316182, 22.642741], [120.3163, 22.642785], [120.316304, 22.643216], [120.316014, 22.643258], [120.315916, 22.643108], [120.316233, 22.643669], [120.316683, 22.643653], [120.316676, 22.643509], [120.316699, 22.643852], [120.316853, 22.643826], [120.316912, 22.643718], [120.31708, 22.643706], [120.317148, 22.643755], [120.317102, 22.643809], [120.317476, 22.643765], [120.317516, 22.643594], [120.317682, 22.643589], [120.317745, 22.643757], [120.317705, 22.643474], [120.317432, 22.643491], [120.315938, 22.644922], [120.315353, 22.644932], [120.315922, 22.645252], [120.315036, 22.643953], [120.314948, 22.643953], [120.314927, 22.643712], [120.314686, 22.643573], [120.314642, 22.642967], [120.314763, 22.640189], [120.315396, 22.640122], [120.315408, 22.63998], [120.31478, 22.640037], [120.314752, 22.639871], [120.315374, 22.639785], [120.315361, 22.639671], [120.315056, 22.639696], [120.315052, 22.639537], [120.314735, 22.639572], [120.314724, 22.639428], [120.315321, 22.639367], [120.315339, 22.639494], [120.315202, 22.63952], [120.315188, 22.639229], [120.316307, 22.639101], [120.316272, 22.638941], [120.31448, 22.639065], [120.314472, 22.639454], [120.314342, 22.639453], [120.314313, 22.63907], [120.314651, 22.639265], [120.315109, 22.63923], [120.315544, 22.639337], [120.316201, 22.639266], [120.316194, 22.639424], [120.315566, 22.639482], [120.315586, 22.63966], [120.315763, 22.639641], [120.315794, 22.639741], [120.316026, 22.639722], [120.316008, 22.639615], [120.316071, 22.639615], [120.31561, 22.639756], [120.315679, 22.639973], [120.31558, 22.639982], [120.315592, 22.640081], [120.316075, 22.640047], [120.316063, 22.639939], [120.315808, 22.639956], [120.31634, 22.640003], [120.314876, 22.639711], [120.314367, 22.639679], [120.314398, 22.640076], [120.314552, 22.640098], [120.314554, 22.640176], [120.314515, 22.639851], [120.313935, 22.639467], [120.313524, 22.63901], [120.313666, 22.640281], [120.311438, 22.640449], [120.311343, 22.640439], [120.311328, 22.640253], [120.312853, 22.640126], [120.312935, 22.640684], [120.313567, 22.640642], [120.313558, 22.640831], [120.313331, 22.640848], [120.313353, 22.640975], [120.313633, 22.640958], [120.313599, 22.640832], [120.313758, 22.640832], [120.313762, 22.640732], [120.313784, 22.641139], [120.31266, 22.641216], [120.312645, 22.641008], [120.313316, 22.640984], [120.312802, 22.640693], [120.312649, 22.640707], [120.312643, 22.640909], [120.312061, 22.640933], [120.312075, 22.641087], [120.312222, 22.641154], [120.312275, 22.64107], [120.312423, 22.641108], [120.312392, 22.641236], [120.311554, 22.641292], [120.311479, 22.641208], [120.311512, 22.640976], [120.311438, 22.640796], [120.312407, 22.640736], [120.312492, 22.641567], [120.311675, 22.641645], [120.311537, 22.641583], [120.311524, 22.641472], [120.312673, 22.641397], [120.31269, 22.641586], [120.313651, 22.6415], [120.31367, 22.641645], [120.312701, 22.641731], [120.312716, 22.641884], [120.31384, 22.641817], [120.3138, 22.641302], [120.312759, 22.641385], [120.312698, 22.641686], [120.312512, 22.641704], [120.312497, 22.641918], [120.311739, 22.641971], [120.311689, 22.64179], [120.312365, 22.641738], [120.312356, 22.642082], [120.311556, 22.642132], [120.311575, 22.642358], [120.312309, 22.642271], [120.312279, 22.642433], [120.312373, 22.642425], [120.312356, 22.642587], [120.311792, 22.64263], [120.311789, 22.642467], [120.311854, 22.642459], [120.312095, 22.642442], [120.312394, 22.642587], [120.312568, 22.64257], [120.312522, 22.642058], [120.312738, 22.642074], [120.312788, 22.642571], [120.313893, 22.642495], [120.313874, 22.642287], [120.31289, 22.642391], [120.312937, 22.642238], [120.312878, 22.642059], [120.313731, 22.642024], [120.313846, 22.641962], [120.313869, 22.642178], [120.313142, 22.64222], [120.313101, 22.642722], [120.313838, 22.642681], [120.313701, 22.642837], [120.312794, 22.642923], [120.312784, 22.642779], [120.313051, 22.642735], [120.313113, 22.643024], [120.313929, 22.642937], [120.313916, 22.643116], [120.312959, 22.643159], [120.313067, 22.643033], [120.312804, 22.643023], [120.312819, 22.643194], [120.312639, 22.643203], [120.312596, 22.64276], [120.311605, 22.642819], [120.311652, 22.643271], [120.312513, 22.643229], [120.31245, 22.643049], [120.3118, 22.643118], [120.311798, 22.642964], [120.312474, 22.642913], [120.31248, 22.643437], [120.311675, 22.643506], [120.311704, 22.64402], [120.312656, 22.643943], [120.312645, 22.643428], [120.312527, 22.643437], [120.312519, 22.643636], [120.311832, 22.643687], [120.311862, 22.643821], [120.3129, 22.643809], [120.312907, 22.643899], [120.312645, 22.644198], [120.312286, 22.64417], [120.312161, 22.644492], [120.31205, 22.644492], [120.312099, 22.644654], [120.312176, 22.644655], [120.31206, 22.644663], [120.31175, 22.644277], [120.312683, 22.6446], [120.313676, 22.644535], [120.311548, 22.641988], [120.311512, 22.641663], [120.311765, 22.641104], [120.31202, 22.641087]]}}, {"type": "Feature", "properties": {"district": "6400500", "segment": 40, "total_segments": 47, "km": 10.98, "villages": ["德仁里", "德智里"]}, "geometry": {"type": "LineString", "coordinates": [[120.311225, 22.641192], [120.311167, 22.64083], [120.30938, 22.640958], [120.309458, 22.642102], [120.309707, 22.642097], [120.30961, 22.641203], [120.309745, 22.641317], [120.309989, 22.64134], [120.309997, 22.641412], [120.309981, 22.64124], [120.310202, 22.641249], [120.310208, 22.641341], [120.31032, 22.641379], [120.310802, 22.641352], [120.310795, 22.641515], [120.311241, 22.641481], [120.311282, 22.641996], [120.310354, 22.642064], [120.310472, 22.641866], [120.3111, 22.641814], [120.311091, 22.641697], [120.310765, 22.641723], [120.310753, 22.641524], [120.310978, 22.641344], [120.311235, 22.641327], [120.31123, 22.641264], [120.31108, 22.641137], [120.31096, 22.641154], [120.310864, 22.641028], [120.31074, 22.641036], [120.310569, 22.64118], [120.310469, 22.641062], [120.310744, 22.641162], [120.31036, 22.641705], [120.310257, 22.641716], [120.310248, 22.641629], [120.309243, 22.641707], [120.309287, 22.642101], [120.308852, 22.642166], [120.30884, 22.641371], [120.308626, 22.641325], [120.308699, 22.642183], [120.308385, 22.642191], [120.308348, 22.641685], [120.307436, 22.641799], [120.307474, 22.642259], [120.308209, 22.642199], [120.308083, 22.642045], [120.307608, 22.64207], [120.307581, 22.641917], [120.308174, 22.641874], [120.308132, 22.64154], [120.307415, 22.641582], [120.307387, 22.641229], [120.30777, 22.64124], [120.307785, 22.641376], [120.308126, 22.64135], [120.308112, 22.641223], [120.308305, 22.641215], [120.308296, 22.641026], [120.307364, 22.641094], [120.30752, 22.641392], [120.307751, 22.641375], [120.30807, 22.641223], [120.308325, 22.641315], [120.308264, 22.641435], [120.308338, 22.641522], [120.308607, 22.641171], [120.308887, 22.641164], [120.308985, 22.641245], [120.30905, 22.642022], [120.309239, 22.641671], [120.309207, 22.641228], [120.309063, 22.640984], [120.308647, 22.641009], [120.308601, 22.641117], [120.308549, 22.640646], [120.309104, 22.640605], [120.308953, 22.64045], [120.308947, 22.640315], [120.308402, 22.64034], [120.308226, 22.64023], [120.307785, 22.640247], [120.307825, 22.640141], [120.307678, 22.640075], [120.307774, 22.639958], [120.30743, 22.639857], [120.30726, 22.640181], [120.307267, 22.640272], [120.307442, 22.640065], [120.307632, 22.640183], [120.307578, 22.64002], [120.30789, 22.639994], [120.308304, 22.640122], [120.308148, 22.640366], [120.307855, 22.640382], [120.307878, 22.640545], [120.307743, 22.640554], [120.307723, 22.640409], [120.307688, 22.640618], [120.307725, 22.640707], [120.308508, 22.640649], [120.307518, 22.640706], [120.30743, 22.641744], [120.309422, 22.640579], [120.309651, 22.64058], [120.309895, 22.64], [120.30978, 22.639524], [120.311196, 22.640267], [120.311185, 22.640458], [120.311239, 22.640457], [120.311302, 22.642158], [120.311343, 22.642673], [120.3103, 22.642741], [120.310282, 22.642542], [120.311251, 22.642492], [120.311158, 22.642365], [120.310535, 22.642417], [120.31052, 22.642218], [120.311142, 22.642176], [120.311243, 22.642844], [120.311354, 22.642836], [120.311367, 22.642998], [120.31033, 22.643093], [120.310315, 22.642913], [120.311204, 22.642853], [120.311237, 22.643126], [120.310334, 22.643193], [120.310338, 22.643247], [120.310349, 22.643346], [120.311225, 22.643305], [120.311394, 22.643279], [120.311381, 22.643116], [120.311278, 22.64352], [120.310355, 22.643581], [120.310409, 22.644096], [120.310576, 22.644097], [120.311456, 22.644028], [120.311416, 22.643532], [120.311297, 22.643721], [120.310509, 22.643771], [120.310517, 22.643898], [120.31107, 22.643864], [120.311115, 22.644217], [120.311469, 22.644191], [120.311515, 22.644699], [120.310461, 22.644779], [120.310429, 22.644268], [120.310904, 22.644236], [120.311139, 22.644406], [120.311315, 22.644398], [120.311344, 22.644516], [120.310566, 22.644575], [120.310548, 22.644449], [120.310639, 22.64444], [120.311384, 22.644516], [120.310233, 22.644355], [120.310162, 22.643606], [120.309584, 22.643641], [120.309632, 22.644002], [120.309839, 22.643985], [120.309822, 22.643759], [120.309974, 22.643769], [120.310007, 22.644158], [120.309446, 22.643909], [120.309417, 22.643649], [120.308893, 22.643692], [120.308825, 22.643755], [120.30888, 22.644397], [120.30908, 22.644217], [120.309052, 22.643846], [120.3092, 22.643856], [120.309204, 22.643919], [120.309194, 22.643775], [120.308854, 22.643411], [120.3085, 22.643438], [120.308438, 22.642697], [120.307675, 22.642739], [120.307674, 22.642603], [120.308239, 22.642561], [120.308223, 22.642389], [120.307509, 22.642421], [120.307584, 22.642937], [120.308238, 22.642896], [120.308294, 22.643066], [120.307512, 22.643154], [120.307598, 22.643551], [120.308504, 22.643492], [120.308365, 22.643356], [120.307672, 22.643403], [120.307696, 22.643258], [120.308309, 22.643214], [120.308775, 22.642987], [120.308874, 22.642603], [120.308415, 22.642453], [120.307637, 22.642603], [120.307731, 22.643769], [120.30759, 22.643786], [120.307676, 22.644964], [120.30856, 22.64491], [120.308521, 22.643802], [120.308272, 22.64373], [120.307779, 22.643769], [120.307764, 22.643949], [120.30821, 22.643924], [120.308234, 22.644087], [120.308422, 22.64407], [120.308391, 22.644241], [120.307922, 22.644275], [120.30791, 22.644112], [120.308135, 22.644095], [120.308164, 22.644466], [120.308373, 22.644449], [120.308323, 22.644602], [120.307786, 22.644645], [120.307811, 22.644491], [120.308121, 22.644475], [120.308212, 22.644769], [120.308116, 22.644782], [120.307726, 22.643958], [120.309206, 22.644859], [120.309978, 22.644799], [120.310206, 22.643599], [120.310131, 22.643352], [120.310035, 22.64336], [120.310101, 22.643163], [120.310077, 22.642406], [120.310037, 22.642252], [120.309483, 22.642304], [120.309554, 22.643424], [120.309816, 22.643407], [120.309704, 22.642376], [120.309864, 22.642378], [120.309895, 22.642703]]}}, {"type": "Feature", "properties": {"district": "6400500", "segment": 41, "total_segments": 47, "km": 13.98, "villages": ["安生里", "安東里"]}, "geometry": {"type": "LineString", "coordinates": [[120.310001, 22.645178], [120.31149, 22.645184], [120.311528, 22.645555], [120.311314, 22.645536], [120.311345, 22.645751], [120.311563, 22.645799], [120.311611, 22.646224], [120.311422, 22.646196], [120.311433, 22.646084], [120.311509, 22.646072], [120.311398, 22.646006], [120.311504, 22.646432], [120.311629, 22.646413], [120.311619, 22.646874], [120.31139, 22.646902], [120.311454, 22.646774], [120.311359, 22.646557], [120.311512, 22.646539], [120.311477, 22.646658], [120.311957, 22.646668], [120.311926, 22.646397], [120.312834, 22.646337], [120.312861, 22.646816], [120.312664, 22.646774], [120.31267, 22.646438], [120.312449, 22.646525], [120.312461, 22.646661], [120.312354, 22.646678], [120.312322, 22.646479], [120.312102, 22.646551], [120.3122, 22.64683], [120.311972, 22.64683], [120.311973, 22.646704], [120.312026, 22.647089], [120.312548, 22.647043], [120.312647, 22.647172], [120.311662, 22.647863], [120.311602, 22.647222], [120.311488, 22.647131], [120.311885, 22.647109], [120.312535, 22.646778], [120.312787, 22.647095], [120.312861, 22.647047], [120.31271, 22.64714], [120.31324, 22.646754], [120.313116, 22.646302], [120.313337, 22.646312], [120.313349, 22.646511], [120.313513, 22.646421], [120.313468, 22.646304], [120.313779, 22.646218], [120.313749, 22.646052], [120.313443, 22.646069], [120.313504, 22.646006], [120.313483, 22.645627], [120.313707, 22.645609], [120.313672, 22.64597], [120.313902, 22.646035], [120.31392, 22.645592], [120.313814, 22.645601], [120.313834, 22.645357], [120.314088, 22.645345], [120.314019, 22.645226], [120.314071, 22.645131], [120.314004, 22.645015], [120.313839, 22.645014], [120.31378, 22.644874], [120.314069, 22.644861], [120.313836, 22.645068], [120.313788, 22.645357], [120.313518, 22.645405], [120.313047, 22.645381], [120.313029, 22.644929], [120.313652, 22.644887], [120.313581, 22.644959], [120.313612, 22.645284], [120.31343, 22.645301], [120.313429, 22.644976], [120.313188, 22.645002], [120.313216, 22.645327], [120.313044, 22.645453], [120.313112, 22.646086], [120.313331, 22.646077], [120.313272, 22.645653], [120.313187, 22.645661], [120.313444, 22.645611], [120.312787, 22.645642], [120.312854, 22.646057], [120.312255, 22.646127], [120.312273, 22.645748], [120.312456, 22.645694], [120.312423, 22.646037], [120.312641, 22.645948], [120.312687, 22.645686], [120.312567, 22.645681], [120.312436, 22.64545], [120.311851, 22.64552], [120.311849, 22.645082], [120.312033, 22.645069], [120.312022, 22.644979], [120.312057, 22.645359], [120.312242, 22.645372], [120.312222, 22.644989], [120.312394, 22.644981], [120.312368, 22.645387], [120.312662, 22.645262], [120.312986, 22.644929], [120.311348, 22.644998], [120.311293, 22.645075], [120.311351, 22.645292], [120.311889, 22.645692], [120.31194, 22.64618], [120.312161, 22.646127], [120.312073, 22.645973], [120.312125, 22.645756], [120.312003, 22.645765], [120.312225, 22.645757], [120.311892, 22.646189], [120.312859, 22.646148], [120.313722, 22.646988], [120.314203, 22.647047], [120.314282, 22.646956], [120.31427, 22.646876], [120.313818, 22.646706], [120.3141, 22.6459], [120.314104, 22.645637], [120.309432, 22.647059], [120.309476, 22.649402], [120.308952, 22.649517], [120.308999, 22.649635], [120.308058, 22.6497], [120.308098, 22.649559], [120.308807, 22.649544], [120.308613, 22.64939], [120.308192, 22.649424], [120.308216, 22.649325], [120.308385, 22.649294], [120.308077, 22.649315], [120.308085, 22.64946], [120.308061, 22.649268], [120.307777, 22.649305], [120.307776, 22.649467], [120.307739, 22.649359], [120.306864, 22.649391], [120.306929, 22.649473], [120.306919, 22.649807], [120.306973, 22.649753], [120.307781, 22.649752], [120.307775, 22.649595], [120.307032, 22.64969], [120.307075, 22.649464], [120.307647, 22.649431], [120.307626, 22.649105], [120.30719, 22.649135], [120.307241, 22.649022], [120.307777, 22.648987], [120.307784, 22.649076], [120.307685, 22.649098], [120.307751, 22.648681], [120.306852, 22.648768], [120.306865, 22.648912], [120.307454, 22.648836], [120.307445, 22.648472], [120.306825, 22.648515], [120.306825, 22.648379], [120.307437, 22.648352], [120.307418, 22.648201], [120.307641, 22.64822], [120.307641, 22.648031], [120.306817, 22.648136], [120.306821, 22.64828], [120.307365, 22.64821], [120.307618, 22.648455], [120.308078, 22.648394], [120.308114, 22.647518], [120.30824, 22.64751], [120.308199, 22.647419], [120.307933, 22.647436], [120.307934, 22.647562], [120.308045, 22.647527], [120.307919, 22.647391], [120.30871, 22.647396], [120.308767, 22.647744], [120.308523, 22.64777], [120.308846, 22.648406], [120.308526, 22.648423], [120.308518, 22.648305], [120.308625, 22.648297], [120.308872, 22.648595], [120.308763, 22.649305], [120.308902, 22.649939], [120.308258, 22.650354], [120.30813, 22.650516], [120.308117, 22.64996], [120.308708, 22.649929], [120.308438, 22.65012], [120.308274, 22.650085], [120.308282, 22.65021], [120.307847, 22.650349], [120.307853, 22.650505], [120.307007, 22.650539], [120.306999, 22.650358], [120.307095, 22.650413], [120.307536, 22.650378], [120.307595, 22.650162], [120.307798, 22.650136], [120.307801, 22.65019], [120.307791, 22.650027], [120.307049, 22.650019], [120.306931, 22.650215], [120.306646, 22.650266], [120.306616, 22.650094], [120.305932, 22.650109], [120.305764, 22.650209], [120.305826, 22.650615], [120.306685, 22.650555], [120.306662, 22.650384], [120.305966, 22.65048], [120.306078, 22.650308], [120.306455, 22.65022], [120.306657, 22.650083], [120.306633, 22.649494], [120.306586, 22.649413], [120.305734, 22.649486], [120.305756, 22.649892], [120.306312, 22.649831], [120.306521, 22.649805], [120.306472, 22.649714], [120.305849, 22.649757], [120.305878, 22.649558], [120.306459, 22.649561], [120.30663, 22.649381], [120.306535, 22.648739], [120.306432, 22.648802], [120.305688, 22.648808], [120.305729, 22.649278], [120.306472, 22.649182], [120.306463, 22.649082], [120.305823, 22.649116], [120.305734, 22.649431], [120.306157, 22.648909], [120.306438, 22.648893], [120.306532, 22.648414], [120.305678, 22.648492], [120.305685, 22.648645], [120.306446, 22.648549], [120.306506, 22.648168], [120.305749, 22.648212], [120.305761, 22.648312], [120.306414, 22.648269], [120.306461, 22.647764], [120.306421, 22.647538], [120.30567, 22.647571], [120.305602, 22.647629], [120.305651, 22.647679], [120.306092, 22.647681], [120.306346, 22.647646], [120.306481, 22.647529], [120.30759, 22.647462], [120.307603, 22.647877], [120.306917, 22.647874], [120.306909, 22.647784], [120.3075, 22.647741], [120.307497, 22.647561], [120.306782, 22.647612], [120.306817, 22.64809], [120.30759, 22.647416], [120.306379, 22.647818], [120.305612, 22.647877], [120.305607, 22.648015], [120.306385, 22.647917], [120.305611, 22.647832], [120.305678, 22.648456], [120.306825, 22.64856], [120.306914, 22.649166], [120.307837, 22.650027], [120.30735, 22.650734], [120.30702, 22.650855], [120.307034, 22.65118], [120.307188, 22.651072], [120.307014, 22.65081], [120.307008, 22.650593], [120.306683, 22.650609], [120.306694, 22.650871], [120.306627, 22.650898], [120.305983, 22.650941], [120.305976, 22.65085], [120.306613, 22.650808], [120.306589, 22.651088], [120.306497, 22.651087], [120.306482, 22.651203], [120.306632, 22.651195], [120.306738, 22.651167], [120.306717, 22.651088], [120.306106, 22.651227], [120.30608, 22.651122], [120.305851, 22.651096], [120.305821, 22.651249], [120.30584, 22.650832], [120.306218, 22.651113], [120.306358, 22.651105], [120.305294, 22.652514], [120.306757, 22.652701], [120.307401, 22.645773], [120.308012, 22.645744], [120.306737, 22.645303]]}}, {"type": "Feature", "properties": {"district": "6400500", "segment": 42, "total_segments": 47, "km": 14.61, "villages": ["安和里", "安泰里"]}, "geometry": {"type": "LineString", "coordinates": [[120.305256, 22.645974], [120.304659, 22.64694], [120.30405, 22.646986], [120.304, 22.646669], [120.303842, 22.646678], [120.303959, 22.647446], [120.303909, 22.647446], [120.304079, 22.64741], [120.304051, 22.647022], [120.303738, 22.647147], [120.303798, 22.647409], [120.303614, 22.647336], [120.303794, 22.64793], [120.303866, 22.648719], [120.303705, 22.648709], [120.303631, 22.648267], [120.304032, 22.648277], [120.303973, 22.647708], [120.304181, 22.647684], [120.304204, 22.648702], [120.303904, 22.648719], [120.304056, 22.64862], [120.304039, 22.648313], [120.30445, 22.648252], [120.304453, 22.648721], [120.305328, 22.648626], [120.305323, 22.648192], [120.304557, 22.648297], [120.304566, 22.648397], [120.305193, 22.648352], [120.305217, 22.648535], [120.304625, 22.648578], [120.304705, 22.648925], [120.305353, 22.648906], [120.305358, 22.648823], [120.305384, 22.649303], [120.304538, 22.649282], [120.304537, 22.649363], [120.304534, 22.649164], [120.305262, 22.649149], [120.305249, 22.648996], [120.304025, 22.648972], [120.304114, 22.649226], [120.30424, 22.649217], [120.304225, 22.649036], [120.304265, 22.64994], [120.30436, 22.64995], [120.304002, 22.649975], [120.303931, 22.649757], [120.303789, 22.649748], [120.303809, 22.650027], [120.303706, 22.648767], [120.304256, 22.648693], [120.304418, 22.647899], [120.305275, 22.647885], [120.305293, 22.648039], [120.304584, 22.648045], [120.304519, 22.647665], [120.305302, 22.647605], [120.305269, 22.647849], [120.305157, 22.647713], [120.304605, 22.647756], [120.304469, 22.647653], [120.30437, 22.647803], [120.303932, 22.647708], [120.30417, 22.647429], [120.303549, 22.647816], [120.303544, 22.646649], [120.30374, 22.646668], [120.303701, 22.646831], [120.304098, 22.646661], [120.30405, 22.646354], [120.303481, 22.646396], [120.303444, 22.645637], [120.303965, 22.645567], [120.303975, 22.645757], [120.303617, 22.64571], [120.303653, 22.646289], [120.303854, 22.646271], [120.303865, 22.645901], [120.303781, 22.64591], [120.303967, 22.645856], [120.303992, 22.646263], [120.305338, 22.648671], [120.305419, 22.649647], [120.305022, 22.649618], [120.305002, 22.6495], [120.305202, 22.649479], [120.305308, 22.64952], [120.304552, 22.649562], [120.304578, 22.64994], [120.305016, 22.649913], [120.30488, 22.649807], [120.304693, 22.649824], [120.304536, 22.649942], [120.304548, 22.650257], [120.305207, 22.650224], [120.305343, 22.650148], [120.305498, 22.650188], [120.305497, 22.65055], [120.304727, 22.650574], [120.304632, 22.650601], [120.304634, 22.650754], [120.305382, 22.650649], [120.305411, 22.650896], [120.305568, 22.650886], [120.305231, 22.650908], [120.305087, 22.651153], [120.304689, 22.651134], [120.304688, 22.651314], [120.305041, 22.651244], [120.304978, 22.651469], [120.304703, 22.651513], [120.304666, 22.650962], [120.304798, 22.650944], [120.30482, 22.650999], [120.304402, 22.651053], [120.304329, 22.650265], [120.304129, 22.650264], [120.304214, 22.650337], [120.304221, 22.650843], [120.303976, 22.650968], [120.303982, 22.651085], [120.30387, 22.651221], [120.303909, 22.65172], [120.304815, 22.651836], [120.305141, 22.651734], [120.305547, 22.65147], [120.305293, 22.650333], [120.304632, 22.65042], [120.304631, 22.650339], [120.304629, 22.650546], [120.30415, 22.649858], [120.304123, 22.649361], [120.30487, 22.649626], [120.305256, 22.649934], [120.305378, 22.649937], [120.303895, 22.650345], [120.304074, 22.651266], [120.303233, 22.651227], [120.303179, 22.650341], [120.303082, 22.650323], [120.30303, 22.65035], [120.303081, 22.651109], [120.302878, 22.651215], [120.302888, 22.651568], [120.302964, 22.651578], [120.302755, 22.651514], [120.302674, 22.650386], [120.303, 22.650323], [120.302838, 22.650069], [120.302588, 22.650086], [120.302562, 22.649165], [120.302571, 22.649083], [120.302757, 22.649066], [120.30276, 22.649735], [120.302989, 22.649699], [120.302911, 22.649148], [120.302992, 22.649031], [120.303069, 22.649113], [120.303132, 22.649817], [120.302995, 22.649799], [120.302992, 22.649736], [120.303065, 22.64998], [120.302618, 22.650393], [120.301571, 22.650479], [120.301446, 22.650433], [120.301585, 22.651229], [120.302187, 22.651412], [120.301997, 22.651248], [120.301983, 22.651077], [120.301826, 22.651085], [120.301815, 22.650986], [120.301702, 22.650994], [120.301696, 22.651094], [120.301872, 22.650986], [120.302319, 22.650952], [120.302329, 22.651051], [120.302037, 22.651068], [120.302016, 22.650797], [120.301616, 22.650822], [120.301608, 22.650723], [120.302274, 22.650681], [120.302252, 22.65078], [120.302086, 22.650797], [120.302034, 22.650526], [120.302412, 22.65051], [120.302415, 22.650446], [120.302439, 22.651079], [120.302858, 22.650999], [120.302803, 22.650575], [120.302439, 22.650115], [120.302111, 22.65012], [120.302048, 22.649992], [120.301988, 22.649253], [120.301995, 22.649144], [120.302074, 22.649136], [120.30168, 22.649206], [120.301658, 22.649107], [120.301756, 22.649766], [120.301053, 22.649754], [120.301038, 22.650251], [120.301775, 22.650191], [120.301815, 22.650028], [120.301191, 22.650098], [120.301213, 22.649917], [120.3018, 22.649857], [120.301572, 22.649621], [120.301553, 22.649413], [120.301364, 22.649485], [120.301364, 22.649575], [120.30126, 22.649574], [120.301186, 22.649303], [120.300993, 22.649357], [120.30099, 22.649221], [120.301221, 22.649166], [120.301098, 22.648987], [120.301049, 22.648517], [120.300332, 22.648613], [120.300357, 22.648722], [120.300973, 22.648679], [120.300882, 22.648841], [120.300216, 22.648902], [120.300226, 22.649055], [120.300977, 22.64895], [120.300933, 22.649221], [120.300551, 22.649201], [120.300666, 22.650249], [120.300839, 22.650223], [120.300723, 22.649319], [120.300206, 22.649252], [120.300281, 22.649353], [120.300358, 22.650302], [120.300619, 22.650249], [120.300475, 22.650131], [120.300396, 22.649426], [120.300998, 22.649483], [120.301076, 22.649656], [120.30141, 22.648973], [120.301382, 22.64878], [120.301499, 22.648907], [120.302264, 22.648856], [120.302233, 22.648432], [120.301359, 22.648589], [120.302126, 22.648594], [120.302119, 22.648747], [120.301657, 22.648781], [120.301618, 22.648285], [120.302223, 22.648224], [120.302194, 22.647799], [120.301615, 22.647878], [120.301627, 22.647987], [120.302116, 22.647953], [120.302112, 22.648133], [120.30129, 22.648202], [120.301302, 22.648328], [120.301566, 22.648284], [120.301284, 22.648157], [120.301353, 22.647904], [120.301025, 22.647885], [120.301081, 22.648246], [120.301056, 22.648327], [120.300928, 22.648345], [120.300314, 22.648378], [120.30031, 22.648264], [120.300891, 22.648227], [120.300893, 22.648047], [120.300147, 22.648107], [120.300105, 22.647998], [120.300924, 22.647938], [120.301108, 22.648337], [120.300198, 22.648378], [120.300168, 22.648233], [120.300178, 22.648603], [120.300415, 22.650546], [120.301284, 22.650478], [120.301265, 22.650703], [120.300691, 22.650708], [120.300607, 22.650971], [120.301307, 22.651137], [120.301252, 22.650812], [120.301616, 22.650524], [120.301559, 22.650515], [120.301962, 22.650526], [120.302337, 22.649986], [120.302262, 22.648902], [120.302599, 22.648867], [120.302534, 22.648794], [120.302459, 22.64781], [120.302643, 22.647792], [120.302691, 22.648795], [120.30304, 22.648778], [120.303013, 22.64845], [120.302861, 22.648462], [120.302875, 22.648678], [120.303043, 22.648833], [120.302857, 22.648425], [120.302814, 22.647956], [120.302964, 22.647914], [120.302954, 22.647804], [120.302985, 22.64812], [120.302396, 22.647809], [120.302228, 22.648269], [120.302513, 22.649083], [120.303135, 22.651642], [120.303231, 22.651624], [120.303358, 22.652261], [120.30244, 22.651515], [120.301165, 22.651527], [120.300318, 22.650555]]}}, {"type": "Feature", "properties": {"district": "6400500", "segment": 43, "total_segments": 47, "km": 14.93, "villages": ["安宜里", "安邦里"]}, "geometry": {"type": "LineString", "coordinates": [[120.300079, 22.650693], [120.299935, 22.6507], [120.299858, 22.650851], [120.299763, 22.65085], [120.299311, 22.650801], [120.299295, 22.650623], [120.299152, 22.65064], [120.300013, 22.650556], [120.300007, 22.649904], [120.299145, 22.649981], [120.299185, 22.650396], [120.299903, 22.650309], [120.299881, 22.650183], [120.299292, 22.650234], [120.299277, 22.650083], [120.299871, 22.650038], [120.299972, 22.649713], [120.299924, 22.649262], [120.299041, 22.649351], [120.29912, 22.649775], [120.299869, 22.649677], [120.29986, 22.649568], [120.299207, 22.64962], [120.299198, 22.649448], [120.299867, 22.649397], [120.299976, 22.649253], [120.299928, 22.649072], [120.299837, 22.649054], [120.299061, 22.649137], [120.299161, 22.648977], [120.299898, 22.6489], [120.29992, 22.648964], [120.299659, 22.648773], [120.299061, 22.64886], [120.299093, 22.64872], [120.299356, 22.64869], [120.299244, 22.648473], [120.298985, 22.648508], [120.298969, 22.648318], [120.299197, 22.648346], [120.299245, 22.648032], [120.29988, 22.648033], [120.299859, 22.648449], [120.299704, 22.648368], [120.299405, 22.648438], [120.299413, 22.648329], [120.299608, 22.648312], [120.298996, 22.648716], [120.297828, 22.648783], [120.297848, 22.648946], [120.298767, 22.648841], [120.298773, 22.649166], [120.297836, 22.649207], [120.297861, 22.649045], [120.297594, 22.649089], [120.297523, 22.648303], [120.297572, 22.648177], [120.29739, 22.648185], [120.297379, 22.648546], [120.297307, 22.648546], [120.297486, 22.648538], [120.297497, 22.648682], [120.297316, 22.64869], [120.297484, 22.649215], [120.297347, 22.64924], [120.297279, 22.649467], [120.297079, 22.649477], [120.297221, 22.649549], [120.297225, 22.649629], [120.297025, 22.649763], [120.297109, 22.650541], [120.297339, 22.650506], [120.297258, 22.650009], [120.297486, 22.650001], [120.297508, 22.650488], [120.297765, 22.650471], [120.297698, 22.650381], [120.297638, 22.649459], [120.29738, 22.649476], [120.297463, 22.649558], [120.297485, 22.649963], [120.297927, 22.649867], [120.297926, 22.649668], [120.298345, 22.649688], [120.298354, 22.649797], [120.298028, 22.649822], [120.297963, 22.65021], [120.298221, 22.650094], [120.298055, 22.650057], [120.298837, 22.650015], [120.298836, 22.649961], [120.298844, 22.650422], [120.297929, 22.650454], [120.297965, 22.650328], [120.298719, 22.650277], [120.2988, 22.650684], [120.298543, 22.650701], [120.298559, 22.650809], [120.298878, 22.65081], [120.298839, 22.650684], [120.298926, 22.650675], [120.298407, 22.650809], [120.298147, 22.650699], [120.29739, 22.650768], [120.29809, 22.650807], [120.297463, 22.650488], [120.295816, 22.650291], [120.294994, 22.64996], [120.293807, 22.649973], [120.296425, 22.649291], [120.296567, 22.649057], [120.296652, 22.649121], [120.296585, 22.649355], [120.296688, 22.649464], [120.296703, 22.649627], [120.296978, 22.64914], [120.296943, 22.648242], [120.297295, 22.648194], [120.297122, 22.648355], [120.29717, 22.648744], [120.297597, 22.649125], [120.297686, 22.649451], [120.298764, 22.649374], [120.29883, 22.649799], [120.298546, 22.649779], [120.298535, 22.649662], [120.298674, 22.649654], [120.298624, 22.6495], [120.297918, 22.64956], [120.298761, 22.64932], [120.299714, 22.650748], [120.300084, 22.650834], [120.298749, 22.648525], [120.298734, 22.648353], [120.297816, 22.648449], [120.297831, 22.648602], [120.298686, 22.648492], [120.298699, 22.648191], [120.297801, 22.648322], [120.297731, 22.648177], [120.298648, 22.648082], [120.298655, 22.648136], [120.297812, 22.648413], [120.296884, 22.648246], [120.296571, 22.648593], [120.296528, 22.647964], [120.296906, 22.647849], [120.296874, 22.647198], [120.297048, 22.647163], [120.297076, 22.647831], [120.297254, 22.647922], [120.297558, 22.647906], [120.297521, 22.647779], [120.297312, 22.647787], [120.29727, 22.64729], [120.297435, 22.647282], [120.297482, 22.647156], [120.297251, 22.647137], [120.297187, 22.646929], [120.29742, 22.64693], [120.29723, 22.646812], [120.297009, 22.646811], [120.296978, 22.646395], [120.296788, 22.646403], [120.296815, 22.646981], [120.297053, 22.646946], [120.297015, 22.646874], [120.297384, 22.646622], [120.297693, 22.646534], [120.297682, 22.646326], [120.297868, 22.646345], [120.297879, 22.646471], [120.29856, 22.646465], [120.298515, 22.646059], [120.298118, 22.646147], [120.298078, 22.646328], [120.299466, 22.646243], [120.299669, 22.646172], [120.299687, 22.646407], [120.298808, 22.64643], [120.298714, 22.646713], [120.298796, 22.646096], [120.299503, 22.646036], [120.299476, 22.6459], [120.298993, 22.645916], [120.298777, 22.645969], [120.29971, 22.645892], [120.299661, 22.646045], [120.299993, 22.646056], [120.299993, 22.645975], [120.300868, 22.645924], [120.300892, 22.646322], [120.300669, 22.646276], [120.30002, 22.646381], [120.300006, 22.646155], [120.300778, 22.646141], [120.300851, 22.645798], [120.299947, 22.645884], [120.300005, 22.646562], [120.300928, 22.646575], [120.300933, 22.646692], [120.30013, 22.64668], [120.300046, 22.646752], [120.300038, 22.646643], [120.300066, 22.647059], [120.30095, 22.646945], [120.30094, 22.646792], [120.300141, 22.646878], [120.30009, 22.647429], [120.300354, 22.647349], [120.300974, 22.64737], [120.300979, 22.647297], [120.30096, 22.647153], [120.300148, 22.64724], [120.300101, 22.647637], [120.300165, 22.647718], [120.301041, 22.64765], [120.300987, 22.64746], [120.299787, 22.647626], [120.29958, 22.647752], [120.299631, 22.64675], [120.300915, 22.646484], [120.301181, 22.64662], [120.301206, 22.646491], [120.302127, 22.646445], [120.302076, 22.646598], [120.301333, 22.646622], [120.301336, 22.646793], [120.301199, 22.646811], [120.301297, 22.646929], [120.301784, 22.646895], [120.301744, 22.646768], [120.301199, 22.646766], [120.300963, 22.646993], [120.30124, 22.647145], [120.301267, 22.647636], [120.301342, 22.647498], [120.301435, 22.64748], [120.301422, 22.64729], [120.301345, 22.647299], [120.301538, 22.647282], [120.30151, 22.647164], [120.301328, 22.647173], [120.301688, 22.647085], [120.302059, 22.64707], [120.30215, 22.647155], [120.302399, 22.647096], [120.302449, 22.647503], [120.30283, 22.647486], [120.302782, 22.64736], [120.302933, 22.647351], [120.302952, 22.647478], [120.302934, 22.647279], [120.302573, 22.647304], [120.302575, 22.647413], [120.302535, 22.646753], [120.302329, 22.646775], [120.3024, 22.64706], [120.302091, 22.646894], [120.301936, 22.646902], [120.302098, 22.646815], [120.302345, 22.646473], [120.302553, 22.646455], [120.302473, 22.646347], [120.30245, 22.645958], [120.302313, 22.645976], [120.302336, 22.646364], [120.302059, 22.646246], [120.302008, 22.645713], [120.301078, 22.64579], [120.301175, 22.646296], [120.301949, 22.6462], [120.301942, 22.646073], [120.30125, 22.646116], [120.301236, 22.645908], [120.301954, 22.645866], [120.302068, 22.645713], [120.302234, 22.645686], [120.302784, 22.645689], [120.302912, 22.646918], [120.302758, 22.646917], [120.302819, 22.646737], [120.302574, 22.646754], [120.302143, 22.647398], [120.302164, 22.64757], [120.301896, 22.647592], [120.301649, 22.647597], [120.302386, 22.647511], [120.302307, 22.64584], [120.302591, 22.645805], [120.300895, 22.645772], [120.297761, 22.646019], [120.297246, 22.646114], [120.297172, 22.646206], [120.297095, 22.646206], [120.297086, 22.64607], [120.296733, 22.646078], [120.296782, 22.646367], [120.296955, 22.646259], [120.297032, 22.646395], [120.296079, 22.646138], [120.295458, 22.646334], [120.294767, 22.646376], [120.294599, 22.646281], [120.295282, 22.646189], [120.295349, 22.646211], [120.295375, 22.646514], [120.295535, 22.64647], [120.295637, 22.647269], [120.295252, 22.647534], [120.294381, 22.647514], [120.294598, 22.647143], [120.294589, 22.647017], [120.293964, 22.647067], [120.293961, 22.647125], [120.293863, 22.646407], [120.295302, 22.646514], [120.296419, 22.647203], [120.296436, 22.647464]]}}, {"type": "Feature", "properties": {"district": "6400500", "segment": 44, "total_segments": 47, "km": 9.3, "villages": ["安邦里", "民享里", "德東里"]}, "geometry": {"type": "LineString", "coordinates": [[120.297312, 22.647832], [120.297395, 22.64767], [120.297512, 22.647662], [120.297482, 22.647351], [120.29511, 22.648341], [120.294711, 22.648431], [120.294256, 22.648291], [120.293519, 22.648298], [120.293105, 22.648391], [120.293103, 22.648788], [120.292315, 22.648957], [120.292246, 22.648587], [120.292336, 22.64837], [120.292241, 22.64837], [120.292239, 22.648189], [120.292333, 22.64819], [120.292219, 22.648], [120.292337, 22.647991], [120.292244, 22.64781], [120.292213, 22.647304], [120.292494, 22.648362], [120.293497, 22.648707], [120.297524, 22.645639], [120.29817, 22.645611], [120.298126, 22.64547], [120.297571, 22.645476], [120.297574, 22.645549], [120.297517, 22.645223], [120.298194, 22.645172], [120.298205, 22.64529], [120.297684, 22.645332], [120.297636, 22.644962], [120.298407, 22.644911], [120.298394, 22.644739], [120.29753, 22.644844], [120.297512, 22.644959], [120.297563, 22.644664], [120.297989, 22.644629], [120.298021, 22.644494], [120.29839, 22.644479], [120.298362, 22.64464], [120.29954, 22.644528], [120.299574, 22.644447], [120.29938, 22.644401], [120.29866, 22.644488], [120.298742, 22.644913], [120.298693, 22.64493], [120.299576, 22.644826], [120.299566, 22.644654], [120.299543, 22.644565], [120.299485, 22.644708], [120.298823, 22.64475], [120.298757, 22.645301], [120.299597, 22.645205], [120.299593, 22.645043], [120.298833, 22.64513], [120.298756, 22.645436], [120.299615, 22.645341], [120.299621, 22.645503], [120.298791, 22.645563], [120.29841, 22.644956], [120.297882, 22.644502], [120.297453, 22.644528], [120.297472, 22.644618], [120.300768, 22.644289], [120.300772, 22.644795], [120.300694, 22.64474], [120.299976, 22.644792], [120.299879, 22.644764], [120.299873, 22.644647], [120.300687, 22.644632], [120.300632, 22.644433], [120.300076, 22.644506], [120.29988, 22.644832], [120.299913, 22.645216], [120.299992, 22.645153], [120.300782, 22.64512], [120.300771, 22.644958], [120.299982, 22.645044], [120.299929, 22.645505], [120.30014, 22.645408], [120.300226, 22.645461], [120.300863, 22.64541], [120.300822, 22.645256], [120.299993, 22.645352], [120.299669, 22.645495], [120.299578, 22.64488], [120.301041, 22.64493], [120.301074, 22.645428], [120.30199, 22.645333], [120.301862, 22.645215], [120.301165, 22.645257], [120.301156, 22.64509], [120.301949, 22.645035], [120.301945, 22.644881], [120.301142, 22.64496], [120.301034, 22.644715], [120.301006, 22.644281], [120.301851, 22.644213], [120.301938, 22.644565], [120.301102, 22.644598], [120.301115, 22.644715], [120.302213, 22.644612], [120.30226, 22.645307], [120.302591, 22.645273], [120.302588, 22.645164], [120.302335, 22.645181], [120.302313, 22.644215], [120.302115, 22.644223], [120.3022, 22.644566], [120.302547, 22.644586], [120.302552, 22.644685], [120.302699, 22.644659], [120.302676, 22.644388], [120.302521, 22.64436], [120.302702, 22.644695], [120.302738, 22.645309], [120.302568, 22.644857], [120.302199, 22.645316], [120.301951, 22.64508], [120.301619, 22.644365], [120.301926, 22.644204], [120.302683, 22.644198], [120.299532, 22.644094], [120.298651, 22.64419], [120.29864, 22.644018], [120.299493, 22.643995], [120.299464, 22.643679], [120.298629, 22.643792], [120.298624, 22.64391], [120.299377, 22.643854], [120.299439, 22.643308], [120.298773, 22.64339], [120.298578, 22.643485], [120.298585, 22.643584], [120.29936, 22.643479], [120.299477, 22.643182], [120.299411, 22.643028], [120.29857, 22.643106], [120.298571, 22.643413], [120.298707, 22.643206], [120.299058, 22.643189], [120.29856, 22.643069], [120.297774, 22.643138], [120.297837, 22.643274], [120.298264, 22.643258], [120.298266, 22.643186], [120.298303, 22.64361], [120.297816, 22.643617], [120.297814, 22.643427], [120.298217, 22.643429], [120.298332, 22.643775], [120.297394, 22.643859], [120.297437, 22.644013], [120.298308, 22.643899], [120.298311, 22.644224], [120.297454, 22.644239], [120.297442, 22.644103], [120.298216, 22.644088], [120.29861, 22.643747], [120.297719, 22.643619], [120.297366, 22.643642], [120.297369, 22.643173], [120.297665, 22.643147], [120.297696, 22.643535], [120.297799, 22.64331], [120.297487, 22.643303], [120.297332, 22.643172], [120.297465, 22.644293]]}}, {"type": "Feature", "properties": {"district": "6400500", "segment": 45, "total_segments": 47, "km": 9.28, "villages": ["十美里", "德北里"]}, "geometry": {"type": "LineString", "coordinates": [[120.297246, 22.644247], [120.296603, 22.644343], [120.296502, 22.643203], [120.296996, 22.643234], [120.297135, 22.643163], [120.297173, 22.644165], [120.296997, 22.644119], [120.296936, 22.643333], [120.296697, 22.643368], [120.296864, 22.644561], [120.296576, 22.644596], [120.296662, 22.644903], [120.296846, 22.644904], [120.296832, 22.644708], [120.297006, 22.644751], [120.297045, 22.644895], [120.297237, 22.644897], [120.297211, 22.644572], [120.296968, 22.644571], [120.297265, 22.644554], [120.297005, 22.644898], [120.296284, 22.644983], [120.296361, 22.645771], [120.295693, 22.645784], [120.295713, 22.645613], [120.296244, 22.645597], [120.296236, 22.645443], [120.296061, 22.64547], [120.296052, 22.64537], [120.296229, 22.645353], [120.296223, 22.645218], [120.296044, 22.645226], [120.295857, 22.64546], [120.295687, 22.64545], [120.295692, 22.645504], [120.295767, 22.644882], [120.296083, 22.644943], [120.296065, 22.644368], [120.296263, 22.64436], [120.296134, 22.643239], [120.295488, 22.643309], [120.29564, 22.644368], [120.295998, 22.644377], [120.29604, 22.644215], [120.296005, 22.644043], [120.295799, 22.644076], [120.295814, 22.644249], [120.29579, 22.643888], [120.295645, 22.643888], [120.295637, 22.64377], [120.295825, 22.643762], [120.295833, 22.643879], [120.295993, 22.643808], [120.295994, 22.643037], [120.295875, 22.64304], [120.295868, 22.642624], [120.29569, 22.642636], [120.295653, 22.642452], [120.295482, 22.64246], [120.295484, 22.642902], [120.295504, 22.643101], [120.295743, 22.643084], [120.296089, 22.642914], [120.29602, 22.64193], [120.295853, 22.641907], [120.295371, 22.641972], [120.295399, 22.642107], [120.295663, 22.642091], [120.295623, 22.642253], [120.295417, 22.64227], [120.295431, 22.642415], [120.295865, 22.642362], [120.295852, 22.642127], [120.295871, 22.642407], [120.296431, 22.642338], [120.296553, 22.643025], [120.297105, 22.642991], [120.297025, 22.642115], [120.29677, 22.642168], [120.296781, 22.642294], [120.296965, 22.642286], [120.296971, 22.642376], [120.296831, 22.642348], [120.29684, 22.642556], [120.296982, 22.642512], [120.296662, 22.642555], [120.296673, 22.642844], [120.296867, 22.642897], [120.296651, 22.642519], [120.296635, 22.642266], [120.296534, 22.642302], [120.296537, 22.642374], [120.296427, 22.642293], [120.29641, 22.642049], [120.296625, 22.642176], [120.296725, 22.642005], [120.296879, 22.641996], [120.296865, 22.641861], [120.296386, 22.641896], [120.296981, 22.641889], [120.296474, 22.643045], [120.296692, 22.643332], [120.295582, 22.644371], [120.295369, 22.641538], [120.295998, 22.641523], [120.296031, 22.64099], [120.295864, 22.641016], [120.295942, 22.640304], [120.296071, 22.640313], [120.296045, 22.640855], [120.294945, 22.640912], [120.29491, 22.640787], [120.294449, 22.640803], [120.294448, 22.640929], [120.294799, 22.640904], [120.295087, 22.640742], [120.295116, 22.640806], [120.295711, 22.640678], [120.295702, 22.641043], [120.295325, 22.641069], [120.295386, 22.641394], [120.295311, 22.641394], [120.295423, 22.641394], [120.295319, 22.641538], [120.295178, 22.641465], [120.29422, 22.641651], [120.29393, 22.641604], [120.293016, 22.641699], [120.292952, 22.641627], [120.292861, 22.64173], [120.292478, 22.64167], [120.292213, 22.641783], [120.292041, 22.641722], [120.292012, 22.641794], [120.29205, 22.641289], [120.292244, 22.641362], [120.29237, 22.641301], [120.292353, 22.64148], [120.292579, 22.641454], [120.292593, 22.640931], [120.292157, 22.641073], [120.292469, 22.641052], [120.292511, 22.640772], [120.292122, 22.640774], [120.292206, 22.640206], [120.292706, 22.640416], [120.292586, 22.64056], [120.292444, 22.640523], [120.292419, 22.640586], [120.292762, 22.64002], [120.292254, 22.639795], [120.292172, 22.640048], [120.292915, 22.640363], [120.292762, 22.640695], [120.292809, 22.641094], [120.292964, 22.641013], [120.294276, 22.640956], [120.294261, 22.640816], [120.292896, 22.640922], [120.292921, 22.640718], [120.293021, 22.640697], [120.293015, 22.640589], [120.292929, 22.640597], [120.293159, 22.640562], [120.293179, 22.64071], [120.293705, 22.640664], [120.293702, 22.640476], [120.293605, 22.640435], [120.293674, 22.640287], [120.29362, 22.640263], [120.293795, 22.640321], [120.293858, 22.64067], [120.293754, 22.640671], [120.294282, 22.64065], [120.294454, 22.640597], [120.294454, 22.640525], [120.294601, 22.640605], [120.29456, 22.640641], [120.29476, 22.640605], [120.294831, 22.640475], [120.294998, 22.640607], [120.295705, 22.64051], [120.295707, 22.640375], [120.295116, 22.640463], [120.294563, 22.640279], [120.294549, 22.64037], [120.294803, 22.640452], [120.294911, 22.640118], [120.294997, 22.640155], [120.294926, 22.639956], [120.294777, 22.639946], [120.294787, 22.639817], [120.294747, 22.640127], [120.294456, 22.640062], [120.294474, 22.640346], [120.294789, 22.640145], [120.295132, 22.640291], [120.295761, 22.640249], [120.295653, 22.640092], [120.29551, 22.640113], [120.295505, 22.640022], [120.295164, 22.639983], [120.295213, 22.64012], [120.295289, 22.64012], [120.2957, 22.640555], [120.296078, 22.640268], [120.296089, 22.640169], [120.295742, 22.641224], [120.295099, 22.641163], [120.295097, 22.641067], [120.294503, 22.641218], [120.294249, 22.641163], [120.293258, 22.641276], [120.292831, 22.641229], [120.292838, 22.6415], [120.294297, 22.641278], [120.293732, 22.640131], [120.293799, 22.63956], [120.294037, 22.639308], [120.293503, 22.639335], [120.293307, 22.639848], [120.292899, 22.639677], [120.293074, 22.639187], [120.292119, 22.64082], [120.292212, 22.64147], [120.292359, 22.641655], [120.292595, 22.641508]]}}, {"type": "Feature", "properties": {"district": "6400500", "segment": 46, "total_segments": 47, "km": 14.13, "villages": ["十全里", "德西里"]}, "geometry": {"type": "LineString", "coordinates": [[120.29245, 22.642108], [120.292028, 22.642154], [120.291928, 22.642311], [120.292014, 22.642544], [120.292102, 22.642535], [120.292023, 22.642761], [120.292216, 22.642817], [120.292029, 22.643357], [120.292106, 22.644083], [120.292056, 22.644455], [120.292101, 22.644667], [120.292225, 22.644621], [120.292144, 22.645339], [120.292386, 22.645472], [120.29242, 22.645693], [120.292921, 22.64561], [120.292914, 22.645501], [120.292948, 22.645881], [120.292175, 22.645863], [120.29219, 22.646058], [120.292417, 22.64597], [120.294039, 22.645933], [120.294103, 22.64581], [120.294054, 22.645608], [120.294394, 22.645618], [120.294426, 22.645758], [120.295349, 22.645656], [120.295344, 22.645792], [120.295513, 22.645806], [120.294433, 22.645878], [120.294601, 22.645554], [120.295373, 22.645494], [120.295404, 22.645386], [120.295052, 22.64533], [120.295005, 22.645447], [120.294664, 22.645473], [120.294707, 22.645355], [120.294806, 22.645356], [120.294758, 22.645184], [120.294506, 22.645194], [120.29439, 22.645029], [120.294447, 22.644731], [120.294689, 22.644732], [120.294688, 22.644868], [120.294514, 22.644876], [120.294531, 22.645048], [120.295236, 22.645015], [120.295147, 22.645141], [120.294795, 22.645166], [120.294613, 22.645355], [120.294387, 22.64543], [120.294397, 22.645255], [120.294732, 22.644868], [120.295338, 22.644816], [120.295333, 22.644699], [120.29506, 22.644707], [120.295095, 22.644436], [120.29466, 22.64447], [120.294475, 22.644261], [120.294488, 22.64409], [120.294676, 22.644082], [120.294667, 22.643865], [120.294365, 22.643855], [120.294256, 22.643574], [120.29426, 22.643459], [120.294794, 22.643396], [120.294871, 22.643129], [120.295298, 22.64307], [120.295187, 22.641962], [120.294672, 22.642095], [120.294377, 22.642079], [120.29436, 22.641987], [120.29411, 22.642011], [120.294157, 22.642386], [120.294343, 22.642383], [120.294353, 22.642457], [120.294191, 22.642597], [120.294222, 22.642707], [120.293985, 22.642887], [120.293993, 22.643131], [120.293843, 22.643031], [120.293457, 22.643041], [120.293425, 22.642934], [120.292942, 22.642921], [120.292916, 22.642705], [120.292714, 22.642737], [120.292632, 22.642303], [120.292518, 22.642305], [120.292566, 22.642185], [120.292983, 22.642169], [120.292911, 22.642482], [120.292693, 22.642818], [120.292727, 22.643315], [120.292308, 22.643308], [120.292493, 22.643678], [120.292973, 22.643262], [120.293088, 22.643275], [120.293125, 22.64347], [120.293031, 22.643996], [120.292807, 22.644056], [120.292814, 22.644417], [120.292894, 22.644544], [120.293082, 22.644599], [120.29381, 22.644521], [120.293821, 22.64434], [120.293981, 22.644765], [120.293085, 22.644852], [120.293172, 22.645847], [120.293476, 22.645677], [120.292804, 22.644856], [120.292224, 22.644938], [120.292102, 22.645757], [120.292344, 22.645697], [120.292517, 22.644321], [120.292349, 22.644163], [120.292426, 22.642892], [120.29259, 22.642863], [120.292338, 22.642333], [120.292493, 22.642117], [120.293376, 22.642117], [120.293418, 22.642312], [120.293913, 22.642342], [120.293916, 22.642444], [120.293891, 22.642092], [120.293654, 22.6421], [120.29395, 22.642092], [120.293848, 22.642792], [120.293726, 22.642908], [120.293582, 22.642913], [120.293395, 22.642715], [120.293174, 22.643089], [120.293728, 22.643206], [120.29455, 22.643177], [120.294492, 22.643488], [120.294771, 22.643811], [120.295294, 22.643741], [120.295474, 22.645149], [120.294318, 22.644198], [120.294317, 22.644071], [120.295256, 22.643491], [120.295249, 22.643326], [120.295114, 22.643315], [120.29532, 22.643317], [120.294744, 22.642883], [120.294735, 22.642699], [120.291326, 22.643101], [120.29131, 22.643397], [120.291135, 22.643439], [120.291252, 22.643706], [120.291315, 22.644248], [120.290913, 22.644268], [120.290964, 22.644469], [120.291286, 22.644419], [120.291317, 22.644745], [120.291138, 22.644927], [120.290902, 22.644956], [120.290931, 22.645059], [120.291153, 22.645041], [120.291307, 22.645124], [120.291344, 22.645449], [120.291028, 22.645422], [120.291322, 22.645612], [120.291403, 22.646091], [120.291273, 22.64609], [120.291472, 22.647861], [120.290991, 22.647745], [120.290979, 22.646526], [120.291137, 22.646476], [120.290498, 22.646492], [120.29059, 22.647291], [120.290149, 22.647318], [120.29007, 22.646635], [120.290121, 22.646518], [120.290381, 22.646498], [120.290257, 22.646174], [120.289474, 22.646205], [120.28956, 22.64518], [120.289444, 22.645053], [120.289353, 22.64459], [120.289204, 22.644601], [120.289855, 22.644575], [120.28988, 22.644799], [120.290385, 22.644985], [120.290602, 22.644989], [120.290599, 22.64513], [120.2904, 22.645135], [120.290005, 22.645486], [120.290173, 22.644199], [120.289859, 22.644166], [120.289793, 22.64375], [120.289319, 22.643528], [120.288924, 22.643619], [120.28927, 22.643435], [120.289821, 22.642823], [120.289749, 22.642432], [120.290414, 22.642212], [120.290486, 22.642615], [120.290978, 22.64299], [120.291294, 22.643021], [120.291112, 22.642335], [120.291484, 22.639849], [120.290739, 22.63963], [120.290824, 22.639775], [120.291147, 22.639894], [120.291094, 22.640051], [120.290742, 22.639974], [120.290696, 22.6401], [120.290954, 22.640173], [120.290658, 22.640334], [120.290179, 22.640143], [120.290083, 22.640278], [120.289792, 22.640428], [120.289897, 22.64062], [120.290222, 22.640721], [120.290101, 22.640928], [120.28975, 22.6408], [120.289717, 22.640926], [120.289517, 22.641034], [120.289565, 22.64117], [120.289205, 22.641214], [120.289283, 22.641455], [120.288868, 22.641344], [120.2887, 22.641193], [120.28944, 22.640853], [120.289805, 22.641144], [120.28992, 22.641548], [120.289673, 22.641567], [120.289609, 22.641341], [120.289722, 22.64173], [120.289254, 22.641943], [120.289024, 22.642007], [120.288969, 22.64188], [120.28871, 22.641933], [120.288651, 22.641816], [120.288263, 22.641841], [120.288183, 22.641645], [120.288263, 22.641624], [120.288111, 22.641686], [120.287838, 22.641442], [120.287654, 22.641486], [120.288735, 22.642033], [120.290342, 22.643407], [120.290622, 22.643387], [120.290572, 22.644157], [120.28859, 22.64439], [120.288086, 22.643531], [120.287854, 22.644123], [120.287712, 22.644247], [120.287905, 22.644244], [120.287935, 22.644482], [120.287353, 22.644668], [120.287401, 22.644314], [120.287481, 22.644294], [120.286603, 22.644518], [120.288522, 22.644598], [120.288735, 22.647451], [120.289335, 22.647771], [120.28944, 22.647943], [120.289593, 22.64793], [120.289745, 22.647655], [120.29038, 22.647895], [120.29073, 22.647845], [120.29075, 22.648199], [120.29028, 22.648225], [120.290167, 22.648448], [120.29018, 22.648621], [120.289829, 22.648699], [120.289764, 22.648898], [120.29016, 22.648958], [120.290162, 22.6491], [120.290597, 22.649168], [120.291012, 22.64899], [120.291276, 22.649035], [120.291293, 22.648835], [120.291512, 22.648547], [120.291499, 22.648439], [120.291378, 22.648493], [120.291365, 22.648312], [120.291494, 22.648285], [120.291473, 22.648014], [120.291355, 22.648086], [120.291498, 22.648322], [120.291007, 22.648122], [120.289303, 22.648263], [120.289054, 22.647859], [120.288527, 22.647568], [120.288639, 22.6479], [120.28857, 22.648254], [120.287225, 22.648657], [120.286265, 22.648181], [120.285806, 22.648545], [120.28564, 22.648413], [120.286999, 22.649411], [120.288305, 22.649682], [120.289014, 22.649644]]}}, {"type": "Feature", "properties": {"district": "6400500", "segment": 47, "total_segments": 47, "km": 0.31, "villages": ["德西里"]}, "geometry": {"type": "LineString", "coordinates": [[120.290899, 22.641203], [120.290759, 22.641146], [120.290949, 22.640914], [120.290578, 22.640831], [120.290333, 22.64111], [120.289938, 22.641036], [120.290443, 22.639882]]}}]}