{"type": "FeatureCollection", "features": [{"type": "Feature", "properties": {"district": "6401800", "segment": 1, "total_segments": 20, "km": 14.99, "villages": ["仁美里"]}, "geometry": {"type": "LineString", "coordinates": [[120.373779, 22.649792], [120.373905, 22.649507], [120.37416, 22.649647], [120.374206, 22.650068], [120.374417, 22.650059], [120.373937, 22.650216], [120.37436, 22.650737], [120.374884, 22.650826], [120.374957, 22.651321], [120.37543, 22.65137], [120.375704, 22.651275], [120.375864, 22.651925], [120.376371, 22.652094], [120.37661, 22.65185], [120.376499, 22.651765], [120.376306, 22.652351], [120.377109, 22.652266], [120.377995, 22.652052], [120.377978, 22.651063], [120.377599, 22.650708], [120.37733, 22.650871], [120.377081, 22.650536], [120.376653, 22.650319], [120.37664, 22.650778], [120.377565, 22.650386], [120.378644, 22.650853], [120.379069, 22.651693], [120.379369, 22.651543], [120.380493, 22.651489], [120.380714, 22.651302], [120.3811, 22.651773], [120.38076, 22.650861], [120.381927, 22.650627], [120.382443, 22.651315], [120.382799, 22.650949], [120.382969, 22.651817], [120.383891, 22.651054], [120.3844, 22.65107], [120.386724, 22.652391], [120.387352, 22.652114], [120.387529, 22.653177], [120.387998, 22.653329], [120.388102, 22.653435], [120.388671, 22.653503], [120.388689, 22.653716], [120.388953, 22.653755], [120.388947, 22.653904], [120.389248, 22.653854], [120.38926, 22.653625], [120.389179, 22.653601], [120.389579, 22.653575], [120.389749, 22.653633], [120.389714, 22.653975], [120.389534, 22.653952], [120.389753, 22.653589], [120.3898, 22.653146], [120.390004, 22.653177], [120.389989, 22.653472], [120.390914, 22.653537], [120.390933, 22.653745], [120.390807, 22.653799], [120.39119, 22.653802], [120.39123, 22.654141], [120.390549, 22.654041], [120.390611, 22.653801], [120.390546, 22.653763], [120.390164, 22.653796], [120.390259, 22.654013], [120.390684, 22.653716], [120.391159, 22.65357], [120.391105, 22.653125], [120.391326, 22.653093], [120.39136, 22.653187], [120.3915, 22.653011], [120.392358, 22.652711], [120.391995, 22.652036], [120.391892, 22.652198], [120.391073, 22.652431], [120.391281, 22.652913], [120.392111, 22.652617], [120.391959, 22.652415], [120.391511, 22.652663], [120.3914, 22.652118], [120.390983, 22.652157], [120.390936, 22.65208], [120.390992, 22.652209], [120.390469, 22.651774], [120.390413, 22.651805], [120.39054, 22.65137], [120.390304, 22.650897], [120.390511, 22.650796], [120.390561, 22.650882], [120.390618, 22.650756], [120.390871, 22.651053], [120.391151, 22.650931], [120.391022, 22.650733], [120.390549, 22.651032], [120.390968, 22.651418], [120.392271, 22.651014], [120.392425, 22.650884], [120.39234, 22.65074], [120.392592, 22.650432], [120.392878, 22.650714], [120.392552, 22.650846], [120.39225, 22.650599], [120.391912, 22.650615], [120.392147, 22.649949], [120.392946, 22.650477], [120.392367, 22.650269], [120.392165, 22.650272], [120.391904, 22.650044], [120.391845, 22.649888], [120.392209, 22.649741], [120.392541, 22.649774], [120.392547, 22.649593], [120.39309, 22.649489], [120.393333, 22.64934], [120.393224, 22.648945], [120.392821, 22.648778], [120.393082, 22.648236], [120.392707, 22.647976], [120.392652, 22.647774], [120.392519, 22.648091], [120.393278, 22.64784], [120.393365, 22.647162], [120.394174, 22.646412], [120.394511, 22.64621], [120.394912, 22.646606], [120.395083, 22.646594], [120.395574, 22.645473], [120.39524, 22.645291], [120.395557, 22.645027], [120.395814, 22.645007], [120.396118, 22.645232], [120.396438, 22.645282], [120.396749, 22.645168], [120.397374, 22.645304], [120.397546, 22.645169], [120.397627, 22.645305], [120.397785, 22.645289], [120.398022, 22.645257], [120.398026, 22.645115], [120.398208, 22.645091], [120.398583, 22.645273], [120.399181, 22.645189], [120.399527, 22.645979], [120.399455, 22.646105], [120.399988, 22.646022], [120.400076, 22.645666], [120.400297, 22.645672], [120.400628, 22.646172], [120.401161, 22.646516], [120.401565, 22.647249], [120.400958, 22.648955], [120.400955, 22.64938], [120.398583, 22.650171], [120.398325, 22.650353], [120.398247, 22.650562], [120.398312, 22.650669], [120.397773, 22.650599], [120.397804, 22.650474], [120.397592, 22.650549], [120.397381, 22.650795], [120.397043, 22.650328], [120.396889, 22.650262], [120.396975, 22.6501], [120.397174, 22.649988], [120.397303, 22.649707], [120.397717, 22.649339], [120.397575, 22.649193], [120.397346, 22.649391], [120.397251, 22.649289], [120.397616, 22.648993], [120.397457, 22.648833], [120.396502, 22.649641], [120.396426, 22.649853], [120.396205, 22.649851], [120.395974, 22.649702], [120.395643, 22.649877], [120.395558, 22.650084], [120.395404, 22.650183], [120.395185, 22.650119], [120.394852, 22.650236], [120.39483, 22.650066], [120.394528, 22.650072], [120.394511, 22.649996], [120.394373, 22.650039], [120.394356, 22.649987], [120.394416, 22.65028], [120.394165, 22.650231], [120.393906, 22.650327], [120.393854, 22.650077], [120.393741, 22.650162], [120.393765, 22.650224], [120.394011, 22.649982], [120.394183, 22.649982], [120.394201, 22.649837], [120.394013, 22.649699], [120.394027, 22.649889], [120.39425, 22.649629], [120.394534, 22.64976], [120.394834, 22.649467], [120.394707, 22.649409], [120.395142, 22.64967], [120.395318, 22.649637], [120.395286, 22.64978], [120.394836, 22.649771], [120.394757, 22.649931], [120.394891, 22.650061], [120.395194, 22.650032], [120.395552, 22.65048], [120.39534, 22.651111], [120.39582, 22.651323], [120.395944, 22.651734], [120.395725, 22.652521], [120.396236, 22.652496], [120.396332, 22.653702], [120.396155, 22.653665], [120.396144, 22.652827], [120.395842, 22.652836], [120.395855, 22.652713], [120.396111, 22.652714], [120.395108, 22.652611], [120.394609, 22.652686], [120.394189, 22.652822], [120.393727, 22.653117], [120.393768, 22.653197], [120.393536, 22.653207], [120.39342, 22.652978], [120.393453, 22.652525], [120.393353, 22.652405], [120.393088, 22.652491], [120.393203, 22.652638], [120.392655, 22.652173], [120.392518, 22.652218], [120.392964, 22.651628], [120.392787, 22.651299], [120.392504, 22.651483], [120.392189, 22.651443], [120.391586, 22.650271], [120.39164, 22.650025], [120.391803, 22.649901], [120.391804, 22.649382], [120.392266, 22.649314], [120.391798, 22.6492], [120.391749, 22.648591], [120.390572, 22.648698], [120.390557, 22.64806], [120.390973, 22.647924], [120.391067, 22.647491], [120.389908, 22.647366], [120.389419, 22.646835], [120.389098, 22.646734], [120.389093, 22.646372], [120.388571, 22.646082], [120.3886, 22.646025], [120.38848, 22.646039], [120.388101, 22.645844], [120.388107, 22.645661], [120.387764, 22.64609], [120.387519, 22.645912], [120.387457, 22.645541], [120.387345, 22.645496], [120.387168, 22.645699], [120.386185, 22.645122], [120.386228, 22.644765], [120.385728, 22.645239], [120.385293, 22.645005], [120.385111, 22.645459], [120.385224, 22.645471], [120.385179, 22.645642], [120.384812, 22.64559], [120.384722, 22.645858], [120.384904, 22.64591], [120.384966, 22.646051], [120.385026, 22.646075], [120.385146, 22.645922], [120.385157, 22.645793], [120.384907, 22.645796], [120.384977, 22.645441], [120.384847, 22.64542], [120.384802, 22.645224], [120.384632, 22.645171], [120.384592, 22.64543], [120.384186, 22.645423], [120.384102, 22.645175], [120.383885, 22.645046], [120.384182, 22.644255], [120.383853, 22.64411], [120.383748, 22.643774], [120.383999, 22.64352], [120.384682, 22.643454], [120.384794, 22.64372], [120.384655, 22.643927], [120.384959, 22.644117], [120.384847, 22.644505], [120.38497, 22.644907], [120.385349, 22.644655], [120.38545, 22.64472], [120.385808, 22.645585], [120.385676, 22.646075], [120.385299, 22.645988], [120.385174, 22.646168], [120.385118, 22.64614], [120.385023, 22.64643], [120.384877, 22.646394], [120.385406, 22.645812], [120.385805, 22.64636], [120.385791, 22.646483], [120.386238, 22.645838], [120.386162, 22.645497], [120.387166, 22.645095], [120.387892, 22.646158], [120.388172, 22.646289], [120.387928, 22.646646], [120.387585, 22.646882], [120.387889, 22.646953], [120.387844, 22.647201], [120.388062, 22.647434], [120.388559, 22.647714], [120.388523, 22.647884]]}}, {"type": "Feature", "properties": {"district": "6401800", "segment": 2, "total_segments": 20, "km": 14.91, "villages": ["仁美里"]}, "geometry": {"type": "LineString", "coordinates": [[120.388617, 22.647992], [120.388885, 22.647966], [120.388025, 22.648445], [120.38706, 22.648181], [120.386404, 22.648639], [120.386485, 22.648752], [120.387057, 22.64834], [120.387346, 22.648723], [120.387177, 22.648731], [120.386724, 22.649019], [120.386737, 22.649397], [120.387131, 22.649211], [120.387326, 22.649591], [120.386955, 22.649983], [120.386681, 22.649986], [120.385732, 22.649142], [120.385603, 22.649244], [120.384951, 22.648632], [120.385139, 22.648501], [120.38508, 22.648153], [120.385494, 22.647876], [120.386019, 22.647852], [120.386015, 22.648132], [120.386261, 22.648192], [120.386329, 22.648328], [120.38619, 22.648421], [120.386233, 22.648494], [120.386987, 22.648048], [120.386902, 22.647963], [120.386377, 22.648299], [120.386217, 22.647387], [120.386488, 22.64732], [120.387127, 22.646936], [120.386951, 22.64677], [120.387277, 22.646711], [120.387712, 22.647535], [120.389593, 22.645784], [120.38893, 22.64522], [120.3891, 22.644453], [120.388883, 22.644347], [120.389648, 22.64402], [120.389548, 22.644631], [120.390326, 22.644232], [120.390715, 22.644138], [120.390887, 22.643859], [120.390846, 22.643691], [120.391052, 22.644014], [120.391361, 22.644087], [120.391592, 22.644028], [120.391655, 22.644126], [120.391899, 22.643954], [120.392004, 22.644149], [120.391826, 22.644181], [120.391528, 22.643915], [120.391619, 22.64337], [120.391771, 22.643359], [120.393553, 22.644177], [120.393358, 22.644597], [120.393207, 22.644745], [120.39336, 22.645023], [120.393986, 22.645296], [120.394, 22.645513], [120.394375, 22.645502], [120.394807, 22.645256], [120.393696, 22.644801], [120.393416, 22.645668], [120.393584, 22.645731], [120.391156, 22.64626], [120.390419, 22.645188], [120.391093, 22.644959], [120.389433, 22.643189], [120.388718, 22.643579], [120.387927, 22.64291], [120.387368, 22.64284], [120.387247, 22.642667], [120.386936, 22.642785], [120.386396, 22.642467], [120.386428, 22.642404], [120.386248, 22.642482], [120.38634, 22.642532], [120.386153, 22.64242], [120.386035, 22.642712], [120.385207, 22.642546], [120.385165, 22.64276], [120.384732, 22.642744], [120.384494, 22.642643], [120.384331, 22.64246], [120.384022, 22.64248], [120.381583, 22.641009], [120.381931, 22.640865], [120.383059, 22.641505], [120.382931, 22.641686], [120.383047, 22.64176], [120.383462, 22.641187], [120.383332, 22.641106], [120.383373, 22.641045], [120.383081, 22.641473], [120.38311, 22.64115], [120.382592, 22.640847], [120.382072, 22.640569], [120.38153, 22.640606], [120.381791, 22.641379], [120.381296, 22.641936], [120.380889, 22.64155], [120.380355, 22.641863], [120.380869, 22.642558], [120.381497, 22.64255], [120.382001, 22.642831], [120.382304, 22.643159], [120.382891, 22.6435], [120.383076, 22.643597], [120.383332, 22.643575], [120.383521, 22.643282], [120.383659, 22.643364], [120.384038, 22.642662], [120.384102, 22.642701], [120.383418, 22.642312], [120.382996, 22.642979], [120.382657, 22.642793], [120.383123, 22.642112], [120.383299, 22.642248], [120.383184, 22.642309], [120.382873, 22.642773], [120.383029, 22.642998], [120.383485, 22.64326], [120.383809, 22.642671], [120.383677, 22.642597], [120.383368, 22.643059], [120.383191, 22.642955], [120.383927, 22.641983], [120.384069, 22.642076], [120.38392, 22.642277], [120.384046, 22.642349], [120.384265, 22.642019], [120.38386, 22.641777], [120.383635, 22.64211], [120.383471, 22.642016], [120.383815, 22.641537], [120.383647, 22.641488], [120.383347, 22.64194], [120.382969, 22.642019], [120.382531, 22.642713], [120.382435, 22.642409], [120.38199, 22.642394], [120.381669, 22.643275], [120.38201, 22.644171], [120.38214, 22.644128], [120.382419, 22.644198], [120.38285, 22.644526], [120.382886, 22.644188], [120.383153, 22.644304], [120.384419, 22.644257], [120.383209, 22.646067], [120.383182, 22.646755], [120.383276, 22.646938], [120.383077, 22.647314], [120.382388, 22.646705], [120.382508, 22.646419], [120.382002, 22.647354], [120.381009, 22.648179], [120.380662, 22.647997], [120.380426, 22.647589], [120.379568, 22.647068], [120.379262, 22.647606], [120.379234, 22.647818], [120.379394, 22.648922], [120.377412, 22.649002], [120.375937, 22.648295], [120.37608, 22.648025], [120.37484, 22.647974], [120.37485, 22.649769], [120.372505, 22.650485], [120.376248, 22.646259], [120.376378, 22.646167], [120.376679, 22.646232], [120.37707, 22.646001], [120.377232, 22.645696], [120.37741, 22.645145], [120.377209, 22.645068], [120.377034, 22.645367], [120.377262, 22.644796], [120.377785, 22.644156], [120.378193, 22.643189], [120.377965, 22.643098], [120.37766, 22.643153], [120.377852, 22.643516], [120.377676, 22.643919], [120.37709, 22.643983], [120.376606, 22.644266], [120.376471, 22.643703], [120.376571, 22.643331], [120.377009, 22.643325], [120.376102, 22.643171], [120.375964, 22.643487], [120.375534, 22.643488], [120.37541, 22.643418], [120.376471, 22.641875], [120.37664, 22.642073], [120.37681, 22.642091], [120.377017, 22.641938], [120.37716, 22.641999], [120.377362, 22.641798], [120.376632, 22.641439], [120.377218, 22.640958], [120.377507, 22.640255], [120.377638, 22.64034], [120.377358, 22.641038], [120.378039, 22.640832], [120.378555, 22.641067], [120.378927, 22.640954], [120.378741, 22.640462], [120.378488, 22.640339], [120.378135, 22.639768], [120.377677, 22.639771], [120.377445, 22.639539], [120.377245, 22.639623], [120.377096, 22.639858], [120.377155, 22.6402], [120.37751, 22.640072], [120.377774, 22.640233], [120.377765, 22.639183], [120.38014, 22.640161], [120.378572, 22.641547], [120.378623, 22.641729], [120.378552, 22.641897], [120.378322, 22.641748], [120.378105, 22.642035], [120.378705, 22.642243], [120.378425, 22.642885], [120.37848, 22.643096], [120.37843, 22.643923], [120.378075, 22.644371]]}}, {"type": "Feature", "properties": {"district": "6401800", "segment": 3, "total_segments": 20, "km": 14.94, "villages": ["仁美里"]}, "geometry": {"type": "LineString", "coordinates": [[120.380039, 22.644672], [120.380954, 22.645545], [120.381467, 22.645428], [120.381665, 22.64574], [120.379999, 22.646073], [120.379877, 22.646301], [120.378453, 22.646389], [120.378191, 22.646646], [120.378008, 22.646624], [120.378457, 22.646952], [120.37561, 22.645492], [120.377812, 22.642044], [120.377519, 22.64183], [120.378035, 22.641611], [120.383878, 22.641744], [120.383941, 22.641658], [120.38517, 22.641755], [120.385234, 22.642079], [120.385542, 22.642074], [120.38757, 22.643576], [120.384166, 22.647201], [120.383832, 22.647359], [120.384402, 22.647646], [120.384201, 22.648009], [120.3848, 22.648739], [120.384572, 22.648891], [120.384781, 22.649357], [120.385099, 22.649775], [120.385016, 22.649968], [120.385362, 22.649858], [120.384548, 22.650064], [120.383493, 22.649477], [120.383254, 22.649619], [120.382818, 22.649564], [120.382795, 22.649893], [120.383029, 22.649241], [120.382866, 22.649124], [120.382617, 22.649134], [120.382157, 22.648631], [120.381501, 22.649263], [120.381386, 22.649162], [120.381183, 22.652881], [120.37915, 22.653764], [120.378341, 22.653661], [120.378299, 22.653752], [120.377981, 22.653675], [120.377564, 22.653721], [120.37829, 22.653299], [120.378539, 22.652979], [120.385462, 22.653225], [120.386593, 22.65388], [120.387725, 22.653621], [120.388093, 22.653782], [120.388206, 22.653755], [120.388076, 22.653659], [120.388966, 22.65368], [120.389052, 22.653197], [120.389351, 22.653121], [120.389332, 22.653398], [120.389247, 22.653395], [120.389521, 22.653406], [120.390032, 22.653077], [120.390165, 22.653073], [120.390222, 22.653207], [120.390802, 22.653184], [120.391188, 22.65372], [120.391281, 22.654349], [120.39171, 22.654982], [120.391365, 22.654962], [120.391256, 22.655225], [120.391389, 22.655344], [120.391603, 22.6552], [120.391901, 22.655375], [120.392028, 22.655277], [120.39183, 22.655018], [120.391787, 22.655128], [120.39203, 22.654969], [120.392284, 22.655068], [120.392453, 22.65486], [120.392835, 22.654784], [120.392832, 22.654472], [120.39302, 22.654584], [120.393152, 22.654565], [120.393097, 22.654638], [120.393181, 22.654743], [120.392926, 22.655064], [120.393149, 22.655279], [120.393418, 22.65516], [120.393404, 22.655044], [120.393442, 22.655444], [120.393748, 22.655402], [120.393722, 22.6555], [120.393996, 22.655474], [120.393955, 22.65513], [120.394151, 22.655088], [120.394138, 22.654875], [120.394064, 22.654874], [120.394096, 22.654749], [120.393983, 22.654434], [120.393864, 22.654382], [120.393894, 22.654256], [120.393755, 22.653772], [120.393657, 22.653883], [120.393366, 22.653983], [120.393393, 22.654059], [120.393978, 22.653917], [120.393918, 22.653692], [120.394102, 22.65367], [120.394234, 22.653511], [120.394346, 22.653498], [120.394434, 22.6533], [120.394109, 22.65301], [120.394026, 22.653056], [120.394128, 22.653191], [120.394344, 22.653033], [120.39426, 22.652914], [120.394394, 22.65311], [120.394793, 22.653259], [120.394972, 22.653239], [120.394681, 22.653561], [120.394507, 22.65364], [120.394286, 22.653985], [120.394205, 22.653916], [120.394234, 22.653849], [120.394046, 22.65411], [120.39432, 22.65465], [120.394327, 22.654865], [120.394167, 22.655171], [120.394406, 22.655541], [120.394588, 22.655371], [120.394719, 22.655457], [120.394558, 22.655216], [120.394211, 22.655356], [120.394, 22.655549], [120.394001, 22.655818], [120.394075, 22.655929], [120.394246, 22.655756], [120.39381, 22.655718], [120.393756, 22.656023], [120.393594, 22.656168], [120.393222, 22.656226], [120.393119, 22.656379], [120.393144, 22.656499], [120.39334, 22.656515], [120.393345, 22.656639], [120.393492, 22.65671], [120.393726, 22.656637], [120.393661, 22.656482], [120.393866, 22.656382], [120.393948, 22.656587], [120.394156, 22.656518], [120.39427, 22.656568], [120.394466, 22.657046], [120.394654, 22.656971], [120.394696, 22.657021], [120.394417, 22.656547], [120.394434, 22.656313], [120.394561, 22.656203], [120.395231, 22.656195], [120.39537, 22.65613], [120.395442, 22.656837], [120.39518, 22.656448], [120.394728, 22.656482], [120.394931, 22.655888], [120.395319, 22.655889], [120.395315, 22.655674], [120.395001, 22.655677], [120.394891, 22.655864], [120.394811, 22.655831], [120.395199, 22.655543], [120.395191, 22.65544], [120.395447, 22.655417], [120.395447, 22.655525], [120.395542, 22.655523], [120.395543, 22.655418], [120.395582, 22.655656], [120.395355, 22.655671], [120.395657, 22.655648], [120.395954, 22.655836], [120.396276, 22.655265], [120.396211, 22.654979], [120.396916, 22.65523], [120.39701, 22.655624], [120.39666, 22.655932], [120.397544, 22.656359], [120.397496, 22.656528], [120.397788, 22.656642], [120.398206, 22.65622], [120.39845, 22.656456], [120.398761, 22.656231], [120.398842, 22.656691], [120.399913, 22.657695], [120.400694, 22.657917], [120.401354, 22.658405], [120.401654, 22.657168], [120.40152, 22.656287], [120.400489, 22.656187], [120.400301, 22.655715], [120.399796, 22.655863], [120.399647, 22.6561], [120.398558, 22.654797], [120.397464, 22.654891], [120.397839, 22.655762], [120.397593, 22.657128], [120.397415, 22.657244], [120.396466, 22.657293], [120.394911, 22.657698], [120.394796, 22.657381], [120.394645, 22.657478], [120.394723, 22.657714], [120.394642, 22.657811], [120.393675, 22.658025], [120.3933, 22.657387], [120.393256, 22.657021], [120.393509, 22.656998], [120.393383, 22.656846], [120.393064, 22.656857], [120.393058, 22.656992], [120.39297, 22.656866], [120.392878, 22.656943], [120.392716, 22.656805], [120.392622, 22.656829], [120.392618, 22.65705], [120.392744, 22.657298], [120.392965, 22.657405], [120.393423, 22.657239], [120.393475, 22.657364], [120.393559, 22.657234], [120.393787, 22.657426], [120.393671, 22.657565], [120.393676, 22.657724], [120.393821, 22.657701], [120.393854, 22.657819], [120.394406, 22.657685], [120.394262, 22.657534], [120.394542, 22.657484], [120.394378, 22.657392], [120.394034, 22.657406], [120.394143, 22.657579], [120.393924, 22.657583], [120.393805, 22.657831], [120.393383, 22.65789], [120.393379, 22.658088], [120.392345, 22.658285], [120.391415, 22.658366], [120.391487, 22.658239], [120.391467, 22.658031], [120.391569, 22.658078], [120.391937, 22.658009], [120.391888, 22.657817], [120.39227, 22.65771], [120.392305, 22.658026], [120.392615, 22.65792], [120.392764, 22.657971], [120.392872, 22.657621], [120.392393, 22.657585], [120.3924, 22.65747], [120.392218, 22.657395], [120.392136, 22.657179], [120.39203, 22.657173], [120.391994, 22.657433], [120.391722, 22.657466], [120.391672, 22.65735], [120.39136, 22.657548], [120.391379, 22.657693], [120.391292, 22.657808], [120.391172, 22.657783], [120.391195, 22.657946], [120.391015, 22.657988], [120.39108, 22.658345], [120.391215, 22.658219], [120.390745, 22.658246], [120.390898, 22.657736], [120.390343, 22.657764], [120.390332, 22.657877], [120.390449, 22.657887], [120.390569, 22.65803], [120.390424, 22.658155], [120.388725, 22.658026], [120.388286, 22.658106], [120.38855, 22.657745], [120.389099, 22.657824], [120.389118, 22.657668], [120.388385, 22.657555], [120.388419, 22.657341], [120.389144, 22.65737], [120.389161, 22.657227]]}}, {"type": "Feature", "properties": {"district": "6401800", "segment": 4, "total_segments": 20, "km": 14.69, "villages": ["仁美里"]}, "geometry": {"type": "LineString", "coordinates": [[120.388389, 22.657154], [120.38842, 22.656963], [120.38918, 22.657004], [120.389184, 22.656873], [120.388355, 22.656808], [120.388373, 22.65696], [120.388419, 22.656571], [120.389409, 22.656642], [120.389291, 22.657933], [120.389412, 22.657942], [120.389516, 22.657025], [120.390073, 22.657071], [120.39011, 22.65696], [120.389504, 22.656907], [120.389528, 22.65665], [120.390134, 22.656702], [120.390121, 22.656799], [120.390253, 22.65683], [120.390116, 22.658014], [120.38999, 22.657996], [120.390082, 22.657204], [120.389672, 22.657266], [120.389661, 22.657405], [120.389859, 22.657422], [120.389827, 22.657718], [120.389629, 22.657695], [120.389618, 22.657828], [120.389815, 22.657842], [120.390373, 22.657477], [120.3908, 22.657528], [120.39084, 22.657366], [120.390389, 22.657314], [120.390403, 22.657117], [120.390898, 22.657165], [120.390928, 22.656991], [120.390421, 22.656969], [120.390482, 22.656754], [120.390717, 22.656769], [120.390693, 22.656635], [120.390454, 22.656606], [120.390439, 22.656747], [120.390258, 22.656793], [120.390289, 22.65624], [120.390837, 22.656285], [120.390789, 22.6564], [120.390165, 22.656334], [120.390136, 22.656603], [120.390049, 22.656595], [120.390092, 22.656219], [120.390173, 22.656227], [120.390193, 22.656044], [120.390106, 22.656041], [120.390468, 22.656069], [120.39104, 22.655951], [120.390992, 22.655822], [120.391404, 22.655711], [120.391375, 22.655615], [120.391553, 22.655726], [120.391666, 22.65565], [120.391641, 22.655485], [120.392218, 22.655834], [120.392316, 22.655658], [120.392152, 22.655561], [120.392203, 22.655516], [120.392154, 22.655321], [120.392649, 22.655092], [120.392708, 22.655272], [120.392592, 22.655334], [120.392705, 22.655535], [120.392985, 22.655358], [120.393122, 22.655563], [120.393148, 22.655741], [120.392932, 22.6558], [120.392874, 22.655686], [120.392603, 22.655579], [120.392426, 22.655845], [120.392617, 22.655882], [120.392669, 22.656019], [120.392789, 22.65592], [120.392873, 22.65635], [120.392544, 22.656416], [120.39252, 22.656308], [120.39234, 22.656232], [120.392318, 22.655927], [120.392074, 22.655952], [120.392167, 22.656117], [120.392005, 22.65631], [120.392316, 22.656382], [120.392291, 22.656645], [120.392444, 22.656652], [120.392434, 22.656812], [120.392256, 22.656828], [120.392111, 22.657059], [120.392002, 22.656949], [120.391624, 22.657022], [120.3919, 22.656452], [120.391836, 22.656386], [120.391923, 22.656112], [120.392474, 22.656582], [120.392688, 22.656621], [120.392757, 22.656521], [120.392892, 22.656761], [120.39299, 22.656715], [120.392995, 22.656361], [120.393155, 22.656039], [120.393498, 22.655972], [120.393416, 22.6558], [120.39327, 22.655762], [120.393265, 22.65586], [120.393805, 22.654944], [120.393685, 22.654858], [120.39381, 22.654768], [120.393764, 22.654614], [120.393945, 22.654877], [120.393305, 22.654748], [120.393317, 22.654489], [120.393151, 22.654273], [120.393357, 22.654072], [120.393529, 22.654287], [120.393995, 22.654049], [120.394194, 22.654229], [120.394404, 22.654244], [120.39452, 22.654034], [120.394676, 22.654086], [120.394824, 22.653861], [120.39472, 22.653782], [120.394775, 22.653647], [120.394949, 22.653575], [120.395053, 22.653762], [120.395356, 22.653864], [120.394596, 22.653885], [120.393923, 22.653422], [120.393633, 22.653434], [120.393425, 22.653335], [120.393003, 22.65359], [120.392894, 22.654047], [120.392814, 22.654091], [120.392218, 22.653647], [120.391915, 22.654634], [120.390739, 22.656616], [120.391016, 22.656995], [120.390995, 22.657426], [120.39152, 22.657775], [120.391564, 22.657887], [120.391692, 22.657881], [120.391746, 22.657718], [120.391605, 22.657656], [120.391407, 22.657938], [120.391687, 22.658182], [120.392443, 22.657165], [120.392383, 22.656999], [120.392507, 22.656971], [120.393341, 22.657737], [120.39337, 22.657849], [120.394098, 22.657107], [120.394029, 22.656837], [120.394143, 22.656805], [120.393709, 22.656916], [120.389527, 22.655563], [120.388902, 22.655507], [120.38889, 22.655636], [120.3894, 22.655676], [120.389265, 22.65585], [120.388581, 22.655791], [120.388651, 22.655599], [120.38879, 22.655613], [120.388415, 22.656255], [120.388388, 22.656446], [120.388314, 22.65644], [120.388665, 22.656473], [120.38838, 22.656568], [120.388185, 22.656546], [120.389589, 22.652201], [120.389671, 22.652147], [120.389497, 22.652041], [120.389057, 22.651456], [120.388852, 22.6517], [120.389524, 22.651768], [120.389899, 22.651561], [120.389867, 22.651368], [120.390193, 22.651162], [120.38994, 22.650785], [120.389544, 22.651084], [120.389136, 22.650754], [120.388971, 22.65072], [120.389074, 22.650214], [120.39029, 22.650614], [120.390557, 22.650485], [120.390221, 22.651203], [120.39276, 22.649918], [120.393348, 22.649979], [120.39326, 22.65019], [120.393585, 22.649772], [120.3942, 22.649586], [120.394711, 22.649107], [120.395098, 22.649037], [120.395487, 22.649149], [120.39567, 22.649052], [120.395577, 22.648958], [120.396074, 22.649544], [120.396006, 22.649646], [120.395534, 22.649371], [120.395421, 22.64944], [120.395326, 22.649314], [120.395205, 22.649292], [120.395224, 22.649386], [120.395082, 22.649396], [120.394898, 22.649277], [120.395083, 22.64924], [120.39505, 22.6486], [120.395429, 22.648486], [120.395085, 22.648197], [120.396454, 22.647624], [120.39637, 22.647323], [120.396112, 22.647308], [120.39623, 22.647071], [120.396551, 22.648028], [120.396877, 22.648451], [120.396776, 22.648557], [120.397049, 22.648748], [120.397277, 22.648622], [120.397474, 22.64835], [120.397783, 22.648564], [120.398384, 22.64974], [120.398277, 22.649979], [120.397224, 22.649496], [120.397025, 22.649678], [120.396861, 22.649532], [120.397125, 22.649403], [120.396753, 22.649018], [120.396928, 22.648866], [120.396117, 22.649527], [120.396828, 22.649912], [120.396787, 22.650581], [120.396325, 22.650443], [120.394688, 22.65069], [120.394046, 22.651021], [120.394587, 22.651288], [120.39469, 22.651568], [120.394377, 22.651575], [120.39418, 22.651907], [120.393916, 22.651834], [120.393872, 22.65172], [120.393631, 22.65187], [120.393878, 22.64865], [120.393607, 22.648583], [120.397519, 22.647878], [120.397891, 22.647529], [120.398445, 22.647401], [120.398412, 22.646888], [120.397438, 22.647201], [120.398362, 22.645681], [120.399573, 22.646776], [120.399963, 22.644718], [120.399964, 22.643948], [120.400629, 22.643553], [120.397473, 22.651672], [120.399303, 22.658649], [120.399728, 22.658672], [120.399737, 22.658566]]}}, {"type": "Feature", "properties": {"district": "6401800", "segment": 5, "total_segments": 20, "km": 14.94, "villages": ["華美里"]}, "geometry": {"type": "LineString", "coordinates": [[120.399565, 22.65981], [120.399657, 22.660167], [120.399165, 22.659982], [120.400231, 22.660627], [120.40049, 22.661361], [120.400288, 22.661816], [120.400672, 22.662456], [120.400706, 22.662947], [120.399999, 22.663771], [120.398831, 22.663654], [120.399514, 22.665319], [120.399304, 22.665734], [120.399679, 22.665839], [120.399782, 22.665782], [120.400012, 22.665944], [120.400174, 22.665573], [120.400569, 22.665667], [120.40035, 22.666053], [120.400844, 22.6661], [120.401367, 22.666369], [120.401797, 22.666414], [120.4004, 22.664814], [120.39966, 22.667075], [120.399024, 22.667403], [120.400157, 22.667864], [120.398319, 22.670455], [120.396811, 22.672273], [120.397709, 22.672836], [120.393393, 22.663991], [120.394002, 22.663436], [120.393929, 22.662867], [120.394317, 22.662818], [120.394282, 22.662601], [120.393942, 22.662705], [120.39318, 22.662749], [120.393224, 22.663034], [120.393344, 22.662919], [120.393833, 22.662845], [120.39377, 22.662504], [120.393158, 22.662556], [120.393126, 22.662372], [120.394268, 22.662251], [120.394238, 22.662439], [120.393817, 22.662474], [120.39379, 22.662117], [120.393231, 22.662193], [120.393228, 22.662058], [120.394181, 22.661918], [120.394189, 22.662106], [120.393849, 22.66211], [120.393787, 22.661746], [120.393044, 22.661856], [120.393009, 22.66167], [120.394065, 22.661512], [120.394102, 22.661753], [120.393839, 22.661737], [120.393714, 22.661374], [120.392955, 22.661479], [120.392821, 22.661697], [120.393025, 22.663063], [120.392812, 22.662622], [120.392398, 22.662668], [120.39232, 22.662174], [120.392739, 22.662134], [120.392766, 22.662289], [120.392474, 22.662327], [120.392508, 22.662524], [120.392796, 22.662484], [120.393164, 22.662601], [120.393056, 22.661908], [120.39228, 22.661957], [120.392257, 22.661778], [120.392391, 22.661822], [120.392674, 22.661736], [120.392536, 22.661538], [120.392179, 22.661624], [120.392106, 22.660759], [120.392519, 22.660745], [120.392531, 22.660874], [120.392277, 22.660917], [120.392303, 22.661096], [120.392561, 22.661054], [120.39258, 22.661188], [120.391817, 22.661296], [120.391792, 22.661001], [120.391664, 22.660994], [120.391598, 22.661138], [120.391681, 22.660558], [120.391824, 22.660583], [120.391982, 22.661151], [120.391801, 22.660855], [120.391812, 22.660428], [120.39246, 22.6604], [120.392435, 22.660263], [120.392136, 22.660305], [120.392113, 22.660146], [120.391991, 22.660163], [120.39195, 22.660021], [120.392389, 22.659967], [120.392408, 22.660104], [120.39217, 22.660137], [120.392122, 22.659831], [120.391947, 22.659855], [120.391882, 22.65974], [120.391805, 22.659265], [120.391664, 22.659285], [120.391773, 22.65988], [120.390909, 22.659885], [120.390925, 22.658959], [120.391075, 22.658709], [120.391205, 22.658614], [120.39134, 22.658675], [120.391772, 22.658542], [120.392807, 22.658432], [120.393025, 22.658785], [120.393105, 22.65878], [120.393112, 22.658887], [120.392695, 22.658977], [120.392713, 22.659108], [120.393116, 22.659061], [120.393045, 22.659232], [120.392729, 22.65929], [120.392755, 22.659406], [120.392963, 22.659365], [120.392911, 22.659593], [120.392792, 22.659612], [120.392816, 22.659722], [120.392947, 22.659698], [120.393037, 22.660153], [120.392736, 22.6602], [120.392682, 22.659725], [120.392508, 22.659751], [120.392745, 22.661212], [120.392902, 22.661195], [120.392757, 22.660336], [120.393097, 22.660312], [120.393126, 22.660476], [120.392947, 22.660508], [120.39296, 22.66066], [120.393814, 22.660558], [120.39397, 22.660532], [120.393972, 22.660405], [120.394117, 22.660283], [120.395338, 22.660004], [120.395518, 22.660337], [120.395477, 22.660375], [120.394878, 22.66066], [120.394817, 22.660222], [120.395041, 22.660204], [120.39507, 22.6604], [120.395163, 22.660343], [120.395143, 22.660186], [120.395269, 22.659855], [120.395232, 22.659599], [120.394044, 22.659775], [120.394068, 22.659943], [120.395157, 22.659791], [120.395499, 22.659843], [120.39533, 22.658957], [120.395186, 22.659098], [120.395197, 22.659362], [120.39502, 22.659458], [120.394708, 22.659473], [120.394674, 22.659288], [120.394887, 22.659236], [120.395111, 22.65903], [120.394488, 22.65947], [120.394048, 22.659523], [120.394328, 22.659249], [120.393607, 22.659602], [120.393472, 22.659574], [120.393449, 22.659646], [120.393383, 22.659595], [120.393312, 22.659668], [120.393253, 22.659616], [120.393182, 22.659694], [120.393122, 22.659638], [120.393214, 22.659203], [120.393156, 22.65888], [120.392667, 22.658823], [120.39277, 22.658702], [120.392496, 22.658729], [120.392553, 22.659019], [120.392394, 22.659039], [120.392307, 22.658667], [120.392177, 22.658703], [120.39221, 22.658898], [120.392082, 22.658917], [120.39211, 22.659055], [120.392231, 22.659047], [120.39226, 22.659178], [120.391963, 22.659221], [120.392069, 22.659307], [120.392135, 22.659667], [120.392082, 22.65968], [120.39231, 22.659644], [120.392204, 22.659285], [120.392394, 22.659261], [120.392459, 22.659631], [120.392354, 22.659788], [120.391432, 22.659756], [120.391072, 22.659675], [120.391071, 22.659511], [120.391544, 22.65946], [120.391563, 22.659573], [120.391427, 22.65959], [120.39137, 22.659295], [120.391656, 22.659243], [120.391606, 22.659119], [120.391084, 22.659183], [120.391081, 22.65932], [120.391244, 22.659324], [120.391798, 22.659085], [120.39205, 22.659064], [120.391901, 22.65883], [120.391899, 22.658676], [120.39186, 22.658852], [120.391722, 22.658951], [120.392385, 22.659216], [120.392483, 22.658644], [120.390895, 22.658471], [120.390794, 22.658523], [120.390688, 22.658455], [120.390731, 22.658397], [120.390753, 22.658589], [120.390572, 22.658686], [120.390469, 22.658397], [120.390019, 22.658302], [120.388646, 22.658245], [120.388399, 22.658299], [120.388928, 22.658404], [120.38892, 22.658585], [120.389055, 22.658592], [120.389053, 22.658666], [120.389059, 22.658413], [120.38932, 22.658423], [120.389306, 22.658815], [120.390714, 22.658881], [120.390699, 22.659015], [120.389036, 22.658967], [120.389017, 22.659288], [120.388866, 22.65923], [120.389003, 22.659449], [120.39073, 22.659503], [120.390688, 22.659176], [120.390767, 22.659018], [120.390435, 22.659165], [120.390428, 22.659322], [120.390167, 22.659326], [120.390165, 22.659139], [120.38987, 22.659134], [120.389864, 22.659315], [120.389746, 22.659087], [120.38951, 22.65929], [120.389305, 22.659298], [120.389309, 22.659114], [120.389108, 22.658777], [120.389457, 22.658651], [120.389465, 22.658426], [120.389725, 22.658469], [120.389717, 22.658659], [120.389888, 22.658634], [120.389845, 22.659642], [120.390741, 22.659649], [120.390706, 22.660163], [120.390906, 22.660177], [120.390903, 22.66029], [120.391859, 22.660293], [120.391672, 22.660423], [120.391, 22.6604], [120.39123, 22.660584], [120.391379, 22.660553], [120.391378, 22.660625], [120.391537, 22.660112], [120.390908, 22.660065], [120.390908, 22.66014], [120.39091, 22.659925], [120.390316, 22.659904], [120.390321, 22.659791], [120.390128, 22.659785], [120.390126, 22.659896], [120.389871, 22.659889], [120.389873, 22.659778], [120.389734, 22.659865], [120.388986, 22.659829], [120.389002, 22.659615], [120.389747, 22.659637], [120.389727, 22.660009], [120.389145, 22.659993], [120.389395, 22.660129], [120.389394, 22.660239], [120.388897, 22.659605], [120.388775, 22.659601], [120.392178, 22.660603], [120.392499, 22.660566], [120.392997, 22.660826], [120.393172, 22.660797], [120.393201, 22.66096], [120.393022, 22.660984], [120.393047, 22.661163], [120.394054, 22.660988], [120.39399, 22.660678], [120.393356, 22.66084]]}}, {"type": "Feature", "properties": {"district": "6401800", "segment": 6, "total_segments": 20, "km": 14.49, "villages": ["華美里", "大竹里"]}, "geometry": {"type": "LineString", "coordinates": [[120.39388, 22.661352], [120.394264, 22.661293], [120.394522, 22.661153], [120.39461, 22.661496], [120.394307, 22.661528], [120.394326, 22.661686], [120.394782, 22.661606], [120.394656, 22.661488], [120.395018, 22.661373], [120.394789, 22.661831], [120.394358, 22.661892], [120.394398, 22.662064], [120.39492, 22.661953], [120.394975, 22.662155], [120.3951, 22.662137], [120.395166, 22.662311], [120.394432, 22.662399], [120.394419, 22.662238], [120.394927, 22.662162], [120.394843, 22.661858], [120.395338, 22.661852], [120.395501, 22.662106], [120.395636, 22.662167], [120.395549, 22.662393], [120.395189, 22.662471], [120.39521, 22.66258], [120.395096, 22.662658], [120.394485, 22.662747], [120.394446, 22.6626], [120.395077, 22.662516], [120.394978, 22.662856], [120.394668, 22.663251], [120.394545, 22.66312], [120.394602, 22.662941], [120.394513, 22.662928], [120.394735, 22.662901], [120.395884, 22.661802], [120.395992, 22.661604], [120.396156, 22.661961], [120.395624, 22.66135], [120.395587, 22.660819], [120.395808, 22.660125], [120.39573, 22.659686], [120.395781, 22.659484], [120.396186, 22.660177], [120.397359, 22.660729], [120.398256, 22.661263], [120.398753, 22.661313], [120.400854, 22.660001], [120.400971, 22.659427], [120.401312, 22.659444], [120.402647, 22.659834], [120.402788, 22.659705], [120.398185, 22.658193], [120.398294, 22.657652], [120.397882, 22.657493], [120.397059, 22.657573], [120.394141, 22.658433], [120.394507, 22.660433], [120.394177, 22.660467], [120.394201, 22.660744], [120.394298, 22.660638], [120.394446, 22.660636], [120.39439, 22.660858], [120.394212, 22.660916], [120.394594, 22.66042], [120.394678, 22.660418], [120.392288, 22.662004], [120.392033, 22.662365], [120.392404, 22.662712], [120.392661, 22.6636], [120.392008, 22.664461], [120.392355, 22.665072], [120.392435, 22.665037], [120.391986, 22.665254], [120.391927, 22.665135], [120.392119, 22.665014], [120.391897, 22.664681], [120.391377, 22.664981], [120.39146, 22.665103], [120.391877, 22.664896], [120.391703, 22.664578], [120.391272, 22.664786], [120.391183, 22.664651], [120.391615, 22.664435], [120.391815, 22.664543], [120.391506, 22.664282], [120.389947, 22.665052], [120.390019, 22.665254], [120.390511, 22.665015], [120.390588, 22.665104], [120.390518, 22.665184], [120.390032, 22.665424], [120.390459, 22.665449], [120.390598, 22.665543], [120.391333, 22.665168], [120.391222, 22.665057], [120.390604, 22.665345], [120.390738, 22.665051], [120.391116, 22.664873], [120.390965, 22.66477], [120.390629, 22.664931], [120.391293, 22.665872], [120.391472, 22.66575], [120.391696, 22.665725], [120.391788, 22.665791], [120.391715, 22.666113], [120.391854, 22.66638], [120.39193, 22.666382], [120.391671, 22.666449], [120.391573, 22.666579], [120.391216, 22.666366], [120.39111, 22.666172], [120.39128, 22.666104], [120.391055, 22.665939], [120.39071, 22.666031], [120.39081, 22.666322], [120.390904, 22.666269], [120.390918, 22.66645], [120.390761, 22.666835], [120.391438, 22.666987], [120.392188, 22.665939], [120.392928, 22.665893], [120.393606, 22.665539], [120.393762, 22.665356], [120.393749, 22.665698], [120.393286, 22.66597], [120.392929, 22.666048], [120.392594, 22.666316], [120.393364, 22.665244], [120.392899, 22.66483], [120.391727, 22.665227], [120.394126, 22.665104], [120.394393, 22.664824], [120.394517, 22.664865], [120.394571, 22.664725], [120.394876, 22.664524], [120.394995, 22.664099], [120.39479, 22.663822], [120.394431, 22.663823], [120.394535, 22.663968], [120.394436, 22.664102], [120.394581, 22.664201], [120.394609, 22.664342], [120.394658, 22.664133], [120.394383, 22.663643], [120.394526, 22.663546], [120.39434, 22.663435], [120.394351, 22.663354], [120.395199, 22.663677], [120.395194, 22.664429], [120.395574, 22.66464], [120.395531, 22.664744], [120.395353, 22.664704], [120.395347, 22.664826], [120.395185, 22.664992], [120.394802, 22.664886], [120.395165, 22.664614], [120.395529, 22.664997], [120.395366, 22.665156], [120.3957, 22.6659], [120.394458, 22.665208], [120.395532, 22.663051], [120.397758, 22.665917], [120.39712, 22.666294], [120.397408, 22.666673], [120.397277, 22.668951], [120.394078, 22.667909], [120.393758, 22.669383], [120.393791, 22.669729], [120.392265, 22.672161], [120.392448, 22.673164], [120.393602, 22.674268], [120.394117, 22.67424], [120.394397, 22.674097], [120.394671, 22.674482], [120.394973, 22.67456], [120.394903, 22.674895], [120.394082, 22.675539], [120.394239, 22.675873], [120.392844, 22.675613], [120.392041, 22.675633], [120.391614, 22.676513], [120.391868, 22.67706], [120.391701, 22.677433], [120.39137, 22.677489], [120.391183, 22.677293], [120.391149, 22.677641], [120.390882, 22.677638], [120.390583, 22.677992], [120.390777, 22.678163], [120.391008, 22.67793], [120.39125, 22.678109], [120.391499, 22.677942], [120.390682, 22.677465], [120.390521, 22.677292], [120.390847, 22.677262], [120.390828, 22.676854], [120.390995, 22.676771], [120.390591, 22.676727], [120.390652, 22.676402], [120.390626, 22.675566], [120.390795, 22.675216], [120.391145, 22.674986], [120.38952, 22.676593], [120.38876, 22.676402], [120.388365, 22.677313], [120.388276, 22.677882], [120.388617, 22.677942], [120.388577, 22.678125], [120.389257, 22.678068], [120.38904, 22.677644], [120.38936, 22.677311], [120.389738, 22.677599], [120.389186, 22.678594], [120.390577, 22.678596], [120.390241, 22.679786], [120.38991, 22.680018], [120.389909, 22.682791], [120.389778, 22.682801], [120.392238, 22.682965], [120.392778, 22.682752]]}}, {"type": "Feature", "properties": {"district": "6401800", "segment": 7, "total_segments": 20, "km": 14.93, "villages": ["大竹里", "坔埔里"]}, "geometry": {"type": "LineString", "coordinates": [[120.392677, 22.677493], [120.39299, 22.677287], [120.395672, 22.673006], [120.396127, 22.672949], [120.396291, 22.67276], [120.391015, 22.670238], [120.391194, 22.669797], [120.389996, 22.668784], [120.386956, 22.677266], [120.387028, 22.677696], [120.383668, 22.673803], [120.386085, 22.671485], [120.38363, 22.665333], [120.383063, 22.66498], [120.382833, 22.664926], [120.38275, 22.664792], [120.382912, 22.664738], [120.382837, 22.664591], [120.382658, 22.664544], [120.382573, 22.664756], [120.382422, 22.664802], [120.3825, 22.664502], [120.382701, 22.664364], [120.382545, 22.664039], [120.38236, 22.66406], [120.38227, 22.663918], [120.38203, 22.664031], [120.38177, 22.663962], [120.38161, 22.664219], [120.381451, 22.663998], [120.381394, 22.663554], [120.381128, 22.663545], [120.380979, 22.663357], [120.381284, 22.663259], [120.381337, 22.663401], [120.381219, 22.663002], [120.381703, 22.662881], [120.381611, 22.662738], [120.381258, 22.662745], [120.380384, 22.662982], [120.380643, 22.663069], [120.380738, 22.662973], [120.380881, 22.663042], [120.380954, 22.663233], [120.380682, 22.663286], [120.380912, 22.663684], [120.381742, 22.66346], [120.381861, 22.663616], [120.38224, 22.663746], [120.382233, 22.663487], [120.382461, 22.663422], [120.382406, 22.663266], [120.382561, 22.663183], [120.382592, 22.663311], [120.38279, 22.663478], [120.38278, 22.663739], [120.382654, 22.663873], [120.382287, 22.663849], [120.382517, 22.663676], [120.382776, 22.664087], [120.383228, 22.663402], [120.383274, 22.66307], [120.383196, 22.662935], [120.383213, 22.662713], [120.383391, 22.66225], [120.383505, 22.662246], [120.383351, 22.662728], [120.383627, 22.662716], [120.38371, 22.662242], [120.383818, 22.662558], [120.384031, 22.662631], [120.384119, 22.662422], [120.384435, 22.662543], [120.38418, 22.662939], [120.384051, 22.662885], [120.384209, 22.66257], [120.384068, 22.6624], [120.384011, 22.662698], [120.383806, 22.662983], [120.383539, 22.662917], [120.383787, 22.663198], [120.383989, 22.66304], [120.38429, 22.663204], [120.384244, 22.663279], [120.384604, 22.662678], [120.385274, 22.66379], [120.383295, 22.664233], [120.383068, 22.663968], [120.382091, 22.664162], [120.382197, 22.664492], [120.382014, 22.664537], [120.381947, 22.664881], [120.381798, 22.664943], [120.381807, 22.665127], [120.381623, 22.665126], [120.381638, 22.665003], [120.382033, 22.665159], [120.382111, 22.665323], [120.382251, 22.665082], [120.382856, 22.665115], [120.382807, 22.6659], [120.381635, 22.665532], [120.38168, 22.664509], [120.381856, 22.663712], [120.381787, 22.66367], [120.381996, 22.663426], [120.381706, 22.663048], [120.381936, 22.662767], [120.382277, 22.662862], [120.382138, 22.662552], [120.382346, 22.662454], [120.382219, 22.661874], [120.381867, 22.6619], [120.382007, 22.661554], [120.382528, 22.661493], [120.382489, 22.661158], [120.382906, 22.661082], [120.382696, 22.660577], [120.382864, 22.660538], [120.382959, 22.660901], [120.383141, 22.660835], [120.383013, 22.660515], [120.383177, 22.660512], [120.383314, 22.660846], [120.383456, 22.660786], [120.383382, 22.660571], [120.383504, 22.660432], [120.383674, 22.660513], [120.383662, 22.66066], [120.383574, 22.660687], [120.383808, 22.660611], [120.38376, 22.660343], [120.38351, 22.661061], [120.383093, 22.661185], [120.383159, 22.660876], [120.382518, 22.66098], [120.382463, 22.660857], [120.382618, 22.660823], [120.382246, 22.660218], [120.381876, 22.660387], [120.381472, 22.660374], [120.381263, 22.660479], [120.381274, 22.660553], [120.3808, 22.660527], [120.380723, 22.660316], [120.380299, 22.660463], [120.380295, 22.660783], [120.380498, 22.66081], [120.380469, 22.660923], [120.380904, 22.660767], [120.381204, 22.660768], [120.381286, 22.660833], [120.381155, 22.660965], [120.381185, 22.661062], [120.381263, 22.661031], [120.381127, 22.661166], [120.380781, 22.661084], [120.381086, 22.66155], [120.381149, 22.661532], [120.380767, 22.661797], [120.380471, 22.662464], [120.380218, 22.662691], [120.379786, 22.66249], [120.379887, 22.662362], [120.379559, 22.662254], [120.379044, 22.662457], [120.379109, 22.662774], [120.378077, 22.662793], [120.378042, 22.662998], [120.377307, 22.663197], [120.377397, 22.66337], [120.377539, 22.663336], [120.377534, 22.663569], [120.377864, 22.663379], [120.378111, 22.663397], [120.378076, 22.663523], [120.378269, 22.663539], [120.37703, 22.662113], [120.37568, 22.661664], [120.374567, 22.660844], [120.374934, 22.660361], [120.374959, 22.659904], [120.374674, 22.659949], [120.374255, 22.659756], [120.373461, 22.659942], [120.373527, 22.660107], [120.372837, 22.659764], [120.372332, 22.65932], [120.372106, 22.659339], [120.371541, 22.659148], [120.371629, 22.658933], [120.371663, 22.657794], [120.37336, 22.6577], [120.373388, 22.657529], [120.373704, 22.657363], [120.373901, 22.657772], [120.37303, 22.658791], [120.373418, 22.659256], [120.374614, 22.659038], [120.374781, 22.6582], [120.374654, 22.6581], [120.374443, 22.658143], [120.374369, 22.658006], [120.374136, 22.657933], [120.374774, 22.657804], [120.374827, 22.657549], [120.37497, 22.657601], [120.3747, 22.657461], [120.374727, 22.657084], [120.374447, 22.656958], [120.374357, 22.657175], [120.374213, 22.657291], [120.374592, 22.656749], [120.374728, 22.656369], [120.375159, 22.656562], [120.375396, 22.656379], [120.376084, 22.656529], [120.376672, 22.656789], [120.376358, 22.657428], [120.376836, 22.657536], [120.377179, 22.656861], [120.377625, 22.657142], [120.377535, 22.656717], [120.376079, 22.656108], [120.37624, 22.655233], [120.376166, 22.655088], [120.376266, 22.654753], [120.376092, 22.654504], [120.376195, 22.654236], [120.376021, 22.653983], [120.376055, 22.653819], [120.376347, 22.653909], [120.375701, 22.653849], [120.375561, 22.654186], [120.375795, 22.654299], [120.375378, 22.653602], [120.37498, 22.653518], [120.374695, 22.653713], [120.374147, 22.654863], [120.37387, 22.655128], [120.373726, 22.654979], [120.373432, 22.655386], [120.3731, 22.655187], [120.37242, 22.654395], [120.372267, 22.654386], [120.372053, 22.654671], [120.371935, 22.654626], [120.371848, 22.654076], [120.371661, 22.653949], [120.37141, 22.653966], [120.371329, 22.654288], [120.372856, 22.652355], [120.372946, 22.652209], [120.372835, 22.651916]]}}, {"type": "Feature", "properties": {"district": "6401800", "segment": 8, "total_segments": 20, "km": 14.97, "villages": ["坔埔里"]}, "geometry": {"type": "LineString", "coordinates": [[120.373564, 22.652437], [120.373941, 22.652489], [120.373832, 22.652735], [120.374822, 22.652952], [120.37325, 22.650652], [120.375058, 22.654987], [120.37476, 22.655432], [120.374682, 22.655848], [120.373746, 22.656276], [120.373499, 22.656068], [120.373573, 22.656635], [120.372998, 22.656571], [120.375192, 22.658292], [120.375904, 22.658313], [120.375929, 22.658066], [120.376192, 22.657941], [120.376653, 22.6579], [120.377763, 22.658077], [120.378441, 22.657271], [120.379577, 22.659322], [120.379476, 22.659711], [120.379696, 22.659734], [120.379764, 22.659833], [120.379372, 22.659898], [120.37925, 22.65971], [120.37874, 22.659804], [120.378837, 22.65941], [120.378223, 22.659365], [120.377916, 22.659378], [120.376852, 22.659806], [120.37648, 22.660156], [120.376382, 22.659712], [120.375471, 22.659822], [120.375479, 22.660077], [120.376452, 22.658854], [120.376235, 22.658643], [120.376423, 22.658467], [120.375955, 22.658629], [120.377366, 22.655435], [120.377154, 22.655274], [120.377342, 22.654779], [120.377227, 22.654417], [120.376985, 22.654098], [120.376686, 22.654443], [120.377082, 22.655371], [120.377012, 22.655489], [120.377876, 22.655303], [120.377949, 22.654376], [120.378929, 22.652935], [120.378978, 22.652544], [120.378865, 22.6523], [120.380012, 22.651554], [120.379383, 22.652475], [120.379212, 22.653122], [120.378626, 22.652585], [120.378915, 22.651901], [120.379121, 22.656074], [120.381381, 22.658432], [120.38181, 22.6587], [120.382243, 22.658727], [120.382165, 22.658868], [120.38185, 22.658868], [120.381852, 22.659031], [120.38215, 22.659029], [120.38213, 22.659161], [120.381819, 22.659236], [120.381756, 22.659076], [120.381659, 22.659106], [120.38163, 22.659254], [120.381266, 22.6594], [120.381229, 22.659309], [120.380997, 22.659466], [120.380176, 22.659727], [120.380129, 22.659554], [120.38145, 22.658931], [120.381706, 22.659274], [120.381778, 22.659564], [120.382199, 22.659433], [120.382224, 22.659557], [120.382458, 22.659312], [120.382775, 22.659315], [120.382991, 22.659423], [120.382853, 22.65965], [120.382595, 22.659641], [120.382346, 22.659951], [120.382107, 22.659715], [120.381496, 22.659955], [120.381369, 22.659681], [120.381306, 22.6597], [120.381495, 22.659644], [120.380897, 22.659887], [120.380625, 22.659882], [120.380718, 22.660099], [120.381166, 22.65997], [120.381232, 22.660138], [120.380843, 22.660295], [120.380682, 22.66011], [120.380349, 22.660252], [120.380336, 22.660023], [120.380388, 22.660316], [120.380232, 22.660314], [120.379742, 22.66113], [120.381486, 22.660742], [120.381718, 22.660617], [120.381563, 22.66057], [120.381758, 22.660843], [120.381675, 22.66015], [120.381415, 22.66012], [120.382596, 22.659534], [120.383114, 22.659597], [120.383169, 22.659545], [120.383102, 22.659779], [120.382805, 22.660053], [120.383534, 22.659175], [120.383868, 22.658988], [120.384166, 22.659002], [120.383861, 22.658703], [120.383924, 22.658649], [120.383584, 22.658882], [120.383269, 22.658739], [120.382982, 22.658825], [120.382745, 22.65868], [120.382653, 22.658768], [120.3827, 22.658802], [120.382565, 22.658665], [120.382477, 22.658768], [120.382521, 22.658797], [120.382529, 22.658441], [120.382286, 22.658491], [120.382192, 22.658367], [120.382047, 22.65846], [120.382324, 22.658287], [120.382869, 22.658381], [120.383127, 22.658245], [120.383248, 22.658425], [120.382973, 22.658541], [120.383367, 22.658578], [120.383476, 22.658508], [120.383488, 22.658661], [120.383969, 22.658297], [120.383957, 22.658055], [120.384208, 22.657988], [120.384676, 22.658291], [120.384708, 22.65853], [120.384905, 22.658482], [120.384926, 22.658785], [120.384775, 22.657777], [120.384527, 22.657715], [120.384657, 22.657228], [120.38441, 22.657083], [120.384826, 22.656671], [120.384873, 22.656118], [120.38467, 22.655959], [120.384608, 22.655779], [120.384574, 22.654504], [120.384057, 22.654483], [120.38414, 22.654959], [120.384066, 22.654961], [120.384416, 22.654957], [120.384352, 22.654594], [120.384761, 22.65459], [120.384791, 22.655842], [120.384929, 22.65584], [120.384893, 22.654672], [120.385026, 22.654583], [120.385133, 22.655943], [120.385251, 22.655741], [120.385237, 22.654606], [120.385413, 22.654663], [120.385426, 22.65498], [120.385549, 22.654979], [120.385548, 22.654752], [120.38573, 22.654746], [120.385735, 22.654976], [120.385684, 22.655095], [120.385586, 22.655101], [120.385565, 22.655287], [120.385431, 22.655277], [120.385427, 22.655101], [120.385439, 22.655732], [120.385362, 22.655775], [120.385575, 22.655607], [120.385857, 22.655085], [120.385683, 22.654303], [120.384423, 22.655174], [120.38407, 22.655176], [120.38414, 22.655304], [120.384147, 22.655778], [120.384371, 22.655775], [120.384362, 22.655299], [120.383884, 22.655237], [120.383861, 22.654709], [120.383727, 22.654808], [120.38375, 22.655169], [120.383596, 22.65517], [120.383866, 22.655333], [120.383931, 22.654244], [120.384238, 22.657244], [120.384318, 22.657356], [120.38389, 22.65733], [120.383722, 22.657504], [120.383501, 22.657583], [120.383309, 22.657916], [120.383048, 22.657927], [120.38354, 22.658113], [120.383131, 22.659222], [120.383025, 22.659133], [120.38308, 22.658914], [120.382949, 22.659168], [120.380214, 22.659083], [120.381887, 22.662339], [120.382883, 22.662755], [120.382881, 22.66298], [120.383051, 22.662753], [120.38321, 22.662302], [120.383052, 22.662314], [120.382934, 22.662677], [120.380775, 22.662757], [120.380708, 22.662674], [120.378052, 22.665152], [120.378149, 22.665504], [120.377754, 22.666129], [120.377458, 22.666124], [120.377448, 22.666249], [120.376353, 22.666109], [120.376369, 22.665922], [120.376929, 22.665992], [120.376587, 22.665763], [120.376024, 22.665696], [120.375836, 22.665754], [120.37589, 22.665835], [120.375616, 22.66619], [120.375712, 22.666533], [120.375894, 22.666631], [120.376154, 22.666266], [120.377107, 22.666386], [120.377402, 22.666785], [120.377679, 22.666841], [120.377328, 22.666436], [120.377525, 22.66644], [120.377663, 22.666671], [120.37774, 22.666281], [120.377558, 22.666263]]}}, {"type": "Feature", "properties": {"district": "6401800", "segment": 9, "total_segments": 20, "km": 14.97, "villages": ["坔埔里", "鳥松里"]}, "geometry": {"type": "LineString", "coordinates": [[120.377162, 22.665598], [120.376048, 22.665494], [120.376185, 22.665899], [120.376261, 22.665907], [120.375846, 22.666456], [120.37574, 22.666307], [120.376365, 22.665147], [120.37629, 22.664735], [120.37662, 22.664549], [120.37673, 22.664336], [120.376877, 22.664288], [120.376459, 22.664222], [120.376183, 22.663964], [120.374375, 22.663613], [120.373462, 22.663463], [120.372822, 22.663715], [120.371889, 22.663433], [120.372398, 22.66311], [120.373804, 22.662609], [120.373632, 22.662236], [120.374391, 22.662169], [120.374847, 22.665201], [120.378575, 22.667395], [120.386684, 22.66552], [120.386644, 22.659859], [120.386819, 22.65964], [120.386945, 22.6591], [120.386644, 22.659157], [120.386553, 22.659063], [120.386781, 22.658854], [120.386719, 22.658767], [120.386456, 22.658779], [120.386361, 22.658544], [120.386146, 22.658555], [120.386362, 22.658282], [120.387023, 22.6582], [120.386936, 22.658013], [120.387113, 22.657958], [120.387177, 22.658255], [120.388025, 22.658177], [120.387282, 22.658543], [120.387034, 22.658371], [120.386705, 22.65852], [120.387059, 22.658321], [120.38641, 22.659058], [120.386338, 22.659012], [120.388121, 22.65991], [120.385492, 22.65779], [120.385406, 22.65734], [120.367969, 22.651048], [120.367711, 22.650898], [120.367416, 22.650606], [120.367481, 22.650458], [120.366895, 22.651343], [120.36656, 22.65128], [120.366394, 22.651009], [120.365427, 22.650587], [120.365469, 22.6497], [120.365628, 22.649766], [120.365804, 22.649726], [120.365806, 22.649885], [120.365977, 22.649845], [120.365962, 22.650182], [120.365702, 22.650128], [120.365131, 22.649915], [120.365063, 22.64959], [120.36491, 22.649585], [120.364813, 22.649793], [120.364829, 22.65001], [120.365102, 22.650088], [120.365113, 22.649981], [120.365147, 22.650363], [120.364825, 22.650189], [120.364697, 22.650288], [120.364636, 22.650791], [120.364838, 22.650803], [120.364876, 22.650476], [120.365124, 22.650598], [120.365073, 22.651308], [120.365428, 22.651075], [120.364543, 22.651077], [120.36381, 22.65132], [120.363888, 22.651042], [120.363763, 22.651031], [120.363768, 22.651207], [120.363668, 22.651198], [120.363653, 22.651488], [120.363778, 22.65149], [120.363776, 22.651424], [120.364185, 22.651499], [120.364192, 22.65164], [120.363776, 22.651623], [120.363771, 22.651866], [120.363928, 22.651862], [120.364099, 22.651969], [120.364218, 22.651728], [120.364081, 22.652007], [120.36387, 22.652178], [120.363761, 22.652015], [120.363638, 22.651997], [120.36365, 22.652168], [120.363554, 22.652001], [120.363283, 22.651994], [120.363284, 22.651851], [120.36364, 22.651862], [120.363648, 22.651617], [120.363473, 22.651638], [120.363455, 22.651396], [120.36357, 22.651399], [120.363067, 22.651259], [120.363327, 22.650988], [120.363703, 22.651029], [120.363686, 22.651137], [120.363473, 22.651103], [120.36338, 22.650854], [120.3632, 22.650891], [120.363197, 22.650997], [120.362635, 22.650912], [120.36288, 22.651902], [120.36326, 22.65264], [120.363488, 22.652512], [120.363835, 22.652541], [120.363485, 22.652986], [120.363489, 22.653123], [120.363342, 22.653117], [120.36326, 22.653351], [120.363144, 22.653347], [120.364222, 22.65338], [120.364149, 22.653289], [120.363992, 22.653281], [120.363923, 22.652796], [120.364621, 22.652625], [120.364923, 22.652729], [120.364956, 22.652877], [120.364901, 22.653298], [120.364716, 22.653295], [120.364876, 22.653504], [120.364852, 22.653744], [120.364783, 22.653608], [120.36464, 22.653681], [120.364389, 22.653312], [120.36421, 22.653538], [120.363058, 22.653496], [120.363055, 22.653592], [120.364127, 22.653633], [120.364086, 22.653781], [120.363284, 22.653752], [120.36301, 22.653733], [120.363015, 22.65359], [120.363154, 22.653857], [120.364035, 22.653886], [120.363992, 22.654048], [120.363217, 22.653996], [120.363386, 22.65325], [120.363654, 22.653262], [120.363604, 22.653152], [120.362803, 22.653063], [120.362886, 22.652935], [120.36247, 22.653177], [120.362169, 22.6544], [120.362318, 22.654585], [120.362283, 22.654873], [120.361767, 22.655127], [120.361547, 22.655489], [120.36191, 22.655938], [120.361342, 22.65603], [120.361262, 22.656278], [120.361168, 22.655949], [120.360794, 22.65579], [120.360683, 22.656081], [120.360568, 22.656041], [120.360695, 22.655715], [120.360807, 22.655747], [120.360525, 22.655669], [120.360358, 22.656252], [120.360628, 22.656298], [120.360539, 22.656566], [120.360877, 22.656646], [120.360997, 22.656855], [120.3611, 22.656879], [120.361189, 22.656613], [120.360435, 22.657225], [120.360209, 22.656896], [120.35982, 22.656853], [120.359475, 22.65744], [120.360346, 22.657985], [120.360673, 22.65779], [120.360775, 22.658134], [120.361174, 22.658214], [120.361207, 22.658044], [120.361379, 22.657868], [120.361266, 22.657824], [120.361239, 22.657881], [120.361905, 22.658057], [120.362326, 22.658266], [120.36223, 22.658592], [120.362114, 22.658585], [120.361723, 22.658967], [120.36155, 22.658916], [120.361383, 22.659284], [120.362215, 22.659472], [120.362243, 22.659157], [120.362627, 22.659255], [120.362426, 22.660063], [120.362384, 22.660112], [120.362098, 22.659991], [120.362309, 22.660326], [120.36215, 22.660679], [120.362138, 22.660994], [120.361967, 22.660921], [120.361866, 22.661081], [120.361907, 22.661201], [120.362285, 22.661419], [120.36245, 22.661228], [120.36232, 22.661092], [120.362386, 22.660853], [120.36231, 22.660832], [120.36243, 22.660862], [120.362337, 22.660716], [120.362449, 22.660489], [120.362725, 22.660586], [120.362719, 22.660282], [120.36254, 22.660198], [120.362772, 22.660132], [120.362865, 22.660161], [120.362869, 22.660256], [120.363075, 22.660252], [120.362991, 22.659988], [120.363186, 22.660015], [120.363219, 22.65989], [120.362892, 22.659858], [120.362967, 22.659273], [120.363318, 22.659284], [120.363367, 22.659719], [120.363285, 22.659736], [120.36305, 22.659678], [120.36307, 22.659546], [120.363451, 22.659546], [120.36349, 22.659315], [120.363616, 22.659372], [120.36363, 22.659623], [120.363541, 22.659679], [120.363416, 22.659708], [120.363451, 22.659586], [120.363767, 22.659544], [120.363758, 22.659396], [120.363865, 22.659339], [120.36377, 22.659612], [120.363787, 22.659863], [120.364329, 22.659958], [120.364451, 22.659351], [120.364632, 22.658976], [120.364505, 22.658875], [120.364451, 22.658656], [120.364544, 22.658107], [120.364247, 22.658078], [120.364136, 22.658704], [120.363816, 22.658652], [120.363391, 22.658744], [120.363126, 22.658712], [120.363062, 22.658624], [120.362719, 22.658616], [120.362855, 22.65844], [120.362876, 22.658259], [120.363173, 22.658142], [120.363315, 22.658228], [120.363252, 22.657815]]}}, {"type": "Feature", "properties": {"district": "6401800", "segment": 10, "total_segments": 20, "km": 14.97, "villages": ["鳥松里"]}, "geometry": {"type": "LineString", "coordinates": [[120.362886, 22.657678], [120.362832, 22.657854], [120.362668, 22.657018], [120.36295, 22.656973], [120.363897, 22.657201], [120.363919, 22.65707], [120.36368, 22.657042], [120.363758, 22.656926], [120.363921, 22.656922], [120.363917, 22.656979], [120.363931, 22.656773], [120.363778, 22.656778], [120.363993, 22.65654], [120.363998, 22.655897], [120.364324, 22.655111], [120.364685, 22.655258], [120.364632, 22.655634], [120.364509, 22.655594], [120.36449, 22.655669], [120.364544, 22.655405], [120.364988, 22.655464], [120.36521, 22.655785], [120.365029, 22.655871], [120.364961, 22.656316], [120.364509, 22.656476], [120.364254, 22.658013], [120.364856, 22.657858], [120.365028, 22.658051], [120.36498, 22.658402], [120.364714, 22.658651], [120.364702, 22.658757], [120.36533, 22.658737], [120.365441, 22.658989], [120.36579, 22.658926], [120.365897, 22.659093], [120.366264, 22.659212], [120.36635, 22.659029], [120.365979, 22.65873], [120.36632, 22.65838], [120.365979, 22.658039], [120.36543, 22.65843], [120.365251, 22.657708], [120.364785, 22.657506], [120.364903, 22.657314], [120.364802, 22.656902], [120.364916, 22.656763], [120.365281, 22.656764], [120.365311, 22.656634], [120.365478, 22.656787], [120.36518, 22.657036], [120.366026, 22.656972], [120.366017, 22.657249], [120.36614, 22.656611], [120.365872, 22.656357], [120.366194, 22.655699], [120.366046, 22.655647], [120.366082, 22.655469], [120.366526, 22.655521], [120.366625, 22.655633], [120.366579, 22.655683], [120.366989, 22.655877], [120.366915, 22.656003], [120.366346, 22.655692], [120.366232, 22.655707], [120.366282, 22.65536], [120.366131, 22.655315], [120.366174, 22.655206], [120.365962, 22.655143], [120.366018, 22.655018], [120.366164, 22.655061], [120.366242, 22.655226], [120.366192, 22.65478], [120.366594, 22.65499], [120.366711, 22.654886], [120.366662, 22.655169], [120.366738, 22.655184], [120.366622, 22.655161], [120.366799, 22.655404], [120.366746, 22.655506], [120.365899, 22.65545], [120.365602, 22.655112], [120.365968, 22.655003], [120.365343, 22.654293], [120.364766, 22.654342], [120.364732, 22.654671], [120.364573, 22.654542], [120.364629, 22.654341], [120.364421, 22.654324], [120.364297, 22.654909], [120.364711, 22.655], [120.363936, 22.654683], [120.363495, 22.655886], [120.364415, 22.655979], [120.364522, 22.656114], [120.364186, 22.657182], [120.362817, 22.656501], [120.363176, 22.654771], [120.361558, 22.65443], [120.360381, 22.653955], [120.360578, 22.652521], [120.360682, 22.650775], [120.360975, 22.648807], [120.361414, 22.647861], [120.361203, 22.647625], [120.361027, 22.647563], [120.361456, 22.647337], [120.361361, 22.647471], [120.361458, 22.647593], [120.361394, 22.647703], [120.361474, 22.647861], [120.361616, 22.647564], [120.361909, 22.647592], [120.361966, 22.647338], [120.361849, 22.647198], [120.361585, 22.647186], [120.361539, 22.647295], [120.361434, 22.647097], [120.361314, 22.647145], [120.361373, 22.647244], [120.361136, 22.647368], [120.361046, 22.647031], [120.361187, 22.647012], [120.360987, 22.647201], [120.361047, 22.647404], [120.360852, 22.647214], [120.360856, 22.647107], [120.361619, 22.647121], [120.3615, 22.646719], [120.361756, 22.646701], [120.362571, 22.647382], [120.362595, 22.647518], [120.362304, 22.647777], [120.362336, 22.648539], [120.362908, 22.64897], [120.363693, 22.648889], [120.363689, 22.648792], [120.363712, 22.649075], [120.363812, 22.64911], [120.363974, 22.648962], [120.364434, 22.648987], [120.364413, 22.649255], [120.364223, 22.649235], [120.36423, 22.649093], [120.36406, 22.649098], [120.364058, 22.649234], [120.363643, 22.649075], [120.362956, 22.649108], [120.364442, 22.648776], [120.364487, 22.648259], [120.363702, 22.647603], [120.363463, 22.647681], [120.363035, 22.647338], [120.362961, 22.647514], [120.364027, 22.648445], [120.36417, 22.648322], [120.363531, 22.6478], [120.364039, 22.647543], [120.364443, 22.647028], [120.36454, 22.647093], [120.364351, 22.64726], [120.364591, 22.647129], [120.364705, 22.647213], [120.364602, 22.647403], [120.364792, 22.647467], [120.364929, 22.647234], [120.36477, 22.646815], [120.364853, 22.646263], [120.365132, 22.646141], [120.36456, 22.644344], [120.363963, 22.64497], [120.364148, 22.645267], [120.36424, 22.645201], [120.363627, 22.646505], [120.363937, 22.646796], [120.364378, 22.646994], [120.363568, 22.647171], [120.365014, 22.647649], [120.36496, 22.648168], [120.364809, 22.648137], [120.364998, 22.648175], [120.365285, 22.648011], [120.365273, 22.646901], [120.365681, 22.646978], [120.365674, 22.647183], [120.365767, 22.646624], [120.365722, 22.64616], [120.366011, 22.645789], [120.366108, 22.645783], [120.366004, 22.645661], [120.366609, 22.645565], [120.367569, 22.6461], [120.367885, 22.64598], [120.367848, 22.646738], [120.367389, 22.646583], [120.367216, 22.647368], [120.366551, 22.647433], [120.366447, 22.647193], [120.366292, 22.647248], [120.366362, 22.647823], [120.366214, 22.647888], [120.366153, 22.648204], [120.366278, 22.648563], [120.366535, 22.648889], [120.366462, 22.64903], [120.3663, 22.648985], [120.366433, 22.649098], [120.366306, 22.649417], [120.36637, 22.64955], [120.366297, 22.649586], [120.366445, 22.649644], [120.366944, 22.649318], [120.367049, 22.648642], [120.367205, 22.648821], [120.367351, 22.648841], [120.36738, 22.64873], [120.367483, 22.648687], [120.367321, 22.648953], [120.367952, 22.649176], [120.367978, 22.649338], [120.368005, 22.649], [120.368148, 22.648938], [120.36823, 22.648787], [120.368413, 22.648727], [120.368467, 22.648923], [120.368322, 22.6491], [120.36829, 22.648406], [120.368358, 22.648195], [120.368574, 22.648231], [120.368178, 22.647812], [120.368143, 22.647685], [120.36765, 22.647775], [120.367371, 22.647638], [120.367022, 22.647762], [120.365667, 22.647774], [120.365607, 22.648267], [120.365775, 22.648821], [120.365913, 22.64885], [120.365495, 22.649198], [120.365489, 22.649292], [120.365212, 22.649263], [120.36504, 22.649181], [120.365077, 22.648496], [120.36469, 22.648552], [120.364695, 22.648444], [120.364688, 22.648898], [120.364903, 22.648881], [120.3649, 22.649036], [120.364661, 22.648999], [120.364663, 22.649606], [120.364577, 22.649924], [120.364766, 22.649329], [120.364894, 22.649321], [120.364914, 22.649246], [120.36477, 22.649198], [120.364896, 22.649359], [120.365198, 22.649481], [120.365241, 22.648685], [120.364258, 22.648653], [120.364269, 22.648495], [120.365194, 22.646417], [120.367654, 22.649832], [120.367861, 22.649774], [120.36787, 22.650311], [120.368498, 22.650404], [120.368769, 22.649888], [120.369149, 22.650383], [120.369009, 22.651044], [120.369693, 22.651188], [120.369853, 22.651346], [120.369807, 22.651934], [120.369661, 22.652464], [120.369907, 22.653016], [120.37037, 22.653288], [120.370191, 22.65367], [120.369874, 22.653537], [120.369639, 22.653581], [120.369545, 22.653484], [120.369009, 22.65353], [120.368825, 22.653093], [120.368563, 22.652982], [120.368715, 22.652823], [120.368584, 22.652511], [120.368846, 22.652382], [120.368136, 22.652519], [120.368073, 22.652223], [120.367744, 22.652076], [120.367456, 22.652138], [120.367817, 22.652453], [120.367848, 22.652877], [120.367553, 22.653073], [120.367187, 22.652923], [120.366836, 22.653002], [120.366804, 22.653149], [120.366859, 22.652487], [120.36696, 22.65231], [120.366926, 22.652054], [120.367305, 22.652581], [120.368131, 22.652029], [120.36767, 22.65167], [120.368542, 22.653326], [120.368523, 22.653609], [120.36922, 22.653921], [120.368852, 22.654786]]}}, {"type": "Feature", "properties": {"district": "6401800", "segment": 11, "total_segments": 20, "km": 14.99, "villages": ["鳥松里"]}, "geometry": {"type": "LineString", "coordinates": [[120.368464, 22.654567], [120.368541, 22.655239], [120.368829, 22.655323], [120.36865, 22.655734], [120.368468, 22.655551], [120.368335, 22.655849], [120.368197, 22.655827], [120.368649, 22.656003], [120.368758, 22.656392], [120.368983, 22.655703], [120.367966, 22.656128], [120.367703, 22.655792], [120.367273, 22.654442], [120.366904, 22.654486], [120.367076, 22.653998], [120.367343, 22.653961], [120.367511, 22.653668], [120.367948, 22.65386], [120.367708, 22.654176], [120.367174, 22.653658], [120.366384, 22.65403], [120.365894, 22.653982], [120.365442, 22.653695], [120.365779, 22.653372], [120.365588, 22.652607], [120.365317, 22.652154], [120.364979, 22.652669], [120.364293, 22.65215], [120.364241, 22.652212], [120.364374, 22.652049], [120.364516, 22.651448], [120.363744, 22.651307], [120.36381, 22.650974], [120.364299, 22.650749], [120.364832, 22.653949], [120.366556, 22.656764], [120.366978, 22.658011], [120.366891, 22.658719], [120.367234, 22.659117], [120.36747, 22.659176], [120.366902, 22.659218], [120.366757, 22.659672], [120.366955, 22.65992], [120.367409, 22.660007], [120.367488, 22.660747], [120.368261, 22.660572], [120.368521, 22.660702], [120.369492, 22.660575], [120.370082, 22.660651], [120.3697, 22.661418], [120.368771, 22.661952], [120.369008, 22.662205], [120.36893, 22.662355], [120.369168, 22.662332], [120.369408, 22.662465], [120.369998, 22.662398], [120.370146, 22.662808], [120.370989, 22.663045], [120.371103, 22.663011], [120.371111, 22.662882], [120.371259, 22.662908], [120.370843, 22.662824], [120.370826, 22.663179], [120.370766, 22.663199], [120.370898, 22.663182], [120.371289, 22.663568], [120.371561, 22.663555], [120.371465, 22.663341], [120.371623, 22.663287], [120.372023, 22.662769], [120.371574, 22.662661], [120.37119, 22.661981], [120.371535, 22.661827], [120.371869, 22.661385], [120.372028, 22.661419], [120.372204, 22.661733], [120.372368, 22.661807], [120.372651, 22.661789], [120.372813, 22.661549], [120.372635, 22.661435], [120.373071, 22.661283], [120.373243, 22.660977], [120.373435, 22.662067], [120.372595, 22.662463], [120.371495, 22.660655], [120.371255, 22.660027], [120.371867, 22.659839], [120.370968, 22.659282], [120.370459, 22.659829], [120.370129, 22.659716], [120.369507, 22.659844], [120.370035, 22.659238], [120.368578, 22.659125], [120.368171, 22.659656], [120.36846, 22.659884], [120.368698, 22.660264], [120.368332, 22.662347], [120.368443, 22.662412], [120.367791, 22.662487], [120.368058, 22.662771], [120.36824, 22.663301], [120.368477, 22.663315], [120.368699, 22.663055], [120.368769, 22.662816], [120.369477, 22.663217], [120.369227, 22.663521], [120.369337, 22.663831], [120.369531, 22.663956], [120.369688, 22.664555], [120.369606, 22.66501], [120.370116, 22.665227], [120.37022, 22.665018], [120.370437, 22.665507], [120.370862, 22.665697], [120.370939, 22.665971], [120.370732, 22.665989], [120.370476, 22.666327], [120.370385, 22.666985], [120.370282, 22.667054], [120.370133, 22.667675], [120.369497, 22.667661], [120.369016, 22.667042], [120.369272, 22.66672], [120.36901, 22.666521], [120.368964, 22.666632], [120.368849, 22.666571], [120.368907, 22.666435], [120.368652, 22.666752], [120.368228, 22.667034], [120.36853, 22.667603], [120.369092, 22.667834], [120.368007, 22.668173], [120.367748, 22.668004], [120.367536, 22.668461], [120.367331, 22.668454], [120.366955, 22.668202], [120.366997, 22.667989], [120.36685, 22.667761], [120.366385, 22.667736], [120.366311, 22.667871], [120.366798, 22.668393], [120.366577, 22.668586], [120.366801, 22.668694], [120.367698, 22.668805], [120.367995, 22.668957], [120.368617, 22.669563], [120.368995, 22.670137], [120.369719, 22.670708], [120.369868, 22.670767], [120.370031, 22.670704], [120.370535, 22.670362], [120.3706, 22.670186], [120.370568, 22.669737], [120.369779, 22.669608], [120.369332, 22.669347], [120.369123, 22.669468], [120.369667, 22.669974], [120.369523, 22.670179], [120.369763, 22.670256], [120.370049, 22.669869], [120.370268, 22.6699], [120.370162, 22.670258], [120.369145, 22.669907], [120.368449, 22.670208], [120.368407, 22.670133], [120.367532, 22.670606], [120.367541, 22.670208], [120.367317, 22.670153], [120.367527, 22.670006], [120.367533, 22.669651], [120.366905, 22.669948], [120.366688, 22.669845], [120.366559, 22.669996], [120.366056, 22.669824], [120.366348, 22.670447], [120.366682, 22.670684], [120.366406, 22.671018], [120.366856, 22.671159], [120.367726, 22.671155], [120.368078, 22.671482], [120.367979, 22.671721], [120.368504, 22.671361], [120.368834, 22.672452], [120.370992, 22.672535], [120.371654, 22.671622], [120.373103, 22.671592], [120.372988, 22.672259], [120.372454, 22.672853], [120.372837, 22.672993], [120.372774, 22.673643], [120.373956, 22.673701], [120.374282, 22.67431], [120.376844, 22.672612], [120.377796, 22.671633], [120.377867, 22.670973], [120.378199, 22.67087], [120.377947, 22.670442], [120.377547, 22.6705], [120.377528, 22.670253], [120.377952, 22.67018], [120.378723, 22.67043], [120.378912, 22.670532], [120.378767, 22.670639], [120.378807, 22.670837], [120.378707, 22.67085], [120.37875, 22.671132], [120.379136, 22.671], [120.379022, 22.670753], [120.379403, 22.670341], [120.379426, 22.670218], [120.379293, 22.669703], [120.378868, 22.669939], [120.378841, 22.670219], [120.379019, 22.670369], [120.379072, 22.670309], [120.378611, 22.670125], [120.378629, 22.670017], [120.378132, 22.669977], [120.378456, 22.67058], [120.377692, 22.670925], [120.377459, 22.67092], [120.377321, 22.670303], [120.376935, 22.670102], [120.376755, 22.670307], [120.376761, 22.670495], [120.376225, 22.67012], [120.376224, 22.669814], [120.375673, 22.669641], [120.375457, 22.670383], [120.375939, 22.671419], [120.373142, 22.67054], [120.37407, 22.669021], [120.374492, 22.668898], [120.374763, 22.667928], [120.374548, 22.667892], [120.37422, 22.667698], [120.374134, 22.667521], [120.37442, 22.667273], [120.374122, 22.667031], [120.374453, 22.666835], [120.374575, 22.666928], [120.374467, 22.667016], [120.374681, 22.667201], [120.374799, 22.66711], [120.374687, 22.66702], [120.374824, 22.66688], [120.374613, 22.666702], [120.374867, 22.666376], [120.375137, 22.666386], [120.375016, 22.666177], [120.374499, 22.666285], [120.374419, 22.666115], [120.375093, 22.665922], [120.375502, 22.666694], [120.374929, 22.666696]]}}, {"type": "Feature", "properties": {"district": "6401800", "segment": 12, "total_segments": 20, "km": 15.0, "villages": ["鳥松里"]}, "geometry": {"type": "LineString", "coordinates": [[120.374928, 22.666538], [120.37526, 22.666546], [120.375256, 22.666858], [120.375059, 22.666859], [120.375076, 22.666988], [120.37543, 22.666992], [120.375426, 22.666859], [120.375311, 22.666858], [120.375312, 22.667145], [120.37495, 22.667143], [120.374845, 22.667266], [120.37509, 22.667326], [120.37504, 22.66744], [120.374706, 22.667352], [120.374612, 22.667446], [120.375098, 22.66757], [120.375092, 22.667452], [120.375079, 22.667692], [120.374529, 22.667529], [120.37441, 22.667685], [120.374329, 22.667639], [120.374515, 22.66775], [120.374718, 22.667805], [120.374107, 22.667277], [120.373976, 22.667369], [120.373853, 22.666999], [120.373969, 22.666671], [120.374154, 22.666717], [120.374371, 22.666466], [120.374278, 22.666389], [120.374257, 22.66615], [120.374364, 22.666129], [120.374097, 22.665914], [120.373382, 22.66566], [120.37357, 22.665479], [120.373661, 22.665511], [120.373632, 22.665576], [120.373886, 22.665655], [120.373768, 22.665939], [120.374006, 22.666028], [120.374105, 22.666155], [120.373485, 22.66675], [120.373449, 22.666628], [120.372994, 22.666464], [120.373105, 22.666314], [120.37354, 22.666497], [120.373607, 22.666365], [120.373149, 22.66621], [120.373211, 22.666031], [120.373777, 22.666256], [120.373832, 22.666128], [120.373267, 22.665932], [120.373337, 22.665768], [120.373731, 22.665925], [120.373873, 22.666147], [120.373647, 22.666378], [120.372478, 22.665939], [120.372435, 22.666077], [120.372879, 22.666229], [120.372818, 22.666395], [120.372287, 22.666195], [120.371928, 22.666196], [120.371756, 22.666103], [120.371673, 22.665911], [120.371387, 22.665714], [120.371804, 22.665306], [120.372265, 22.665044], [120.371855, 22.664717], [120.371872, 22.664627], [120.371987, 22.664605], [120.371319, 22.664322], [120.371249, 22.664554], [120.370866, 22.664608], [120.370536, 22.664378], [120.370411, 22.664552], [120.370784, 22.665115], [120.369971, 22.665419], [120.370986, 22.664003], [120.3732, 22.665199], [120.373368, 22.665354], [120.37317, 22.665575], [120.372909, 22.665491], [120.373187, 22.66505], [120.373676, 22.664808], [120.373859, 22.665118], [120.373107, 22.665717], [120.372745, 22.665545], [120.372688, 22.665697], [120.373043, 22.665853], [120.372915, 22.665929], [120.372563, 22.665793], [120.37265, 22.665685], [120.372978, 22.665991], [120.372386, 22.666058], [120.371077, 22.668482], [120.37185, 22.668795], [120.368975, 22.669143], [120.36885, 22.66896], [120.368278, 22.66878], [120.367266, 22.667522], [120.36744, 22.66707], [120.36723, 22.666359], [120.367377, 22.665817], [120.367633, 22.665865], [120.367613, 22.665631], [120.367681, 22.665499], [120.367622, 22.665311], [120.366859, 22.665286], [120.367079, 22.664457], [120.367415, 22.664324], [120.367526, 22.66463], [120.367797, 22.664021], [120.368064, 22.663637], [120.368522, 22.663915], [120.368512, 22.664068], [120.368199, 22.66436], [120.366647, 22.664024], [120.366643, 22.663728], [120.366372, 22.663217], [120.366158, 22.663364], [120.366173, 22.663845], [120.366304, 22.66415], [120.366229, 22.664244], [120.366562, 22.664367], [120.365551, 22.663589], [120.365605, 22.663366], [120.365199, 22.66274], [120.365074, 22.662742], [120.365197, 22.662498], [120.365289, 22.662498], [120.365619, 22.662102], [120.366483, 22.662498], [120.366697, 22.66249], [120.366869, 22.662754], [120.367203, 22.662484], [120.367314, 22.662722], [120.366965, 22.663172], [120.366303, 22.662702], [120.367494, 22.662172], [120.366534, 22.661097], [120.366356, 22.660244], [120.366102, 22.659656], [120.365438, 22.659616], [120.364987, 22.65968], [120.364817, 22.659854], [120.365027, 22.660161], [120.365001, 22.660292], [120.36474, 22.660283], [120.364303, 22.660512], [120.364087, 22.660798], [120.364044, 22.661151], [120.364109, 22.66141], [120.363923, 22.661697], [120.363795, 22.662687], [120.363935, 22.662845], [120.364216, 22.662446], [120.364477, 22.662258], [120.364698, 22.662452], [120.36457, 22.662772], [120.364444, 22.662748], [120.364506, 22.661872], [120.365054, 22.661119], [120.364934, 22.660716], [120.36524, 22.660634], [120.363667, 22.661013], [120.363394, 22.662448], [120.362735, 22.662454], [120.362726, 22.662619], [120.363324, 22.662613], [120.363357, 22.662774], [120.363307, 22.663037], [120.362977, 22.663043], [120.36284, 22.663752], [120.362612, 22.663737], [120.362744, 22.663637], [120.362809, 22.663205], [120.362781, 22.663138], [120.362492, 22.663145], [120.362514, 22.662928], [120.362641, 22.662666], [120.36282, 22.662761], [120.36278, 22.662973], [120.362931, 22.662974], [120.363239, 22.663163], [120.363042, 22.664305], [120.362825, 22.664317], [120.362819, 22.664388], [120.362902, 22.663842], [120.36266, 22.663976], [120.362529, 22.663938], [120.362501, 22.664157], [120.362662, 22.664152], [120.36267, 22.664071], [120.362426, 22.663918], [120.362325, 22.664044], [120.362321, 22.664275], [120.362065, 22.664254], [120.362031, 22.664435], [120.361667, 22.66448], [120.361629, 22.664608], [120.361548, 22.664605], [120.361518, 22.664175], [120.361969, 22.664247], [120.361944, 22.664393], [120.361649, 22.664352], [120.3619, 22.664631], [120.361986, 22.664971], [120.362312, 22.664637], [120.362636, 22.665055], [120.363384, 22.665202], [120.363482, 22.664514], [120.363721, 22.664038], [120.363718, 22.6639], [120.363992, 22.663611], [120.364888, 22.664226], [120.365132, 22.66424], [120.365111, 22.664329], [120.362377, 22.663713], [120.362422, 22.663359], [120.361721, 22.663078], [120.361732, 22.662505], [120.362136, 22.662441], [120.362201, 22.661963], [120.362433, 22.661991], [120.362361, 22.662456], [120.362554, 22.662447], [120.362685, 22.661741], [120.362629, 22.661464], [120.363127, 22.661363], [120.363015, 22.662167], [120.362772, 22.662213], [120.362917, 22.662038], [120.362944, 22.661559], [120.363281, 22.661902], [120.363272, 22.661994], [120.363195, 22.661984], [120.363162, 22.662248], [120.36324, 22.662252], [120.361913, 22.66211], [120.361893, 22.662236], [120.361936, 22.66194], [120.361829, 22.66191], [120.361821, 22.661708], [120.361601, 22.661439], [120.361393, 22.661366], [120.361372, 22.661449], [120.361282, 22.661168], [120.360879, 22.661179], [120.360924, 22.660934], [120.361337, 22.660991], [120.36152, 22.66084], [120.361683, 22.660867], [120.361653, 22.660731], [120.36181, 22.660595], [120.362025, 22.660643], [120.362059, 22.660498], [120.361781, 22.660424], [120.361797, 22.660284], [120.361625, 22.660232], [120.361583, 22.660144], [120.361392, 22.660121], [120.361227, 22.660677], [120.361034, 22.660623], [120.361204, 22.660036], [120.361273, 22.659999], [120.361266, 22.659838], [120.361678, 22.659921], [120.361751, 22.659774], [120.361273, 22.659656], [120.361331, 22.659455], [120.361968, 22.659636], [120.361888, 22.65998], [120.361923, 22.660156], [120.362113, 22.660368], [120.362203, 22.659885], [120.362266, 22.659898], [120.362135, 22.659868], [120.362207, 22.659516], [120.36205, 22.65918], [120.361246, 22.658992], [120.361205, 22.659124], [120.3609, 22.659179], [120.360199, 22.658877], [120.360268, 22.658714], [120.360616, 22.658853], [120.36047, 22.659175], [120.360115, 22.659061], [120.360046, 22.659299], [120.360478, 22.659415], [120.360658, 22.659699], [120.360426, 22.660411], [120.360786, 22.660498], [120.360916, 22.660063], [120.360714, 22.660063], [120.360655, 22.660297], [120.360775, 22.659791], [120.36098, 22.659862], [120.360999, 22.659794], [120.361024, 22.660661], [120.360342, 22.66057], [120.360202, 22.661105], [120.360536, 22.661236], [120.36065, 22.660854], [120.360498, 22.66083], [120.360433, 22.661051], [120.360484, 22.661417], [120.360402, 22.661401], [120.360316, 22.661481], [120.360361, 22.661536], [120.360241, 22.661552], [120.360185, 22.661749], [120.360407, 22.661877], [120.360366, 22.662026], [120.360295, 22.662049], [120.360197, 22.662417], [120.360056, 22.662372], [120.360127, 22.662112], [120.359969, 22.662167], [120.359985, 22.662259], [120.359774, 22.662207], [120.359715, 22.662483], [120.359967, 22.662551], [120.36011, 22.66274], [120.36008, 22.662895], [120.359843, 22.66288], [120.359787, 22.663325], [120.359595, 22.663398], [120.359579, 22.663503], [120.359427, 22.663424], [120.359634, 22.662765], [120.359386, 22.662766], [120.359255, 22.663162], [120.358767, 22.663099], [120.358898, 22.663238], [120.359213, 22.663296], [120.359173, 22.66344], [120.358986, 22.663535], [120.359082, 22.663739], [120.358853, 22.663847], [120.358921, 22.663974], [120.358691, 22.663885], [120.358434, 22.663323], [120.358091, 22.663469], [120.358151, 22.66364], [120.358312, 22.663551], [120.358132, 22.663287], [120.358437, 22.662964], [120.358404, 22.662825], [120.358632, 22.662706], [120.35919, 22.662732], [120.359168, 22.662926]]}}, {"type": "Feature", "properties": {"district": "6401800", "segment": 13, "total_segments": 20, "km": 14.99, "villages": ["鳥松里"]}, "geometry": {"type": "LineString", "coordinates": [[120.358708, 22.662902], [120.358522, 22.663102], [120.358718, 22.663569], [120.358963, 22.663487], [120.359403, 22.663499], [120.359508, 22.663659], [120.359412, 22.663816], [120.359436, 22.663983], [120.35927, 22.663981], [120.359642, 22.664281], [120.35985, 22.664304], [120.359887, 22.664159], [120.360054, 22.664184], [120.360115, 22.663637], [120.359721, 22.663665], [120.359687, 22.663822], [120.359918, 22.663901], [120.359728, 22.663621], [120.359994, 22.663361], [120.360023, 22.663184], [120.360373, 22.663311], [120.360334, 22.663507], [120.36045, 22.663638], [120.360811, 22.663644], [120.360868, 22.662796], [120.360656, 22.662798], [120.360604, 22.663412], [120.360385, 22.663213], [120.360467, 22.662769], [120.360607, 22.662508], [120.361251, 22.662602], [120.361111, 22.66281], [120.360944, 22.662427], [120.361003, 22.662331], [120.360835, 22.662335], [120.360798, 22.662436], [120.360515, 22.662284], [120.360695, 22.661765], [120.360753, 22.661783], [120.360713, 22.661695], [120.360848, 22.661269], [120.361284, 22.661621], [120.361237, 22.661697], [120.3613, 22.661913], [120.361466, 22.66198], [120.361442, 22.662191], [120.361295, 22.662222], [120.361279, 22.662325], [120.36107, 22.662124], [120.361125, 22.662015], [120.361066, 22.66184], [120.360942, 22.661902], [120.360891, 22.661746], [120.361485, 22.661665], [120.361699, 22.661959], [120.36171, 22.66214], [120.361579, 22.662476], [120.361754, 22.661438], [120.361712, 22.661059], [120.361545, 22.661169], [120.361546, 22.660499], [120.362769, 22.660965], [120.362808, 22.661135], [120.362612, 22.661191], [120.362893, 22.661107], [120.362866, 22.660551], [120.363075, 22.660533], [120.363078, 22.660425], [120.362866, 22.660428], [120.363206, 22.660429], [120.363204, 22.660528], [120.36319, 22.660163], [120.36286, 22.659956], [120.362706, 22.659911], [120.362698, 22.659985], [120.36282, 22.659115], [120.363538, 22.660685], [120.359864, 22.659841], [120.359682, 22.660277], [120.359191, 22.659488], [120.35913, 22.659286], [120.358984, 22.659139], [120.359952, 22.659282], [120.359972, 22.658754], [120.359713, 22.658452], [120.359301, 22.658212], [120.359308, 22.656705], [120.359197, 22.656619], [120.359933, 22.656311], [120.35825, 22.65647], [120.357979, 22.656323], [120.357918, 22.656479], [120.357985, 22.65664], [120.358185, 22.654077], [120.358465, 22.652447], [120.356815, 22.651541], [120.35521, 22.652055], [120.354841, 22.652026], [120.354889, 22.651825], [120.355029, 22.651689], [120.35429, 22.651039], [120.353878, 22.6509], [120.354507, 22.650947], [120.354099, 22.649695], [120.352576, 22.649433], [120.352341, 22.650022], [120.352971, 22.650847], [120.353143, 22.651385], [120.352053, 22.651924], [120.351749, 22.65292], [120.350091, 22.653066], [120.349667, 22.653687], [120.349757, 22.652086], [120.349633, 22.649911], [120.349722, 22.649685], [120.349972, 22.649889], [120.349326, 22.649828], [120.34893, 22.649921], [120.348908, 22.650074], [120.348858, 22.649769], [120.348666, 22.649425], [120.348575, 22.649463], [120.348534, 22.649347], [120.348811, 22.649233], [120.348859, 22.64935], [120.348767, 22.649382], [120.349212, 22.649208], [120.349093, 22.648945], [120.348456, 22.649196], [120.35169, 22.647419], [120.352786, 22.64819], [120.356029, 22.649847], [120.357085, 22.649349], [120.357952, 22.649673], [120.358195, 22.649521], [120.357871, 22.650108], [120.357698, 22.648272], [120.357305, 22.647629], [120.357327, 22.647145], [120.357884, 22.647104], [120.358168, 22.647968], [120.359013, 22.647965], [120.358793, 22.647708], [120.359085, 22.647613], [120.358433, 22.64857], [120.351678, 22.656292], [120.352176, 22.664731], [120.352233, 22.665506], [120.352329, 22.665606], [120.351617, 22.665312], [120.35128, 22.665497], [120.351339, 22.665766], [120.351176, 22.665969], [120.35137, 22.66625], [120.351563, 22.66626], [120.35158, 22.666432], [120.351384, 22.666535], [120.351545, 22.667026], [120.351154, 22.667254], [120.350938, 22.666851], [120.350872, 22.666476], [120.350873, 22.666066], [120.350979, 22.665644], [120.350182, 22.668445], [120.346613, 22.669039], [120.355394, 22.66407], [120.357909, 22.663124], [120.35812, 22.662793], [120.358104, 22.662673], [120.359113, 22.662512], [120.35915, 22.662337], [120.359049, 22.662308], [120.35947, 22.662424], [120.359437, 22.662081], [120.35895, 22.66195], [120.359227, 22.661096], [120.359442, 22.661447], [120.358636, 22.661805], [120.360267, 22.663982], [120.360802, 22.664051], [120.36072, 22.664384], [120.360199, 22.664387], [120.360181, 22.664507]]}}, {"type": "Feature", "properties": {"district": "6401800", "segment": 14, "total_segments": 20, "km": 9.51, "villages": ["鳥松里"]}, "geometry": {"type": "LineString", "coordinates": [[120.359997, 22.664506], [120.360026, 22.664312], [120.360245, 22.66419], [120.360457, 22.664166], [120.360596, 22.664253], [120.361135, 22.663886], [120.36712, 22.670299], [120.374936, 22.666963], [120.375489, 22.667148], [120.375662, 22.667033], [120.375663, 22.6668], [120.374765, 22.665844], [120.379064, 22.671898], [120.379606, 22.672103], [120.380421, 22.673311], [120.381285, 22.672444], [120.38443, 22.675083], [120.384996, 22.676172], [120.369903, 22.657769], [120.370367, 22.657272], [120.370944, 22.656809], [120.369816, 22.656679], [120.367798, 22.65795], [120.370943, 22.654132], [120.371192, 22.653735], [120.371022, 22.653653], [120.371888, 22.652494], [120.371618, 22.651551], [120.37085, 22.651677], [120.370653, 22.651604], [120.369908, 22.650237], [120.37011, 22.649948], [120.370004, 22.649545], [120.370889, 22.649232], [120.370668, 22.648909], [120.371688, 22.649136], [120.372205, 22.648814], [120.372427, 22.648885], [120.372597, 22.649056], [120.372594, 22.649637], [120.372886, 22.649714], [120.3735, 22.649311], [120.373473, 22.648975], [120.372437, 22.650662], [120.372657, 22.650981], [120.376653, 22.650319]]}}, {"type": "Feature", "properties": {"district": "6401800", "segment": 15, "total_segments": 20, "km": 14.95, "villages": ["夢裡里"]}, "geometry": {"type": "LineString", "coordinates": [[120.364824, 22.64519], [120.357543, 22.663387], [120.357361, 22.663754], [120.356812, 22.663571], [120.356616, 22.663915], [120.356989, 22.664101], [120.356865, 22.664364], [120.356947, 22.664436], [120.356836, 22.664576], [120.356769, 22.664549], [120.356801, 22.664452], [120.356994, 22.66436], [120.357221, 22.664035], [120.356987, 22.663846], [120.356922, 22.663902], [120.357285, 22.663958], [120.357498, 22.663774], [120.357564, 22.664289], [120.357448, 22.66444], [120.357725, 22.664569], [120.357645, 22.664688], [120.35789, 22.664279], [120.358338, 22.664549], [120.357989, 22.664819], [120.357524, 22.6659], [120.357704, 22.666024], [120.357577, 22.666186], [120.357758, 22.666305], [120.35757, 22.666479], [120.35734, 22.666353], [120.357126, 22.666543], [120.356932, 22.666596], [120.35677, 22.666514], [120.356546, 22.666861], [120.355872, 22.666604], [120.355443, 22.667056], [120.355641, 22.667183], [120.355836, 22.666898], [120.356378, 22.667063], [120.356407, 22.666598], [120.356651, 22.666416], [120.356392, 22.666266], [120.356455, 22.666062], [120.356977, 22.666375], [120.357043, 22.66621], [120.356541, 22.665949], [120.356737, 22.665682], [120.356781, 22.665711], [120.356561, 22.665562], [120.356682, 22.665407], [120.356887, 22.665534], [120.356994, 22.6654], [120.356795, 22.665264], [120.356929, 22.665088], [120.357127, 22.665224], [120.357236, 22.665085], [120.357039, 22.664953], [120.357168, 22.664777], [120.357519, 22.665003], [120.356902, 22.665801], [120.357187, 22.665996], [120.357335, 22.665973], [120.357529, 22.666153], [120.357323, 22.665823], [120.356424, 22.665232], [120.356676, 22.664902], [120.356375, 22.664777], [120.356354, 22.664953], [120.35597, 22.665026], [120.355379, 22.66617], [120.354917, 22.666004], [120.35537, 22.665197], [120.355612, 22.665241], [120.355802, 22.664914], [120.355404, 22.665577], [120.355098, 22.666307], [120.354418, 22.666053], [120.3545, 22.665843], [120.354778, 22.665944], [120.355035, 22.665395], [120.355129, 22.665436], [120.354611, 22.665176], [120.35482, 22.664841], [120.35489, 22.66486], [120.354577, 22.664683], [120.354372, 22.664662], [120.354541, 22.665222], [120.35428, 22.665357], [120.353469, 22.66481], [120.353329, 22.664516], [120.353257, 22.664547], [120.35349, 22.664486], [120.353478, 22.665097], [120.354404, 22.665706], [120.354211, 22.665889], [120.353751, 22.666051], [120.353767, 22.666212], [120.3532, 22.666293], [120.352821, 22.666123], [120.352636, 22.666252], [120.353074, 22.666492], [120.353746, 22.666415], [120.353912, 22.666532], [120.354013, 22.666472], [120.354564, 22.666766], [120.35428, 22.667698], [120.354456, 22.667737], [120.354694, 22.666947], [120.354954, 22.666685], [120.355166, 22.666861], [120.35534, 22.666755], [120.355284, 22.666378], [120.355161, 22.666331], [120.354906, 22.666645], [120.354433, 22.666299], [120.354884, 22.66727], [120.355159, 22.667356], [120.354959, 22.667637], [120.354816, 22.667661], [120.354822, 22.667764], [120.355069, 22.667871], [120.355168, 22.667559], [120.355281, 22.667463], [120.355382, 22.667713], [120.355195, 22.668059], [120.355343, 22.668147], [120.355425, 22.667957], [120.355621, 22.668045], [120.355512, 22.668212], [120.355649, 22.668298], [120.355813, 22.66796], [120.355504, 22.667795], [120.355767, 22.667333], [120.356072, 22.667353], [120.355571, 22.667274], [120.355951, 22.666463], [120.356316, 22.666575], [120.355705, 22.666169], [120.355995, 22.665782], [120.355979, 22.665671], [120.35622, 22.665287], [120.356338, 22.665343], [120.356121, 22.665673], [120.355924, 22.665553], [120.356042, 22.665301], [120.35584, 22.665788], [120.355755, 22.665735], [120.355614, 22.666099], [120.355356, 22.664572], [120.355056, 22.664592], [120.355767, 22.664447], [120.356267, 22.664184], [120.358659, 22.665317], [120.358922, 22.664905], [120.35943, 22.665131], [120.359058, 22.665894], [120.358686, 22.665791], [120.359081, 22.665133], [120.358642, 22.665363], [120.358429, 22.665731], [120.358411, 22.666372], [120.358211, 22.66669], [120.358192, 22.666924], [120.358421, 22.667037], [120.358643, 22.66662], [120.358676, 22.666476], [120.358601, 22.666435], [120.359033, 22.666477], [120.359105, 22.66636], [120.359229, 22.66653], [120.35949, 22.666582], [120.35967, 22.666408], [120.359439, 22.666334], [120.359771, 22.666136], [120.359977, 22.666177], [120.35996, 22.666461], [120.360411, 22.666651], [120.360329, 22.666869], [120.360769, 22.667028], [120.360746, 22.667306], [120.360403, 22.667444], [120.360341, 22.667337], [120.360552, 22.667237], [120.360691, 22.667485], [120.360547, 22.667643], [120.360101, 22.66747], [120.360209, 22.667289], [120.360038, 22.667163], [120.359495, 22.667575], [120.359586, 22.667691], [120.359367, 22.668136], [120.359625, 22.668074], [120.359788, 22.667941], [120.359877, 22.66773], [120.36006, 22.667823], [120.359991, 22.668023], [120.360212, 22.668141], [120.36035, 22.668025], [120.360372, 22.667879], [120.360232, 22.667852], [120.360477, 22.668252], [120.360397, 22.668542], [120.360279, 22.668547], [120.360187, 22.668697], [120.359879, 22.668511], [120.359694, 22.668496], [120.359662, 22.668804], [120.359939, 22.668858], [120.359926, 22.668768], [120.360253, 22.668681], [120.360725, 22.668887], [120.360971, 22.668408], [120.360928, 22.668256], [120.360664, 22.668198], [120.361046, 22.668215], [120.361059, 22.668122], [120.36125, 22.668258], [120.361335, 22.668132], [120.36197, 22.668338], [120.361719, 22.668892], [120.361182, 22.668732], [120.361637, 22.668495], [120.361266, 22.668428], [120.361595, 22.66794], [120.361996, 22.668117], [120.362199, 22.668102], [120.362219, 22.667993], [120.36242, 22.668021], [120.36231, 22.66844], [120.361909, 22.669329], [120.361722, 22.669348], [120.361642, 22.66915], [120.361768, 22.668908], [120.361528, 22.669015], [120.360936, 22.66898], [120.360281, 22.668333], [120.360166, 22.66844], [120.359482, 22.668274], [120.359333, 22.668741], [120.359068, 22.668712], [120.359026, 22.668904], [120.357856, 22.668398], [120.357985, 22.668158], [120.357783, 22.668033], [120.357888, 22.667859], [120.357703, 22.667937], [120.357428, 22.667833], [120.357522, 22.667653], [120.357909, 22.667433], [120.357775, 22.667272], [120.358141, 22.66718], [120.358173, 22.667325], [120.358391, 22.667089], [120.358744, 22.667165], [120.359202, 22.667416], [120.359165, 22.667688], [120.358947, 22.667592], [120.358855, 22.667784], [120.358922, 22.667821], [120.358762, 22.667871], [120.358672, 22.66803], [120.359013, 22.668025], [120.359147, 22.667898], [120.359318, 22.667896], [120.359115, 22.668104], [120.359021, 22.668476], [120.358667, 22.668417], [120.358692, 22.668618], [120.358201, 22.668983], [120.358037, 22.669009], [120.357939, 22.669172], [120.357572, 22.669052], [120.357592, 22.668948], [120.357769, 22.668571], [120.358154, 22.668748], [120.35832, 22.668401], [120.358234, 22.668125], [120.358507, 22.668023], [120.358582, 22.667493], [120.358715, 22.667497], [120.358682, 22.667304], [120.358586, 22.667265], [120.359075, 22.66682], [120.359122, 22.667129], [120.359419, 22.666955], [120.359574, 22.667052], [120.359369, 22.667737], [120.36014, 22.666804], [120.360275, 22.666851], [120.360758, 22.666717], [120.360752, 22.66645], [120.360542, 22.666368], [120.360773, 22.666146], [120.360991, 22.666343], [120.360957, 22.666413], [120.361175, 22.666481], [120.361206, 22.666399], [120.361135, 22.666552], [120.361436, 22.666768], [120.361249, 22.667242], [120.361606, 22.667253], [120.361992, 22.667135], [120.361994, 22.667072], [120.361985, 22.667428], [120.362221, 22.667393], [120.362398, 22.666712], [120.362396, 22.666603], [120.362245, 22.66657], [120.362649, 22.666537], [120.362676, 22.666406], [120.362426, 22.667984], [120.362296, 22.667691], [120.361875, 22.667605], [120.361726, 22.667681], [120.361781, 22.667774], [120.361732, 22.667814], [120.362066, 22.66786], [120.362207, 22.667456], [120.362068, 22.666916], [120.361777, 22.666941], [120.361539, 22.66658], [120.361777, 22.665771], [120.361441, 22.665757], [120.361409, 22.665895]]}}, {"type": "Feature", "properties": {"district": "6401800", "segment": 16, "total_segments": 20, "km": 13.2, "villages": ["夢裡里"]}, "geometry": {"type": "LineString", "coordinates": [[120.3606, 22.665505], [120.359894, 22.665297], [120.359779, 22.665575], [120.361128, 22.665961], [120.36165, 22.665569], [120.362341, 22.66603], [120.362782, 22.66608], [120.363247, 22.666022], [120.363354, 22.665449], [120.363512, 22.665241], [120.363504, 22.665033], [120.363814, 22.665221], [120.363996, 22.665179], [120.364336, 22.665267], [120.364519, 22.66558], [120.36411, 22.6657], [120.362877, 22.665495], [120.3629, 22.665326], [120.362705, 22.665212], [120.362855, 22.665603], [120.362227, 22.665237], [120.363181, 22.666601], [120.363027, 22.666983], [120.363243, 22.667262], [120.362938, 22.667581], [120.362945, 22.668141], [120.362835, 22.66839], [120.363048, 22.668624], [120.363431, 22.66836], [120.363425, 22.668222], [120.363785, 22.668314], [120.364276, 22.668258], [120.364305, 22.668017], [120.364455, 22.668044], [120.364491, 22.668446], [120.365149, 22.668541], [120.365378, 22.668783], [120.365102, 22.669769], [120.365706, 22.670259], [120.365369, 22.671576], [120.364515, 22.67126], [120.364273, 22.670845], [120.364289, 22.670533], [120.363631, 22.670593], [120.36344, 22.669807], [120.363339, 22.669717], [120.36317, 22.669839], [120.363007, 22.669284], [120.362722, 22.669057], [120.362391, 22.669338], [120.361821, 22.669507], [120.359862, 22.669433], [120.359672, 22.669344], [120.359688, 22.669526], [120.359501, 22.669677], [120.359433, 22.669617], [120.359479, 22.669461], [120.359062, 22.669457], [120.35908, 22.669603], [120.359261, 22.66962], [120.359315, 22.669337], [120.35907, 22.669308], [120.359488, 22.669331], [120.359806, 22.669207], [120.358822, 22.669176], [120.3587, 22.669599], [120.3584, 22.669341], [120.358005, 22.669196], [120.358027, 22.669372], [120.357462, 22.66916], [120.357425, 22.669268], [120.356849, 22.669082], [120.357405, 22.668088], [120.357412, 22.667868], [120.357261, 22.667809], [120.357331, 22.667648], [120.357719, 22.667303], [120.357606, 22.667204], [120.357518, 22.667302], [120.357739, 22.667059], [120.358053, 22.667014], [120.357258, 22.667216], [120.356682, 22.668272], [120.356829, 22.668326], [120.356969, 22.668003], [120.357074, 22.668106], [120.356627, 22.669015], [120.356559, 22.668983], [120.356538, 22.669116], [120.356627, 22.669156], [120.356404, 22.669507], [120.356253, 22.669442], [120.356629, 22.668472], [120.357247, 22.667843], [120.357706, 22.668232], [120.357443, 22.66864], [120.357353, 22.668662], [120.358111, 22.669405], [120.358166, 22.669615], [120.357963, 22.66959], [120.358446, 22.66908], [120.358515, 22.669114], [120.356302, 22.669694], [120.356089, 22.670025], [120.355918, 22.66994], [120.356117, 22.669604], [120.356239, 22.669552], [120.355837, 22.670122], [120.355814, 22.670347], [120.355372, 22.671343], [120.355552, 22.671432], [120.355806, 22.670997], [120.355996, 22.670428], [120.355085, 22.671819], [120.355496, 22.67178], [120.355681, 22.671864], [120.35549, 22.672046], [120.355509, 22.672168], [120.355313, 22.672058], [120.355165, 22.672309], [120.355313, 22.672405], [120.355306, 22.67253], [120.355238, 22.67297], [120.35516, 22.673093], [120.355097, 22.673053], [120.355356, 22.673239], [120.35513, 22.673398], [120.354662, 22.673104], [120.354719, 22.673004], [120.355188, 22.67326], [120.354995, 22.673497], [120.354866, 22.67338], [120.354796, 22.673459], [120.354882, 22.673507], [120.354632, 22.673376], [120.354576, 22.673318], [120.354697, 22.672954], [120.354281, 22.672842], [120.354331, 22.672459], [120.354207, 22.672429], [120.353462, 22.672827], [120.353239, 22.672825], [120.353343, 22.672302], [120.35419, 22.671728], [120.354344, 22.672059], [120.354657, 22.672016], [120.355475, 22.671578], [120.354687, 22.673638], [120.354894, 22.673765], [120.354829, 22.673905], [120.355008, 22.673976], [120.355126, 22.673775], [120.355453, 22.67398], [120.355192, 22.674087], [120.355657, 22.674254], [120.35554, 22.674452], [120.355369, 22.674536], [120.35414, 22.673958], [120.3543, 22.673772], [120.354566, 22.673897], [120.353592, 22.673289], [120.352422, 22.671887], [120.351931, 22.671902], [120.351272, 22.671042], [120.350489, 22.669621], [120.350758, 22.669498], [120.351564, 22.667917], [120.352382, 22.668306], [120.353259, 22.668885], [120.355665, 22.668837], [120.353232, 22.665795], [120.352876, 22.665574], [120.352714, 22.665303], [120.352316, 22.665], [120.352804, 22.664678], [120.353341, 22.665401], [120.352259, 22.665887], [120.351891, 22.665864], [120.35235, 22.666276], [120.35945, 22.6657], [120.359642, 22.665761], [120.359719, 22.665556], [120.361198, 22.667761], [120.36396, 22.667764], [120.363789, 22.667372], [120.36349, 22.667069], [120.364303, 22.666856], [120.364913, 22.666861], [120.364985, 22.666942], [120.365253, 22.666849], [120.365209, 22.667795], [120.365007, 22.667943], [120.365151, 22.668148], [120.3654, 22.66819], [120.365654, 22.668383], [120.365853, 22.66829], [120.365972, 22.666037], [120.365886, 22.665663], [120.365526, 22.665093], [120.366029, 22.672459]]}}, {"type": "Feature", "properties": {"district": "6401800", "segment": 17, "total_segments": 20, "km": 15.0, "villages": ["夢裡里", "大華里"]}, "geometry": {"type": "LineString", "coordinates": [[120.382126, 22.687719], [120.383107, 22.687474], [120.384137, 22.688236], [120.38476, 22.687855], [120.385337, 22.688638], [120.383152, 22.688645], [120.383094, 22.688515], [120.382959, 22.688999], [120.382129, 22.689848], [120.381671, 22.688691], [120.383351, 22.686987], [120.383477, 22.686432], [120.385484, 22.685949], [120.386396, 22.683758], [120.38982, 22.694781], [120.349137, 22.653536], [120.346503, 22.652798], [120.346292, 22.653206], [120.345741, 22.653078], [120.345484, 22.653135], [120.345457, 22.653342], [120.345167, 22.653242], [120.344842, 22.653754], [120.34511, 22.653874], [120.34502, 22.654007], [120.345144, 22.65415], [120.344761, 22.654059], [120.344731, 22.65414], [120.344786, 22.653861], [120.344654, 22.653649], [120.345012, 22.653085], [120.344888, 22.652696], [120.345022, 22.65255], [120.344871, 22.652453], [120.344903, 22.65236], [120.345004, 22.652312], [120.345144, 22.652487], [120.34534, 22.652385], [120.345417, 22.652084], [120.345633, 22.652081], [120.345876, 22.651798], [120.345644, 22.65155], [120.345636, 22.651152], [120.34534, 22.651148], [120.345188, 22.651259], [120.345226, 22.651509], [120.344885, 22.651454], [120.344776, 22.651941], [120.343908, 22.651751], [120.344034, 22.651262], [120.344754, 22.651425], [120.344614, 22.651591], [120.34413, 22.651473], [120.344098, 22.651604], [120.344581, 22.651713], [120.344488, 22.65209], [120.344712, 22.652163], [120.344503, 22.652696], [120.344292, 22.652613], [120.34445, 22.652238], [120.344362, 22.652285], [120.343889, 22.652169], [120.343821, 22.652413], [120.34424, 22.652564], [120.344649, 22.652887], [120.344921, 22.652222], [120.345185, 22.65206], [120.345524, 22.652377], [120.345503, 22.652596], [120.34521, 22.653135], [120.345184, 22.652724], [120.345645, 22.652834], [120.34568, 22.652229], [120.345873, 22.652088], [120.346033, 22.651527], [120.345837, 22.651153], [120.345688, 22.651152], [120.346114, 22.651086], [120.346219, 22.650818], [120.346149, 22.650764], [120.346365, 22.650688], [120.346337, 22.651059], [120.346614, 22.651154], [120.34673, 22.650904], [120.346536, 22.64994], [120.34643, 22.649969], [120.346451, 22.650203], [120.346194, 22.650151], [120.346196, 22.650233], [120.346109, 22.650231], [120.346067, 22.650018], [120.34608, 22.649596], [120.346218, 22.649274], [120.347003, 22.648462], [120.347167, 22.648355], [120.347218, 22.648411], [120.346947, 22.648073], [120.346656, 22.647976], [120.346436, 22.648101], [120.346568, 22.648075], [120.346631, 22.648219], [120.346462, 22.648307], [120.346469, 22.648437], [120.346199, 22.648394], [120.346082, 22.648472], [120.346016, 22.648576], [120.346103, 22.648762], [120.345944, 22.648873], [120.345674, 22.648672], [120.345305, 22.648895], [120.345504, 22.64922], [120.34542, 22.649287], [120.345205, 22.649003], [120.344991, 22.64908], [120.344639, 22.649385], [120.344853, 22.649742], [120.345032, 22.649719], [120.345615, 22.649434], [120.345471, 22.649338], [120.345832, 22.649209], [120.345894, 22.649296], [120.34597, 22.648992], [120.345691, 22.64882], [120.345542, 22.648891], [120.345667, 22.649109], [120.34576, 22.649577], [120.345475, 22.64977], [120.345292, 22.649789], [120.345203, 22.649925], [120.345042, 22.649936], [120.345003, 22.650005], [120.345097, 22.650209], [120.344847, 22.650309], [120.344919, 22.650572], [120.344609, 22.650597], [120.344453, 22.650472], [120.344283, 22.650537], [120.34407, 22.651077], [120.344003, 22.651058], [120.344536, 22.651119], [120.344262, 22.650933], [120.343819, 22.650827], [120.343644, 22.650474], [120.343723, 22.650431], [120.343745, 22.650495], [120.343653, 22.650274], [120.343569, 22.650321], [120.343597, 22.650375], [120.343511, 22.65023], [120.343604, 22.650191], [120.34338, 22.65033], [120.343622, 22.650729], [120.343617, 22.650878], [120.343306, 22.650731], [120.343146, 22.65046], [120.342888, 22.650759], [120.343099, 22.65084], [120.343191, 22.651214], [120.343151, 22.651596], [120.343019, 22.651598], [120.34302, 22.651263], [120.342929, 22.651345], [120.342926, 22.651497], [120.342776, 22.651571], [120.342714, 22.651385], [120.342061, 22.651814], [120.341894, 22.651335], [120.342195, 22.651065], [120.342626, 22.65086], [120.342615, 22.651251], [120.342179, 22.651452], [120.34269, 22.652303], [120.34285, 22.652226], [120.342583, 22.65187], [120.342393, 22.652086], [120.342487, 22.652362]]}}, {"type": "Feature", "properties": {"district": "6401800", "segment": 18, "total_segments": 20, "km": 15.0, "villages": ["大華里"]}, "geometry": {"type": "LineString", "coordinates": [[120.342135, 22.652626], [120.342011, 22.652512], [120.342367, 22.652272], [120.342288, 22.652192], [120.341923, 22.652423], [120.341879, 22.652376], [120.341746, 22.652565], [120.341199, 22.652964], [120.341313, 22.653094], [120.34185, 22.652683], [120.341925, 22.652789], [120.34136, 22.653271], [120.341627, 22.653438], [120.341483, 22.65355], [120.341556, 22.653641], [120.341701, 22.65353], [120.341799, 22.653645], [120.341667, 22.653748], [120.341756, 22.653916], [120.342243, 22.654379], [120.342475, 22.654712], [120.34312, 22.654296], [120.342917, 22.654247], [120.342488, 22.654496], [120.341952, 22.65379], [120.342139, 22.653712], [120.34251, 22.654265], [120.342809, 22.654104], [120.342768, 22.653693], [120.342463, 22.653382], [120.342333, 22.653472], [120.3422, 22.653357], [120.342003, 22.653494], [120.341928, 22.653399], [120.34224, 22.653165], [120.34234, 22.653248], [120.342267, 22.653303], [120.342046, 22.652968], [120.341751, 22.653187], [120.341832, 22.65329], [120.342332, 22.652889], [120.34237, 22.652929], [120.342499, 22.652805], [120.342381, 22.652709], [120.342649, 22.652549], [120.342711, 22.652784], [120.342622, 22.652996], [120.342473, 22.653053], [120.342662, 22.65327], [120.343241, 22.652831], [120.343257, 22.652726], [120.343529, 22.65296], [120.343416, 22.653034], [120.342874, 22.652257], [120.342983, 22.652624], [120.342296, 22.652773], [120.341617, 22.652449], [120.340872, 22.652937], [120.340621, 22.652623], [120.34057, 22.652385], [120.340306, 22.652368], [120.340331, 22.652057], [120.34014, 22.651704], [120.34002, 22.651646], [120.340273, 22.651554], [120.33983, 22.651874], [120.339752, 22.651776], [120.339851, 22.652056], [120.339685, 22.652191], [120.339803, 22.652417], [120.339984, 22.652248], [120.33965, 22.65215], [120.339502, 22.651971], [120.339306, 22.652126], [120.338958, 22.651999], [120.33858, 22.65155], [120.338226, 22.651809], [120.338634, 22.652262], [120.338744, 22.652165], [120.338461, 22.65185], [120.338577, 22.651758], [120.338861, 22.652091], [120.338086, 22.652633], [120.337921, 22.652432], [120.338286, 22.65217], [120.338401, 22.652305], [120.338115, 22.651991], [120.337792, 22.652296], [120.337637, 22.652069], [120.337973, 22.651824], [120.338014, 22.651874], [120.338092, 22.651648], [120.338487, 22.651429], [120.338448, 22.651383], [120.339059, 22.651136], [120.339106, 22.650981], [120.339292, 22.651696], [120.339465, 22.651631], [120.33955, 22.65255], [120.339785, 22.652883], [120.339763, 22.653054], [120.339981, 22.653283], [120.340132, 22.653179], [120.33989, 22.652815], [120.340368, 22.652862], [120.340523, 22.652749], [120.340282, 22.653113], [120.338846, 22.654143], [120.3385, 22.653739], [120.339503, 22.653053], [120.339583, 22.653146], [120.338773, 22.653785], [120.338869, 22.653909], [120.339642, 22.653308], [120.339065, 22.652971], [120.338917, 22.653052], [120.338656, 22.652749], [120.338625, 22.652667], [120.338742, 22.652635], [120.338456, 22.652785], [120.338771, 22.653161], [120.338059, 22.653641], [120.337958, 22.653509], [120.33853, 22.653092], [120.338419, 22.652941], [120.338352, 22.652983], [120.338294, 22.652915], [120.338348, 22.652881], [120.338163, 22.652929], [120.33773, 22.653234], [120.337831, 22.65335], [120.338253, 22.653052], [120.337926, 22.652804], [120.337454, 22.652226], [120.337274, 22.652345], [120.337124, 22.652493], [120.337585, 22.653], [120.337654, 22.652952], [120.33755, 22.653024], [120.337786, 22.652903], [120.337377, 22.652407], [120.337496, 22.652196], [120.337271, 22.653392], [120.337139, 22.653521], [120.337332, 22.653615], [120.33761, 22.653953], [120.337744, 22.653858], [120.337452, 22.653508], [120.337584, 22.653419], [120.338067, 22.654028], [120.338131, 22.653981], [120.337827, 22.654198], [120.337958, 22.654328], [120.338268, 22.654117], [120.338421, 22.654237], [120.338154, 22.654409], [120.337978, 22.65466], [120.337328, 22.655251], [120.337131, 22.655744], [120.336981, 22.655646], [120.337115, 22.655176], [120.337626, 22.654722], [120.337432, 22.654629], [120.336734, 22.655173], [120.336888, 22.65532], [120.33679, 22.65539], [120.336861, 22.65546], [120.336647, 22.655252], [120.336431, 22.655557], [120.336552, 22.655664], [120.336944, 22.655725], [120.336701, 22.65552], [120.336251, 22.655527], [120.336012, 22.655809], [120.336042, 22.656046], [120.335901, 22.656157], [120.335744, 22.656059], [120.335709, 22.65621], [120.335916, 22.65628], [120.335688, 22.6566], [120.335556, 22.656468], [120.335674, 22.656371], [120.335522, 22.656267], [120.335192, 22.656559], [120.335432, 22.656673], [120.335338, 22.656768], [120.336102, 22.656744], [120.335994, 22.657325], [120.33622, 22.657199], [120.336402, 22.656405], [120.336183, 22.656363], [120.336199, 22.656291], [120.336117, 22.656667], [120.335811, 22.657055], [120.33535, 22.657055], [120.334928, 22.657407], [120.334883, 22.657529], [120.335302, 22.657701], [120.335324, 22.657544], [120.335073, 22.657442], [120.335319, 22.657306], [120.334991, 22.65704], [120.334658, 22.657359], [120.334456, 22.657195], [120.334775, 22.656908], [120.334632, 22.656599], [120.334922, 22.65631], [120.334142, 22.655788], [120.334217, 22.655636], [120.33503, 22.656231], [120.335255, 22.655993], [120.334522, 22.655436], [120.33469, 22.655286], [120.335267, 22.655706], [120.335368, 22.655892], [120.335646, 22.655549], [120.335754, 22.655606], [120.334746, 22.655125], [120.334395, 22.655549], [120.3339, 22.656401], [120.33441, 22.656753], [120.334326, 22.65685], [120.333822, 22.656503], [120.333783, 22.656638], [120.334193, 22.65692], [120.334112, 22.657023], [120.333692, 22.656748], [120.333512, 22.657205], [120.333571, 22.657326], [120.33393, 22.657216], [120.334456, 22.657566], [120.334338, 22.657707], [120.334088, 22.65756], [120.334127, 22.657513], [120.334088, 22.657673], [120.334261, 22.657794], [120.334139, 22.657991], [120.334388, 22.658014], [120.334419, 22.658158], [120.334333, 22.658179], [120.334475, 22.657947], [120.334834, 22.658173], [120.334876, 22.658091], [120.334515, 22.657832], [120.334438, 22.657921], [120.334629, 22.657674], [120.334982, 22.65791], [120.334837, 22.657511], [120.333995, 22.657624], [120.333682, 22.658048], [120.333259, 22.658024], [120.33312, 22.657806], [120.333263, 22.658957], [120.333788, 22.659106], [120.333967, 22.659438], [120.334127, 22.659419], [120.334057, 22.65992], [120.332479, 22.6596], [120.334697, 22.658295], [120.335108, 22.658337], [120.336026, 22.657968], [120.336083, 22.658272], [120.335873, 22.658318], [120.335967, 22.658983], [120.336291, 22.659062], [120.336318, 22.659301], [120.336672, 22.659388], [120.336455, 22.659721], [120.336177, 22.659431], [120.335866, 22.659343], [120.335911, 22.659224], [120.336221, 22.659314], [120.33642, 22.659232], [120.336767, 22.659275], [120.336826, 22.659221], [120.336764, 22.659059], [120.336884, 22.659014], [120.33686, 22.658958], [120.337022, 22.658793], [120.33748, 22.658741], [120.3377, 22.658409], [120.338095, 22.658286], [120.338099, 22.658169], [120.338433, 22.658077], [120.339061, 22.658087], [120.33908, 22.657951], [120.339393, 22.65781], [120.339492, 22.657978], [120.339942, 22.657919], [120.340052, 22.657776], [120.340372, 22.65772], [120.340518, 22.65823], [120.340315, 22.658469], [120.339812, 22.658716], [120.3399, 22.658867], [120.340403, 22.658618], [120.340781, 22.658176], [120.340768, 22.657671], [120.340661, 22.657566], [120.340892, 22.657335], [120.340836, 22.657494], [120.341119, 22.657549], [120.341035, 22.657767], [120.34128, 22.657725], [120.34123, 22.658012], [120.341335, 22.658063], [120.341049, 22.658059], [120.34105, 22.657998], [120.341093, 22.658285], [120.340857, 22.658405], [120.340281, 22.658195], [120.339508, 22.658244], [120.339384, 22.658134], [120.339151, 22.658227], [120.339042, 22.65818], [120.338996, 22.658384], [120.339166, 22.658465], [120.339311, 22.658955], [120.339435, 22.659101], [120.339766, 22.658939], [120.339272, 22.658384], [120.339013, 22.658569], [120.338445, 22.658697], [120.338329, 22.658408], [120.338016, 22.658431], [120.338083, 22.658631], [120.338492, 22.658875], [120.33904, 22.658745], [120.339085, 22.658893], [120.338488, 22.659046], [120.338802, 22.658433], [120.338499, 22.658331], [120.338248, 22.657952], [120.338386, 22.657789], [120.33812, 22.657344], [120.33803, 22.65737], [120.337875, 22.657174], [120.337585, 22.656662], [120.337852, 22.656575], [120.338415, 22.65686], [120.338567, 22.657035], [120.338297, 22.65726], [120.338397, 22.657389], [120.338524, 22.657271], [120.338638, 22.6574], [120.338468, 22.65754], [120.338436, 22.657495], [120.338514, 22.657598], [120.338426, 22.657824], [120.338686, 22.65737], [120.338956, 22.657195], [120.339001, 22.657251], [120.338713, 22.657022], [120.338128, 22.656952], [120.338339, 22.656512], [120.337894, 22.656305], [120.337822, 22.656043], [120.338245, 22.656299], [120.338662, 22.655724], [120.339176, 22.655366], [120.338903, 22.655078], [120.338384, 22.655381], [120.338526, 22.655552], [120.33918, 22.65504], [120.33926, 22.655101], [120.339773, 22.654654], [120.339938, 22.654854], [120.339994, 22.654819], [120.339787, 22.654964], [120.339756, 22.65482], [120.339675, 22.655064], [120.339411, 22.655254], [120.339535, 22.655403], [120.33996, 22.655084], [120.340057, 22.65519], [120.340172, 22.655121], [120.340055, 22.655006], [120.340117, 22.654973]]}}, {"type": "Feature", "properties": {"district": "6401800", "segment": 19, "total_segments": 20, "km": 14.99, "villages": ["大華里"]}, "geometry": {"type": "LineString", "coordinates": [[120.340214, 22.655256], [120.34043, 22.655494], [120.340235, 22.655604], [120.340023, 22.65536], [120.33987, 22.655491], [120.339828, 22.655446], [120.340088, 22.655733], [120.339913, 22.65586], [120.339626, 22.655526], [120.339344, 22.655778], [120.339232, 22.655642], [120.339345, 22.655561], [120.339065, 22.655806], [120.339385, 22.656218], [120.339715, 22.655982], [120.339598, 22.655845], [120.339078, 22.656153], [120.339469, 22.656768], [120.339234, 22.656889], [120.339455, 22.656982], [120.339626, 22.656854], [120.339662, 22.657124], [120.339769, 22.657054], [120.339869, 22.657287], [120.340157, 22.657366], [120.340281, 22.657144], [120.340452, 22.657225], [120.340658, 22.656999], [120.340196, 22.656541], [120.340371, 22.656397], [120.340613, 22.656477], [120.34082, 22.656345], [120.340896, 22.656409], [120.340563, 22.656618], [120.340639, 22.656299], [120.340744, 22.656231], [120.340627, 22.656199], [120.34041, 22.655877], [120.340251, 22.655975], [120.340432, 22.656198], [120.340327, 22.6563], [120.340121, 22.656085], [120.339642, 22.656522], [120.339977, 22.656814], [120.339993, 22.656998], [120.339427, 22.657408], [120.339514, 22.657516], [120.339135, 22.657448], [120.338985, 22.657514], [120.338872, 22.657419], [120.339075, 22.65764], [120.339331, 22.657687], [120.339329, 22.657291], [120.338597, 22.656612], [120.339046, 22.656106], [120.338484, 22.655021], [120.338727, 22.654791], [120.338784, 22.654853], [120.338587, 22.654634], [120.33822, 22.654931], [120.337192, 22.653727], [120.336844, 22.654013], [120.336972, 22.654111], [120.337164, 22.653959], [120.33725, 22.654044], [120.337083, 22.654226], [120.337193, 22.654324], [120.337365, 22.654176], [120.336749, 22.65469], [120.336538, 22.654285], [120.336463, 22.654332], [120.33634, 22.654463], [120.33657, 22.654681], [120.336615, 22.654829], [120.336138, 22.655242], [120.336054, 22.655134], [120.335394, 22.654814], [120.335306, 22.654975], [120.335983, 22.655303], [120.336187, 22.654955], [120.335992, 22.654766], [120.33608, 22.65457], [120.336218, 22.654576], [120.336393, 22.654841], [120.335988, 22.654412], [120.336956, 22.65367], [120.336631, 22.654183], [120.336889, 22.654377], [120.335949, 22.654443], [120.335689, 22.654744], [120.335558, 22.654681], [120.335227, 22.654937], [120.335889, 22.655948], [120.335625, 22.656184], [120.335495, 22.656524], [120.336388, 22.655919], [120.336625, 22.656133], [120.336646, 22.656686], [120.336853, 22.656638], [120.336809, 22.656135], [120.337287, 22.656374], [120.336972, 22.6564], [120.336975, 22.656579], [120.337, 22.65665], [120.33719, 22.656661], [120.337419, 22.657086], [120.337585, 22.657146], [120.337711, 22.657599], [120.337519, 22.657594], [120.336886, 22.657862], [120.337133, 22.658427], [120.337322, 22.658277], [120.337367, 22.658124], [120.337551, 22.658161], [120.337802, 22.658068], [120.337354, 22.657974], [120.336729, 22.658094], [120.336738, 22.658151], [120.33632, 22.658149], [120.336344, 22.658334], [120.336425, 22.658368], [120.33685, 22.658322], [120.336871, 22.658546], [120.336754, 22.658685], [120.336671, 22.658556], [120.336478, 22.658768], [120.336314, 22.658814], [120.336463, 22.658948], [120.336732, 22.658926], [120.336682, 22.65873], [120.336303, 22.658769], [120.336327, 22.657944], [120.336611, 22.65794], [120.336511, 22.657667], [120.336255, 22.657716], [120.336255, 22.657445], [120.336459, 22.657433], [120.336531, 22.657592], [120.337222, 22.657455], [120.337117, 22.657217], [120.336793, 22.657146], [120.336831, 22.656868], [120.337, 22.656924], [120.336955, 22.657375], [120.336683, 22.657313], [120.336636, 22.65695], [120.336434, 22.657271], [120.336064, 22.657594], [120.336061, 22.657738], [120.335825, 22.657672], [120.337362, 22.657825], [120.336465, 22.659166], [120.336256, 22.659794], [120.336053, 22.660139], [120.336416, 22.659945], [120.336378, 22.659851], [120.337049, 22.660036], [120.337056, 22.660207], [120.33717, 22.660299], [120.337167, 22.660199], [120.337709, 22.659637], [120.337766, 22.659836], [120.337947, 22.659981], [120.337778, 22.660143], [120.337606, 22.660001], [120.337519, 22.660088], [120.337751, 22.660309], [120.337825, 22.660176], [120.337521, 22.660354], [120.337367, 22.660251], [120.337219, 22.660499], [120.337536, 22.660869], [120.337335, 22.661091], [120.337214, 22.660961], [120.337297, 22.660859], [120.337191, 22.660832], [120.337022, 22.66058], [120.336848, 22.660638], [120.33673, 22.660323], [120.336577, 22.660384], [120.33692, 22.661253], [120.336698, 22.661338], [120.336368, 22.660429], [120.336257, 22.660575], [120.336536, 22.661257], [120.336343, 22.661325], [120.336134, 22.660835], [120.336006, 22.660969], [120.336274, 22.66173], [120.336306, 22.661492], [120.335291, 22.661838], [120.337572, 22.660835], [120.339434, 22.659417], [120.339316, 22.659158], [120.339611, 22.658426], [120.340217, 22.65832], [120.340577, 22.657662], [120.341171, 22.657288], [120.341343, 22.656998], [120.341759, 22.657305], [120.341962, 22.657082], [120.341862, 22.657019], [120.342044, 22.657123], [120.342181, 22.656911], [120.341977, 22.656808], [120.342034, 22.656646], [120.343024, 22.65648], [120.342856, 22.656346], [120.343168, 22.655982], [120.343076, 22.655879], [120.343169, 22.655828], [120.342949, 22.655537], [120.34239, 22.655049], [120.342813, 22.654773], [120.342879, 22.654886], [120.342942, 22.654866], [120.342852, 22.654955], [120.343105, 22.655033], [120.34293, 22.655131], [120.34325, 22.654892], [120.343104, 22.654751], [120.343377, 22.654615], [120.343256, 22.654458], [120.343472, 22.654327], [120.343771, 22.654485], [120.343647, 22.654633], [120.34414, 22.655006], [120.344236, 22.654862], [120.343914, 22.654608], [120.343824, 22.65463], [120.343982, 22.65441], [120.344269, 22.654607], [120.344344, 22.654169], [120.34416, 22.654165], [120.343866, 22.653996], [120.344002, 22.653827], [120.344449, 22.654007], [120.344525, 22.653818], [120.344185, 22.653642], [120.344248, 22.653564], [120.344106, 22.653267], [120.34393, 22.653218], [120.343641, 22.65287], [120.343612, 22.65308], [120.343834, 22.653397], [120.343674, 22.65349], [120.343478, 22.653166], [120.343465, 22.65332], [120.343571, 22.653509], [120.34335, 22.653404], [120.34309, 22.653707], [120.343354, 22.653863], [120.343635, 22.653795], [120.344111, 22.65425], [120.344432, 22.65476], [120.344359, 22.654954], [120.344446, 22.655077], [120.344304, 22.655631], [120.344635, 22.655846], [120.344734, 22.655549], [120.344892, 22.655487], [120.344882, 22.65518], [120.344637, 22.654619], [120.344069, 22.655228], [120.343794, 22.655055], [120.34381, 22.655296], [120.343736, 22.655361], [120.343354, 22.655015], [120.34343, 22.654878], [120.343316, 22.655285], [120.343213, 22.655399], [120.343343, 22.655502], [120.343314, 22.655552], [120.343466, 22.655371], [120.343633, 22.655521], [120.343483, 22.655599], [120.343356, 22.655798], [120.343606, 22.655899], [120.343759, 22.655725], [120.343934, 22.655876], [120.343834, 22.656152], [120.343574, 22.656207], [120.343239, 22.656402], [120.343644, 22.656414], [120.343356, 22.656787], [120.342943, 22.656883], [120.342967, 22.656995], [120.342806, 22.657008], [120.342855, 22.656795], [120.342294, 22.656861], [120.342315, 22.657107], [120.342559, 22.657058], [120.342639, 22.657201], [120.342587, 22.657269], [120.342396, 22.657255], [120.342254, 22.657519], [120.342198, 22.657497], [120.342388, 22.657576], [120.342082, 22.657767], [120.341568, 22.657907], [120.341681, 22.656879], [120.341402, 22.656728], [120.341545, 22.656555], [120.341799, 22.656728], [120.341895, 22.656654], [120.341923, 22.656429], [120.342357, 22.656369], [120.342507, 22.656467], [120.342526, 22.656223], [120.342264, 22.656228], [120.342094, 22.656001], [120.342192, 22.655905], [120.342048, 22.655929], [120.341925, 22.655828], [120.342366, 22.655623], [120.342521, 22.655879], [120.342277, 22.656022], [120.342324, 22.65583], [120.342614, 22.655913], [120.342828, 22.655863], [120.3426, 22.655389], [120.342497, 22.655268], [120.342427, 22.655358], [120.342328, 22.655264], [120.342267, 22.655071], [120.34213, 22.655447], [120.341864, 22.655387], [120.341619, 22.655483], [120.341577, 22.655354], [120.341804, 22.655271], [120.341859, 22.655632], [120.34157, 22.655784], [120.341315, 22.655462], [120.341047, 22.655553], [120.34155, 22.656058], [120.341803, 22.656031], [120.341716, 22.656424], [120.341852, 22.656415], [120.341617, 22.656434], [120.341372, 22.656292], [120.340968, 22.656367], [120.340592, 22.655751], [120.340831, 22.655645], [120.341111, 22.656058], [120.341989, 22.656239], [120.342905, 22.657206], [120.343664, 22.657269], [120.344305, 22.656931], [120.3439, 22.655481], [120.34402, 22.655365], [120.342507, 22.654523], [120.342891, 22.653428], [120.343043, 22.653303], [120.343924, 22.652974], [120.344197, 22.65314], [120.344428, 22.652073], [120.343956, 22.651941], [120.343648, 22.651454], [120.343658, 22.651338], [120.344916, 22.651156], [120.344621, 22.650259], [120.344787, 22.650114], [120.344486, 22.649536], [120.344265, 22.649698], [120.344489, 22.649962], [120.344218, 22.650136], [120.344188, 22.649929], [120.344074, 22.649818], [120.344129, 22.649773], [120.344038, 22.650013], [120.343905, 22.650022], [120.343882, 22.649522], [120.343935, 22.649488]]}}, {"type": "Feature", "properties": {"district": "6401800", "segment": 20, "total_segments": 20, "km": 12.42, "villages": ["大華里"]}, "geometry": {"type": "LineString", "coordinates": [[120.343587, 22.649167], [120.34392, 22.648968], [120.344174, 22.649311], [120.344039, 22.649392], [120.342998, 22.648224], [120.34288, 22.648314], [120.343375, 22.648918], [120.343227, 22.649011], [120.343093, 22.64899], [120.343169, 22.649071], [120.342997, 22.649178], [120.342511, 22.64857], [120.342373, 22.648699], [120.342856, 22.649293], [120.342901, 22.649262], [120.342723, 22.649401], [120.342655, 22.64945], [120.342164, 22.648827], [120.34275, 22.648433], [120.342751, 22.648529], [120.342831, 22.648636], [120.342894, 22.648614], [120.343021, 22.64886], [120.343468, 22.648479], [120.343366, 22.648359], [120.343562, 22.648239], [120.343653, 22.648332], [120.343529, 22.648415], [120.34364, 22.648553], [120.343762, 22.64847], [120.343861, 22.648583], [120.34366, 22.648729], [120.34355, 22.648596], [120.343878, 22.648342], [120.343535, 22.647861], [120.343165, 22.648116], [120.343274, 22.648239], [120.343804, 22.64786], [120.344235, 22.648324], [120.344355, 22.648185], [120.343883, 22.647623], [120.344038, 22.647522], [120.344514, 22.648089], [120.344643, 22.647965], [120.344563, 22.647868], [120.344944, 22.647611], [120.34505, 22.647745], [120.344682, 22.648012], [120.345003, 22.648299], [120.344886, 22.648408], [120.345111, 22.64867], [120.345354, 22.6485], [120.34536, 22.648234], [120.345263, 22.648128], [120.344974, 22.648068], [120.344741, 22.648275], [120.344832, 22.648356], [120.344728, 22.64838], [120.344779, 22.648448], [120.344541, 22.648444], [120.344529, 22.64874], [120.344848, 22.648849], [120.344469, 22.649102], [120.345023, 22.649342], [120.345127, 22.649483], [120.34524, 22.649441], [120.34517, 22.649342], [120.345133, 22.649298], [120.345395, 22.650206], [120.346169, 22.650409], [120.346185, 22.649799], [120.346356, 22.649867], [120.346299, 22.650036], [120.346529, 22.649816], [120.346204, 22.649036], [120.34634, 22.648945], [120.346226, 22.648283], [120.34636, 22.648184], [120.346303, 22.64781], [120.346473, 22.6477], [120.346174, 22.647448], [120.346113, 22.647479], [120.346157, 22.647569], [120.34603, 22.647404], [120.346156, 22.647321], [120.346031, 22.647086], [120.345425, 22.64745], [120.345309, 22.647302], [120.345878, 22.646943], [120.345661, 22.646762], [120.345241, 22.647016], [120.345129, 22.6468], [120.345487, 22.646545], [120.345657, 22.646686], [120.345087, 22.646815], [120.344719, 22.647013], [120.345228, 22.647624], [120.345221, 22.647386], [120.344854, 22.647503], [120.344759, 22.647371], [120.34436, 22.64764], [120.344479, 22.647785], [120.344773, 22.647555], [120.344555, 22.647154], [120.344198, 22.647399], [120.344288, 22.647523], [120.344576, 22.647305], [120.343773, 22.647813], [120.3437, 22.647729], [120.344004, 22.648483], [120.343304, 22.649612], [120.342962, 22.649831], [120.342868, 22.649643], [120.342556, 22.649954], [120.342807, 22.650265], [120.342854, 22.650233], [120.342906, 22.650116], [120.343153, 22.650006], [120.343008, 22.649894], [120.343263, 22.649896], [120.342678, 22.650354], [120.342457, 22.649994], [120.342064, 22.64981], [120.341616, 22.649233], [120.341402, 22.649375], [120.341927, 22.649898], [120.34177, 22.650173], [120.341512, 22.650328], [120.341275, 22.650252], [120.341032, 22.650291], [120.340902, 22.650463], [120.340695, 22.650511], [120.340662, 22.650843], [120.341022, 22.650683], [120.341192, 22.650485], [120.34068, 22.65021], [120.340303, 22.650552], [120.340095, 22.650287], [120.340835, 22.64988], [120.340831, 22.649779], [120.340944, 22.649802], [120.340935, 22.649704], [120.341039, 22.649726], [120.341024, 22.649626], [120.341254, 22.649582], [120.341405, 22.649754], [120.340949, 22.649986], [120.341507, 22.650019], [120.342173, 22.650728], [120.341965, 22.650664], [120.341384, 22.651219], [120.34143, 22.651677], [120.341346, 22.651731], [120.341658, 22.652101], [120.341426, 22.6523], [120.341083, 22.651927], [120.34103, 22.652448], [120.341271, 22.652383], [120.340867, 22.652562], [120.341263, 22.653133], [120.340465, 22.653783], [120.339373, 22.654312], [120.338885, 22.654655], [120.339043, 22.654804], [120.339427, 22.654605], [120.339422, 22.654546], [120.339546, 22.654562], [120.33924, 22.654138], [120.339316, 22.654081], [120.338913, 22.654388], [120.338643, 22.654316], [120.338595, 22.654177], [120.338294, 22.653889], [120.340643, 22.65529], [120.342258, 22.651982], [120.340472, 22.650645], [120.346187, 22.651344], [120.346497, 22.651452], [120.346586, 22.651305], [120.346698, 22.651426], [120.346845, 22.651391], [120.346969, 22.651096], [120.347155, 22.651135], [120.347114, 22.651257], [120.347274, 22.651289], [120.347373, 22.65084], [120.346935, 22.650901], [120.346786, 22.651172], [120.347058, 22.651437], [120.346616, 22.652463], [120.345481, 22.653579], [120.345381, 22.653761], [120.345175, 22.653769], [120.346552, 22.654955], [120.347402, 22.65046], [120.347744, 22.650098], [120.347513, 22.649574], [120.346941, 22.648794], [120.346825, 22.648362], [120.347086, 22.647927], [120.347033, 22.647788], [120.346919, 22.64774], [120.346824, 22.647835], [120.346725, 22.647413], [120.347563, 22.647631], [120.345912, 22.647912], [120.345686, 22.648071], [120.345723, 22.648208], [120.345816, 22.648136], [120.345618, 22.647893], [120.345525, 22.647963], [120.345427, 22.647858], [120.345847, 22.64759], [120.338665, 22.663226]]}}]}