{"type": "FeatureCollection", "features": [{"type": "Feature", "properties": {"district": "6403000", "segment": 1, "total_segments": 33, "km": 14.97, "villages": ["三協里"]}, "geometry": {"type": "LineString", "coordinates": [[120.474818, 22.872352], [120.474989, 22.872349], [120.475122, 22.871991], [120.474906, 22.871761], [120.474734, 22.87178], [120.474575, 22.871547], [120.47461, 22.871123], [120.474795, 22.871], [120.474828, 22.87115], [120.47471, 22.871196], [120.475076, 22.871094], [120.475155, 22.87124], [120.474757, 22.871431], [120.475003, 22.871523], [120.47549, 22.871322], [120.47615, 22.871693], [120.47623, 22.87189], [120.476336, 22.871873], [120.476404, 22.871752], [120.475994, 22.872069], [120.47565, 22.872131], [120.475537, 22.871841], [120.475302, 22.871788], [120.475373, 22.871668], [120.475308, 22.872166], [120.475447, 22.872411], [120.475284, 22.872598], [120.475464, 22.87262], [120.475563, 22.872761], [120.475372, 22.872861], [120.47507, 22.872691], [120.474676, 22.87282], [120.47444, 22.872776], [120.474401, 22.872665], [120.474413, 22.873289], [120.473895, 22.873226], [120.47419, 22.873782], [120.474479, 22.873865], [120.47449, 22.873995], [120.474973, 22.873197], [120.474302, 22.872136], [120.474142, 22.872028], [120.473836, 22.872103], [120.474038, 22.871568], [120.473748, 22.870952], [120.473932, 22.871], [120.473401, 22.871171], [120.473528, 22.871492], [120.473337, 22.87104], [120.472525, 22.871176], [120.472609, 22.871381], [120.472518, 22.871429], [120.472531, 22.871606], [120.472656, 22.871589], [120.472704, 22.871523], [120.472225, 22.871378], [120.47306, 22.870404], [120.473003, 22.870208], [120.473193, 22.869716], [120.473061, 22.869391], [120.472663, 22.869405], [120.472258, 22.868417], [120.473293, 22.868453], [120.473289, 22.868053], [120.473409, 22.867592], [120.473679, 22.867388], [120.474238, 22.868009], [120.472019, 22.867911], [120.471493, 22.866714], [120.471056, 22.866775], [120.471069, 22.866886], [120.470705, 22.866595], [120.470443, 22.865862], [120.470699, 22.8653], [120.470677, 22.864904], [120.470181, 22.864257], [120.47, 22.864362], [120.46989, 22.864198], [120.469997, 22.864074], [120.469749, 22.864053], [120.469919, 22.863842], [120.470368, 22.863822], [120.470446, 22.863958], [120.470337, 22.863622], [120.47027, 22.863563], [120.470959, 22.864588], [120.470184, 22.864542], [120.470008, 22.864729], [120.470206, 22.864858], [120.46893, 22.863891], [120.466436, 22.863809], [120.466318, 22.863656], [120.465632, 22.864202], [120.46523, 22.863712], [120.465227, 22.86326], [120.465098, 22.862951], [120.464975, 22.863031], [120.465034, 22.862647], [120.464981, 22.862578], [120.465359, 22.862404], [120.465248, 22.862185], [120.465858, 22.862343], [120.465842, 22.862711], [120.465481, 22.863036], [120.465545, 22.863114], [120.465314, 22.86275], [120.465579, 22.862491], [120.466331, 22.862227], [120.466497, 22.862314], [120.466351, 22.861328], [120.465201, 22.864728], [120.465781, 22.865157], [120.464753, 22.866161], [120.467932, 22.866911], [120.463511, 22.871623], [120.466141, 22.875778], [120.46569, 22.876989], [120.464626, 22.877475], [120.46416, 22.878011], [120.46244, 22.877972], [120.461245, 22.878268], [120.459831, 22.878206], [120.459846, 22.879044], [120.458445, 22.879126], [120.458291, 22.878987], [120.458138, 22.87915], [120.458324, 22.879692], [120.458552, 22.879935], [120.458124, 22.879948], [120.458153, 22.880034], [120.45794, 22.880002], [120.458083, 22.880321], [120.458069, 22.879059], [120.457667, 22.878692], [120.457815, 22.878545], [120.458098, 22.878821], [120.460794, 22.880088], [120.460752, 22.880361], [120.460636, 22.880534], [120.460709, 22.880995], [120.460922, 22.880876], [120.46087, 22.88061], [120.461012, 22.880198], [120.461108, 22.880305], [120.461027, 22.88077], [120.461182, 22.879836], [120.463052, 22.879496], [120.463204, 22.879598], [120.464725, 22.879972], [120.465, 22.879911], [120.464977, 22.879733], [120.464866, 22.879758], [120.465251, 22.879864], [120.465342, 22.879669], [120.46547, 22.879719], [120.46566, 22.879314], [120.465531, 22.879265], [120.465436, 22.879468], [120.46576, 22.879543], [120.465474, 22.880153], [120.465647, 22.880221], [120.465981, 22.879507], [120.465816, 22.879424], [120.465422, 22.879821], [120.46528, 22.880124], [120.465149, 22.880081], [120.465203, 22.879966], [120.46661, 22.879584], [120.466573, 22.879388], [120.466809, 22.879979], [120.467463, 22.880496], [120.467965, 22.880678], [120.468377, 22.880999], [120.467611, 22.88201], [120.467228, 22.882125], [120.466973, 22.881876], [120.467209, 22.881595], [120.466878, 22.881331], [120.466735, 22.881429], [120.466647, 22.88172], [120.466046, 22.881266], [120.466168, 22.8812], [120.466327, 22.88131], [120.466071, 22.881585], [120.466152, 22.881644], [120.466074, 22.881749], [120.465482, 22.881313], [120.465614, 22.881271], [120.465987, 22.881522], [120.466856, 22.880986], [120.465349, 22.88284], [120.46487, 22.883239], [120.465015, 22.883401], [120.465579, 22.883042], [120.46571, 22.883209], [120.464837, 22.883743], [120.465624, 22.884816], [120.465469, 22.884912], [120.464613, 22.883765], [120.464814, 22.883712], [120.464681, 22.883573], [120.464462, 22.883514], [120.46498, 22.883423], [120.465201, 22.883713], [120.465069, 22.883792], [120.465956, 22.883259], [120.465933, 22.883508], [120.465197, 22.883951], [120.465292, 22.884083], [120.465917, 22.883706], [120.465779, 22.884015], [120.465406, 22.884242], [120.465508, 22.884369], [120.465753, 22.884209], [120.465729, 22.884437], [120.465605, 22.88451], [120.466349, 22.885285], [120.46751, 22.884164], [120.467731, 22.884401], [120.465752, 22.883184], [120.464371, 22.884388], [120.46352, 22.883397], [120.462794, 22.883397], [120.462894, 22.883199], [120.462835, 22.883043], [120.463017, 22.882976], [120.463561, 22.883169], [120.462494, 22.882683], [120.46227, 22.882824], [120.462208, 22.882993], [120.46255, 22.881954], [120.462624, 22.88142], [120.462793, 22.881455]]}}, {"type": "Feature", "properties": {"district": "6403000", "segment": 2, "total_segments": 33, "km": 13.92, "villages": ["三協里"]}, "geometry": {"type": "LineString", "coordinates": [[120.460357, 22.883741], [120.460448, 22.883867], [120.459233, 22.884518], [120.459179, 22.884757], [120.457658, 22.884825], [120.457666, 22.884984], [120.459148, 22.884918], [120.459096, 22.885089], [120.457508, 22.88516], [120.457472, 22.885008], [120.457543, 22.885005], [120.457347, 22.885015], [120.457329, 22.884813], [120.457392, 22.885899], [120.457306, 22.885922], [120.457551, 22.885793], [120.458912, 22.8856], [120.458896, 22.885468], [120.459053, 22.885461], [120.459104, 22.885283], [120.457515, 22.885354], [120.457515, 22.885533], [120.458837, 22.885471], [120.456714, 22.885217], [120.454592, 22.886884], [120.45444, 22.88775], [120.453929, 22.88809], [120.454983, 22.888287], [120.456281, 22.88933], [120.457489, 22.889784], [120.457772, 22.888757], [120.458103, 22.888742], [120.458903, 22.889331], [120.459261, 22.88977], [120.459561, 22.889013], [120.460322, 22.888873], [120.461095, 22.890266], [120.460162, 22.890625], [120.458976, 22.890591], [120.458264, 22.89197], [120.460145, 22.892363], [120.462478, 22.892973], [120.463633, 22.891775], [120.463944, 22.890669], [120.463231, 22.88888], [120.456232, 22.892104], [120.455163, 22.891738], [120.450512, 22.889278], [120.450592, 22.888905], [120.448947, 22.890082], [120.449869, 22.890863], [120.448353, 22.887892], [120.448867, 22.887232], [120.449197, 22.887126], [120.449202, 22.886798], [120.448785, 22.886831], [120.448557, 22.887038], [120.449171, 22.887565], [120.450081, 22.887756], [120.451025, 22.887409], [120.451872, 22.885875], [120.452363, 22.885685], [120.452336, 22.884645], [120.450646, 22.881795], [120.44783, 22.883499], [120.446648, 22.885087], [120.446908, 22.885679], [120.446589, 22.886005], [120.447077, 22.886467], [120.445977, 22.886989], [120.445692, 22.887657], [120.448157, 22.885803], [120.448028, 22.885596], [120.446929, 22.881426], [120.450808, 22.878392], [120.450344, 22.876951], [120.450609, 22.876831], [120.450695, 22.876578], [120.450501, 22.876174], [120.450661, 22.875977], [120.450153, 22.875712], [120.44985, 22.876125], [120.450091, 22.87629], [120.44964, 22.874574], [120.447447, 22.868867], [120.448601, 22.868101], [120.449071, 22.868361], [120.447585, 22.867475], [120.447237, 22.867413], [120.446407, 22.867884], [120.450785, 22.866226], [120.450864, 22.866339], [120.450912, 22.866005], [120.451218, 22.865691], [120.452148, 22.865192], [120.451861, 22.86425], [120.452022, 22.863798], [120.452579, 22.864173], [120.451931, 22.863097], [120.451564, 22.863224], [120.452225, 22.862864], [120.450733, 22.862713], [120.450383, 22.863055], [120.45026, 22.85959]]}}, {"type": "Feature", "properties": {"district": "6403000", "segment": 3, "total_segments": 33, "km": 9.85, "villages": ["三協里"]}, "geometry": {"type": "LineString", "coordinates": [[120.45923, 22.86596], [120.459997, 22.866199], [120.468216, 22.874224], [120.469034, 22.874369], [120.469976, 22.874949], [120.469944, 22.875244], [120.469667, 22.875447], [120.470673, 22.875425], [120.471063, 22.875186], [120.471106, 22.875238], [120.470954, 22.875064], [120.471391, 22.874374], [120.471374, 22.874249], [120.472652, 22.873778], [120.472653, 22.87361], [120.473346, 22.873707], [120.474713, 22.871975], [120.474673, 22.871882], [120.475151, 22.870861], [120.475545, 22.871017], [120.475716, 22.870886], [120.475017, 22.870567], [120.474891, 22.870671], [120.474708, 22.870647], [120.474527, 22.870755], [120.478615, 22.873123], [120.479123, 22.873999], [120.47832, 22.875282], [120.478049, 22.875525], [120.477235, 22.875685], [120.477246, 22.875419], [120.477578, 22.875393], [120.477395, 22.87511], [120.477221, 22.875061], [120.476733, 22.875499], [120.476839, 22.875668], [120.476569, 22.875841], [120.477734, 22.875784], [120.478091, 22.87569], [120.478082, 22.875963], [120.477906, 22.876188], [120.47794, 22.875282], [120.478025, 22.875115], [120.479688, 22.875529], [120.480341, 22.875134], [120.48143, 22.877142], [120.479186, 22.877618], [120.478948, 22.878346], [120.478753, 22.878559], [120.478911, 22.878707], [120.478559, 22.878763], [120.47825, 22.878712], [120.477814, 22.879071], [120.478122, 22.879382], [120.477352, 22.879067], [120.477232, 22.878769], [120.47669, 22.878981], [120.47659, 22.878767], [120.47636, 22.879028], [120.476708, 22.87976], [120.476646, 22.879877], [120.476205, 22.880021], [120.476264, 22.88017], [120.476609, 22.88006], [120.476645, 22.88018], [120.476302, 22.880293], [120.476351, 22.880434], [120.476696, 22.880322], [120.476761, 22.880462], [120.476581, 22.880521], [120.47665, 22.880673], [120.476494, 22.880724], [120.47657, 22.880845], [120.476993, 22.880684], [120.47703, 22.880785], [120.477139, 22.880766], [120.477052, 22.880436], [120.476921, 22.880433], [120.476795, 22.88018], [120.476824, 22.879956], [120.476918, 22.88016], [120.477189, 22.88004], [120.477433, 22.880586], [120.476685, 22.880978], [120.476729, 22.880647], [120.47681, 22.880621], [120.476256, 22.879858], [120.476239, 22.879688], [120.476135, 22.879723], [120.476154, 22.879502], [120.476334, 22.879453], [120.476148, 22.879077], [120.476407, 22.878478], [120.47637, 22.878379], [120.47606, 22.878449], [120.475757, 22.877853], [120.475597, 22.878046], [120.475868, 22.878484], [120.47595, 22.87845], [120.475605, 22.878592], [120.47564, 22.87847], [120.475394, 22.877906], [120.475341, 22.877528], [120.475454, 22.877285], [120.475829, 22.877207], [120.475793, 22.877101], [120.4756, 22.876808], [120.475394, 22.876201], [120.474575, 22.875599], [120.475931, 22.877424], [120.47624, 22.878054], [120.475392, 22.878446], [120.475794, 22.879047], [120.475908, 22.879477], [120.475537, 22.879681], [120.475225, 22.879509], [120.475423, 22.879959], [120.475469, 22.880365], [120.475054, 22.880106], [120.476875, 22.879379], [120.477028, 22.879708], [120.476742, 22.879093], [120.474524, 22.877826], [120.465663, 22.878377], [120.465469, 22.878257], [120.464517, 22.878617], [120.464004, 22.876936]]}}, {"type": "Feature", "properties": {"district": "6403000", "segment": 4, "total_segments": 33, "km": 10.37, "villages": ["中寮里"]}, "geometry": {"type": "LineString", "coordinates": [[120.432833, 22.831149], [120.432706, 22.830279], [120.430012, 22.827745], [120.428764, 22.823464], [120.428487, 22.82352], [120.428479, 22.823369], [120.428237, 22.823006], [120.428285, 22.82287], [120.428157, 22.822878], [120.428202, 22.822531], [120.428536, 22.822531], [120.428789, 22.822279], [120.428827, 22.822118], [120.42828, 22.822097], [120.427822, 22.821453], [120.428173, 22.820895], [120.428527, 22.820639], [120.429404, 22.820755], [120.429205, 22.821736], [120.430299, 22.821731], [120.430483, 22.821522], [120.429309, 22.822435], [120.429196, 22.822779], [120.429061, 22.822695], [120.428907, 22.822878], [120.428777, 22.822914], [120.429525, 22.822887], [120.427705, 22.82359], [120.427425, 22.819817], [120.426944, 22.819216], [120.426639, 22.819039], [120.426855, 22.818855], [120.426863, 22.818674], [120.42721, 22.81789], [120.427658, 22.817875], [120.427613, 22.818081], [120.428054, 22.818058], [120.427598, 22.817515], [120.426981, 22.817363], [120.426728, 22.817084], [120.426475, 22.816715], [120.426694, 22.816531], [120.426656, 22.816495], [120.425088, 22.816667], [120.424534, 22.81717], [120.424226, 22.817325], [120.424135, 22.817221], [120.424282, 22.817428], [120.424618, 22.817483], [120.424621, 22.81776], [120.42439, 22.817715], [120.424313, 22.817826], [120.424424, 22.818134], [120.424286, 22.818409], [120.42428, 22.818627], [120.424101, 22.818716], [120.424233, 22.818895], [120.424627, 22.818961], [120.425112, 22.818839], [120.425299, 22.818687], [120.42554, 22.819179], [120.425684, 22.819052], [120.42602, 22.819203], [120.425781, 22.81883], [120.425303, 22.819288], [120.426036, 22.819691], [120.426355, 22.819537], [120.426093, 22.820083], [120.423864, 22.818636], [120.423782, 22.818357], [120.423994, 22.818346], [120.423664, 22.818144], [120.424071, 22.817561], [120.424828, 22.817617], [120.425426, 22.817435], [120.424984, 22.815702], [120.423439, 22.816578], [120.42283, 22.814933], [120.422994, 22.813805], [120.422271, 22.813505], [120.421544, 22.8135], [120.428832, 22.816775], [120.462711, 22.810736]]}}, {"type": "Feature", "properties": {"district": "6403000", "segment": 5, "total_segments": 33, "km": 14.86, "villages": ["南勝里"]}, "geometry": {"type": "LineString", "coordinates": [[120.463082, 22.810649], [120.462314, 22.809852], [120.461419, 22.809824], [120.461095, 22.810061], [120.461088, 22.810157], [120.46142, 22.810248], [120.461342, 22.811344], [120.461487, 22.812116], [120.461271, 22.813212], [120.460881, 22.813793], [120.461412, 22.81395], [120.461498, 22.814056], [120.461466, 22.814314], [120.461335, 22.814395], [120.461403, 22.814651], [120.461129, 22.814558], [120.461007, 22.814346], [120.461031, 22.814171], [120.461268, 22.814126], [120.460488, 22.814018], [120.460574, 22.813691], [120.460435, 22.813668], [120.460218, 22.814191], [120.459995, 22.814071], [120.460101, 22.813579], [120.459963, 22.813545], [120.459939, 22.81361], [120.460334, 22.813643], [120.459422, 22.813616], [120.459508, 22.814088], [120.458819, 22.814918], [120.458394, 22.815655], [120.458338, 22.814131], [120.45847, 22.813917], [120.457891, 22.813713], [120.457559, 22.813761], [120.458155, 22.813145], [120.458603, 22.812822], [120.458009, 22.81239], [120.45732, 22.81112], [120.455816, 22.811825], [120.455509, 22.812231], [120.45467, 22.811843], [120.453872, 22.812079], [120.45393, 22.812577], [120.453507, 22.812876], [120.452821, 22.813749], [120.450984, 22.813427], [120.449875, 22.813431], [120.455999, 22.813837], [120.456447, 22.812491], [120.45869, 22.809995], [120.460732, 22.809656], [120.460854, 22.809778], [120.461098, 22.809461], [120.461362, 22.809412], [120.461009, 22.809012], [120.461307, 22.808981], [120.461299, 22.808784], [120.461255, 22.808565], [120.461068, 22.808411], [120.461247, 22.808127], [120.461108, 22.807927], [120.461144, 22.807432], [120.460877, 22.807687], [120.460779, 22.807073], [120.460875, 22.806757], [120.460436, 22.806571], [120.459958, 22.805717], [120.459704, 22.805812], [120.460044, 22.805197], [120.460798, 22.804498], [120.460691, 22.803344], [120.460971, 22.803346], [120.459516, 22.803122], [120.459524, 22.802816], [120.458918, 22.802776], [120.458954, 22.802596], [120.458879, 22.802459], [120.458618, 22.802508], [120.45839, 22.802262], [120.458149, 22.802495], [120.457978, 22.802222], [120.458095, 22.802084], [120.458094, 22.801817], [120.457972, 22.801691], [120.458159, 22.801562], [120.458239, 22.8014], [120.458019, 22.801333], [120.457787, 22.801367], [120.457788, 22.801146], [120.457575, 22.801104], [120.457716, 22.800958], [120.45762, 22.800846], [120.457756, 22.800797], [120.45778, 22.800579], [120.457641, 22.80054], [120.457791, 22.800343], [120.457597, 22.800228], [120.457559, 22.800118], [120.458225, 22.79999], [120.457976, 22.79963], [120.458172, 22.799618], [120.458138, 22.799419], [120.458649, 22.799228], [120.458698, 22.799321], [120.45834, 22.799478], [120.458815, 22.799833], [120.45903, 22.800599], [120.45881, 22.80045], [120.4585, 22.800548], [120.45802, 22.80049], [120.457968, 22.800663], [120.457443, 22.800812], [120.457092, 22.801031], [120.45708, 22.801106], [120.457195, 22.801266], [120.457333, 22.801235], [120.457831, 22.801893], [120.458294, 22.801746], [120.459326, 22.800222], [120.459209, 22.799985], [120.459268, 22.799819], [120.459372, 22.799997], [120.458643, 22.799197], [120.458589, 22.799027], [120.458434, 22.798928], [120.458139, 22.799277], [120.457904, 22.799014], [120.457732, 22.799128], [120.457651, 22.799054], [120.457967, 22.799361], [120.457405, 22.799608], [120.457358, 22.800181], [120.456885, 22.799864], [120.456624, 22.799958], [120.456536, 22.799662], [120.456382, 22.799522], [120.456375, 22.799363], [120.45612, 22.79943], [120.456137, 22.799738], [120.456257, 22.799964], [120.456703, 22.800228], [120.456131, 22.801123], [120.454852, 22.799471], [120.453382, 22.799112], [120.454788, 22.797977], [120.455492, 22.796515], [120.4562, 22.79649], [120.457122, 22.796728], [120.457561, 22.797087], [120.457541, 22.797193], [120.457944, 22.796911], [120.458298, 22.796835], [120.458432, 22.797147], [120.458743, 22.796941], [120.459342, 22.796964], [120.457787, 22.796559], [120.458067, 22.796163], [120.458008, 22.795354], [120.457428, 22.792822], [120.456922, 22.792751], [120.455777, 22.790304], [120.455719, 22.790008], [120.455458, 22.789722], [120.455224, 22.788136], [120.454387, 22.788041], [120.454578, 22.787375], [120.454696, 22.787378], [120.454239, 22.787504], [120.45492, 22.78668], [120.454924, 22.786438], [120.453536, 22.790569], [120.452214, 22.792878], [120.452087, 22.793399], [120.451654, 22.793212], [120.451373, 22.793253], [120.451412, 22.793478], [120.451215, 22.79353], [120.451027, 22.793288], [120.450887, 22.793305], [120.45125, 22.79302], [120.451504, 22.793508], [120.451785, 22.793683], [120.451806, 22.793892], [120.451958, 22.793904], [120.451848, 22.794093], [120.45153, 22.794202], [120.45159, 22.79399], [120.451483, 22.793818], [120.451722, 22.794353], [120.451657, 22.794406], [120.452438, 22.794044], [120.452875, 22.793545], [120.452978, 22.793906], [120.452795, 22.794426], [120.452295, 22.793662], [120.450696, 22.793574], [120.450075, 22.793949], [120.450188, 22.794173], [120.450366, 22.794161], [120.448948, 22.79376], [120.44875, 22.794065], [120.448634, 22.794057], [120.448913, 22.794346], [120.448406, 22.793731], [120.447595, 22.793611], [120.447323, 22.793636], [120.447276, 22.793774], [120.446054, 22.79462], [120.44625, 22.795006], [120.446086, 22.795113], [120.445227, 22.794869], [120.442863, 22.795281], [120.441601, 22.797042], [120.441785, 22.797536], [120.441295, 22.79756], [120.441139, 22.797895], [120.441826, 22.798217], [120.441963, 22.798518], [120.442314, 22.79839], [120.442308, 22.79808], [120.442635, 22.798041]]}}, {"type": "Feature", "properties": {"district": "6403000", "segment": 6, "total_segments": 33, "km": 14.65, "villages": ["南勝里"]}, "geometry": {"type": "LineString", "coordinates": [[120.440414, 22.799177], [120.441037, 22.799756], [120.440741, 22.80009], [120.43917, 22.797242], [120.438947, 22.797205], [120.438963, 22.797053], [120.438645, 22.797109], [120.438484, 22.796361], [120.437771, 22.796488], [120.437383, 22.796826], [120.438346, 22.797284], [120.437789, 22.797419], [120.437831, 22.7977], [120.437987, 22.79781], [120.43765, 22.797961], [120.437318, 22.797438], [120.436929, 22.797862], [120.436459, 22.797982], [120.436331, 22.797647], [120.436201, 22.797684], [120.436031, 22.797805], [120.436002, 22.797939], [120.435739, 22.797899], [120.435814, 22.798757], [120.434964, 22.797408], [120.438745, 22.797305], [120.439651, 22.796905], [120.444868, 22.796668], [120.447876, 22.793193], [120.450504, 22.791981], [120.44585, 22.783605], [120.444975, 22.783441], [120.445091, 22.783128], [120.444602, 22.783087], [120.44451, 22.783491], [120.443918, 22.783595], [120.443815, 22.783488], [120.44399, 22.783011], [120.444727, 22.782447], [120.445019, 22.781633], [120.445209, 22.781386], [120.445521, 22.781252], [120.44617, 22.780668], [120.44601, 22.780009], [120.44672, 22.779494], [120.446717, 22.779833], [120.447012, 22.779009], [120.447278, 22.778732], [120.447541, 22.778596], [120.44829, 22.779069], [120.448329, 22.779171], [120.448492, 22.779115], [120.448468, 22.779007], [120.448408, 22.779028], [120.44849, 22.779238], [120.448374, 22.779276], [120.449719, 22.778794], [120.450216, 22.77875], [120.449883, 22.778632], [120.4497, 22.77866], [120.449673, 22.777603], [120.449441, 22.777603], [120.449732, 22.777602], [120.449227, 22.777246], [120.448402, 22.777796], [120.448156, 22.777861], [120.448787, 22.776777], [120.448509, 22.776357], [120.44886, 22.77615], [120.448892, 22.775841], [120.449164, 22.77585], [120.449211, 22.775599], [120.449536, 22.775573], [120.449582, 22.775424], [120.449368, 22.77498], [120.449366, 22.774899], [120.449541, 22.774895], [120.449408, 22.774614], [120.449569, 22.774012], [120.449493, 22.773962], [120.44972, 22.774102], [120.449872, 22.774276], [120.449846, 22.774354], [120.449958, 22.774353], [120.449928, 22.774588], [120.450009, 22.774826], [120.450086, 22.774782], [120.449986, 22.774895], [120.449994, 22.775009], [120.45063, 22.774819], [120.450537, 22.774621], [120.450118, 22.774566], [120.450501, 22.77426], [120.449949, 22.773867], [120.449818, 22.773908], [120.449705, 22.773797], [120.449855, 22.773569], [120.449709, 22.773182], [120.449624, 22.773668], [120.449293, 22.77356], [120.449158, 22.773826], [120.449267, 22.773877], [120.448704, 22.773601], [120.448462, 22.773681], [120.448386, 22.773808], [120.448236, 22.773738], [120.448187, 22.773814], [120.448334, 22.773894], [120.448197, 22.774038], [120.448211, 22.773927], [120.448082, 22.77393], [120.448123, 22.773864], [120.447815, 22.773839], [120.447755, 22.77395], [120.447845, 22.773972], [120.447621, 22.774058], [120.447787, 22.77416], [120.448059, 22.774138], [120.448086, 22.774274], [120.448077, 22.774363], [120.447975, 22.774376], [120.447806, 22.774273], [120.447812, 22.77442], [120.447513, 22.774424], [120.447463, 22.774314], [120.447589, 22.774286], [120.447582, 22.774192], [120.447317, 22.774155], [120.447245, 22.774217], [120.44694, 22.773962], [120.446859, 22.773686], [120.447004, 22.773699], [120.446955, 22.773776], [120.447095, 22.773961], [120.447189, 22.773873], [120.447126, 22.773832], [120.447329, 22.77378], [120.447327, 22.773692], [120.447408, 22.773676], [120.447279, 22.773363], [120.447157, 22.773412], [120.447109, 22.773338], [120.447209, 22.773519], [120.447516, 22.773688], [120.447751, 22.773482], [120.448377, 22.773515], [120.448439, 22.773543], [120.448356, 22.77365], [120.448612, 22.773869], [120.44874, 22.773882], [120.448604, 22.774163], [120.448288, 22.774066], [120.448928, 22.774271], [120.448864, 22.774522], [120.449082, 22.774777], [120.44908, 22.774945], [120.448913, 22.77505], [120.448593, 22.77503], [120.448596, 22.775083], [120.448592, 22.774927], [120.448713, 22.775407], [120.448586, 22.775706], [120.448418, 22.775731], [120.448964, 22.775686], [120.448895, 22.775345], [120.449027, 22.775296], [120.449, 22.775195], [120.448865, 22.775244], [120.449068, 22.775168], [120.449444, 22.775736], [120.449929, 22.776029], [120.449767, 22.77622], [120.449468, 22.7769], [120.449402, 22.776707], [120.449623, 22.77515], [120.449187, 22.774395], [120.449258, 22.774213], [120.449168, 22.773175], [120.448435, 22.773177], [120.448452, 22.773267], [120.448317, 22.773137], [120.447703, 22.773135], [120.447646, 22.773366], [120.447191, 22.773114], [120.446426, 22.773355], [120.446137, 22.773679], [120.446151, 22.773385], [120.446262, 22.773378], [120.445724, 22.773504], [120.445563, 22.773427], [120.444849, 22.773433], [120.445189, 22.773062], [120.445792, 22.773069], [120.445772, 22.772747], [120.445601, 22.772774], [120.445887, 22.772977], [120.445828, 22.773919], [120.446463, 22.774227], [120.446437, 22.77413], [120.446487, 22.774339], [120.44657, 22.774331], [120.44659, 22.774424], [120.446383, 22.774469], [120.446622, 22.774745], [120.44685, 22.774252], [120.446737, 22.77414], [120.44681, 22.773918], [120.446712, 22.773833], [120.446841, 22.773935], [120.446888, 22.774144], [120.44657, 22.773928], [120.447557, 22.773954], [120.44491, 22.777195], [120.445796, 22.780271], [120.442427, 22.784565], [120.438351, 22.79014], [120.430059, 22.797184], [120.430873, 22.798419]]}}, {"type": "Feature", "properties": {"district": "6403000", "segment": 7, "total_segments": 33, "km": 14.85, "villages": ["南勝里"]}, "geometry": {"type": "LineString", "coordinates": [[120.42752, 22.796762], [120.424282, 22.797687], [120.424281, 22.794719], [120.424995, 22.79396], [120.433109, 22.801902], [120.433017, 22.80228], [120.441512, 22.804872], [120.449973, 22.802371], [120.45113, 22.801578], [120.457835, 22.798762], [120.460724, 22.796599], [120.460591, 22.801522], [120.460663, 22.801536], [120.459915, 22.802015], [120.461648, 22.807075], [120.460522, 22.808505], [120.461152, 22.810477], [120.461916, 22.811032], [120.461942, 22.813909], [120.461208, 22.814963], [120.461318, 22.815139], [120.461158, 22.815133], [120.461368, 22.815318], [120.461403, 22.815456], [120.461316, 22.815618], [120.461496, 22.816497], [120.461433, 22.816573], [120.46155, 22.816638], [120.461956, 22.820093], [120.45313, 22.781274], [120.453153, 22.779877], [120.452666, 22.779421], [120.44293, 22.773303], [120.442027, 22.773832], [120.441884, 22.773785], [120.441687, 22.773854], [120.441681, 22.773929], [120.441958, 22.774185], [120.441614, 22.77454], [120.441421, 22.773929], [120.441711, 22.773685], [120.44079, 22.773266], [120.440034, 22.773321], [120.43997, 22.773418], [120.44001, 22.773543], [120.439864, 22.773542], [120.440255, 22.773706], [120.440448, 22.773449], [120.440677, 22.773461], [120.440565, 22.773805], [120.440971, 22.773739], [120.440732, 22.77456], [120.44032, 22.775121], [120.440659, 22.775641]]}}, {"type": "Feature", "properties": {"district": "6403000", "segment": 8, "total_segments": 33, "km": 14.8, "villages": ["南勝里", "新光里"]}, "geometry": {"type": "LineString", "coordinates": [[120.439408, 22.773146], [120.438727, 22.773377], [120.438309, 22.773336], [120.437209, 22.773636], [120.436827, 22.773812], [120.436043, 22.776125], [120.430462, 22.777485], [120.430549, 22.777784], [120.430424, 22.77782], [120.429877, 22.776031], [120.429925, 22.776005], [120.440538, 22.772842], [120.452736, 22.820095], [120.450119, 22.822152], [120.449636, 22.822195], [120.449592, 22.822339], [120.449954, 22.822936], [120.449767, 22.823143], [120.449362, 22.82257], [120.449134, 22.821947], [120.450192, 22.823686], [120.448966, 22.824312], [120.445161, 22.823596], [120.444455, 22.824295], [120.445916, 22.829256], [120.445196, 22.829834], [120.448039, 22.82935], [120.448116, 22.829642], [120.448069, 22.828991], [120.443771, 22.838556], [120.443593, 22.838739], [120.443655, 22.838993], [120.444031, 22.838763], [120.444466, 22.838921], [120.442264, 22.837867], [120.441657, 22.838153], [120.44645, 22.842041], [120.446719, 22.841922], [120.446997, 22.842085], [120.446612, 22.842828], [120.446781, 22.843053], [120.447585, 22.842863], [120.447549, 22.84274], [120.44845, 22.846992], [120.454396, 22.837735]]}}, {"type": "Feature", "properties": {"district": "6403000", "segment": 9, "total_segments": 33, "km": 10.61, "villages": ["新光里"]}, "geometry": {"type": "LineString", "coordinates": [[120.458396, 22.836499], [120.458451, 22.836058], [120.459125, 22.835964], [120.459772, 22.836036], [120.459958, 22.835614], [120.460119, 22.83564], [120.460473, 22.835351], [120.460823, 22.835935], [120.460815, 22.836042], [120.461598, 22.835931], [120.462256, 22.835628], [120.462234, 22.835207], [120.4626, 22.835082], [120.462625, 22.835616], [120.463137, 22.835343], [120.463378, 22.835327], [120.463534, 22.836031], [120.463705, 22.835945], [120.463662, 22.835768], [120.463267, 22.835915], [120.463505, 22.836445], [120.463582, 22.83643], [120.463634, 22.836751], [120.463906, 22.836609], [120.463834, 22.836437], [120.464131, 22.837094], [120.463899, 22.837345], [120.463946, 22.837449], [120.463631, 22.837646], [120.463434, 22.83747], [120.463305, 22.837564], [120.463114, 22.837531], [120.463123, 22.837656], [120.463302, 22.837849], [120.463222, 22.838058], [120.462557, 22.838189], [120.462439, 22.837385], [120.46229, 22.837363], [120.462298, 22.837497], [120.462777, 22.837523], [120.462788, 22.83727], [120.463083, 22.837317], [120.464105, 22.837834], [120.463255, 22.834689], [120.463126, 22.83484], [120.463151, 22.834146], [120.462754, 22.833817], [120.462606, 22.83382], [120.46261, 22.833768], [120.4626, 22.833872], [120.462626, 22.833518], [120.462319, 22.833352], [120.462169, 22.834602], [120.462057, 22.834737], [120.462153, 22.834822], [120.462067, 22.834014], [120.461888, 22.833966], [120.462115, 22.833452], [120.461822, 22.833516], [120.461691, 22.833392], [120.461827, 22.833305], [120.46184, 22.833063], [120.461711, 22.832985], [120.46174, 22.832875], [120.46192, 22.832658], [120.461757, 22.832583], [120.46169, 22.832094], [120.462122, 22.832474], [120.462426, 22.832465], [120.462391, 22.832778], [120.462138, 22.832938], [120.462195, 22.833123], [120.462341, 22.833115], [120.462366, 22.832942], [120.46218, 22.83264], [120.462472, 22.832349], [120.46251, 22.83215], [120.46245, 22.831689], [120.462551, 22.831577], [120.462518, 22.830805], [120.462471, 22.830712], [120.462274, 22.830901], [120.462176, 22.830773], [120.462169, 22.830571], [120.462427, 22.830466], [120.462418, 22.830334], [120.462728, 22.830152], [120.462974, 22.830197], [120.462816, 22.830294], [120.462874, 22.830843], [120.462202, 22.831152], [120.462001, 22.830907], [120.461741, 22.830877], [120.461737, 22.831092], [120.461714, 22.830666], [120.462095, 22.830001], [120.46203, 22.829638], [120.462186, 22.828842], [120.46212, 22.828718], [120.462181, 22.828416], [120.462016, 22.828212], [120.462201, 22.827927], [120.462165, 22.827717], [120.461991, 22.827681], [120.46176, 22.827773], [120.461744, 22.827575], [120.461841, 22.827975], [120.461815, 22.828324], [120.461916, 22.828537], [120.461844, 22.828867], [120.461586, 22.829063], [120.462549, 22.828151], [120.462587, 22.827047], [120.462163, 22.827188], [120.462042, 22.826715], [120.462215, 22.825236], [120.462762, 22.824779], [120.462255, 22.824323], [120.462269, 22.824018], [120.460492, 22.824412], [120.459935, 22.823758], [120.459913, 22.823627], [120.460441, 22.82355], [120.460179, 22.822792], [120.460403, 22.822389], [120.461935, 22.822269], [120.461861, 22.820089], [120.459344, 22.823781], [120.459268, 22.823748], [120.459303, 22.824877], [120.457603, 22.823515], [120.457365, 22.822154], [120.457439, 22.822053], [120.460492, 22.831277], [120.460783, 22.83125], [120.460669, 22.831551], [120.460444, 22.831629], [120.460457, 22.831819], [120.460604, 22.83182], [120.460525, 22.832156], [120.460585, 22.832232], [120.4607, 22.832187], [120.460856, 22.832026], [120.461254, 22.832119], [120.461217, 22.83201], [120.461363, 22.831951], [120.461466, 22.832193], [120.461502, 22.832611], [120.461303, 22.832608], [120.46115, 22.832473], [120.461247, 22.832722], [120.460922, 22.832696], [120.460705, 22.832551], [120.460675, 22.832386], [120.460485, 22.832482], [120.460498, 22.832568], [120.460789, 22.831213], [120.46211, 22.831797], [120.462319, 22.832158], [120.462268, 22.832247], [120.462766, 22.832339], [120.462773, 22.831929], [120.463016, 22.83219], [120.46291, 22.832514], [120.462709, 22.832557], [120.462732, 22.83246], [120.462704, 22.832851], [120.462895, 22.832685], [120.462768, 22.833187], [120.462634, 22.83312], [120.462269, 22.833241], [120.462213, 22.833372], [120.462055, 22.8333], [120.462995, 22.8335], [120.463067, 22.833148], [120.463461, 22.833603], [120.464872, 22.832198], [120.459848, 22.835236]]}}, {"type": "Feature", "properties": {"district": "6403000", "segment": 10, "total_segments": 33, "km": 12.09, "villages": ["南洲里"]}, "geometry": {"type": "LineString", "coordinates": [[120.462713, 22.838563], [120.462917, 22.839332], [120.462861, 22.839545], [120.462642, 22.839553], [120.463081, 22.839841], [120.463154, 22.840193], [120.463384, 22.839617], [120.463946, 22.839584], [120.463956, 22.83941], [120.463515, 22.839457], [120.463439, 22.839265], [120.463299, 22.839471], [120.46364, 22.839826], [120.464136, 22.839598], [120.464116, 22.839393], [120.464754, 22.839403], [120.464671, 22.839168], [120.464877, 22.839187], [120.465031, 22.83946], [120.465204, 22.839593], [120.464998, 22.839758], [120.465365, 22.839978], [120.464774, 22.840058], [120.464725, 22.84022], [120.465242, 22.84021], [120.465239, 22.84031], [120.465729, 22.840076], [120.465808, 22.840587], [120.465951, 22.840648], [120.465809, 22.840743], [120.466094, 22.840919], [120.466282, 22.84082], [120.467099, 22.841487], [120.467117, 22.841603], [120.466916, 22.841684], [120.467, 22.841808], [120.467324, 22.84177], [120.467415, 22.841593], [120.466697, 22.840794], [120.466614, 22.840808], [120.466031, 22.840424], [120.465513, 22.840559], [120.465646, 22.841126], [120.466045, 22.841413], [120.466398, 22.841322], [120.46655, 22.841522], [120.466629, 22.841833], [120.466547, 22.841903], [120.466661, 22.841964], [120.466681, 22.842197], [120.466984, 22.842003], [120.466837, 22.841825], [120.466288, 22.84165], [120.466123, 22.841189], [120.467475, 22.841628], [120.467697, 22.841952], [120.468027, 22.842139], [120.468256, 22.842662], [120.468106, 22.842951], [120.468124, 22.843064], [120.468224, 22.843037], [120.468256, 22.84315], [120.468529, 22.843237], [120.468627, 22.843709], [120.468135, 22.843561], [120.467994, 22.843376], [120.46786, 22.843507], [120.467817, 22.843163], [120.467704, 22.843147], [120.467807, 22.842921], [120.467955, 22.842972], [120.468073, 22.842754], [120.468044, 22.842666], [120.467912, 22.842628], [120.467943, 22.842758], [120.467791, 22.842731], [120.467724, 22.842539], [120.467801, 22.842304], [120.467686, 22.842193], [120.46761, 22.842208], [120.467484, 22.842629], [120.467297, 22.84261], [120.467439, 22.84194], [120.467854, 22.842442], [120.4674, 22.842849], [120.467227, 22.842718], [120.467264, 22.842684], [120.46719, 22.842773], [120.466987, 22.842718], [120.466715, 22.842833], [120.46649, 22.842658], [120.466505, 22.842482], [120.466319, 22.842636], [120.466431, 22.842913], [120.465223, 22.842969], [120.465223, 22.843186], [120.466542, 22.843133], [120.467072, 22.843423], [120.467073, 22.843541], [120.467281, 22.843651], [120.467358, 22.84352], [120.467313, 22.843317], [120.46743, 22.843242], [120.46702, 22.843875], [120.467034, 22.844114], [120.46682, 22.844616], [120.466816, 22.844939], [120.466657, 22.844925], [120.466765, 22.845149], [120.466255, 22.845414], [120.466488, 22.845517], [120.466179, 22.845195], [120.466236, 22.845042], [120.46715, 22.844916], [120.467256, 22.844342], [120.467359, 22.844355], [120.467389, 22.844287], [120.46775, 22.84439], [120.468137, 22.844326], [120.4684, 22.844772], [120.467259, 22.843889], [120.46708, 22.842574], [120.466956, 22.842558], [120.467164, 22.842341], [120.465174, 22.84319], [120.464762, 22.843193], [120.464613, 22.843012], [120.464464, 22.843027], [120.464182, 22.842217], [120.46383, 22.842261], [120.464396, 22.844131], [120.464178, 22.844096], [120.46412, 22.843912], [120.463663, 22.843942], [120.464509, 22.844456], [120.464569, 22.844657], [120.464841, 22.844476], [120.465261, 22.845478], [120.465311, 22.845843], [120.465137, 22.843804], [120.465015, 22.843506], [120.464622, 22.843579], [120.464504, 22.843207], [120.464831, 22.842857], [120.464676, 22.843757], [120.463634, 22.842684], [120.463466, 22.8424], [120.462973, 22.843074], [120.462789, 22.843175], [120.462757, 22.843431], [120.462469, 22.843424], [120.46248, 22.843599], [120.462318, 22.843568], [120.462356, 22.843398], [120.461939, 22.843453], [120.461804, 22.843194], [120.462502, 22.843208], [120.46272, 22.842911], [120.462574, 22.842423], [120.46209, 22.842557], [120.461562, 22.84248], [120.461247, 22.842803], [120.460785, 22.842925], [120.460588, 22.842534], [120.460288, 22.843249], [120.460825, 22.843692], [120.461098, 22.843661], [120.460968, 22.843854], [120.461472, 22.844172], [120.461831, 22.844565], [120.461966, 22.844589], [120.462189, 22.84448], [120.460184, 22.844597], [120.459505, 22.843237], [120.459483, 22.84296], [120.458378, 22.842849], [120.458334, 22.843072], [120.461253, 22.839505], [120.463157, 22.838834], [120.463673, 22.839143], [120.463819, 22.839131], [120.463874, 22.838782], [120.464006, 22.838957], [120.464326, 22.838957], [120.46438, 22.839252], [120.464736, 22.838968], [120.464498, 22.838612], [120.464493, 22.838351], [120.46533, 22.838582], [120.465615, 22.839263], [120.46541, 22.839231], [120.465911, 22.839053], [120.466764, 22.838511], [120.466589, 22.838339], [120.466726, 22.838255], [120.46648, 22.838138], [120.466259, 22.837886], [120.466349, 22.837688], [120.466122, 22.837665], [120.466289, 22.837503], [120.465983, 22.837287], [120.465808, 22.836878], [120.465745, 22.836722], [120.46592, 22.836614], [120.466136, 22.836824], [120.466211, 22.836778], [120.466272, 22.836923], [120.466488, 22.836889], [120.466342, 22.837052], [120.466575, 22.837265], [120.466676, 22.837508], [120.466779, 22.837566], [120.466839, 22.837407], [120.466977, 22.837525], [120.466822, 22.83792], [120.467116, 22.837822], [120.467227, 22.838145], [120.46695, 22.838648], [120.466985, 22.839241], [120.4673, 22.839306], [120.467551, 22.83916], [120.467185, 22.839608], [120.467099, 22.839549], [120.466985, 22.83994], [120.465473, 22.839896], [120.464889, 22.839582], [120.464902, 22.839524], [120.464762, 22.839554], [120.464525, 22.840973], [120.463431, 22.84112], [120.463439, 22.841211], [120.463425, 22.841065], [120.463306, 22.840998], [120.463252, 22.840767], [120.463505, 22.841472], [120.466191, 22.838334], [120.466229, 22.838105], [120.46611, 22.83801], [120.467007, 22.837292], [120.465582, 22.836234]]}}, {"type": "Feature", "properties": {"district": "6403000", "segment": 11, "total_segments": 33, "km": 14.98, "villages": ["中洲里"]}, "geometry": {"type": "LineString", "coordinates": [[120.467904, 22.839101], [120.467879, 22.839723], [120.467317, 22.839687], [120.46797, 22.840664], [120.468188, 22.840448], [120.468599, 22.840961], [120.46889, 22.840774], [120.469025, 22.841886], [120.469317, 22.842015], [120.469359, 22.842171], [120.469536, 22.84211], [120.469912, 22.842612], [120.470114, 22.842485], [120.4696, 22.841901], [120.469622, 22.841523], [120.469916, 22.841477], [120.47002, 22.841881], [120.469901, 22.841998], [120.469835, 22.841954], [120.470211, 22.841802], [120.470298, 22.84189], [120.470355, 22.841713], [120.470227, 22.8416], [120.470545, 22.842099], [120.470202, 22.84221], [120.4705, 22.842281], [120.470847, 22.842189], [120.470998, 22.8425], [120.470823, 22.842582], [120.4709, 22.842793], [120.471062, 22.842885], [120.471334, 22.842861], [120.471644, 22.843121], [120.471465, 22.843338], [120.471434, 22.843501], [120.471206, 22.843561], [120.471108, 22.843405], [120.470885, 22.843363], [120.470874, 22.843226], [120.470478, 22.843026], [120.470302, 22.842768], [120.470438, 22.842712], [120.470472, 22.842856], [120.470618, 22.842765], [120.470183, 22.842631], [120.470167, 22.843117], [120.470078, 22.843289], [120.470637, 22.843374], [120.470653, 22.84355], [120.470092, 22.843556], [120.46967, 22.843937], [120.469451, 22.844], [120.469231, 22.843748], [120.469039, 22.843849], [120.468864, 22.843676], [120.469063, 22.843583], [120.468582, 22.843058], [120.469301, 22.842833], [120.469452, 22.842746], [120.469476, 22.842632], [120.469552, 22.842609], [120.469592, 22.842697], [120.469632, 22.842511], [120.469546, 22.842336], [120.469374, 22.84249], [120.469216, 22.842479], [120.469555, 22.843129], [120.469541, 22.844272], [120.469624, 22.844393], [120.469851, 22.844148], [120.470021, 22.844416], [120.47058, 22.844823], [120.470569, 22.844926], [120.470682, 22.84497], [120.470667, 22.845195], [120.470833, 22.845388], [120.470965, 22.845396], [120.471063, 22.845534], [120.471231, 22.845538], [120.471576, 22.84577], [120.471617, 22.84591], [120.471816, 22.845892], [120.472065, 22.846209], [120.471988, 22.84639], [120.472272, 22.846432], [120.472122, 22.847048], [120.472031, 22.84807], [120.471984, 22.848245], [120.471828, 22.848272], [120.472036, 22.848518], [120.470992, 22.846566], [120.47067, 22.846389], [120.471063, 22.846233], [120.471195, 22.84597], [120.471422, 22.846015], [120.471388, 22.846365], [120.471269, 22.846515], [120.470631, 22.84547], [120.470398, 22.845329], [120.470291, 22.845391], [120.470208, 22.845222], [120.470067, 22.845314], [120.470145, 22.844955], [120.470489, 22.845145], [120.47099, 22.84507], [120.470175, 22.844261], [120.470329, 22.844261], [120.469903, 22.84461], [120.469674, 22.84458], [120.469774, 22.844719], [120.469759, 22.844855], [120.46966, 22.844897], [120.469549, 22.845331], [120.469276, 22.845721], [120.468971, 22.845784], [120.469373, 22.845249], [120.469258, 22.845021], [120.469066, 22.844848], [120.468868, 22.844789], [120.469147, 22.844804], [120.469106, 22.844626], [120.469257, 22.844364], [120.469341, 22.844723], [120.46954, 22.84475], [120.469468, 22.845012], [120.46938, 22.844984], [120.469985, 22.844912], [120.471068, 22.84415], [120.471083, 22.843888], [120.470965, 22.843686], [120.471401, 22.843795], [120.471383, 22.844033], [120.471479, 22.844101], [120.471605, 22.844162], [120.471853, 22.844124], [120.471741, 22.843753], [120.471622, 22.84379], [120.471841, 22.843677], [120.471623, 22.843512], [120.472122, 22.843564], [120.472274, 22.843951], [120.471921, 22.844484], [120.472196, 22.84467], [120.471025, 22.843194], [120.47151, 22.842343], [120.471957, 22.842369], [120.472834, 22.841858], [120.47261, 22.841216], [120.469858, 22.841107], [120.469456, 22.840434], [120.469219, 22.840522], [120.469668, 22.840298], [120.469744, 22.840039], [120.469239, 22.8395], [120.467059, 22.846231], [120.467568, 22.846562], [120.468684, 22.846827], [120.474141, 22.853955], [120.424867, 22.817531]]}}, {"type": "Feature", "properties": {"district": "6403000", "segment": 12, "total_segments": 33, "km": 14.73, "villages": ["大山里"]}, "geometry": {"type": "LineString", "coordinates": [[120.451554, 22.848384], [120.451724, 22.850765], [120.451467, 22.859194], [120.450722, 22.859949], [120.451388, 22.860233], [120.454143, 22.859786], [120.455589, 22.859315], [120.462718, 22.855521], [120.462014, 22.853052], [120.462071, 22.852662], [120.462728, 22.85232], [120.462758, 22.852038], [120.463145, 22.851727], [120.463064, 22.851621], [120.463458, 22.850708], [120.463352, 22.850469], [120.463538, 22.850371], [120.46349, 22.849925], [120.463312, 22.849519], [120.46379, 22.849241], [120.464131, 22.849184], [120.464469, 22.849406], [120.465076, 22.849093], [120.465123, 22.848929], [120.465051, 22.848833], [120.464758, 22.848845], [120.465438, 22.848816], [120.465655, 22.848633], [120.465679, 22.848792], [120.465904, 22.848683], [120.466137, 22.849244], [120.466175, 22.849571], [120.465962, 22.849855], [120.466343, 22.850167], [120.466567, 22.850109], [120.466763, 22.850549], [120.466639, 22.850623], [120.466826, 22.850693], [120.466923, 22.850991], [120.466863, 22.851099], [120.466976, 22.85116], [120.467208, 22.85168], [120.467092, 22.851747], [120.46711, 22.851836], [120.466738, 22.851552], [120.466206, 22.8515], [120.466536, 22.851178], [120.46672, 22.851236], [120.466533, 22.850881], [120.466433, 22.850893], [120.466352, 22.850723], [120.466596, 22.850508], [120.46633, 22.850457], [120.466054, 22.85023], [120.466497, 22.849919], [120.466477, 22.849861], [120.467229, 22.850317], [120.467239, 22.850712], [120.46736, 22.850912], [120.467316, 22.851003], [120.467486, 22.851274], [120.467581, 22.851627], [120.468089, 22.851902], [120.468606, 22.851657], [120.469564, 22.852207], [120.46786, 22.853331], [120.467564, 22.853316], [120.46749, 22.853241], [120.466493, 22.850972], [120.468408, 22.85044], [120.467199, 22.848545], [120.467483, 22.848307], [120.4676, 22.847929], [120.467551, 22.847833], [120.467647, 22.847705], [120.467575, 22.847443], [120.467526, 22.847385], [120.467192, 22.847663], [120.46704, 22.84744], [120.46733, 22.847434], [120.467223, 22.847281], [120.467065, 22.847265], [120.466968, 22.847021], [120.466808, 22.846976], [120.466877, 22.847654], [120.466993, 22.84786], [120.4673, 22.847849], [120.467123, 22.847725], [120.466749, 22.848177], [120.466304, 22.848188], [120.466273, 22.847876], [120.466507, 22.847774], [120.46666, 22.848076], [120.466185, 22.848276], [120.465961, 22.847858], [120.466258, 22.847369], [120.466003, 22.846891], [120.465614, 22.84691], [120.465659, 22.847104], [120.465207, 22.847679], [120.465702, 22.84809], [120.46589, 22.848638], [120.465764, 22.84847], [120.466201, 22.848314], [120.466294, 22.848459], [120.465476, 22.849099], [120.464516, 22.849121], [120.462072, 22.848128], [120.463125, 22.846482], [120.464066, 22.84622], [120.464988, 22.846077], [120.465057, 22.846465], [120.464928, 22.84654], [120.464815, 22.845485], [120.464734, 22.84558], [120.463667, 22.84573], [120.464013, 22.845881], [120.464775, 22.845753], [120.466223, 22.846512], [120.466435, 22.846778], [120.466554, 22.846796], [120.466617, 22.846607], [120.466749, 22.846692], [120.467019, 22.846665], [120.468513, 22.847171], [120.468654, 22.847319], [120.468821, 22.847157], [120.469, 22.847289], [120.469092, 22.847218], [120.469352, 22.847367], [120.469343, 22.847519], [120.46924, 22.847442], [120.469526, 22.847558], [120.469893, 22.847542], [120.469924, 22.847221], [120.469721, 22.847182], [120.46973, 22.847297], [120.469475, 22.84721], [120.468908, 22.847413], [120.469655, 22.847761], [120.47202, 22.848558], [120.472189, 22.849093], [120.472142, 22.849297], [120.472227, 22.84929], [120.472208, 22.849368], [120.472313, 22.849431], [120.472384, 22.849365], [120.472389, 22.849577], [120.472562, 22.849483], [120.472797, 22.849508], [120.472853, 22.849458], [120.472786, 22.849376], [120.472966, 22.849718], [120.473126, 22.84977], [120.473232, 22.849639], [120.47288, 22.849895], [120.472696, 22.849672], [120.472777, 22.849964], [120.47242, 22.850152], [120.472149, 22.850163], [120.472047, 22.850003], [120.472188, 22.849778], [120.47219, 22.849593], [120.4723, 22.849584], [120.472036, 22.849603], [120.472038, 22.849527], [120.471946, 22.84953], [120.471949, 22.849611], [120.471929, 22.849394], [120.472045, 22.849221], [120.471986, 22.849157], [120.471919, 22.849228], [120.472325, 22.849185], [120.472481, 22.849011], [120.472348, 22.848859], [120.47228, 22.84848], [120.472476, 22.848558], [120.472195, 22.848414], [120.472372, 22.847651], [120.472349, 22.847332], [120.472453, 22.847036], [120.472408, 22.846932], [120.4725, 22.846186], [120.472293, 22.846087], [120.471915, 22.845643], [120.471897, 22.845512], [120.472226, 22.845374], [120.472474, 22.845628], [120.472382, 22.845746], [120.472572, 22.845861], [120.472519, 22.845954], [120.472669, 22.845713], [120.473263, 22.845452], [120.473208, 22.84509], [120.473884, 22.845824], [120.473881, 22.846287], [120.474342, 22.84628], [120.474783, 22.846559], [120.47464, 22.846677], [120.474857, 22.846798], [120.474975, 22.846563], [120.474845, 22.847216], [120.475068, 22.847336], [120.474892, 22.847492], [120.474927, 22.847608], [120.474741, 22.847468], [120.474484, 22.847688], [120.47452, 22.847759], [120.474266, 22.84785], [120.474221, 22.847796], [120.474485, 22.847505], [120.47441, 22.847375], [120.474499, 22.847285], [120.474243, 22.847258], [120.47423, 22.847355], [120.474138, 22.847324], [120.474024, 22.847425], [120.474103, 22.847555], [120.47421, 22.847475], [120.474148, 22.847424], [120.47396, 22.84749], [120.473976, 22.847677], [120.474101, 22.847742], [120.474009, 22.848044], [120.474081, 22.848374], [120.473723, 22.84861], [120.473575, 22.848621], [120.473602, 22.848756], [120.473447, 22.848761], [120.473734, 22.848848], [120.473723, 22.84911], [120.473785, 22.849162], [120.473562, 22.849233], [120.473092, 22.848778], [120.472779, 22.848941], [120.472621, 22.848892], [120.472542, 22.849056], [120.473416, 22.848462], [120.473721, 22.847954], [120.473786, 22.84707], [120.474082, 22.847173], [120.474165, 22.846974], [120.474099, 22.846779], [120.474753, 22.847296], [120.474689, 22.847756], [120.474596, 22.847831], [120.475052, 22.848031], [120.4745, 22.848683], [120.474642, 22.848763], [120.474287, 22.849006], [120.474082, 22.849024], [120.474033, 22.849199], [120.47195, 22.8505], [120.467291, 22.848055], [120.471503, 22.845454], [120.471628, 22.8455]]}}, {"type": "Feature", "properties": {"district": "6403000", "segment": 13, "total_segments": 33, "km": 10.77, "villages": ["大山里", "鯤洲里"]}, "geometry": {"type": "LineString", "coordinates": [[120.475587, 22.844975], [120.476476, 22.847478], [120.463094, 22.852611], [120.462508, 22.851473], [120.461548, 22.851914], [120.469296, 22.853102], [120.469743, 22.853453], [120.46986, 22.85226], [120.470625, 22.852024], [120.470586, 22.851739], [120.47073, 22.851651], [120.472975, 22.851217], [120.473351, 22.851058], [120.473159, 22.850588], [120.473013, 22.85053], [120.47334, 22.850365], [120.473288, 22.850248], [120.47344, 22.850115], [120.473307, 22.849946], [120.473228, 22.849998], [120.47354, 22.849827], [120.473665, 22.85001], [120.473687, 22.850218], [120.473825, 22.850214], [120.473824, 22.849918], [120.473666, 22.849701], [120.47387, 22.849593], [120.473998, 22.849416], [120.474148, 22.849376], [120.474118, 22.849593], [120.474539, 22.849606], [120.474709, 22.849523], [120.474746, 22.849396], [120.474517, 22.849379], [120.474503, 22.84919], [120.474422, 22.849151], [120.474826, 22.849036], [120.475035, 22.849596], [120.475243, 22.849579], [120.475247, 22.849503], [120.47517, 22.849498], [120.475281, 22.849758], [120.475197, 22.849818], [120.475136, 22.84977], [120.475102, 22.849955], [120.475319, 22.849986], [120.475379, 22.850112], [120.475468, 22.850026], [120.475706, 22.850141], [120.475768, 22.850327], [120.475872, 22.850265], [120.476005, 22.850136], [120.475997, 22.849831], [120.475776, 22.849947], [120.475794, 22.849431], [120.475363, 22.849401], [120.47545, 22.849176], [120.475219, 22.849036], [120.475313, 22.848901], [120.475297, 22.848586], [120.474946, 22.848843], [120.475157, 22.849317], [120.474848, 22.849696], [120.474811, 22.849905], [120.474649, 22.849869], [120.474499, 22.849988], [120.474552, 22.850203], [120.474744, 22.850259], [120.474855, 22.850076], [120.475154, 22.850309], [120.475439, 22.850295], [120.475583, 22.850423], [120.475476, 22.85064], [120.475779, 22.850737], [120.475946, 22.850622], [120.475997, 22.850991], [120.476182, 22.851], [120.476588, 22.850795], [120.476664, 22.850532], [120.476439, 22.850358], [120.476241, 22.850607], [120.475598, 22.85102], [120.475749, 22.851166], [120.475684, 22.851238], [120.475738, 22.851353], [120.475573, 22.851493], [120.475272, 22.851186], [120.475035, 22.851172], [120.474902, 22.850995], [120.474788, 22.850968], [120.47476, 22.85078], [120.474951, 22.850659], [120.474886, 22.850601], [120.475054, 22.850763], [120.474588, 22.850534], [120.474649, 22.851175], [120.474491, 22.851346], [120.474732, 22.851477], [120.474479, 22.851705], [120.474489, 22.851816], [120.474321, 22.851866], [120.474358, 22.851979], [120.474439, 22.852071], [120.474594, 22.851962], [120.474628, 22.852225], [120.474513, 22.852366], [120.474787, 22.852418], [120.474992, 22.852186], [120.475121, 22.852437], [120.475325, 22.852395], [120.475484, 22.852478], [120.475961, 22.852349], [120.476013, 22.852204], [120.476345, 22.852194], [120.476639, 22.852566], [120.476284, 22.852793], [120.476155, 22.852596], [120.47588, 22.852712], [120.475792, 22.852585], [120.475694, 22.852781], [120.475776, 22.852883], [120.475612, 22.853084], [120.474989, 22.852776], [120.474984, 22.852671], [120.474905, 22.852951], [120.474357, 22.853259], [120.474399, 22.853355], [120.474306, 22.853446], [120.474298, 22.853055], [120.474031, 22.852438], [120.474207, 22.852071], [120.473885, 22.851775], [120.473619, 22.851748], [120.473386, 22.851123], [120.473652, 22.850999], [120.473385, 22.850435], [120.473869, 22.850625], [120.473708, 22.851173], [120.473827, 22.851472], [120.473755, 22.852015], [120.474954, 22.85174], [120.475148, 22.851815], [120.475333, 22.852198], [120.475514, 22.852071], [120.476933, 22.852235], [120.477224, 22.851809], [120.477165, 22.851547], [120.477311, 22.851548], [120.477348, 22.851367], [120.477493, 22.851426], [120.477534, 22.851575], [120.477822, 22.851617], [120.477913, 22.85122], [120.47771, 22.851244], [120.477485, 22.851103], [120.477626, 22.850856], [120.478008, 22.85077], [120.478155, 22.851122], [120.478474, 22.850964], [120.478462, 22.850526], [120.477157, 22.850433], [120.476677, 22.849961], [120.476254, 22.84983], [120.476208, 22.84953], [120.476089, 22.849528], [120.475859, 22.849091], [120.476152, 22.848921], [120.476014, 22.848564], [120.476469, 22.847779], [120.47714, 22.847959], [120.477227, 22.850819], [120.476894, 22.851039], [120.477201, 22.852218], [120.477798, 22.852164], [120.477828, 22.851961], [120.478153, 22.852354], [120.473621, 22.849742], [120.469947, 22.857049]]}}, {"type": "Feature", "properties": {"district": "6403000", "segment": 14, "total_segments": 33, "km": 14.21, "villages": ["上洲里"]}, "geometry": {"type": "LineString", "coordinates": [[120.468998, 22.857103], [120.468508, 22.856964], [120.468524, 22.856847], [120.468327, 22.856511], [120.471003, 22.856657], [120.471282, 22.856342], [120.471355, 22.856104], [120.4715, 22.856097], [120.471218, 22.855988], [120.471036, 22.856014], [120.471047, 22.855869], [120.471261, 22.855672], [120.471539, 22.855036], [120.471213, 22.854892], [120.471108, 22.854653], [120.472181, 22.855219], [120.472277, 22.855054], [120.472435, 22.855036], [120.472416, 22.855676], [120.472673, 22.855564], [120.472638, 22.855331], [120.472495, 22.855297], [120.472786, 22.854767], [120.473019, 22.85468], [120.473005, 22.854458], [120.472938, 22.854465], [120.473102, 22.85446], [120.472649, 22.854564], [120.472668, 22.854395], [120.47258, 22.854182], [120.472457, 22.854151], [120.472474, 22.854003], [120.47283, 22.854223], [120.473131, 22.853993], [120.472941, 22.853905], [120.473054, 22.853541], [120.472863, 22.853277], [120.47286, 22.85319], [120.473117, 22.853082], [120.47301, 22.853013], [120.473056, 22.852821], [120.473264, 22.852879], [120.473395, 22.853044], [120.473864, 22.852856], [120.473997, 22.853095], [120.474093, 22.853131], [120.474307, 22.853627], [120.474308, 22.853843], [120.474522, 22.854023], [120.474333, 22.85446], [120.474356, 22.854734], [120.474189, 22.854805], [120.474114, 22.854642], [120.473924, 22.854652], [120.473815, 22.854778], [120.473949, 22.855007], [120.473767, 22.854566], [120.473669, 22.854612], [120.473545, 22.854472], [120.473123, 22.855056], [120.472789, 22.855922], [120.472697, 22.85594], [120.472627, 22.855818], [120.47228, 22.855861], [120.472109, 22.855471], [120.472348, 22.856071], [120.473524, 22.856471], [120.473947, 22.856429], [120.47401, 22.856605], [120.474208, 22.856556], [120.474165, 22.856335], [120.47423, 22.856667], [120.474346, 22.856786], [120.47402, 22.857285], [120.47408, 22.857455], [120.4738, 22.857093], [120.474399, 22.856165], [120.474358, 22.856075], [120.475304, 22.855631], [120.475335, 22.85504], [120.475307, 22.854753], [120.475189, 22.854634], [120.475, 22.854562], [120.474616, 22.854613], [120.474743, 22.854843], [120.47482, 22.854882], [120.474941, 22.854784], [120.47501, 22.854942], [120.474127, 22.85451], [120.47408, 22.854332], [120.474244, 22.854148], [120.474223, 22.854075], [120.474001, 22.854061], [120.47415, 22.853916], [120.473902, 22.853732], [120.473595, 22.85415], [120.47336, 22.854191], [120.473192, 22.85331], [120.472666, 22.853184], [120.472578, 22.852913], [120.472798, 22.85282], [120.472868, 22.85255], [120.473481, 22.852474], [120.473474, 22.852607], [120.473482, 22.852311], [120.473819, 22.852066], [120.473797, 22.852685], [120.473922, 22.852832], [120.474005, 22.853288], [120.474449, 22.85342], [120.474519, 22.853611], [120.474638, 22.853511], [120.474778, 22.85378], [120.474977, 22.853754], [120.475066, 22.85355], [120.475009, 22.853274], [120.476791, 22.853853], [120.477082, 22.853869], [120.477231, 22.853709], [120.477502, 22.854011], [120.477355, 22.854205], [120.47714, 22.854127], [120.477178, 22.854555], [120.476919, 22.854556], [120.476905, 22.854779], [120.476885, 22.854262], [120.477456, 22.854247], [120.477786, 22.854594], [120.477919, 22.85461], [120.477322, 22.855399], [120.477134, 22.855417], [120.477113, 22.855563], [120.477485, 22.855496], [120.476464, 22.856145], [120.476772, 22.856524], [120.476342, 22.856668], [120.476273, 22.856395], [120.475821, 22.856286], [120.475747, 22.856323], [120.475694, 22.856988], [120.476335, 22.856851], [120.476326, 22.8568], [120.473514, 22.858271], [120.472396, 22.858504], [120.472395, 22.858657], [120.472233, 22.858684], [120.472225, 22.858533], [120.472301, 22.860172], [120.472147, 22.860177], [120.472094, 22.858961], [120.472441, 22.858935], [120.47251, 22.860162], [120.472412, 22.860802], [120.471799, 22.860099], [120.470516, 22.859647], [120.469715, 22.860424], [120.469439, 22.860322], [120.469196, 22.86046], [120.468919, 22.860353], [120.468935, 22.860547], [120.469016, 22.860554], [120.468974, 22.860809], [120.468824, 22.860922], [120.46903, 22.861038], [120.468731, 22.860663], [120.468433, 22.860939], [120.468536, 22.86139], [120.467739, 22.860274], [120.471432, 22.858545], [120.471277, 22.858192], [120.471954, 22.857525], [120.471849, 22.857239], [120.472263, 22.857938], [120.47244, 22.858898], [120.472317, 22.853171], [120.472494, 22.852422], [120.472728, 22.852535], [120.472637, 22.852637], [120.471833, 22.852686], [120.471878, 22.852852], [120.472009, 22.852929], [120.472014, 22.853102], [120.471829, 22.85313], [120.478065, 22.853552], [120.462892, 22.863031], [120.462958, 22.865282], [120.462647, 22.865306], [120.462608, 22.865849], [120.464109, 22.865005], [120.461854, 22.869805], [120.451257, 22.863452]]}}, {"type": "Feature", "properties": {"district": "6403000", "segment": 15, "total_segments": 33, "km": 14.94, "villages": ["廣福里"]}, "geometry": {"type": "LineString", "coordinates": [[120.488816, 22.855784], [120.489654, 22.855772], [120.489691, 22.856204], [120.489956, 22.856491], [120.490088, 22.857074], [120.48959, 22.858198], [120.49389, 22.855532], [120.492218, 22.847707], [120.492122, 22.847532], [120.489822, 22.846197], [120.489265, 22.846446], [120.489144, 22.846294], [120.488723, 22.846457], [120.488714, 22.845948], [120.490038, 22.844464], [120.490123, 22.843818], [120.489098, 22.843798], [120.48842, 22.84239], [120.485513, 22.8418], [120.492399, 22.843709], [120.495352, 22.842562], [120.494911, 22.841696], [120.504299, 22.847458], [120.504257, 22.848022], [120.504345, 22.848479], [120.504215, 22.8486], [120.503929, 22.848534], [120.503929, 22.848755], [120.503867, 22.848775], [120.503933, 22.848938], [120.504187, 22.848889], [120.504319, 22.848969], [120.50458, 22.848758], [120.503999, 22.848739], [120.503676, 22.848581], [120.503528, 22.848602], [120.503545, 22.848702], [120.506934, 22.850446], [120.504598, 22.852231], [120.504633, 22.853873], [120.504719, 22.853963], [120.505061, 22.855928], [120.50529, 22.855923], [120.505303, 22.856153], [120.505109, 22.856194], [120.50507, 22.856116], [120.505022, 22.856323], [120.505039, 22.856863], [120.505188, 22.856886], [120.505013, 22.857208], [120.504946, 22.857661], [120.505122, 22.857637], [120.505113, 22.857712], [120.505246, 22.857812], [120.505489, 22.857672], [120.505434, 22.857582], [120.505523, 22.857508], [120.505851, 22.857701], [120.505632, 22.857755], [120.505572, 22.858017], [120.504888, 22.857933], [120.504941, 22.85783], [120.504559, 22.857888], [120.504283, 22.857729], [120.504045, 22.857722], [120.503832, 22.85783], [120.503526, 22.857758], [120.5038, 22.857477], [120.504269, 22.857498], [120.50428, 22.857317], [120.504537, 22.85727], [120.504563, 22.857068], [120.504661, 22.857074], [120.504615, 22.856951], [120.504515, 22.856944], [120.504666, 22.856769], [120.504706, 22.856225], [120.504551, 22.856029], [120.504278, 22.856023], [120.504218, 22.85615], [120.504127, 22.856065], [120.504088, 22.856338], [120.504284, 22.856395], [120.504421, 22.856236], [120.504427, 22.85654], [120.504288, 22.856547], [120.504279, 22.856751], [120.504525, 22.856704], [120.504093, 22.856761], [120.504075, 22.856976], [120.504278, 22.85707], [120.503689, 22.857213], [120.503599, 22.857044], [120.503975, 22.85653], [120.50543, 22.856412], [120.505647, 22.856196], [120.505349, 22.857411], [120.505266, 22.857506], [120.505118, 22.857442], [120.505702, 22.857425], [120.505726, 22.85729], [120.505724, 22.858017], [120.506084, 22.858036], [120.506671, 22.857857], [120.505874, 22.858278], [120.504573, 22.857653], [120.504339, 22.858049], [120.504119, 22.858125], [120.504104, 22.858057], [120.504195, 22.858244], [120.507206, 22.859294], [120.507288, 22.859481], [120.508397, 22.860695], [120.508656, 22.861076], [120.509396, 22.861551], [120.509849, 22.862726], [120.510604, 22.862884], [120.510975, 22.862317], [120.511284, 22.862331], [120.511579, 22.862497], [120.512362, 22.862433], [120.514729, 22.862505], [120.517098, 22.862239], [120.517057, 22.859774], [120.518785, 22.859119], [120.519417, 22.858719], [120.519519, 22.858873], [120.519615, 22.8586], [120.519538, 22.858517], [120.519533, 22.857556], [120.519018, 22.857576], [120.518801, 22.85734], [120.518444, 22.857334], [120.519154, 22.85684], [120.519261, 22.85695], [120.519344, 22.85687], [120.519339, 22.856641], [120.519483, 22.857371], [120.519381, 22.857399], [120.518453, 22.856483], [120.51746, 22.856299], [120.518164, 22.855843], [120.517241, 22.857136], [120.51571, 22.856935], [120.51568, 22.857268], [120.51556, 22.857264], [120.514849, 22.856841], [120.514538, 22.85723], [120.513038, 22.856161], [120.512272, 22.85488], [120.511842, 22.85475], [120.511585, 22.854892], [120.510983, 22.854949], [120.508442, 22.856186], [120.507482, 22.856226], [120.507589, 22.857412], [120.509738, 22.858278], [120.51047, 22.857619], [120.511933, 22.858708], [120.510535, 22.862104]]}}, {"type": "Feature", "properties": {"district": "6403000", "segment": 16, "total_segments": 33, "km": 14.78, "villages": ["廣福里"]}, "geometry": {"type": "LineString", "coordinates": [[120.514215, 22.854014], [120.516041, 22.853343], [120.51617, 22.853488], [120.517112, 22.853055], [120.517156, 22.852947], [120.517625, 22.852878], [120.517558, 22.853717], [120.518154, 22.854215], [120.518678, 22.85367], [120.519093, 22.853465], [120.518983, 22.852736], [120.516873, 22.854315], [120.5137, 22.842844], [120.486844, 22.849905], [120.511291, 22.932748]]}}, {"type": "Feature", "properties": {"district": "6403000", "segment": 17, "total_segments": 33, "km": 13.4, "villages": ["東昌里"]}, "geometry": {"type": "LineString", "coordinates": [[120.494212, 22.882176], [120.494233, 22.882104], [120.493383, 22.881744], [120.493049, 22.881725], [120.493085, 22.881573], [120.492863, 22.881534], [120.49289, 22.881384], [120.492835, 22.881367], [120.492561, 22.8813], [120.492514, 22.881652], [120.492848, 22.881662], [120.492953, 22.881402], [120.492974, 22.881225], [120.492607, 22.881123], [120.492634, 22.880996], [120.493008, 22.881101], [120.493182, 22.881054], [120.493237, 22.881329], [120.493394, 22.881403], [120.493371, 22.881475], [120.49359, 22.881002], [120.493268, 22.880758], [120.493081, 22.880801], [120.492749, 22.880702], [120.492707, 22.880824], [120.493059, 22.880921], [120.493098, 22.880621], [120.492798, 22.88053], [120.492819, 22.880444], [120.493117, 22.880525], [120.49315, 22.880375], [120.492885, 22.880299], [120.492915, 22.880187], [120.49317, 22.880266], [120.493191, 22.88009], [120.492949, 22.880022], [120.492981, 22.879902], [120.49321, 22.879972], [120.49331, 22.880129], [120.494091, 22.880247], [120.493906, 22.879876], [120.493743, 22.879976], [120.493425, 22.879944], [120.493487, 22.879425], [120.493573, 22.879413], [120.49359, 22.879542], [120.493719, 22.879575], [120.493682, 22.879842], [120.493566, 22.879733], [120.493742, 22.879481], [120.493983, 22.879423], [120.493968, 22.879636], [120.494152, 22.879615], [120.494327, 22.880051], [120.494845, 22.880124], [120.494724, 22.880242], [120.494349, 22.880209], [120.494428, 22.880484], [120.494553, 22.880527], [120.49465, 22.880356], [120.494776, 22.880394], [120.494703, 22.880709], [120.494275, 22.881599], [120.49425, 22.881933], [120.49406, 22.881846], [120.493969, 22.881624], [120.49411, 22.881588], [120.494093, 22.881266], [120.493796, 22.881241], [120.49358, 22.881547], [120.493745, 22.881825], [120.493957, 22.880593], [120.493964, 22.880518], [120.493883, 22.880503], [120.494237, 22.880496], [120.494228, 22.880601], [120.494424, 22.880667], [120.49479, 22.88035], [120.49513, 22.880209], [120.495874, 22.880371], [120.495791, 22.880216], [120.495923, 22.88009], [120.495796, 22.879934], [120.495533, 22.879856], [120.495521, 22.87971], [120.495561, 22.879581], [120.496047, 22.879712], [120.496127, 22.879306], [120.495984, 22.879286], [120.495939, 22.879455], [120.495615, 22.879363], [120.49561, 22.879256], [120.495816, 22.879336], [120.495891, 22.879122], [120.495695, 22.879075], [120.495729, 22.878978], [120.496182, 22.879076], [120.496154, 22.879177], [120.495957, 22.879137], [120.495975, 22.878862], [120.49623, 22.878913], [120.496258, 22.8788], [120.495825, 22.878713], [120.495779, 22.878816], [120.495908, 22.878842], [120.495973, 22.878575], [120.496299, 22.878636], [120.49635, 22.878511], [120.496081, 22.878458], [120.495915, 22.878565], [120.496237, 22.878305], [120.496438, 22.878337], [120.496568, 22.878116], [120.496574, 22.8778], [120.496731, 22.877596], [120.496233, 22.87707], [120.494904, 22.878725], [120.494908, 22.878942], [120.494518, 22.878739], [120.494223, 22.878937], [120.494212, 22.879126], [120.493915, 22.879116], [120.493924, 22.878937], [120.494043, 22.878753], [120.493378, 22.878759], [120.493187, 22.878884], [120.493388, 22.879018], [120.49361, 22.879029], [120.493272, 22.879372], [120.493177, 22.879364], [120.493204, 22.879287], [120.493148, 22.879452], [120.493284, 22.879485], [120.493243, 22.879655], [120.493072, 22.879609], [120.493035, 22.879708], [120.493233, 22.879776], [120.493415, 22.87999], [120.493429, 22.880505], [120.494501, 22.879866], [120.49446, 22.879659], [120.494337, 22.879617], [120.494332, 22.879691], [120.494361, 22.879474], [120.494488, 22.879433], [120.494789, 22.879622], [120.494806, 22.879771], [120.495012, 22.879823], [120.495031, 22.880004], [120.495184, 22.880117], [120.495662, 22.880072], [120.495441, 22.879601], [120.49529, 22.879558], [120.495022, 22.879624], [120.495016, 22.879491], [120.494908, 22.879516], [120.495978, 22.879462], [120.494125, 22.878223], [120.492949, 22.878554], [120.492735, 22.878413], [120.492839, 22.878277], [120.492544, 22.87824], [120.492484, 22.878869], [120.492517, 22.879023], [120.492682, 22.879044], [120.4929, 22.878872], [120.492131, 22.878937], [120.491941, 22.878366], [120.491718, 22.878892], [120.492185, 22.879526], [120.491603, 22.88023], [120.491067, 22.880699], [120.492009, 22.881227], [120.491809, 22.881652], [120.492401, 22.880534], [120.492241, 22.877758], [120.491778, 22.877188], [120.492416, 22.877185], [120.497227, 22.875861], [120.496934, 22.87503], [120.497261, 22.874799], [120.497557, 22.872721], [120.497378, 22.872391], [120.496406, 22.87173], [120.494356, 22.871275], [120.494901, 22.870078], [120.494072, 22.8691], [120.493437, 22.869578], [120.493639, 22.870039], [120.49328, 22.87023], [120.492209, 22.868845], [120.491927, 22.868797], [120.491492, 22.86895], [120.491227, 22.869596], [120.490017, 22.869949], [120.489607, 22.868846], [120.489289, 22.868759], [120.489271, 22.868569], [120.489131, 22.868609], [120.489551, 22.868519], [120.489586, 22.868334], [120.490278, 22.867916], [120.490234, 22.867721], [120.492092, 22.86838], [120.490093, 22.870168], [120.490269, 22.870642], [120.489997, 22.870645], [120.489915, 22.870326], [120.490139, 22.871012], [120.490554, 22.87106], [120.48905, 22.873244], [120.488729, 22.8733], [120.485983, 22.870732], [120.48563, 22.870318], [120.483697, 22.86967], [120.484324, 22.868503], [120.4838, 22.868187], [120.486307, 22.866603], [120.487988, 22.869245], [120.487083, 22.869214], [120.487272, 22.869782], [120.485928, 22.860692], [120.485217, 22.858456], [120.48521, 22.857365]]}}, {"type": "Feature", "properties": {"district": "6403000", "segment": 18, "total_segments": 33, "km": 14.98, "villages": ["東平里"]}, "geometry": {"type": "LineString", "coordinates": [[120.49584, 22.868939], [120.495259, 22.869611], [120.49727, 22.871752], [120.49799, 22.873652], [120.497773, 22.878965], [120.497321, 22.878876], [120.496603, 22.879008], [120.496599, 22.879243], [120.49636, 22.879771], [120.496266, 22.880203], [120.496378, 22.880335], [120.496303, 22.880405], [120.496115, 22.880361], [120.496083, 22.880555], [120.496273, 22.880608], [120.496158, 22.880665], [120.495847, 22.881762], [120.495448, 22.881922], [120.495323, 22.882433], [120.495157, 22.882365], [120.495019, 22.882066], [120.494539, 22.881907], [120.495044, 22.880439], [120.495797, 22.880526], [120.495631, 22.880936], [120.49549, 22.881009], [120.495447, 22.881208], [120.495052, 22.881393], [120.495207, 22.881481], [120.495163, 22.881635], [120.494915, 22.881645], [120.49472, 22.881832], [120.495128, 22.881943], [120.495207, 22.881788], [120.495391, 22.881692], [120.495378, 22.881517], [120.495313, 22.881506], [120.495107, 22.881051], [120.495108, 22.880924], [120.495228, 22.880871], [120.495114, 22.880788], [120.495184, 22.8806], [120.495402, 22.880692], [120.495384, 22.8809], [120.49492, 22.881113], [120.494651, 22.882073], [120.49488, 22.882207], [120.494823, 22.882444], [120.494444, 22.882314], [120.494449, 22.882072], [120.494275, 22.882488], [120.49519, 22.882894], [120.494962, 22.883225], [120.495195, 22.88334], [120.495025, 22.883486], [120.494486, 22.883237], [120.49434, 22.883275], [120.494177, 22.883567], [120.493738, 22.883325], [120.493573, 22.883558], [120.493509, 22.883523], [120.493835, 22.883732], [120.493697, 22.883971], [120.493795, 22.884025], [120.493646, 22.884066], [120.493548, 22.88426], [120.494042, 22.884415], [120.493981, 22.884597], [120.493487, 22.884444], [120.493432, 22.884659], [120.493791, 22.884762], [120.493236, 22.88463], [120.493408, 22.884224], [120.493223, 22.88397], [120.493297, 22.883831], [120.49284, 22.883599], [120.492657, 22.883873], [120.492444, 22.883856], [120.492391, 22.883724], [120.492241, 22.88366], [120.492211, 22.883398], [120.492303, 22.883136], [120.491899, 22.88298], [120.49156, 22.883149], [120.490994, 22.882749], [120.491146, 22.882628], [120.490842, 22.882325], [120.49082, 22.882483], [120.490866, 22.882557], [120.491181, 22.882346], [120.49141, 22.882555], [120.492216, 22.882855], [120.492526, 22.882703], [120.492718, 22.882508], [120.492775, 22.882199], [120.492955, 22.881979], [120.493254, 22.882003], [120.494235, 22.882471], [120.494181, 22.882829], [120.493846, 22.88269], [120.493679, 22.882949], [120.493533, 22.882664], [120.493609, 22.882633], [120.493241, 22.882518], [120.493304, 22.882712], [120.493204, 22.882797], [120.492894, 22.882692], [120.492786, 22.882886], [120.492735, 22.882862], [120.493087, 22.883054], [120.493132, 22.88297], [120.492933, 22.882873], [120.492943, 22.882562], [120.493193, 22.882161], [120.493325, 22.882352], [120.49346, 22.882333], [120.493884, 22.882584], [120.494098, 22.883278], [120.494044, 22.883378], [120.494238, 22.883658], [120.494315, 22.883561], [120.494969, 22.883864], [120.49506, 22.883618], [120.494404, 22.883383], [120.494579, 22.883086], [120.494922, 22.883208], [120.494703, 22.882863], [120.495505, 22.882994], [120.495526, 22.88267], [120.495677, 22.882287], [120.495922, 22.882271], [120.495659, 22.882697], [120.496142, 22.882869], [120.496063, 22.883243], [120.496231, 22.8833], [120.496059, 22.883556], [120.496742, 22.883604], [120.496673, 22.883828], [120.496785, 22.884187], [120.496759, 22.884334], [120.496965, 22.884629], [120.497202, 22.884113], [120.497092, 22.88374], [120.497309, 22.883687], [120.497902, 22.883878], [120.498077, 22.883578], [120.498131, 22.883416], [120.497937, 22.883507], [120.49788, 22.883381], [120.497779, 22.883462], [120.497634, 22.883448], [120.497714, 22.883101], [120.497654, 22.882929], [120.497435, 22.882886], [120.497223, 22.883351], [120.497349, 22.883399], [120.496922, 22.88325], [120.496828, 22.88312], [120.496553, 22.883072], [120.495946, 22.883223], [120.495984, 22.883911], [120.495009, 22.884013], [120.494855, 22.883938], [120.494376, 22.884461], [120.494098, 22.88421], [120.493922, 22.884151], [120.494111, 22.884039], [120.494113, 22.883856], [120.493469, 22.88392], [120.49343, 22.883725], [120.493219, 22.883408], [120.492635, 22.88364], [120.492747, 22.883376], [120.493293, 22.883083], [120.492842, 22.883982], [120.49304, 22.884068], [120.492477, 22.88412], [120.491616, 22.883306], [120.491606, 22.882939], [120.49128, 22.882729], [120.491036, 22.88204], [120.490591, 22.882105], [120.490556, 22.882002], [120.491144, 22.881928], [120.491948, 22.882429], [120.492889, 22.885488], [120.492801, 22.885782], [120.492796, 22.886624], [120.494355, 22.887081], [120.495526, 22.886714], [120.495624, 22.886596], [120.495146, 22.886553], [120.495188, 22.886216], [120.49505, 22.886149], [120.494759, 22.885758], [120.494679, 22.885755], [120.494805, 22.885427], [120.49496, 22.88543], [120.494914, 22.885254], [120.49476, 22.885253], [120.495149, 22.885305], [120.495147, 22.885124], [120.496247, 22.885353], [120.497219, 22.885435], [120.497626, 22.885646], [120.497415, 22.885919], [120.498233, 22.886022], [120.498846, 22.885834], [120.499473, 22.886095], [120.499381, 22.886507], [120.499654, 22.886684], [120.49923, 22.886575], [120.498766, 22.886239], [120.499127, 22.887262], [120.498706, 22.88737], [120.498464, 22.887989], [120.498321, 22.888139], [120.498109, 22.888082], [120.498047, 22.888156], [120.498171, 22.888326], [120.497832, 22.888813], [120.49762, 22.888936], [120.497517, 22.889804], [120.497659, 22.88998], [120.497938, 22.889366], [120.498585, 22.889392], [120.499271, 22.888956], [120.499656, 22.889088], [120.499583, 22.889337], [120.499408, 22.888581], [120.499971, 22.888378], [120.499831, 22.887946], [120.500891, 22.887366], [120.501632, 22.888051], [120.501572, 22.888501], [120.501183, 22.889159], [120.500951, 22.889403], [120.500857, 22.889028], [120.500512, 22.8896], [120.500018, 22.890057], [120.500203, 22.890801], [120.49946, 22.891518], [120.49932, 22.892283], [120.498586, 22.892339], [120.498136, 22.892743], [120.497697, 22.892092], [120.497214, 22.891912], [120.496975, 22.892041], [120.496093, 22.891755], [120.495972, 22.891247], [120.498547, 22.891349], [120.501257, 22.891341], [120.501392, 22.891223], [120.501443, 22.890682], [120.501611, 22.890565], [120.50144, 22.890347], [120.502033, 22.890175], [120.502317, 22.889595], [120.502431, 22.889541], [120.50261, 22.89007], [120.502321, 22.890261], [120.502965, 22.889262], [120.502797, 22.888686], [120.503019, 22.888392], [120.502814, 22.888272], [120.503771, 22.887955], [120.503967, 22.888031], [120.503867, 22.888333], [120.504285, 22.887434], [120.503769, 22.887034], [120.504404, 22.886089], [120.504695, 22.886188], [120.505079, 22.88612], [120.505066, 22.886328], [120.505224, 22.886369], [120.50513, 22.886509], [120.504992, 22.886481], [120.505286, 22.886557], [120.505147, 22.886818], [120.505234, 22.887073], [120.506002, 22.886989], [120.506765, 22.887059], [120.506433, 22.88811], [120.506422, 22.888462], [120.506293, 22.888832], [120.505915, 22.88894], [120.506159, 22.889234], [120.505461, 22.889202], [120.504843, 22.888796]]}}, {"type": "Feature", "properties": {"district": "6403000", "segment": 19, "total_segments": 33, "km": 14.96, "villages": ["東平里"]}, "geometry": {"type": "LineString", "coordinates": [[120.504626, 22.890604], [120.503935, 22.890669], [120.503924, 22.890945], [120.504091, 22.891179], [120.503371, 22.891387], [120.503526, 22.892007], [120.503422, 22.892472], [120.502562, 22.892457], [120.501477, 22.893215], [120.501813, 22.894984], [120.504129, 22.895133], [120.504325, 22.895459], [120.504189, 22.895637], [120.504687, 22.895229], [120.505008, 22.89448], [120.506117, 22.894692], [120.507055, 22.894375], [120.506859, 22.893248], [120.505342, 22.89239], [120.505668, 22.891853], [120.506327, 22.891793], [120.50468, 22.892942], [120.504036, 22.89304], [120.503753, 22.896255], [120.503934, 22.89637], [120.504004, 22.896334], [120.503897, 22.896491], [120.504024, 22.896559], [120.504555, 22.896516], [120.505883, 22.897023], [120.507985, 22.895922], [120.503464, 22.897538], [120.502052, 22.903839], [120.501183, 22.904755], [120.501463, 22.905431], [120.501364, 22.905762], [120.502089, 22.905818], [120.501018, 22.907192], [120.500783, 22.907196], [120.500404, 22.904163], [120.499871, 22.904035], [120.499721, 22.90366], [120.498828, 22.903393], [120.498136, 22.902762], [120.498061, 22.902457], [120.498355, 22.902159], [120.496491, 22.903575], [120.49609, 22.903278], [120.497312, 22.905396], [120.495715, 22.901207], [120.495396, 22.901323], [120.495208, 22.901229], [120.494668, 22.900881], [120.493508, 22.899798], [120.493412, 22.899469], [120.492997, 22.899544], [120.493535, 22.899023], [120.492898, 22.898327], [120.492971, 22.900593], [120.492172, 22.895902], [120.492611, 22.895233], [120.491398, 22.895216], [120.490423, 22.894823], [120.491861, 22.893721], [120.492213, 22.893933], [120.492271, 22.893076], [120.491531, 22.892509], [120.491312, 22.89245], [120.496148, 22.886618], [120.496446, 22.886125], [120.498656, 22.884108], [120.498786, 22.884144], [120.499049, 22.884443], [120.499728, 22.884121], [120.5002, 22.884517], [120.500993, 22.883663], [120.500703, 22.883081], [120.501348, 22.882331], [120.500493, 22.882418], [120.50039, 22.882682], [120.500024, 22.882401], [120.500284, 22.882152], [120.500865, 22.880971], [120.500697, 22.880514], [120.499959, 22.880491], [120.499498, 22.880295], [120.499408, 22.88074], [120.498897, 22.880613], [120.498277, 22.881041], [120.497894, 22.881163], [120.497526, 22.881532], [120.497432, 22.882225], [120.497852, 22.882123], [120.498559, 22.882139], [120.498952, 22.882276], [120.499562, 22.88234], [120.499496, 22.882546], [120.498565, 22.883419], [120.498444, 22.883396], [120.498637, 22.883637], [120.498256, 22.883584], [120.498166, 22.88323], [120.498456, 22.883136], [120.496998, 22.881253], [120.497919, 22.88052], [120.498351, 22.879187], [120.499221, 22.878562], [120.500351, 22.87845], [120.501607, 22.880481], [120.501746, 22.880491], [120.501921, 22.880895], [120.502349, 22.880622], [120.503028, 22.880734], [120.503817, 22.881945], [120.503194, 22.883225], [120.504786, 22.883679], [120.504972, 22.883951], [120.504873, 22.88439], [120.505101, 22.88441], [120.504939, 22.884771], [120.505297, 22.88477], [120.505012, 22.885697], [120.505192, 22.885842], [120.50467, 22.885539], [120.504405, 22.885084], [120.504068, 22.885518], [120.504013, 22.885493], [120.504063, 22.885663], [120.503779, 22.885761], [120.503783, 22.88549], [120.503106, 22.885373], [120.503016, 22.885926], [120.502799, 22.885891], [120.503003, 22.884852], [120.502912, 22.884838], [120.503292, 22.8849], [120.503172, 22.885043], [120.503114, 22.885328], [120.502978, 22.884572], [120.503043, 22.884261], [120.503321, 22.884469], [120.503539, 22.884352], [120.50365, 22.884561], [120.50259, 22.884194], [120.502226, 22.88439], [120.502096, 22.884932], [120.501709, 22.884893], [120.501589, 22.884725]]}}, {"type": "Feature", "properties": {"district": "6403000", "segment": 20, "total_segments": 33, "km": 14.94, "villages": ["東平里", "大德里"]}, "geometry": {"type": "LineString", "coordinates": [[120.501116, 22.884883], [120.500903, 22.886456], [120.500363, 22.886656], [120.505884, 22.90764], [120.507543, 22.910265], [120.507754, 22.910265], [120.508186, 22.910022], [120.508809, 22.911118], [120.509394, 22.911288], [120.509678, 22.910108], [120.511768, 22.914493], [120.522204, 22.917196], [120.524367, 22.918008], [120.524537, 22.919278], [120.521226, 22.919734], [120.485345, 22.886315], [120.48547, 22.885843], [120.485458, 22.885396], [120.485154, 22.885358], [120.484929, 22.885221], [120.484466, 22.885217], [120.484458, 22.885425], [120.484871, 22.885401], [120.48487, 22.885314], [120.484916, 22.885866], [120.485108, 22.885883], [120.485099, 22.885658], [120.485266, 22.885868], [120.484764, 22.885569], [120.484292, 22.885553], [120.484071, 22.885644], [120.48398, 22.885528], [120.483822, 22.885519], [120.483745, 22.885328], [120.483607, 22.885391], [120.483672, 22.88551], [120.483576, 22.885526], [120.483598, 22.885802], [120.483436, 22.885596], [120.483464, 22.885467], [120.48328, 22.885603], [120.483201, 22.885579], [120.483205, 22.885919], [120.483765, 22.885867], [120.483924, 22.885688], [120.484077, 22.885741], [120.484074, 22.885875], [120.483939, 22.885852], [120.483746, 22.885654], [120.484073, 22.885438], [120.48406, 22.885002], [120.483194, 22.884981], [120.4832, 22.885498], [120.482946, 22.885504], [120.482884, 22.885043], [120.482089, 22.885052], [120.482144, 22.886039], [120.482392, 22.885729], [120.482412, 22.885993], [120.482757, 22.885848], [120.48278, 22.885713], [120.482946, 22.885747], [120.482945, 22.885974], [120.482946, 22.885544], [120.482592, 22.885361], [120.482276, 22.885364], [120.482314, 22.885215], [120.482613, 22.885166], [120.48263, 22.884794], [120.482914, 22.884813], [120.482893, 22.884221], [120.482511, 22.884265], [120.482698, 22.884004], [120.482904, 22.884], [120.482953, 22.88378], [120.482846, 22.883786], [120.482918, 22.883599], [120.482513, 22.883229], [120.482577, 22.883064], [120.482348, 22.882537], [120.482002, 22.882725], [120.48223, 22.883129], [120.482027, 22.883205], [120.482111, 22.883448], [120.481964, 22.883648], [120.481677, 22.882869], [120.481753, 22.882836], [120.481015, 22.883148], [120.481159, 22.88338], [120.481286, 22.883463], [120.481493, 22.883461], [120.481354, 22.883324], [120.481551, 22.883097], [120.481691, 22.883339], [120.482005, 22.883161], [120.481728, 22.882613], [120.48097, 22.882935], [120.480803, 22.88259], [120.480546, 22.882699], [120.480701, 22.882826], [120.48084, 22.882575], [120.481594, 22.882269], [120.481776, 22.882592], [120.482098, 22.882471], [120.481854, 22.882025], [120.481916, 22.881937], [120.481863, 22.881555], [120.481721, 22.881666], [120.481752, 22.88195], [120.481664, 22.882042], [120.481847, 22.882368], [120.481559, 22.882204], [120.481479, 22.882447], [120.481539, 22.882568], [120.48137, 22.882644], [120.481299, 22.882501], [120.481065, 22.882585], [120.481145, 22.882754], [120.480862, 22.882365], [120.480448, 22.882539], [120.480326, 22.882182], [120.480697, 22.882027], [120.480776, 22.882283], [120.480797, 22.881956], [120.481009, 22.88187], [120.48081, 22.881686], [120.480174, 22.881952], [120.480182, 22.881851]]}}, {"type": "Feature", "properties": {"district": "6403000", "segment": 21, "total_segments": 33, "km": 15.0, "villages": ["大德里", "太平里"]}, "geometry": {"type": "LineString", "coordinates": [[120.479265, 22.880012], [120.480346, 22.88178], [120.48051, 22.881656], [120.480476, 22.881587], [120.480284, 22.8822], [120.481297, 22.884173], [120.481414, 22.883806], [120.481914, 22.884629], [120.482083, 22.884734], [120.482086, 22.88485], [120.482383, 22.88478], [120.483185, 22.884826], [120.483223, 22.883617], [120.483548, 22.88278], [120.483795, 22.882621], [120.483673, 22.882337], [120.483775, 22.882376], [120.484187, 22.882224], [120.484096, 22.882105], [120.484108, 22.881502], [120.484187, 22.881436], [120.483978, 22.881027], [120.483507, 22.881061], [120.483277, 22.880694], [120.48287, 22.881236], [120.482887, 22.881619], [120.483379, 22.882579], [120.483519, 22.882514], [120.483372, 22.882135], [120.483311, 22.882157], [120.483542, 22.882085], [120.483558, 22.88229], [120.483912, 22.882177], [120.48393, 22.881533], [120.48426, 22.881486], [120.484274, 22.882081], [120.484193, 22.882475], [120.484572, 22.882653], [120.484584, 22.883297], [120.483743, 22.883335], [120.484027, 22.883091], [120.484162, 22.883092], [120.484168, 22.883201], [120.484154, 22.882951], [120.484349, 22.882901], [120.484364, 22.883193], [120.484642, 22.883294], [120.485106, 22.883278], [120.484943, 22.882724], [120.484805, 22.882731], [120.48486, 22.883517], [120.485296, 22.8835], [120.485302, 22.884032], [120.485101, 22.884028], [120.48508, 22.883629], [120.484846, 22.883639], [120.484867, 22.884037], [120.485, 22.884159], [120.485001, 22.884606], [120.485472, 22.884587], [120.48548, 22.884732], [120.483688, 22.884796], [120.483616, 22.884643], [120.483987, 22.884671], [120.483985, 22.884588], [120.484154, 22.884581], [120.484156, 22.884664], [120.484686, 22.884562], [120.484689, 22.884682], [120.48485, 22.884642], [120.484683, 22.884472], [120.48468, 22.884339], [120.484571, 22.884432], [120.483783, 22.88447], [120.48366, 22.884311], [120.483643, 22.884094], [120.484228, 22.884071], [120.484355, 22.884153], [120.484172, 22.883932], [120.484136, 22.883585], [120.483695, 22.883606], [120.483706, 22.883923], [120.484045, 22.883907], [120.483621, 22.883927], [120.483494, 22.884842], [120.483415, 22.884843], [120.484243, 22.885271], [120.48446, 22.885083], [120.484924, 22.885101], [120.484918, 22.884981], [120.484438, 22.884996], [120.48529, 22.884947], [120.485313, 22.885064], [120.485441, 22.885053], [120.485444, 22.884982], [120.485066, 22.885059], [120.485377, 22.884375], [120.484804, 22.88352], [120.484501, 22.883637], [120.484192, 22.883582], [120.483494, 22.883331], [120.483165, 22.88313], [120.483241, 22.882821], [120.48271, 22.881898], [120.482717, 22.881754], [120.482438, 22.881214], [120.482306, 22.881315], [120.48227, 22.880984], [120.482349, 22.880958], [120.482109, 22.880477], [120.48174, 22.880664], [120.481817, 22.880838], [120.482104, 22.880719], [120.482177, 22.880874], [120.48189, 22.880989], [120.482045, 22.881079], [120.482351, 22.881695], [120.482505, 22.881628], [120.482551, 22.881923], [120.482874, 22.882571], [120.482713, 22.882633], [120.482766, 22.882747], [120.482259, 22.881838], [120.48205, 22.881983], [120.482273, 22.882441], [120.482848, 22.882939], [120.482918, 22.883127], [120.483072, 22.883171], [120.483056, 22.883291], [120.483327, 22.882603], [120.483734, 22.881874], [120.484359, 22.881071], [120.484242, 22.88092], [120.484082, 22.880268], [120.484518, 22.880155], [120.483349, 22.87987], [120.483176, 22.879504], [120.482952, 22.87948], [120.482771, 22.879271], [120.48279, 22.879044], [120.482513, 22.879458], [120.482422, 22.879733], [120.482493, 22.87992], [120.482198, 22.88004], [120.482262, 22.880238], [120.482846, 22.879982], [120.483618, 22.879455], [120.483853, 22.879435], [120.483858, 22.879504], [120.483687, 22.879515], [120.483757, 22.879361], [120.48358, 22.879205], [120.4836, 22.878892], [120.483763, 22.878717], [120.482717, 22.878298], [120.482514, 22.87803], [120.481995, 22.878301], [120.481929, 22.87792], [120.481993, 22.8803], [120.481321, 22.881407], [120.481516, 22.881639], [120.482472, 22.883901], [120.481926, 22.885128], [120.48195, 22.885815], [120.481606, 22.885318], [120.481763, 22.885194], [120.481553, 22.885359], [120.484802, 22.882673], [120.482091, 22.884399], [120.481735, 22.884323], [120.481519, 22.884489], [120.481435, 22.884374], [120.481208, 22.884378], [120.480513, 22.884521], [120.480229, 22.884242], [120.479843, 22.884067], [120.479632, 22.883718], [120.479993, 22.883522], [120.480214, 22.883963], [120.480174, 22.884071], [120.480259, 22.884085], [120.480134, 22.884064], [120.479874, 22.883764], [120.479595, 22.883734], [120.479388, 22.883823], [120.479338, 22.883978], [120.479432, 22.884106], [120.479377, 22.884307], [120.47964, 22.884486], [120.479505, 22.88459], [120.47955, 22.88465], [120.479377, 22.884732], [120.479582, 22.885146], [120.479776, 22.885029], [120.479842, 22.885142], [120.480006, 22.885198], [120.480125, 22.88553], [120.480634, 22.88556], [120.480779, 22.885701], [120.481251, 22.885342], [120.481115, 22.885132], [120.481324, 22.885088], [120.481449, 22.885186], [120.481891, 22.884846], [120.481528, 22.884781], [120.481131, 22.884884], [120.48071, 22.884767], [120.480734, 22.884884], [120.48061, 22.884858], [120.480789, 22.885352], [120.480954, 22.885265], [120.480913, 22.884553], [120.481291, 22.884495], [120.48079, 22.884123], [120.48066, 22.883486], [120.480063, 22.882256], [120.478626, 22.882972], [120.478859, 22.882981], [120.478997, 22.883306], [120.480227, 22.882832], [120.48038, 22.883212], [120.479925, 22.883407], [120.479855, 22.883253], [120.47971, 22.883329], [120.479638, 22.883203], [120.479434, 22.883291], [120.479609, 22.883519], [120.479342, 22.883656], [120.479022, 22.882878], [120.479216, 22.882845], [120.47934, 22.882998], [120.479582, 22.882897], [120.47944, 22.882723], [120.479614, 22.882652], [120.479734, 22.882836], [120.479844, 22.882797], [120.479972, 22.882735], [120.47983, 22.882506], [120.479988, 22.882447], [120.480134, 22.882667], [120.480074, 22.882692], [120.480034, 22.883024], [120.480117, 22.883191], [120.48042, 22.883195], [120.478797, 22.883748], [120.478904, 22.884058], [120.479157, 22.884367], [120.479037, 22.884562], [120.479097, 22.884674], [120.478309, 22.884904], [120.478083, 22.884375], [120.478242, 22.88441], [120.47844, 22.88474], [120.478576, 22.884668], [120.478054, 22.883786], [120.47824, 22.883698], [120.478721, 22.884553], [120.478642, 22.88495], [120.478301, 22.885091], [120.478381, 22.885342], [120.478177, 22.885402], [120.477977, 22.885677], [120.477807, 22.885475], [120.47789, 22.885424], [120.477853, 22.885366], [120.477955, 22.885336], [120.47797, 22.885394], [120.477757, 22.885219], [120.477884, 22.885194], [120.477777, 22.885005], [120.477613, 22.884949], [120.477624, 22.885112], [120.477532, 22.885199], [120.47767, 22.885366], [120.477434, 22.885313], [120.477227, 22.885111], [120.4774, 22.884968], [120.477458, 22.884801], [120.477174, 22.884632], [120.477068, 22.88477], [120.477196, 22.884817], [120.477132, 22.885006], [120.476925, 22.885168], [120.476716, 22.885085], [120.476896, 22.884645], [120.477301, 22.88422], [120.477324, 22.884013], [120.477028, 22.883432], [120.477898, 22.883472], [120.477914, 22.883613], [120.478109, 22.883505], [120.478292, 22.883534], [120.478221, 22.883665], [120.478736, 22.883606], [120.478391, 22.883051], [120.478091, 22.883121], [120.478112, 22.883264], [120.477988, 22.883303], [120.477924, 22.883162], [120.477792, 22.883304], [120.47732, 22.882593], [120.477186, 22.882688], [120.477183, 22.883135], [120.477544, 22.883059], [120.47745, 22.882894], [120.477121, 22.883135], [120.476985, 22.883136], [120.477007, 22.882767], [120.477185, 22.882355], [120.476968, 22.882401], [120.476781, 22.883013], [120.476872, 22.883014], [120.47663, 22.883117], [120.476027, 22.883043], [120.476099, 22.882545], [120.47622, 22.882515], [120.476214, 22.882934], [120.476453, 22.882827], [120.476441, 22.8825], [120.476706, 22.882565], [120.476912, 22.882141], [120.47709, 22.882121], [120.47697, 22.881881], [120.477185, 22.881894], [120.477186, 22.881813], [120.477185, 22.882072], [120.477354, 22.882032], [120.477359, 22.88178], [120.477655, 22.881652], [120.477547, 22.881445], [120.477333, 22.881592], [120.476919, 22.8816], [120.477068, 22.881361], [120.477297, 22.881395], [120.47744, 22.881252], [120.477362, 22.881101]]}}, {"type": "Feature", "properties": {"district": "6403000", "segment": 22, "total_segments": 33, "km": 10.08, "villages": ["太平里"]}, "geometry": {"type": "LineString", "coordinates": [[120.477639, 22.880968], [120.477942, 22.881588], [120.478223, 22.881429], [120.478152, 22.88129], [120.47805, 22.881333], [120.477944, 22.880892], [120.478103, 22.880754], [120.478279, 22.880696], [120.478394, 22.881023], [120.478531, 22.881035], [120.478594, 22.881152], [120.478349, 22.881208], [120.478412, 22.881345], [120.478968, 22.881093], [120.479021, 22.880957], [120.47939, 22.880825], [120.479234, 22.880504], [120.479136, 22.880615], [120.478749, 22.880749], [120.478814, 22.880888], [120.47923, 22.880714], [120.479453, 22.880953], [120.479116, 22.88105], [120.478733, 22.881046], [120.478691, 22.880957], [120.478749, 22.881089], [120.478254, 22.881081], [120.478239, 22.880979], [120.478491, 22.880548], [120.479172, 22.880376], [120.478943, 22.880076], [120.47875, 22.880206], [120.478831, 22.880343], [120.478728, 22.880386], [120.478983, 22.880279], [120.477582, 22.880851], [120.477527, 22.880738], [120.47762, 22.880928], [120.477674, 22.881688], [120.477537, 22.88192], [120.477588, 22.882243], [120.477611, 22.882307], [120.477891, 22.882153], [120.478075, 22.882456], [120.477805, 22.882546], [120.477927, 22.882699], [120.477711, 22.882786], [120.477752, 22.882862], [120.477453, 22.882474], [120.477867, 22.882021], [120.478253, 22.882755], [120.477764, 22.883001], [120.478216, 22.883274], [120.47784, 22.883906], [120.477926, 22.884063], [120.477853, 22.884102], [120.478003, 22.884021], [120.478094, 22.884188], [120.477818, 22.884328], [120.478074, 22.88474], [120.477875, 22.884855], [120.477694, 22.884428], [120.477546, 22.884532], [120.477756, 22.884207], [120.47762, 22.883928], [120.476837, 22.883404], [120.476491, 22.882919], [120.475823, 22.882977], [120.475538, 22.882317], [120.474944, 22.882566], [120.474966, 22.882699], [120.474751, 22.882723], [120.474693, 22.882595], [120.474797, 22.882586], [120.474823, 22.882856], [120.474737, 22.882866], [120.475057, 22.882829], [120.475113, 22.882702], [120.474226, 22.883053], [120.473889, 22.882454], [120.474449, 22.882339], [120.472802, 22.883824], [120.47253, 22.883929], [120.4725, 22.883859], [120.472395, 22.883947], [120.472334, 22.883874], [120.472437, 22.883662], [120.472132, 22.883815], [120.472113, 22.883962], [120.472229, 22.884092], [120.472451, 22.884015], [120.472556, 22.884236], [120.472042, 22.884646], [120.471997, 22.884782], [120.471628, 22.885109], [120.472047, 22.885081], [120.471367, 22.885379], [120.470087, 22.886244], [120.469972, 22.886524], [120.469304, 22.886382], [120.469305, 22.886242], [120.469136, 22.886176], [120.468954, 22.886196], [120.468848, 22.886748], [120.469408, 22.885525], [120.474467, 22.886505], [120.475716, 22.8857], [120.476873, 22.885804], [120.476867, 22.885396], [120.477033, 22.885366], [120.477128, 22.885465], [120.477253, 22.885399], [120.477273, 22.88555], [120.477676, 22.88557], [120.477565, 22.885723], [120.477189, 22.885696], [120.477158, 22.885601], [120.478121, 22.885196], [120.478006, 22.885004], [120.4786, 22.885206], [120.47867, 22.885063], [120.479311, 22.884783], [120.479285, 22.884587], [120.479753, 22.884989], [120.48003, 22.884522], [120.480191, 22.884539], [120.480215, 22.884664], [120.479716, 22.8854], [120.480331, 22.886399], [120.480165, 22.886397], [120.48137, 22.885462], [120.48194, 22.886094], [120.481658, 22.885956], [120.481551, 22.885986], [120.4816, 22.886083], [120.481381, 22.886165], [120.481302, 22.885921], [120.481157, 22.885884], [120.481269, 22.886214], [120.48102, 22.886259], [120.480866, 22.886167], [120.480813, 22.886254], [120.480559, 22.886333], [120.48036, 22.88602], [120.480741, 22.88573], [120.479898, 22.885914], [120.479927, 22.886128], [120.479656, 22.886106], [120.479584, 22.885987], [120.479654, 22.886409], [120.481129, 22.886136], [120.479407, 22.882258], [120.479181, 22.88227], [120.479132, 22.882357], [120.478674, 22.882535], [120.479837, 22.882089], [120.47977, 22.881951], [120.476451, 22.881408], [120.476612, 22.884732], [120.483799, 22.898425]]}}, {"type": "Feature", "properties": {"district": "6403000", "segment": 23, "total_segments": 33, "km": 12.99, "villages": ["湄洲里"]}, "geometry": {"type": "LineString", "coordinates": [[120.483543, 22.890566], [120.483596, 22.890327], [120.483454, 22.889334], [120.483788, 22.889364], [120.483799, 22.889251], [120.484111, 22.889137], [120.48347, 22.889108], [120.483469, 22.889191], [120.483953, 22.889374], [120.483856, 22.889564], [120.484177, 22.889732], [120.484013, 22.889938], [120.483649, 22.889999], [120.483704, 22.889896], [120.483636, 22.88984], [120.483221, 22.889886], [120.483182, 22.889448], [120.483075, 22.889403], [120.482879, 22.889757], [120.482725, 22.890337], [120.48326, 22.890324], [120.483225, 22.889926], [120.483081, 22.890056], [120.482968, 22.889988], [120.483002, 22.889874], [120.482973, 22.890153], [120.482618, 22.889993], [120.482529, 22.890341], [120.482241, 22.890334], [120.482242, 22.889563], [120.481987, 22.889565], [120.481986, 22.889273], [120.481638, 22.889398], [120.48164, 22.889732], [120.481724, 22.889732], [120.481123, 22.889806], [120.481116, 22.889937], [120.48112, 22.89005], [120.48137, 22.890155], [120.481451, 22.89031], [120.481545, 22.890233], [120.481518, 22.890374], [120.482003, 22.890378], [120.481988, 22.889603], [120.481681, 22.889287], [120.480861, 22.889775], [120.480856, 22.889935], [120.481117, 22.890214], [120.481133, 22.890373], [120.481425, 22.890378], [120.481427, 22.890049], [120.48168, 22.89005], [120.482241, 22.890375], [120.482685, 22.889714], [120.482805, 22.889136], [120.483157, 22.889148], [120.483074, 22.88816], [120.482252, 22.888171], [120.482151, 22.888224], [120.482182, 22.889108], [120.482763, 22.889134], [120.483038, 22.889318], [120.483202, 22.889325], [120.483583, 22.888946], [120.483545, 22.888629], [120.483698, 22.888385], [120.48371, 22.888221], [120.483828, 22.888179], [120.483788, 22.887657], [120.483619, 22.88765], [120.483605, 22.887092], [120.483401, 22.887065], [120.483405, 22.886978], [120.48368, 22.886922], [120.483867, 22.886792], [120.483734, 22.88616], [120.484203, 22.886088], [120.484218, 22.886229], [120.48365, 22.886327], [120.483637, 22.886153], [120.483439, 22.8862], [120.483428, 22.886144], [120.483201, 22.886257], [120.483196, 22.887019], [120.48335, 22.886989], [120.483258, 22.887136], [120.483312, 22.887793], [120.48341, 22.887922], [120.483619, 22.887737], [120.483345, 22.888235], [120.483323, 22.88841], [120.482401, 22.888368], [120.482399, 22.888303], [120.48242, 22.888434], [120.482693, 22.888312], [120.482837, 22.888581], [120.482621, 22.888672], [120.482608, 22.888774], [120.482736, 22.888806], [120.482405, 22.888621], [120.481988, 22.888636], [120.481933, 22.888439], [120.481979, 22.888221], [120.481689, 22.888287], [120.4818, 22.887991], [120.481923, 22.888004], [120.481895, 22.88722], [120.4817, 22.887248], [120.481528, 22.887022], [120.481508, 22.886544], [120.481382, 22.88655], [120.481399, 22.886829], [120.480827, 22.886793], [120.480814, 22.88653], [120.480633, 22.886521], [120.48068, 22.886688], [120.480798, 22.886678], [120.480911, 22.886365], [120.480694, 22.886404], [120.480236, 22.88678], [120.480167, 22.886637], [120.480298, 22.88662], [120.480573, 22.886849], [120.480268, 22.886944], [120.480171, 22.886828], [120.480151, 22.886933], [120.480018, 22.886929], [120.480201, 22.887101], [120.481333, 22.887052], [120.48107, 22.886472], [120.481712, 22.88636], [120.481686, 22.886227], [120.481101, 22.886331], [120.481896, 22.886303], [120.481892, 22.887017], [120.482134, 22.887029], [120.482128, 22.886756], [120.482364, 22.886757], [120.482431, 22.887011], [120.482302, 22.887021], [120.48236, 22.887201], [120.482962, 22.887187], [120.482957, 22.88793], [120.482195, 22.887936], [120.482173, 22.8872], [120.482351, 22.887361], [120.48247, 22.887363], [120.482457, 22.887495], [120.482316, 22.887471], [120.482673, 22.887468], [120.48247, 22.886727], [120.482812, 22.886632], [120.482904, 22.887004], [120.482639, 22.886986], [120.48296, 22.887139], [120.48343, 22.887187], [120.483795, 22.887107], [120.483628, 22.886792], [120.483493, 22.886763], [120.483485, 22.886682], [120.48362, 22.886656], [120.483426, 22.886341], [120.4832, 22.886212], [120.48325, 22.886128], [120.482969, 22.886118], [120.483008, 22.886642], [120.482775, 22.886451], [120.482735, 22.886278], [120.482657, 22.886428], [120.482462, 22.886437], [120.482114, 22.886407], [120.482115, 22.886258], [120.48254, 22.886278], [120.482547, 22.886348], [120.482543, 22.886182], [120.482233, 22.886169], [120.483597, 22.88588], [120.484318, 22.886834], [120.485357, 22.886856], [120.485377, 22.886667], [120.48502, 22.888944], [120.483877, 22.888995], [120.483926, 22.888635], [120.484293, 22.888156], [120.484656, 22.888143], [120.484024, 22.8903], [120.483724, 22.890338], [120.483662, 22.890542], [120.483915, 22.890417], [120.482387, 22.889304], [120.482014, 22.889127], [120.481989, 22.888684], [120.481644, 22.88884], [120.481744, 22.888971], [120.481719, 22.889106], [120.481642, 22.889104], [120.481926, 22.889109], [120.480803, 22.889269], [120.480364, 22.889253], [120.479959, 22.88956], [120.47956, 22.889581], [120.479475, 22.889357], [120.479743, 22.889284], [120.479622, 22.888982], [120.479633, 22.888785], [120.480213, 22.8883], [120.480697, 22.888292], [120.479751, 22.887143], [120.479712, 22.886992], [120.4796, 22.887017], [120.479584, 22.886857], [120.479756, 22.886831], [120.479465, 22.886687], [120.479363, 22.886722], [120.479423, 22.886591], [120.479203, 22.886104], [120.479219, 22.885916], [120.479004, 22.885875], [120.478884, 22.88561], [120.478585, 22.885811], [120.478544, 22.885737], [120.478612, 22.88571], [120.478378, 22.885806], [120.478468, 22.885954], [120.478754, 22.885859], [120.478752, 22.886055], [120.478479, 22.886131], [120.478216, 22.886028], [120.478089, 22.885734], [120.477663, 22.885812], [120.477417, 22.886323], [120.477495, 22.886684], [120.477789, 22.886954], [120.478052, 22.886862], [120.478216, 22.886946], [120.478289, 22.886666], [120.478373, 22.886661], [120.478433, 22.886785], [120.47872, 22.886445], [120.479006, 22.886488], [120.478889, 22.886216], [120.479159, 22.885762], [120.479014, 22.885355], [120.479117, 22.885245], [120.47875, 22.885299], [120.478386, 22.886457], [120.478152, 22.886514], [120.478148, 22.886618], [120.477949, 22.88671], [120.478012, 22.887099], [120.477402, 22.887146], [120.478988, 22.886865], [120.479368, 22.887065], [120.47937, 22.886829], [120.479458, 22.88684], [120.479009, 22.887458], [120.479888, 22.889792], [120.479916, 22.89019], [120.481074, 22.890373], [120.47485, 22.887849], [120.48818, 22.884254]]}}, {"type": "Feature", "properties": {"district": "6403000", "segment": 24, "total_segments": 33, "km": 12.99, "villages": ["竹峰里"]}, "geometry": {"type": "LineString", "coordinates": [[120.483318, 22.890511], [120.482256, 22.890534], [120.482168, 22.890771], [120.481059, 22.892011], [120.481207, 22.892141], [120.481484, 22.892091], [120.481626, 22.892236], [120.481734, 22.892162], [120.481592, 22.892101], [120.481566, 22.892], [120.481831, 22.89202], [120.481799, 22.891907], [120.482067, 22.891924], [120.481917, 22.891798], [120.482151, 22.89174], [120.482061, 22.891595], [120.482113, 22.891488], [120.482209, 22.891519], [120.482304, 22.891321], [120.482397, 22.89128], [120.482445, 22.891394], [120.48236, 22.891486], [120.482443, 22.891507], [120.48251, 22.891417], [120.482674, 22.891508], [120.482403, 22.891618], [120.482399, 22.891681], [120.482295, 22.891572], [120.48228, 22.891802], [120.482396, 22.891997], [120.481991, 22.892167], [120.481953, 22.892348], [120.48178, 22.892365], [120.481819, 22.892457], [120.481551, 22.892389], [120.481584, 22.892337], [120.481473, 22.892408], [120.481613, 22.892605], [120.481514, 22.892675], [120.481571, 22.892845], [120.481662, 22.892768], [120.481427, 22.892823], [120.481485, 22.892598], [120.481447, 22.892235], [120.481083, 22.892216], [120.481055, 22.893241], [120.48082, 22.893169], [120.480843, 22.892692], [120.480706, 22.892556], [120.480826, 22.892504], [120.480829, 22.89216], [120.480715, 22.891904], [120.480619, 22.891944], [120.48061, 22.892216], [120.480549, 22.892216], [120.48067, 22.892285], [120.480669, 22.892404], [120.48039, 22.892396], [120.480343, 22.892829], [120.480392, 22.892808], [120.480301, 22.892934], [120.480392, 22.893027], [120.480374, 22.893225], [120.480022, 22.893147], [120.480154, 22.893055], [120.480095, 22.892799], [120.479928, 22.892821], [120.479843, 22.893186], [120.479832, 22.893952], [120.48025, 22.89379], [120.480266, 22.89387], [120.480196, 22.893368], [120.479971, 22.893362], [120.480106, 22.893648], [120.479507, 22.893736], [120.479529, 22.894043], [120.479304, 22.894041], [120.479368, 22.893777], [120.479276, 22.893776], [120.479254, 22.893591], [120.479501, 22.893606], [120.479503, 22.893533], [120.4795, 22.893643], [120.479716, 22.892401], [120.479705, 22.891969], [120.479409, 22.892001], [120.479477, 22.891762], [120.479622, 22.891808], [120.479598, 22.89188], [120.479739, 22.891365], [120.479496, 22.891358], [120.479455, 22.891584], [120.47931, 22.891566], [120.479277, 22.891676], [120.47912, 22.891765], [120.479228, 22.891345], [120.479363, 22.891369], [120.479365, 22.891464], [120.479398, 22.891206], [120.479995, 22.891205], [120.479961, 22.891421], [120.479877, 22.891403], [120.479896, 22.891624], [120.480135, 22.89165], [120.480065, 22.89204], [120.479864, 22.891856], [120.480145, 22.891594], [120.480248, 22.891378], [120.480874, 22.891382], [120.480877, 22.891845], [120.481056, 22.891733], [120.481734, 22.890924], [120.482024, 22.890573], [120.481987, 22.89052], [120.481132, 22.890555], [120.481183, 22.890769], [120.481101, 22.890733], [120.481089, 22.891504], [120.481356, 22.89115], [120.481548, 22.891021], [120.481497, 22.890897], [120.481559, 22.890831], [120.481475, 22.890697], [120.481687, 22.890738], [120.481325, 22.890691], [120.481326, 22.890883], [120.480879, 22.890853], [120.480844, 22.891273], [120.480627, 22.891198], [120.480603, 22.890898], [120.480705, 22.890885], [120.480718, 22.890754], [120.480851, 22.890771], [120.48085, 22.890578], [120.4803, 22.890584], [120.480301, 22.890776], [120.480433, 22.890756], [120.480394, 22.890897], [120.48048, 22.890953], [120.480517, 22.890889], [120.480406, 22.891217], [120.480276, 22.891232], [120.480279, 22.891134], [120.480275, 22.891279], [120.480475, 22.891519], [120.480628, 22.891492], [120.480481, 22.891763], [120.480391, 22.892355], [120.480324, 22.891716], [120.48036, 22.891647], [120.480584, 22.891807], [120.480737, 22.891031], [120.479988, 22.890785], [120.479977, 22.890594], [120.479911, 22.890561], [120.479634, 22.890607], [120.479871, 22.890731], [120.479912, 22.89091], [120.479307, 22.890911], [120.479302, 22.891016], [120.479119, 22.890941], [120.479246, 22.890812], [120.479067, 22.891154], [120.479086, 22.89138], [120.478995, 22.891469], [120.478743, 22.891444], [120.478629, 22.89122], [120.478043, 22.891315], [120.477925, 22.891238], [120.477979, 22.891183], [120.47778, 22.891177], [120.477798, 22.891078], [120.477701, 22.891054], [120.477651, 22.891132], [120.477576, 22.891015], [120.477433, 22.891039], [120.477434, 22.891169], [120.477036, 22.891204], [120.477157, 22.891415], [120.477022, 22.891498], [120.476854, 22.89116], [120.476717, 22.891159], [120.476643, 22.891359], [120.476507, 22.891388], [120.476636, 22.89149], [120.476349, 22.891699], [120.476364, 22.891841], [120.476158, 22.891786], [120.476259, 22.891202], [120.476147, 22.89119], [120.47613, 22.891064], [120.476182, 22.891034], [120.476813, 22.891548], [120.476965, 22.891718], [120.476774, 22.891774], [120.476593, 22.891715], [120.47698, 22.891986], [120.47735, 22.891412], [120.477571, 22.891271], [120.477724, 22.891362], [120.477747, 22.891498], [120.477594, 22.891573], [120.477475, 22.891886], [120.477655, 22.892019], [120.477783, 22.892395], [120.477619, 22.892791], [120.478028, 22.892947], [120.478153, 22.892373], [120.478456, 22.892216], [120.478584, 22.892032], [120.478722, 22.892048], [120.478718, 22.891946], [120.478742, 22.892543], [120.478597, 22.89254], [120.478598, 22.892291], [120.4791, 22.892533], [120.479097, 22.892275], [120.479344, 22.891945], [120.479247, 22.891853], [120.479323, 22.891777], [120.478126, 22.891478], [120.477225, 22.890983], [120.47598, 22.891977], [120.475292, 22.891441], [120.476754, 22.893675], [120.477154, 22.893675], [120.477309, 22.893415], [120.478322, 22.893661], [120.478749, 22.892993], [120.479442, 22.893131], [120.479475, 22.892951], [120.479264, 22.892916], [120.480418, 22.893441], [120.480671, 22.893393], [120.480585, 22.893076], [120.481308, 22.892977], [120.482066, 22.891279], [120.482194, 22.891328], [120.482003, 22.891137], [120.482454, 22.891058], [120.48261, 22.890958], [120.482636, 22.890775], [120.482815, 22.890798], [120.475116, 22.895823], [120.469986, 22.894927], [120.469468, 22.894691], [120.467981, 22.895784], [120.468306, 22.896102], [120.467797, 22.896468], [120.467468, 22.895739], [120.467112, 22.895707], [120.466738, 22.896219], [120.466887, 22.896302], [120.466858, 22.897333], [120.465823, 22.896724], [120.465468, 22.897176], [120.465298, 22.896194], [120.465972, 22.895032], [120.467411, 22.895042], [120.467926, 22.894906], [120.468948, 22.896497], [120.469555, 22.897102], [120.469876, 22.89696], [120.469822, 22.896859], [120.46941, 22.897627], [120.468867, 22.897532], [120.470651, 22.900784], [120.463675, 22.897223], [120.462531, 22.896525]]}}, {"type": "Feature", "properties": {"district": "6403000", "segment": 25, "total_segments": 33, "km": 10.47, "villages": ["瑞吉里"]}, "geometry": {"type": "LineString", "coordinates": [[120.477629, 22.894085], [120.478521, 22.893848], [120.478856, 22.894658], [120.479181, 22.894634], [120.479316, 22.894338], [120.479594, 22.894328], [120.48001, 22.895601], [120.479666, 22.895652], [120.479594, 22.895267], [120.479504, 22.895212], [120.47941, 22.895346], [120.479437, 22.895647], [120.479287, 22.895652], [120.479185, 22.895493], [120.479264, 22.8953], [120.479234, 22.89504], [120.479443, 22.894978], [120.479423, 22.894897], [120.479488, 22.895076], [120.47896, 22.895156], [120.478973, 22.895348], [120.478815, 22.895454], [120.478715, 22.895744], [120.478386, 22.895741], [120.47819, 22.895871], [120.478437, 22.895975], [120.478457, 22.896104], [120.478404, 22.896258], [120.4782, 22.896145], [120.478787, 22.896493], [120.478903, 22.896412], [120.47893, 22.896535], [120.478705, 22.896669], [120.479107, 22.896787], [120.479001, 22.896172], [120.479061, 22.895938], [120.478841, 22.895874], [120.478923, 22.895633], [120.479259, 22.895859], [120.479363, 22.895843], [120.47935, 22.896002], [120.479579, 22.896097], [120.479581, 22.895796], [120.480142, 22.895727], [120.480226, 22.896212], [120.480372, 22.896356], [120.480636, 22.896151], [120.480665, 22.895647], [120.48046, 22.895718], [120.480474, 22.89584], [120.48043, 22.895563], [120.480526, 22.895353], [120.480292, 22.895371], [120.480058, 22.89491], [120.47996, 22.894502], [120.480405, 22.894557], [120.480452, 22.894738], [120.480132, 22.894743], [120.480293, 22.894998], [120.480505, 22.895087], [120.480521, 22.895232], [120.480825, 22.895169], [120.48081, 22.894896], [120.480948, 22.894836], [120.480962, 22.894754], [120.480952, 22.894617], [120.480863, 22.894555], [120.480903, 22.894091], [120.480711, 22.894067], [120.480804, 22.89338], [120.481023, 22.893377], [120.481012, 22.893559], [120.481107, 22.893606], [120.481431, 22.893509], [120.481456, 22.893623], [120.481554, 22.893474], [120.481422, 22.893368], [120.481432, 22.893293], [120.481633, 22.893237], [120.481511, 22.893123], [120.481015, 22.893673], [120.481163, 22.894103], [120.481495, 22.894169], [120.48149, 22.894379], [120.481186, 22.894412], [120.481382, 22.895236], [120.481142, 22.895409], [120.48104, 22.895109], [120.480835, 22.895207], [120.480828, 22.895582], [120.480965, 22.89557], [120.480999, 22.895432], [120.48113, 22.895505], [120.481154, 22.895626], [120.480938, 22.895823], [120.480825, 22.895821], [120.480963, 22.89596], [120.480841, 22.896063], [120.480639, 22.894755], [120.480705, 22.894106], [120.480978, 22.894483], [120.481174, 22.894352], [120.481534, 22.894381], [120.48126, 22.893744], [120.482213, 22.893549], [120.483162, 22.893521], [120.483123, 22.893209], [120.482903, 22.893227], [120.482908, 22.893408], [120.482711, 22.893414], [120.482714, 22.893143], [120.482084, 22.893154], [120.482121, 22.893311], [120.482283, 22.893259], [120.482287, 22.893422], [120.482491, 22.893415], [120.482489, 22.89328], [120.483167, 22.892927], [120.483242, 22.893007], [120.483167, 22.892772], [120.483146, 22.89171], [120.48302, 22.891663], [120.483067, 22.891503], [120.4828, 22.891317], [120.482935, 22.891151], [120.48326, 22.89135], [120.483311, 22.891098], [120.483255, 22.890868], [120.483023, 22.890927], [120.483147, 22.891017], [120.482918, 22.891041], [120.4829, 22.891126], [120.483762, 22.891345], [120.483869, 22.891733], [120.484012, 22.891631], [120.484326, 22.891698], [120.484526, 22.891311], [120.48462, 22.891313], [120.484637, 22.891406], [120.484755, 22.891319], [120.484748, 22.891247], [120.484558, 22.891169], [120.484542, 22.890999], [120.484815, 22.891097], [120.484313, 22.890632], [120.484619, 22.890151], [120.484832, 22.890197], [120.484859, 22.890084], [120.484729, 22.890652], [120.484616, 22.890724], [120.48453, 22.890663], [120.484583, 22.890457], [120.484167, 22.890812], [120.484321, 22.890915], [120.484393, 22.891171], [120.484086, 22.891141], [120.484709, 22.890814], [120.484392, 22.89], [120.484514, 22.889755], [120.484795, 22.889507], [120.484861, 22.889918], [120.484571, 22.891857], [120.484035, 22.891837], [120.483911, 22.891949], [120.483922, 22.892051], [120.484079, 22.892014], [120.484295, 22.892174], [120.484196, 22.892276], [120.48365, 22.89225], [120.48364, 22.891678], [120.483641, 22.892971], [120.484526, 22.892922], [120.484542, 22.892124], [120.484505, 22.892068], [120.48434, 22.892442], [120.483986, 22.892436], [120.483818, 22.892509], [120.483813, 22.892851], [120.483978, 22.8927], [120.484331, 22.892701], [120.484526, 22.892969], [120.484526, 22.894107], [120.483734, 22.894091], [120.483687, 22.893438], [120.483738, 22.893089], [120.484397, 22.893107], [120.48434, 22.893523], [120.484429, 22.893522], [120.483906, 22.893525], [120.483895, 22.893705], [120.484452, 22.893704], [120.484129, 22.893812], [120.484149, 22.893998], [120.483941, 22.894006], [120.483938, 22.89381], [120.483854, 22.893705], [120.484157, 22.89343], [120.484151, 22.893292], [120.484576, 22.894107], [120.484576, 22.894328], [120.483879, 22.894331], [120.483964, 22.894756], [120.484374, 22.894756], [120.484307, 22.894442], [120.484126, 22.894441], [120.484124, 22.894642], [120.483922, 22.894756], [120.483721, 22.894729], [120.483735, 22.894142], [120.483206, 22.894091], [120.483162, 22.893567], [120.483009, 22.893727], [120.482476, 22.893712], [120.482536, 22.894156], [120.483184, 22.894142], [120.483162, 22.894806], [120.482459, 22.894769], [120.482498, 22.894381], [120.483024, 22.894391], [120.482934, 22.894496], [120.482935, 22.894669], [120.482745, 22.894667], [120.482739, 22.894487], [120.48245, 22.894382], [120.482497, 22.894158], [120.482734, 22.894052], [120.482723, 22.893807], [120.482847, 22.893809], [120.482853, 22.894044], [120.482273, 22.893984], [120.482242, 22.892954], [120.482084, 22.892957], [120.482574, 22.892951], [120.482479, 22.892734], [120.481964, 22.892739], [120.481964, 22.892796], [120.482397, 22.89256], [120.482727, 22.892575], [120.482619, 22.892267], [120.483722, 22.89479], [120.484555, 22.89478], [120.484554, 22.894452], [120.4862, 22.893217], [120.480263, 22.894284], [120.479928, 22.894128], [120.478887, 22.895048]]}}, {"type": "Feature", "properties": {"district": "6403000", "segment": 26, "total_segments": 33, "km": 14.96, "villages": ["永和里"]}, "geometry": {"type": "LineString", "coordinates": [[120.479969, 22.896451], [120.480074, 22.89645], [120.480109, 22.896581], [120.479967, 22.896589], [120.479979, 22.896759], [120.480112, 22.896757], [120.480075, 22.896897], [120.480004, 22.8969], [120.480017, 22.897051], [120.480225, 22.897061], [120.480096, 22.897721], [120.480116, 22.897981], [120.48023, 22.898065], [120.480321, 22.897946], [120.480507, 22.89796], [120.480455, 22.898131], [120.480229, 22.898308], [120.48018, 22.898836], [120.480592, 22.898638], [120.480555, 22.898383], [120.480893, 22.898047], [120.480881, 22.897916], [120.481041, 22.897881], [120.481086, 22.89803], [120.481311, 22.898025], [120.481638, 22.898474], [120.481989, 22.898222], [120.481703, 22.897388], [120.481582, 22.897251], [120.481264, 22.896021], [120.481085, 22.896144], [120.481193, 22.896464], [120.481362, 22.896531], [120.481655, 22.896466], [120.481861, 22.896829], [120.482065, 22.896785], [120.482009, 22.896669], [120.482071, 22.896454], [120.482287, 22.896499], [120.48228, 22.89618], [120.482669, 22.896205], [120.482704, 22.896612], [120.482242, 22.896619], [120.482481, 22.896489], [120.482461, 22.896043], [120.482277, 22.896026], [120.483006, 22.896057], [120.483018, 22.89622], [120.482866, 22.896233], [120.483184, 22.896224], [120.483191, 22.896663], [120.482744, 22.896611], [120.483055, 22.896843], [120.483259, 22.896796], [120.483266, 22.897273], [120.483735, 22.897408], [120.483671, 22.897643], [120.484444, 22.897946], [120.484352, 22.898149], [120.483768, 22.897899], [120.483951, 22.897571], [120.483969, 22.897388], [120.483897, 22.897382], [120.484633, 22.897438], [120.484625, 22.897254], [120.483761, 22.89721], [120.483752, 22.89679], [120.484262, 22.896772], [120.484244, 22.896627], [120.483733, 22.896665], [120.48373, 22.896188], [120.484599, 22.89622], [120.484513, 22.896331], [120.484513, 22.89651], [120.484398, 22.896627], [120.484332, 22.896327], [120.484127, 22.896332], [120.484127, 22.896508], [120.483973, 22.896491], [120.483972, 22.896325], [120.483711, 22.895818], [120.483716, 22.894927], [120.484525, 22.894956], [120.484483, 22.895125], [120.484372, 22.895177], [120.483984, 22.895055], [120.483992, 22.895412], [120.483177, 22.895434], [120.483169, 22.894953], [120.482667, 22.895004], [120.482732, 22.895413], [120.482608, 22.895414], [120.483026, 22.895409], [120.48294, 22.895101], [120.482954, 22.895592], [120.483038, 22.895591], [120.482669, 22.895595], [120.482792, 22.895883], [120.48292, 22.895881], [120.482954, 22.895709], [120.483187, 22.895696], [120.483189, 22.895796], [120.483184, 22.895548], [120.483183, 22.896175], [120.481715, 22.896232], [120.481595, 22.896282], [120.481641, 22.896424], [120.481571, 22.896207], [120.480871, 22.896515], [120.48075, 22.896279], [120.481069, 22.896899], [120.480803, 22.897024], [120.480871, 22.897153], [120.48053, 22.896503], [120.480298, 22.896487], [120.480231, 22.897025], [120.480451, 22.897055], [120.480419, 22.897233], [120.480656, 22.897112], [120.480466, 22.896966], [120.480498, 22.896787], [120.480299, 22.896412], [120.480424, 22.897516], [120.48032, 22.89773], [120.480706, 22.897768], [120.480716, 22.897926], [120.480964, 22.897673], [120.481166, 22.897737], [120.481292, 22.897913], [120.481685, 22.8981], [120.481753, 22.898206], [120.482198, 22.898151], [120.482182, 22.897936], [120.482487, 22.898053], [120.482734, 22.89789], [120.482656, 22.897856], [120.483154, 22.898357], [120.483799, 22.898425], [120.484111, 22.897526], [120.484472, 22.897727], [120.484604, 22.897097], [120.484598, 22.896971], [120.48416, 22.896971], [120.484164, 22.897079], [120.484158, 22.896931], [120.48397, 22.896927], [120.483971, 22.897077], [120.48375, 22.897352], [120.482161, 22.897554], [120.481304, 22.897134], [120.48002, 22.898333], [120.47978, 22.899554], [120.480489, 22.899203], [120.480357, 22.899001], [120.480098, 22.899037], [120.480057, 22.8993], [120.480528, 22.899395], [120.480463, 22.899702], [120.480066, 22.8999], [120.480188, 22.900213], [120.479745, 22.900294], [120.479731, 22.900419], [120.480457, 22.90034], [120.480616, 22.900234], [120.482199, 22.899873], [120.48167, 22.898941], [120.480859, 22.899467], [120.480866, 22.899641], [120.481762, 22.899465], [120.481802, 22.899632], [120.480789, 22.899835], [120.480849, 22.900025], [120.481973, 22.899751], [120.481441, 22.899324], [120.481899, 22.898972], [120.481137, 22.898843], [120.480993, 22.898935], [120.480805, 22.900036], [120.480384, 22.900139], [120.480029, 22.900495], [120.479673, 22.90061], [120.479631, 22.900393], [120.479508, 22.900738], [120.479698, 22.901617], [120.479925, 22.901528], [120.479853, 22.901191], [120.479943, 22.901173], [120.480015, 22.901512], [120.480184, 22.90148], [120.480112, 22.901142], [120.48048, 22.901127], [120.48058, 22.90105], [120.480648, 22.901363], [120.480249, 22.901397], [120.480091, 22.900934], [120.479797, 22.900998], [120.479799, 22.900744], [120.480307, 22.900646], [120.479271, 22.900945], [120.47941, 22.90174], [120.47871, 22.902214], [120.478967, 22.902584], [120.479065, 22.903212], [120.479017, 22.90344], [120.478781, 22.903505], [120.478867, 22.903885], [120.479361, 22.903996], [120.479784, 22.903964], [120.479972, 22.904127], [120.480086, 22.904408], [120.480749, 22.904126], [120.480666, 22.903905], [120.480396, 22.904019], [120.479979, 22.903288], [120.479697, 22.90305], [120.479377, 22.903019], [120.479378, 22.903098], [120.479376, 22.90298], [120.479519, 22.902814], [120.479611, 22.902878], [120.479353, 22.902716], [120.479296, 22.90256], [120.479471, 22.903206], [120.479484, 22.904633], [120.479724, 22.904876], [120.47974, 22.90531], [120.479578, 22.905396], [120.479479, 22.905265], [120.479359, 22.905302], [120.479203, 22.905577], [120.479314, 22.905637], [120.479318, 22.905754], [120.479232, 22.905184], [120.478886, 22.904562], [120.478599, 22.90465], [120.480251, 22.905317], [120.480462, 22.90526], [120.481288, 22.905644], [120.481649, 22.905389], [120.481855, 22.905352], [120.481928, 22.905208], [120.482133, 22.90526], [120.481847, 22.905553], [120.482006, 22.904635], [120.481822, 22.904546], [120.482166, 22.903974], [120.482106, 22.903811], [120.482291, 22.903753], [120.482348, 22.903907], [120.482514, 22.903851], [120.482456, 22.903696], [120.482638, 22.903636], [120.482738, 22.903905], [120.482904, 22.903854], [120.482804, 22.903586], [120.482995, 22.903524], [120.483094, 22.903792], [120.48325, 22.903744], [120.48315, 22.903476], [120.483556, 22.9034], [120.483667, 22.903872], [120.483401, 22.903615], [120.483767, 22.903522], [120.483699, 22.903315], [120.483926, 22.903393], [120.483785, 22.90359], [120.483773, 22.902805], [120.483359, 22.901749], [120.483565, 22.901717], [120.483802, 22.902416], [120.48368, 22.901611], [120.483888, 22.901528], [120.483923, 22.901577], [120.483784, 22.901363], [120.483924, 22.901425], [120.484069, 22.901314], [120.483915, 22.901102], [120.483977, 22.901072], [120.483911, 22.900957], [120.483592, 22.901083], [120.483691, 22.901247], [120.483851, 22.901141], [120.483686, 22.90088], [120.483892, 22.900767], [120.483515, 22.900972], [120.483106, 22.900696], [120.482639, 22.901332], [120.48301, 22.902466], [120.482556, 22.903965], [120.481448, 22.903945], [120.478792, 22.907197], [120.475179, 22.907762], [120.475075, 22.908401], [120.475139, 22.908802], [120.474954, 22.906795], [120.474114, 22.906917], [120.473836, 22.906774], [120.476031, 22.90262], [120.477572, 22.901347], [120.478839, 22.901073], [120.478811, 22.901723], [120.478796, 22.900966]]}}, {"type": "Feature", "properties": {"district": "6403000", "segment": 27, "total_segments": 33, "km": 14.03, "villages": ["永和里"]}, "geometry": {"type": "LineString", "coordinates": [[120.478931, 22.900534], [120.479144, 22.900371], [120.479478, 22.899908], [120.4789, 22.898601], [120.478165, 22.90063], [120.476134, 22.899429], [120.473764, 22.896383], [120.481892, 22.895293], [120.482245, 22.895386], [120.482225, 22.895087], [120.482092, 22.895268], [120.481988, 22.895241], [120.482067, 22.895092], [120.482248, 22.895441], [120.484583, 22.895831], [120.484768, 22.896192], [120.482848, 22.898897], [120.484223, 22.900469], [120.480857, 22.901126], [120.480898, 22.901303], [120.480806, 22.900905], [120.484779, 22.904586], [120.485304, 22.90416], [120.486073, 22.904878], [120.486475, 22.904403], [120.486888, 22.903412], [120.486859, 22.903237], [120.487586, 22.905316], [120.48762, 22.906111], [120.487824, 22.90689], [120.488212, 22.907075], [120.488582, 22.906014], [120.488773, 22.907748], [120.490775, 22.90912], [120.49065, 22.90919], [120.490491, 22.909158], [120.490814, 22.909264], [120.490967, 22.909051], [120.490743, 22.908822], [120.490924, 22.908486], [120.491291, 22.908631], [120.489914, 22.910261], [120.491435, 22.910686], [120.491392, 22.911336], [120.491642, 22.911806], [120.491479, 22.911864], [120.491258, 22.911429], [120.491621, 22.911325], [120.491824, 22.91173], [120.491951, 22.91168], [120.491788, 22.911366], [120.492616, 22.911101], [120.489645, 22.911987], [120.48916, 22.912258], [120.489036, 22.912078], [120.488807, 22.912012], [120.488344, 22.912223], [120.487849, 22.912193], [120.487914, 22.911919], [120.487941, 22.912921], [120.4881, 22.913267], [120.488061, 22.913668], [120.488437, 22.913643], [120.488545, 22.913791], [120.488723, 22.913796], [120.488654, 22.913942], [120.489016, 22.914789], [120.488609, 22.915366], [120.489341, 22.915731], [120.48878, 22.916274], [120.488794, 22.916701], [120.488681, 22.916756], [120.488538, 22.916671], [120.488372, 22.916777], [120.488219, 22.916525], [120.488544, 22.916301], [120.488069, 22.918261], [120.488101, 22.91849], [120.487867, 22.918573], [120.487844, 22.918495], [120.48761, 22.918391], [120.487574, 22.918721], [120.487275, 22.918484], [120.48687, 22.919003], [120.486586, 22.919202], [120.487331, 22.919338], [120.487329, 22.919457], [120.48762, 22.919944], [120.487464, 22.92024], [120.486429, 22.920711], [120.486314, 22.920025], [120.487526, 22.920871], [120.485687, 22.915834], [120.48451, 22.914641], [120.487394, 22.912951], [120.489214, 22.912986], [120.489405, 22.913162], [120.489622, 22.913159], [120.489618, 22.912997], [120.489414, 22.913956], [120.486849, 22.911244], [120.486076, 22.910695], [120.485215, 22.909404], [120.485957, 22.90713], [120.486144, 22.907179], [120.486416, 22.906962], [120.486926, 22.907223], [120.486166, 22.906767], [120.484652, 22.906945], [120.484608, 22.906891], [120.486354, 22.905491], [120.486561, 22.905643], [120.478564, 22.911742], [120.477634, 22.911219], [120.477278, 22.911287], [120.477038, 22.911626], [120.477169, 22.912146], [120.476833, 22.912193], [120.477092, 22.912478], [120.476781, 22.912757], [120.477072, 22.913054], [120.477521, 22.913171], [120.477811, 22.913775], [120.481474, 22.916358]]}}, {"type": "Feature", "properties": {"district": "6403000", "segment": 28, "total_segments": 33, "km": 14.92, "villages": ["圓富里"]}, "geometry": {"type": "LineString", "coordinates": [[120.491129, 22.915022], [120.491302, 22.915458], [120.491289, 22.915607], [120.492699, 22.916524], [120.493122, 22.916422], [120.493819, 22.916772], [120.494266, 22.916406], [120.493973, 22.915111], [120.493772, 22.914727], [120.494213, 22.914716], [120.494219, 22.91456], [120.493998, 22.914297], [120.493944, 22.913991], [120.493538, 22.913978], [120.493781, 22.913598], [120.493363, 22.912747], [120.492561, 22.913977], [120.49494, 22.916594], [120.495118, 22.917046], [120.495396, 22.917232], [120.494867, 22.91739], [120.495071, 22.917746], [120.495739, 22.919503], [120.495796, 22.919667], [120.49568, 22.919705], [120.495882, 22.919882], [120.495805, 22.919954], [120.495924, 22.920002], [120.496052, 22.920488], [120.496363, 22.920958], [120.49625, 22.921069], [120.496487, 22.921435], [120.496765, 22.921373], [120.496672, 22.920985], [120.496467, 22.920442], [120.496342, 22.92033], [120.496316, 22.919927], [120.496074, 22.919553], [120.495858, 22.918991], [120.496068, 22.919022], [120.496228, 22.918816], [120.4963, 22.918892], [120.496414, 22.918846], [120.496498, 22.919036], [120.496285, 22.919108], [120.496198, 22.919106], [120.496653, 22.918882], [120.496406, 22.918605], [120.495796, 22.918709], [120.495747, 22.918594], [120.495024, 22.918638], [120.495264, 22.919259], [120.495513, 22.919318], [120.495276, 22.919517], [120.495201, 22.919801], [120.494793, 22.919715], [120.495026, 22.919569], [120.494859, 22.918939], [120.495244, 22.918813], [120.495324, 22.919003], [120.495205, 22.918727], [120.494963, 22.918536], [120.494514, 22.917432], [120.49471, 22.917415], [120.495, 22.918283], [120.494693, 22.918547], [120.494342, 22.919302], [120.49448, 22.91941], [120.494638, 22.919842], [120.494229, 22.919638], [120.493847, 22.920225], [120.493086, 22.919963], [120.492957, 22.919764], [120.493446, 22.918931], [120.492997, 22.917533], [120.493685, 22.917442], [120.494501, 22.917141], [120.494542, 22.917219], [120.494452, 22.917021], [120.494836, 22.917332], [120.495537, 22.91812], [120.496206, 22.917983], [120.496258, 22.918028], [120.496591, 22.917899], [120.496793, 22.918048], [120.49709, 22.918004], [120.49704, 22.918357], [120.497318, 22.918784], [120.497412, 22.918432], [120.497238, 22.918231], [120.497588, 22.917581], [120.497775, 22.917745], [120.497723, 22.917824], [120.497928, 22.917212], [120.497447, 22.915844], [120.496688, 22.915002], [120.496323, 22.913408], [120.501829, 22.91409], [120.502561, 22.917302], [120.502468, 22.917531], [120.502477, 22.917778], [120.502976, 22.918757], [120.503108, 22.918739], [120.502709, 22.919187], [120.503837, 22.919478], [120.503954, 22.91872], [120.50408, 22.918723], [120.504407, 22.917935], [120.501104, 22.919264], [120.499337, 22.918047], [120.498291, 22.918666], [120.498455, 22.918952], [120.49877, 22.91924], [120.498864, 22.919672], [120.49906, 22.920006], [120.499269, 22.919573], [120.499553, 22.919437], [120.498366, 22.919975], [120.498358, 22.920272], [120.497068, 22.920471], [120.497351, 22.921139], [120.497308, 22.921258], [120.497418, 22.921619], [120.497871, 22.921796], [120.497974, 22.921554], [120.497814, 22.921479], [120.497779, 22.921598], [120.497605, 22.921542], [120.497471, 22.921786], [120.497533, 22.921923], [120.497254, 22.922136], [120.497474, 22.92249], [120.497865, 22.922326], [120.497892, 22.921956], [120.497629, 22.92193], [120.497614, 22.922169], [120.497473, 22.922191], [120.497544, 22.922293], [120.497445, 22.922567], [120.497868, 22.923138], [120.497929, 22.923335], [120.498386, 22.923872], [120.498379, 22.924524], [120.498638, 22.925006], [120.498721, 22.925354], [120.498907, 22.925368], [120.499181, 22.92585], [120.4996, 22.925654], [120.499417, 22.925248], [120.499276, 22.925216], [120.499022, 22.924804], [120.498807, 22.924613], [120.498842, 22.924535], [120.499374, 22.9251], [120.498675, 22.92568], [120.497167, 22.92403], [120.497102, 22.924051], [120.496994, 22.923788], [120.496571, 22.923929], [120.496306, 22.924139], [120.496087, 22.92378], [120.496129, 22.923398], [120.496866, 22.923284], [120.496624, 22.922902], [120.496263, 22.922771], [120.49577, 22.922446], [120.49484, 22.923818], [120.494946, 22.924115], [120.49461, 22.924315], [120.493942, 22.924535], [120.493629, 22.924141], [120.493031, 22.924743], [120.493163, 22.925081], [120.492971, 22.925303], [120.492584, 22.925426], [120.492835, 22.925941], [120.492822, 22.926197], [120.492602, 22.926823], [120.492721, 22.926986], [120.492987, 22.927067], [120.493425, 22.927474], [120.493514, 22.92762], [120.493343, 22.927683], [120.494113, 22.927567], [120.494056, 22.927467], [120.494219, 22.927428], [120.494124, 22.927284], [120.494562, 22.927017], [120.493775, 22.929053], [120.493221, 22.928861], [120.493319, 22.929887], [120.493821, 22.930026], [120.49361, 22.930461], [120.493792, 22.93087], [120.493553, 22.931364], [120.493779, 22.931428], [120.493908, 22.931587], [120.493645, 22.931889], [120.493464, 22.931937], [120.493468, 22.932199], [120.49383, 22.932095], [120.493146, 22.931289], [120.493445, 22.931057], [120.495513, 22.931528], [120.499671, 22.9311], [120.500386, 22.931654], [120.500996, 22.931298], [120.501067, 22.931388], [120.501096, 22.931054], [120.501191, 22.930902], [120.501071, 22.930604], [120.501173, 22.930543], [120.501002, 22.930479], [120.500995, 22.930244], [120.500857, 22.930022], [120.501049, 22.929971], [120.500668, 22.930289], [120.50086, 22.930653], [120.500919, 22.930949], [120.500528, 22.928808], [120.500802, 22.928114], [120.500487, 22.927679], [120.500261, 22.927671], [120.500119, 22.927454], [120.500203, 22.927319], [120.500037, 22.927226], [120.500028, 22.927048], [120.499718, 22.926567], [120.500033, 22.926401], [120.500079, 22.92647], [120.499772, 22.926015], [120.500406, 22.92699], [120.500954, 22.927572], [120.500876, 22.92771], [120.501207, 22.927703], [120.501386, 22.927537], [120.501575, 22.927716], [120.501594, 22.927351], [120.501896, 22.927328], [120.501257, 22.927359], [120.501662, 22.926607], [120.502211, 22.926462]]}}, {"type": "Feature", "properties": {"district": "6403000", "segment": 29, "total_segments": 33, "km": 11.13, "villages": ["圓富里"]}, "geometry": {"type": "LineString", "coordinates": [[120.501202, 22.928201], [120.501455, 22.928564], [120.500275, 22.92738], [120.49754, 22.926648], [120.496185, 22.924645], [120.495095, 22.924778], [120.494926, 22.92465], [120.495025, 22.924092], [120.496923, 22.923388], [120.496894, 22.92332], [120.497364, 22.922996], [120.496588, 22.9219], [120.496888, 22.921651], [120.496789, 22.921426], [120.497044, 22.921289], [120.497187, 22.921344], [120.497271, 22.921663], [120.497127, 22.921788], [120.497234, 22.922111], [120.496998, 22.921739], [120.497204, 22.921292], [120.497185, 22.921096], [120.496843, 22.920353], [120.496648, 22.920624], [120.496804, 22.920687], [120.497005, 22.921012], [120.496827, 22.921099], [120.497005, 22.921131], [120.496993, 22.921222], [120.497973, 22.921802], [120.497927, 22.92196], [120.498074, 22.922142], [120.498011, 22.922489], [120.497826, 22.922588], [120.498121, 22.923206], [120.498386, 22.923102], [120.497741, 22.923548], [120.497872, 22.923818], [120.497396, 22.923041], [120.49866, 22.922085], [120.499876, 22.920802], [120.499846, 22.922979], [120.500206, 22.923978], [120.500474, 22.924338], [120.500868, 22.924622], [120.501709, 22.924417], [120.501102, 22.923125], [120.501326, 22.922806], [120.501906, 22.922879], [120.502592, 22.921695], [120.502367, 22.92114], [120.50298, 22.921027], [120.497163, 22.920144], [120.496856, 22.91999], [120.496614, 22.919494], [120.495523, 22.919586], [120.494644, 22.920748], [120.495539, 22.921114], [120.495666, 22.921714], [120.493823, 22.922673], [120.492656, 22.922715], [120.492659, 22.924099], [120.492984, 22.9247], [120.491667, 22.92471], [120.490855, 22.925025], [120.490804, 22.924854], [120.490994, 22.924743], [120.490543, 22.925098], [120.490691, 22.925267], [120.491036, 22.927079], [120.491301, 22.927128], [120.491009, 22.927697], [120.490721, 22.927446], [120.490877, 22.928045], [120.492871, 22.928003], [120.493624, 22.926426], [120.493754, 22.926369], [120.493172, 22.925934], [120.491284, 22.921169], [120.491918, 22.920705], [120.491718, 22.920532], [120.492353, 22.920506], [120.490468, 22.921082], [120.490396, 22.921668], [120.490991, 22.918712], [120.491263, 22.918621], [120.491222, 22.917254], [120.492231, 22.917464], [120.488321, 22.928577], [120.488424, 22.929496], [120.490473, 22.931507], [120.490085, 22.932033], [120.490526, 22.932411], [120.489883, 22.933377], [120.489377, 22.93343], [120.490179, 22.934498], [120.49118, 22.934374], [120.488461, 22.93284]]}}, {"type": "Feature", "properties": {"district": "6403000", "segment": 30, "total_segments": 33, "km": 14.05, "villages": ["中正里"]}, "geometry": {"type": "LineString", "coordinates": [[120.499923, 22.937569], [120.502039, 22.936957], [120.502787, 22.937507], [120.503106, 22.938026], [120.503334, 22.93905], [120.503617, 22.939569], [120.503738, 22.940264], [120.503874, 22.940272], [120.503929, 22.940553], [120.50418, 22.940547], [120.504326, 22.940435], [120.504556, 22.940635], [120.505009, 22.940465], [120.505185, 22.940056], [120.506407, 22.939534], [120.50654, 22.939602], [120.506532, 22.939736], [120.506731, 22.94013], [120.507109, 22.940087], [120.507117, 22.940146], [120.506836, 22.939282], [120.507061, 22.939193], [120.506339, 22.939181], [120.506481, 22.938558], [120.505756, 22.936983], [120.503476, 22.937637], [120.50313, 22.937577], [120.505026, 22.935264], [120.504911, 22.934635], [120.504354, 22.933903], [120.50476, 22.933763], [120.504506, 22.933563], [120.504194, 22.933679], [120.50406, 22.933342], [120.504189, 22.933397], [120.50442, 22.93332], [120.504274, 22.932942], [120.504304, 22.932825], [120.504096, 22.932636], [120.504284, 22.93261], [120.504223, 22.932459], [120.5044, 22.932479], [120.504461, 22.932386], [120.504633, 22.932467], [120.504562, 22.932733], [120.504113, 22.932434], [120.503907, 22.932505], [120.503826, 22.932655], [120.503978, 22.932882], [120.503836, 22.932951], [120.50356, 22.932621], [120.503763, 22.932523], [120.503825, 22.932356], [120.504082, 22.932304], [120.504019, 22.932176], [120.50391, 22.932208], [120.503814, 22.932127], [120.503692, 22.932333], [120.503467, 22.932424], [120.503259, 22.931852], [120.503562, 22.932099], [120.503987, 22.931999], [120.504071, 22.932061], [120.504271, 22.931847], [120.504535, 22.932028], [120.504858, 22.931863], [120.504945, 22.931897], [120.504934, 22.931719], [120.504914, 22.932078], [120.504278, 22.932167], [120.504059, 22.933019], [120.50392, 22.93308], [120.503861, 22.932985], [120.503942, 22.933113], [120.503353, 22.932934], [120.503259, 22.932693], [120.502622, 22.932277], [120.502055, 22.933185], [120.50234, 22.9335], [120.502611, 22.933447], [120.502647, 22.933528], [120.503382, 22.933679], [120.503963, 22.933963], [120.504099, 22.934294], [120.5042, 22.933724], [120.506356, 22.934858], [120.506676, 22.932543], [120.505919, 22.931636], [120.506563, 22.931174], [120.506532, 22.931108], [120.507384, 22.930982], [120.508474, 22.93031], [120.508892, 22.932851], [120.509243, 22.932856], [120.509044, 22.933409], [120.511015, 22.933137], [120.511087, 22.932867], [120.514054, 22.933751], [120.514043, 22.933906], [120.514193, 22.933887], [120.514229, 22.933738], [120.514148, 22.933599], [120.514129, 22.934324], [120.513222, 22.936092], [120.513595, 22.936373], [120.513688, 22.937076], [120.514039, 22.937337], [120.514587, 22.936352], [120.514808, 22.936361], [120.515844, 22.936887], [120.516234, 22.937244], [120.515934, 22.937894], [120.515572, 22.937883], [120.515671, 22.938348], [120.51418, 22.939897], [120.514248, 22.940311], [120.514405, 22.940449], [120.5141, 22.940736], [120.51323, 22.940889], [120.512985, 22.940774], [120.512862, 22.940936], [120.513722, 22.940988], [120.513914, 22.941353], [120.51382, 22.941491], [120.513932, 22.939989], [120.512994, 22.939638], [120.512083, 22.939755], [120.512093, 22.940448], [120.511314, 22.93791], [120.511195, 22.937823], [120.51098, 22.93798], [120.511039, 22.938133], [120.511191, 22.937726], [120.511118, 22.937415], [120.51124, 22.937072], [120.510965, 22.93702], [120.510938, 22.937288], [120.510702, 22.937618], [120.510885, 22.937714], [120.510555, 22.937793], [120.510455, 22.937999], [120.509661, 22.937693], [120.509722, 22.937165], [120.510003, 22.936939], [120.509472, 22.936134], [120.509774, 22.935994], [120.512148, 22.936224], [120.512453, 22.936377], [120.512642, 22.936116], [120.511564, 22.937732], [120.507914, 22.937715], [120.508417, 22.940637], [120.507751, 22.941039], [120.507469, 22.940847], [120.507416, 22.940709], [120.507985, 22.94158], [120.50808, 22.942127], [120.507512, 22.941932], [120.50565, 22.941649], [120.505183, 22.941511], [120.504513, 22.941602], [120.504663, 22.941162], [120.50403, 22.940823], [120.504268, 22.941382], [120.505638, 22.942727], [120.505578, 22.94278], [120.505761, 22.943076], [120.506285, 22.943578], [120.505915, 22.943964], [120.506454, 22.944299], [120.505267, 22.944196], [120.502819, 22.942658], [120.501775, 22.942119], [120.500955, 22.942258], [120.501553, 22.941145], [120.501862, 22.946439], [120.501732, 22.94661], [120.509247, 22.943841]]}}, {"type": "Feature", "properties": {"district": "6403000", "segment": 31, "total_segments": 33, "km": 10.51, "villages": ["中正里"]}, "geometry": {"type": "LineString", "coordinates": [[120.502993, 22.930332], [120.502876, 22.930159], [120.502622, 22.930118], [120.502705, 22.930446], [120.503254, 22.930222], [120.502498, 22.929785], [120.502241, 22.929449], [120.502282, 22.929359], [120.502057, 22.929236], [120.501828, 22.928856], [120.501525, 22.929039], [120.501403, 22.928915], [120.50182, 22.929464], [120.502008, 22.929597], [120.501946, 22.929695], [120.502181, 22.930118], [120.501788, 22.930185], [120.501819, 22.930284], [120.501701, 22.92995], [120.501815, 22.929849], [120.501869, 22.930011], [120.501681, 22.92979], [120.501443, 22.929804], [120.501515, 22.930005], [120.501442, 22.930035], [120.501621, 22.93036], [120.50156, 22.930001], [120.503932, 22.926611], [120.506633, 22.925122], [120.506511, 22.924433], [120.508452, 22.924563], [120.50903, 22.925183], [120.509214, 22.925096], [120.509262, 22.925166], [120.509204, 22.925018], [120.509388, 22.924971], [120.509357, 22.924901], [120.509628, 22.925364], [120.509349, 22.925421], [120.509326, 22.925754], [120.509425, 22.925784], [120.509412, 22.925931], [120.509253, 22.926002], [120.508897, 22.925432], [120.50886, 22.925587], [120.508689, 22.92568], [120.509766, 22.92604], [120.509828, 22.926184], [120.510077, 22.926094], [120.509714, 22.925179], [120.51015, 22.925275], [120.510172, 22.925022], [120.510631, 22.924732], [120.510462, 22.924521], [120.510891, 22.924568], [120.511046, 22.924743], [120.511333, 22.924641], [120.511367, 22.924913], [120.512073, 22.925613], [120.511508, 22.925871], [120.510867, 22.925984], [120.509419, 22.924518], [120.50898, 22.924496], [120.508844, 22.924317], [120.50905, 22.924302], [120.509127, 22.924089], [120.509248, 22.92408], [120.509452, 22.923793], [120.509025, 22.923593], [120.509045, 22.923449], [120.509254, 22.923526], [120.50887, 22.92323], [120.508959, 22.923145], [120.508869, 22.922989], [120.509041, 22.922924], [120.508883, 22.922859], [120.508758, 22.92312], [120.508695, 22.923543], [120.508612, 22.923624], [120.508492, 22.923583], [120.508441, 22.923457], [120.508428, 22.92395], [120.508544, 22.924044], [120.508705, 22.923775], [120.508584, 22.923766], [120.508877, 22.923517], [120.508306, 22.92284], [120.508047, 22.92286], [120.507396, 22.923166], [120.507344, 22.922806], [120.506695, 22.921878], [120.506664, 22.921715], [120.506985, 22.921608], [120.504722, 22.921404], [120.504165, 22.920418], [120.509211, 22.923018], [120.509537, 22.922967], [120.509676, 22.922853], [120.509711, 22.923385], [120.509574, 22.923345], [120.509728, 22.923554], [120.508522, 22.924299], [120.508438, 22.924195], [120.510619, 22.921845], [120.510876, 22.921978], [120.51055, 22.92105], [120.515893, 22.923071], [120.516321, 22.923191], [120.517327, 22.923011], [120.51708, 22.926231], [120.514206, 22.928045], [120.514233, 22.929735], [120.518251, 22.929874], [120.497604, 22.923342]]}}, {"type": "Feature", "properties": {"district": "6403000", "segment": 32, "total_segments": 33, "km": 14.61, "villages": ["大林里"]}, "geometry": {"type": "LineString", "coordinates": [[120.50803, 22.943674], [120.508691, 22.943762], [120.508836, 22.944682], [120.510381, 22.945986], [120.510214, 22.946145], [120.510538, 22.946718], [120.510738, 22.946632], [120.510629, 22.946399], [120.51066, 22.945887], [120.510223, 22.946925], [120.50901, 22.94647], [120.510651, 22.948072], [120.510802, 22.948407], [120.510867, 22.948375], [120.510902, 22.948454], [120.510835, 22.948468], [120.510965, 22.94857], [120.511098, 22.948927], [120.511273, 22.949049], [120.511127, 22.949124], [120.51127, 22.949425], [120.511351, 22.949445], [120.511627, 22.950108], [120.511903, 22.950532], [120.511608, 22.950848], [120.511839, 22.9513], [120.512682, 22.951279], [120.513231, 22.953068], [120.515194, 22.952281], [120.516617, 22.955379], [120.518022, 22.957317], [120.517943, 22.957693], [120.517854, 22.957743], [120.517903, 22.95795], [120.518061, 22.957993], [120.518055, 22.958143], [120.517567, 22.958189], [120.517391, 22.958371], [120.517276, 22.958373], [120.517735, 22.958461], [120.517981, 22.958619], [120.518088, 22.958562], [120.518334, 22.958807], [120.518044, 22.959012], [120.518078, 22.958354], [120.518498, 22.957787], [120.51949, 22.957673], [120.520971, 22.958591], [120.521053, 22.958552], [120.519743, 22.959987], [120.520167, 22.960255], [120.520259, 22.960806], [120.519296, 22.960616], [120.518682, 22.960679], [120.518354, 22.960635], [120.518128, 22.960439], [120.518092, 22.960553], [120.517982, 22.960562], [120.517946, 22.960399], [120.517747, 22.960648], [120.517606, 22.960662], [120.517557, 22.960888], [120.51798, 22.960906], [120.517239, 22.96044], [120.516465, 22.960384], [120.516372, 22.960304], [120.51597, 22.959754], [120.515632, 22.959055], [120.51572, 22.958992], [120.515223, 22.958068], [120.514992, 22.958203], [120.514979, 22.958332], [120.515243, 22.958749], [120.515099, 22.958744], [120.514875, 22.958892], [120.514799, 22.958745], [120.51502, 22.958589], [120.514733, 22.958257], [120.514604, 22.958315], [120.514863, 22.958136], [120.515533, 22.958395], [120.515585, 22.958488], [120.515443, 22.959394], [120.515647, 22.959649], [120.515839, 22.960137], [120.515758, 22.960381], [120.515914, 22.960371], [120.51613, 22.960669], [120.516106, 22.96076], [120.516276, 22.961095], [120.516054, 22.961144], [120.516532, 22.961], [120.516428, 22.960676], [120.517128, 22.96214], [120.516826, 22.962259], [120.51679, 22.962462], [120.516836, 22.962768], [120.517181, 22.963008], [120.517208, 22.963242], [120.517457, 22.962509], [120.516581, 22.961845], [120.515452, 22.96281], [120.515723, 22.96424], [120.515861, 22.964216], [120.516009, 22.964313], [120.516053, 22.964252], [120.516854, 22.964551], [120.517342, 22.964871], [120.517467, 22.964699], [120.517693, 22.964793], [120.517917, 22.964633], [120.517864, 22.964572], [120.518153, 22.964465], [120.51836, 22.964841], [120.518268, 22.964872], [120.518097, 22.964362], [120.518144, 22.963906], [120.517991, 22.963809], [120.519377, 22.965557], [120.519502, 22.965816], [120.519105, 22.96582], [120.51904, 22.965704], [120.519493, 22.966382], [120.51782, 22.967629], [120.517675, 22.967827], [120.51744, 22.967885], [120.517392, 22.967647], [120.517536, 22.967583], [120.517545, 22.967443], [120.516774, 22.966733], [120.516708, 22.966629], [120.516785, 22.966491], [120.516588, 22.966406], [120.516761, 22.966081], [120.517066, 22.966181], [120.517006, 22.966363], [120.516426, 22.966261], [120.516336, 22.96644], [120.516433, 22.966583], [120.516272, 22.9666], [120.516207, 22.96685], [120.516108, 22.966838], [120.516596, 22.966854], [120.516398, 22.966127], [120.515878, 22.965727], [120.515535, 22.966344], [120.515653, 22.966448], [120.515724, 22.966692], [120.514835, 22.967178], [120.514683, 22.967185], [120.515003, 22.968027], [120.515711, 22.968584], [120.515813, 22.967836], [120.517577, 22.968525], [120.517608, 22.96847], [120.517794, 22.968652], [120.517875, 22.968327], [120.517777, 22.968194], [120.518057, 22.968304], [120.51822, 22.969432], [120.518362, 22.969794], [120.517267, 22.970795], [120.516606, 22.971105], [120.519497, 22.972538], [120.519574, 22.973028], [120.519208, 22.973345], [120.519822, 22.973132], [120.519945, 22.973209], [120.520292, 22.973227], [120.520308, 22.973416], [120.520704, 22.973409], [120.520729, 22.973581], [120.520925, 22.97357], [120.520982, 22.973797], [120.521078, 22.973872], [120.521283, 22.974761], [120.522235, 22.974714], [120.522356, 22.974863], [120.522384, 22.975103], [120.522328, 22.975116], [120.522706, 22.974999], [120.523107, 22.974685], [120.523163, 22.974756], [120.523046, 22.974128], [120.522902, 22.974181], [120.522854, 22.974089], [120.522726, 22.974245], [120.522904, 22.974474], [120.522373, 22.973783], [120.522281, 22.973112], [120.521872, 22.973249], [120.521836, 22.972422], [120.521442, 22.972159], [120.520732, 22.972969], [120.520291, 22.972219], [120.521411, 22.970691], [120.519241, 22.968448], [120.525908, 22.970763], [120.525687, 22.971738], [120.525493, 22.971795], [120.526369, 22.972687], [120.523645, 22.974908], [120.523424, 22.975005], [120.523766, 22.976178], [120.52496, 22.977495], [120.52034, 22.975433], [120.520457, 22.975219], [120.514948, 22.974041]]}}, {"type": "Feature", "properties": {"district": "6403000", "segment": 33, "total_segments": 33, "km": 11.67, "villages": ["大林里"]}, "geometry": {"type": "LineString", "coordinates": [[120.513452, 22.963873], [120.513351, 22.963551], [120.513477, 22.961386], [120.512128, 22.960453], [120.512003, 22.960289], [120.511739, 22.960507], [120.511712, 22.960659], [120.511908, 22.960633], [120.512507, 22.959778], [120.511307, 22.959419], [120.511238, 22.959143], [120.511457, 22.959017], [120.510756, 22.959919], [120.510849, 22.960005], [120.510526, 22.960168], [120.510548, 22.960708], [120.513094, 22.95817], [120.513406, 22.958101], [120.512979, 22.95747], [120.512996, 22.956895], [120.51322, 22.956915], [120.513269, 22.956108], [120.513754, 22.955717], [120.513641, 22.95557], [120.51485, 22.957235], [120.514674, 22.959092], [120.514827, 22.959273], [120.515102, 22.959272], [120.515281, 22.959487], [120.515371, 22.959659], [120.515147, 22.959801], [120.515072, 22.959653], [120.514591, 22.959686], [120.517055, 22.958787], [120.516591, 22.958569], [120.518522, 22.954056], [120.520663, 22.954591], [120.519242, 22.950335], [120.519558, 22.950181], [120.518365, 22.950023], [120.517828, 22.94926], [120.517676, 22.949219], [120.517163, 22.948562], [120.517615, 22.946906], [120.517425, 22.946643], [120.517716, 22.946734], [120.517598, 22.94626], [120.516631, 22.946652], [120.516351, 22.94668], [120.517865, 22.945263], [120.519088, 22.945492], [120.519746, 22.945536], [120.519761, 22.945849], [120.518731, 22.946128], [120.519515, 22.947913], [120.519722, 22.947969], [120.519564, 22.94814], [120.516017, 22.943786], [120.516835, 22.942565], [120.512696, 22.945957], [120.512126, 22.946079], [120.512128, 22.946262], [120.512268, 22.946356], [120.512507, 22.946347], [120.512612, 22.946257], [120.512516, 22.946212], [120.512793, 22.946395], [120.51282, 22.946542], [120.512486, 22.94674], [120.512266, 22.946701], [120.512105, 22.946801], [120.512084, 22.946916], [120.512256, 22.946919], [120.511936, 22.947045], [120.511973, 22.947317], [120.511863, 22.947562], [120.511484, 22.94777], [120.511302, 22.948354], [120.511085, 22.948516], [120.511232, 22.948732], [120.511391, 22.948638], [120.511047, 22.948214], [120.511865, 22.946552], [120.51203, 22.946473], [120.512344, 22.946511], [120.513284, 22.947282], [120.512016, 22.945085], [120.50912, 22.950004], [120.508821, 22.950127], [120.508911, 22.950263], [120.508872, 22.950409], [120.508699, 22.950307], [120.508514, 22.950696], [120.508604, 22.950998], [120.508491, 22.951063], [120.508606, 22.951196], [120.508451, 22.951259], [120.508176, 22.951107], [120.508003, 22.951354], [120.508157, 22.951399], [120.507899, 22.951031], [120.508149, 22.950824], [120.508149, 22.950681], [120.507961, 22.950676], [120.508005, 22.950426], [120.50828, 22.950359], [120.509074, 22.950831], [120.509179, 22.9507], [120.509505, 22.950547], [120.509313, 22.950379], [120.509187, 22.950542], [120.509011, 22.95059], [120.508806, 22.950909], [120.508895, 22.951025], [120.508798, 22.951059], [120.509736, 22.95071], [120.508558, 22.951948], [120.50859, 22.952085], [120.508801, 22.952262], [120.508998, 22.952601], [120.509919, 22.953537], [120.50996, 22.953934], [120.508074, 22.953828], [120.50634, 22.951813], [120.506317, 22.951658], [120.506909, 22.951445], [120.506821, 22.951173], [120.506882, 22.950619], [120.507471, 22.949644], [120.507315, 22.948979], [120.507101, 22.948981], [120.506933, 22.949125], [120.506797, 22.948592], [120.506504, 22.948517], [120.506529, 22.948348], [120.506383, 22.948008], [120.506554, 22.947793], [120.505738, 22.947965], [120.506553, 22.94873], [120.506773, 22.949497]]}}]}