{"type": "FeatureCollection", "features": [{"type": "Feature", "properties": {"district": "65000050", "segment": 1, "total_segments": 28, "km": 13.91, "villages": ["中信里", "中原里"]}, "geometry": {"type": "LineString", "coordinates": [[121.44781, 25.050549], [121.448092, 25.050905], [121.448785, 25.05125], [121.448686, 25.05141], [121.449125, 25.051758], [121.449411, 25.051738], [121.44941, 25.051618], [121.449817, 25.051604], [121.449888, 25.051662], [121.44989, 25.051605], [121.449884, 25.051736], [121.449818, 25.051739], [121.44988, 25.051905], [121.44982, 25.051906], [121.450078, 25.05202], [121.45002, 25.051906], [121.45005, 25.051573], [121.450538, 25.05155], [121.450546, 25.051646], [121.45064, 25.051633], [121.450533, 25.051816], [121.450631, 25.051834], [121.450623, 25.051935], [121.450209, 25.05195], [121.450254, 25.052203], [121.450509, 25.052198], [121.450623, 25.052023], [121.451109, 25.052053], [121.451169, 25.052115], [121.451528, 25.05209], [121.451227, 25.053617], [121.450605, 25.052866], [121.450118, 25.052889], [121.450141, 25.052708], [121.450418, 25.05265], [121.450972, 25.052703], [121.451186, 25.052308], [121.451141, 25.052227], [121.451057, 25.052261], [121.451264, 25.052327], [121.451567, 25.051896], [121.451202, 25.051706], [121.451131, 25.051756], [121.451076, 25.05163], [121.451106, 25.051251], [121.451245, 25.051251], [121.45126, 25.051148], [121.451019, 25.051137], [121.451032, 25.051252], [121.450101, 25.05123], [121.450103, 25.051116], [121.45088, 25.051135], [121.450879, 25.050906], [121.450118, 25.05089], [121.450217, 25.050746], [121.449858, 25.050742], [121.449843, 25.050891], [121.44941, 25.050901], [121.449405, 25.050746], [121.449612, 25.050723], [121.449101, 25.050793], [121.448881, 25.050949], [121.44901, 25.051046], [121.448892, 25.051149], [121.449081, 25.051248], [121.449236, 25.051138], [121.449304, 25.051221], [121.449923, 25.051219], [121.449923, 25.051112], [121.449078, 25.051001], [121.449148, 25.051454], [121.449284, 25.05148], [121.449292, 25.051385], [121.448598, 25.051621], [121.448399, 25.051906], [121.448609, 25.05202], [121.448257, 25.052452], [121.449576, 25.05237], [121.449548, 25.052716], [121.449905, 25.052716], [121.451608, 25.051774], [121.451706, 25.05132], [121.451376, 25.05126], [121.451347, 25.051143], [121.451714, 25.051146], [121.451746, 25.050785], [121.451691, 25.050778], [121.451883, 25.050796], [121.451306, 25.05092], [121.451034, 25.050908], [121.45107, 25.050743], [121.451453, 25.050753], [121.450425, 25.050758], [121.449937, 25.052854], [121.449986, 25.052864], [121.449565, 25.052934], [121.449509, 25.052861], [121.448976, 25.052857], [121.449003, 25.053077], [121.449167, 25.053096], [121.448871, 25.052855], [121.448026, 25.052909], [121.447902, 25.053429], [121.447891, 25.054099], [121.447742, 25.054109], [121.447654, 25.054238], [121.447286, 25.054244], [121.447369, 25.054141], [121.447084, 25.054152], [121.447085, 25.054235], [121.446666, 25.054246], [121.446666, 25.054131], [121.44636, 25.054127], [121.446247, 25.054166], [121.446247, 25.054242], [121.445233, 25.05425], [121.445257, 25.054116], [121.445021, 25.054119], [121.444928, 25.054518], [121.445017, 25.054608], [121.444924, 25.054645], [121.444918, 25.054895], [121.445005, 25.054919], [121.444999, 25.055028], [121.444914, 25.055032], [121.444912, 25.055273], [121.445299, 25.054924], [121.445307, 25.054619], [121.446696, 25.054589], [121.446752, 25.054133], [121.446837, 25.054135], [121.447241, 25.054538], [121.447539, 25.05453], [121.448012, 25.054902], [121.448127, 25.054904], [121.448174, 25.055386], [121.448061, 25.055386], [121.448064, 25.055522], [121.449478, 25.055518], [121.449255, 25.055228], [121.44889, 25.055249], [121.44889, 25.055361], [121.448766, 25.055371], [121.448627, 25.05525], [121.448552, 25.055369], [121.44838, 25.055369], [121.448386, 25.055248], [121.448735, 25.054859], [121.448744, 25.054714], [121.448926, 25.054863], [121.4491, 25.054865], [121.449098, 25.054714], [121.449351, 25.054719], [121.449349, 25.054873], [121.449608, 25.054881], [121.449623, 25.054751], [121.449703, 25.054716], [121.449679, 25.054418], [121.449529, 25.054416], [121.449533, 25.054506], [121.449529, 25.054227], [121.448394, 25.054236], [121.448407, 25.054069], [121.448329, 25.054011], [121.44805, 25.054036], [121.448053, 25.05398], [121.448058, 25.054149], [121.448254, 25.054155], [121.448244, 25.054239], [121.448021, 25.054239], [121.447731, 25.053933], [121.447739, 25.05346], [121.447843, 25.053035], [121.447804, 25.05285], [121.446268, 25.052858], [121.446052, 25.052901], [121.445405, 25.053315], [121.445025, 25.053303], [121.444989, 25.053647], [121.444751, 25.053808], [121.444744, 25.054097], [121.44479, 25.052982], [121.444962, 25.052981], [121.445027, 25.053255], [121.445773, 25.053604], [121.44573, 25.053765], [121.445653, 25.053765], [121.445669, 25.053941], [121.446027, 25.053923], [121.445928, 25.053713], [121.446027, 25.05416], [121.445949, 25.055452], [121.445695, 25.055306], [121.44568, 25.055452], [121.446817, 25.05551], [121.446823, 25.055411], [121.44696, 25.055518], [121.44772, 25.055528], [121.44772, 25.055411], [121.447398, 25.05542], [121.44682, 25.056178], [121.446677, 25.056531], [121.446935, 25.056677], [121.44687, 25.056794], [121.446618, 25.056619], [121.446292, 25.056986], [121.446913, 25.057203], [121.446095, 25.057647], [121.445918, 25.057922], [121.445784, 25.057863], [121.445953, 25.05759], [121.445732, 25.057568], [121.445644, 25.057699], [121.445415, 25.057582], [121.445724, 25.057155], [121.445924, 25.057266], [121.445854, 25.057356], [121.445349, 25.056947], [121.445147, 25.057174], [121.445057, 25.056786], [121.444614, 25.057281], [121.444483, 25.057178], [121.444375, 25.057307], [121.444222, 25.057229], [121.444059, 25.057273], [121.443893, 25.057166], [121.443775, 25.057353], [121.443957, 25.057443], [121.444482, 25.057463], [121.444826, 25.057793], [121.444743, 25.057949], [121.444606, 25.057869], [121.444764, 25.057376], [121.444338, 25.057079], [121.443855, 25.056184], [121.443786, 25.05549], [121.443872, 25.055199], [121.444346, 25.055154], [121.44434, 25.055545], [121.443127, 25.054762], [121.443162, 25.054666], [121.442998, 25.054668], [121.442964, 25.05477], [121.442759, 25.05465], [121.445312, 25.057885], [121.445656, 25.058183], [121.445714, 25.058061], [121.445919, 25.058314], [121.445817, 25.058632], [121.445732, 25.058576], [121.44596, 25.059391], [121.448037, 25.057846], [121.447929, 25.057482], [121.448014, 25.057125], [121.448768, 25.057112], [121.448767, 25.057236], [121.44836, 25.057234], [121.447991, 25.056275], [121.449877, 25.056247], [121.449957, 25.056144], [121.449955, 25.055916], [121.450293, 25.055916], [121.450647, 25.055779], [121.450819, 25.055824], [121.450624, 25.056131], [121.450696, 25.056429], [121.450606, 25.056878], [121.449953, 25.056894], [121.449884, 25.056744], [121.449812, 25.057126], [121.45042, 25.057534], [121.450384, 25.057688], [121.449898, 25.058198], [121.449647, 25.058196], [121.449652, 25.058324], [121.449896, 25.058324], [121.448843, 25.058923], [121.448639, 25.05883], [121.448461, 25.059274], [121.448697, 25.059347], [121.448819, 25.059051], [121.448536, 25.059464], [121.448249, 25.059393], [121.448166, 25.059598], [121.448611, 25.059709], [121.448536, 25.059964], [121.448758, 25.059996], [121.448793, 25.059743], [121.449452, 25.059944], [121.4504, 25.060014], [121.449356, 25.0609], [121.450918, 25.055329], [121.451027, 25.054421], [121.450284, 25.054404], [121.450283, 25.054232], [121.449743, 25.054229], [121.449918, 25.053967], [121.450068, 25.053969], [121.450146, 25.054052], [121.450288, 25.053969], [121.450277, 25.054055], [121.450461, 25.053966], [121.45043, 25.054231], [121.450991, 25.054225], [121.45121, 25.053735], [121.450668, 25.054017], [121.450744, 25.054641], [121.450649, 25.054587], [121.450132, 25.053542], [121.448633, 25.053705], [121.448565, 25.053829], [121.448345, 25.05303], [121.448201, 25.05303], [121.447576, 25.053845]]}}, {"type": "Feature", "properties": {"district": "65000050", "segment": 2, "total_segments": 28, "km": 10.51, "villages": ["中隆里", "昌隆里", "幸福里", "自信里", "自強里"]}, "geometry": {"type": "LineString", "coordinates": [[121.451211, 25.054186], [121.451641, 25.052853], [121.452066, 25.05298], [121.452652, 25.051647], [121.452771, 25.050619], [121.452552, 25.049379], [121.452392, 25.049372], [121.452236, 25.050614], [121.452079, 25.05077], [121.451955, 25.051159], [121.451692, 25.052119], [121.451784, 25.052155], [121.451556, 25.052491], [121.452009, 25.053125], [121.451886, 25.053752], [121.451646, 25.053864], [121.451502, 25.053816], [121.451438, 25.054055], [121.451578, 25.054114], [121.451628, 25.053943], [121.451659, 25.054215], [121.451301, 25.054213], [121.45138, 25.054575], [121.451117, 25.054981], [121.450898, 25.056193], [121.450848, 25.056809], [121.451033, 25.056934], [121.451086, 25.056672], [121.451378, 25.056724], [121.451472, 25.056747], [121.451468, 25.056924], [121.451333, 25.056989], [121.451485, 25.056558], [121.451286, 25.056051], [121.450861, 25.057668], [121.451022, 25.057722], [121.451042, 25.057934], [121.451149, 25.057936], [121.450666, 25.05793], [121.450741, 25.057672], [121.450653, 25.057635], [121.45061, 25.057808], [121.450715, 25.058345], [121.450909, 25.058135], [121.451161, 25.058131], [121.451165, 25.058342], [121.451023, 25.058342], [121.451115, 25.058673], [121.451322, 25.058675], [121.451322, 25.058498], [121.451517, 25.058458], [121.451526, 25.058578], [121.451628, 25.058306], [121.45163, 25.05817], [121.451555, 25.058136], [121.451421, 25.05818], [121.451424, 25.058318], [121.450398, 25.058428], [121.450543, 25.059197], [121.45068, 25.059171], [121.451889, 25.059942], [121.451892, 25.060144], [121.452235, 25.060152], [121.45224, 25.059945], [121.450938, 25.060673], [121.45209, 25.051819], [121.45199, 25.051801], [121.452063, 25.051686], [121.452124, 25.051719], [121.452369, 25.051532], [121.452487, 25.05156], [121.452468, 25.051374], [121.452185, 25.05132], [121.45217, 25.051413], [121.452298, 25.051441], [121.453273, 25.051713], [121.453458, 25.05135], [121.453462, 25.050975], [121.45396, 25.051459], [121.454135, 25.051454], [121.454204, 25.050987], [121.45505, 25.051019], [121.454662, 25.05207], [121.454681, 25.053056], [121.454466, 25.052904], [121.453559, 25.052598], [121.453447, 25.052801], [121.453463, 25.052956], [121.453113, 25.052905], [121.453031, 25.052814], [121.452785, 25.052898], [121.452736, 25.053066], [121.453133, 25.053026], [121.453299, 25.05267], [121.453365, 25.052682], [121.452983, 25.052535], [121.452897, 25.052702], [121.453136, 25.05225], [121.453258, 25.051773], [121.453448, 25.050793], [121.456634, 25.0508], [121.45606, 25.05003], [121.454177, 25.050029], [121.454184, 25.049878], [121.456088, 25.049901], [121.456081, 25.049467], [121.453278, 25.04937], [121.453197, 25.049528], [121.453515, 25.049582], [121.453518, 25.049656], [121.453276, 25.049652], [121.453615, 25.04966], [121.453612, 25.049581], [121.453761, 25.049586], [121.453778, 25.049877], [121.454127, 25.049878], [121.453999, 25.050027], [121.453346, 25.050022], [121.453583, 25.050236], [121.453389, 25.050468], [121.45495, 25.050597], [121.455197, 25.050599], [121.455217, 25.050508], [121.454971, 25.050499], [121.455406, 25.050507], [121.455436, 25.049276], [121.456243, 25.049268], [121.455772, 25.049002], [121.455249, 25.049267], [121.453361, 25.049196], [121.453166, 25.049019], [121.45318, 25.048544], [121.453456, 25.048456], [121.45359, 25.048486], [121.453655, 25.048875], [121.454189, 25.048867], [121.454152, 25.048634], [121.454346, 25.048633], [121.453905, 25.048627], [121.453924, 25.048341], [121.455232, 25.048334], [121.455927, 25.04823], [121.45492, 25.048837], [121.454688, 25.04881], [121.454645, 25.049012], [121.454669, 25.048491], [121.454655, 25.048203], [121.454207, 25.048199], [121.454242, 25.047976], [121.454641, 25.047962], [121.454667, 25.047876], [121.453369, 25.047835], [121.453338, 25.047933], [121.454185, 25.047969], [121.454231, 25.04768], [121.454661, 25.047695], [121.454644, 25.046682], [121.454531, 25.046678], [121.454522, 25.047044], [121.454404, 25.04702], [121.454333, 25.046832], [121.454339, 25.047018], [121.454205, 25.047033], [121.454069, 25.047287], [121.453802, 25.047349], [121.453645, 25.047255], [121.453727, 25.047545], [121.454068, 25.047566], [121.454029, 25.047673], [121.453407, 25.047644], [121.453483, 25.047544], [121.454066, 25.04769], [121.454194, 25.047675], [121.454204, 25.047582], [121.454432, 25.047591], [121.454525, 25.047096], [121.454471, 25.046786], [121.454207, 25.046779], [121.453728, 25.047144], [121.454641, 25.046557], [121.454648, 25.045477], [121.454207, 25.04548], [121.454183, 25.046156], [121.454298, 25.045343], [121.454453, 25.045344], [121.454036, 25.045323], [121.454378, 25.044987], [121.454444, 25.045025], [121.454478, 25.044907], [121.454594, 25.045092], [121.45449, 25.04468]]}}, {"type": "Feature", "properties": {"district": "65000050", "segment": 3, "total_segments": 28, "km": 9.47, "villages": ["自立里", "仁愛里", "仁義里", "信義里", "昌明里"]}, "geometry": {"type": "LineString", "coordinates": [[121.454531, 25.044188], [121.455158, 25.044302], [121.455178, 25.044791], [121.455553, 25.044808], [121.455555, 25.044681], [121.455549, 25.044961], [121.455787, 25.044957], [121.455776, 25.045099], [121.455605, 25.045094], [121.455564, 25.045366], [121.454654, 25.04534], [121.454588, 25.04528], [121.454841, 25.045544], [121.454833, 25.047627], [121.455554, 25.047636], [121.45556, 25.047739], [121.454815, 25.047732], [121.454868, 25.04798], [121.455204, 25.047984], [121.455206, 25.047903], [121.454795, 25.047983], [121.454811, 25.048183], [121.455559, 25.048131], [121.4557, 25.048083], [121.45571, 25.048009], [121.455724, 25.045504], [121.455003, 25.045487], [121.454991, 25.045673], [121.455403, 25.045703], [121.45511, 25.045846], [121.455025, 25.046274], [121.455682, 25.045365], [121.457589, 25.045429], [121.456556, 25.045562], [121.456483, 25.044976], [121.456331, 25.044974], [121.45633, 25.044859], [121.456574, 25.044864], [121.456196, 25.044738], [121.456209, 25.044642], [121.455914, 25.044714], [121.455912, 25.044828], [121.456098, 25.04507], [121.455902, 25.045195], [121.456226, 25.044432], [121.455504, 25.04431], [121.457752, 25.044476], [121.455497, 25.047909], [121.455288, 25.047905], [121.455293, 25.047986], [121.455498, 25.047992], [121.45597, 25.04799], [121.4561, 25.048326], [121.457214, 25.047927], [121.45752, 25.047672], [121.457395, 25.047589], [121.457576, 25.047343], [121.457642, 25.047088], [121.457506, 25.047065], [121.457463, 25.047278], [121.457224, 25.047587], [121.457064, 25.047552], [121.457037, 25.04716], [121.456899, 25.047118], [121.456882, 25.047522], [121.457158, 25.047807], [121.45736, 25.047628], [121.457692, 25.048091], [121.457853, 25.048421], [121.457903, 25.048977], [121.45746, 25.048976], [121.457374, 25.049251], [121.456575, 25.04934], [121.45818, 25.049374], [121.458185, 25.049428], [121.458196, 25.048895], [121.457976, 25.048095], [121.45767, 25.047757], [121.45735, 25.047042], [121.456922, 25.047067], [121.456824, 25.04784], [121.458018, 25.048979], [121.458335, 25.04904], [121.458347, 25.049452], [121.459411, 25.049343], [121.459404, 25.048837], [121.459648, 25.048825], [121.459652, 25.049445], [121.459667, 25.047047], [121.459447, 25.047069], [121.459442, 25.04727], [121.459096, 25.047271], [121.459304, 25.047354], [121.459292, 25.047775], [121.459437, 25.047802], [121.459418, 25.048373], [121.459291, 25.048056], [121.458829, 25.04806], [121.458765, 25.047766], [121.458658, 25.047764], [121.458795, 25.047415], [121.459443, 25.047389], [121.459447, 25.04774], [121.458265, 25.048542], [121.458323, 25.048827], [121.457621, 25.047514], [121.457741, 25.047286], [121.457836, 25.04674], [121.457846, 25.049533], [121.456172, 25.049472], [121.456237, 25.049896], [121.456651, 25.049897], [121.456912, 25.050987], [121.457172, 25.051089], [121.457216, 25.05103], [121.456992, 25.050937], [121.457464, 25.051377], [121.457842, 25.051056], [121.457977, 25.050647], [121.458148, 25.050687], [121.458241, 25.050244], [121.458062, 25.050271], [121.458026, 25.050462], [121.458134, 25.049654], [121.458317, 25.049668], [121.458277, 25.050048], [121.458496, 25.049552], [121.458821, 25.049556], [121.457995, 25.049542], [121.457919, 25.049557], [121.458093, 25.050845], [121.457995, 25.051173], [121.458155, 25.05126], [121.458713, 25.051117], [121.459621, 25.051144], [121.459618, 25.05108], [121.459621, 25.051318], [121.459631, 25.049723], [121.457852, 25.052431], [121.457466, 25.052411], [121.457272, 25.052647], [121.457014, 25.052647], [121.456872, 25.052391], [121.456495, 25.052371], [121.456453, 25.052474], [121.456295, 25.052372], [121.455611, 25.052348], [121.456679, 25.05342], [121.45668, 25.053672], [121.45693, 25.053268], [121.457424, 25.053444], [121.457425, 25.053683], [121.457743, 25.053558], [121.457753, 25.053462], [121.457936, 25.053321], [121.457942, 25.053715], [121.457806, 25.053689], [121.457924, 25.053189], [121.457899, 25.052604], [121.457785, 25.052695]]}}, {"type": "Feature", "properties": {"district": "65000050", "segment": 4, "total_segments": 28, "km": 9.96, "villages": ["昌信里", "昌平里"]}, "geometry": {"type": "LineString", "coordinates": [[121.457931, 25.053889], [121.457899, 25.054253], [121.454643, 25.05423], [121.455027, 25.052361], [121.455419, 25.052345], [121.454602, 25.053274], [121.454541, 25.053365], [121.453538, 25.053345], [121.453534, 25.053522], [121.453627, 25.053534], [121.453701, 25.053463], [121.454108, 25.053469], [121.454188, 25.053534], [121.454595, 25.053478], [121.454489, 25.05416], [121.45441, 25.05424], [121.454362, 25.054119], [121.454254, 25.054121], [121.454268, 25.054223], [121.452527, 25.054241], [121.452529, 25.054018], [121.452889, 25.05394], [121.452982, 25.054022], [121.452992, 25.053848], [121.45272, 25.053783], [121.452568, 25.053795], [121.452563, 25.053871], [121.452725, 25.0536], [121.452826, 25.053635], [121.45298, 25.053514], [121.452919, 25.053348], [121.452972, 25.053292], [121.45271, 25.053395], [121.452704, 25.053309], [121.452989, 25.053659], [121.453327, 25.053525], [121.453351, 25.053428], [121.453394, 25.05352], [121.453163, 25.053291], [121.453396, 25.053983], [121.453504, 25.053988], [121.453494, 25.054062], [121.453722, 25.054075], [121.453724, 25.053975], [121.453813, 25.053932], [121.454005, 25.053943], [121.453761, 25.054912], [121.453568, 25.054912], [121.453576, 25.054768], [121.453299, 25.054512], [121.452719, 25.054522], [121.452272, 25.054209], [121.45236, 25.055431], [121.452535, 25.055431], [121.452537, 25.055262], [121.452521, 25.055776], [121.452343, 25.055783], [121.452415, 25.056221], [121.45296, 25.0562], [121.45308, 25.055936], [121.452838, 25.055895], [121.452838, 25.055784], [121.452697, 25.05578], [121.452716, 25.055898], [121.453334, 25.055936], [121.453526, 25.055516], [121.45353, 25.055157], [121.453766, 25.055162], [121.453788, 25.055524], [121.453657, 25.055522], [121.454187, 25.05553], [121.454198, 25.055174], [121.454011, 25.055166], [121.453998, 25.055421], [121.454391, 25.055362], [121.454394, 25.055135], [121.454758, 25.054913], [121.454697, 25.054802], [121.454922, 25.054911], [121.455609, 25.054877], [121.455502, 25.055151], [121.455377, 25.055162], [121.455368, 25.05524], [121.455458, 25.055479], [121.455584, 25.055512], [121.455691, 25.055503], [121.455706, 25.055405], [121.455605, 25.055396], [121.455824, 25.055407], [121.45582, 25.055508], [121.457826, 25.055541], [121.457869, 25.05511], [121.457604, 25.055152], [121.457606, 25.055092], [121.457381, 25.055095], [121.457389, 25.055237], [121.457551, 25.055351], [121.457549, 25.055437], [121.457604, 25.055231], [121.456711, 25.055109], [121.456699, 25.054916], [121.456895, 25.054912], [121.456049, 25.055405], [121.454829, 25.055481], [121.45493, 25.055213], [121.454391, 25.055504], [121.454415, 25.055813], [121.453909, 25.055806], [121.454135, 25.055934], [121.455136, 25.057415], [121.455144, 25.057967], [121.455254, 25.057959], [121.455254, 25.057417], [121.455581, 25.056404], [121.457049, 25.056599], [121.457791, 25.056601], [121.457811, 25.057048], [121.457717, 25.056907], [121.45768, 25.05717], [121.457393, 25.057166], [121.456722, 25.05751], [121.456422, 25.05753], [121.456419, 25.05768], [121.457337, 25.058079], [121.457337, 25.058222], [121.457557, 25.058247], [121.457589, 25.058074], [121.457849, 25.058947], [121.45845, 25.058924], [121.458441, 25.059048], [121.458276, 25.059052], [121.45872, 25.058955], [121.459584, 25.059517], [121.459581, 25.059867], [121.459452, 25.060252], [121.459571, 25.060218], [121.458083, 25.060263], [121.45647, 25.060072], [121.45638, 25.059679], [121.456144, 25.059679], [121.456134, 25.059801], [121.455992, 25.059808], [121.455989, 25.059679], [121.455842, 25.059674], [121.455783, 25.060011], [121.45562, 25.060012], [121.455516, 25.059674], [121.455358, 25.059677], [121.455363, 25.059524], [121.455512, 25.059514], [121.455504, 25.059378], [121.455373, 25.059371], [121.455351, 25.059245], [121.455492, 25.059236], [121.454826, 25.059239], [121.454826, 25.059089], [121.454971, 25.059091], [121.454973, 25.059392], [121.454818, 25.059402], [121.454879, 25.059728], [121.454981, 25.059735], [121.454979, 25.059862], [121.454874, 25.059838], [121.45486, 25.060225], [121.455176, 25.059938], [121.455183, 25.059723], [121.45535, 25.060211], [121.455667, 25.060203], [121.45675, 25.059897], [121.456956, 25.059417], [121.456874, 25.059281], [121.457199, 25.059216], [121.457148, 25.05903], [121.456514, 25.059048], [121.456672, 25.05922], [121.457363, 25.059024], [121.456977, 25.058587], [121.458581, 25.057198], [121.458728, 25.057198], [121.458643, 25.057062], [121.458686, 25.056679], [121.458606, 25.056676], [121.458559, 25.056795], [121.458614, 25.056402], [121.459202, 25.05675], [121.459204, 25.056832], [121.459538, 25.056841], [121.459541, 25.056741], [121.459441, 25.058229], [121.457772, 25.055929], [121.45778, 25.055842], [121.457468, 25.055843], [121.455416, 25.054539], [121.454729, 25.054566], [121.453972, 25.058632], [121.453668, 25.058622], [121.453946, 25.059013], [121.454297, 25.059022], [121.454291, 25.059175], [121.453942, 25.05918], [121.453952, 25.059576], [121.454291, 25.059584], [121.454289, 25.059459], [121.454194, 25.059462], [121.454171, 25.060224], [121.452959, 25.059437], [121.452819, 25.059112], [121.45261, 25.05918], [121.452412, 25.059087], [121.452045, 25.059509], [121.452404, 25.058676], [121.452653, 25.058671], [121.452573, 25.058538], [121.452372, 25.05854]]}}, {"type": "Feature", "properties": {"district": "65000050", "segment": 5, "total_segments": 28, "km": 14.99, "villages": ["福興里", "福基里"]}, "geometry": {"type": "LineString", "coordinates": [[121.451456, 25.061687], [121.451029, 25.061795], [121.451382, 25.062221], [121.451566, 25.062322], [121.451754, 25.062726], [121.452707, 25.063841], [121.453566, 25.063516], [121.455063, 25.063514], [121.455014, 25.063677], [121.455486, 25.063467], [121.45598, 25.063589], [121.45628, 25.064022], [121.456125, 25.064091], [121.456323, 25.064408], [121.456804, 25.064614], [121.456954, 25.064785], [121.457116, 25.064702], [121.457469, 25.064909], [121.457712, 25.064942], [121.457862, 25.065096], [121.458055, 25.065313], [121.457971, 25.065376], [121.457726, 25.065137], [121.457464, 25.065271], [121.457862, 25.065703], [121.458789, 25.06501], [121.458881, 25.065108], [121.458743, 25.065221], [121.458764, 25.065407], [121.458527, 25.065405], [121.458327, 25.065138], [121.458376, 25.065005], [121.457415, 25.064025], [121.457609, 25.063876], [121.457122, 25.064284], [121.457196, 25.064369], [121.457007, 25.064365], [121.456869, 25.06448], [121.456823, 25.065009], [121.456101, 25.065424], [121.456725, 25.066024], [121.45778, 25.066211], [121.458144, 25.065965], [121.458949, 25.066822], [121.459127, 25.066788], [121.459826, 25.06621], [121.459926, 25.066323], [121.459864, 25.066364], [121.459994, 25.06627], [121.460096, 25.066793], [121.460408, 25.067281], [121.460759, 25.067626], [121.460833, 25.06754], [121.461022, 25.067678], [121.461485, 25.067426], [121.461541, 25.067235], [121.46186, 25.067042], [121.461403, 25.066579], [121.461379, 25.066479], [121.461456, 25.066397], [121.461217, 25.066124], [121.460846, 25.065776], [121.460796, 25.065871], [121.460469, 25.065672], [121.460822, 25.06534], [121.460669, 25.065125], [121.460329, 25.064784], [121.460018, 25.065068], [121.46041, 25.065477], [121.460499, 25.065405], [121.459713, 25.064763], [121.45996, 25.064864], [121.459657, 25.064509], [121.459819, 25.064365], [121.46006, 25.064331], [121.459624, 25.064202], [121.459238, 25.064488], [121.459463, 25.064671], [121.459531, 25.064613], [121.45914, 25.064909], [121.458921, 25.064243], [121.458538, 25.064181], [121.457901, 25.063582], [121.457776, 25.063317], [121.455717, 25.063765], [121.455405, 25.063731], [121.455195, 25.064406], [121.455506, 25.064709], [121.458067, 25.065882], [121.458525, 25.065965], [121.45834, 25.066644], [121.457818, 25.066717], [121.45771, 25.067085], [121.458554, 25.067773], [121.458656, 25.067692], [121.458764, 25.067801], [121.458665, 25.067876], [121.459062, 25.06744], [121.458914, 25.06727], [121.458799, 25.067371], [121.459118, 25.066992], [121.460173, 25.06808], [121.460671, 25.06781], [121.459652, 25.068236], [121.459312, 25.067869], [121.459412, 25.067787], [121.459283, 25.067666], [121.459191, 25.067743], [121.459156, 25.068192], [121.459049, 25.068271], [121.45916, 25.068388], [121.461209, 25.066897], [121.461651, 25.06646], [121.461724, 25.066517], [121.46174, 25.066419], [121.461929, 25.066506], [121.462232, 25.066849], [121.462148, 25.06694], [121.461811, 25.066606], [121.461684, 25.066232], [121.461019, 25.065488], [121.460772, 25.065632], [121.460377, 25.065749], [121.46033, 25.065703], [121.460846, 25.06635], [121.461637, 25.065916], [121.458702, 25.063818], [121.453313, 25.062277], [121.453774, 25.06212], [121.453898, 25.06202], [121.454014, 25.061646], [121.454541, 25.061806], [121.45454, 25.06151], [121.453482, 25.061495], [121.453377, 25.061563], [121.453943, 25.060925], [121.453943, 25.060713], [121.454421, 25.060694], [121.454417, 25.06082], [121.454533, 25.060808], [121.454417, 25.060929], [121.454846, 25.060919], [121.454869, 25.061012], [121.454967, 25.06101], [121.45498, 25.060915], [121.455099, 25.060947], [121.455099, 25.061019], [121.45558, 25.061023], [121.455577, 25.060937], [121.455682, 25.060938], [121.455676, 25.061022], [121.455888, 25.061026], [121.455886, 25.060933], [121.455783, 25.060935], [121.456002, 25.061027], [121.456079, 25.061025], [121.456094, 25.060712], [121.455395, 25.060925], [121.455292, 25.06092], [121.455207, 25.060721], [121.455101, 25.060731], [121.455106, 25.060871], [121.454977, 25.060681], [121.45485, 25.060683], [121.454839, 25.062262], [121.454995, 25.062264], [121.455089, 25.062827], [121.455971, 25.062797], [121.455545, 25.062305], [121.45703, 25.062246], [121.456802, 25.062501], [121.456588, 25.062494], [121.458293, 25.063282], [121.458793, 25.063008], [121.458304, 25.062095], [121.459606, 25.061494], [121.459812, 25.061046], [121.458994, 25.061233], [121.459906, 25.061927], [121.459818, 25.062054], [121.460131, 25.060135], [121.460464, 25.060173], [121.460465, 25.060069], [121.460562, 25.060073], [121.460259, 25.060067], [121.460833, 25.059859], [121.460819, 25.058915], [121.460161, 25.058874], [121.460215, 25.059081], [121.460335, 25.059035], [121.460227, 25.059276], [121.460517, 25.059142], [121.46052, 25.059037], [121.460495, 25.058526], [121.460227, 25.058406], [121.460225, 25.058608], [121.460336, 25.058616], [121.460842, 25.058], [121.462231, 25.057969], [121.462208, 25.058192], [121.461653, 25.058245], [121.461647, 25.058377], [121.462084, 25.058368], [121.4621, 25.058704], [121.462601, 25.058707], [121.462611, 25.058396], [121.462728, 25.058207], [121.46269, 25.058005], [121.462798, 25.057998], [121.462839, 25.057744], [121.462719, 25.057556], [121.462777, 25.057404], [121.462526, 25.057395], [121.462516, 25.057552], [121.462232, 25.05732], [121.461081, 25.057256], [121.461063, 25.057442], [121.460955, 25.057264], [121.4608, 25.057263], [121.460816, 25.057435], [121.460223, 25.05761], [121.460203, 25.057882], [121.46111, 25.058914], [121.461431, 25.058946], [121.461425, 25.059028], [121.461526, 25.058951], [121.462291, 25.058944], [121.462568, 25.059043], [121.462346, 25.059503], [121.46192, 25.059536], [121.462063, 25.059846], [121.462327, 25.059807], [121.46231, 25.060006], [121.462548, 25.06006], [121.462516, 25.060206], [121.463303, 25.060339], [121.46346, 25.060228], [121.464538, 25.060437], [121.464748, 25.06023], [121.464935, 25.060285], [121.465036, 25.059939], [121.464896, 25.05974], [121.464989, 25.059403], [121.465028, 25.05929], [121.465217, 25.059317], [121.465514, 25.058402], [121.46525, 25.058354], [121.465325, 25.057977], [121.465548, 25.058024], [121.46561, 25.057761], [121.46541, 25.057723], [121.465635, 25.057522], [121.465689, 25.057343], [121.465825, 25.057806], [121.465222, 25.058503], [121.465055, 25.059099], [121.465212, 25.059382], [121.465119, 25.059685], [121.465543, 25.059498], [121.464924, 25.060328], [121.464818, 25.061014], [121.464598, 25.060851], [121.464666, 25.060579], [121.4643, 25.060863], [121.463088, 25.060715], [121.463027, 25.06063], [121.462526, 25.060622], [121.462187, 25.060469], [121.461895, 25.060481], [121.461939, 25.06032], [121.46221, 25.060345], [121.46205, 25.059999], [121.46148, 25.059837], [121.461435, 25.060194], [121.461284, 25.060192], [121.461282, 25.060328], [121.461526, 25.060318], [121.461512, 25.060199], [121.461735, 25.060454], [121.460976, 25.060334], [121.462328, 25.060936], [121.463422, 25.061079], [121.464501, 25.061389], [121.464528, 25.061616], [121.464696, 25.061624], [121.46479, 25.062269], [121.464638, 25.062339], [121.464691, 25.062473], [121.464621, 25.062526], [121.464496, 25.062449], [121.464403, 25.062501], [121.464299, 25.062328], [121.464185, 25.062324], [121.464209, 25.062424], [121.464093, 25.062413], [121.464017, 25.062603], [121.463835, 25.062531], [121.463821, 25.062866], [121.464763, 25.062871], [121.464678, 25.062822], [121.464686, 25.062618], [121.464394, 25.062606], [121.464415, 25.06233], [121.46502, 25.062129], [121.465141, 25.062248]]}}, {"type": "Feature", "properties": {"district": "65000050", "segment": 6, "total_segments": 28, "km": 14.98, "villages": ["福基里", "頭前里"]}, "geometry": {"type": "LineString", "coordinates": [[121.465399, 25.062319], [121.465109, 25.061998], [121.465354, 25.061495], [121.46559, 25.061558], [121.465517, 25.061644], [121.465244, 25.061458], [121.464784, 25.061328], [121.464711, 25.061449], [121.464711, 25.061543], [121.465737, 25.061235], [121.465767, 25.061072], [121.46483, 25.063089], [121.464904, 25.063322], [121.464539, 25.063341], [121.464384, 25.063038], [121.464928, 25.063514], [121.464991, 25.064026], [121.465201, 25.064054], [121.465002, 25.064233], [121.465015, 25.064799], [121.46524, 25.064808], [121.465231, 25.064631], [121.46461, 25.064571], [121.464624, 25.064829], [121.464785, 25.065038], [121.46526, 25.065257], [121.465015, 25.065533], [121.463717, 25.066296], [121.463578, 25.066358], [121.463431, 25.065592], [121.463961, 25.064022], [121.463449, 25.063702], [121.462698, 25.063552], [121.462902, 25.063198], [121.461472, 25.063631], [121.464743, 25.063789], [121.46273, 25.060094], [121.463293, 25.059143], [121.464248, 25.059299], [121.46504, 25.058341], [121.462533, 25.058013], [121.4625, 25.058255], [121.461998, 25.0587], [121.461523, 25.058692], [121.461594, 25.059034], [121.461657, 25.059032], [121.453847, 25.062411], [121.453929, 25.062833], [121.453725, 25.062833], [121.46019, 25.057049], [121.460183, 25.056745], [121.460367, 25.056723], [121.460338, 25.05706], [121.460505, 25.057058], [121.460562, 25.056574], [121.460182, 25.056576], [121.460182, 25.056147], [121.460369, 25.0562], [121.460572, 25.056149], [121.460574, 25.056388], [121.460379, 25.056386], [121.461277, 25.056482], [121.461302, 25.056214], [121.460839, 25.056195], [121.460816, 25.056996], [121.460887, 25.057072], [121.462963, 25.057124], [121.462978, 25.056938], [121.462108, 25.056914], [121.461932, 25.056562], [121.461727, 25.056561], [121.461706, 25.056201], [121.461459, 25.056185], [121.461978, 25.056198], [121.462039, 25.055998], [121.46267, 25.056047], [121.462702, 25.05626], [121.462346, 25.056256], [121.462436, 25.05649], [121.462764, 25.056475], [121.462891, 25.056267], [121.463194, 25.056329], [121.463172, 25.056607], [121.463039, 25.056553], [121.463309, 25.056693], [121.463191, 25.057598], [121.463889, 25.056368], [121.464898, 25.056458], [121.464922, 25.055925], [121.464838, 25.055924], [121.465821, 25.056046], [121.465604, 25.056877], [121.465785, 25.056997], [121.465828, 25.057147], [121.465705, 25.057277], [121.466219, 25.055254], [121.466161, 25.055164], [121.466357, 25.053564], [121.466155, 25.053697], [121.466115, 25.054075], [121.466027, 25.054089], [121.466087, 25.054204], [121.466001, 25.054534], [121.463845, 25.054437], [121.463849, 25.054597], [121.465606, 25.054713], [121.465696, 25.054839], [121.466, 25.054885], [121.466002, 25.054777], [121.465844, 25.05597], [121.465532, 25.055147], [121.46461, 25.054859], [121.463217, 25.054769], [121.463232, 25.054613], [121.463519, 25.054637], [121.463486, 25.054345], [121.463562, 25.054345], [121.463294, 25.054396], [121.463378, 25.054338], [121.463372, 25.054143], [121.463587, 25.054142], [121.463306, 25.053814], [121.46331, 25.053695], [121.46275, 25.053691], [121.462741, 25.05381], [121.463153, 25.053814], [121.463072, 25.054071], [121.462927, 25.054069], [121.462921, 25.054336], [121.46305, 25.054346], [121.462437, 25.054573], [121.460916, 25.05454], [121.460899, 25.054795], [121.461136, 25.05472], [121.461091, 25.054213], [121.460817, 25.054213], [121.460964, 25.054041], [121.460978, 25.053822], [121.460911, 25.053674], [121.460833, 25.053676], [121.461493, 25.053646], [121.461485, 25.05378], [121.461302, 25.053783], [121.461289, 25.054031], [121.461936, 25.054031], [121.461927, 25.054223], [121.461225, 25.054208], [121.46127, 25.054111], [121.460671, 25.053961], [121.460669, 25.053836], [121.460312, 25.053773], [121.460212, 25.053781], [121.46021, 25.054132], [121.460554, 25.054139], [121.460314, 25.05403], [121.460212, 25.053721], [121.460209, 25.052962], [121.460491, 25.053019], [121.460488, 25.053307], [121.46036, 25.053301], [121.460833, 25.053222], [121.461156, 25.053473], [121.461859, 25.053641], [121.462438, 25.053651], [121.462289, 25.054281], [121.462131, 25.054272], [121.462167, 25.055455], [121.461846, 25.055409], [121.461848, 25.055266], [121.462262, 25.05546], [121.46207, 25.055775], [121.461868, 25.055756], [121.461858, 25.055882], [121.462044, 25.055897], [121.462646, 25.055254], [121.462942, 25.055252], [121.462913, 25.055176], [121.462919, 25.055401], [121.463437, 25.055487], [121.463494, 25.055222], [121.463337, 25.055208], [121.463729, 25.053683], [121.464112, 25.053677], [121.464174, 25.053598], [121.46423, 25.053681], [121.464733, 25.053694], [121.463813, 25.053061], [121.463383, 25.053216], [121.463392, 25.053497], [121.463301, 25.053498], [121.46324, 25.05268], [121.460218, 25.052695], [121.460206, 25.052794], [121.460221, 25.052216], [121.460783, 25.05221], [121.460731, 25.052076], [121.460602, 25.052079], [121.460399, 25.05185], [121.46023, 25.051515], [121.460254, 25.049945], [121.460934, 25.049598], [121.461612, 25.049595], [121.461619, 25.049694], [121.461724, 25.049597], [121.461932, 25.049604], [121.461926, 25.049717], [121.462278, 25.04965], [121.462646, 25.04971], [121.46286, 25.049574], [121.463198, 25.04957], [121.463164, 25.049669], [121.463384, 25.049544], [121.463782, 25.049579], [121.464758, 25.04949], [121.46491, 25.049603], [121.464793, 25.049913], [121.464907, 25.049944], [121.464912, 25.050103], [121.46534, 25.050216], [121.465772, 25.050189], [121.465691, 25.049471], [121.465088, 25.04948], [121.464328, 25.049742], [121.464282, 25.049831], [121.46507, 25.050587], [121.465808, 25.050653], [121.465827, 25.05086], [121.466063, 25.050869], [121.46615, 25.051674], [121.46597, 25.051727], [121.465911, 25.051347], [121.465644, 25.051623], [121.465398, 25.051631], [121.466018, 25.052009], [121.466246, 25.052008], [121.466296, 25.052158], [121.466076, 25.05224], [121.466101, 25.052372], [121.465858, 25.052381], [121.463812, 25.052244], [121.463848, 25.052641], [121.464204, 25.052638], [121.46444, 25.05262], [121.464735, 25.051246], [121.465784, 25.050507], [121.465773, 25.050364]]}}, {"type": "Feature", "properties": {"district": "65000050", "segment": 7, "total_segments": 28, "km": 9.39, "villages": ["頭前里", "和平里"]}, "geometry": {"type": "LineString", "coordinates": [[121.466006, 25.050363], [121.466004, 25.04984], [121.465904, 25.049586], [121.465945, 25.04938], [121.46601, 25.050676], [121.466431, 25.051685], [121.46619, 25.051846], [121.466409, 25.052527], [121.466335, 25.052581], [121.466392, 25.053222], [121.466129, 25.052926], [121.465858, 25.053762], [121.4666, 25.054193], [121.466547, 25.054515], [121.466919, 25.054602], [121.466916, 25.054368], [121.467068, 25.054315], [121.466767, 25.053843], [121.467295, 25.053501], [121.467534, 25.053553], [121.467505, 25.053436], [121.467418, 25.053413], [121.467401, 25.053093], [121.467653, 25.052627], [121.468384, 25.053037], [121.468531, 25.053039], [121.468516, 25.053163], [121.468343, 25.053187], [121.468211, 25.053571], [121.467988, 25.053542], [121.468217, 25.053899], [121.468127, 25.054088], [121.468483, 25.053366], [121.468573, 25.052886], [121.468569, 25.052765], [121.467613, 25.051479], [121.467484, 25.05077], [121.4676, 25.050746], [121.467687, 25.051155], [121.467219, 25.0494], [121.461601, 25.050336], [121.46146, 25.050427], [121.461461, 25.050618], [121.461605, 25.050742], [121.461828, 25.050744], [121.461952, 25.051721], [121.461927, 25.052247], [121.460959, 25.052209], [121.461001, 25.052071], [121.4612, 25.05207], [121.461416, 25.051552], [121.460569, 25.054491], [121.460224, 25.054493], [121.460207, 25.054848], [121.460366, 25.054963], [121.460357, 25.055165], [121.46052, 25.055171], [121.460529, 25.054959], [121.460529, 25.055597], [121.460348, 25.055593], [121.460351, 25.055364], [121.466579, 25.054799], [121.459594, 25.054073], [121.45963, 25.051458], [121.457946, 25.0521], [121.458084, 25.052713], [121.45811, 25.054233], [121.458805, 25.054254], [121.459185, 25.05399], [121.459188, 25.053908], [121.459302, 25.054187], [121.459493, 25.054184], [121.459459, 25.056156], [121.457706, 25.05157], [121.457784, 25.051436], [121.483099, 25.057641]]}}, {"type": "Feature", "properties": {"district": "65000050", "segment": 8, "total_segments": 28, "km": 12.75, "villages": ["化成里", "思源里"]}, "geometry": {"type": "LineString", "coordinates": [[121.466995, 25.049148], [121.466693, 25.049229], [121.465901, 25.049191], [121.465767, 25.047902], [121.46556, 25.047959], [121.46549, 25.047572], [121.465518, 25.047375], [121.465718, 25.047485], [121.465749, 25.04734], [121.465628, 25.045838], [121.465713, 25.045749], [121.465563, 25.045211], [121.46533, 25.045389], [121.465468, 25.045637], [121.46593, 25.045432], [121.465915, 25.044861], [121.465779, 25.044858], [121.465972, 25.044642], [121.465872, 25.044591], [121.465965, 25.044822], [121.465488, 25.044885], [121.465498, 25.044937], [121.465429, 25.044661], [121.465552, 25.044515], [121.465331, 25.044229], [121.465124, 25.044219], [121.464975, 25.043722], [121.464567, 25.043421], [121.464382, 25.043431], [121.464381, 25.043305], [121.464286, 25.043286], [121.463523, 25.04337], [121.463607, 25.043479], [121.463015, 25.043398], [121.462984, 25.043506], [121.461754, 25.0436], [121.461567, 25.043373], [121.461326, 25.043377], [121.461953, 25.043457], [121.462532, 25.043419], [121.462552, 25.043086], [121.462623, 25.043005], [121.462502, 25.043962], [121.461769, 25.044101], [121.461764, 25.044358], [121.461939, 25.044368], [121.461333, 25.044389], [121.461388, 25.044593], [121.463856, 25.044674], [121.464132, 25.044435], [121.4641, 25.044022], [121.46316, 25.044077], [121.463187, 25.044416], [121.462834, 25.044406], [121.463353, 25.044419], [121.463898, 25.04349], [121.463882, 25.043108], [121.463992, 25.043098], [121.463986, 25.043041], [121.464761, 25.042936], [121.464814, 25.043132], [121.464916, 25.042738], [121.464636, 25.042149], [121.464434, 25.042248], [121.464611, 25.042596], [121.464712, 25.044747], [121.464987, 25.044739], [121.465289, 25.044878], [121.46484, 25.045541], [121.464849, 25.045757], [121.464605, 25.04592], [121.461957, 25.045987], [121.461868, 25.045857], [121.462117, 25.045844], [121.462085, 25.045039], [121.462174, 25.044986], [121.461785, 25.045014], [121.460995, 25.04433], [121.460236, 25.047465], [121.460267, 25.048065], [121.460679, 25.047945], [121.460901, 25.048208], [121.461578, 25.048208], [121.461591, 25.047973], [121.462182, 25.047926], [121.462199, 25.04842], [121.461777, 25.048464], [121.461776, 25.048782], [121.461555, 25.048782], [121.461563, 25.048469], [121.461289, 25.048402], [121.461352, 25.047959], [121.461169, 25.04795], [121.461236, 25.047632], [121.460194, 25.048492], [121.460352, 25.048706], [121.46022, 25.048994], [121.460243, 25.049334], [121.461224, 25.049343], [121.461457, 25.04924], [121.462014, 25.049362], [121.46202, 25.049228], [121.461904, 25.049263], [121.46227, 25.04937], [121.462904, 25.049386], [121.46569, 25.049244], [121.465282, 25.047396], [121.465157, 25.047485], [121.464806, 25.047207], [121.465491, 25.047076], [121.46592, 25.046883], [121.466172, 25.046949], [121.466074, 25.047259], [121.466166, 25.047443], [121.46398, 25.047276], [121.460701, 25.047149], [121.460239, 25.047175], [121.460221, 25.045733], [121.46097, 25.045062], [121.461367, 25.045087], [121.461385, 25.044975], [121.461587, 25.044998], [121.461606, 25.045111], [121.461262, 25.044588], [121.460634, 25.044573], [121.460949, 25.04494], [121.459664, 25.044954], [121.459671, 25.044679], [121.459455, 25.044632], [121.459431, 25.044765], [121.459283, 25.044763], [121.459244, 25.044646], [121.459298, 25.044613], [121.459209, 25.044553], [121.457965, 25.044505], [121.458, 25.044304], [121.458133, 25.044315], [121.457952, 25.044107], [121.457986, 25.043468], [121.45809, 25.043232], [121.458134, 25.043741], [121.458999, 25.043772], [121.459023, 25.043901], [121.459283, 25.043907], [121.458176, 25.04387], [121.458503, 25.044304], [121.459287, 25.044378], [121.459427, 25.044471], [121.459645, 25.044413], [121.459623, 25.043241], [121.460276, 25.043284], [121.459596, 25.042386], [121.459603, 25.042214], [121.459703, 25.042166], [121.45974, 25.041191], [121.459509, 25.040505], [121.460781, 25.040899], [121.460805, 25.040138], [121.460955, 25.039803], [121.45956, 25.038603], [121.458741, 25.038551], [121.458316, 25.039309], [121.457756, 25.039604], [121.457701, 25.039513], [121.457573, 25.039587], [121.457431, 25.039427], [121.45759, 25.039319], [121.457715, 25.0398], [121.457928, 25.040007], [121.457771, 25.040091], [121.457851, 25.040401], [121.457924, 25.040401], [121.457776, 25.040545], [121.457761, 25.040858], [121.458012, 25.041265], [121.458026, 25.042075], [121.457863, 25.04205], [121.457877, 25.041659], [121.457727, 25.041676], [121.45773, 25.041592], [121.457557, 25.041576], [121.457546, 25.041681], [121.457659, 25.041335], [121.458392, 25.041238], [121.458273, 25.04209], [121.458323, 25.042235], [121.457863, 25.042138], [121.45916, 25.042276], [121.459654, 25.045054], [121.459644, 25.046841], [121.459302, 25.046933], [121.459178, 25.045625], [121.458249, 25.045565], [121.45823, 25.045448], [121.459127, 25.045503], [121.459196, 25.045515], [121.45807, 25.045432], [121.457919, 25.045793], [121.457872, 25.046581], [121.462829, 25.041205], [121.464498, 25.04158]]}}, {"type": "Feature", "properties": {"district": "65000050", "segment": 9, "total_segments": 28, "km": 11.18, "villages": ["思賢里", "中美里", "文聖里", "全泰里"]}, "geometry": {"type": "LineString", "coordinates": [[121.45784, 25.042906], [121.457805, 25.044127], [121.457739, 25.044272], [121.45655, 25.044252], [121.456471, 25.044186], [121.456385, 25.044239], [121.456335, 25.044179], [121.455896, 25.044194], [121.454733, 25.044036], [121.455426, 25.043453], [121.456116, 25.043667], [121.456216, 25.043533], [121.455515, 25.043324], [121.456707, 25.043687], [121.45667, 25.043807], [121.45646, 25.043759], [121.456313, 25.043695], [121.456993, 25.043871], [121.457604, 25.043847], [121.45763, 25.043737], [121.456888, 25.043704], [121.456813, 25.044034], [121.457025, 25.044069], [121.456739, 25.044029], [121.456975, 25.042968], [121.456885, 25.042919], [121.457003, 25.042895], [121.457223, 25.042648], [121.456936, 25.042288], [121.456836, 25.042279], [121.457012, 25.042124], [121.457525, 25.042117], [121.457332, 25.041766], [121.457292, 25.041482], [121.457398, 25.041409], [121.45747, 25.04146], [121.457083, 25.04159], [121.457141, 25.041764], [121.457062, 25.041769], [121.457076, 25.041898], [121.456672, 25.041768], [121.456736, 25.041419], [121.457018, 25.040778], [121.457434, 25.040834], [121.456294, 25.042651], [121.456264, 25.042722], [121.456484, 25.042793], [121.456366, 25.0427], [121.456196, 25.042236], [121.455508, 25.041975], [121.455544, 25.041892], [121.455373, 25.041787], [121.455275, 25.042105], [121.455338, 25.042277], [121.455224, 25.042449], [121.455301, 25.042669], [121.455615, 25.043012], [121.45532, 25.043288], [121.454945, 25.043124], [121.454783, 25.04291], [121.454622, 25.042958], [121.454569, 25.042834], [121.454401, 25.042737], [121.454381, 25.0426], [121.45401, 25.042645], [121.454014, 25.042848], [121.453898, 25.043048], [121.454072, 25.043075], [121.454218, 25.042831], [121.45471, 25.042562], [121.45467, 25.042414], [121.454823, 25.041856], [121.45477, 25.041732], [121.454906, 25.041564], [121.454662, 25.041448], [121.45475, 25.041373], [121.45421, 25.041275], [121.45432, 25.041382], [121.454567, 25.041434], [121.454923, 25.04138], [121.454985, 25.041124], [121.45482, 25.04106], [121.454859, 25.040967], [121.454697, 25.041029], [121.454509, 25.040872], [121.454252, 25.040826], [121.453992, 25.04118], [121.453831, 25.04123], [121.45377, 25.040701], [121.452864, 25.040461], [121.452945, 25.04088], [121.452976, 25.040767], [121.452682, 25.040817], [121.452562, 25.04023], [121.453768, 25.040258], [121.454907, 25.040463], [121.455112, 25.040595], [121.455046, 25.040895], [121.455267, 25.040752], [121.455024, 25.041542], [121.454877, 25.042419], [121.454506, 25.042025], [121.455537, 25.042142], [121.455711, 25.042245], [121.455624, 25.042312], [121.455559, 25.042269], [121.456003, 25.041511], [121.456041, 25.041205], [121.456309, 25.041202], [121.456271, 25.041532], [121.456153, 25.041522], [121.455205, 25.043377], [121.455, 25.04331], [121.455109, 25.043503], [121.454544, 25.043911], [121.453829, 25.043806], [121.453604, 25.043747], [121.453561, 25.043668], [121.45399, 25.04321], [121.453811, 25.043202], [121.45355, 25.043522], [121.453177, 25.043806], [121.452826, 25.043723], [121.452712, 25.043104], [121.453099, 25.042081], [121.452721, 25.040961], [121.453261, 25.040682], [121.45355, 25.040744], [121.453728, 25.040125], [121.454387, 25.040242], [121.452482, 25.039982], [121.452385, 25.039734], [121.449848, 25.039202], [121.449645, 25.039064], [121.44987, 25.03892], [121.44991, 25.038352], [121.449674, 25.038116], [121.449673, 25.038016], [121.449478, 25.03798], [121.449296, 25.037661], [121.449141, 25.037621], [121.449168, 25.037767], [121.44899, 25.038435], [121.449469, 25.038441], [121.449427, 25.038573], [121.449259, 25.038573], [121.449098, 25.038865], [121.449148, 25.038887], [121.448791, 25.038776], [121.448775, 25.038649], [121.448951, 25.038706], [121.449891, 25.037959], [121.449911, 25.037691], [121.449559, 25.037615], [121.449548, 25.03746], [121.44938, 25.037441], [121.449597, 25.037388], [121.449589, 25.037331], [121.449606, 25.037464], [121.449944, 25.037468], [121.449522, 25.037033], [121.449926, 25.037002], [121.449994, 25.036844], [121.450012, 25.036142], [121.449953, 25.03614], [121.450043, 25.036021], [121.450034, 25.035726], [121.448867, 25.035507], [121.448815, 25.035579], [121.44794, 25.036995], [121.448173, 25.037166], [121.44853, 25.037284], [121.448462, 25.037406], [121.448252, 25.037345], [121.448793, 25.037522], [121.449167, 25.037351], [121.449122, 25.03713], [121.44926, 25.037093], [121.449281, 25.036957], [121.449193, 25.036949], [121.449255, 25.03726], [121.449348, 25.036], [121.449213, 25.035976], [121.449211, 25.03574], [121.449184, 25.036245], [121.449054, 25.036329], [121.449151, 25.036531], [121.449091, 25.03682], [121.448753, 25.036563], [121.448653, 25.036139], [121.448376, 25.035912], [121.448596, 25.035416], [121.448417, 25.035377], [121.448654, 25.035436], [121.448288, 25.036062], [121.447981, 25.035999], [121.449632, 25.036147], [121.449733, 25.035974], [121.449647, 25.036719], [121.449537, 25.036815], [121.449728, 25.03658], [121.448222, 25.036163], [121.447821, 25.036852], [121.447753, 25.036936], [121.447622, 25.036911], [121.447499, 25.037005], [121.447542, 25.037033], [121.447313, 25.036914], [121.447336, 25.036761], [121.447486, 25.03683], [121.445886, 25.036692], [121.446276, 25.036557], [121.446664, 25.036566], [121.446718, 25.036215], [121.446545, 25.036193], [121.447654, 25.037118], [121.446888, 25.03839], [121.446301, 25.038114], [121.445753, 25.038027], [121.4471, 25.038401], [121.447796, 25.037215], [121.447941, 25.038095], [121.447566, 25.038594], [121.447093, 25.038515], [121.446302, 25.035548], [121.446447, 25.034951], [121.448375, 25.035368]]}}, {"type": "Feature", "properties": {"district": "65000050", "segment": 10, "total_segments": 28, "km": 10.01, "villages": ["立言里", "立德里", "立功里", "立志里", "中全里"]}, "geometry": {"type": "LineString", "coordinates": [[121.446502, 25.038355], [121.446542, 25.038391], [121.446019, 25.038223], [121.444348, 25.038032], [121.444322, 25.038395], [121.444551, 25.038421], [121.444784, 25.038193], [121.444895, 25.038606], [121.446491, 25.039063], [121.445605, 25.040606], [121.44436, 25.03961], [121.443016, 25.039579], [121.446582, 25.039005], [121.44672, 25.038711], [121.446903, 25.038811], [121.446454, 25.039559], [121.446523, 25.039645], [121.446181, 25.039871], [121.445452, 25.041233], [121.445949, 25.041352], [121.4469, 25.039925], [121.44751, 25.038853], [121.44726, 25.038694], [121.447, 25.038681], [121.446939, 25.038745], [121.448027, 25.038873], [121.449702, 25.039542], [121.44981, 25.039338], [121.45, 25.039305], [121.45043, 25.039494], [121.450387, 25.039673], [121.451607, 25.039923], [121.451596, 25.039754], [121.451816, 25.039946], [121.452097, 25.040001], [121.452233, 25.039943], [121.452125, 25.039642], [121.451989, 25.0405], [121.451123, 25.039602], [121.450291, 25.039647], [121.449835, 25.039515], [121.449307, 25.040935], [121.449008, 25.042192], [121.450642, 25.042207], [121.448185, 25.039698], [121.447407, 25.040267], [121.446352, 25.042034], [121.446147, 25.041937], [121.44604, 25.042105], [121.445754, 25.041967], [121.445738, 25.042055], [121.446198, 25.042293], [121.446245, 25.042195], [121.446111, 25.042128], [121.445952, 25.042379], [121.445492, 25.042146], [121.445364, 25.042203], [121.445198, 25.042126], [121.445311, 25.042064], [121.445053, 25.041915], [121.445238, 25.041606], [121.445678, 25.042027], [121.445621, 25.042327], [121.446042, 25.042538], [121.446104, 25.04246], [121.44602, 25.042415], [121.446215, 25.042717], [121.446414, 25.042604], [121.446569, 25.042682], [121.446501, 25.042759], [121.446848, 25.042937], [121.447023, 25.042881], [121.447441, 25.042988], [121.447391, 25.043086], [121.44731, 25.043067], [121.447359, 25.042791], [121.447088, 25.042689], [121.447122, 25.042595], [121.447411, 25.042714], [121.447497, 25.04253], [121.447121, 25.042376], [121.447041, 25.042549], [121.446455, 25.042292], [121.44649, 25.042435], [121.446673, 25.042509], [121.446832, 25.042251], [121.44653, 25.042115], [121.448334, 25.042836], [121.448267, 25.043032], [121.447831, 25.042883], [121.447758, 25.043073], [121.448252, 25.043203], [121.448155, 25.043301], [121.447614, 25.043145], [121.447638, 25.043044], [121.447805, 25.043496], [121.447947, 25.043534], [121.447895, 25.043634], [121.447987, 25.043651], [121.447378, 25.043512], [121.446195, 25.043002], [121.445854, 25.042699], [121.444854, 25.042601], [121.444873, 25.042271], [121.444975, 25.042047], [121.44429, 25.043238], [121.444227, 25.043344], [121.443587, 25.044446], [121.444302, 25.044421], [121.444297, 25.044504], [121.444433, 25.044511], [121.444301, 25.044153], [121.444865, 25.044536], [121.444873, 25.044624], [121.445066, 25.044444], [121.445866, 25.044444], [121.446012, 25.044327], [121.445674, 25.044304], [121.445102, 25.044318], [121.44713, 25.044504], [121.447263, 25.044414], [121.447825, 25.044492], [121.447796, 25.044593], [121.447361, 25.044541], [121.447381, 25.044256], [121.447216, 25.044234], [121.447787, 25.044314], [121.447811, 25.044226], [121.447585, 25.044203], [121.446891, 25.044367], [121.446596, 25.044274], [121.447166, 25.04507], [121.447394, 25.04494], [121.447829, 25.045013], [121.447936, 25.044703], [121.447745, 25.046496], [121.447683, 25.046749], [121.447885, 25.046739], [121.447893, 25.046682], [121.447886, 25.046799], [121.448006, 25.046857], [121.448037, 25.046718], [121.448425, 25.046611], [121.448819, 25.046674], [121.448899, 25.046514], [121.448952, 25.046595], [121.449112, 25.046611], [121.449028, 25.046693], [121.449459, 25.046787], [121.449492, 25.04667], [121.449288, 25.046629], [121.449298, 25.046488], [121.449621, 25.046691], [121.449813, 25.046712], [121.44981, 25.046829], [121.449632, 25.046794], [121.449508, 25.047286], [121.449312, 25.047542], [121.449223, 25.04754], [121.447654, 25.047227], [121.447627, 25.047078], [121.448637, 25.046541], [121.449907, 25.046853], [121.450091, 25.046876], [121.450068, 25.046774], [121.450246, 25.046774], [121.450461, 25.046825], [121.450377, 25.046925], [121.450713, 25.046986], [121.450825, 25.046882], [121.451195, 25.046935], [121.45112, 25.047046], [121.451015, 25.047032], [121.451115, 25.04714], [121.451063, 25.04741], [121.451279, 25.047509], [121.451199, 25.047896], [121.451021, 25.047935], [121.44948, 25.047599], [121.449959, 25.046757], [121.450262, 25.046957], [121.450594, 25.046819], [121.45086, 25.047009], [121.450765, 25.047675], [121.451291, 25.047413], [121.451351, 25.0471]]}}, {"type": "Feature", "properties": {"district": "65000050", "segment": 11, "total_segments": 28, "km": 9.89, "villages": ["中泰里", "中和里", "中華里"]}, "geometry": {"type": "LineString", "coordinates": [[121.451431, 25.046932], [121.45191, 25.045999], [121.451933, 25.045799], [121.451372, 25.045696], [121.451382, 25.045553], [121.448052, 25.045032], [121.448011, 25.045195], [121.451128, 25.045661], [121.451445, 25.045562], [121.452043, 25.045667], [121.45217, 25.045454], [121.451536, 25.046148], [121.45123, 25.046294], [121.451188, 25.046497], [121.45127, 25.046509], [121.451241, 25.046652], [121.451328, 25.046666], [121.450871, 25.046438], [121.450556, 25.046379], [121.450501, 25.046482], [121.449845, 25.046372], [121.450016, 25.046293], [121.450384, 25.046352], [121.45057, 25.046494], [121.450702, 25.046145], [121.450597, 25.046124], [121.450579, 25.046205], [121.450418, 25.046026], [121.449251, 25.045837], [121.449263, 25.045701], [121.450859, 25.045948], [121.449727, 25.046224], [121.449472, 25.046184], [121.447859, 25.045904], [121.447921, 25.045617], [121.449101, 25.045807], [121.449127, 25.045674], [121.44797, 25.045494], [121.447853, 25.046071], [121.44957, 25.046361], [121.44984, 25.044877], [121.449927, 25.044891], [121.449939, 25.044783], [121.448279, 25.044556], [121.448248, 25.044654], [121.449777, 25.044867], [121.449989, 25.044781], [121.450695, 25.044872], [121.452195, 25.045106], [121.45219, 25.045187], [121.452303, 25.04522], [121.452267, 25.045302], [121.452017, 25.045157], [121.450105, 25.044897], [121.450109, 25.044572], [121.449411, 25.044477], [121.44918, 25.044341], [121.448304, 25.044253], [121.448346, 25.044346], [121.450371, 25.044519], [121.450452, 25.044533], [121.450445, 25.044622], [121.450195, 25.044582], [121.452369, 25.044904], [121.452436, 25.044926], [121.452348, 25.045137], [121.452362, 25.044816], [121.45057, 25.044561], [121.450748, 25.043865], [121.45095, 25.0439], [121.450934, 25.043788], [121.450561, 25.043751], [121.450674, 25.043851], [121.450752, 25.043518], [121.452585, 25.043811], [121.452811, 25.044292], [121.452506, 25.044823], [121.452652, 25.044433], [121.45219, 25.044349], [121.452226, 25.04427], [121.452547, 25.044324], [121.45234, 25.044102], [121.451842, 25.044043], [121.451796, 25.04425], [121.452006, 25.044328], [121.452069, 25.04422], [121.451917, 25.044185], [121.452187, 25.04426], [121.451653, 25.044173], [121.451682, 25.044013], [121.451071, 25.043938], [121.451099, 25.043823], [121.451582, 25.04391], [121.451465, 25.044122], [121.451164, 25.044065], [121.451287, 25.044179], [121.451641, 25.044225], [121.451571, 25.044529], [121.450699, 25.043503], [121.449198, 25.043148], [121.449107, 25.043309], [121.449131, 25.043447], [121.450293, 25.043605], [121.449591, 25.044146], [121.449595, 25.044245], [121.449401, 25.04421], [121.449423, 25.044096], [121.449166, 25.043958], [121.449006, 25.043959], [121.449186, 25.043675], [121.448906, 25.043517], [121.449046, 25.0431], [121.448592, 25.042929], [121.448619, 25.043271], [121.448787, 25.043293], [121.448714, 25.043392], [121.448614, 25.043369], [121.448165, 25.044326], [121.448093, 25.044718], [121.452119, 25.045946], [121.45232, 25.045689], [121.452422, 25.045733], [121.452548, 25.045628], [121.452398, 25.045568], [121.452361, 25.045439], [121.452633, 25.045094], [121.452803, 25.045052], [121.452995, 25.045308], [121.452859, 25.045355], [121.452793, 25.045263], [121.453033, 25.045598], [121.453188, 25.045586], [121.453217, 25.045705], [121.452947, 25.046349], [121.453159, 25.046467], [121.453222, 25.046367], [121.453141, 25.046346], [121.453182, 25.046252], [121.453344, 25.045958], [121.453428, 25.045975], [121.453469, 25.045807], [121.453367, 25.045808], [121.453364, 25.045872], [121.453379, 25.045614], [121.4533, 25.04548], [121.453021, 25.04593], [121.452714, 25.045746], [121.452563, 25.046058], [121.452566, 25.046217], [121.452343, 25.046084], [121.452423, 25.045917], [121.451967, 25.046313], [121.452118, 25.046579], [121.452487, 25.046786], [121.452692, 25.046524], [121.45261, 25.046503], [121.452747, 25.046743], [121.452615, 25.047037], [121.452651, 25.047169], [121.452246, 25.047093], [121.452784, 25.047376], [121.453143, 25.046737], [121.453009, 25.046623], [121.452923, 25.046731], [121.453314, 25.046548], [121.453494, 25.046254], [121.453544, 25.046106], [121.453396, 25.04603], [121.453279, 25.046257], [121.45375, 25.045264], [121.453436, 25.044749], [121.453358, 25.044988], [121.45308, 25.044732], [121.452789, 25.044939], [121.453172, 25.04413], [121.453321, 25.044041], [121.453331, 25.043903], [121.453713, 25.043986], [121.453818, 25.044084], [121.453868, 25.044014], [121.454085, 25.044068], [121.453968, 25.04415], [121.454275, 25.044122], [121.45269, 25.047805], [121.452596, 25.047918], [121.452398, 25.047658], [121.452529, 25.049068]]}}, {"type": "Feature", "properties": {"district": "65000050", "segment": 12, "total_segments": 28, "km": 11.87, "villages": ["中誠里", "中港里"]}, "geometry": {"type": "LineString", "coordinates": [[121.452351, 25.04905], [121.452258, 25.049168], [121.451928, 25.049154], [121.451971, 25.048915], [121.452367, 25.048972], [121.452493, 25.048267], [121.452151, 25.047338], [121.452061, 25.047212], [121.451896, 25.047162], [121.451901, 25.047014], [121.451346, 25.04812], [121.450383, 25.047931], [121.450118, 25.048941], [121.449832, 25.048934], [121.449855, 25.049119], [121.451605, 25.049144], [121.451569, 25.049318], [121.450516, 25.049308], [121.447723, 25.049232], [121.447726, 25.049057], [121.449794, 25.049124], [121.448994, 25.048811], [121.449139, 25.050194], [121.447709, 25.050341], [121.447435, 25.049376], [121.447524, 25.049053], [121.447615, 25.049057], [121.447446, 25.048779], [121.447588, 25.048119], [121.447504, 25.048086], [121.447532, 25.047811], [121.447695, 25.047882], [121.447689, 25.048346], [121.451232, 25.049558], [121.452087, 25.049582], [121.452036, 25.049322], [121.452117, 25.049317], [121.451651, 25.049321], [121.452118, 25.049887], [121.451997, 25.05058], [121.451449, 25.050031], [121.451055, 25.050006], [121.49416, 24.982096]]}}, {"type": "Feature", "properties": {"district": "65000050", "segment": 13, "total_segments": 28, "km": 9.46, "villages": ["中宏里", "中平里", "立廷里"]}, "geometry": {"type": "LineString", "coordinates": [[121.450273, 25.047914], [121.447579, 25.047395], [121.447551, 25.04767], [121.447693, 25.047756], [121.447397, 25.047857], [121.447227, 25.048991], [121.446602, 25.049014], [121.44702, 25.048183], [121.44724, 25.04809], [121.447066, 25.047492], [121.446873, 25.047459], [121.446359, 25.046818], [121.44989, 25.048415], [121.449876, 25.048668], [121.447275, 25.049245], [121.445652, 25.049156], [121.445657, 25.049257], [121.445723, 25.049256], [121.445419, 25.049257], [121.445389, 25.049155], [121.44546, 25.049155], [121.44503, 25.049146], [121.444953, 25.04937], [121.445255, 25.049375], [121.44495, 25.049553], [121.44491, 25.050668], [121.44502, 25.050799], [121.444895, 25.05089], [121.444898, 25.050993], [121.44521, 25.051133], [121.445551, 25.050984], [121.445661, 25.051072], [121.445557, 25.05059], [121.445294, 25.050421], [121.445207, 25.050216], [121.445037, 25.050317], [121.445256, 25.050825], [121.445965, 25.050966], [121.44651, 25.050964], [121.446581, 25.050859], [121.446569, 25.050527], [121.446671, 25.050518], [121.446663, 25.051002], [121.446569, 25.051129], [121.446978, 25.051233], [121.447049, 25.051128], [121.447201, 25.05113], [121.447146, 25.051228], [121.447413, 25.051232], [121.447398, 25.051432], [121.44785, 25.050848], [121.447526, 25.050422], [121.447193, 25.049792], [121.446687, 25.04979], [121.446718, 25.04965], [121.447083, 25.049658], [121.447195, 25.049582], [121.447273, 25.049319], [121.446659, 25.049356], [121.446566, 25.049612], [121.445617, 25.049866], [121.44599, 25.050758], [121.446392, 25.050764], [121.446384, 25.050848], [121.445999, 25.050856], [121.446455, 25.050843], [121.445881, 25.051424], [121.446091, 25.051651], [121.446476, 25.051652], [121.446482, 25.051784], [121.446369, 25.051851], [121.446485, 25.05192], [121.446396, 25.051436], [121.44554, 25.052348], [121.445585, 25.052398], [121.445467, 25.052535], [121.44547, 25.052659], [121.445654, 25.052711], [121.444901, 25.052692], [121.444799, 25.052554], [121.444847, 25.051392], [121.445291, 25.052291], [121.445305, 25.05253], [121.445155, 25.052547], [121.448382, 25.051484], [121.446438, 25.049021], [121.445028, 25.048979], [121.444927, 25.048812], [121.444919, 25.047979], [121.444958, 25.047804], [121.445319, 25.047708], [121.445321, 25.047576], [121.444957, 25.047563], [121.444904, 25.046804], [121.446221, 25.047], [121.445372, 25.04776], [121.445049, 25.048428], [121.445818, 25.048545], [121.444734, 25.04915], [121.44474, 25.049286], [121.444019, 25.049302], [121.44401, 25.049133], [121.442637, 25.049114], [121.442634, 25.050416], [121.442912, 25.050428], [121.442913, 25.050547], [121.443183, 25.050579], [121.443557, 25.050496], [121.443179, 25.050492], [121.443177, 25.050862], [121.44368, 25.050867], [121.443683, 25.050786], [121.443794, 25.050793], [121.443838, 25.051136], [121.443736, 25.051122], [121.443751, 25.051052], [121.443496, 25.051029], [121.443516, 25.05112], [121.443618, 25.051132], [121.443611, 25.051387], [121.443527, 25.051391], [121.443988, 25.051389], [121.444002, 25.050792], [121.444281, 25.050912], [121.444236, 25.051405], [121.444613, 25.051384], [121.444723, 25.049543], [121.444463, 25.049483], [121.444323, 25.04972], [121.444313, 25.050131], [121.444398, 25.050372], [121.444486, 25.050372], [121.44447, 25.05055], [121.444294, 25.050549], [121.44396, 25.049788], [121.443983, 25.049583], [121.443852, 25.049574], [121.443852, 25.049493], [121.443618, 25.049484], [121.443621, 25.049563], [121.443697, 25.049565], [121.443706, 25.049779], [121.443845, 25.049786], [121.443837, 25.049702], [121.443595, 25.049704], [121.443598, 25.049778], [121.44338, 25.049688], [121.443381, 25.049764], [121.443257, 25.049762], [121.443236, 25.049676], [121.443108, 25.049643], [121.443117, 25.049471], [121.443482, 25.049475], [121.44348, 25.049559], [121.443236, 25.04955], [121.443092, 25.049758], [121.442898, 25.049784], [121.442891, 25.049705], [121.442779, 25.04976], [121.442792, 25.049491], [121.442911, 25.04954], [121.44292, 25.049272], [121.442772, 25.049279], [121.443795, 25.049299], [121.444338, 25.04913], [121.444545, 25.049138], [121.442895, 25.049983], [121.442907, 25.050236], [121.442782, 25.050241], [121.44277, 25.050019], [121.443355, 25.050788], [121.442901, 25.051383], [121.44265, 25.051237], [121.44422, 25.051659], [121.444247, 25.051573], [121.444609, 25.051612], [121.444549, 25.052038], [121.444622, 25.05213], [121.444556, 25.052177], [121.444623, 25.052209], [121.444558, 25.052249], [121.444616, 25.05247], [121.444209, 25.052412], [121.444227, 25.051915], [121.444622, 25.052049], [121.444503, 25.052712], [121.443756, 25.052429], [121.444531, 25.053756]]}}, {"type": "Feature", "properties": {"district": "65000050", "segment": 14, "total_segments": 28, "km": 9.26, "villages": ["立基里", "立泰里", "忠孝里"]}, "geometry": {"type": "LineString", "coordinates": [[121.444658, 25.048184], [121.444723, 25.047181], [121.444677, 25.04602], [121.444948, 25.046305], [121.44491, 25.046638], [121.445024, 25.045631], [121.444612, 25.045545], [121.444691, 25.044771], [121.44488, 25.044992], [121.444878, 25.045143], [121.44347, 25.044617], [121.443097, 25.045332], [121.442516, 25.046129], [121.442197, 25.04804], [121.441837, 25.046785], [121.441793, 25.04659], [121.441667, 25.046595], [121.441676, 25.046318], [121.441912, 25.046315], [121.441927, 25.04659], [121.441297, 25.04659], [121.441294, 25.04644], [121.441458, 25.046433], [121.440749, 25.046442], [121.44076, 25.046826], [121.440906, 25.046828], [121.440976, 25.04671], [121.441075, 25.046705], [121.441082, 25.046828], [121.441089, 25.046556], [121.440595, 25.046717], [121.44059, 25.046824], [121.44159, 25.04599], [121.441877, 25.046001], [121.441821, 25.044966], [121.441687, 25.044967], [121.441753, 25.045624], [121.441587, 25.045626], [121.441583, 25.045799], [121.442156, 25.04621], [121.442624, 25.045316], [121.442793, 25.04527], [121.442896, 25.045077], [121.442598, 25.045083], [121.442598, 25.045194], [121.442682, 25.044926], [121.442855, 25.044876], [121.443026, 25.044985], [121.443035, 25.044613], [121.443331, 25.044416], [121.443728, 25.043742], [121.443571, 25.043646], [121.443828, 25.043545], [121.445564, 25.040637], [121.442638, 25.039567], [121.442647, 25.039313], [121.442482, 25.039311], [121.442472, 25.039432], [121.442364, 25.043953], [121.442657, 25.044523], [121.442969, 25.044611], [121.442634, 25.044638], [121.442631, 25.044581], [121.442351, 25.044846], [121.443787, 25.037841], [121.443888, 25.037693], [121.443552, 25.037479], [121.443399, 25.037254], [121.443192, 25.0366], [121.44361, 25.034667], [121.443424, 25.034715], [121.443063, 25.036254], [121.443046, 25.036621], [121.443339, 25.036642], [121.44335, 25.036577], [121.443546, 25.036658], [121.443567, 25.037138], [121.443674, 25.037154], [121.443677, 25.037238], [121.443572, 25.037238], [121.443668, 25.037009], [121.44368, 25.036688], [121.443872, 25.0367], [121.443874, 25.037221], [121.443966, 25.037333], [121.443903, 25.037478], [121.443806, 25.037376], [121.443767, 25.037472], [121.444121, 25.037585], [121.444049, 25.037743], [121.444191, 25.037353], [121.444194, 25.036589], [121.444146, 25.036365], [121.443981, 25.036384], [121.443974, 25.035854], [121.443864, 25.035974], [121.443869, 25.036654], [121.443977, 25.036707], [121.44398, 25.036989], [121.444353, 25.036968], [121.444359, 25.036616], [121.444717, 25.036719], [121.444717, 25.036614], [121.445698, 25.036541], [121.445617, 25.036687], [121.445155, 25.03669], [121.44591, 25.03651], [121.445929, 25.035895], [121.446031, 25.035855], [121.446007, 25.036508], [121.446099, 25.035139], [121.445992, 25.035199], [121.445949, 25.03569], [121.446131, 25.034903], [121.445624, 25.034784], [121.444308, 25.034823], [121.444294, 25.035213], [121.44416, 25.035199], [121.44416, 25.035285], [121.444297, 25.035337], [121.444292, 25.035478], [121.444161, 25.035433], [121.443836, 25.035525], [121.443867, 25.035255], [121.443984, 25.03523], [121.44399, 25.035347], [121.44399, 25.034717], [121.443854, 25.03472], [121.443854, 25.034615], [121.44384, 25.03508], [121.444162, 25.035091], [121.444192, 25.034496], [121.443045, 25.03423], [121.442859, 25.034394], [121.442781, 25.034243], [121.442569, 25.034244], [121.442544, 25.034438], [121.442899, 25.035055], [121.442676, 25.03521], [121.443395, 25.034459], [121.444344, 25.034515], [121.444302, 25.035958], [121.444155, 25.035956], [121.444169, 25.035632], [121.444156, 25.036195], [121.444303, 25.03619], [121.444305, 25.036125], [121.444322, 25.036445], [121.444377, 25.036447], [121.443981, 25.036425], [121.443968, 25.036568], [121.443665, 25.035981], [121.443667, 25.035776], [121.443202, 25.037183], [121.443336, 25.037515], [121.444416, 25.037578], [121.44465, 25.037643], [121.444643, 25.037819], [121.444408, 25.037188]]}}, {"type": "Feature", "properties": {"district": "65000050", "segment": 15, "total_segments": 28, "km": 9.25, "villages": ["全安里", "海山里", "國泰里"]}, "geometry": {"type": "LineString", "coordinates": [[121.446317, 25.034698], [121.446624, 25.034735], [121.446806, 25.034662], [121.446765, 25.034775], [121.447024, 25.034836], [121.447153, 25.034764], [121.447241, 25.0349], [121.44823, 25.035107], [121.448093, 25.034655], [121.447959, 25.034634], [121.448038, 25.034538], [121.4482, 25.03453], [121.448306, 25.034285], [121.448001, 25.034118], [121.448035, 25.033973], [121.447936, 25.034074], [121.447287, 25.033822], [121.447293, 25.033636], [121.446775, 25.033664], [121.446752, 25.033772], [121.446406, 25.03372], [121.446483, 25.033321], [121.448046, 25.033428], [121.448395, 25.033387], [121.448386, 25.033306], [121.446389, 25.033196], [121.446447, 25.033316], [121.44637, 25.033033], [121.446521, 25.031935], [121.446775, 25.032074], [121.447132, 25.032098], [121.447065, 25.032827], [121.447509, 25.033647], [121.447695, 25.033643], [121.447672, 25.033538], [121.447926, 25.033549], [121.447918, 25.033654], [121.447817, 25.033656], [121.448312, 25.033677], [121.448338, 25.033913], [121.448327, 25.03423], [121.448021, 25.034259], [121.447624, 25.034056], [121.447654, 25.034294], [121.447581, 25.034551], [121.447831, 25.0346], [121.446733, 25.03456], [121.446744, 25.034048], [121.446867, 25.033964], [121.446847, 25.033776], [121.448451, 25.03331], [121.448653, 25.033313], [121.448853, 25.032725], [121.448336, 25.032693], [121.448741, 25.032337], [121.447937, 25.032102], [121.446306, 25.034469], [121.446369, 25.034522], [121.44626, 25.034681], [121.443808, 25.034165], [121.443671, 25.034005], [121.443627, 25.034116], [121.442582, 25.033895], [121.443203, 25.033688], [121.443194, 25.033281], [121.443425, 25.033294], [121.443525, 25.0332], [121.443829, 25.033235], [121.44375, 25.032922], [121.443243, 25.032921], [121.443242, 25.032115], [121.443091, 25.032071], [121.443078, 25.031921], [121.443079, 25.031793], [121.443239, 25.031796], [121.443248, 25.031943], [121.443243, 25.031687], [121.443089, 25.032195], [121.443072, 25.032769], [121.442978, 25.032889], [121.443058, 25.03291], [121.44259, 25.032812], [121.442992, 25.033206], [121.443036, 25.033428], [121.443329, 25.033593], [121.44334, 25.033685], [121.443377, 25.032841], [121.444516, 25.032863], [121.444587, 25.03294], [121.44465, 25.032857], [121.445655, 25.032846], [121.445666, 25.032961], [121.445177, 25.033008], [121.443799, 25.03292], [121.443657, 25.03274], [121.444064, 25.033146], [121.444307, 25.033071], [121.444425, 25.033392], [121.444675, 25.033313], [121.444731, 25.033182], [121.444926, 25.033321], [121.445014, 25.033205], [121.445188, 25.033223], [121.445236, 25.033105], [121.445072, 25.033036], [121.444974, 25.033121], [121.445088, 25.03335], [121.445206, 25.033383], [121.445137, 25.03343], [121.445206, 25.033587], [121.445193, 25.034002], [121.445294, 25.03398], [121.445309, 25.03352], [121.445577, 25.033522], [121.445596, 25.033583], [121.445804, 25.033555], [121.445812, 25.033466], [121.445969, 25.033492], [121.445903, 25.033605], [121.446077, 25.033608], [121.446233, 25.03372], [121.446197, 25.033284], [121.446027, 25.033249], [121.446065, 25.033149], [121.445791, 25.032932], [121.445829, 25.032858], [121.445737, 25.033011], [121.445901, 25.033148], [121.44622, 25.033207], [121.446387, 25.031831], [121.445414, 25.032399], [121.445079, 25.032067], [121.444822, 25.03279], [121.444866, 25.03349], [121.444917, 25.033739], [121.44529, 25.034145], [121.445422, 25.034161], [121.445274, 25.034191], [121.445257, 25.034326], [121.444817, 25.034255], [121.445743, 25.03421], [121.445638, 25.034084], [121.44558, 25.033693], [121.445507, 25.033672], [121.445562, 25.033299], [121.445426, 25.033411], [121.445488, 25.033216], [121.445582, 25.033185], [121.446142, 25.034155], [121.44421, 25.031964], [121.44353, 25.032163], [121.443093, 25.031615], [121.443105, 25.029965], [121.44282, 25.030748], [121.442715, 25.030801], [121.442678, 25.030743], [121.442716, 25.030989], [121.442815, 25.031006], [121.442808, 25.031259], [121.442703, 25.031183], [121.443088, 25.030925], [121.443332, 25.030931], [121.442515, 25.031607], [121.442523, 25.032691], [121.442877, 25.032787], [121.441524, 25.03268], [121.441524, 25.032762], [121.441216, 25.03274], [121.441264, 25.032676], [121.441566, 25.032765], [121.441063, 25.032933], [121.441288, 25.033643], [121.441468, 25.033672], [121.440141, 25.031586], [121.438924, 25.029999], [121.438433, 25.029209], [121.438871, 25.029093], [121.439387, 25.029104], [121.439423, 25.029481], [121.438919, 25.029521], [121.439166, 25.02962], [121.43947, 25.029593], [121.435097, 25.027736]]}}, {"type": "Feature", "properties": {"district": "65000050", "segment": 16, "total_segments": 28, "km": 14.81, "villages": ["營盤里", "福營里"]}, "geometry": {"type": "LineString", "coordinates": [[121.432072, 25.032134], [121.431877, 25.032077], [121.432039, 25.032473], [121.431358, 25.031797], [121.430868, 25.031625], [121.430684, 25.031925], [121.430802, 25.031968], [121.430103, 25.032074], [121.429861, 25.031918], [121.429627, 25.032142], [121.429405, 25.032122], [121.429427, 25.032288], [121.429086, 25.032571], [121.428999, 25.032563], [121.428461, 25.033055], [121.428544, 25.033147], [121.427707, 25.033664], [121.426666, 25.033782], [121.427641, 25.032635], [121.428576, 25.032112], [121.428623, 25.031951], [121.429057, 25.031522], [121.428938, 25.031058], [121.429962, 25.031335], [121.429795, 25.032295], [121.429012, 25.032857], [121.429306, 25.033119], [121.429978, 25.033354], [121.427697, 25.03062], [121.427564, 25.03058], [121.427293, 25.030776], [121.427078, 25.03045], [121.426236, 25.03023], [121.426753, 25.030563], [121.434105, 25.032937], [121.436136, 25.032976], [121.439033, 25.033755], [121.44031, 25.033676], [121.440903, 25.033784], [121.441448, 25.033904], [121.441711, 25.034171], [121.440898, 25.034375], [121.440917, 25.034575], [121.440826, 25.034681], [121.44063, 25.03471], [121.440708, 25.034617], [121.440548, 25.034455], [121.440645, 25.034371], [121.440552, 25.034074], [121.440382, 25.034151], [121.440329, 25.034044], [121.440594, 25.034057], [121.440743, 25.03391], [121.441054, 25.03523], [121.438113, 25.035227], [121.43788, 25.035353], [121.437825, 25.035533], [121.437686, 25.035479], [121.434076, 25.037793], [121.431242, 25.039327], [121.43426, 25.03243], [121.434984, 25.03254], [121.435155, 25.032378], [121.434175, 25.032261], [121.433856, 25.032094], [121.434198, 25.031362], [121.43391, 25.031365], [121.433556, 25.032112], [121.433033, 25.031846], [121.43282, 25.031889], [121.432746, 25.031986], [121.432591, 25.031943], [121.432212, 25.031795], [121.432418, 25.03148], [121.431897, 25.03125], [121.43164, 25.030943], [121.431794, 25.030827], [121.431726, 25.030749], [121.431558, 25.030862], [121.430936, 25.030406], [121.430321, 25.030095], [121.429208, 25.029931], [121.429005, 25.029734], [121.428841, 25.029807], [121.428413, 25.02958], [121.427616, 25.029441], [121.427912, 25.029296], [121.427498, 25.029001], [121.427549, 25.028911], [121.427692, 25.028956], [121.427722, 25.028826], [121.427789, 25.028847], [121.42782, 25.028743], [121.427684, 25.028696], [121.427649, 25.028802], [121.427834, 25.028641], [121.428032, 25.028663], [121.427319, 25.029133], [121.426492, 25.028884], [121.426539, 25.029098], [121.427093, 25.029292], [121.426746, 25.030052], [121.427214, 25.030209], [121.427593, 25.030233], [121.427767, 25.030361], [121.427999, 25.030172], [121.428119, 25.030503], [121.428353, 25.03056], [121.42849, 25.03042], [121.428537, 25.030483], [121.428457, 25.030548], [121.428544, 25.030617], [121.428593, 25.030444], [121.429278, 25.030245], [121.429569, 25.030707], [121.429465, 25.030904], [121.429995, 25.031055], [121.430021, 25.030873], [121.430306, 25.030653], [121.430411, 25.030683], [121.430256, 25.03081], [121.430285, 25.030877], [121.430147, 25.030928], [121.430002, 25.030778], [121.430565, 25.031251], [121.430754, 25.03132], [121.431044, 25.030809], [121.431263, 25.030949], [121.432078, 25.030894], [121.432523, 25.031528], [121.432762, 25.031625], [121.432679, 25.031833], [121.432809, 25.032009], [121.43294, 25.032052], [121.433659, 25.031043], [121.433872, 25.031085], [121.434134, 25.03082], [121.434531, 25.029851], [121.434739, 25.02994], [121.434824, 25.02972], [121.434669, 25.02937], [121.434665, 25.029015], [121.43476, 25.028591], [121.434675, 25.028502], [121.434277, 25.028499], [121.434263, 25.028965], [121.434339, 25.028986], [121.433871, 25.028594], [121.433682, 25.028545], [121.433684, 25.02831], [121.433046, 25.028264], [121.433119, 25.028126], [121.432855, 25.028362], [121.432964, 25.02857], [121.432912, 25.028758], [121.432652, 25.028556], [121.432533, 25.028349], [121.43253, 25.028155], [121.432758, 25.028205], [121.432203, 25.028378], [121.431591, 25.028115], [121.43175, 25.028006], [121.432147, 25.028111], [121.43217, 25.028063], [121.431365, 25.028089], [121.430688, 25.02786], [121.430806, 25.027728], [121.431351, 25.027836], [121.43316, 25.028496], [121.433891, 25.028318], [121.434151, 25.028174], [121.434541, 25.028302], [121.434975, 25.029102], [121.434968, 25.030098], [121.434115, 25.03025], [121.433863, 25.030714], [121.433571, 25.0305], [121.433503, 25.030572], [121.433868, 25.03017], [121.434736, 25.031492], [121.434536, 25.032039], [121.434782, 25.031891], [121.434997, 25.031907], [121.435063, 25.032078], [121.437819, 25.03285], [121.439137, 25.032864], [121.439622, 25.03269], [121.440469, 25.032709], [121.440559, 25.03347], [121.440947, 25.033567], [121.440775, 25.033449], [121.438836, 25.032933], [121.429304, 25.029608], [121.429356, 25.029422], [121.426406, 25.029984], [121.42507, 25.029579], [121.424892, 25.029514], [121.426219, 25.028789], [121.425788, 25.028665], [121.425211, 25.028311], [121.424575, 25.028089], [121.423852, 25.027611], [121.423339, 25.027373], [121.423562, 25.027765], [121.423182, 25.028974], [121.422857, 25.028863]]}}, {"type": "Feature", "properties": {"district": "65000050", "segment": 17, "total_segments": 28, "km": 10.66, "villages": ["建福里", "後德里", "後港里", "八德里", "四維里", "南港里"]}, "geometry": {"type": "LineString", "coordinates": [[121.426684, 25.027821], [121.42679, 25.027494], [121.428776, 25.02804], [121.428798, 25.027924], [121.429083, 25.028015], [121.42936, 25.027713], [121.429544, 25.027786], [121.429651, 25.02758], [121.427302, 25.02683], [121.426992, 25.026807], [121.426847, 25.027348], [121.426885, 25.027705], [121.427857, 25.02803], [121.42856, 25.028193], [121.429828, 25.027605], [121.426796, 25.026858], [121.426769, 25.026687], [121.426036, 25.026465], [121.426051, 25.026849], [121.426747, 25.027015], [121.426715, 25.027099], [121.42676, 25.02696], [121.425567, 25.026326], [121.424901, 25.027136], [121.425425, 25.026102], [121.428451, 25.026963], [121.427834, 25.025212], [121.425532, 25.02375], [121.425197, 25.024109], [121.424415, 25.025423], [121.425105, 25.025372], [121.425613, 25.02467], [121.425262, 25.026043], [121.42492, 25.024112], [121.425329, 25.023676], [121.425164, 25.023585], [121.424894, 25.023701], [121.424489, 25.02418], [121.424264, 25.02277], [121.424529, 25.022671], [121.424172, 25.022612], [121.4238, 25.021804], [121.424344, 25.021647], [121.424281, 25.021511], [121.424433, 25.021475], [121.424617, 25.021768], [121.424495, 25.021888], [121.424426, 25.021754], [121.424826, 25.022329], [121.424983, 25.022168], [121.424948, 25.021929], [121.424793, 25.022012], [121.42486, 25.022087], [121.42474, 25.021922], [121.424866, 25.021764], [121.425263, 25.021902], [121.42512, 25.022189], [121.424991, 25.022276], [121.425191, 25.022452], [121.424971, 25.02255], [121.425589, 25.022881], [121.425638, 25.022742], [121.425444, 25.022637], [121.425754, 25.022235], [121.425953, 25.02212], [121.426034, 25.021948], [121.425897, 25.021763], [121.425666, 25.02188], [121.4255, 25.022236], [121.425358, 25.022179], [121.425535, 25.021909], [121.425383, 25.021667], [121.425657, 25.021415], [121.425299, 25.020924], [121.425284, 25.021092], [121.425386, 25.021269], [121.426273, 25.022111], [121.425428, 25.023501], [121.425115, 25.02322], [121.425217, 25.023062], [121.424389, 25.023212], [121.423768, 25.023433], [121.423644, 25.023221], [121.423656, 25.023476], [121.423535, 25.02352], [121.423332, 25.023451], [121.42159, 25.019639], [121.422364, 25.019393], [121.422528, 25.019421], [121.422494, 25.019535], [121.422568, 25.019696], [121.422413, 25.019543], [121.422368, 25.019632], [121.422662, 25.019736], [121.423669, 25.021868], [121.424041, 25.022854], [121.423318, 25.022992], [121.423489, 25.023725], [121.423783, 25.024032], [121.424124, 25.023826], [121.424291, 25.024075], [121.424561, 25.023997], [121.424801, 25.024304], [121.424923, 25.024326], [121.424369, 25.02455], [121.424469, 25.024686], [121.424168, 25.024789], [121.424002, 25.024964], [121.42431, 25.025371], [121.424821, 25.024519], [121.424513, 25.024666], [121.424237, 25.024264], [121.424123, 25.024337], [121.423752, 25.024295], [121.423253, 25.024115], [121.423013, 25.02353], [121.422848, 25.0235], [121.422952, 25.023397], [121.422912, 25.023318], [121.422686, 25.023617], [121.422882, 25.023911], [121.422538, 25.024105], [121.422641, 25.024283], [121.422711, 25.024257], [121.422727, 25.024381], [121.422798, 25.024354], [121.422557, 25.024312], [121.422197, 25.024435], [121.422376, 25.024638], [121.422505, 25.024595], [121.422465, 25.024509], [121.422593, 25.02475], [121.422979, 25.024623], [121.423011, 25.02472], [121.42246, 25.0249], [121.422477, 25.025126], [121.422263, 25.025191], [121.423515, 25.024795], [121.423541, 25.024977], [121.423599, 25.024965], [121.423434, 25.025066], [121.423691, 25.025163], [121.423293, 25.02471], [121.423052, 25.02471], [121.422095, 25.024178], [121.422476, 25.023391], [121.422397, 25.023175], [121.42259, 25.022605], [121.42226, 25.021856], [121.421872, 25.022007], [121.422086, 25.022487], [121.422011, 25.022614], [121.421749, 25.022048], [121.421321, 25.021631], [121.421289, 25.021451], [121.421219, 25.021584], [121.421173, 25.021225], [121.421259, 25.021216], [121.42125, 25.020973], [121.421176, 25.020971], [121.421122, 25.020806], [121.421038, 25.020837], [121.421655, 25.020587], [121.421449, 25.02015], [121.421695, 25.020668], [121.42142, 25.019515], [121.42204, 25.019318], [121.421561, 25.018581], [121.421393, 25.018443], [121.424038, 25.025806], [121.423983, 25.025888]]}}, {"type": "Feature", "properties": {"district": "65000050", "segment": 18, "total_segments": 28, "km": 10.41, "villages": ["萬安里", "裕民里", "富國里"]}, "geometry": {"type": "LineString", "coordinates": [[121.42251, 25.025324], [121.422071, 25.025181], [121.421525, 25.025316], [121.421546, 25.025121], [121.421646, 25.025135], [121.421452, 25.024848], [121.421546, 25.02465], [121.421165, 25.023652], [121.421039, 25.023696], [121.421264, 25.024312], [121.421297, 25.024972], [121.421394, 25.025158], [121.420955, 25.025461], [121.420979, 25.02359], [121.420584, 25.02253], [121.420702, 25.022486], [121.421104, 25.023519], [121.419447, 25.023836], [121.419409, 25.02371], [121.419577, 25.024622], [121.419757, 25.025053], [121.419113, 25.025342], [121.419066, 25.025254], [121.418917, 25.025285], [121.419062, 25.025605], [121.41919, 25.025526], [121.419135, 25.025397], [121.419467, 25.026055], [121.419313, 25.026094], [121.419129, 25.025754], [121.41877, 25.025959], [121.418884, 25.026269], [121.418656, 25.026339], [121.41918, 25.026182], [121.418988, 25.026063], [121.418849, 25.025699], [121.418837, 25.025113], [121.418547, 25.024321], [121.418688, 25.024261], [121.418981, 25.025036], [121.418588, 25.023941], [121.418436, 25.023958], [121.418492, 25.024149], [121.41855, 25.023744], [121.418378, 25.023244], [121.418226, 25.023293], [121.418314, 25.023569], [121.418349, 25.023097], [121.418219, 25.022743], [121.418083, 25.022801], [121.418168, 25.023114], [121.41778, 25.021885], [121.418001, 25.021856], [121.419583, 25.022821], [121.419319, 25.023386], [121.417826, 25.024341], [121.417191, 25.024503], [121.417021, 25.024696], [121.417081, 25.024768], [121.416716, 25.024415], [121.416138, 25.024045], [121.417516, 25.025395], [121.417715, 25.025776], [121.417873, 25.025861], [121.417896, 25.025933], [121.417787, 25.025991], [121.417718, 25.025857], [121.417978, 25.026357], [121.418301, 25.026058], [121.419633, 25.026047], [121.420204, 25.025859], [121.441355, 25.037155], [121.442174, 25.038044], [121.420614, 25.02819], [121.419434, 25.027813], [121.418679, 25.027483], [121.418303, 25.027142], [121.418106, 25.026679], [121.42005, 25.02611], [121.419904, 25.026393], [121.420057, 25.026801], [121.420287, 25.026554], [121.420682, 25.026321], [121.420534, 25.025938], [121.42099, 25.025806], [121.421278, 25.025627], [121.420889, 25.02745], [121.420668, 25.027814], [121.418691, 25.026726]]}}, {"type": "Feature", "properties": {"district": "65000050", "segment": 19, "total_segments": 28, "km": 13.48, "villages": ["富民里", "丹鳳里"]}, "geometry": {"type": "LineString", "coordinates": [[121.420662, 25.026556], [121.421641, 25.026943], [121.421856, 25.027082], [121.421837, 25.027211], [121.421922, 25.027094], [121.4227, 25.027773], [121.422486, 25.027809], [121.422013, 25.028238], [121.422063, 25.028328], [121.422189, 25.02834], [121.422435, 25.028117], [121.422351, 25.028062], [121.422598, 25.028203], [121.422541, 25.02836], [121.422653, 25.028265], [121.422832, 25.028319], [121.422658, 25.028798], [121.420742, 25.028189], [121.421898, 25.026904], [121.422245, 25.027185], [121.422489, 25.02716], [121.422716, 25.027286], [121.422704, 25.027352], [121.422604, 25.027334], [121.422767, 25.027484], [121.422615, 25.027105], [121.422467, 25.027062], [121.42261, 25.026791], [121.422511, 25.02677], [121.422263, 25.027594], [121.422352, 25.027673], [121.421309, 25.02661], [121.420805, 25.028494], [121.421322, 25.028629], [121.42136, 25.028798], [121.420999, 25.028972], [121.420957, 25.028869], [121.421009, 25.02885], [121.420216, 25.029153], [121.420017, 25.029125], [121.419732, 25.028378], [121.41953, 25.028213], [121.418748, 25.027911], [121.418607, 25.028149], [121.418654, 25.028257], [121.418394, 25.028143], [121.418512, 25.028102], [121.41826, 25.027906], [121.418304, 25.027836], [121.418383, 25.027867], [121.418097, 25.027724], [121.418034, 25.027799], [121.418126, 25.027844], [121.418011, 25.028007], [121.417924, 25.027961], [121.417943, 25.028112], [121.417821, 25.028308], [121.417881, 25.028384], [121.418004, 25.028193], [121.41816, 25.028372], [121.418136, 25.028437], [121.418243, 25.028498], [121.418283, 25.028433], [121.418114, 25.028678], [121.41801, 25.028627], [121.417835, 25.028736], [121.418072, 25.028859], [121.417928, 25.029063], [121.418099, 25.029179], [121.418193, 25.029138], [121.418078, 25.029049], [121.418164, 25.028922], [121.41829, 25.028972], [121.418331, 25.028917], [121.418287, 25.028877], [121.417835, 25.029264], [121.416757, 25.029974], [121.416049, 25.030065], [121.415629, 25.030237], [121.415503, 25.030127], [121.415152, 25.030114], [121.415127, 25.030215], [121.414953, 25.030255], [121.415402, 25.030214], [121.415315, 25.029796], [121.415183, 25.02961], [121.414644, 25.029778], [121.414744, 25.030026], [121.414499, 25.029829], [121.413681, 25.030086], [121.413425, 25.030413], [121.412787, 25.030797], [121.412768, 25.030718], [121.412651, 25.030778], [121.41255, 25.03064], [121.412768, 25.030508], [121.41271, 25.030436], [121.41255, 25.03053], [121.412429, 25.030501], [121.412242, 25.030265], [121.412127, 25.030345], [121.412301, 25.030583], [121.412447, 25.030394], [121.412981, 25.03007], [121.412871, 25.029927], [121.412739, 25.029816], [121.412574, 25.029867], [121.412276, 25.030123], [121.41197, 25.029998], [121.411799, 25.030141], [121.411941, 25.030201], [121.411815, 25.03039], [121.411679, 25.030321], [121.411322, 25.031218], [121.411294, 25.031457], [121.412248, 25.031583], [121.413182, 25.031368], [121.412879, 25.030906], [121.413502, 25.030518], [121.413079, 25.030208], [121.412775, 25.030393], [121.412886, 25.030639], [121.412831, 25.030684], [121.413153, 25.030461], [121.413061, 25.030337], [121.414279, 25.031174], [121.414402, 25.031076], [121.414491, 25.031178], [121.415195, 25.030843], [121.415411, 25.030962], [121.415827, 25.030694], [121.416542, 25.030568], [121.41645, 25.029844], [121.416615, 25.029826], [121.416433, 25.029451], [121.416642, 25.029355], [121.416589, 25.029293], [121.416333, 25.029404], [121.416385, 25.029473], [121.416221, 25.029214], [121.415339, 25.029552], [121.416588, 25.029062], [121.41684, 25.028891], [121.417507, 25.029317], [121.417157, 25.029577], [121.417356, 25.029745], [121.417228, 25.029818], [121.418, 25.029344], [121.418507, 25.029671], [121.418601, 25.029606], [121.41893, 25.029725], [121.418358, 25.030195], [121.418177, 25.030208], [121.418832, 25.029336], [121.417632, 25.028449], [121.417464, 25.028567], [121.417694, 25.027769], [121.41745, 25.027607], [121.417594, 25.027494], [121.417827, 25.027689], [121.417918, 25.027632], [121.417827, 25.02746], [121.417929, 25.027395], [121.417863, 25.027298], [121.417769, 25.027358], [121.421405, 25.028784], [121.421508, 25.028686], [121.422201, 25.02892], [121.421692, 25.029092], [121.421734, 25.029183], [121.421519, 25.029258], [121.422029, 25.030431], [121.422534, 25.02956], [121.421395, 25.029341], [121.421323, 25.029059], [121.421376, 25.028937], [121.421503, 25.029224], [121.416376, 25.029849], [121.41674, 25.032096], [121.417577, 25.032306], [121.415456, 25.032491], [121.410849, 25.03255], [121.410208, 25.033106], [121.410029, 25.032858], [121.409704, 25.032957], [121.409385, 25.032943], [121.409971, 25.032662], [121.408683, 25.032819], [121.409357, 25.03539], [121.410511, 25.036152], [121.409559, 25.038016], [121.4093, 25.037899], [121.408326, 25.038548], [121.407317, 25.038388], [121.407138, 25.038461], [121.406896, 25.039872], [121.404197, 25.038497], [121.403238, 25.038175], [121.400504, 25.039616], [121.403817, 25.034882], [121.403262, 25.033844], [121.40245, 25.034178], [121.405642, 25.044914], [121.405779, 25.044882]]}}, {"type": "Feature", "properties": {"district": "65000050", "segment": 20, "total_segments": 28, "km": 14.1, "villages": ["合鳳里", "祥鳳里", "雙鳳里"]}, "geometry": {"type": "LineString", "coordinates": [[121.414845, 25.029549], [121.416348, 25.028997], [121.417067, 25.0285], [121.417314, 25.027952], [121.417033, 25.02763], [121.416544, 25.027341], [121.416444, 25.027377], [121.416396, 25.027251], [121.417535, 25.026876], [121.417709, 25.026745], [121.417843, 25.027053], [121.416335, 25.027265], [121.415885, 25.027417], [121.415812, 25.027908], [121.415203, 25.028162], [121.415268, 25.027808], [121.415338, 25.027798], [121.415286, 25.02772], [121.415406, 25.027657], [121.414488, 25.028172], [121.414643, 25.028317], [121.414823, 25.02822], [121.414336, 25.028427], [121.414121, 25.02829], [121.41394, 25.028324], [121.414756, 25.028775], [121.414784, 25.029589], [121.414014, 25.029824], [121.413697, 25.029752], [121.413663, 25.029887], [121.413375, 25.029879], [121.413196, 25.029753], [121.412852, 25.029429], [121.413022, 25.029411], [121.413515, 25.0283], [121.413644, 25.028324], [121.413077, 25.02809], [121.413305, 25.028034], [121.41368, 25.028091], [121.414406, 25.028022], [121.414176, 25.027617], [121.414497, 25.027568], [121.414928, 25.027664], [121.415042, 25.027542], [121.415393, 25.027455], [121.415374, 25.02735], [121.415477, 25.027364], [121.415594, 25.027089], [121.415143, 25.026515], [121.415063, 25.026651], [121.415142, 25.026744], [121.414763, 25.026334], [121.414525, 25.026603], [121.414374, 25.025907], [121.413753, 25.025525], [121.413077, 25.025239], [121.413007, 25.025535], [121.413112, 25.025564], [121.412934, 25.025944], [121.412831, 25.025913], [121.412602, 25.026734], [121.412894, 25.026881], [121.412902, 25.027056], [121.412727, 25.027087], [121.412696, 25.027666], [121.412506, 25.027785], [121.412563, 25.027916], [121.412429, 25.027917], [121.412437, 25.027836], [121.412389, 25.028031], [121.412462, 25.027951], [121.412463, 25.028014], [121.412305, 25.027781], [121.41244, 25.027496], [121.412459, 25.027184], [121.413016, 25.027287], [121.413334, 25.026945], [121.413315, 25.026744], [121.413522, 25.026544], [121.413561, 25.026639], [121.413755, 25.026405], [121.412885, 25.026209], [121.413089, 25.025977], [121.412466, 25.025865], [121.412315, 25.02636], [121.412816, 25.024832], [121.413324, 25.024026], [121.413257, 25.02399], [121.413497, 25.023827], [121.413862, 25.023293], [121.413849, 25.023177], [121.413502, 25.022975], [121.415645, 25.024196], [121.415381, 25.02426], [121.414926, 25.024006], [121.414843, 25.024214], [121.415234, 25.024437], [121.41557, 25.024504], [121.415587, 25.024679], [121.415369, 25.024615], [121.415217, 25.024842], [121.415467, 25.024944], [121.415376, 25.025073], [121.415502, 25.025149], [121.415137, 25.024981], [121.415928, 25.024946], [121.41595, 25.025142], [121.416183, 25.025211], [121.416446, 25.02517], [121.416433, 25.025372], [121.415964, 25.025646], [121.415843, 25.025488], [121.415932, 25.025433], [121.415305, 25.025951], [121.41536, 25.026025], [121.415781, 25.025766], [121.41597, 25.025904], [121.415785, 25.026034], [121.415743, 25.026144], [121.415806, 25.02621], [121.41687, 25.025543], [121.416773, 25.025426], [121.416692, 25.02547], [121.415541, 25.026275], [121.415636, 25.026368], [121.415689, 25.02629], [121.415844, 25.026616], [121.415774, 25.026683], [121.415824, 25.02675], [121.415905, 25.026699], [121.416131, 25.027145], [121.415759, 25.027218], [121.416791, 25.026933], [121.416991, 25.026082], [121.417517, 25.026366], [121.417002, 25.025424], [121.417047, 25.025395], [121.416894, 25.025303], [121.416947, 25.025268], [121.416876, 25.025191], [121.416826, 25.025223], [121.416731, 25.024947], [121.41612, 25.024431], [121.415929, 25.02432], [121.414635, 25.024094], [121.414286, 25.023906], [121.41412, 25.023686], [121.413815, 25.024184], [121.411825, 25.024674], [121.411515, 25.024662], [121.411747, 25.025108], [121.411117, 25.025478], [121.41077, 25.024569], [121.410085, 25.024346], [121.409849, 25.024163], [121.409815, 25.024416], [121.409674, 25.02441], [121.409577, 25.024336], [121.411436, 25.023791], [121.410868, 25.021628], [121.409851, 25.021622], [121.410055, 25.021068], [121.409551, 25.02047], [121.409196, 25.021598], [121.409972, 25.027684], [121.409859, 25.027763], [121.409799, 25.027718], [121.409639, 25.027802], [121.409629, 25.027749], [121.409207, 25.027812], [121.409217, 25.027862], [121.409632, 25.027912], [121.409679, 25.027985], [121.409907, 25.027963], [121.409907, 25.027901], [121.409845, 25.028107], [121.4099, 25.02814], [121.410359, 25.028109], [121.410395, 25.027968], [121.410272, 25.027962], [121.411022, 25.027971], [121.411006, 25.028089], [121.410747, 25.028292], [121.41026, 25.02831], [121.410284, 25.028442], [121.410714, 25.028414], [121.410753, 25.028491], [121.411164, 25.028544], [121.411394, 25.028369], [121.411452, 25.028418], [121.41129, 25.028534], [121.411617, 25.028307], [121.411819, 25.028575], [121.411926, 25.028517], [121.411976, 25.028604], [121.411702, 25.028266], [121.411568, 25.028246], [121.411459, 25.028323], [121.411366, 25.02814], [121.411269, 25.028124], [121.411286, 25.027746], [121.411823, 25.027786], [121.41189, 25.027716], [121.411968, 25.028379], [121.41122, 25.027746], [121.409975, 25.027743], [121.409508, 25.027819], [121.409536, 25.028618], [121.408143, 25.027881], [121.407922, 25.028586], [121.407458, 25.028721], [121.406928, 25.028459], [121.407046, 25.028325], [121.40675, 25.028447], [121.406923, 25.027853], [121.405705, 25.028321], [121.405008, 25.02903], [121.404607, 25.029163], [121.404563, 25.028637], [121.404177, 25.02848], [121.403995, 25.028879], [121.403709, 25.028934], [121.403929, 25.029218], [121.40229, 25.029877], [121.402057, 25.029889], [121.401687, 25.029575], [121.401118, 25.03017], [121.400964, 25.030228], [121.400435, 25.03014], [121.400198, 25.029979], [121.399883, 25.030743], [121.399609, 25.0309], [121.399896, 25.031105], [121.399091, 25.030812], [121.397345, 25.031368], [121.412383, 25.029417], [121.412612, 25.029667], [121.413132, 25.027801], [121.415274, 25.027126], [121.415132, 25.02603], [121.415197, 25.02598], [121.41525, 25.02603]]}}, {"type": "Feature", "properties": {"district": "65000050", "segment": 21, "total_segments": 28, "km": 10.91, "villages": ["雙鳳里", "龍福里"]}, "geometry": {"type": "LineString", "coordinates": [[121.515828, 25.010167], [121.411948, 25.02155], [121.411369, 25.021449], [121.410749, 25.021065], [121.410576, 25.020745], [121.41076, 25.02015], [121.410965, 25.02018], [121.410773, 25.020654], [121.41107, 25.020302]]}}, {"type": "Feature", "properties": {"district": "65000050", "segment": 22, "total_segments": 28, "km": 9.77, "villages": ["龍鳳里", "龍安里", "成德里", "光正里"]}, "geometry": {"type": "LineString", "coordinates": [[121.412425, 25.021072], [121.412058, 25.021637], [121.412154, 25.021677], [121.41257, 25.021079], [121.412482, 25.020987], [121.41279, 25.021139], [121.41236, 25.021762], [121.412436, 25.02184], [121.412952, 25.021096], [121.412461, 25.022074], [121.412516, 25.022102], [121.411938, 25.021768], [121.413276, 25.02249], [121.413334, 25.022407], [121.413426, 25.022586], [121.414012, 25.022906], [121.414441, 25.022932], [121.414597, 25.022681], [121.41472, 25.022624], [121.415369, 25.022857], [121.415344, 25.022715], [121.415422, 25.022607], [121.415739, 25.022795], [121.41507, 25.023269], [121.414954, 25.023219], [121.415001, 25.023152], [121.41486, 25.023372], [121.414364, 25.023097], [121.415211, 25.023568], [121.415275, 25.023453], [121.415178, 25.023401], [121.41552, 25.023731], [121.416318, 25.022513], [121.416234, 25.02247], [121.41632, 25.022393], [121.416404, 25.022434], [121.41648, 25.022285], [121.416225, 25.022136], [121.416171, 25.022305], [121.416086, 25.02226], [121.415781, 25.021719], [121.415992, 25.02165], [121.41605, 25.021517], [121.415985, 25.021451], [121.415817, 25.02151], [121.415832, 25.021583], [121.415026, 25.021616], [121.415043, 25.021546], [121.414746, 25.021294], [121.414804, 25.021189], [121.414719, 25.021141], [121.414628, 25.02123], [121.414472, 25.021121], [121.414502, 25.021072], [121.414146, 25.020962], [121.414165, 25.0209], [121.4146, 25.020929], [121.414939, 25.020774], [121.414979, 25.020867], [121.414905, 25.020885], [121.4152, 25.021384], [121.415245, 25.021969], [121.415401, 25.022086], [121.415334, 25.022205], [121.416169, 25.021199], [121.417353, 25.020893], [121.418786, 25.020399], [121.414029, 25.020516], [121.419184, 25.020162], [121.419743, 25.02026], [121.420845, 25.019897], [121.420748, 25.019751], [121.419994, 25.019992], [121.420139, 25.019678], [121.420829, 25.019614], [121.420858, 25.019691], [121.421079, 25.019563], [121.420834, 25.019112], [121.421148, 25.019792], [121.420096, 25.020666], [121.419994, 25.020581], [121.419856, 25.02063], [121.419803, 25.020468], [121.419868, 25.020434], [121.419952, 25.020971], [121.420354, 25.021996], [121.420496, 25.021936], [121.420104, 25.020932], [121.420601, 25.022191], [121.420654, 25.022349], [121.42051, 25.022399], [121.420405, 25.022132], [121.420521, 25.02244], [121.42363, 25.021431], [121.422928, 25.020017], [121.422909, 25.019776], [121.422811, 25.019754], [121.422594, 25.019325], [121.423094, 25.019168], [121.423177, 25.019203], [121.42314, 25.019115], [121.423503, 25.019033], [121.423352, 25.019157], [121.423534, 25.019501], [121.423353, 25.019528], [121.423248, 25.019277], [121.423146, 25.019502], [121.422892, 25.01951], [121.422457, 25.019192], [121.422355, 25.019225], [121.422701, 25.01903], [121.422552, 25.018725], [121.42216, 25.018844], [121.422028, 25.018523], [121.42214, 25.018487], [121.421972, 25.018419], [121.421877, 25.018185], [121.421707, 25.018359], [121.421778, 25.018431], [121.421853, 25.017664], [121.422166, 25.017403], [121.422797, 25.017059], [121.423198, 25.01694], [121.424353, 25.018897], [121.424502, 25.018891], [121.424316, 25.019019], [121.424266, 25.018938], [121.424151, 25.019051], [121.424106, 25.018953], [121.423795, 25.018976], [121.42396, 25.018794], [121.42416, 25.018819], [121.424312, 25.019268], [121.424212, 25.019261], [121.424188, 25.019173], [121.424545, 25.019827], [121.424652, 25.019763], [121.42461, 25.019657], [121.42479, 25.020209], [121.424963, 25.020264], [121.425164, 25.020693], [121.425054, 25.020744], [121.425167, 25.020934], [121.42524, 25.020839], [121.424822, 25.020464], [121.424363, 25.020465], [121.424366, 25.020357], [121.424567, 25.020297], [121.424615, 25.020354], [121.424096, 25.020626], [121.424002, 25.020603], [121.423933, 25.020459], [121.423768, 25.020459], [121.424067, 25.021136], [121.42419, 25.021028], [121.424047, 25.020723], [121.424335, 25.021295], [121.424191, 25.021377], [121.424151, 25.021286], [121.423752, 25.021715], [121.423689, 25.02031], [121.423578, 25.020026], [121.423751, 25.020035], [121.423592, 25.019688], [121.423443, 25.01974], [121.423462, 25.019797], [121.423398, 25.019623], [121.423846, 25.020237], [121.426627, 25.017842], [121.427114, 25.017723], [121.427063, 25.017508], [121.427024, 25.017599], [121.427043, 25.017659], [121.426976, 25.017193], [121.426483, 25.017317], [121.426541, 25.017515], [121.426233, 25.016397], [121.426091, 25.015489], [121.426089, 25.014949], [121.426874, 25.014845], [121.426631, 25.014956], [121.427968, 25.014978], [121.428004, 25.017184], [121.427548, 25.016342], [121.427152, 25.01637], [121.427102, 25.016226]]}}, {"type": "Feature", "properties": {"district": "65000050", "segment": 23, "total_segments": 28, "km": 14.94, "villages": ["光明里", "光和里", "光華里", "西盛里"]}, "geometry": {"type": "LineString", "coordinates": [[121.426064, 25.016416], [121.425892, 25.015239], [121.425959, 25.013005], [121.426393, 25.011912], [121.425971, 25.012455], [121.425007, 25.015102], [121.425248, 25.016258], [121.426089, 25.016602], [121.426093, 25.016927], [121.426065, 25.014786], [121.426139, 25.013333], [121.42666, 25.014743], [121.427957, 25.014612], [121.427901, 25.013391], [121.427807, 25.013007], [121.427656, 25.013156], [121.427668, 25.012796], [121.427563, 25.012655], [121.427942, 25.012365], [121.427846, 25.012323], [121.427668, 25.012451], [121.427557, 25.012419], [121.426905, 25.011641], [121.429154, 25.010011], [121.429096, 25.009847], [121.429424, 25.00958], [121.429122, 25.009736], [121.42857, 25.010211], [121.428482, 25.010061], [121.428647, 25.009954], [121.428613, 25.009883], [121.428447, 25.009793], [121.428353, 25.009857], [121.428462, 25.009943], [121.428104, 25.010139], [121.42823, 25.010392], [121.427784, 25.010611], [121.427744, 25.01057], [121.427797, 25.010706], [121.426504, 25.011752], [121.426628, 25.011899], [121.426373, 25.012386], [121.426166, 25.013236], [121.427444, 25.012536], [121.426931, 25.011924], [121.426711, 25.011792], [121.426657, 25.011868], [121.427588, 25.011338], [121.428158, 25.012037], [121.428655, 25.011677], [121.428699, 25.0114], [121.428835, 25.011407], [121.428883, 25.010931], [121.42889, 25.010835], [121.428777, 25.010855], [121.428742, 25.011085], [121.428782, 25.010766], [121.428638, 25.010607], [121.428745, 25.010533], [121.428874, 25.010701], [121.429151, 25.010713], [121.429274, 25.010991], [121.429142, 25.01164], [121.428805, 25.011609], [121.428825, 25.011452], [121.429604, 25.011632], [121.429849, 25.011449], [121.428919, 25.01044], [121.427804, 25.009796], [121.427486, 25.010182], [121.428054, 25.012114], [121.427741, 25.012643], [121.427862, 25.012776], [121.430733, 25.014243], [121.431953, 25.015085], [121.432027, 25.014974], [121.432298, 25.01516], [121.432364, 25.014985], [121.431103, 25.014174], [121.431198, 25.014078], [121.432458, 25.0149], [121.432575, 25.014715], [121.431301, 25.013941], [121.431381, 25.013849], [121.431944, 25.014208], [121.432189, 25.013856], [121.432067, 25.013819], [121.431898, 25.014038], [121.431755, 25.013935], [121.431869, 25.013792], [121.431736, 25.013757], [121.431654, 25.013872], [121.43151, 25.013763], [121.4316, 25.013666], [121.432353, 25.013858], [121.432367, 25.013997], [121.432522, 25.01399], [121.432508, 25.013743], [121.432758, 25.013679], [121.432826, 25.014519], [121.432518, 25.014535], [121.432483, 25.01438], [121.432386, 25.014391], [121.432384, 25.014266], [121.432485, 25.014266], [121.432522, 25.014146], [121.432211, 25.014363], [121.432075, 25.014289], [121.43175, 25.014785], [121.431973, 25.014941], [121.432101, 25.015191], [121.432048, 25.015285], [121.430848, 25.014577], [121.43076, 25.01467], [121.431759, 25.015302], [121.431662, 25.015436], [121.430598, 25.014726], [121.430995, 25.014298], [121.431706, 25.01476], [121.43189, 25.015445], [121.431833, 25.015555], [121.431914, 25.015602], [121.431741, 25.015641], [121.431007, 25.015203], [121.430872, 25.015365], [121.431368, 25.015683], [121.431409, 25.01564], [121.431212, 25.015887], [121.431375, 25.01594], [121.431527, 25.015746], [121.431634, 25.015813], [121.431473, 25.01602], [121.431649, 25.016094], [121.431754, 25.015951], [121.432604, 25.016248], [121.43297, 25.015964], [121.432712, 25.017056], [121.432974, 25.017108], [121.432989, 25.017566], [121.432722, 25.017641], [121.432718, 25.017321], [121.432995, 25.017889], [121.43301, 25.01839], [121.43313, 25.018493], [121.433098, 25.01867], [121.433308, 25.018939], [121.433632, 25.01963], [121.433395, 25.019695], [121.433699, 25.020281], [121.433293, 25.020244], [121.433296, 25.020352], [121.432363, 25.020462], [121.432402, 25.02062], [121.431931, 25.020496], [121.431738, 25.020523], [121.4318, 25.0207], [121.430608, 25.0208], [121.430576, 25.020627], [121.431222, 25.02056], [121.431069, 25.020417], [121.431102, 25.02019], [121.430948, 25.020157], [121.431079, 25.01938], [121.431378, 25.01868], [121.431377, 25.019195], [121.431152, 25.020023], [121.431714, 25.020152], [121.431665, 25.020326], [121.43327, 25.019471], [121.432753, 25.018325], [121.432646, 25.01833], [121.432715, 25.017997], [121.431986, 25.018446], [121.433917, 25.019661], [121.433898, 25.020136], [121.434274, 25.020756], [121.434014, 25.020813], [121.433879, 25.020605], [121.433637, 25.020457], [121.433588, 25.020551], [121.433189, 25.020505], [121.433167, 25.020948], [121.43295, 25.021058], [121.433038, 25.021437], [121.43278, 25.021409], [121.43286, 25.021738], [121.432997, 25.021872], [121.43298, 25.022052], [121.432782, 25.022175], [121.432779, 25.022745], [121.432686, 25.022842], [121.432468, 25.022884], [121.432526, 25.022992], [121.43266, 25.02297], [121.432922, 25.022744], [121.432927, 25.022933], [121.433032, 25.022959], [121.433551, 25.022867], [121.433658, 25.022749], [121.434661, 25.022534], [121.434711, 25.022369], [121.434543, 25.022408], [121.435076, 25.022257], [121.434909, 25.021899], [121.434313, 25.021564], [121.434304, 25.02136], [121.434133, 25.02104], [121.434463, 25.021001], [121.43456, 25.021252], [121.433774, 25.021604], [121.43396, 25.021886], [121.434124, 25.022509], [121.433275, 25.022598], [121.432591, 25.022763], [121.432529, 25.022393], [121.432601, 25.0222], [121.432413, 25.023079], [121.431316, 25.023141], [121.430801, 25.023063], [121.430736, 25.023147], [121.43045, 25.022914], [121.431236, 25.022862], [121.430834, 25.02324], [121.431689, 25.023407], [121.431876, 25.022917], [121.433301, 25.023443], [121.433043, 25.023955], [121.43461, 25.023109], [121.434576, 25.022994], [121.4345, 25.023014], [121.434455, 25.023054], [121.434927, 25.02295], [121.434884, 25.022635], [121.435211, 25.022576], [121.435245, 25.022635], [121.434922, 25.023151], [121.434918, 25.023438], [121.431142, 25.021521], [121.430648, 25.021682], [121.429693, 25.021065], [121.429466, 25.020699], [121.429526, 25.020445], [121.430105, 25.020676], [121.430527, 25.016594], [121.430743, 25.016286], [121.430504, 25.016112], [121.432763, 25.013625]]}}, {"type": "Feature", "properties": {"district": "65000050", "segment": 24, "total_segments": 28, "km": 14.97, "villages": ["西盛里"]}, "geometry": {"type": "LineString", "coordinates": [[121.432762, 25.012748], [121.432531, 25.012737], [121.43239, 25.012444], [121.43245, 25.012386], [121.432051, 25.012832], [121.431683, 25.012658], [121.432428, 25.011959], [121.432775, 25.01194], [121.432869, 25.011114], [121.433347, 25.010616], [121.43326, 25.010553], [121.432832, 25.010988], [121.432829, 25.010744], [121.432946, 25.010564], [121.433557, 25.010098], [121.433436, 25.009992], [121.433565, 25.009892], [121.432927, 25.010464], [121.432853, 25.010318], [121.433294, 25.010522], [121.43343, 25.010412], [121.433714, 25.010522], [121.433654, 25.010653], [121.433795, 25.010651], [121.434265, 25.009414], [121.434509, 25.009426], [121.434873, 25.008476], [121.434916, 25.008192], [121.434527, 25.008386], [121.434455, 25.008293], [121.434606, 25.008486], [121.434576, 25.007923], [121.434739, 25.007762], [121.434695, 25.007703], [121.434771, 25.007793], [121.434589, 25.007493], [121.434355, 25.007527], [121.434465, 25.007204], [121.434203, 25.00666], [121.434192, 25.006936], [121.434772, 25.006849], [121.435077, 25.007018], [121.435619, 25.008515], [121.435273, 25.008913], [121.435089, 25.008985], [121.435332, 25.009454], [121.435528, 25.009397], [121.435351, 25.00896], [121.435544, 25.008826], [121.434887, 25.009134], [121.435198, 25.009628], [121.434992, 25.009779], [121.435495, 25.009816], [121.436032, 25.009638], [121.435947, 25.009424], [121.434408, 25.009717], [121.434322, 25.00994], [121.433992, 25.009874], [121.434106, 25.009596], [121.434137, 25.009544], [121.433745, 25.010467], [121.434068, 25.010647], [121.434019, 25.010803], [121.434215, 25.010857], [121.434185, 25.010408], [121.434709, 25.010916], [121.435182, 25.01069], [121.434607, 25.011388], [121.434663, 25.011559], [121.434288, 25.011742], [121.434277, 25.011575], [121.434471, 25.011472], [121.433858, 25.011674], [121.434196, 25.012798], [121.434371, 25.012591], [121.434295, 25.012479], [121.434525, 25.012526], [121.434708, 25.012373], [121.43413, 25.012004], [121.43395, 25.011422], [121.433737, 25.011163], [121.433468, 25.011025], [121.433301, 25.011313], [121.432572, 25.010919], [121.432899, 25.009207], [121.432987, 25.008022], [121.432683, 25.00815], [121.433099, 25.007541], [121.432971, 25.007365], [121.433011, 25.00679], [121.433142, 25.006567], [121.432753, 25.006488], [121.432735, 25.006404], [121.432765, 25.006922], [121.432113, 25.007468], [121.431716, 25.007655], [121.431123, 25.007147], [121.431215, 25.007045], [121.431739, 25.007527], [121.431464, 25.00768], [121.430993, 25.007256], [121.430885, 25.007341], [121.431353, 25.007787], [121.431475, 25.007856], [121.431538, 25.007803], [121.431334, 25.007997], [121.430807, 25.007264], [121.431122, 25.006968], [121.430849, 25.006394], [121.43059, 25.006515], [121.430854, 25.006073], [121.431113, 25.005864], [121.430767, 25.005686], [121.431004, 25.005127], [121.430818, 25.005036], [121.431806, 25.005524], [121.431994, 25.005376], [121.431136, 25.004835], [121.432064, 25.00567], [121.432327, 25.005495], [121.432492, 25.006049], [121.432668, 25.006151], [121.43324, 25.006134], [121.433351, 25.005776], [121.433832, 25.006147], [121.433814, 25.006208], [121.433979, 25.006112], [121.433818, 25.005897], [121.433817, 25.005763], [121.433442, 25.005549], [121.433622, 25.004185], [121.433702, 25.004134], [121.433666, 25.004011], [121.433561, 25.004037], [121.433459, 25.003719], [121.433572, 25.003693], [121.433595, 25.003773], [121.433527, 25.003569], [121.433431, 25.003583], [121.433423, 25.003446], [121.4338, 25.003215], [121.433886, 25.003488], [121.43378, 25.003514], [121.433831, 25.003651], [121.433924, 25.003639], [121.434099, 25.004352], [121.433742, 25.004306], [121.433584, 25.004099], [121.433926, 25.004022], [121.433913, 25.003958], [121.433961, 25.004083], [121.434202, 25.004024], [121.434293, 25.00441], [121.434745, 25.004317], [121.434675, 25.003991], [121.434302, 25.004006], [121.433849, 25.003736], [121.434625, 25.003247], [121.434991, 25.002561], [121.435149, 25.00252], [121.435171, 25.002664], [121.435376, 25.002217], [121.435362, 25.002011], [121.434781, 25.002121], [121.434797, 25.002269], [121.435049, 25.001542], [121.435152, 25.000942], [121.434696, 25.001048], [121.434588, 25.000979], [121.434551, 25.000736], [121.434246, 25.000701], [121.434285, 25.00137], [121.433576, 25.000861], [121.433376, 25.000781], [121.433262, 25.001038], [121.433001, 25.000996], [121.432679, 25.000706], [121.432405, 25.000949], [121.432502, 25.001034], [121.432783, 25.000974], [121.432893, 25.001078], [121.432954, 25.001498], [121.432305, 25.001607], [121.43226, 25.001679], [121.432069, 25.001574], [121.431877, 25.001669], [121.432412, 25.002673], [121.432713, 25.003035], [121.432774, 25.003257], [121.432605, 25.003384], [121.432507, 25.003268], [121.432683, 25.003391], [121.432713, 25.003542], [121.432655, 25.003527], [121.43285, 25.003914], [121.432341, 25.003279], [121.432427, 25.003185], [121.432221, 25.002931], [121.432278, 25.002785], [121.431919, 25.002635], [121.431912, 25.002745], [121.431792, 25.002829], [121.431723, 25.002652], [121.43189, 25.002506], [121.431814, 25.00241], [121.431954, 25.002335], [121.431875, 25.002208], [121.432012, 25.002425], [121.431647, 25.002688], [121.431682, 25.001887], [121.431856, 25.001638], [121.431737, 25.001428], [121.43146, 25.001469], [121.431265, 25.001116], [121.431606, 25.001009], [121.432282, 25.000368], [121.432393, 25.000507], [121.432096, 25.000812], [121.432, 25.000794], [121.431811, 25.000949], [121.431804, 25.00107], [121.431682, 25.001071], [121.431173, 25.000301], [121.431358, 25.000146], [121.431481, 25.000236], [121.431515, 25.000293], [121.431356, 25.000448], [121.432147, 24.999667], [121.431928, 24.999524], [121.431828, 24.999623], [121.43189, 24.999679], [121.431458, 25.000068], [121.431238, 24.999879], [121.431286, 24.999837], [121.431155, 24.999971], [121.43105, 24.999852], [121.431691, 24.999358], [121.431748, 24.999475], [121.431801, 24.999451], [121.431413, 24.999755], [121.43224, 25.000015], [121.432665, 25.000318], [121.432844, 25.000111], [121.432402, 24.999831], [121.43228, 24.999979], [121.432825, 25.000377], [121.432782, 25.000442], [121.43291, 25.000524], [121.433153, 25.00018], [121.433059, 25.000131], [121.432899, 25.000305], [121.433772, 25.000121], [121.43494, 25.000233], [121.435193, 25.000158], [121.435211, 25.000316], [121.435173, 25.000445], [121.435166, 24.999922], [121.430952, 24.999024], [121.430933, 24.99866], [121.430409, 24.996871], [121.430602, 24.996627], [121.429762, 24.995583], [121.429681, 24.99571], [121.429926, 24.99601], [121.429759, 24.996109], [121.429903, 24.996187], [121.42988, 24.996275], [121.430024, 24.996136], [121.430263, 24.996432], [121.430143, 24.996497], [121.430101, 24.996451], [121.430405, 24.996632], [121.43048, 24.996123], [121.430022, 24.995577], [121.43517, 25.004136], [121.434749, 25.005809], [121.433966, 25.006414], [121.431482, 25.006112], [121.430537, 25.008924], [121.429664, 25.009617], [121.432534, 25.012823], [121.432457, 25.013066], [121.432528, 25.013358], [121.432991, 25.01355], [121.434321, 25.013309]]}}, {"type": "Feature", "properties": {"district": "65000050", "segment": 25, "total_segments": 28, "km": 9.59, "villages": ["西盛里", "光榮里", "民有里", "民安里", "民本里", "民全里"]}, "geometry": {"type": "LineString", "coordinates": [[121.434566, 25.01742], [121.434957, 25.017432], [121.42899, 25.016464], [121.428985, 25.016257], [121.428171, 25.016239], [121.428169, 25.016316], [121.428032, 25.013164], [121.429109, 25.013017], [121.428177, 25.016505], [121.428269, 25.016879], [121.428348, 25.016881], [121.428328, 25.017037], [121.428551, 25.017039], [121.428208, 25.01703], [121.428238, 25.017469], [121.428776, 25.01744], [121.42875, 25.017685], [121.428751, 25.017896], [121.428269, 25.017935], [121.428244, 25.017653], [121.428624, 25.017693], [121.428277, 25.017981], [121.4283, 25.018513], [121.428085, 25.01859], [121.428092, 25.019067], [121.427924, 25.019142], [121.427837, 25.018968], [121.427591, 25.019072], [121.427483, 25.018561], [121.427807, 25.018483], [121.427812, 25.018405], [121.428066, 25.018397], [121.428064, 25.018542], [121.428269, 25.018752], [121.428039, 25.018197], [121.427859, 25.01802], [121.427856, 25.017961], [121.428085, 25.017994], [121.428079, 25.017789], [121.427599, 25.017825], [121.427199, 25.018135], [121.427404, 25.018237], [121.427336, 25.018292], [121.4278, 25.01805], [121.428511, 25.018185], [121.429112, 25.017822], [121.429098, 25.017363], [121.427371, 25.017819], [121.42701, 25.017909], [121.427138, 25.017978], [121.426783, 25.018126], [121.426675, 25.017974], [121.426529, 25.018077], [121.426812, 25.018802], [121.426705, 25.018902], [121.427005, 25.018851], [121.427165, 25.019365], [121.427, 25.019432], [121.427404, 25.020857], [121.42737, 25.020974], [121.427299, 25.020994], [121.427608, 25.020893], [121.427369, 25.020048], [121.426568, 25.020418], [121.426437, 25.020275], [121.426272, 25.020297], [121.426458, 25.020449], [121.42578, 25.020566], [121.425596, 25.020363], [121.425723, 25.020045], [121.425507, 25.019824], [121.425337, 25.019784], [121.425022, 25.01908], [121.425124, 25.019041], [121.425094, 25.018901], [121.42556, 25.018751], [121.425507, 25.018649], [121.425719, 25.018577], [121.425837, 25.0188], [121.426355, 25.01856], [121.426399, 25.018472], [121.426547, 25.01866], [121.425872, 25.019025], [121.425753, 25.01891], [121.425958, 25.018499], [121.425876, 25.018273], [121.424689, 25.018644], [121.424806, 25.018871], [121.424881, 25.018792], [121.424989, 25.018949], [121.42489, 25.018978], [121.425931, 25.018258], [121.426402, 25.018097], [121.42685, 25.018378], [121.426993, 25.018801], [121.427135, 25.018862], [121.42721, 25.018806], [121.42717, 25.018757], [121.427332, 25.018791], [121.427489, 25.019019], [121.426412, 25.019276], [121.426977, 25.021128], [121.426752, 25.021284], [121.42781, 25.020906], [121.428277, 25.020864], [121.428108, 25.020741], [121.428428, 25.020842], [121.429216, 25.020761], [121.429042, 25.021032], [121.428651, 25.021002], [121.428886, 25.021124], [121.429273, 25.020325], [121.429416, 25.020309], [121.429425, 25.020062], [121.429224, 25.020069], [121.429219, 25.01996], [121.429431, 25.019957], [121.428437, 25.020002], [121.428391, 25.020105], [121.429023, 25.020044], [121.428205, 25.020133], [121.427766, 25.019935], [121.427506, 25.01999], [121.427459, 25.019833], [121.42764, 25.019796], [121.427587, 25.019617], [121.427268, 25.019711], [121.427296, 25.019816], [121.427392, 25.019852], [121.427206, 25.01948], [121.427368, 25.019568], [121.427672, 25.019498], [121.427702, 25.019591], [121.428108, 25.019502], [121.428041, 25.019418], [121.428127, 25.019399], [121.427779, 25.019482], [121.427901, 25.02107], [121.427529, 25.021109], [121.427495, 25.021176], [121.42821, 25.021751], [121.428356, 25.021804], [121.428419, 25.021735], [121.428353, 25.021687], [121.428595, 25.02182], [121.428529, 25.021902], [121.428451, 25.021864], [121.428919, 25.021922], [121.428941, 25.021607], [121.429104, 25.02158], [121.429085, 25.021499], [121.428896, 25.021287], [121.428675, 25.021306], [121.428611, 25.021606], [121.429128, 25.021776], [121.429156, 25.022251], [121.429347, 25.022317], [121.429279, 25.022464], [121.429437, 25.022367], [121.429678, 25.022451], [121.429624, 25.022563], [121.429766, 25.022679], [121.429211, 25.022391], [121.429032, 25.022675], [121.429059, 25.023007], [121.429153, 25.02306], [121.429033, 25.023132], [121.428949, 25.023086], [121.429477, 25.023361], [121.429563, 25.023279], [121.429329, 25.023143], [121.429226, 25.022861], [121.428834, 25.022535], [121.428865, 25.022265], [121.42997, 25.022287], [121.430427, 25.022142], [121.430528, 25.021879], [121.430429, 25.022758], [121.429572, 25.023466], [121.429708, 25.023532], [121.429777, 25.023673], [121.429594, 25.02391], [121.429541, 25.02381], [121.429612, 25.023707], [121.429372, 25.024137], [121.429296, 25.024095], [121.429333, 25.024049], [121.429795, 25.024375], [121.42995, 25.024303], [121.428856, 25.023398], [121.428602, 25.023465], [121.428282, 25.023414], [121.42841, 25.023234], [121.427798, 25.021633], [121.427323, 25.021341], [121.427275, 25.021209], [121.427102, 25.021304], [121.426588, 25.021907], [121.427988, 25.02107], [121.429513, 25.02091]]}}, {"type": "Feature", "properties": {"district": "65000050", "segment": 26, "total_segments": 28, "km": 13.78, "villages": ["建安里", "瓊林里"]}, "geometry": {"type": "LineString", "coordinates": [[121.427453, 25.023263], [121.427072, 25.023659], [121.426463, 25.023396], [121.426401, 25.023499], [121.426304, 25.023464], [121.426009, 25.023907], [121.425959, 25.023888], [121.42768, 25.024878], [121.427908, 25.024595], [121.427878, 25.024942], [121.428959, 25.025679], [121.429001, 25.025586], [121.429036, 25.025951], [121.428852, 25.026466], [121.428944, 25.026588], [121.429545, 25.026751], [121.42947, 25.026919], [121.429299, 25.026854], [121.429442, 25.027022], [121.429306, 25.027239], [121.428752, 25.027059], [121.428803, 25.026735], [121.429701, 25.026949], [121.429537, 25.02733], [121.429871, 25.027434], [121.429727, 25.026901], [121.430114, 25.025794], [121.429941, 25.025752], [121.429927, 25.025666], [121.4296, 25.025691], [121.429744, 25.025942], [121.43029, 25.02604], [121.430324, 25.025947], [121.430005, 25.026762], [121.430983, 25.027196], [121.431078, 25.027003], [121.430981, 25.026934], [121.431088, 25.026664], [121.431158, 25.026583], [121.431323, 25.026582], [121.431479, 25.026246], [121.431309, 25.026194], [121.431027, 25.02644], [121.430829, 25.025841], [121.430797, 25.025355], [121.430329, 25.025444], [121.429412, 25.024961], [121.428745, 25.0253], [121.428648, 25.025262], [121.428338, 25.025007], [121.428612, 25.02428], [121.428755, 25.02409], [121.428593, 25.023989], [121.428053, 25.024091], [121.425892, 25.02311], [121.426416, 25.022251], [121.425772, 25.02328], [121.431705, 25.025258], [121.431835, 25.02501], [121.431981, 25.02496], [121.432101, 25.025038], [121.432099, 25.024926], [121.432587, 25.02485], [121.432547, 25.02469], [121.433255, 25.024511], [121.43344, 25.024291], [121.433825, 25.024092], [121.434003, 25.024039], [121.434198, 25.024245], [121.433919, 25.02444], [121.433887, 25.024339], [121.433984, 25.024273], [121.433769, 25.024399], [121.433814, 25.024508], [121.434294, 25.024352], [121.434327, 25.024242], [121.434252, 25.024123], [121.434448, 25.023865], [121.434775, 25.023716], [121.434862, 25.023574], [121.434505, 25.024605], [121.43461, 25.024687], [121.434333, 25.025064], [121.434456, 25.025139], [121.434624, 25.024919], [121.434721, 25.025184], [121.434187, 25.026088], [121.434006, 25.026055], [121.433932, 25.026161], [121.433983, 25.02627], [121.434037, 25.026003], [121.434378, 25.025479], [121.433731, 25.025494], [121.432971, 25.026675], [121.432658, 25.027518], [121.432075, 25.02662], [121.432122, 25.02652], [121.431663, 25.026596], [121.431568, 25.026972], [121.431632, 25.025951], [121.431728, 25.025781], [121.431625, 25.025646], [121.431674, 25.025489], [121.431922, 25.025493], [121.431886, 25.025614], [121.432024, 25.025345], [121.43204, 25.024824], [121.43216, 25.024736], [121.432487, 25.024705], [121.433125, 25.024863], [121.433203, 25.024722], [121.433494, 25.0253], [121.433032, 25.025951], [121.43457, 25.026668], [121.434311, 25.027121], [121.43522, 25.027713], [121.437797, 25.027351], [121.436054, 25.024192], [121.439116, 25.021794], [121.438886, 25.021408], [121.439179, 25.021287], [121.43934, 25.021559], [121.439348, 25.021924], [121.439207, 25.020951], [121.438916, 25.020904], [121.438746, 25.021009], [121.438685, 25.020914], [121.437405, 25.020261], [121.435726, 25.015442], [121.435367, 25.015491], [121.435023, 25.014541], [121.434883, 25.014274], [121.43463, 25.014064], [121.434503, 25.013607], [121.435445, 25.013821], [121.43572, 25.01354], [121.435008, 25.014027], [121.434484, 25.012735], [121.435185, 25.012133], [121.43587, 25.012512], [121.435356, 25.011149], [121.435034, 25.011203], [121.441086, 25.024336], [121.44189, 25.025515], [121.442915, 25.026019], [121.442776, 25.026232], [121.442725, 25.026737], [121.442935, 25.026716], [121.442937, 25.026497], [121.44307, 25.026506], [121.443063, 25.026627], [121.443248, 25.026512], [121.443519, 25.026733], [121.443468, 25.026926], [121.443703, 25.026892], [121.444215, 25.027518], [121.444568, 25.028189], [121.444864, 25.028063], [121.444836, 25.028233], [121.44497, 25.02829], [121.445035, 25.028153], [121.444946, 25.02834], [121.445127, 25.028418], [121.445061, 25.028575], [121.444731, 25.02857], [121.444708, 25.028708], [121.443958, 25.028687], [121.443981, 25.028555], [121.443561, 25.028536], [121.443605, 25.028675], [121.443758, 25.028675], [121.443464, 25.028673], [121.443345, 25.028753], [121.44329, 25.029601], [121.443139, 25.029307], [121.443184, 25.028643], [121.443706, 25.028466], [121.443781, 25.028305], [121.444133, 25.028552], [121.444516, 25.028556], [121.444578, 25.028478], [121.444516, 25.028347], [121.444364, 25.028338], [121.444321, 25.028087], [121.444687, 25.027824], [121.445887, 25.028218], [121.445689, 25.028569], [121.446008, 25.028779], [121.445901, 25.02917], [121.445821, 25.029218], [121.446263, 25.029128], [121.446266, 25.028828], [121.445577, 25.028847], [121.445473, 25.028995], [121.445543, 25.028739], [121.445165, 25.028713], [121.445058, 25.029235], [121.444896, 25.029027], [121.44475, 25.029045], [121.444621, 25.029505], [121.444102, 25.029066], [121.444255, 25.028892], [121.442723, 25.0275], [121.442732, 25.027235], [121.442418, 25.026179], [121.442883, 25.025151]]}}, {"type": "Feature", "properties": {"district": "65000050", "segment": 27, "total_segments": 28, "km": 11.93, "villages": ["豐年里", "泰豐里", "文衡里", "興漢里", "榮和里"]}, "geometry": {"type": "LineString", "coordinates": [[121.446469, 25.029461], [121.446385, 25.031534], [121.446553, 25.030848], [121.447462, 25.030688], [121.447462, 25.030614], [121.448138, 25.030661], [121.447852, 25.031313], [121.447692, 25.031304], [121.446182, 25.029896], [121.446594, 25.02983], [121.44683, 25.029489], [121.446925, 25.029648], [121.447034, 25.029478], [121.447822, 25.030107], [121.447792, 25.03029], [121.447729, 25.030293], [121.447865, 25.030297], [121.447813, 25.030402], [121.448168, 25.030493], [121.448425, 25.030397], [121.448287, 25.030848], [121.448429, 25.030893], [121.448359, 25.031043], [121.448411, 25.031057], [121.44832, 25.031145], [121.448126, 25.031067], [121.448181, 25.030991], [121.44828, 25.031022], [121.448198, 25.030827], [121.448639, 25.030938], [121.448847, 25.031174], [121.449059, 25.031038], [121.44974, 25.031814], [121.449627, 25.032005], [121.449235, 25.031578], [121.449029, 25.031583], [121.449029, 25.031674], [121.448514, 25.031532], [121.448468, 25.031742], [121.448319, 25.031714], [121.448404, 25.031395], [121.448558, 25.031437], [121.448577, 25.03138], [121.449988, 25.032092], [121.450295, 25.032488], [121.447366, 25.030287], [121.44671, 25.030248], [121.446603, 25.030263], [121.446564, 25.030358], [121.446799, 25.030129], [121.446947, 25.030138], [121.446938, 25.030371], [121.446616, 25.029439], [121.446819, 25.029308], [121.449659, 25.032413], [121.449565, 25.033229], [121.449696, 25.033178], [121.44981, 25.032835], [121.449799, 25.032606], [121.450019, 25.03262], [121.449994, 25.032887], [121.449891, 25.032849], [121.449948, 25.032672], [121.44993, 25.033129], [121.450159, 25.033317], [121.45022, 25.032856], [121.449759, 25.033085], [121.44972, 25.033419], [121.450153, 25.033482], [121.450164, 25.033613], [121.449647, 25.033517], [121.449663, 25.033414], [121.448724, 25.033314], [121.448703, 25.033415], [121.448462, 25.033399], [121.448581, 25.033515], [121.448439, 25.033572], [121.448489, 25.033715], [121.449305, 25.03382], [121.449344, 25.03372], [121.44943, 25.033722], [121.449426, 25.033963], [121.449552, 25.034011], [121.449661, 25.033788], [121.449845, 25.033866], [121.449874, 25.033914], [121.449796, 25.033943], [121.450075, 25.034307], [121.449807, 25.034711], [121.449805, 25.034926], [121.450047, 25.035076], [121.449925, 25.035467], [121.450009, 25.035489], [121.449018, 25.035272], [121.449042, 25.035199], [121.448948, 25.035108], [121.449059, 25.034827], [121.448742, 25.034666], [121.448616, 25.034756], [121.448508, 25.035166], [121.448857, 25.035261], [121.449165, 25.035003], [121.4494, 25.034627], [121.449274, 25.034575], [121.449388, 25.034266], [121.449556, 25.034217], [121.449426, 25.034095], [121.449532, 25.034324], [121.449489, 25.034455], [121.449229, 25.034658], [121.448851, 25.034533], [121.44885, 25.034323], [121.448683, 25.034292], [121.448586, 25.034411], [121.448399, 25.034264], [121.448417, 25.034137], [121.448424, 25.03449], [121.449026, 25.034173], [121.449123, 25.033674], [121.449255, 25.033693], [121.44933, 25.03348], [121.449512, 25.033504], [121.449513, 25.033449], [121.449485, 25.033633], [121.449601, 25.033748], [121.449246, 25.033475], [121.448761, 25.033427], [121.448683, 25.033595], [121.448976, 25.033646], [121.44938, 25.032735], [121.448456, 25.035159], [121.448404, 25.03515], [121.45036, 25.035556], [121.451279, 25.035767], [121.451211, 25.035978], [121.451348, 25.03602], [121.450558, 25.035834], [121.450777, 25.03647], [121.451129, 25.036521], [121.451202, 25.036622], [121.450767, 25.036622], [121.450668, 25.03671], [121.450757, 25.036808], [121.45065, 25.036841], [121.450664, 25.03717], [121.450772, 25.037243], [121.450765, 25.037341], [121.45067, 25.037349], [121.450762, 25.037429], [121.450776, 25.037579], [121.450658, 25.037586], [121.450682, 25.03779], [121.450795, 25.037696], [121.450712, 25.038635], [121.450326, 25.038586], [121.450377, 25.03833], [121.450008, 25.038437], [121.44997, 25.038821], [121.449982, 25.03921], [121.450651, 25.039265], [121.45071, 25.038814], [121.450074, 25.037786], [121.450075, 25.037399], [121.450147, 25.036974], [121.450474, 25.037225], [121.450678, 25.036532], [121.45132, 25.037188], [121.451245, 25.035063], [121.450922, 25.035046], [121.451275, 25.034331], [121.45138, 25.034382], [121.451293, 25.034128], [121.451088, 25.034068], [121.451016, 25.033948], [121.451129, 25.033811], [121.45151, 25.033886], [121.451304, 25.033721], [121.450263, 25.033494], [121.450287, 25.033605], [121.45106, 25.033742], [121.450773, 25.034046], [121.45054, 25.034047], [121.450414, 25.033966], [121.450265, 25.034085], [121.450242, 25.034231], [121.450753, 25.034159], [121.450755, 25.033321], [121.450605, 25.033252], [121.45067, 25.032866], [121.450856, 25.033042], [121.450797, 25.03324], [121.450723, 25.033227], [121.450749, 25.033086], [121.45092, 25.033159], [121.450948, 25.033088], [121.450978, 25.03289], [121.450785, 25.032773], [121.450854, 25.032504], [121.450372, 25.032652], [121.450273, 25.033261], [121.450271, 25.033323], [121.451358, 25.033191], [121.451504, 25.033095], [121.451162, 25.032963], [121.451543, 25.033122], [121.451926, 25.033155], [121.451884, 25.03321], [121.451682, 25.033046], [121.45176, 25.033512], [121.451935, 25.033549], [121.45179, 25.033816], [121.451695, 25.033874], [121.45165, 25.03377], [121.451354, 25.033735], [121.451662, 25.033986], [121.452772, 25.034311], [121.452816, 25.034153], [121.451879, 25.033854], [121.45156, 25.034248], [121.45194, 25.034694], [121.45225, 25.034763], [121.452376, 25.034588], [121.452443, 25.034803], [121.452676, 25.034795], [121.453003, 25.03452], [121.452952, 25.034411], [121.45316, 25.034314], [121.453979, 25.034653], [121.453928, 25.034823], [121.453851, 25.034804], [121.454113, 25.034491], [121.454221, 25.034094], [121.453767, 25.033942], [121.453919, 25.033918], [121.453717, 25.033873], [121.453709, 25.033926], [121.453732, 25.033818], [121.45325, 25.03407], [121.452923, 25.034058], [121.453079, 25.033552], [121.452441, 25.03349], [121.452487, 25.033592], [121.452421, 25.033606], [121.452576, 25.033603], [121.452566, 25.033716], [121.452789, 25.033775], [121.45221, 25.033377], [121.452176, 25.033418], [121.452962, 25.035466], [121.452903, 25.035864], [121.45307, 25.035854], [121.453051, 25.036068], [121.453206, 25.036093], [121.453595, 25.035913], [121.453769, 25.035239], [121.453013, 25.03547], [121.452488, 25.035939], [121.451713, 25.036158], [121.451914, 25.037371], [121.451803, 25.037863], [121.451856, 25.038026], [121.452039, 25.03809], [121.452094, 25.03803], [121.452045, 25.038262], [121.452131, 25.038641], [121.451884, 25.038647], [121.45183, 25.038898], [121.452165, 25.038874], [121.452328, 25.039535], [121.452567, 25.039597], [121.451865, 25.038518], [121.451886, 25.038451], [121.45147, 25.03799]]}}, {"type": "Feature", "properties": {"district": "65000050", "segment": 28, "total_segments": 28, "km": 8.68, "villages": ["文德里", "立人里", "恆安里", "文明里"]}, "geometry": {"type": "LineString", "coordinates": [[121.453853, 25.036292], [121.453838, 25.035678], [121.454035, 25.035656], [121.454282, 25.035815], [121.454405, 25.035767], [121.454494, 25.035822], [121.454358, 25.035978], [121.454446, 25.036202], [121.454548, 25.036135], [121.454519, 25.036049], [121.45452, 25.036359], [121.454481, 25.036467], [121.453911, 25.036354], [121.454121, 25.035584], [121.453884, 25.035437], [121.454061, 25.035002], [121.454252, 25.035011], [121.455045, 25.035429], [121.455847, 25.036007], [121.455893, 25.035783], [121.45552, 25.035529], [121.455574, 25.035484], [121.455488, 25.035371], [121.455697, 25.035118], [121.455649, 25.034966], [121.45561, 25.035019], [121.455452, 25.034912], [121.455529, 25.035164], [121.45533, 25.035352], [121.454251, 25.034768], [121.454228, 25.034639], [121.454446, 25.0342], [121.455099, 25.034565], [121.455422, 25.035445], [121.456059, 25.035187], [121.45597, 25.03534], [121.45612, 25.035435], [121.454907, 25.035716], [121.453432, 25.036562], [121.452985, 25.036476], [121.452636, 25.036646], [121.453099, 25.03813], [121.453127, 25.038538], [121.453102, 25.038642], [121.453013, 25.038647], [121.453095, 25.038778], [121.45321, 25.038758], [121.452773, 25.038829], [121.453014, 25.038962], [121.452875, 25.039674], [121.453738, 25.039805], [121.453728, 25.039872], [121.453862, 25.039889], [121.454211, 25.039444], [121.454426, 25.03937], [121.454449, 25.039263], [121.454645, 25.039247], [121.454642, 25.039319], [121.454009, 25.039322], [121.454762, 25.038647], [121.455006, 25.038668], [121.454898, 25.038771], [121.454716, 25.038089], [121.454472, 25.038107], [121.454485, 25.038235], [121.454846, 25.038068], [121.454861, 25.037898], [121.455109, 25.037902], [121.455166, 25.038067], [121.455064, 25.038091], [121.457147, 25.037739], [121.457409, 25.037816], [121.458154, 25.037936], [121.458676, 25.03812], [121.45866, 25.038323], [121.45854, 25.038429], [121.458458, 25.038403], [121.458085, 25.038792], [121.457862, 25.038783], [121.457828, 25.038862], [121.457733, 25.038786], [121.457883, 25.038915], [121.45729, 25.03948], [121.456901, 25.039711], [121.45678, 25.039859], [121.456878, 25.039904], [121.45676, 25.03996], [121.456206, 25.039936], [121.456227, 25.040024], [121.455389, 25.039994], [121.455265, 25.039903], [121.455164, 25.040334], [121.455606, 25.040238], [121.455598, 25.040157], [121.456576, 25.040204], [121.456545, 25.040288], [121.455701, 25.040248], [121.455663, 25.040368], [121.456513, 25.040503], [121.456518, 25.040383], [121.456759, 25.040522], [121.457499, 25.040713], [121.456555, 25.040035], [121.456311, 25.040024], [121.456282, 25.039698], [121.456151, 25.039713], [121.456549, 25.03965], [121.455862, 25.039884], [121.455615, 25.039885], [121.455511, 25.03964], [121.455544, 25.03949], [121.455337, 25.039449], [121.455392, 25.0388], [121.45528, 25.038484], [121.455185, 25.038494], [121.455601, 25.038991], [121.455777, 25.038969], [121.45553, 25.039223], [121.455293, 25.039757], [121.455559, 25.04016], [121.455568, 25.040356], [121.454865, 25.040275], [121.454693, 25.039685], [121.454611, 25.039678], [121.45721, 25.038403], [121.457406, 25.03961], [121.458764, 25.037715], [121.458819, 25.037746], [121.458704, 25.037677], [121.458836, 25.037553], [121.458981, 25.037661], [121.458971, 25.037797], [121.4591, 25.037842], [121.459144, 25.0378], [121.459086, 25.037759], [121.459275, 25.037951], [121.459403, 25.03776], [121.458108, 25.036813], [121.455964, 25.035818], [121.455973, 25.036077], [121.456611, 25.036355], [121.456301, 25.036645], [121.456114, 25.036485], [121.45607, 25.036636], [121.45527, 25.03656], [121.456347, 25.035855], [121.456422, 25.035751], [121.456375, 25.035661], [121.45622, 25.035663], [121.456157, 25.035498], [121.45623, 25.035481], [121.457507, 25.03607], [121.457357, 25.036735], [121.458026, 25.037012], [121.458791, 25.037515], [121.458183, 25.0374], [121.457284, 25.036794], [121.459733, 25.037712], [121.459755, 25.037915], [121.45962, 25.038132], [121.460293, 25.03857], [121.459768, 25.03839], [121.460379, 25.037827], [121.460801, 25.038912], [121.461034, 25.039024], [121.461085, 25.039137], [121.462146, 25.039693], [121.46402, 25.040998], [121.464059, 25.040501], [121.464298, 25.040548]]}}]}