{"type": "FeatureCollection", "features": [{"type": "Feature", "properties": {"district": "6703400", "segment": 1, "total_segments": 26, "km": 13.63, "villages": ["中樓里", "仁愛里"]}, "geometry": {"type": "LineString", "coordinates": [[120.214507, 23.001681], [120.214534, 23.001806], [120.214441, 23.001941], [120.214551, 23.00193], [120.214273, 23.001976], [120.214239, 23.001866], [120.214052, 23.001904], [120.21407, 23.001998], [120.214062, 23.001752], [120.213987, 23.001761], [120.214365, 23.001821], [120.215522, 23.001528], [120.216413, 23.001417], [120.217789, 23.001459], [120.217964, 23.002393], [120.218532, 23.00235], [120.218469, 23.002739], [120.217819, 23.002413], [120.217597, 23.002444], [120.217868, 23.003734], [120.217771, 23.003758], [120.21778, 23.003874], [120.217929, 23.003973], [120.217938, 23.003877], [120.21814, 23.00387], [120.21836, 23.003974], [120.218232, 23.004202], [120.218295, 23.004223], [120.218326, 23.004123], [120.218433, 23.004163], [120.218456, 23.004424], [120.218553, 23.004444], [120.218574, 23.004345], [120.218749, 23.004416], [120.218774, 23.005445], [120.218653, 23.005983], [120.218398, 23.006576], [120.216925, 23.005963], [120.21709, 23.005809], [120.217453, 23.004746], [120.217665, 23.004651], [120.217932, 23.004748], [120.217857, 23.005516], [120.21829, 23.005554], [120.218252, 23.005689], [120.218474, 23.005699], [120.218449, 23.005817], [120.217996, 23.005633], [120.217997, 23.005746], [120.218093, 23.005765], [120.217955, 23.005988], [120.218231, 23.006048], [120.218198, 23.006145], [120.217884, 23.005975], [120.21772, 23.005775], [120.21756, 23.00592], [120.217659, 23.005922], [120.217613, 23.006116], [120.217529, 23.006097], [120.217549, 23.006011], [120.217326, 23.00595], [120.217358, 23.005853], [120.21743, 23.005881], [120.21757, 23.005769], [120.217638, 23.005618], [120.217308, 23.005501], [120.217492, 23.005009], [120.217202, 23.004894], [120.217222, 23.004828], [120.217125, 23.004789], [120.217041, 23.00505], [120.217141, 23.00507], [120.217171, 23.004999], [120.217104, 23.005181], [120.217004, 23.005154], [120.216833, 23.005653], [120.21692, 23.005721], [120.217056, 23.005292], [120.217665, 23.005436], [120.217707, 23.005642], [120.217682, 23.005363], [120.218065, 23.005177], [120.218164, 23.005032], [120.21802, 23.004929], [120.218123, 23.004816], [120.218379, 23.004928], [120.218361, 23.004688], [120.2184, 23.004729], [120.218482, 23.004553], [120.218126, 23.004517], [120.218146, 23.004411], [120.218077, 23.004397], [120.217832, 23.004442], [120.218048, 23.004015], [120.218236, 23.00442], [120.218532, 23.004562], [120.218606, 23.004932], [120.218548, 23.005065], [120.218453, 23.005051], [120.218534, 23.005204], [120.21844, 23.005242], [120.218402, 23.005383], [120.218518, 23.005396], [120.218504, 23.005477], [120.218027, 23.005286], [120.218199, 23.005173], [120.217993, 23.00509], [120.218051, 23.004647], [120.217891, 23.004601], [120.217745, 23.004425], [120.217629, 23.004443], [120.217638, 23.0045], [120.217344, 23.004443], [120.217304, 23.004531], [120.217397, 23.004587], [120.21726, 23.004723], [120.216939, 23.00441], [120.21701, 23.004331], [120.217064, 23.004393], [120.21687, 23.004222], [120.216911, 23.004093], [120.217365, 23.004123], [120.217515, 23.003847], [120.217624, 23.003844], [120.217503, 23.004327], [120.217681, 23.004166], [120.217774, 23.004207], [120.217752, 23.004055], [120.217765, 23.004308], [120.217424, 23.004197], [120.217336, 23.004363], [120.217388, 23.00382], [120.216842, 23.003889], [120.216867, 23.003979], [120.216672, 23.003917], [120.215388, 23.00411], [120.215361, 23.00431], [120.215498, 23.004575], [120.215627, 23.00446], [120.215777, 23.004455], [120.215865, 23.004511], [120.215817, 23.004692], [120.215937, 23.004702], [120.215871, 23.00475], [120.216201, 23.004859], [120.216236, 23.004784], [120.216402, 23.004844], [120.216435, 23.004675], [120.216335, 23.004628], [120.216489, 23.004352], [120.216561, 23.00439], [120.216523, 23.004503], [120.216688, 23.004562], [120.216788, 23.004308], [120.216647, 23.004234], [120.216666, 23.004152], [120.21674, 23.004176], [120.216406, 23.004065], [120.21644, 23.004182], [120.216537, 23.004209], [120.21631, 23.004169], [120.216123, 23.004274], [120.215684, 23.004236], [120.215533, 23.004398], [120.215676, 23.004672], [120.215634, 23.004754], [120.215814, 23.004867], [120.215779, 23.004972], [120.215893, 23.005129], [120.215653, 23.005191], [120.215699, 23.005353], [120.215603, 23.005576], [120.215412, 23.005434], [120.215183, 23.005402], [120.215434, 23.005268], [120.215432, 23.005014], [120.215507, 23.004991], [120.215289, 23.004736], [120.216027, 23.004679], [120.216102, 23.004455], [120.21616, 23.004511], [120.216103, 23.004708], [120.216201, 23.004424], [120.216781, 23.004592], [120.216252, 23.005466], [120.216517, 23.005691], [120.216262, 23.005769], [120.215814, 23.005356], [120.215687, 23.005604], [120.215904, 23.005683], [120.214824, 23.004194], [120.214624, 23.004222], [120.21449, 23.003696], [120.214853, 23.003644], [120.218295, 23.003729], [120.218292, 23.003664], [120.218687, 23.003651], [120.218509, 23.003825], [120.218692, 23.003874], [120.218732, 23.004297], [120.218487, 23.004108], [120.218229, 23.004652], [120.218157, 23.004646], [120.218955, 23.004542], [120.218987, 23.004397], [120.219516, 23.004637], [120.219548, 23.004542], [120.21948, 23.004528], [120.219588, 23.004406], [120.219755, 23.004472], [120.219794, 23.004269], [120.219943, 23.004343], [120.219822, 23.004703], [120.21988, 23.004745], [120.219792, 23.00481], [120.220025, 23.004882], [120.219865, 23.005511], [120.220098, 23.005531], [120.220142, 23.005113], [120.220272, 23.004961], [120.220426, 23.004516], [120.220057, 23.004355], [120.22016, 23.004228], [120.220094, 23.004158], [120.219804, 23.004086], [120.219793, 23.003665], [120.220239, 23.003734], [120.22033, 23.003621], [120.220481, 23.003615], [120.220356, 23.004169], [120.220353, 23.004253], [120.220439, 23.004282], [120.220265, 23.004235], [120.220239, 23.003922], [120.219964, 23.00391], [120.220002, 23.003791], [120.220074, 23.003799], [120.219891, 23.003474], [120.219311, 23.003537], [120.219341, 23.00374], [120.219156, 23.003718], [120.219087, 23.003857], [120.219663, 23.004049], [120.219615, 23.003812], [120.219503, 23.003698], [120.219299, 23.004111], [120.218935, 23.004035], [120.218907, 23.003575], [120.219194, 23.003549], [120.219321, 23.004159], [120.219752, 23.004265], [120.219484, 23.00437], [120.219029, 23.004307], [120.218941, 23.00429], [120.218949, 23.004144], [120.218983, 23.005508], [120.219196, 23.005236], [120.219801, 23.005404], [120.219783, 23.005456], [120.219785, 23.005202], [120.219653, 23.00517], [120.219693, 23.005054], [120.219802, 23.005127], [120.219824, 23.005003], [120.21963, 23.004747], [120.219667, 23.004627], [120.219747, 23.004668], [120.219722, 23.004553], [120.219606, 23.004797], [120.219357, 23.004693], [120.219374, 23.004887], [120.219279, 23.00514], [120.219455, 23.005191], [120.219561, 23.004885], [120.220033, 23.004846], [120.220051, 23.004542], [120.220224, 23.004721], [120.22015, 23.00499], [120.220576, 23.004623], [120.220586, 23.004539], [120.220882, 23.004663], [120.221331, 23.004674], [120.221405, 23.004432], [120.221547, 23.0044], [120.22172, 23.004665], [120.22156, 23.004837], [120.22209, 23.004372], [120.221944, 23.004162], [120.222184, 23.003911], [120.222172, 23.003736], [120.22237, 23.003756], [120.222326, 23.003128], [120.222188, 23.003219], [120.222022, 23.003183], [120.222013, 23.00312], [120.22187, 23.003208], [120.221867, 23.003142], [120.221795, 23.003153], [120.221785, 23.003224], [120.22171, 23.003232], [120.221715, 23.00317], [120.221408, 23.003215], [120.221407, 23.003281], [120.221632, 23.003252], [120.221668, 23.003397], [120.221057, 23.003479], [120.221076, 23.003634], [120.221785, 23.003515], [120.221752, 23.003393], [120.22191, 23.003363], [120.221948, 23.003479], [120.222142, 23.003438], [120.222059, 23.003751], [120.221217, 23.003849], [120.221158, 23.003941], [120.220955, 23.00399], [120.220826, 23.004112], [120.22082, 23.004374], [120.22065, 23.004341], [120.220869, 23.004444], [120.220971, 23.004226], [120.221049, 23.004235], [120.221282, 23.00396], [120.220755, 23.003672], [120.220826, 23.003348], [120.221316, 23.003236], [120.22132, 23.003289], [120.220039, 23.00347], [120.220555, 23.003541], [120.220637, 23.004098], [120.222419, 23.004242], [120.222376, 23.003795], [120.222709, 23.003747], [120.222732, 23.003211], [120.222811, 23.003298], [120.222825, 23.003587], [120.223142, 23.003617], [120.223667, 23.003531], [120.223749, 23.003847], [120.223926, 23.003807], [120.223976, 23.004053], [120.224183, 23.004035], [120.224149, 23.00385], [120.224072, 23.003866], [120.224193, 23.003836], [120.224147, 23.003697], [120.223921, 23.003769], [120.223763, 23.002914], [120.224488, 23.002783], [120.224433, 23.002894], [120.223895, 23.002991], [120.22393, 23.003178], [120.224454, 23.003051], [120.224489, 23.002925], [120.22449, 23.00339], [120.224375, 23.003498], [120.224278, 23.003425], [120.224273, 23.003225], [120.224047, 23.003283], [120.224061, 23.003496], [120.224155, 23.003486], [120.224013, 23.003496], [120.224189, 23.003687], [120.224426, 23.003637], [120.224635, 23.004441], [120.22446, 23.004512], [120.224475, 23.004646], [120.22456, 23.004714], [120.224655, 23.004649], [120.224181, 23.004918], [120.224021, 23.004784], [120.224143, 23.004631], [120.224325, 23.004626], [120.224318, 23.004487], [120.22387, 23.004539], [120.223758, 23.004034], [120.224038, 23.004244], [120.224052, 23.004329], [120.22429, 23.004327], [120.223468, 23.004467], [120.223617, 23.004539], [120.223227, 23.004322], [120.223406, 23.00386], [120.223213, 23.003734], [120.222881, 23.003696], [120.222711, 23.003902], [120.222739, 23.00412], [120.222444, 23.004309], [120.222431, 23.004667], [120.222976, 23.00337], [120.223442, 23.00327], [120.223653, 23.00326], [120.223672, 23.003325], [120.22359, 23.002951], [120.222947, 23.003017], [120.222972, 23.003193], [120.223038, 23.003275], [120.223066, 23.003173], [120.2234, 23.00312], [120.223673, 23.003483], [120.222244, 23.002437], [120.21923, 23.00221]]}}, {"type": "Feature", "properties": {"district": "6703400", "segment": 2, "total_segments": 26, "km": 14.12, "villages": ["振興里", "重興里"]}, "geometry": {"type": "LineString", "coordinates": [[120.2205, 23.004721], [120.221263, 23.004903], [120.221179, 23.004977], [120.22079, 23.004909], [120.220816, 23.005037], [120.221113, 23.005096], [120.220889, 23.005324], [120.220998, 23.005496], [120.221148, 23.005491], [120.221201, 23.00558], [120.221089, 23.005776], [120.220683, 23.005383], [120.220559, 23.005506], [120.220477, 23.00547], [120.220782, 23.005674], [120.22081, 23.005899], [120.221105, 23.006035], [120.221078, 23.006106], [120.220983, 23.006177], [120.220275, 23.005537], [120.220106, 23.005698], [120.219844, 23.005761], [120.21986, 23.005857], [120.220158, 23.005745], [120.221244, 23.006751], [120.220763, 23.007469], [120.220292, 23.007172], [120.219964, 23.007067], [120.220281, 23.006779], [120.22024, 23.006574], [120.220631, 23.006337], [120.22071, 23.006407], [120.220538, 23.006521], [120.220623, 23.006603], [120.220869, 23.006559], [120.220927, 23.006635], [120.220761, 23.006739], [120.220896, 23.006789], [120.221303, 23.006591], [120.221701, 23.006074], [120.221593, 23.006031], [120.221714, 23.005836], [120.221532, 23.005734], [120.221453, 23.005972], [120.221318, 23.005897], [120.22145, 23.005667], [120.221358, 23.005594], [120.221207, 23.005929], [120.221291, 23.006084], [120.221259, 23.006188], [120.22107, 23.006264], [120.221525, 23.006843], [120.221456, 23.006954], [120.221593, 23.00705], [120.221665, 23.006712], [120.222313, 23.005766], [120.222591, 23.005985], [120.222607, 23.006078], [120.222522, 23.006118], [120.222282, 23.005964], [120.222414, 23.006181], [120.222343, 23.006213], [120.222784, 23.005936], [120.222382, 23.005686], [120.22249, 23.005539], [120.222644, 23.005476], [120.223054, 23.005748], [120.224068, 23.004959], [120.223493, 23.004652], [120.223447, 23.004769], [120.223342, 23.004731], [120.223316, 23.004826], [120.223762, 23.005081], [120.223866, 23.005], [120.223719, 23.004907], [120.222993, 23.004682], [120.222927, 23.004798], [120.223639, 23.005192], [120.223533, 23.00528], [120.222743, 23.004904], [120.222812, 23.004733], [120.222889, 23.004777], [120.22273, 23.004565], [120.222745, 23.004374], [120.223289, 23.004566], [120.222917, 23.00513], [120.223328, 23.005376], [120.223267, 23.00548], [120.222628, 23.005209], [120.222743, 23.005028], [120.222859, 23.005109], [120.2227, 23.005382], [120.223116, 23.005611], [120.222891, 23.005858], [120.222566, 23.005371], [120.222259, 23.005266], [120.222333, 23.005055], [120.222061, 23.005003], [120.221994, 23.005089], [120.221802, 23.004973], [120.221948, 23.004969], [120.22217, 23.005198], [120.222171, 23.005393], [120.221906, 23.005807], [120.221473, 23.005506], [120.221514, 23.00539], [120.221919, 23.005592], [120.221989, 23.00544], [120.221229, 23.005068], [120.221501, 23.004914], [120.221559, 23.005045], [120.222077, 23.005339], [120.222412, 23.004964], [120.222442, 23.004756], [120.221869, 23.004799], [120.221451, 23.005376], [120.221191, 23.005318], [120.221097, 23.005405], [120.220411, 23.004972], [120.220493, 23.004857], [120.220792, 23.005117], [120.220551, 23.005261], [120.220349, 23.005237], [120.220411, 23.005097], [120.219516, 23.005762], [120.219163, 23.005706], [120.219094, 23.005832], [120.219532, 23.005942], [120.219596, 23.005952], [120.219635, 23.005789], [120.219447, 23.006085], [120.218902, 23.006087], [120.218873, 23.005981], [120.218889, 23.005928], [120.218963, 23.005982], [120.218906, 23.005813], [120.219, 23.005612], [120.219211, 23.005412], [120.219317, 23.005519], [120.219531, 23.006136], [120.219472, 23.006389], [120.220078, 23.006556], [120.220063, 23.006682], [120.219763, 23.00659], [120.219639, 23.006691], [120.21966, 23.006518], [120.219146, 23.006388], [120.219178, 23.006295], [120.219425, 23.006377], [120.219336, 23.006594], [120.219498, 23.006654], [120.21946, 23.006826], [120.21924, 23.006686], [120.219044, 23.006665], [120.219084, 23.006506], [120.219251, 23.006557], [120.219601, 23.006921], [120.219848, 23.006952], [120.219797, 23.006708], [120.219913, 23.006394], [120.21967, 23.006286], [120.220038, 23.005985], [120.220184, 23.006167], [120.220174, 23.006307], [120.220012, 23.006415], [120.220295, 23.006273], [120.220367, 23.006352], [120.220494, 23.006277], [120.220975, 23.00584], [120.221765, 23.005982], [120.221827, 23.005889], [120.220619, 23.007242], [120.220344, 23.007289], [120.218779, 23.006647], [120.222424, 23.008488], [120.222651, 23.008483], [120.22268, 23.00864], [120.222612, 23.008194], [120.222384, 23.008122], [120.222497, 23.008029], [120.222646, 23.008129], [120.222611, 23.007964], [120.223292, 23.007462], [120.223321, 23.007559], [120.223498, 23.007638], [120.22303, 23.008316], [120.222993, 23.008151], [120.222785, 23.007987], [120.222951, 23.007884], [120.223106, 23.008008], [120.22322, 23.007807], [120.223132, 23.007725], [120.223518, 23.007601], [120.223646, 23.007404], [120.223769, 23.007393], [120.224096, 23.006906], [120.224462, 23.006035], [120.223952, 23.005333], [120.223869, 23.005389], [120.224241, 23.00508], [120.224566, 23.005565], [120.22457, 23.005677], [120.224508, 23.005744], [120.224131, 23.005293], [120.224138, 23.004996], [120.223468, 23.007316], [120.223366, 23.007385], [120.226262, 23.007066], [120.22615, 23.006028], [120.227041, 23.005949], [120.227103, 23.005913], [120.227036, 23.005773], [120.227276, 23.005706], [120.227028, 23.004937], [120.226848, 23.004909], [120.226838, 23.004977], [120.227019, 23.005551], [120.226938, 23.005761], [120.22634, 23.005875], [120.226328, 23.005639], [120.226643, 23.005442], [120.226724, 23.005672], [120.226853, 23.005681], [120.226771, 23.005403], [120.226615, 23.005338], [120.226323, 23.00544], [120.22631, 23.005343], [120.226467, 23.005152], [120.226663, 23.005118], [120.22669, 23.005183], [120.226337, 23.004858], [120.226221, 23.004943], [120.226282, 23.005016], [120.22603, 23.005169], [120.225953, 23.00507], [120.226024, 23.005019], [120.225925, 23.004899], [120.225852, 23.004956], [120.225767, 23.004865], [120.225837, 23.00481], [120.225741, 23.004698], [120.225667, 23.004749], [120.22559, 23.004653], [120.225663, 23.004596], [120.225559, 23.004491], [120.225484, 23.00454], [120.225416, 23.004437], [120.225479, 23.004389], [120.22525, 23.004178], [120.225243, 23.00405], [120.225129, 23.004001], [120.224983, 23.003212], [120.22639, 23.002985], [120.226418, 23.003114], [120.226129, 23.003547], [120.225674, 23.003876], [120.225672, 23.003568], [120.225915, 23.003515], [120.225883, 23.003355], [120.225211, 23.00353], [120.225172, 23.003394], [120.226208, 23.003151], [120.226135, 23.003283], [120.225261, 23.00368], [120.225468, 23.004001], [120.225568, 23.00394], [120.225491, 23.003696], [120.22541, 23.004068], [120.225087, 23.004069], [120.225096, 23.004297], [120.225788, 23.004253], [120.225872, 23.004188], [120.225986, 23.004312], [120.225874, 23.004357], [120.226517, 23.004191], [120.226856, 23.004602], [120.226753, 23.004736], [120.226575, 23.004682], [120.226462, 23.00476], [120.226528, 23.004842], [120.226171, 23.005398], [120.225853, 23.005658], [120.225946, 23.005645], [120.226128, 23.005907], [120.226214, 23.00588], [120.226145, 23.005656], [120.226191, 23.005471], [120.226538, 23.005746], [120.226591, 23.00623], [120.226831, 23.006207], [120.22681, 23.006315], [120.226313, 23.006369], [120.226281, 23.006275], [120.226485, 23.006239], [120.226869, 23.006312], [120.227264, 23.006267], [120.227236, 23.006162], [120.226963, 23.006218], [120.227007, 23.006598], [120.227271, 23.00656], [120.227303, 23.006671], [120.226397, 23.006771], [120.226349, 23.006662], [120.226942, 23.006602], [120.226989, 23.006843], [120.226416, 23.006901], [120.22642, 23.007038], [120.227022, 23.006996], [120.227322, 23.006935], [120.227322, 23.006804], [120.227043, 23.006836], [120.227359, 23.004192], [120.226842, 23.004126], [120.226645, 23.003581], [120.226598, 23.002976], [120.227368, 23.002453], [120.227303, 23.002323], [120.227241, 23.002347], [120.22765, 23.002147], [120.227869, 23.001749], [120.227939, 23.0019], [120.228061, 23.001764], [120.22818, 23.001886], [120.228381, 23.002137], [120.228387, 23.00235], [120.228224, 23.0022], [120.227966, 23.002289], [120.227777, 23.002416], [120.227723, 23.0026], [120.228067, 23.002726], [120.228178, 23.002592], [120.228119, 23.002499], [120.228721, 23.00265], [120.228702, 23.003012], [120.228796, 23.003143], [120.228511, 23.003225], [120.228596, 23.003356], [120.228551, 23.00358], [120.228805, 23.00349], [120.228247, 23.00326], [120.228189, 23.003128], [120.227889, 23.002989], [120.227809, 23.002843], [120.227332, 23.003014], [120.227657, 23.003338], [120.227891, 23.003743], [120.226765, 23.002598], [120.226557, 23.002723], [120.226396, 23.002656], [120.225763, 23.002748], [120.225748, 23.002635], [120.227075, 23.002391], [120.226393, 23.002786], [120.225783, 23.002908], [120.225011, 23.003014], [120.224963, 23.002765], [120.225701, 23.002639], [120.22564, 23.002772], [120.225116, 23.002866], [120.225016, 23.003061]]}}, {"type": "Feature", "properties": {"district": "6703400", "segment": 3, "total_segments": 26, "km": 14.04, "villages": ["東興里", "力行里"]}, "geometry": {"type": "LineString", "coordinates": [[120.226644, 23.001706], [120.226938, 23.001522], [120.22742, 23.001377], [120.227502, 23.001212], [120.227377, 23.00115], [120.227358, 23.001005], [120.22754, 23.000924], [120.227628, 23.000971], [120.22775, 23.000838], [120.227933, 23.000405], [120.227838, 23.00034], [120.227871, 23.00021], [120.227795, 23.000128], [120.227974, 23.000067], [120.22801, 23.000153], [120.227807, 23.000398], [120.227708, 23.000684], [120.227633, 23.000394], [120.227533, 23.000428], [120.227506, 23.000347], [120.227713, 23.000307], [120.227734, 23.00038], [120.227689, 23.000197], [120.226826, 23.000468], [120.226829, 23.000616], [120.227009, 23.000604], [120.227321, 23.000502], [120.227389, 23.000385], [120.227563, 23.000775], [120.227249, 23.000849], [120.227215, 23.000721], [120.227467, 23.000646], [120.227094, 23.000834], [120.227142, 23.000959], [120.226911, 23.000944], [120.226934, 23.00103], [120.226873, 23.000785], [120.227056, 23.000794], [120.227295, 23.001017], [120.227816, 23.001169], [120.227857, 23.001096], [120.227939, 23.001129], [120.227858, 23.001263], [120.227967, 23.001073], [120.227872, 23.001], [120.228109, 23.000725], [120.228239, 23.000337], [120.228261, 23.000038], [120.228385, 22.999964], [120.229121, 22.999784], [120.228524, 23.000174], [120.228472, 23.000125], [120.228365, 23.000323], [120.228692, 23.000292], [120.229051, 23.000109], [120.229405, 23.000296], [120.229714, 22.999947], [120.230347, 22.999825], [120.230383, 23.000095], [120.23027, 23.000014], [120.230222, 23.000114], [120.229757, 23.000202], [120.229994, 23.000581], [120.229899, 23.000677], [120.229726, 23.000514], [120.229373, 23.000856], [120.229502, 23.000876], [120.229664, 23.001034], [120.23025, 23.000596], [120.230852, 23.00053], [120.230898, 23.000202], [120.231028, 22.99999], [120.231698, 23.000054], [120.231701, 22.999927], [120.23189, 22.99998], [120.231932, 22.99988], [120.231376, 22.99969], [120.231322, 22.999811], [120.231622, 22.999903], [120.231208, 22.999903], [120.231239, 22.999725], [120.231083, 22.999728], [120.231027, 22.999887], [120.230714, 22.999747], [120.230581, 22.999797], [120.230705, 23.000151], [120.230662, 23.000412], [120.23041, 23.000449], [120.230393, 23.000249], [120.230212, 23.000421], [120.230249, 23.000492], [120.230072, 23.000265], [120.22976, 23.000487], [120.229622, 23.000762], [120.229715, 23.000844], [120.229601, 23.001087], [120.228333, 23.000953], [120.228319, 23.001315], [120.228135, 23.001257], [120.22818, 23.001132], [120.228013, 23.000997], [120.228395, 23.0007], [120.228438, 23.000579], [120.229524, 22.999819], [120.230052, 22.999652], [120.230275, 22.999659], [120.2301, 22.999469], [120.229576, 22.999628], [120.230325, 22.999757], [120.230539, 22.999692], [120.23057, 22.999762], [120.230357, 22.999397], [120.230549, 22.999347], [120.231047, 22.999673], [120.231119, 22.99951], [120.230887, 22.9994], [120.230911, 22.999228], [120.231715, 22.998996], [120.231984, 22.998996], [120.231964, 22.999493], [120.232078, 22.999557], [120.232192, 22.999495], [120.23215, 22.999021], [120.232534, 22.999111], [120.232674, 22.999236], [120.232573, 22.998933], [120.23269, 22.998915], [120.232662, 23.000005], [120.232337, 22.999828], [120.232143, 22.999841], [120.232055, 22.999761], [120.232112, 22.999646], [120.231331, 22.999508], [120.231431, 22.999327], [120.231757, 22.999248], [120.2318, 22.999462], [120.232299, 22.999671], [120.232235, 22.999997], [120.231864, 23.000093], [120.231831, 23.000289], [120.231973, 23.000282], [120.231951, 23.000465], [120.2314, 23.000348], [120.231367, 23.000215], [120.231173, 23.000181], [120.231102, 23.000542], [120.231283, 23.000436], [120.231386, 23.000538], [120.23202, 23.000649], [120.232011, 23.000476], [120.232445, 23.0006], [120.23244, 23.000815], [120.232664, 23.000864], [120.23268, 23.000746], [120.231669, 23.000196], [120.230805, 22.999999], [120.230713, 22.999278], [120.23084, 22.999225], [120.223172, 23.001267], [120.227479, 23.004424], [120.227631, 23.004328], [120.227749, 23.004375], [120.227762, 23.004509], [120.22862, 23.004335], [120.228431, 23.004176], [120.228396, 23.00428], [120.22828, 23.00414], [120.228063, 23.004302], [120.228115, 23.00459], [120.227671, 23.004678], [120.227692, 23.00476], [120.22948, 23.004587], [120.229572, 23.00465], [120.229527, 23.004812], [120.228919, 23.004856], [120.228926, 23.004934], [120.22969, 23.004854], [120.22971, 23.004994], [120.229597, 23.005102], [120.228237, 23.005186], [120.228291, 23.005285], [120.228824, 23.005246], [120.228859, 23.005425], [120.228324, 23.005457], [120.229078, 23.005528], [120.229037, 23.005241], [120.229584, 23.00519], [120.229655, 23.005472], [120.229211, 23.005513], [120.229187, 23.005611], [120.229877, 23.005582], [120.229957, 23.006167], [120.229907, 23.006448], [120.229198, 23.006471], [120.229247, 23.007349], [120.229371, 23.007365], [120.229347, 23.007052], [120.229851, 23.007016], [120.229816, 23.007125], [120.229505, 23.007141], [120.229533, 23.007359], [120.229832, 23.007362], [120.229814, 23.007447], [120.229365, 23.00745], [120.22934, 23.007577], [120.229185, 23.007598], [120.229228, 23.007683], [120.229776, 23.007614], [120.229686, 23.007893], [120.229178, 23.007945], [120.229247, 23.008029], [120.229797, 23.007958], [120.229785, 23.007881], [120.229814, 23.008206], [120.229256, 23.008273], [120.229294, 23.008359], [120.229129, 23.008393], [120.229244, 23.008606], [120.229342, 23.008629], [120.229512, 23.008592], [120.229252, 23.008465], [120.229385, 23.00835], [120.22979, 23.008306], [120.229634, 23.008418], [120.22976, 23.008695], [120.229602, 23.008947], [120.229448, 23.008975], [120.22943, 23.008891], [120.22931, 23.008857], [120.229115, 23.008912], [120.229118, 23.008822], [120.22924, 23.008786], [120.229524, 23.008736], [120.229357, 23.009033], [120.228861, 23.009139], [120.228896, 23.00924], [120.229284, 23.009158], [120.229252, 23.009344], [120.228868, 23.009459], [120.229031, 23.009606], [120.229121, 23.009458], [120.229296, 23.009525], [120.229528, 23.009159], [120.22904, 23.008738], [120.228948, 23.008457], [120.228817, 23.008469], [120.228781, 23.008335], [120.229102, 23.008257], [120.229005, 23.008204], [120.229122, 23.008147], [120.229029, 23.007807], [120.229174, 23.007692], [120.229036, 23.007595], [120.229034, 23.007461], [120.228938, 23.007455], [120.228933, 23.007095], [120.228688, 23.007113], [120.228678, 23.007037], [120.228936, 23.007005], [120.228877, 23.006449], [120.228975, 23.006441], [120.229047, 23.007367], [120.22883, 23.007725], [120.227706, 23.008005], [120.227976, 23.008366], [120.227762, 23.008448], [120.227921, 23.008508], [120.227988, 23.00863], [120.228129, 23.008535], [120.228057, 23.008428], [120.22821, 23.008378], [120.228266, 23.008456], [120.22816, 23.008221], [120.22871, 23.008073], [120.228678, 23.007949], [120.228051, 23.008131], [120.227855, 23.008381], [120.227581, 23.008165], [120.227221, 23.007704], [120.227385, 23.007638], [120.227682, 23.007977], [120.227732, 23.007822], [120.227391, 23.007589], [120.227265, 23.007393], [120.227393, 23.007261], [120.228448, 23.007722], [120.228736, 23.007599], [120.228723, 23.008136], [120.228856, 23.008815], [120.228735, 23.008682], [120.228374, 23.008818], [120.228419, 23.008879], [120.228306, 23.008746], [120.228159, 23.008829], [120.228373, 23.009088], [120.228494, 23.009006], [120.228531, 23.009091], [120.228407, 23.009192], [120.228303, 23.009134], [120.228669, 23.009375], [120.22863, 23.009511], [120.228269, 23.009378], [120.228198, 23.009433], [120.228754, 23.009647], [120.228838, 23.009739], [120.228713, 23.009873], [120.228024, 23.009588], [120.228148, 23.00942], [120.228747, 23.009567], [120.228087, 23.008725], [120.227941, 23.008646], [120.22932, 23.006855], [120.229868, 23.006839], [120.229846, 23.006745], [120.229316, 23.006775], [120.229304, 23.006573], [120.229927, 23.006543], [120.229901, 23.006736], [120.229785, 23.006202], [120.22926, 23.006241], [120.229254, 23.006156], [120.229639, 23.006129], [120.229731, 23.005907], [120.229222, 23.005927], [120.229215, 23.005821], [120.229731, 23.005793], [120.229094, 23.005631], [120.228826, 23.004961], [120.228218, 23.005003], [120.228203, 23.004892], [120.228812, 23.004856], [120.228895, 23.004548], [120.229397, 23.004502], [120.229485, 23.004416], [120.229323, 23.004192], [120.228871, 23.004259], [120.228783, 23.00409], [120.228698, 23.004167], [120.22872, 23.003994], [120.22922, 23.003742], [120.229338, 23.003944], [120.229218, 23.003923], [120.229169, 23.004149], [120.228963, 23.004179], [120.228734, 23.003879], [120.229234, 23.003661], [120.228344, 23.004065], [120.228369, 23.00455], [120.228178, 23.004574], [120.228777, 23.00452], [120.227497, 23.004509], [120.227521, 23.00478], [120.227648, 23.004765], [120.227272, 23.004846], [120.227896, 23.006176]]}}, {"type": "Feature", "properties": {"district": "6703400", "segment": 4, "total_segments": 26, "km": 10.58, "villages": ["合興里"]}, "geometry": {"type": "LineString", "coordinates": [[120.227094, 23.007144], [120.225926, 23.007244], [120.2258, 23.007286], [120.22573, 23.007568], [120.226861, 23.007841], [120.226904, 23.007482], [120.226246, 23.007546], [120.225939, 23.007481], [120.225954, 23.007387], [120.227151, 23.00733], [120.22712, 23.007475], [120.226999, 23.007502], [120.226998, 23.007922], [120.22759, 23.008417], [120.227489, 23.008526], [120.226823, 23.007977], [120.226095, 23.007784], [120.226046, 23.007925], [120.226845, 23.008205], [120.2274, 23.008667], [120.227287, 23.008751], [120.226758, 23.008344], [120.226694, 23.008456], [120.227909, 23.009454], [120.228174, 23.009199], [120.227547, 23.008717], [120.227452, 23.008795], [120.227929, 23.009239], [120.227778, 23.009541], [120.227294, 23.009992], [120.227894, 23.009833], [120.227998, 23.009761], [120.227887, 23.009667], [120.228155, 23.00983], [120.227518, 23.009415], [120.226975, 23.010018], [120.226801, 23.00986], [120.227312, 23.009261], [120.22756, 23.009362], [120.227075, 23.009116], [120.226766, 23.009486], [120.226613, 23.00954], [120.226448, 23.009409], [120.226778, 23.009164], [120.226919, 23.008871], [120.227053, 23.008945], [120.2266, 23.008622], [120.226493, 23.00876], [120.226743, 23.008934], [120.226618, 23.009049], [120.225766, 23.00853], [120.225686, 23.008697], [120.225487, 23.008751], [120.225106, 23.008299], [120.224438, 23.008619], [120.22443, 23.008741], [120.224548, 23.008768], [120.224629, 23.008926], [120.224452, 23.008978], [120.224371, 23.009267], [120.224617, 23.00944], [120.225136, 23.009587], [120.225182, 23.009506], [120.225137, 23.009429], [120.225005, 23.009425], [120.224817, 23.008568], [120.224978, 23.00875], [120.225092, 23.008747], [120.225076, 23.008643], [120.225193, 23.00867], [120.225536, 23.009117], [120.225378, 23.009283], [120.225102, 23.009243], [120.225071, 23.009131], [120.225375, 23.009075], [120.22527, 23.008968], [120.225049, 23.008986], [120.225104, 23.008837], [120.224718, 23.008856], [120.224643, 23.008677], [120.224856, 23.009398], [120.224648, 23.009343], [120.224647, 23.009204], [120.224518, 23.009204], [120.224541, 23.009088], [120.224653, 23.009062], [120.224683, 23.009186], [120.224399, 23.009418], [120.224776, 23.009675], [120.225012, 23.009709], [120.224746, 23.009781], [120.224614, 23.009901], [120.225502, 23.010488], [120.225978, 23.010889], [120.225928, 23.010936], [120.226009, 23.011014], [120.226264, 23.010683], [120.225552, 23.009948], [120.22546, 23.009907], [120.225259, 23.010155], [120.22551, 23.010308], [120.225569, 23.010228], [120.225462, 23.010119], [120.225546, 23.009765], [120.22644, 23.010658], [120.226545, 23.010562], [120.225689, 23.009613], [120.225588, 23.009706], [120.225424, 23.009647], [120.226094, 23.009138], [120.226313, 23.009314], [120.226448, 23.009205], [120.226236, 23.009531], [120.225983, 23.009704], [120.226583, 23.010343], [120.226727, 23.010178], [120.226485, 23.009942], [120.226596, 23.009864], [120.2265, 23.00975], [120.226297, 23.009887], [120.226436, 23.009973], [120.226225, 23.009732], [120.226378, 23.009626], [120.226183, 23.009769], [120.225791, 23.009533], [120.225887, 23.009441], [120.226001, 23.00955], [120.226158, 23.009439], [120.226096, 23.009323], [120.226, 23.009367], [120.225554, 23.008872], [120.225811, 23.008821], [120.225879, 23.008724], [120.226065, 23.008848], [120.225923, 23.009061], [120.225848, 23.008941], [120.22578, 23.008972], [120.225702, 23.009301], [120.225569, 23.009303], [120.225461, 23.009417], [120.225184, 23.009414], [120.225359, 23.009467], [120.225396, 23.009679], [120.225287, 23.009847], [120.224581, 23.009867], [120.223243, 23.008921], [120.224145, 23.007604], [120.224757, 23.007724], [120.224208, 23.00771], [120.224234, 23.007807], [120.224966, 23.007876], [120.225018, 23.007755], [120.225441, 23.00782], [120.225642, 23.0072], [120.225569, 23.006494], [120.22501, 23.006558], [120.224965, 23.006402], [120.226045, 23.006273], [120.226085, 23.007062], [120.225819, 23.007082], [120.225767, 23.006573], [120.225799, 23.006492], [120.225931, 23.006482], [120.225617, 23.006474], [120.225383, 23.006634], [120.225454, 23.007214], [120.225321, 23.00765], [120.225421, 23.007925], [120.225125, 23.007906], [120.225238, 23.008039], [120.224878, 23.008227], [120.224763, 23.008213], [120.224592, 23.00795], [120.224555, 23.008045], [120.224341, 23.008143], [120.224248, 23.007934], [120.224389, 23.007956], [120.224122, 23.008094], [120.224324, 23.008432], [120.22435, 23.008511], [120.22428, 23.008532], [120.223985, 23.008095], [120.224058, 23.007995], [120.224099, 23.008065], [120.223902, 23.008198], [120.224136, 23.008619], [120.224209, 23.008592], [120.224028, 23.008668], [120.223841, 23.008328], [120.223742, 23.008455], [120.223959, 23.008702], [120.223788, 23.00881], [120.223664, 23.008553], [120.22357, 23.008647], [120.223621, 23.008791], [120.223499, 23.008964], [120.223703, 23.008869], [120.223844, 23.008949], [120.224277, 23.008725], [120.224385, 23.008761], [120.224208, 23.008887], [120.224152, 23.009172], [120.224278, 23.009161], [120.224302, 23.009009], [120.224011, 23.008967], [120.224012, 23.009156], [120.224297, 23.00937], [120.224388, 23.008494], [120.224732, 23.008318], [120.224641, 23.008188], [120.224433, 23.008285], [120.224753, 23.007997], [120.224847, 23.007992], [120.225066, 23.007298], [120.225292, 23.007325], [120.225316, 23.007165], [120.22506, 23.007133], [120.225019, 23.006929], [120.225279, 23.006896], [120.225204, 23.006641], [120.225012, 23.006667], [120.225035, 23.00681], [120.224689, 23.006751], [120.224575, 23.006953], [120.224563, 23.007008], [120.224913, 23.006933], [120.224882, 23.007058], [120.225241, 23.007033], [120.225246, 23.007107], [120.224711, 23.006695], [120.224873, 23.006412], [120.224819, 23.006369], [120.225217, 23.006108], [120.225301, 23.006211], [120.225198, 23.006074], [120.225765, 23.005699], [120.225963, 23.006117], [120.225699, 23.006046], [120.225723, 23.006155], [120.225569, 23.006167], [120.225523, 23.006107], [120.225603, 23.005949], [120.224954, 23.005986], [120.224291, 23.007393], [120.225166, 23.008261], [120.225522, 23.008086], [120.226304, 23.008357], [120.226329, 23.008422], [120.226046, 23.008239], [120.225901, 23.008357], [120.226363, 23.008668], [120.226577, 23.008228], [120.22562, 23.007921], [120.225916, 23.007739], [120.225511, 23.008624], [120.225036, 23.008439], [120.224975, 23.008537], [120.226699, 23.009689], [120.227527, 23.008554], [120.227698, 23.008566], [120.229076, 23.009927], [120.22903, 23.009997]]}}, {"type": "Feature", "properties": {"district": "6703400", "segment": 5, "total_segments": 26, "km": 14.03, "villages": ["元寶里", "開元里"]}, "geometry": {"type": "LineString", "coordinates": [[120.225903, 23.011274], [120.223915, 23.009774], [120.223563, 23.010117], [120.22337, 23.01006], [120.223327, 23.010311], [120.223564, 23.010371], [120.22347, 23.011025], [120.2232, 23.011011], [120.223199, 23.010924], [120.223242, 23.010654], [120.223475, 23.010606], [120.223358, 23.010742], [120.223337, 23.010929], [120.223338, 23.011095], [120.223465, 23.011104], [120.223423, 23.01127], [120.223202, 23.011086], [120.223134, 23.011537], [120.223406, 23.011579], [120.223426, 23.011441], [120.223283, 23.011469], [120.223282, 23.01305], [120.223231, 23.013063], [120.223797, 23.013047], [120.223734, 23.012982], [120.223759, 23.012262], [120.223781, 23.012028], [120.223912, 23.011952], [120.223897, 23.011818], [120.223476, 23.011859], [120.22344, 23.011723], [120.223738, 23.011743], [120.223853, 23.011671], [120.223959, 23.01171], [120.224, 23.011948], [120.224186, 23.011946], [120.224194, 23.011815], [120.224117, 23.01181], [120.224088, 23.011708], [120.224162, 23.011709], [120.224193, 23.011534], [120.223768, 23.011471], [120.223765, 23.011604], [120.223598, 23.011589], [120.223617, 23.011091], [120.223661, 23.010746], [120.223999, 23.0108], [120.223929, 23.011232], [120.224082, 23.011274], [120.224202, 23.011214], [120.224383, 23.010511], [120.224508, 23.010319], [120.2243, 23.010246], [120.224281, 23.010608], [120.224606, 23.010911], [120.224522, 23.011383], [120.224644, 23.011626], [120.224793, 23.011643], [120.224764, 23.011756], [120.224682, 23.011755], [120.224684, 23.011865], [120.224769, 23.011861], [120.224387, 23.011873], [120.224388, 23.011723], [120.224514, 23.011723], [120.224268, 23.011544], [120.224808, 23.011477], [120.224691, 23.010964], [120.225638, 23.01139], [120.223597, 23.012353], [120.223052, 23.012433], [120.222982, 23.013274], [120.223838, 23.013246], [120.223669, 23.01335], [120.223675, 23.01342], [120.223066, 23.013386], [120.223394, 23.012939], [120.223617, 23.01294], [120.223031, 23.012251], [120.223464, 23.009443], [120.223026, 23.009523], [120.222928, 23.009385], [120.222754, 23.009361], [120.222696, 23.009444], [120.222818, 23.009485], [120.222784, 23.009641], [120.222355, 23.009596], [120.222253, 23.009687], [120.222151, 23.009925], [120.222506, 23.009889], [120.222396, 23.009933], [120.222488, 23.010083], [120.222556, 23.009992], [120.222769, 23.009981], [120.222763, 23.0101], [120.222635, 23.010119], [120.222602, 23.010311], [120.222552, 23.010202], [120.222449, 23.010181], [120.222407, 23.010372], [120.222263, 23.010344], [120.22229, 23.010053], [120.222117, 23.010039], [120.222059, 23.010208], [120.221977, 23.01019], [120.222013, 23.009864], [120.221797, 23.009849], [120.221793, 23.009928], [120.221632, 23.00984], [120.221651, 23.00998], [120.22151, 23.010049], [120.22136, 23.009992], [120.221326, 23.010135], [120.221601, 23.010253], [120.221848, 23.010076], [120.221842, 23.010251], [120.221946, 23.010285], [120.223053, 23.010461], [120.223121, 23.009938], [120.22302, 23.009878], [120.22303, 23.009764], [120.22282, 23.009747], [120.222839, 23.009651], [120.223038, 23.009617], [120.222701, 23.009736], [120.222416, 23.009694], [120.222728, 23.009198], [120.222692, 23.00915], [120.222843, 23.00901], [120.223059, 23.009255], [120.222552, 23.009058], [120.222363, 23.009379], [120.222314, 23.009236], [120.222061, 23.009099], [120.221931, 23.009109], [120.221691, 23.008829], [120.221746, 23.008782], [120.221492, 23.008877], [120.221598, 23.008893], [120.221646, 23.008949], [120.221586, 23.008991], [120.221695, 23.009004], [120.221738, 23.009164], [120.221794, 23.009119], [120.221882, 23.009219], [120.221646, 23.009318], [120.221596, 23.009262], [120.221653, 23.009221], [120.221501, 23.009151], [120.221515, 23.009052], [120.221449, 23.009093], [120.221356, 23.008981], [120.221419, 23.008939], [120.221456, 23.008991], [120.221316, 23.009089], [120.221161, 23.008952], [120.221097, 23.008999], [120.220954, 23.008942], [120.221729, 23.008387], [120.221004, 23.007936], [120.22091, 23.008024], [120.220785, 23.009059], [120.220857, 23.009168], [120.220935, 23.009115], [120.221228, 23.009443], [120.221243, 23.009589], [120.220992, 23.009551], [120.220972, 23.009653], [120.221212, 23.009682], [120.221187, 23.009848], [120.22094, 23.009804], [120.2209, 23.009908], [120.221191, 23.009947], [120.221068, 23.010139], [120.22063, 23.010113], [120.220649, 23.010014], [120.22074, 23.010027], [120.220788, 23.009825], [120.220683, 23.009814], [120.220703, 23.009699], [120.220807, 23.00971], [120.220685, 23.009552], [120.220719, 23.009367], [120.220963, 23.00933], [120.221034, 23.009434], [120.220863, 23.009479], [120.221216, 23.009241], [120.221469, 23.009581], [120.221405, 23.009892], [120.221696, 23.009699], [120.221709, 23.009589], [120.221339, 23.009125], [120.221189, 23.009204], [120.221123, 23.009133], [120.221339, 23.008834], [120.22187, 23.008452], [120.2226, 23.008871], [120.222378, 23.009138], [120.222162, 23.009002], [120.221994, 23.009414], [120.222005, 23.00977], [120.221815, 23.009725], [120.221748, 23.009325], [120.222881, 23.009922], [120.222841, 23.012017], [120.222476, 23.01204], [120.222501, 23.012202], [120.222626, 23.012238], [120.222648, 23.012336], [120.222347, 23.012368], [120.222377, 23.012495], [120.222829, 23.012447], [120.22284, 23.012605], [120.22191, 23.012773], [120.221219, 23.012799], [120.221252, 23.012878], [120.221916, 23.012845], [120.222083, 23.012909], [120.222781, 23.012802], [120.222759, 23.013042], [120.222632, 23.012989], [120.222009, 23.013107], [120.22125, 23.013135], [120.221278, 23.013239], [120.222706, 23.013211], [120.222481, 23.01331], [120.222514, 23.013656], [120.222422, 23.013587], [120.222126, 23.013717], [120.22213, 23.013828], [120.22216, 23.0139], [120.222421, 23.013828], [120.222547, 23.013951], [120.223297, 23.013952], [120.223303, 23.014115], [120.222923, 23.014151], [120.223101, 23.014312], [120.223168, 23.014252], [120.223831, 23.014323], [120.223902, 23.014247], [120.223447, 23.014225], [120.22343, 23.014029], [120.223921, 23.014037], [120.223917, 23.013966], [120.224078, 23.013971], [120.224023, 23.014037], [120.224193, 23.014098], [120.224226, 23.014045], [120.224206, 23.013764], [120.223462, 23.013738], [120.223436, 23.013929], [120.223857, 23.013963], [120.224123, 23.014188], [120.224068, 23.014267], [120.224142, 23.014344], [120.224374, 23.014024], [120.224497, 23.013997], [120.224407, 23.013851], [120.224562, 23.014078], [120.224543, 23.014188], [120.224302, 23.014454], [120.224206, 23.014729], [120.224057, 23.014716], [120.224022, 23.014524], [120.224101, 23.014405], [120.223931, 23.014356], [120.223329, 23.014401], [120.223418, 23.014728], [120.22272, 23.014693], [120.222705, 23.014505], [120.222608, 23.014584], [120.222307, 23.014561], [120.222344, 23.014235], [120.222718, 23.014145], [120.222793, 23.014243], [120.222653, 23.014235], [120.222854, 23.014321], [120.222484, 23.014487], [120.222475, 23.014742], [120.222687, 23.014744], [120.222142, 23.014712], [120.22202, 23.014196], [120.221566, 23.014109], [120.221403, 23.01415], [120.221219, 23.01398], [120.221224, 23.01386], [120.221384, 23.013861], [120.221359, 23.013789], [120.221693, 23.013795], [120.221767, 23.013886], [120.221822, 23.013821], [120.222024, 23.013823], [120.222158, 23.013572], [120.221974, 23.013345], [120.222035, 23.013292], [120.221867, 23.013359], [120.221743, 23.013615], [120.221364, 23.013587], [120.22155, 23.013555], [120.22167, 23.013375], [120.221228, 23.013407], [120.221217, 23.013769], [120.221098, 23.01374], [120.221083, 23.013822], [120.221086, 23.014558], [120.221206, 23.014148], [120.220813, 23.014152], [120.220895, 23.014246], [120.220968, 23.014253], [120.220985, 23.013954], [120.220755, 23.013945], [120.220748, 23.013851], [120.220976, 23.013858], [120.221095, 23.013703], [120.221094, 23.013264], [120.221213, 23.013347], [120.220941, 23.013273], [120.220598, 23.013295], [120.220585, 23.013221], [120.220507, 23.013227], [120.220961, 23.01319], [120.221105, 23.013067], [120.221116, 23.012924], [120.220363, 23.012971], [120.220133, 23.013206], [120.220315, 23.013244], [120.220498, 23.013506], [120.220443, 23.013595], [120.220934, 23.013623], [120.220921, 23.013541], [120.220625, 23.013535], [120.220557, 23.013843], [120.22165, 23.014109], [120.222226, 23.014048], [120.222359, 23.014111], [120.222384, 23.013936], [120.222694, 23.013864], [120.223028, 23.013891], [120.22302, 23.013763], [120.223164, 23.013779], [120.222746, 23.013468], [120.222726, 23.01376], [120.222656, 23.013753], [120.222274, 23.014233], [120.221875, 23.015185], [120.221294, 23.014791], [120.221211, 23.012891], [120.221101, 23.012821], [120.220978, 23.012174], [120.220872, 23.01223], [120.220751, 23.012185], [120.220809, 23.012236], [120.220483, 23.012207], [120.220497, 23.012256], [120.220333, 23.012176], [120.220387, 23.011305], [120.220624, 23.011503], [120.220463, 23.011475], [120.220426, 23.011679], [120.220799, 23.011734], [120.220791, 23.011797], [120.220463, 23.011749], [120.220501, 23.011939], [120.220694, 23.012002], [120.220466, 23.012006], [120.220735, 23.011958], [120.220818, 23.012011], [120.220801, 23.011958], [120.220938, 23.012017], [120.220883, 23.012016], [120.220902, 23.011812], [120.221112, 23.011986], [120.22119, 23.012581], [120.221934, 23.012516], [120.221935, 23.01242], [120.221325, 23.012477], [120.221303, 23.012284], [120.221898, 23.012165], [120.221892, 23.012084], [120.221298, 23.012181], [120.221273, 23.011973], [120.22199, 23.012042], [120.222009, 23.01223], [120.222199, 23.012212], [120.222189, 23.012047], [120.222297, 23.012019], [120.22232, 23.012228], [120.222086, 23.0124], [120.222049, 23.012527], [120.222335, 23.012501], [120.222613, 23.012137], [120.22284, 23.012292], [120.220701, 23.012476], [120.220606, 23.012426], [120.220876, 23.012399], [120.220899, 23.012686], [120.220445, 23.012664], [120.220266, 23.012729], [120.220274, 23.012861], [120.220721, 23.012871], [120.221011, 23.012846], [120.220959, 23.012633], [120.220545, 23.012428], [120.220356, 23.012491], [120.220364, 23.012412], [120.220265, 23.012663], [120.220109, 23.012744], [120.220126, 23.012949], [120.22047, 23.011177], [120.220644, 23.0112], [120.220479, 23.011125], [120.220514, 23.010885], [120.220648, 23.010911], [120.220476, 23.010821], [120.220483, 23.010726], [120.220628, 23.010578], [120.220719, 23.010595], [120.220583, 23.010461], [120.220664, 23.010272], [120.22074, 23.010276]]}}, {"type": "Feature", "properties": {"district": "6703400", "segment": 6, "total_segments": 26, "km": 14.85, "villages": ["長勝里", "大興里"]}, "geometry": {"type": "LineString", "coordinates": [[120.220296, 23.010282], [120.220166, 23.010765], [120.219249, 23.010641], [120.219168, 23.010549], [120.219179, 23.01037], [120.219284, 23.010364], [120.219417, 23.010174], [120.220078, 23.00971], [120.220192, 23.009765], [120.220352, 23.00972], [120.220359, 23.009977], [120.220091, 23.009939], [120.219949, 23.010219], [120.219874, 23.010209], [120.219731, 23.010392], [120.219383, 23.010372], [120.219403, 23.010472], [120.219258, 23.010469], [120.219151, 23.010718], [120.219241, 23.010811], [120.218866, 23.01084], [120.218902, 23.010968], [120.219072, 23.010969], [120.219108, 23.011052], [120.218972, 23.011054], [120.218942, 23.011452], [120.218877, 23.011277], [120.218745, 23.011265], [120.218587, 23.010982], [120.218667, 23.010897], [120.218901, 23.011077], [120.218736, 23.011071], [120.218603, 23.010811], [120.21851, 23.010894], [120.218335, 23.010689], [120.220296, 23.00925], [120.22031, 23.009186], [120.220206, 23.009158], [120.218287, 23.010539], [120.218311, 23.010708], [120.21893, 23.010608], [120.219705, 23.01078], [120.219692, 23.010915], [120.219751, 23.010918], [120.219237, 23.010908], [120.219236, 23.011251], [120.220125, 23.011353], [120.220143, 23.011151], [120.219836, 23.011089], [120.219839, 23.011025], [120.220123, 23.011051], [120.220204, 23.010856], [120.219848, 23.010812], [120.219741, 23.010498], [120.219493, 23.010477], [120.219487, 23.010244], [120.219654, 23.010236], [120.219987, 23.010392], [120.220087, 23.010447], [120.220072, 23.010527], [120.220089, 23.010254], [120.220021, 23.010244], [120.220268, 23.010251], [120.220415, 23.009562], [120.220416, 23.009486], [120.220271, 23.009562], [120.220365, 23.008805], [120.220492, 23.008743], [120.220598, 23.007826], [120.220447, 23.007938], [120.220392, 23.008668], [120.219994, 23.007943], [120.219889, 23.007504], [120.219971, 23.007394], [120.218427, 23.006942], [120.218295, 23.006787], [120.217153, 23.006366], [120.217651, 23.007038], [120.217731, 23.006951], [120.217809, 23.006982], [120.217744, 23.007183], [120.217827, 23.007266], [120.217948, 23.007336], [120.217995, 23.007254], [120.218182, 23.007237], [120.218576, 23.007384], [120.218427, 23.007513], [120.218043, 23.007373], [120.217904, 23.007218], [120.217987, 23.007014], [120.217674, 23.006868], [120.217353, 23.006943], [120.216974, 23.006894], [120.21693, 23.006997], [120.216657, 23.006982], [120.216417, 23.006793], [120.216289, 23.00705], [120.216141, 23.007052], [120.215985, 23.007405], [120.21644, 23.007536], [120.216286, 23.007801], [120.216736, 23.007386], [120.216373, 23.007381], [120.21643, 23.007266], [120.216045, 23.007033], [120.215949, 23.00703], [120.215906, 23.00713], [120.215599, 23.006965], [120.215889, 23.006975], [120.215998, 23.007135], [120.215951, 23.007228], [120.215972, 23.006728], [120.216489, 23.006637], [120.216629, 23.006227], [120.21682, 23.006381], [120.216978, 23.00633], [120.216872, 23.00654], [120.216729, 23.006584], [120.215582, 23.0062], [120.215421, 23.006444], [120.215382, 23.006244], [120.215216, 23.006199], [120.215203, 23.006066], [120.215301, 23.005933], [120.215441, 23.005979], [120.215463, 23.00592], [120.215414, 23.006044], [120.215514, 23.005819], [120.214902, 23.005533], [120.218081, 23.007043], [120.218057, 23.007581], [120.218289, 23.007732], [120.218241, 23.007804], [120.218533, 23.007872], [120.218549, 23.007802], [120.218455, 23.007763], [120.218663, 23.007805], [120.218686, 23.007734], [120.218588, 23.008174], [120.219066, 23.008236], [120.219053, 23.008058], [120.219338, 23.008083], [120.219422, 23.007815], [120.219379, 23.007738], [120.219315, 23.007773], [120.219693, 23.007757], [120.219738, 23.007611], [120.220086, 23.007447], [120.220449, 23.00762], [120.219018, 23.00843], [120.218442, 23.00839], [120.218458, 23.008257], [120.218975, 23.008317], [120.218925, 23.008679], [120.218444, 23.008646], [120.218439, 23.008469], [120.218302, 23.008442], [120.218329, 23.008219], [120.217857, 23.008513], [120.217846, 23.008672], [120.217603, 23.008677], [120.21712, 23.00899], [120.217577, 23.009223], [120.217542, 23.009493], [120.217617, 23.009609], [120.217642, 23.00942], [120.217825, 23.009415], [120.217794, 23.009299], [120.217657, 23.009276], [120.218167, 23.009202], [120.21831, 23.009379], [120.218988, 23.008943], [120.218894, 23.008783], [120.218657, 23.008754], [120.218509, 23.008804], [120.218623, 23.008909], [120.21842, 23.008908], [120.218414, 23.008773], [120.218372, 23.009083], [120.218517, 23.008975], [120.218199, 23.008856], [120.218181, 23.00856], [120.21829, 23.008579], [120.218468, 23.008138], [120.218543, 23.008164], [120.218499, 23.008051], [120.218686, 23.008505], [120.218895, 23.008542], [120.219298, 23.009304], [120.218017, 23.010257], [120.217711, 23.009806], [120.218235, 23.009426], [120.217818, 23.009131], [120.21783, 23.009046], [120.217652, 23.008975], [120.219189, 23.011249], [120.219086, 23.011342], [120.219712, 23.011423], [120.219764, 23.011366], [120.220105, 23.011468], [120.220071, 23.01162], [120.219984, 23.011655], [120.219359, 23.011583], [120.219274, 23.011685], [120.220028, 23.01173], [120.220048, 23.011896], [120.219158, 23.011854], [120.219164, 23.011928], [120.219285, 23.011955], [120.220057, 23.01199], [120.220058, 23.012166], [120.219926, 23.012239], [120.220064, 23.012245], [120.220001, 23.012506], [120.219726, 23.012473], [120.219721, 23.012387], [120.219828, 23.012398], [120.219604, 23.012378], [120.219695, 23.01224], [120.219858, 23.012238], [120.219873, 23.012174], [120.219422, 23.012138], [120.219165, 23.011778], [120.219176, 23.01168], [120.219061, 23.011652], [120.219052, 23.011771], [120.219077, 23.011451], [120.219201, 23.011465], [120.21919, 23.011561], [120.219875, 23.011561], [120.216467, 23.008943], [120.216241, 23.009049], [120.216155, 23.008987], [120.215839, 23.00908], [120.215543, 23.008867], [120.215643, 23.008679], [120.215524, 23.008265], [120.215415, 23.00804], [120.215322, 23.008094], [120.215004, 23.007573], [120.214704, 23.007614], [120.214665, 23.007447], [120.214527, 23.007464], [120.214523, 23.007536], [120.214234, 23.007498], [120.21429, 23.007433], [120.214175, 23.007359], [120.213911, 23.007451], [120.213906, 23.007392], [120.214142, 23.007423], [120.214364, 23.007285], [120.214372, 23.007164], [120.214732, 23.006921], [120.214312, 23.006073], [120.214431, 23.006016], [120.214603, 23.006387], [120.214685, 23.006399], [120.215006, 23.007123], [120.215071, 23.007448], [120.215343, 23.007906], [120.214966, 23.007996], [120.21481, 23.007924], [120.21496, 23.007825], [120.214988, 23.007884], [120.214623, 23.00798], [120.214635, 23.008232], [120.214411, 23.008222], [120.214143, 23.008063], [120.214087, 23.00795], [120.21422, 23.00761], [120.214007, 23.00763], [120.213985, 23.007732], [120.213883, 23.007725], [120.2143, 23.007828], [120.21439, 23.007651], [120.214483, 23.007778], [120.214622, 23.007796], [120.214656, 23.007694], [120.214599, 23.007875], [120.213769, 23.008061], [120.213849, 23.008201], [120.213952, 23.008161], [120.214011, 23.008263], [120.214213, 23.008223], [120.213516, 23.008363], [120.21329, 23.008519], [120.212909, 23.008529], [120.212795, 23.008426], [120.212749, 23.008103], [120.212882, 23.007923], [120.213368, 23.008044], [120.213347, 23.007648], [120.213212, 23.007677], [120.213226, 23.007865], [120.213142, 23.00775], [120.212631, 23.0077], [120.212626, 23.007605], [120.213208, 23.007617], [120.213511, 23.007482], [120.213554, 23.007865], [120.213459, 23.007804], [120.213598, 23.008003], [120.21373, 23.008002], [120.213043, 23.008259], [120.212576, 23.007603], [120.21194, 23.007688], [120.211231, 23.007572], [120.211201, 23.007736], [120.211043, 23.007883], [120.210728, 23.008024], [120.210681, 23.007912], [120.210961, 23.007689], [120.210774, 23.007798], [120.210568, 23.007806], [120.210125, 23.007551], [120.210294, 23.007853], [120.210523, 23.007902], [120.210487, 23.007949], [120.210588, 23.007909], [120.210616, 23.008277], [120.211113, 23.008136], [120.211174, 23.00819], [120.211102, 23.007989], [120.211195, 23.007968], [120.211329, 23.007736], [120.211735, 23.007757], [120.212037, 23.007893], [120.212266, 23.007845], [120.212318, 23.00738], [120.211147, 23.007335], [120.211102, 23.007227], [120.213002, 23.007264], [120.213173, 23.007292], [120.213164, 23.007418], [120.21236, 23.007379], [120.212605, 23.007154], [120.212617, 23.006949], [120.212927, 23.006898], [120.212915, 23.007034], [120.213001, 23.007037], [120.213012, 23.006867], [120.213195, 23.006848], [120.213285, 23.006969], [120.213521, 23.006936], [120.213505, 23.006756], [120.213797, 23.006628], [120.213722, 23.006502], [120.213429, 23.006614], [120.213347, 23.006803], [120.213232, 23.006733], [120.212639, 23.006834], [120.212038, 23.006764], [120.212057, 23.006896], [120.211734, 23.006925], [120.211357, 23.006914], [120.211092, 23.006745], [120.210995, 23.006782], [120.211027, 23.006841], [120.210891, 23.006771], [120.210762, 23.006818], [120.210789, 23.006765], [120.210532, 23.00695], [120.210595, 23.007034], [120.210485, 23.00723], [120.210595, 23.007207], [120.210625, 23.007345], [120.21083, 23.007307], [120.210765, 23.007124], [120.211002, 23.007075], [120.210962, 23.006966], [120.211096, 23.007031], [120.211047, 23.007164], [120.21135, 23.006822], [120.210979, 23.006508], [120.210952, 23.006177], [120.210741, 23.006067], [120.210717, 23.006215], [120.210853, 23.00628], [120.210851, 23.00623], [120.210853, 23.006515], [120.210962, 23.006628], [120.210732, 23.006512], [120.210692, 23.006626], [120.210611, 23.006627], [120.210622, 23.006517], [120.210272, 23.006488], [120.21, 23.007357], [120.210078, 23.007454], [120.209942, 23.007564], [120.210037, 23.007989], [120.210182, 23.008014], [120.210111, 23.008198], [120.21033, 23.008222], [120.210322, 23.008457], [120.210502, 23.008572], [120.210533, 23.008476], [120.210615, 23.00853], [120.211184, 23.008316], [120.211191, 23.008748], [120.211156, 23.008827], [120.210991, 23.008836], [120.210978, 23.008912], [120.211094, 23.008908], [120.210687, 23.008873], [120.210594, 23.008807], [120.210587, 23.008672], [120.211011, 23.008458], [120.211321, 23.008545], [120.211284, 23.008738], [120.211623, 23.008829], [120.211731, 23.008181], [120.211522, 23.008137], [120.211543, 23.008072], [120.211786, 23.008032], [120.211745, 23.007966], [120.211321, 23.008207], [120.210246, 23.008552], [120.210162, 23.00834], [120.210408, 23.009074], [120.210683, 23.009437]]}}, {"type": "Feature", "properties": {"district": "6703400", "segment": 7, "total_segments": 26, "km": 14.92, "villages": ["大興里", "國姓里", "長興里"]}, "geometry": {"type": "LineString", "coordinates": [[120.212457, 23.009556], [120.212775, 23.009474], [120.212831, 23.009569], [120.213263, 23.009474], [120.213392, 23.009773], [120.212923, 23.010014], [120.212853, 23.009958], [120.212968, 23.009871], [120.212948, 23.009663], [120.213159, 23.009712], [120.212768, 23.009693], [120.212538, 23.009825], [120.212523, 23.009615], [120.212938, 23.009507], [120.212906, 23.009359], [120.213181, 23.009315], [120.213507, 23.009717], [120.213448, 23.009771], [120.213547, 23.0097], [120.212619, 23.010122], [120.212652, 23.009937], [120.212571, 23.009922], [120.212839, 23.008745], [120.213681, 23.007492], [120.213464, 23.007036], [120.213783, 23.006951], [120.213768, 23.006887], [120.213963, 23.006959], [120.214004, 23.007054], [120.214206, 23.007047], [120.214185, 23.006987], [120.214033, 23.006992], [120.214003, 23.007176], [120.214083, 23.007171], [120.213917, 23.00717], [120.213854, 23.007309], [120.21377, 23.007275], [120.213883, 23.007518], [120.213805, 23.007566], [120.213473, 23.007343], [120.213297, 23.007116], [120.212907, 23.007141], [120.212524, 23.006958], [120.211864, 23.006801], [120.2114, 23.006827], [120.211441, 23.006581], [120.211535, 23.006647], [120.211628, 23.006569], [120.211423, 23.006456], [120.211417, 23.006385], [120.211519, 23.006365], [120.211511, 23.00616], [120.211616, 23.006285], [120.21175, 23.006299], [120.211713, 23.006242], [120.21176, 23.006655], [120.211988, 23.00655], [120.211518, 23.006064], [120.211373, 23.006145], [120.211248, 23.006027], [120.211128, 23.00611], [120.211057, 23.005951], [120.210958, 23.006004], [120.211131, 23.005724], [120.211215, 23.005754], [120.211171, 23.00598], [120.211418, 23.005933], [120.211168, 23.006317], [120.211063, 23.006319], [120.211051, 23.006176], [120.211251, 23.006385], [120.211205, 23.006466], [120.210747, 23.005985], [120.210884, 23.005767], [120.210857, 23.005638], [120.21099, 23.00572], [120.210769, 23.005654], [120.210842, 23.005374], [120.210968, 23.005346], [120.210902, 23.005253], [120.210974, 23.00499], [120.211051, 23.005011], [120.211122, 23.004658], [120.211101, 23.004607], [120.211018, 23.004667], [120.211007, 23.004767], [120.210862, 23.004694], [120.210306, 23.006399], [120.210478, 23.006773], [120.210324, 23.006922], [120.210447, 23.007068], [120.210284, 23.007319], [120.210305, 23.007525], [120.210492, 23.00737], [120.210747, 23.005702], [120.210917, 23.005446], [120.211091, 23.005382], [120.211177, 23.005187], [120.211371, 23.005214], [120.211486, 23.005112], [120.21155, 23.00481], [120.211426, 23.004785], [120.21142, 23.004637], [120.211459, 23.004517], [120.211583, 23.004493], [120.211558, 23.004623], [120.2113, 23.004554], [120.211227, 23.004877], [120.211423, 23.004945], [120.211415, 23.004853], [120.211423, 23.005025], [120.211041, 23.005105], [120.211374, 23.005319], [120.211455, 23.005285], [120.21122, 23.005456], [120.211152, 23.005639], [120.211343, 23.005599], [120.212659, 23.004349], [120.214195, 23.004281], [120.214064, 23.004448], [120.214066, 23.004746], [120.214389, 23.005902], [120.21443, 23.005782], [120.214609, 23.00574], [120.214504, 23.00565], [120.21444, 23.005681], [120.214614, 23.006172], [120.214243, 23.006309], [120.214343, 23.006683], [120.213828, 23.006464], [120.214165, 23.006243], [120.214433, 23.006629], [120.213954, 23.006788], [120.213937, 23.006722], [120.213726, 23.007097], [120.214293, 23.006958], [120.214369, 23.007087], [120.214783, 23.006997], [120.214866, 23.007235], [120.214778, 23.007352], [120.214921, 23.007372], [120.214953, 23.007474], [120.215217, 23.007233], [120.215181, 23.00713], [120.215333, 23.00714], [120.215933, 23.008275], [120.216077, 23.008229], [120.21586, 23.008291], [120.215843, 23.008623], [120.215754, 23.008644], [120.215433, 23.008461], [120.215331, 23.008134], [120.215013, 23.008382], [120.215007, 23.008488], [120.214857, 23.008132], [120.215141, 23.008624], [120.215314, 23.008569], [120.214935, 23.00868], [120.208634, 23.006266], [120.208708, 23.006183], [120.208648, 23.00592], [120.208655, 23.005837], [120.208733, 23.005839], [120.208704, 23.005695], [120.208419, 23.00577], [120.208569, 23.006132], [120.208331, 23.006127], [120.207984, 23.005933], [120.207438, 23.005843], [120.207379, 23.005666], [120.208002, 23.005416], [120.208073, 23.005511], [120.208026, 23.005687], [120.208241, 23.005843], [120.208308, 23.005747], [120.208349, 23.005783], [120.208287, 23.005446], [120.207983, 23.005257], [120.206902, 23.005497], [120.206919, 23.005765], [120.207338, 23.00567], [120.20765, 23.005831], [120.207854, 23.0057], [120.208203, 23.005984], [120.208354, 23.005948], [120.208414, 23.006021], [120.208574, 23.005851], [120.208791, 23.005953], [120.208834, 23.006151], [120.209668, 23.005949], [120.209591, 23.005793], [120.209663, 23.005777], [120.209669, 23.005498], [120.209891, 23.005468], [120.209841, 23.005319], [120.210011, 23.005314], [120.210013, 23.005238], [120.209933, 23.005157], [120.209424, 23.00523], [120.209251, 23.005318], [120.209292, 23.005384], [120.209126, 23.005508], [120.209017, 23.005064], [120.208912, 23.005071], [120.208849, 23.005179], [120.208767, 23.005086], [120.208313, 23.005239], [120.208447, 23.005383], [120.208527, 23.005299], [120.208646, 23.005475], [120.208556, 23.005533], [120.208815, 23.005417], [120.208804, 23.005309], [120.208929, 23.005296], [120.208852, 23.005547], [120.208916, 23.005756], [120.209445, 23.005594], [120.209372, 23.005409], [120.209623, 23.005369], [120.21007, 23.005121], [120.210217, 23.005154], [120.210269, 23.004951], [120.210559, 23.004913], [120.210626, 23.004688], [120.210413, 23.004792], [120.21053, 23.004988], [120.210036, 23.00613], [120.209946, 23.00613], [120.209965, 23.005757], [120.209852, 23.005749], [120.209843, 23.00618], [120.209056, 23.006195], [120.208996, 23.005928], [120.209517, 23.00581], [120.20994, 23.006167], [120.210155, 23.006164], [120.210218, 23.005906], [120.210078, 23.005588], [120.210161, 23.005289], [120.210319, 23.005221], [120.210099, 23.004841], [120.209091, 23.005058], [120.208977, 23.004776], [120.20954, 23.004657], [120.209478, 23.004524], [120.209335, 23.004537], [120.209308, 23.004436], [120.209531, 23.004139], [120.209305, 23.0041], [120.209317, 23.003918], [120.209237, 23.003859], [120.209129, 23.004084], [120.209183, 23.004171], [120.209049, 23.004375], [120.208936, 23.004361], [120.208904, 23.004786], [120.208422, 23.004757], [120.208473, 23.004428], [120.207951, 23.0044], [120.208005, 23.004017], [120.208503, 23.004055], [120.208569, 23.003734], [120.208019, 23.003713], [120.208434, 23.003424], [120.20933, 23.003749], [120.209427, 23.003688], [120.209487, 23.003909], [120.209567, 23.003923], [120.209665, 23.003902], [120.209654, 23.00379], [120.209794, 23.00376], [120.209773, 23.003657], [120.209575, 23.003677], [120.209405, 23.003597], [120.209641, 23.003199], [120.209832, 23.003179], [120.209973, 23.003403], [120.209963, 23.00352], [120.209791, 23.003452], [120.210383, 23.00415], [120.210509, 23.004481], [120.209706, 23.004559], [120.209893, 23.00426], [120.209787, 23.004001], [120.209851, 23.003936], [120.209136, 23.004452], [120.20874, 23.004481], [120.208215, 23.005649], [120.207971, 23.005545], [120.20784, 23.005637], [120.206841, 23.005782], [120.206153, 23.005987], [120.20614, 23.00575], [120.205995, 23.005707], [120.206472, 23.005561], [120.206424, 23.005277], [120.206123, 23.005266], [120.205756, 23.005401], [120.205627, 23.005024], [120.205771, 23.004865], [120.205911, 23.004902], [120.206057, 23.004756], [120.205835, 23.004427], [120.205927, 23.004303], [120.206214, 23.004627], [120.206311, 23.004881], [120.206427, 23.004874], [120.206459, 23.005001], [120.20638, 23.0051], [120.206505, 23.00512], [120.206134, 23.005131], [120.206127, 23.004897], [120.206324, 23.004652], [120.206297, 23.004545], [120.206051, 23.004231], [120.205773, 23.004577], [120.205546, 23.004695], [120.20546, 23.004507], [120.205106, 23.004489], [120.204561, 23.00387], [120.20477, 23.003863], [120.20506, 23.004058], [120.205245, 23.004033], [120.20529, 23.003886], [120.205199, 23.003914], [120.205209, 23.003848], [120.205352, 23.00378], [120.205152, 23.003757], [120.205047, 23.003296], [120.205137, 23.003267], [120.205178, 23.003363], [120.205467, 23.003346], [120.205659, 23.003758], [120.205378, 23.003903], [120.205381, 23.003977], [120.20555, 23.003913], [120.205308, 23.004221], [120.205108, 23.004308], [120.205126, 23.004531], [120.205377, 23.004926], [120.204939, 23.003813], [120.204585, 23.003599], [120.204509, 23.003408], [120.204353, 23.003419], [120.203873, 23.002885], [120.203973, 23.002775], [120.203933, 23.002677], [120.204172, 23.002646], [120.204072, 23.002521], [120.204129, 23.002447], [120.204484, 23.002345], [120.204615, 23.002648], [120.204563, 23.002831], [120.20428, 23.002909], [120.20421, 23.002816], [120.204229, 23.002704], [120.204334, 23.002702], [120.204636, 23.003128], [120.204697, 23.003072], [120.204652, 23.002961], [120.204817, 23.003332], [120.204631, 23.003377], [120.204386, 23.003088], [120.204976, 23.00318], [120.20499, 23.003246], [120.205052, 23.00298], [120.204754, 23.00247], [120.20479, 23.00232], [120.205065, 23.002258], [120.205434, 23.002383], [120.205638, 23.002254], [120.205622, 23.002586], [120.205859, 23.002608], [120.205832, 23.002348], [120.205763, 23.002423], [120.205883, 23.002247], [120.206118, 23.002169], [120.206043, 23.00203], [120.206148, 23.001983], [120.206135, 23.001889], [120.205783, 23.001985], [120.205372, 23.002263], [120.205465, 23.002719], [120.205548, 23.002717], [120.205621, 23.002917], [120.205337, 23.002785], [120.205191, 23.002981], [120.205593, 23.003113], [120.20579, 23.003642], [120.205915, 23.002874], [120.205885, 23.002711], [120.205744, 23.002692], [120.206099, 23.002693], [120.206096, 23.002621], [120.206449, 23.002794], [120.206517, 23.002763], [120.206316, 23.00247], [120.206177, 23.002503], [120.20625, 23.002279], [120.206412, 23.002195], [120.206581, 23.002309], [120.206615, 23.002243], [120.206525, 23.002521], [120.206661, 23.00253], [120.206555, 23.002694], [120.206618, 23.00282], [120.206479, 23.002878], [120.206324, 23.002832], [120.20632, 23.002901], [120.206166, 23.002747], [120.206458, 23.002499], [120.206284, 23.002148], [120.206616, 23.001789], [120.206737, 23.001849], [120.20666, 23.001997], [120.206501, 23.002065], [120.206338, 23.001865], [120.206379, 23.001822], [120.207072, 23.001888], [120.207113, 23.001813], [120.20691, 23.001765], [120.207019, 23.001626], [120.207208, 23.001668], [120.207252, 23.001784], [120.207485, 23.001783], [120.207502, 23.001663], [120.207432, 23.001603], [120.207134, 23.001586], [120.207636, 23.001529], [120.208674, 23.001219], [120.208805, 23.001399], [120.208594, 23.001451], [120.208533, 23.001346], [120.208481, 23.001391], [120.208566, 23.001535], [120.208473, 23.001636], [120.208346, 23.001643], [120.208391, 23.001564], [120.20822, 23.001626], [120.20802, 23.00158], [120.208081, 23.001494], [120.207832, 23.001568], [120.209172, 23.002392], [120.209733, 23.003074]]}}, {"type": "Feature", "properties": {"district": "6703400", "segment": 8, "total_segments": 26, "km": 14.99, "villages": ["長興里", "公園里", "北華里"]}, "geometry": {"type": "LineString", "coordinates": [[120.210591, 23.004461], [120.206841, 23.002852], [120.206655, 23.002907], [120.20673, 23.002817], [120.206683, 23.002748], [120.203951, 23.002507], [120.203655, 23.002663], [120.203736, 23.00279], [120.207996, 22.999573], [120.207696, 22.999058], [120.208124, 22.999144], [120.208189, 22.99924], [120.208099, 22.99929], [120.208473, 22.999087], [120.208726, 22.99956], [120.208485, 22.999621], [120.208381, 22.999471], [120.208233, 22.999438], [120.208488, 22.999347], [120.208508, 22.999395], [120.208366, 22.99881], [120.208272, 22.99885], [120.208054, 22.998738], [120.208033, 22.998339], [120.208228, 22.998297], [120.208259, 22.998361], [120.207807, 22.998375], [120.207852, 22.998048], [120.20848, 22.997934], [120.208883, 22.998056], [120.209047, 22.998238], [120.208956, 22.998244], [120.209025, 22.998384], [120.209256, 22.99836], [120.209158, 22.998639], [120.209377, 22.99907], [120.209616, 22.998961], [120.209587, 22.998705], [120.209682, 22.998749], [120.209718, 22.998629], [120.209805, 22.998615], [120.209414, 22.998529], [120.209304, 22.998681], [120.209672, 22.99862], [120.209847, 22.998666], [120.209861, 22.998859], [120.209825, 22.998797], [120.210022, 22.998897], [120.209872, 22.998957], [120.210211, 22.998826], [120.210201, 22.999263], [120.210012, 22.99931], [120.209931, 22.999195], [120.210028, 22.999191], [120.209669, 22.999288], [120.209346, 22.999236], [120.208725, 22.998988], [120.208956, 22.998538], [120.208916, 22.998186], [120.208979, 22.997888], [120.209053, 22.997853], [120.209382, 22.998013], [120.209572, 22.998371], [120.209809, 22.998456], [120.209633, 22.998337], [120.209442, 22.998383], [120.209422, 22.998488], [120.210658, 22.998989], [120.210653, 22.99912], [120.210862, 22.999046], [120.210859, 22.998928], [120.210563, 22.998735], [120.21051, 22.999163], [120.210567, 22.999343], [120.210683, 22.99936], [120.210663, 22.999258], [120.21033, 22.999293], [120.210481, 22.999911], [120.210288, 22.999953], [120.210425, 23.000516], [120.210804, 23.000398], [120.210641, 22.999889], [120.210816, 22.99985], [120.210875, 23.000114], [120.211362, 22.999922], [120.211278, 22.99974], [120.211141, 22.999793], [120.211072, 22.999391], [120.211149, 22.99939], [120.211179, 22.999604], [120.211311, 22.999588], [120.211282, 22.999377], [120.211674, 22.999353], [120.211411, 22.999219], [120.211372, 22.998951], [120.211516, 22.998949], [120.211554, 22.999025], [120.211862, 22.998999], [120.211928, 22.999066], [120.212009, 22.998939], [120.211955, 22.998916], [120.212115, 22.998879], [120.212175, 22.99916], [120.212276, 22.999306], [120.212335, 22.999145], [120.212398, 22.999401], [120.212229, 22.999357], [120.212284, 22.999527], [120.211983, 22.999529], [120.21194, 22.999348], [120.21221, 22.999283], [120.21207, 22.999199], [120.211816, 22.999279], [120.211867, 22.999342], [120.211748, 22.999348], [120.211711, 22.999625], [120.211735, 22.999911], [120.211616, 22.99989], [120.211565, 22.999793], [120.211593, 22.999975], [120.211467, 23.000238], [120.211779, 23.000081], [120.212008, 23.000079], [120.212146, 22.99992], [120.212147, 23.000028], [120.212233, 23.000009], [120.212327, 22.999941], [120.212253, 22.999792], [120.212399, 22.999956], [120.212607, 22.999889], [120.212468, 22.999123], [120.212406, 22.999241], [120.212431, 22.998994], [120.212189, 22.997779], [120.211688, 22.997809], [120.211648, 22.997753], [120.211659, 22.998036], [120.211836, 22.998173], [120.211782, 22.998327], [120.211845, 22.998407], [120.212035, 22.998583], [120.212126, 22.998541], [120.212073, 22.998429], [120.212179, 22.998411], [120.211962, 22.998344], [120.212013, 22.998175], [120.211663, 22.998415], [120.211616, 22.998347], [120.211514, 22.998643], [120.211687, 22.9988], [120.2118, 22.998753], [120.211802, 22.99862], [120.212142, 22.998734], [120.212172, 22.998826], [120.212108, 22.998835], [120.211288, 22.998664], [120.211083, 22.997651], [120.209669, 22.997733], [120.20744, 22.998116], [120.207264, 22.998164], [120.207239, 22.99828], [120.208201, 22.999549], [120.208115, 22.999702], [120.209047, 23.000246], [120.210472, 23.000026], [120.210579, 23.000108], [120.210544, 23.000269], [120.210963, 23.00036], [120.211254, 23.000275], [120.211954, 22.999828], [120.211522, 22.99951], [120.213331, 23.002007], [120.213385, 23.002285], [120.213698, 23.002242], [120.213773, 23.002759], [120.213526, 23.002939], [120.213521, 23.003217], [120.213632, 23.00362], [120.213768, 23.003717], [120.213464, 23.002637], [120.212445, 23.004016], [120.211509, 23.003874], [120.208539, 23.000892], [120.20799, 23.00004], [120.207665, 23.000129], [120.207662, 23.000021], [120.207495, 22.999881], [120.207389, 22.999947], [120.207199, 22.999438], [120.207106, 22.999485], [120.207226, 22.99976], [120.207139, 22.999833], [120.206994, 22.999662], [120.207065, 22.999679], [120.206941, 22.999931], [120.206919, 22.999554], [120.206666, 22.99941], [120.206629, 22.999498], [120.20652, 22.999155], [120.206954, 22.999021], [120.206989, 22.999319], [120.207138, 22.999214], [120.206747, 22.998461], [120.20703, 22.998339], [120.206931, 22.998195], [120.206389, 22.998296], [120.205921, 22.998709], [120.20574, 22.998729], [120.205545, 22.998444], [120.205919, 22.998376], [120.205698, 22.998838], [120.205786, 22.998945], [120.205868, 22.998923], [120.20621, 22.999345], [120.206315, 22.999385], [120.206418, 22.99929], [120.206357, 22.999098], [120.206205, 22.999041], [120.205952, 22.999169], [120.205833, 22.999022], [120.205625, 22.999294], [120.205819, 22.999491], [120.205531, 22.999691], [120.205567, 22.999787], [120.205873, 22.999967], [120.205814, 23.000025], [120.205656, 23.000007], [120.205619, 22.999923], [120.205398, 22.999965], [120.205496, 23.000207], [120.205426, 23.000271], [120.205468, 23.000431], [120.205358, 23.000395], [120.204965, 23.00051], [120.205271, 23.000652], [120.204951, 23.000714], [120.204905, 23.000799], [120.204844, 23.000762], [120.204295, 23.001066], [120.204351, 23.001156], [120.204254, 23.001217], [120.204334, 23.00145], [120.20418, 23.001491], [120.204322, 23.001866], [120.204454, 23.001816], [120.204519, 23.002005], [120.204126, 23.002036], [120.204085, 23.001944], [120.204185, 23.001735], [120.204017, 23.001825], [120.203941, 23.001775], [120.203774, 23.001887], [120.203884, 23.00192], [120.203735, 23.001999], [120.203875, 23.002207], [120.203689, 23.002288], [120.203655, 23.002081], [120.203399, 23.001661], [120.203428, 23.001549], [120.203079, 23.001832], [120.203383, 23.002294], [120.203479, 23.002345], [120.203373, 23.001835], [120.203612, 23.001723], [120.20358, 23.001621], [120.203687, 23.001906], [120.203723, 23.001267], [120.203366, 23.001251], [120.202676, 23.000298], [120.202586, 23.000381], [120.202543, 23.000326], [120.203373, 23.001426], [120.203119, 23.001585], [120.202965, 23.001527], [120.202849, 23.001585], [120.202948, 23.001664], [120.20291, 23.00136], [120.202791, 23.001179], [120.202651, 23.001306], [120.202321, 23.000868], [120.202347, 23.000764], [120.202449, 23.000818], [120.202536, 23.000759], [120.202521, 23.000839], [120.202552, 23.000533], [120.20238, 23.00038], [120.202168, 23.000656], [120.201912, 23.000348], [120.201924, 23.000245], [120.202375, 23.000208], [120.202515, 23.000068], [120.202443, 22.999879], [120.202367, 22.99995], [120.202268, 22.999814], [120.202102, 22.999882], [120.202185, 22.999787], [120.202155, 22.999681], [120.20223, 22.999609], [120.202269, 22.999689], [120.20255, 22.999637], [120.20265, 22.999825], [120.202594, 22.999851], [120.202738, 22.999994], [120.202568, 23.00004], [120.202802, 23.000242], [120.203, 23.000237], [120.203108, 23.000468], [120.203032, 23.000585], [120.20326, 23.000841], [120.203555, 23.000745], [120.203731, 23.000868], [120.203608, 23.00086], [120.203634, 23.001027], [120.204015, 23.000962], [120.203789, 23.000293], [120.203566, 23.000387], [120.203526, 23.000272], [120.203754, 23.000191], [120.203656, 22.999966], [120.203562, 23.000035], [120.203445, 22.999933], [120.203348, 23.00005], [120.20344, 23.00016], [120.203555, 22.999905], [120.203484, 22.999837], [120.203274, 22.9999], [120.203097, 22.999509], [120.203334, 22.999443], [120.203051, 22.999223], [120.204182, 22.998818], [120.204204, 22.998978], [120.204342, 22.998926], [120.204524, 22.999393], [120.204764, 22.999153], [120.204916, 22.999206], [120.205071, 22.999136], [120.205279, 22.999645], [120.205135, 22.99967], [120.204987, 22.999354], [120.204899, 22.999382], [120.204912, 22.99955], [120.20478, 22.999667], [120.204942, 22.999925], [120.205156, 22.999761], [120.205351, 22.999867], [120.205315, 23.000114], [120.205034, 23.00003], [120.204981, 22.999974], [120.205077, 22.999884], [120.204868, 23.000017], [120.204898, 23.000261], [120.204755, 23.000177], [120.204295, 23.000405], [120.204552, 23.000655], [120.204482, 23.000795], [120.20437, 23.000764], [120.204421, 23.000712], [120.204302, 23.00054], [120.204125, 23.000525], [120.204043, 23.000605], [120.204165, 23.000815], [120.204003, 23.00119], [120.204384, 23.001608], [120.204445, 23.001784], [120.204683, 23.001724], [120.204928, 23.001953], [120.205106, 23.001888], [120.205091, 23.001797], [120.205367, 23.001832], [120.205597, 23.001764], [120.205699, 23.00164], [120.205949, 23.001667], [120.206041, 23.001573], [120.205913, 23.001326], [120.206151, 23.001271], [120.206203, 23.001394], [120.206341, 23.001382], [120.206361, 23.00113], [120.206256, 23.001087], [120.206327, 23.001029], [120.206181, 23.000981], [120.206177, 23.000866], [120.206064, 23.000794], [120.205976, 23.00082], [120.206016, 23.000916], [120.205898, 23.000595], [120.205975, 23.000543], [120.205936, 23.0004], [120.20577, 23.000292], [120.205701, 23.000126], [120.205857, 23.000046], [120.205997, 23.000101], [120.206052, 23.000045], [120.206, 22.999985], [120.206238, 23.00014], [120.206213, 23.000215], [120.206379, 23.000288], [120.206583, 23.00023], [120.206756, 23.000431], [120.206732, 23.00048], [120.206553, 23.000381], [120.206462, 23.000392], [120.206493, 23.000451], [120.206385, 23.000409], [120.206289, 23.000642], [120.206161, 23.000655], [120.206336, 23.000749], [120.206388, 23.000611], [120.20661, 23.000919], [120.206494, 23.001068], [120.206956, 23.00123], [120.206946, 23.001291], [120.206845, 23.001259], [120.206907, 23.001391], [120.207158, 23.001151], [120.20694, 23.00062], [120.206773, 23.000502], [120.206891, 23.000436], [120.20684, 23.000348], [120.206972, 23.000337], [120.206949, 23.00026], [120.207127, 23.000197], [120.207129, 23.00007], [120.207229, 23.00029], [120.207079, 23.000321], [120.207017, 23.000462], [120.207111, 23.000711], [120.207158, 23.000824], [120.207274, 23.000806], [120.20749, 23.001103], [120.207616, 23.00112], [120.207594, 23.001195], [120.207224, 23.001304], [120.206855, 23.000926], [120.206739, 23.000987], [120.206649, 23.000874], [120.206856, 23.000626], [120.207254, 23.000715], [120.207414, 23.000668], [120.207626, 23.000736], [120.207583, 23.000812], [120.20815, 23.000935], [120.208183, 23.000887]]}}, {"type": "Feature", "properties": {"district": "6703400", "segment": 9, "total_segments": 26, "km": 14.09, "villages": ["北華里", "和順里"]}, "geometry": {"type": "LineString", "coordinates": [[120.20779, 23.000702], [120.207731, 23.000743], [120.207736, 23.000588], [120.207615, 23.000536], [120.207695, 23.000512], [120.207644, 23.000442], [120.207543, 23.000471], [120.207438, 23.000304], [120.207504, 23.000258], [120.207855, 23.000329], [120.207917, 23.000428], [120.20784, 23.000481], [120.207919, 23.00063], [120.207988, 23.000612], [120.207969, 23.000727], [120.20777, 23.000931], [120.207831, 23.00098], [120.207707, 23.001039], [120.207577, 23.001016], [120.207486, 23.000815], [120.207355, 23.000807], [120.207215, 23.000975], [120.207309, 23.000574], [120.207392, 23.000508], [120.207266, 23.000435], [120.207529, 23.000066], [120.207747, 23.000404], [120.208143, 23.000473], [120.208261, 23.000905], [120.208415, 23.00096], [120.20772, 23.001164], [120.20657, 23.001265], [120.206566, 23.001482], [120.20625, 23.00151], [120.206109, 23.001186], [120.206444, 23.001022], [120.206415, 23.000915], [120.20625, 23.000859], [120.206167, 23.000474], [120.206593, 22.999799], [120.206287, 22.999651], [120.206235, 22.999559], [120.206306, 22.999488], [120.206385, 22.999577], [120.206249, 22.999445], [120.206141, 22.999469], [120.207183, 22.999296], [120.207476, 22.999105], [120.207051, 22.998373], [120.20694, 22.998719], [120.206633, 22.998569], [120.206186, 22.998832], [120.206218, 22.998941], [120.205387, 22.998814], [120.205129, 22.998663], [120.205179, 22.998523], [120.20428, 22.998781], [120.204867, 22.998951], [120.204929, 22.998824], [120.204886, 22.998751], [120.205051, 22.999095], [120.204648, 22.999527], [120.204743, 22.999639], [120.204697, 22.999697], [120.204467, 22.99948], [120.204335, 22.999564], [120.204328, 22.9995], [120.204216, 22.999489], [120.204135, 22.999338], [120.204322, 22.999298], [120.20426, 22.999136], [120.204385, 22.999401], [120.204212, 22.999606], [120.204124, 22.999524], [120.20398, 22.999574], [120.203934, 22.99939], [120.203619, 22.999361], [120.203499, 22.999515], [120.20358, 22.9998], [120.203694, 22.999608], [120.204225, 23.000008], [120.203976, 23.000075], [120.203943, 23.000193], [120.204131, 23.000217], [120.204011, 23.000323], [120.203996, 23.000478], [120.204251, 23.000124], [120.204357, 23.000089], [120.204432, 23.000413], [120.204588, 23.000415], [120.204604, 23.000528], [120.204786, 23.00038], [120.204837, 23.000458], [120.205011, 23.000161], [120.204829, 22.999877], [120.20471, 22.999837], [120.204564, 22.999884], [120.204602, 22.999944], [120.20444, 22.999883], [120.204345, 22.999966], [120.204213, 22.999785], [120.204752, 22.999758], [120.205437, 22.999459], [120.205365, 22.999239], [120.205317, 22.999144], [120.205486, 22.999569], [120.205262, 23.000295], [120.205641, 23.000579], [120.205686, 23.000744], [120.205607, 23.001], [120.20529, 23.000988], [120.205232, 23.000863], [120.205289, 23.000867], [120.205134, 23.000827], [120.204987, 23.000853], [120.205025, 23.000946], [120.204883, 23.000923], [120.204919, 23.001118], [120.204832, 23.001122], [120.204758, 23.000966], [120.204658, 23.001025], [120.204852, 23.00118], [120.204887, 23.001326], [120.205005, 23.001341], [120.204958, 23.001206], [120.205128, 23.001128], [120.205128, 23.00131], [120.205265, 23.001319], [120.205364, 23.001507], [120.205025, 23.001659], [120.204956, 23.001469], [120.205171, 23.001389], [120.205338, 23.001214], [120.204664, 23.000702], [120.204601, 23.000772], [120.204831, 23.000606], [120.204352, 23.000901], [120.204676, 23.001372], [120.204485, 23.001636], [120.204721, 23.002006], [120.20295, 23.000913], [120.203216, 23.000233], [120.20284, 22.999279], [120.203008, 22.999228], [120.202981, 22.999293], [120.202604, 22.99935], [120.201538, 22.999744], [120.201848, 23.000257], [120.202404, 22.99978], [120.204026, 22.999059], [120.204006, 22.999012], [120.206594, 23.000049], [120.206635, 22.999892], [120.207661, 22.999411], [120.207544, 22.999217], [120.207841, 22.999708], [120.203498, 23.002857], [120.203424, 23.002792], [120.20333, 23.002927], [120.203709, 23.003171], [120.203723, 23.003379], [120.204021, 23.003755], [120.204055, 23.003996], [120.204283, 23.004182], [120.204227, 23.00425], [120.204316, 23.004351], [120.204499, 23.004272], [120.204363, 23.004079], [120.20469, 23.004532], [120.204543, 23.004589], [120.204458, 23.004468], [120.204757, 23.004615], [120.205142, 23.005063], [120.205213, 23.005363], [120.204712, 23.004727], [120.202977, 23.004794], [120.202862, 23.005122], [120.202952, 23.005163], [120.200263, 23.00421], [120.200292, 23.004464], [120.200748, 23.004488], [120.200563, 23.005], [120.200281, 23.004971], [120.200283, 23.005048], [120.200282, 23.004663], [120.200874, 23.004863], [120.200791, 23.005055], [120.201869, 23.005392], [120.202315, 23.005613], [120.202504, 23.005426], [120.200972, 23.004895], [120.201031, 23.004653], [120.200916, 23.004612], [120.202746, 23.005323], [120.202784, 23.005267], [120.202964, 23.005647], [120.20393, 23.006923], [120.204156, 23.006723], [120.204035, 23.006598], [120.203908, 23.006679], [120.20371, 23.006401], [120.203771, 23.006361], [120.203492, 23.006063], [120.203069, 23.006257], [120.202936, 23.006078], [120.202262, 23.006559], [120.202335, 23.006664], [120.202937, 23.006285], [120.20311, 23.006321], [120.203245, 23.006506], [120.202078, 23.007236], [120.202161, 23.00735], [120.203328, 23.006591], [120.203691, 23.007072], [120.20353, 23.007082], [120.202923, 23.00745], [120.202845, 23.007338], [120.203438, 23.006971], [120.203329, 23.006809], [120.203275, 23.006837], [120.202285, 23.007515], [120.202366, 23.007628], [120.202718, 23.007412], [120.202846, 23.007579], [120.202507, 23.007794], [120.202154, 23.007674], [120.201745, 23.007665], [120.201769, 23.007539], [120.201538, 23.007535], [120.201535, 23.007664], [120.200826, 23.007658], [120.200598, 23.007521], [120.200449, 23.007667], [120.200198, 23.007541], [120.200184, 23.007267], [120.200689, 23.007155], [120.200697, 23.007016], [120.200522, 23.007018], [120.200523, 23.0069], [120.200653, 23.006896], [120.200583, 23.007284], [120.200998, 23.007368], [120.201836, 23.007325], [120.201833, 23.007537], [120.202064, 23.007542], [120.201935, 23.007052], [120.203052, 23.00643], [120.202707, 23.005772], [120.20259, 23.005909], [120.201537, 23.006538], [120.201661, 23.006684], [120.202728, 23.006011], [120.200741, 23.005313], [120.200756, 23.005256], [120.200747, 23.005484], [120.201822, 23.005811], [120.201914, 23.005851], [120.20188, 23.005904], [120.202004, 23.005798], [120.201634, 23.00606], [120.201148, 23.005836], [120.200738, 23.005753], [120.200748, 23.005678], [120.200752, 23.005899], [120.201507, 23.006118], [120.201302, 23.006296], [120.200735, 23.006096], [120.200736, 23.006266], [120.201204, 23.006429], [120.200548, 23.006487], [120.200483, 23.006204], [120.200495, 23.005186], [120.200273, 23.005183], [120.200261, 23.006168], [120.201822, 23.006879], [120.202148, 23.006667], [120.203037, 23.007562], [120.203334, 23.007394], [120.202218, 23.004551], [120.201968, 23.004452], [120.2021, 23.004179], [120.201913, 23.004183], [120.201848, 23.004358], [120.201645, 23.004293], [120.201668, 23.004212], [120.20141, 23.004287], [120.201299, 23.004196], [120.201345, 23.004064], [120.201223, 23.003727], [120.201536, 23.003382], [120.201686, 23.003351], [120.20185, 23.003468], [120.202007, 23.003922], [120.202173, 23.003875], [120.202276, 23.004074], [120.202713, 23.004226], [120.202883, 23.00405], [120.202581, 23.003839], [120.202978, 23.003921], [120.203138, 23.003738], [120.202995, 23.003607], [120.203018, 23.003491], [120.203143, 23.003364], [120.203228, 23.003429], [120.203115, 23.003562], [120.20324, 23.003657], [120.203503, 23.003371], [120.203395, 23.003257], [120.203308, 23.003347], [120.203222, 23.003284], [120.203329, 23.00316], [120.203203, 23.003064], [120.203192, 23.002904], [120.202751, 23.003028], [120.202798, 23.003162], [120.202962, 23.003117], [120.203013, 23.003265], [120.20285, 23.00331], [120.202922, 23.003389], [120.202796, 23.003465], [120.20261, 23.003106], [120.202016, 23.003257], [120.20231, 23.004267], [120.202234, 23.004504], [120.203295, 23.002903], [120.203243, 23.00286]]}}, {"type": "Feature", "properties": {"district": "6703400", "segment": 10, "total_segments": 26, "km": 14.3, "villages": ["立人里", "雙安里"]}, "geometry": {"type": "LineString", "coordinates": [[120.202979, 23.00244], [120.202939, 23.002138], [120.202587, 23.001672], [120.202385, 23.001936], [120.202022, 23.002009], [120.201938, 23.002138], [120.20149, 23.002088], [120.201422, 23.002393], [120.201315, 23.002396], [120.201397, 23.002066], [120.201272, 23.002104], [120.201218, 23.00238], [120.201111, 23.00241], [120.201123, 23.002307], [120.200905, 23.002197], [120.201014, 23.002346], [120.201176, 23.002114], [120.200309, 23.002079], [120.199773, 23.002223], [120.199748, 23.00229], [120.199534, 23.001645], [120.199864, 23.001395], [120.19973, 23.001333], [120.199333, 23.001409], [120.199356, 23.001231], [120.199637, 23.001185], [120.199689, 23.001021], [120.200122, 23.000947], [120.200076, 23.000858], [120.199964, 23.000907], [120.199947, 23.000771], [120.200173, 23.000712], [120.20023, 23.000896], [120.200114, 23.000846], [120.200366, 23.000776], [120.20039, 23.000849], [120.200316, 23.000634], [120.200104, 23.000596], [120.199673, 23.000717], [120.19913, 23.000642], [120.199202, 23.000853], [120.199443, 23.000834], [120.19945, 23.001004], [120.199627, 23.001004], [120.199671, 23.000875], [120.199795, 23.000832], [120.1994, 23.001007], [120.199235, 23.001], [120.19926, 23.001216], [120.198823, 23.00132], [120.198775, 23.001268], [120.198738, 23.001431], [120.197962, 23.001686], [120.197824, 23.001607], [120.197639, 23.001648], [120.197616, 23.001549], [120.19748, 23.001488], [120.198336, 23.001091], [120.198379, 23.001174], [120.198454, 23.001156], [120.198531, 23.000996], [120.198556, 23.001116], [120.198704, 23.001091], [120.198532, 23.000824], [120.198204, 23.000855], [120.197683, 23.001133], [120.196768, 23.001387], [120.196938, 23.001429], [120.197034, 23.001719], [120.196899, 23.001748], [120.196848, 23.001887], [120.196731, 23.001799], [120.196564, 23.001879], [120.196588, 23.00227], [120.196648, 23.00233], [120.196827, 23.002254], [120.196757, 23.002082], [120.196993, 23.002005], [120.1969, 23.001988], [120.196947, 23.001855], [120.19711, 23.001794], [120.197072, 23.001883], [120.197194, 23.002098], [120.197342, 23.002076], [120.197107, 23.001571], [120.197221, 23.001413], [120.197338, 23.001433], [120.197272, 23.001377], [120.197098, 23.001456], [120.197393, 23.001565], [120.197487, 23.001799], [120.197403, 23.001817], [120.197455, 23.00194], [120.197565, 23.001904], [120.197598, 23.001986], [120.197406, 23.002052], [120.197387, 23.002188], [120.197507, 23.002322], [120.19761, 23.002291], [120.197679, 23.002244], [120.197618, 23.002107], [120.197841, 23.002038], [120.198105, 23.002768], [120.197632, 23.002939], [120.197523, 23.002875], [120.197276, 23.002232], [120.197, 23.002342], [120.197124, 23.002428], [120.197221, 23.002746], [120.19735, 23.002822], [120.196772, 23.002623], [120.196679, 23.002484], [120.196913, 23.002383], [120.19693, 23.002532], [120.196995, 23.002178], [120.196929, 23.00214], [120.197024, 23.002097], [120.197576, 23.002126], [120.197883, 23.00262], [120.197621, 23.002704], [120.197435, 23.002343], [120.197789, 23.00213], [120.197915, 23.002455], [120.198262, 23.002486], [120.198334, 23.002659], [120.19849, 23.002439], [120.199155, 23.002132], [120.19936, 23.002436], [120.198701, 23.002678], [120.198437, 23.002117], [120.198905, 23.001966], [120.198869, 23.002087], [120.198185, 23.002326], [120.197996, 23.001968], [120.198072, 23.00194], [120.198013, 23.001866], [120.197779, 23.001923], [120.197639, 23.001691], [120.197697, 23.001954], [120.19825, 23.00205], [120.198292, 23.002208], [120.198197, 23.002369], [120.198409, 23.002033], [120.198258, 23.001841], [120.198318, 23.001751], [120.198921, 23.001547], [120.199017, 23.001777], [120.198505, 23.001974], [120.198398, 23.001838], [120.198291, 23.001355], [120.199014, 23.001892], [120.199048, 23.002005], [120.199756, 23.002131], [120.200265, 23.001928], [120.200343, 23.00171], [120.199878, 23.001908], [120.199759, 23.001747], [120.199888, 23.001613], [120.199982, 23.001722], [120.200037, 23.001576], [120.200182, 23.001631], [120.200345, 23.001513], [120.200361, 23.001262], [120.19985, 23.001273], [120.199993, 23.001396], [120.200213, 23.001395], [120.200272, 23.001515], [120.200166, 23.001536], [120.200168, 23.001153], [120.20036, 23.001102], [120.200014, 23.000343], [120.199863, 23.000301], [120.199565, 23.000417], [120.20123, 22.999857], [120.20146, 23.000209], [120.201155, 23.000321], [120.202877, 23.002207], [120.203118, 23.002379], [120.201599, 23.002881], [120.201452, 23.002903], [120.201921, 23.002735], [120.20186, 23.002545], [120.202208, 23.002425], [120.202267, 23.002535], [120.202538, 23.002352], [120.202561, 23.002424], [120.202435, 23.002483], [120.198221, 23.003145], [120.196378, 23.002485], [120.196061, 23.001683], [120.195673, 23.001766], [120.195453, 23.002051], [120.195596, 23.002186], [120.196197, 23.002426], [120.195833, 23.002045], [120.195975, 23.002108], [120.196427, 23.001912], [120.196269, 23.001549], [120.1966, 23.001443], [120.196021, 23.002631], [120.1956, 23.002563], [120.195146, 23.002316], [120.194867, 23.002707], [120.194727, 23.002768], [120.194081, 23.003439], [120.194557, 23.003447], [120.194953, 23.003071], [120.195735, 23.003354], [120.195775, 23.003277], [120.195828, 23.003391], [120.196218, 23.003393], [120.196261, 23.003316], [120.196135, 23.003259], [120.195002, 23.002898], [120.195295, 23.002764], [120.195681, 23.002859], [120.19573, 23.002937], [120.195907, 23.002907], [120.196118, 23.002679], [120.197295, 23.003192], [120.197784, 23.003301], [120.197758, 23.003451], [120.197412, 23.003406], [120.197384, 23.00364], [120.197696, 23.003637], [120.197698, 23.003703], [120.197056, 23.00366], [120.197066, 23.003721], [120.196673, 23.003721], [120.196545, 23.003859], [120.196054, 23.003941], [120.196072, 23.003882], [120.196189, 23.003944], [120.197115, 23.00392], [120.197123, 23.003976], [120.196687, 23.00397], [120.19669, 23.004178], [120.197121, 23.004164], [120.197129, 23.004244], [120.196065, 23.004245], [120.196063, 23.004167], [120.196551, 23.004154], [120.19656, 23.004486], [120.196129, 23.004517], [120.196079, 23.004512], [120.197759, 23.004477], [120.197945, 23.004354], [120.198168, 23.004337], [120.198189, 23.00443], [120.199085, 23.004456], [120.199072, 23.003755], [120.198609, 23.003611], [120.198636, 23.004331], [120.198379, 23.004169], [120.198434, 23.003556], [120.197961, 23.003346], [120.19797, 23.004021], [120.19726, 23.003984], [120.197263, 23.003907], [120.197775, 23.003902], [120.197779, 23.003635], [120.198244, 23.003682], [120.19823, 23.004033], [120.198117, 23.004238], [120.197264, 23.004244], [120.197254, 23.004162], [120.197766, 23.004153], [120.198128, 23.004433], [120.198162, 23.004732], [120.197927, 23.004726], [120.197927, 23.004866], [120.199572, 23.004895], [120.199543, 23.005471], [120.199382, 23.005438], [120.199394, 23.005365], [120.199251, 23.005368], [120.199222, 23.005564], [120.199412, 23.005594], [120.199403, 23.005808], [120.199251, 23.005807], [120.199266, 23.006389], [120.199428, 23.006487], [120.19926, 23.006576], [120.198928, 23.006535], [120.198837, 23.006376], [120.1984, 23.00655], [120.198407, 23.006354], [120.198495, 23.006355], [120.198499, 23.006093], [120.197954, 23.006069], [120.197959, 23.006126], [120.198004, 23.005993], [120.199026, 23.005971], [120.19903, 23.006156], [120.199062, 23.005746], [120.197939, 23.005748], [120.197954, 23.005986], [120.197983, 23.005488], [120.19904, 23.005522], [120.199042, 23.005308], [120.197971, 23.005296], [120.197931, 23.005043], [120.199384, 23.005051], [120.199359, 23.005164], [120.199227, 23.00516], [120.199248, 23.005326], [120.199706, 23.005303], [120.199741, 23.005804], [120.199447, 23.005812], [120.199714, 23.006272], [120.19962, 23.006344], [120.198554, 23.006096], [120.197953, 23.006532], [120.197901, 23.004907], [120.19821, 23.004732], [120.199609, 23.004754], [120.199704, 23.004796], [120.199707, 23.005256], [120.199727, 23.004007], [120.199428, 23.003843], [120.199276, 23.00387], [120.199324, 23.00447], [120.199575, 23.004478], [120.199258, 23.004471], [120.198248, 23.003572], [120.197114, 23.003721], [120.196876, 23.003661], [120.196785, 23.003442], [120.196901, 23.00339], [120.19588, 23.003664], [120.19558, 23.003673], [120.195731, 23.0034], [120.195598, 23.003468], [120.194959, 23.00322], [120.194965, 23.003339], [120.194851, 23.003418], [120.195146, 23.003522], [120.195194, 23.00341], [120.196362, 23.003347], [120.196397, 23.003153], [120.196527, 23.003165], [120.196571, 23.003254], [120.196199, 23.005709]]}}, {"type": "Feature", "properties": {"district": "6703400", "segment": 11, "total_segments": 26, "km": 11.74, "villages": ["文成里"]}, "geometry": {"type": "LineString", "coordinates": [[120.195902, 23.005751], [120.195934, 23.004426], [120.195617, 23.004418], [120.195646, 23.00431], [120.195924, 23.004313], [120.195911, 23.004119], [120.195423, 23.004147], [120.195319, 23.00429], [120.19523, 23.004289], [120.194335, 23.003963], [120.194365, 23.003677], [120.194214, 23.003636], [120.194157, 23.003973], [120.194262, 23.0041], [120.195509, 23.00457], [120.19554, 23.004713], [120.195676, 23.004675], [120.195665, 23.004605], [120.19575, 23.004986], [120.195852, 23.004986], [120.195272, 23.004835], [120.19462, 23.004583], [120.194625, 23.004502], [120.194539, 23.004533], [120.193872, 23.004282], [120.193837, 23.003927], [120.19397, 23.003561], [120.194678, 23.003912], [120.194734, 23.00381], [120.194936, 23.003762], [120.195355, 23.004312], [120.195601, 23.004307], [120.194843, 23.004454], [120.194712, 23.004818], [120.194135, 23.004586], [120.193844, 23.004597], [120.193826, 23.004503], [120.193697, 23.006064], [120.193913, 23.008436], [120.193997, 23.008579], [120.193944, 23.00864], [120.193993, 23.009588], [120.195195, 23.009566], [120.195217, 23.009192], [120.195279, 23.009187], [120.194181, 23.009197], [120.194209, 23.009083], [120.195283, 23.009071], [120.195423, 23.008607], [120.195766, 23.008619], [120.195756, 23.00851], [120.195427, 23.008508], [120.195431, 23.008333], [120.195753, 23.008336], [120.195728, 23.00822], [120.19544, 23.008218], [120.195293, 23.008107], [120.194317, 23.008133], [120.1943, 23.008259], [120.195241, 23.00826], [120.195276, 23.007683], [120.194174, 23.007705], [120.194125, 23.007537], [120.196004, 23.007513], [120.196011, 23.007656], [120.195417, 23.007673], [120.195406, 23.007369], [120.196, 23.007347], [120.196002, 23.007249], [120.195396, 23.007252], [120.195424, 23.007115], [120.195958, 23.00709], [120.195939, 23.006968], [120.195432, 23.006971], [120.195142, 23.007149], [120.194029, 23.007156], [120.19402, 23.007053], [120.195111, 23.006975], [120.195148, 23.006628], [120.195225, 23.00663], [120.195332, 23.006156], [120.194391, 23.005735], [120.194176, 23.005814], [120.194185, 23.005921], [120.194046, 23.005933], [120.19405, 23.005821], [120.194062, 23.006071], [120.193845, 23.006101], [120.193891, 23.006205], [120.19476, 23.006164], [120.194767, 23.006325], [120.195097, 23.006251], [120.195078, 23.006521], [120.193991, 23.006565], [120.194, 23.006673], [120.195393, 23.006612], [120.195795, 23.00668], [120.195678, 23.006559], [120.195403, 23.006521], [120.195536, 23.006273], [120.195983, 23.006517], [120.195992, 23.006847], [120.196207, 23.0066], [120.196811, 23.006838], [120.196824, 23.006918], [120.196802, 23.006611], [120.19721, 23.006633], [120.197187, 23.006918], [120.197365, 23.006868], [120.197587, 23.006641], [120.198497, 23.006706], [120.198759, 23.006754], [120.19941, 23.007354], [120.199418, 23.007662], [120.19968, 23.007624], [120.199737, 23.006947], [120.19964, 23.00935], [120.199581, 23.009415], [120.199306, 23.009399], [120.198828, 23.009651], [120.198781, 23.01013], [120.198155, 23.009982], [120.198179, 23.009874], [120.1981, 23.009838], [120.198593, 23.009927], [120.198697, 23.009757], [120.198092, 23.009667], [120.198105, 23.009551], [120.19804, 23.009552], [120.198766, 23.009596], [120.197962, 23.009967], [120.197956, 23.010063], [120.197804, 23.009902], [120.197904, 23.009653], [120.196865, 23.009325], [120.196846, 23.009553], [120.197651, 23.009777], [120.197553, 23.010021], [120.197049, 23.009813], [120.196896, 23.00985], [120.196639, 23.009743], [120.196635, 23.009615], [120.196424, 23.009666], [120.196532, 23.009893], [120.196608, 23.009845], [120.197499, 23.010153], [120.197452, 23.01035], [120.195595, 23.009685], [120.195934, 23.009492], [120.196194, 23.008873], [120.197796, 23.009438], [120.197836, 23.009261], [120.19692, 23.008933], [120.196918, 23.008732], [120.196857, 23.008735], [120.197814, 23.008752], [120.197798, 23.009056], [120.197688, 23.00893], [120.197305, 23.008862], [120.197305, 23.008544], [120.196862, 23.008591], [120.196847, 23.008337], [120.196712, 23.008283], [120.196718, 23.008417], [120.196502, 23.008449], [120.196507, 23.008589], [120.19636, 23.008585], [120.196348, 23.008065], [120.196232, 23.008062], [120.196272, 23.008667], [120.196635, 23.008797], [120.196501, 23.008376], [120.196473, 23.007871], [120.196223, 23.007937], [120.196219, 23.007874], [120.196019, 23.008138], [120.196026, 23.008251], [120.195444, 23.008014], [120.194884, 23.008667], [120.19434, 23.00866], [120.194368, 23.008569], [120.19419, 23.008567], [120.194192, 23.008753], [120.194693, 23.008749], [120.194661, 23.009399], [120.194408, 23.009393], [120.194397, 23.009334], [120.194297, 23.009334], [120.194298, 23.009392], [120.194212, 23.008252], [120.194143, 23.008255], [120.193957, 23.007051], [120.194668, 23.006924], [120.194646, 23.006054], [120.194184, 23.006072], [120.194495, 23.005515], [120.194033, 23.005366], [120.194261, 23.005252], [120.19489, 23.005503], [120.194833, 23.00564], [120.194536, 23.005529], [120.194659, 23.005203], [120.194302, 23.005063], [120.194342, 23.004949], [120.194847, 23.005139], [120.195019, 23.005215], [120.194971, 23.005326], [120.194707, 23.005217], [120.194841, 23.004875], [120.195364, 23.005073], [120.195513, 23.005236], [120.194749, 23.004841], [120.194261, 23.004852], [120.194208, 23.004938], [120.195499, 23.00625], [120.196695, 23.007882], [120.196702, 23.008015], [120.196834, 23.008003], [120.196837, 23.007841], [120.196889, 23.008185], [120.196991, 23.008183], [120.196709, 23.008147], [120.197334, 23.008028], [120.197371, 23.008164], [120.197778, 23.008161], [120.197812, 23.008541], [120.197364, 23.008544], [120.197211, 23.008407], [120.197205, 23.008162], [120.197147, 23.008163], [120.19715, 23.008408], [120.197265, 23.007845], [120.197254, 23.007789], [120.197128, 23.007822], [120.196513, 23.009398], [120.198642, 23.008775], [120.198892, 23.00878], [120.200393, 23.011111]]}}, {"type": "Feature", "properties": {"district": "6703400", "segment": 12, "total_segments": 26, "km": 11.82, "villages": ["大豐里"]}, "geometry": {"type": "LineString", "coordinates": [[120.193672, 23.009935], [120.193693, 23.008736], [120.193059, 23.00872], [120.193006, 23.007964], [120.19264, 23.007971], [120.192678, 23.007794], [120.193557, 23.00773], [120.193431, 23.006046], [120.193463, 23.005416], [120.192401, 23.005517], [120.188777, 23.007301], [120.188202, 23.007465], [120.191648, 23.008926], [120.191565, 23.008786], [120.191642, 23.008748], [120.19161, 23.008382], [120.191369, 23.006901], [120.191541, 23.006887], [120.191566, 23.006711], [120.193227, 23.006547], [120.193246, 23.006739], [120.191774, 23.006851], [120.191882, 23.007047], [120.191925, 23.007695], [120.192076, 23.007684], [120.192009, 23.007036], [120.192376, 23.007011], [120.192445, 23.007832], [120.191691, 23.00788], [120.191626, 23.007065], [120.191178, 23.007163], [120.191139, 23.006943], [120.190976, 23.007067], [120.191195, 23.008476], [120.191124, 23.008591], [120.190963, 23.008456], [120.190865, 23.007516], [120.190701, 23.007081], [120.190374, 23.007197], [120.190514, 23.008217], [120.190554, 23.008343], [120.190691, 23.008404], [120.190746, 23.008352], [120.190598, 23.007336], [120.190826, 23.006969], [120.190674, 23.006729], [120.190745, 23.006697], [120.190151, 23.006981], [120.190211, 23.007068], [120.190999, 23.006766], [120.190879, 23.006509], [120.191046, 23.006439], [120.191185, 23.006722], [120.191489, 23.00643], [120.192507, 23.005937], [120.192906, 23.005836], [120.192842, 23.00565], [120.192736, 23.00567], [120.192764, 23.005761], [120.192628, 23.005781], [120.192557, 23.005597], [120.19243, 23.005635], [120.19248, 23.005845], [120.192107, 23.005973], [120.191301, 23.006435], [120.191985, 23.006546], [120.192324, 23.006434], [120.192315, 23.00631], [120.192495, 23.006262], [120.192493, 23.006146], [120.192511, 23.006387], [120.192857, 23.006396], [120.192839, 23.006036], [120.193021, 23.006038], [120.19306, 23.006378], [120.193206, 23.006024], [120.193101, 23.005926], [120.193137, 23.00564], [120.19325, 23.005714], [120.193213, 23.005821], [120.192987, 23.005713], [120.193007, 23.005558], [120.192944, 23.005754], [120.193168, 23.007241], [120.19316, 23.007609], [120.193297, 23.007562], [120.19329, 23.007403], [120.192987, 23.00738], [120.192913, 23.006979], [120.192879, 23.007181], [120.192592, 23.007202], [120.192571, 23.006997], [120.192627, 23.00779], [120.192799, 23.00748], [120.192968, 23.007439], [120.193056, 23.007954], [120.192873, 23.008195], [120.192638, 23.008208], [120.19264, 23.008346], [120.19287, 23.008348], [120.192888, 23.008462], [120.192652, 23.008474], [120.192663, 23.008591], [120.192897, 23.008572], [120.192844, 23.008885], [120.193055, 23.00896], [120.193057, 23.008766], [120.192699, 23.00883], [120.19273, 23.00873], [120.192173, 23.008069], [120.191745, 23.008171], [120.191803, 23.00849], [120.191367, 23.008574], [120.191187, 23.007247], [120.19022, 23.007351], [120.190322, 23.008117], [120.190244, 23.008206], [120.190071, 23.008075], [120.189963, 23.007361], [120.189785, 23.007353], [120.18986, 23.007934], [120.189616, 23.007855], [120.189547, 23.007352], [120.189396, 23.007428], [120.189414, 23.007762], [120.189157, 23.007636], [120.18917, 23.007451], [120.189779, 23.007204], [120.189731, 23.007085], [120.189984, 23.006965], [120.190112, 23.007192], [120.188927, 23.007473], [120.188921, 23.00762], [120.188689, 23.008055], [120.18884, 23.00815], [120.187921, 23.007739], [120.187857, 23.00784], [120.18733, 23.007487], [120.186326, 23.007206], [120.185628, 23.009536], [120.186016, 23.009515], [120.186006, 23.009653], [120.186143, 23.009646], [120.186251, 23.008811], [120.186105, 23.008826], [120.186037, 23.009422], [120.185883, 23.009412], [120.185832, 23.009743], [120.186008, 23.009794], [120.18596, 23.00989], [120.186081, 23.009926], [120.186136, 23.009693], [120.186417, 23.009676], [120.186437, 23.008841], [120.187041, 23.008986], [120.18706, 23.00915], [120.187253, 23.009165], [120.187171, 23.008775], [120.187228, 23.008675], [120.18751, 23.00869], [120.187622, 23.008577], [120.187529, 23.00907], [120.187765, 23.009129], [120.187723, 23.009212], [120.187499, 23.009161], [120.187497, 23.009265], [120.187804, 23.009323], [120.187756, 23.01075], [120.187596, 23.01071], [120.18747, 23.010541], [120.187467, 23.010011], [120.187692, 23.010019], [120.187697, 23.009845], [120.187019, 23.009859], [120.187012, 23.01025], [120.186879, 23.010253], [120.186868, 23.009846], [120.186636, 23.009867], [120.186614, 23.010336], [120.185723, 23.010078], [120.185784, 23.009836], [120.185916, 23.00988], [120.185776, 23.009737], [120.1864, 23.009888], [120.18641, 23.009742], [120.18664, 23.009635], [120.186661, 23.009401], [120.186997, 23.009692], [120.187315, 23.009692], [120.187325, 23.009321], [120.187481, 23.009488], [120.187654, 23.009486], [120.187662, 23.009634], [120.187473, 23.009633], [120.187259, 23.010001], [120.18729, 23.01033], [120.187131, 23.01042], [120.186982, 23.010388], [120.186164, 23.010046], [120.188706, 23.009996], [120.188718, 23.010075], [120.187961, 23.010064], [120.187948, 23.010269], [120.188809, 23.01028], [120.188846, 23.00971], [120.187965, 23.009694], [120.187963, 23.00979], [120.188709, 23.009788], [120.18872, 23.009506], [120.188857, 23.009523], [120.188797, 23.009418], [120.187973, 23.009402], [120.187967, 23.0095], [120.188674, 23.009505], [120.18888, 23.009285], [120.188818, 23.009158], [120.188161, 23.009162], [120.188183, 23.008959], [120.188127, 23.008957], [120.188812, 23.008897], [120.188809, 23.00866], [120.188556, 23.010367], [120.187955, 23.010354], [120.187951, 23.010733], [120.188469, 23.010652], [120.188864, 23.010522], [120.191433, 23.008725], [120.191374, 23.008635], [120.191695, 23.008088], [120.193645, 23.008034]]}}, {"type": "Feature", "properties": {"district": "6703400", "segment": 13, "total_segments": 26, "km": 10.36, "villages": ["賢北里"]}, "geometry": {"type": "LineString", "coordinates": [[120.18597, 23.007017], [120.185301, 23.007031], [120.185248, 23.007166], [120.18537, 23.007222], [120.184166, 23.006723], [120.184238, 23.006586], [120.184042, 23.006499], [120.183826, 23.007008], [120.184467, 23.007268], [120.184507, 23.007432], [120.185209, 23.007722], [120.185287, 23.007383], [120.185064, 23.007509], [120.184663, 23.007322], [120.184163, 23.007314], [120.183778, 23.007193], [120.183386, 23.008015], [120.183732, 23.008135], [120.183855, 23.008078], [120.183858, 23.008194], [120.18488, 23.008624], [120.185003, 23.008203], [120.183727, 23.007736], [120.183828, 23.007585], [120.185062, 23.008104], [120.185131, 23.007944], [120.185533, 23.007728], [120.185424, 23.007662], [120.185769, 23.007744], [120.185336, 23.009239], [120.185206, 23.008925], [120.184995, 23.008928], [120.184781, 23.009531], [120.184645, 23.009438], [120.184841, 23.008764], [120.18469, 23.008782], [120.18409, 23.008524], [120.184147, 23.008795], [120.183921, 23.009473], [120.185153, 23.009802], [120.185241, 23.00951], [120.184408, 23.009133], [120.184801, 23.008407], [120.184155, 23.008134], [120.183791, 23.007564], [120.181636, 23.006678], [120.181585, 23.006806], [120.181702, 23.00685], [120.181604, 23.007012], [120.181512, 23.006973], [120.181537, 23.006888], [120.181356, 23.006823], [120.181793, 23.005824], [120.181941, 23.005179], [120.183667, 23.005921], [120.183543, 23.005994], [120.183441, 23.006244], [120.183302, 23.006185], [120.183382, 23.006013], [120.182905, 23.005877], [120.182878, 23.005976], [120.183135, 23.006047], [120.183091, 23.006318], [120.182734, 23.006223], [120.182618, 23.006487], [120.183625, 23.00687], [120.183516, 23.007092], [120.181771, 23.006379], [120.181721, 23.0065], [120.18207, 23.006628], [120.181939, 23.006942], [120.1818, 23.006884], [120.181746, 23.007072], [120.181991, 23.007076], [120.181957, 23.007156], [120.182055, 23.0072], [120.18217, 23.007038], [120.182031, 23.006986], [120.182221, 23.007158], [120.183353, 23.00759], [120.183169, 23.007882], [120.182093, 23.007438], [120.181801, 23.008074], [120.181898, 23.00811], [120.182134, 23.00763], [120.182275, 23.007679], [120.182032, 23.008148], [120.182931, 23.008507], [120.183214, 23.007908], [120.18286, 23.00799], [120.182694, 23.008237], [120.182543, 23.008179], [120.182637, 23.007837], [120.182519, 23.007787], [120.182445, 23.007993], [120.182332, 23.007959], [120.182393, 23.007732], [120.182177, 23.00839], [120.182359, 23.008533], [120.182236, 23.008581], [120.181883, 23.008434], [120.181969, 23.008306], [120.182135, 23.008372], [120.182008, 23.008658], [120.182167, 23.008726], [120.182097, 23.008875], [120.182757, 23.0091], [120.182874, 23.008647], [120.182727, 23.008667], [120.182509, 23.008565], [120.182446, 23.008737], [120.182053, 23.008859], [120.181171, 23.008464], [120.181231, 23.008317], [120.181575, 23.00845], [120.181648, 23.008141], [120.181763, 23.00819], [120.181674, 23.008385], [120.181814, 23.008578], [120.181967, 23.008644], [120.181686, 23.008007], [120.181877, 23.007505], [120.181753, 23.007446], [120.181347, 23.008249], [120.181207, 23.0082], [120.181383, 23.007856], [120.181134, 23.007754], [120.181173, 23.007664], [120.18142, 23.007763], [120.181515, 23.007561], [120.181275, 23.007461], [120.181322, 23.007365], [120.181567, 23.007471], [120.181105, 23.007189], [120.180785, 23.007094], [120.180634, 23.007345], [120.181099, 23.007538], [120.181065, 23.007605], [120.180601, 23.007412], [120.180546, 23.007524], [120.181018, 23.007718], [120.180779, 23.00805], [120.18096, 23.008122], [120.181061, 23.007924], [120.180862, 23.008335], [120.180915, 23.008364], [120.180299, 23.008078], [120.180471, 23.00771], [120.180636, 23.006864], [120.18098, 23.006161], [120.180312, 23.006191], [120.180306, 23.006037], [120.181133, 23.005952], [120.181127, 23.00578], [120.180135, 23.005879], [120.180134, 23.006045], [120.18026, 23.006039], [120.180138, 23.00619], [120.180012, 23.006602], [120.180553, 23.006807], [120.18066, 23.006601], [120.180226, 23.006425], [120.180449, 23.006375], [120.180677, 23.006457], [120.181253, 23.006746], [120.181337, 23.006861], [120.181221, 23.007097], [120.180851, 23.006901], [120.180921, 23.006759], [120.181198, 23.006878], [120.181077, 23.006573], [120.18145, 23.005766], [120.181385, 23.005578], [120.181634, 23.005593], [120.181735, 23.005178], [120.181891, 23.005181], [120.179726, 23.005335], [120.179734, 23.005489], [120.181096, 23.005475], [120.181568, 23.005391], [120.181313, 23.005572], [120.179737, 23.005663], [120.179117, 23.006145], [120.179143, 23.007598], [120.182104, 23.005693], [120.182167, 23.005567], [120.182223, 23.005581], [120.182158, 23.005708], [120.18239, 23.005655], [120.182382, 23.005768], [120.182707, 23.005908], [120.182789, 23.006108], [120.182746, 23.006183], [120.183761, 23.006588], [120.183662, 23.006346], [120.183917, 23.006077], [120.184229, 23.006134], [120.185491, 23.006718], [120.184998, 23.006899], [120.18464, 23.006754], [120.183565, 23.007115], [120.183295, 23.00854], [120.185856, 23.007504]]}}, {"type": "Feature", "properties": {"district": "6703400", "segment": 14, "total_segments": 26, "km": 14.94, "villages": ["大港里"]}, "geometry": {"type": "LineString", "coordinates": [[120.184596, 23.009832], [120.182832, 23.009345], [120.18131, 23.008705], [120.181095, 23.009083], [120.181505, 23.009278], [120.181412, 23.009441], [120.181508, 23.009495], [120.181607, 23.009329], [120.18216, 23.009604], [120.181864, 23.010036], [120.181945, 23.010085], [120.182406, 23.009404], [120.182319, 23.009366], [120.18224, 23.009511], [120.181326, 23.00908], [120.181079, 23.009474], [120.181162, 23.009535], [120.181266, 23.009412], [120.181315, 23.009644], [120.181529, 23.009724], [120.181579, 23.009667], [120.181478, 23.009589], [120.18177, 23.009787], [120.181706, 23.009856], [120.18162, 23.009783], [120.18148, 23.009917], [120.181217, 23.01026], [120.181294, 23.01032], [120.181578, 23.009981], [120.181697, 23.010071], [120.18161, 23.010179], [120.181706, 23.010241], [120.181786, 23.010132], [120.182183, 23.010391], [120.182332, 23.010159], [120.18246, 23.010184], [120.182607, 23.009835], [120.183042, 23.009965], [120.183012, 23.010055], [120.182823, 23.009998], [120.182746, 23.010262], [120.182909, 23.010314], [120.182852, 23.010423], [120.182667, 23.010351], [120.182704, 23.010249], [120.182441, 23.010232], [120.182392, 23.010401], [120.183771, 23.011389], [120.184151, 23.011024], [120.184207, 23.010846], [120.184014, 23.010775], [120.183951, 23.010919], [120.183859, 23.010893], [120.183983, 23.010652], [120.183032, 23.010366], [120.183027, 23.010487], [120.183679, 23.010682], [120.183626, 23.010837], [120.183729, 23.010862], [120.183775, 23.010709], [120.184068, 23.010676], [120.184653, 23.010833], [120.184869, 23.010804], [120.184597, 23.011253], [120.184504, 23.011221], [120.184453, 23.011316], [120.184549, 23.011344], [120.184015, 23.011352], [120.183698, 23.011764], [120.183823, 23.011867], [120.183765, 23.011925], [120.183566, 23.011676], [120.183425, 23.011814], [120.183276, 23.011668], [120.183554, 23.011378], [120.183652, 23.011443], [120.183515, 23.011598], [120.183287, 23.011503], [120.183193, 23.011626], [120.182788, 23.01139], [120.183051, 23.011027], [120.183143, 23.011093], [120.183013, 23.011246], [120.182844, 23.011175], [120.18272, 23.011333], [120.182556, 23.01123], [120.182681, 23.011075], [120.182609, 23.011017], [120.182488, 23.011175], [120.182329, 23.011075], [120.18245, 23.010915], [120.182381, 23.010864], [120.182256, 23.011024], [120.182015, 23.010859], [120.182248, 23.010613], [120.182869, 23.011059], [120.182955, 23.010946], [120.182357, 23.010522], [120.182121, 23.010529], [120.181675, 23.010312], [120.181519, 23.010499], [120.181432, 23.01044], [120.181546, 23.010301], [120.181707, 23.010625], [120.181905, 23.010774], [120.182137, 23.010221], [120.181792, 23.009973], [120.181904, 23.009813], [120.182354, 23.009709], [120.182486, 23.009767], [120.182458, 23.009848], [120.182643, 23.009761], [120.182735, 23.009534], [120.182594, 23.009508], [120.182619, 23.009439], [120.182525, 23.00965], [120.183131, 23.009738], [120.183166, 23.009646], [120.182996, 23.009585], [120.183356, 23.010028], [120.184751, 23.010439], [120.184741, 23.010311], [120.183954, 23.010084], [120.184009, 23.009915], [120.183914, 23.009888], [120.183861, 23.010057], [120.183515, 23.009962], [120.183505, 23.009881], [120.18369, 23.009742], [120.183132, 23.010097], [120.182979, 23.010487], [120.183274, 23.010802], [120.183688, 23.011058], [120.18377, 23.010983], [120.183885, 23.011049], [120.183814, 23.011139], [120.183399, 23.011264], [120.183264, 23.011421], [120.183173, 23.011356], [120.183304, 23.011202], [120.183809, 23.01206], [120.185317, 23.011319], [120.185454, 23.011328], [120.185453, 23.011219], [120.185342, 23.011226], [120.185461, 23.011057], [120.18547, 23.010878], [120.1856, 23.010864], [120.185574, 23.011225], [120.185874, 23.011218], [120.185872, 23.011337], [120.185572, 23.011327], [120.185457, 23.011465], [120.185455, 23.011644], [120.185855, 23.011772], [120.185944, 23.01151], [120.185555, 23.011571], [120.185913, 23.011864], [120.186366, 23.011974], [120.186184, 23.012467], [120.186639, 23.012592], [120.186447, 23.012438], [120.186525, 23.012121], [120.186889, 23.011781], [120.186824, 23.011715], [120.186506, 23.01201], [120.186417, 23.011749], [120.186457, 23.011631], [120.18658, 23.011631], [120.186569, 23.011692], [120.186628, 23.011464], [120.186832, 23.011502], [120.187103, 23.011774], [120.187193, 23.011774], [120.187116, 23.011596], [120.18732, 23.011125], [120.187506, 23.010979], [120.187487, 23.010827], [120.187411, 23.010898], [120.188529, 23.010764], [120.188663, 23.010829], [120.188556, 23.011921], [120.188419, 23.011912], [120.188502, 23.010952], [120.188198, 23.010947], [120.188134, 23.011876], [120.188036, 23.011886], [120.188098, 23.011031], [120.187861, 23.011004], [120.18774, 23.011837], [120.187603, 23.011836], [120.187715, 23.011064], [120.187377, 23.011479], [120.187361, 23.011846], [120.187415, 23.011994], [120.1884, 23.012036], [120.188563, 23.012167], [120.188506, 23.01282], [120.189089, 23.013033], [120.189303, 23.013024], [120.189491, 23.011051], [120.189656, 23.01121], [120.189467, 23.012739], [120.189869, 23.012762], [120.189959, 23.012076], [120.189902, 23.012015], [120.190076, 23.010958], [120.189161, 23.010664], [120.188772, 23.010672], [120.188999, 23.010826], [120.188955, 23.011355], [120.189097, 23.011369], [120.189142, 23.010877], [120.189028, 23.012209], [120.189204, 23.012215], [120.189003, 23.012364], [120.188979, 23.012833], [120.18883, 23.012747], [120.188874, 23.012192], [120.188724, 23.012184], [120.188897, 23.011894], [120.188938, 23.011504], [120.188077, 23.012164], [120.187579, 23.012097], [120.187519, 23.012482], [120.187573, 23.012712], [120.187762, 23.012787], [120.187684, 23.012959], [120.187486, 23.012883], [120.187464, 23.012942], [120.187659, 23.013014], [120.187583, 23.013184], [120.187391, 23.013112], [120.187365, 23.013165], [120.187563, 23.013235], [120.187482, 23.013421], [120.187282, 23.013339], [120.187262, 23.013399], [120.187456, 23.013467], [120.187375, 23.013655], [120.187181, 23.013576], [120.187116, 23.013707], [120.188196, 23.014112], [120.188091, 23.014305], [120.188447, 23.014512], [120.188124, 23.014472], [120.188002, 23.014634], [120.187835, 23.014698], [120.18812, 23.014892], [120.187855, 23.014522], [120.187958, 23.014387], [120.187911, 23.014351], [120.187836, 23.014451], [120.187067, 23.01389], [120.186876, 23.013537], [120.186592, 23.013839], [120.186502, 23.01379], [120.187728, 23.014603], [120.187688, 23.014214], [120.187365, 23.013989], [120.188052, 23.014282], [120.188741, 23.014325], [120.189303, 23.014525], [120.189194, 23.014717], [120.189724, 23.013632], [120.189536, 23.013592], [120.189216, 23.014315], [120.189572, 23.013522], [120.18987, 23.013249], [120.189883, 23.012887], [120.189449, 23.012888], [120.18943, 23.013117], [120.18893, 23.013417], [120.188708, 23.015218], [120.187237, 23.012271], [120.187316, 23.012097], [120.187229, 23.012085], [120.187119, 23.012224], [120.187035, 23.012083], [120.186978, 23.012124], [120.187254, 23.011919], [120.18693, 23.011936], [120.18701, 23.011516], [120.187127, 23.011334], [120.186925, 23.011417], [120.18653, 23.011329], [120.186508, 23.011445], [120.185993, 23.011347], [120.18602, 23.010439], [120.185893, 23.010396], [120.185899, 23.011064], [120.186282, 23.011145], [120.186262, 23.011254], [120.186359, 23.011285], [120.186429, 23.01103], [120.186319, 23.010991], [120.186291, 23.011109], [120.1864, 23.010654], [120.186521, 23.010668], [120.186455, 23.010903], [120.186593, 23.011062], [120.186908, 23.011126], [120.186938, 23.010666], [120.186815, 23.010644], [120.186737, 23.010959], [120.187074, 23.010973], [120.187249, 23.010599], [120.186633, 23.010449], [120.186542, 23.010624], [120.186419, 23.01046], [120.185707, 23.01036], [120.18562, 23.010781], [120.185302, 23.010711], [120.185376, 23.010458], [120.184953, 23.010565], [120.184922, 23.010363], [120.185102, 23.010026], [120.185244, 23.010917], [120.186192, 23.011527], [120.18612, 23.01174], [120.186266, 23.011754], [120.186296, 23.011581], [120.186083, 23.01245], [120.185935, 23.012404], [120.185839, 23.012243], [120.185923, 23.011967], [120.186009, 23.01257], [120.185962, 23.012752], [120.186086, 23.01277], [120.186138, 23.012611], [120.186089, 23.012911], [120.18533, 23.013228], [120.184135, 23.010494], [120.181354, 23.009822], [120.181073, 23.01016], [120.180992, 23.010097], [120.181266, 23.009763], [120.181133, 23.00966], [120.180856, 23.010004], [120.180767, 23.00995], [120.181031, 23.009603], [120.180901, 23.009507], [120.180826, 23.009647], [120.180495, 23.009513], [120.18054, 23.009429], [120.180709, 23.009512], [120.180793, 23.009365], [120.180618, 23.009279], [120.180666, 23.009199], [120.180972, 23.009337], [120.181023, 23.009261], [120.18095, 23.00938], [120.180914, 23.009126], [120.180539, 23.008933], [120.180478, 23.009054], [120.180628, 23.009125], [120.180797, 23.008952], [120.180961, 23.00904], [120.181122, 23.008636], [120.178277, 23.007434], [120.178097, 23.007693]]}}, {"type": "Feature", "properties": {"district": "6703400", "segment": 15, "total_segments": 26, "km": 14.29, "villages": ["大港里", "大和里"]}, "geometry": {"type": "LineString", "coordinates": [[120.178991, 23.008079], [120.178912, 23.008138], [120.17804, 23.007773], [120.177966, 23.007964], [120.17885, 23.008525], [120.179069, 23.008226], [120.17934, 23.008342], [120.179424, 23.008162], [120.179523, 23.008244], [120.179395, 23.008498], [120.179152, 23.008765], [120.179046, 23.008676], [120.179261, 23.008451], [120.179629, 23.00865], [120.179388, 23.008927], [120.17931, 23.008864], [120.179463, 23.008689], [120.179649, 23.008889], [120.179509, 23.009032], [120.179574, 23.009071], [120.179943, 23.008588], [120.180382, 23.008798], [120.180516, 23.008593], [120.180659, 23.008681], [120.180328, 23.008999], [120.180062, 23.009421], [120.179827, 23.009269], [120.180055, 23.009005], [120.179954, 23.008934], [120.179738, 23.009208], [120.180057, 23.008803], [120.180203, 23.008828], [120.180356, 23.009196], [120.180403, 23.009676], [120.180703, 23.009812], [120.179808, 23.008541], [120.179884, 23.008349], [120.179779, 23.008303], [120.179687, 23.00849], [120.179555, 23.008204], [120.179141, 23.008076], [120.19025, 23.011082], [120.190569, 23.011142], [120.190317, 23.013392], [120.19021, 23.013388], [120.19057, 23.013489], [120.190517, 23.01334], [120.190743, 23.011233], [120.190993, 23.011277], [120.190889, 23.012235], [120.191107, 23.01225], [120.191194, 23.011354], [120.191415, 23.011423], [120.191255, 23.013113], [120.191143, 23.013335], [120.19078, 23.013294], [120.190733, 23.013587], [120.190619, 23.013746], [120.189968, 23.013538], [120.189519, 23.014603], [120.189297, 23.014916], [120.189375, 23.014964], [120.189137, 23.015109], [120.188944, 23.015419], [120.189451, 23.015605], [120.189713, 23.015982], [120.189833, 23.015142], [120.189919, 23.015146], [120.190058, 23.01482], [120.19014, 23.01485], [120.189597, 23.014654], [120.189936, 23.01456], [120.189994, 23.01441], [120.189941, 23.014336], [120.190192, 23.013779], [120.190405, 23.013861], [120.190025, 23.014637], [120.190218, 23.014689], [120.190759, 23.013825], [120.190681, 23.013776], [120.191246, 23.013976], [120.191167, 23.014187], [120.190817, 23.014077], [120.190727, 23.014253], [120.191376, 23.014484], [120.191454, 23.014255], [120.191245, 23.014214], [120.19158, 23.014336], [120.191507, 23.014676], [120.191618, 23.014717], [120.19173, 23.01443], [120.193092, 23.014893], [120.192647, 23.015874], [120.191777, 23.015719], [120.191901, 23.015226], [120.191994, 23.015311], [120.192639, 23.015452], [120.192684, 23.015342], [120.192019, 23.015115], [120.192114, 23.014905], [120.192757, 23.015203], [120.192612, 23.014953], [120.192792, 23.01464], [120.192715, 23.014587], [120.192887, 23.014305], [120.193074, 23.014316], [120.193134, 23.013287], [120.192979, 23.013285], [120.192992, 23.013154], [120.193661, 23.013161], [120.193605, 23.012308], [120.193664, 23.012161], [120.191657, 23.011496], [120.191532, 23.012901], [120.191884, 23.012933], [120.191887, 23.012795], [120.191712, 23.01277], [120.191723, 23.012623], [120.191898, 23.012629], [120.191913, 23.012484], [120.191736, 23.012476], [120.191755, 23.012275], [120.191933, 23.012281], [120.19188, 23.012162], [120.191926, 23.011748], [120.192705, 23.012004], [120.192503, 23.014167], [120.19239, 23.014083], [120.192378, 23.013706], [120.191968, 23.01363], [120.191957, 23.013744], [120.192166, 23.013745], [120.192065, 23.014014], [120.191457, 23.013846], [120.191529, 23.013123], [120.191857, 23.013164], [120.191788, 23.013353], [120.191831, 23.013459], [120.191653, 23.013447], [120.191668, 23.013338], [120.192204, 23.013401], [120.192199, 23.013494], [120.191971, 23.013489], [120.192003, 23.013311], [120.191805, 23.01362], [120.191633, 23.013609], [120.19162, 23.013714], [120.191791, 23.013732], [120.19211, 23.01403], [120.192281, 23.014084], [120.192121, 23.014222], [120.19206, 23.014196], [120.192012, 23.014387], [120.192603, 23.014551], [120.19271, 23.01425], [120.192873, 23.012598], [120.193008, 23.01273], [120.193491, 23.01275], [120.193488, 23.012869], [120.192997, 23.012848], [120.192874, 23.012373], [120.192908, 23.012066], [120.193275, 23.013292], [120.193651, 23.013302], [120.193637, 23.013645], [120.193519, 23.013779], [120.193222, 23.013771], [120.193215, 23.013869], [120.193512, 23.013883], [120.19364, 23.013998], [120.193326, 23.016112], [120.19309, 23.016026], [120.193094, 23.015567], [120.193292, 23.01519], [120.193136, 23.015134], [120.193237, 23.014962], [120.193354, 23.015008], [120.193109, 23.015173], [120.192766, 23.015891], [120.192945, 23.015952], [120.193022, 23.01568], [120.192423, 23.015589], [120.192437, 23.015703], [120.192276, 23.015555], [120.191987, 23.015515], [120.192197, 23.015614], [120.192157, 23.015958], [120.191747, 23.01591], [120.191621, 23.016489], [120.191526, 23.016482], [120.193011, 23.016758], [120.193018, 23.016459], [120.192945, 23.016391], [120.192976, 23.016225], [120.193064, 23.016199], [120.192196, 23.015981], [120.192128, 23.016106], [120.192062, 23.016446], [120.19222, 23.01648], [120.192294, 23.01614], [120.192529, 23.016187], [120.192429, 23.016526], [120.192627, 23.016559], [120.192705, 23.016227], [120.192856, 23.016427], [120.192719, 23.016908], [120.192768, 23.016921], [120.191606, 23.016711], [120.191567, 23.016824], [120.191596, 23.016918], [120.191772, 23.016957], [120.19175, 23.016862], [120.191918, 23.016894], [120.191854, 23.017148], [120.192047, 23.017185], [120.192107, 23.016931], [120.192339, 23.016972], [120.192279, 23.017235], [120.192466, 23.017268], [120.192437, 23.017414], [120.192525, 23.017006], [120.192778, 23.017083], [120.192632, 23.017547], [120.192746, 23.017564], [120.192888, 23.016932], [120.193172, 23.016967], [120.193017, 23.017829], [120.191897, 23.017361], [120.191647, 23.017175], [120.191544, 23.016915], [120.191268, 23.017013], [120.191815, 23.016399], [120.19188, 23.016068], [120.190741, 23.016164], [120.190721, 23.015425], [120.190869, 23.014647], [120.190943, 23.014668], [120.19056, 23.014539], [120.190556, 23.014796], [120.190408, 23.014757], [120.190372, 23.01493], [120.190657, 23.015013], [120.190535, 23.015356], [120.190703, 23.014844], [120.19094, 23.014916], [120.19108, 23.01456], [120.190619, 23.014406], [120.192076, 23.014887], [120.191929, 23.014681], [120.192884, 23.014649], [120.193163, 23.014751], [120.193229, 23.014596], [120.193028, 23.014516], [120.193375, 23.014672], [120.19325, 23.013347], [120.191228, 23.013597], [120.191211, 23.01375], [120.190987, 23.013689], [120.191013, 23.013554], [120.190784, 23.013256], [120.190859, 23.012471], [120.191074, 23.012494], [120.191037, 23.012938], [120.191106, 23.012362], [120.190171, 23.012384], [120.190027, 23.013342], [120.19022, 23.011232], [120.195616, 23.008616]]}}, {"type": "Feature", "properties": {"district": "6703400", "segment": 16, "total_segments": 26, "km": 13.72, "villages": ["大和里", "元美里"]}, "geometry": {"type": "LineString", "coordinates": [[120.193277, 23.016389], [120.19323, 23.016798], [120.193787, 23.015139], [120.193954, 23.014115], [120.19397, 23.013341], [120.194472, 23.013507], [120.194428, 23.013719], [120.194626, 23.013718], [120.194611, 23.013841], [120.194528, 23.013829], [120.194549, 23.013951], [120.194123, 23.013954], [120.194239, 23.013816], [120.194315, 23.014141], [120.194925, 23.014216], [120.194859, 23.014859], [120.195018, 23.014884], [120.195049, 23.014519], [120.195179, 23.014558], [120.195181, 23.014682], [120.195321, 23.014657], [120.195301, 23.014254], [120.19558, 23.014248], [120.19557, 23.01454], [120.195757, 23.014545], [120.195742, 23.014418], [120.195828, 23.01505], [120.195759, 23.015477], [120.196141, 23.01552], [120.196162, 23.014775], [120.19635, 23.014848], [120.196335, 23.014928], [120.196339, 23.014581], [120.196857, 23.014618], [120.196862, 23.014551], [120.196853, 23.014939], [120.197107, 23.014926], [120.197047, 23.015261], [120.197525, 23.015234], [120.198032, 23.01531], [120.197977, 23.015774], [120.197681, 23.015411], [120.197043, 23.015431], [120.197062, 23.01563], [120.197523, 23.015661], [120.197259, 23.014955], [120.197135, 23.014953], [120.19707, 23.014858], [120.19706, 23.014651], [120.197532, 23.014661], [120.197536, 23.014599], [120.197063, 23.014592], [120.197393, 23.014372], [120.197524, 23.014411], [120.197698, 23.014631], [120.198082, 23.014615], [120.198152, 23.013802], [120.197079, 23.013836], [120.19713, 23.01338], [120.1975, 23.013414], [120.197506, 23.013763], [120.197439, 23.013547], [120.197294, 23.013548], [120.197296, 23.013947], [120.197846, 23.013956], [120.197837, 23.014097], [120.197066, 23.014097], [120.197077, 23.013963], [120.197254, 23.013971], [120.196898, 23.013904], [120.196908, 23.013752], [120.196357, 23.013733], [120.196356, 23.013872], [120.196195, 23.01396], [120.195902, 23.013959], [120.1959, 23.014044], [120.196194, 23.014047], [120.196152, 23.014251], [120.195942, 23.014248], [120.19618, 23.014401], [120.196183, 23.014545], [120.195921, 23.014566], [120.196372, 23.014257], [120.196627, 23.014271], [120.196591, 23.014095], [120.196838, 23.014104], [120.19688, 23.01354], [120.196455, 23.013357], [120.196443, 23.013253], [120.196208, 23.013215], [120.196212, 23.012942], [120.19585, 23.012929], [120.195695, 23.012962], [120.195753, 23.013544], [120.1957, 23.013728], [120.195549, 23.013827], [120.195563, 23.014016], [120.194597, 23.013969], [120.194758, 23.013847], [120.194764, 23.013733], [120.195114, 23.013831], [120.195184, 23.013152], [120.195124, 23.012931], [120.195559, 23.012945], [120.195563, 23.013575], [120.195264, 23.013839], [120.195347, 23.013511], [120.195322, 23.013041], [120.194493, 23.013045], [120.194492, 23.013175], [120.194968, 23.01319], [120.194947, 23.01292], [120.194999, 23.01292], [120.194499, 23.0129], [120.194534, 23.012763], [120.19498, 23.01277], [120.194935, 23.01213], [120.194444, 23.012036], [120.194734, 23.011867], [120.194779, 23.011466], [120.194677, 23.01145], [120.194684, 23.01131], [120.195243, 23.011347], [120.195232, 23.011479], [120.194831, 23.01147], [120.195179, 23.011606], [120.195169, 23.011802], [120.195445, 23.011856], [120.19547, 23.011708], [120.195964, 23.011709], [120.195978, 23.011946], [120.19612, 23.011956], [120.196164, 23.011595], [120.195696, 23.011563], [120.195716, 23.011351], [120.19562, 23.011343], [120.195602, 23.011555], [120.195469, 23.01154], [120.195554, 23.010724], [120.195744, 23.010763], [120.195698, 23.011242], [120.195862, 23.011255], [120.19597, 23.010461], [120.195862, 23.010424], [120.19576, 23.010636], [120.195994, 23.010716], [120.19603, 23.010625], [120.196142, 23.010667], [120.19618, 23.011431], [120.195856, 23.011431], [120.196311, 23.011764], [120.196918, 23.011796], [120.197142, 23.011677], [120.197323, 23.011206], [120.197524, 23.011257], [120.197617, 23.011064], [120.197737, 23.0111], [120.197685, 23.011265], [120.197436, 23.01176], [120.197278, 23.011809], [120.197292, 23.011946], [120.197455, 23.012154], [120.19769, 23.012247], [120.198181, 23.01226], [120.19843, 23.012212], [120.198446, 23.012017], [120.198449, 23.011943], [120.198237, 23.011888], [120.198246, 23.011648], [120.198117, 23.011618], [120.198039, 23.01179], [120.1978, 23.011723], [120.197867, 23.011521], [120.197715, 23.011465], [120.197602, 23.011774], [120.197763, 23.011793], [120.197304, 23.011591], [120.197169, 23.011026], [120.197388, 23.011004], [120.197476, 23.010746], [120.19712, 23.010617], [120.196859, 23.011024], [120.196351, 23.010844], [120.196388, 23.010759], [120.196268, 23.010716], [120.196232, 23.010802], [120.196363, 23.010379], [120.195648, 23.010166], [120.195538, 23.010494], [120.195332, 23.010388], [120.195372, 23.010272], [120.195302, 23.010446], [120.195117, 23.010306], [120.19457, 23.010418], [120.194071, 23.010369], [120.194045, 23.009979], [120.194182, 23.00993], [120.195329, 23.009989], [120.194075, 23.011303], [120.194038, 23.011462], [120.194001, 23.01298], [120.194635, 23.013481], [120.194632, 23.013604], [120.194779, 23.013616], [120.194774, 23.013494], [120.19494, 23.013595], [120.195073, 23.014251], [120.19517, 23.014241], [120.19474, 23.01432], [120.19466, 23.014851], [120.194487, 23.01481], [120.194556, 23.014299], [120.194322, 23.014262], [120.1943, 23.014478], [120.194171, 23.014478], [120.194105, 23.014738], [120.194253, 23.014798], [120.194282, 23.014655], [120.194176, 23.014434], [120.194172, 23.014205], [120.19425, 23.014867], [120.194177, 23.01525], [120.194801, 23.015353], [120.194595, 23.015225], [120.194616, 23.015021], [120.194482, 23.01508], [120.194478, 23.014855], [120.19484, 23.015026], [120.195012, 23.014923], [120.194074, 23.014897], [120.194082, 23.015139], [120.193933, 23.01515], [120.195699, 23.014026], [120.196099, 23.013854], [120.196215, 23.013658], [120.196117, 23.013382], [120.195876, 23.013356], [120.195927, 23.013049], [120.196069, 23.013043], [120.196065, 23.013225], [120.196051, 23.012848], [120.195689, 23.012848], [120.196202, 23.012829], [120.196349, 23.01273], [120.196351, 23.012485], [120.197535, 23.012494], [120.197489, 23.013253], [120.197698, 23.013408], [120.197691, 23.013775], [120.198, 23.013396], [120.198174, 23.01345], [120.198395, 23.013241], [120.198419, 23.012481], [120.198751, 23.012524], [120.198748, 23.01263], [120.198567, 23.012647], [120.19856, 23.012782], [120.199047, 23.012757], [120.199043, 23.012883], [120.198863, 23.012875], [120.198931, 23.013005], [120.198853, 23.013292], [120.199048, 23.0133], [120.199123, 23.013015], [120.198768, 23.013], [120.198689, 23.013272], [120.198765, 23.013272], [120.198595, 23.013265], [120.198578, 23.012934], [120.198691, 23.012952], [120.198516, 23.013263], [120.199504, 23.013336], [120.199527, 23.012629], [120.199395, 23.012431], [120.199444, 23.012168], [120.199707, 23.012193], [120.199706, 23.012111], [120.199444, 23.012087], [120.199482, 23.011753], [120.19931, 23.011732], [120.199501, 23.011492], [120.199615, 23.011529], [120.198766, 23.01122], [120.198726, 23.011567], [120.198887, 23.011578], [120.198878, 23.011678], [120.198471, 23.011644], [120.198484, 23.011538], [120.19866, 23.011567], [120.198264, 23.01149], [120.198278, 23.011058], [120.196586, 23.010472], [120.196493, 23.012233], [120.196906, 23.012264], [120.196912, 23.012061], [120.197104, 23.012288], [120.197312, 23.012296], [120.197118, 23.012722], [120.197115, 23.01306], [120.196401, 23.012237], [120.196408, 23.012028], [120.196292, 23.012028], [120.196282, 23.012242], [120.196195, 23.012238], [120.196209, 23.012021], [120.196033, 23.012164], [120.195826, 23.012179], [120.195749, 23.012396], [120.195493, 23.012157], [120.195114, 23.012118], [120.198687, 23.01229], [120.198879, 23.01236], [120.198886, 23.012282], [120.198976, 23.012373], [120.199259, 23.01239], [120.199073, 23.012598], [120.198857, 23.012575], [120.199976, 23.012488], [120.199909, 23.012827], [120.199856, 23.012661], [120.199733, 23.012641], [120.19967, 23.013344], [120.199851, 23.013167], [120.199868, 23.012885], [120.200001, 23.012889], [120.199983, 23.013168], [120.200084, 23.013011], [120.200258, 23.013007], [120.200078, 23.013683], [120.200133, 23.012898], [120.200267, 23.012901], [120.200314, 23.012378], [120.200292, 23.012236], [120.200232, 23.012234], [120.200308, 23.011836], [120.199918, 23.015287], [120.19808, 23.014724], [120.19764, 23.014724], [120.198035, 23.014866]]}}, {"type": "Feature", "properties": {"district": "6703400", "segment": 17, "total_segments": 26, "km": 11.5, "villages": ["文元里"]}, "geometry": {"type": "LineString", "coordinates": [[120.198181, 23.015981], [120.199205, 23.016056], [120.199248, 23.01614], [120.199387, 23.016051], [120.200021, 23.01609], [120.199992, 23.016554], [120.199849, 23.016713], [120.19998, 23.016783], [120.199881, 23.018156], [120.199801, 23.018399], [120.199712, 23.018435], [120.198796, 23.01831], [120.198792, 23.018106], [120.198676, 23.018197], [120.198501, 23.018124], [120.198497, 23.018231], [120.198763, 23.018255], [120.198663, 23.017805], [120.198209, 23.017625], [120.198087, 23.01766], [120.198033, 23.017401], [120.197289, 23.016933], [120.196907, 23.016817], [120.196959, 23.016654], [120.197324, 23.016658], [120.197358, 23.016429], [120.197255, 23.016375], [120.197406, 23.016099], [120.197509, 23.016109], [120.197478, 23.016255], [120.197655, 23.016329], [120.198192, 23.016414], [120.198207, 23.016129], [120.198381, 23.016397], [120.199068, 23.016399], [120.199177, 23.016483], [120.199167, 23.016605], [120.198736, 23.016612], [120.198698, 23.016687], [120.198577, 23.017574], [120.199114, 23.017617], [120.199254, 23.017577], [120.199274, 23.017338], [120.198718, 23.01731], [120.198722, 23.017249], [120.19923, 23.017275], [120.199285, 23.016975], [120.198748, 23.01697], [120.198757, 23.016821], [120.199295, 23.016854], [120.199379, 23.016307], [120.199558, 23.016698], [120.199438, 23.017627], [120.199643, 23.01762], [120.199612, 23.017802], [120.199429, 23.017801], [120.199323, 23.018217], [120.199218, 23.017966], [120.199253, 23.017799], [120.198446, 23.017485], [120.198483, 23.016642], [120.198641, 23.016624], [120.198384, 23.016547], [120.198145, 23.016567], [120.198102, 23.017244], [120.198238, 23.017067], [120.198382, 23.017077], [120.198387, 23.017023], [120.198242, 23.017014], [120.197909, 23.01766], [120.197659, 23.017617], [120.197495, 23.017436], [120.197377, 23.017481], [120.197364, 23.017637], [120.197183, 23.017625], [120.197333, 23.017856], [120.197325, 23.018013], [120.197449, 23.018028], [120.197404, 23.018205], [120.197536, 23.018258], [120.197311, 23.019405], [120.197518, 23.019355], [120.19757, 23.018715], [120.197733, 23.018785], [120.197771, 23.018721], [120.197765, 23.018275], [120.198441, 23.018376], [120.19833, 23.018203], [120.198053, 23.018166], [120.198341, 23.018107], [120.198186, 23.018091], [120.198166, 23.018588], [120.197953, 23.018567], [120.197961, 23.018501], [120.198069, 23.01851], [120.197946, 23.018694], [120.197936, 23.018888], [120.198037, 23.018788], [120.198329, 23.018874], [120.198367, 23.018685], [120.198332, 23.018994], [120.198458, 23.019265], [120.198869, 23.019373], [120.198656, 23.019853], [120.198497, 23.019694], [120.198375, 23.019783], [120.198722, 23.019876], [120.199168, 23.019862], [120.199208, 23.019309], [120.199011, 23.019229], [120.199217, 23.018656], [120.199263, 23.018548], [120.199675, 23.018627], [120.199449, 23.01937], [120.198108, 23.01955], [120.197615, 23.01948], [120.197173, 23.019096], [120.197206, 23.018809], [120.19687, 23.018836], [120.196899, 23.018725], [120.197057, 23.018746], [120.197019, 23.018627], [120.196901, 23.01862], [120.196913, 23.018495], [120.197105, 23.01852], [120.197078, 23.018623], [120.197082, 23.018354], [120.196926, 23.01834], [120.197129, 23.018352], [120.19715, 23.018221], [120.197048, 23.017929], [120.196776, 23.01768], [120.196872, 23.017587], [120.196656, 23.017543], [120.196591, 23.01682], [120.196416, 23.016843], [120.196441, 23.017086], [120.196312, 23.017177], [120.196272, 23.017331], [120.19638, 23.017342], [120.196342, 23.017606], [120.196446, 23.017659], [120.196321, 23.017738], [120.195701, 23.017683], [120.195718, 23.017602], [120.195868, 23.017628], [120.195971, 23.017502], [120.196238, 23.017526], [120.196221, 23.017842], [120.196428, 23.017879], [120.196368, 23.017991], [120.196493, 23.018022], [120.196474, 23.018178], [120.196038, 23.018119], [120.195982, 23.018223], [120.196458, 23.018324], [120.19632, 23.018001], [120.196026, 23.017961], [120.196038, 23.017841], [120.196172, 23.017852], [120.195685, 23.017872], [120.195668, 23.017997], [120.195865, 23.018032], [120.195847, 23.018183], [120.195642, 23.018159], [120.195618, 23.018321], [120.195831, 23.018341], [120.195802, 23.018458], [120.195607, 23.018435], [120.195588, 23.018561], [120.195928, 23.018608], [120.19598, 23.018353], [120.19588, 23.018863], [120.196283, 23.018974], [120.196322, 23.018659], [120.196403, 23.018686], [120.196364, 23.019039], [120.196507, 23.019085], [120.196281, 23.019009], [120.196907, 23.019089], [120.196865, 23.018957], [120.197039, 23.018978], [120.196956, 23.019239], [120.195386, 23.018648], [120.195541, 23.01754], [120.195264, 23.017353], [120.195267, 23.017123], [120.195093, 23.017114], [120.194857, 23.018308], [120.195026, 23.018309], [120.195119, 23.017889], [120.195206, 23.017852], [120.195224, 23.017443], [120.195097, 23.017074], [120.195144, 23.016903], [120.194712, 23.016716], [120.194126, 23.016609], [120.194088, 23.017247], [120.193977, 23.017583], [120.194168, 23.017618], [120.194136, 23.017757], [120.193402, 23.017635], [120.193355, 23.017858], [120.193412, 23.017974], [120.195234, 23.018626], [120.195321, 23.0179], [120.194751, 23.01787], [120.194856, 23.016953], [120.19468, 23.016889], [120.19463, 23.017329], [120.194439, 23.017283], [120.194469, 23.01712], [120.194353, 23.017103], [120.19432, 23.017263], [120.193889, 23.017026], [120.193929, 23.016785], [120.193549, 23.016695], [120.193481, 23.017077], [120.193543, 23.017088], [120.193407, 23.017541], [120.193623, 23.017573], [120.193651, 23.017447], [120.193769, 23.017464], [120.19374, 23.017587], [120.193931, 23.017601], [120.193756, 23.01786], [120.19455, 23.018129], [120.194575, 23.018016], [120.194166, 23.017845], [120.194751, 23.017928], [120.194681, 23.018243], [120.195562, 23.016895], [120.19577, 23.016997], [120.195943, 23.016924], [120.196011, 23.01615], [120.195956, 23.015847], [120.195793, 23.01587], [120.19578, 23.015999], [120.195844, 23.016002], [120.195664, 23.015979], [120.195667, 23.015841], [120.195728, 23.015932], [120.195586, 23.015976], [120.195571, 23.015579], [120.19582, 23.015675], [120.197494, 23.015909], [120.197098, 23.016195], [120.196499, 23.016107], [120.196533, 23.015968], [120.196445, 23.015939], [120.196395, 23.016219], [120.196278, 23.016049], [120.196291, 23.015907], [120.196192, 23.015888], [120.196155, 23.016031], [120.195834, 23.016122], [120.195781, 23.016815], [120.195615, 23.01676], [120.195654, 23.016113], [120.195489, 23.016145], [120.195448, 23.016625], [120.195287, 23.016571], [120.195292, 23.016088], [120.195113, 23.016106], [120.195036, 23.016593], [120.194914, 23.016535], [120.194969, 23.016099], [120.194794, 23.01612], [120.194787, 23.016063], [120.194693, 23.016437], [120.194779, 23.016439], [120.19446, 23.016469], [120.194511, 23.016137], [120.194393, 23.016125], [120.194405, 23.015963], [120.194468, 23.015702], [120.194584, 23.015731], [120.194547, 23.016032], [120.194369, 23.016253], [120.194211, 23.016227], [120.194305, 23.015665], [120.194091, 23.015661], [120.194084, 23.01577], [120.193964, 23.0157], [120.193993, 23.015521], [120.194091, 23.015624], [120.194148, 23.015395], [120.193763, 23.015306], [120.193668, 23.015968], [120.193758, 23.016052], [120.193712, 23.01625], [120.194206, 23.016271], [120.194191, 23.016412], [120.194265, 23.016449], [120.195074, 23.016613], [120.195991, 23.017091], [120.196123, 23.016884], [120.196165, 23.016453], [120.19646, 23.016502], [120.196438, 23.01669], [120.196261, 23.016748], [120.196239, 23.016984], [120.196558, 23.016645], [120.196911, 23.016628], [120.196973, 23.016324], [120.19682, 23.016306], [120.197046, 23.016335], [120.197317, 23.016705], [120.197192, 23.017183], [120.197525, 23.01764], [120.196747, 23.017304], [120.196779, 23.016964], [120.195483, 23.016096], [120.194369, 23.015465]]}}, {"type": "Feature", "properties": {"district": "6703400", "segment": 18, "total_segments": 26, "km": 12.89, "villages": ["華德里"]}, "geometry": {"type": "LineString", "coordinates": [[120.200523, 23.016147], [120.200389, 23.017916], [120.200228, 23.018525], [120.200399, 23.018554], [120.200386, 23.018789], [120.200588, 23.018851], [120.20054, 23.018941], [120.201461, 23.019296], [120.201415, 23.019137], [120.200717, 23.01889], [120.200771, 23.018685], [120.200716, 23.01867], [120.201576, 23.01887], [120.201639, 23.018477], [120.201882, 23.018016], [120.202072, 23.017284], [120.202118, 23.017041], [120.201524, 23.01688], [120.201481, 23.017108], [120.201778, 23.017137], [120.201759, 23.01722], [120.201469, 23.017198], [120.201453, 23.017327], [120.201619, 23.017347], [120.200874, 23.017313], [120.200862, 23.01744], [120.201268, 23.017489], [120.201249, 23.017629], [120.200845, 23.017566], [120.200755, 23.017787], [120.200667, 23.017786], [120.200644, 23.018005], [120.200563, 23.017995], [120.200582, 23.017783], [120.200493, 23.017779], [120.200849, 23.01781], [120.200801, 23.018455], [120.200738, 23.018534], [120.201141, 23.018582], [120.201149, 23.018492], [120.200856, 23.018462], [120.200938, 23.018347], [120.201014, 23.017836], [120.2012, 23.017875], [120.201137, 23.018377], [120.20138, 23.018417], [120.201356, 23.018504], [120.201437, 23.017739], [120.201299, 23.017229], [120.200893, 23.017181], [120.200909, 23.017049], [120.201318, 23.017081], [120.201331, 23.016961], [120.200928, 23.016908], [120.200943, 23.016768], [120.201332, 23.016837], [120.201214, 23.016197], [120.202164, 23.017051], [120.202063, 23.018125], [120.202763, 23.01832], [120.202647, 23.018723], [120.202812, 23.018774], [120.202939, 23.018364], [120.203521, 23.018552], [120.203504, 23.018681], [120.203113, 23.018581], [120.203075, 23.018704], [120.204336, 23.019054], [120.204894, 23.019192], [120.204927, 23.019095], [120.20365, 23.018782], [120.203731, 23.018564], [120.205142, 23.018995], [120.205844, 23.019114], [120.205676, 23.019356], [120.205448, 23.019239], [120.205366, 23.019394], [120.205588, 23.019501], [120.205547, 23.019603], [120.205337, 23.019495], [120.205245, 23.019638], [120.205449, 23.019743], [120.205305, 23.019939], [120.204644, 23.019762], [120.20453, 23.020039], [120.204873, 23.020203], [120.204509, 23.020209], [120.204422, 23.020434], [120.204294, 23.020383], [120.204376, 23.020003], [120.204052, 23.019901], [120.204048, 23.020282], [120.204144, 23.020299], [120.204183, 23.020157], [120.20426, 23.020342], [120.204191, 23.020487], [120.20389, 23.020392], [120.203913, 23.02027], [120.203717, 23.020455], [120.203421, 23.020444], [120.203335, 23.020038], [120.20339, 23.019879], [120.20332, 23.019747], [120.203384, 23.019622], [120.203688, 23.019712], [120.203486, 23.019253], [120.202878, 23.019111], [120.202946, 23.018868], [120.202852, 23.01919], [120.201808, 23.01893], [120.201896, 23.018726], [120.202195, 23.018833], [120.202244, 23.018688], [120.201922, 23.018625], [120.201988, 23.018389], [120.202511, 23.018523], [120.202542, 23.01842], [120.20202, 23.018283], [120.201823, 23.019194], [120.201729, 23.019176], [120.202287, 23.019311], [120.201721, 23.019357], [120.201419, 23.020267], [120.201545, 23.020297], [120.201681, 23.019862], [120.201839, 23.019903], [120.201705, 23.02034], [120.202135, 23.020409], [120.202174, 23.020275], [120.201827, 23.020196], [120.201898, 23.020031], [120.202234, 23.020113], [120.20227, 23.019994], [120.201941, 23.019908], [120.202467, 23.019892], [120.203074, 23.020029], [120.202953, 23.020344], [120.202386, 23.020174], [120.202357, 23.0203], [120.202908, 23.020446], [120.202848, 23.020558], [120.203037, 23.020697], [120.20324, 23.020647], [120.203229, 23.020925], [120.204646, 23.021273], [120.204661, 23.021444], [120.204537, 23.021475], [120.203035, 23.021201], [120.202738, 23.020965], [120.201805, 23.020708], [120.201848, 23.020574], [120.202317, 23.02068], [120.20222, 23.020968], [120.202006, 23.020933], [120.201482, 23.020759], [120.201514, 23.020468], [120.201567, 23.020477], [120.201338, 23.020432], [120.201291, 23.020504], [120.201113, 23.020451], [120.201094, 23.020511], [120.201045, 23.020324], [120.200392, 23.0201], [120.20033, 23.02024], [120.200262, 23.020215], [120.200325, 23.020079], [120.200143, 23.020014], [120.200088, 23.020157], [120.200023, 23.020135], [120.200152, 23.019793], [120.200251, 23.019821], [120.200317, 23.01966], [120.200161, 23.019609], [120.200203, 23.019496], [120.200359, 23.019548], [120.200403, 23.019434], [120.20025, 23.019384], [120.200294, 23.01927], [120.200444, 23.019316], [120.200533, 23.019067], [120.200678, 23.019106], [120.200621, 23.019274], [120.201399, 23.019475], [120.200188, 23.01877], [120.199759, 23.019879], [120.199866, 23.020326], [120.200843, 23.020679], [120.20354, 23.020824], [120.203612, 23.020587], [120.203677, 23.020596], [120.203615, 23.020839], [120.204646, 23.021078], [120.204775, 23.020942], [120.205002, 23.020979], [120.205024, 23.020874], [120.205145, 23.020843], [120.205609, 23.020867], [120.205671, 23.020884], [120.205537, 23.021001], [120.205559, 23.021249], [120.205373, 23.021236], [120.205252, 23.021126], [120.205103, 23.021206], [120.205145, 23.021323], [120.205327, 23.021394], [120.205449, 23.021622], [120.205065, 23.021574], [120.204966, 23.02111], [120.205392, 23.021078], [120.20542, 23.020991], [120.205417, 23.021125], [120.205632, 23.021095], [120.204248, 23.020512], [120.20507, 23.019443], [120.205451, 23.018814], [120.205969, 23.018903], [120.206252, 23.018627], [120.206288, 23.018563], [120.205782, 23.01846], [120.205931, 23.018282], [120.206477, 23.018402], [120.206547, 23.018313], [120.206274, 23.018259], [120.206417, 23.018009], [120.206412, 23.017683], [120.206359, 23.017692], [120.206689, 23.017641], [120.206723, 23.017902], [120.206547, 23.017884], [120.206529, 23.017721], [120.206551, 23.017962], [120.206454, 23.01819], [120.206613, 23.018218], [120.207261, 23.017751], [120.207163, 23.017593], [120.206822, 23.017629], [120.207055, 23.0182], [120.206198, 23.019079], [120.20623, 23.019326], [120.206393, 23.019429], [120.206187, 23.019778], [120.205991, 23.019263], [120.206519, 23.019291], [120.207144, 23.018469], [120.207709, 23.018039], [120.208087, 23.017904], [120.208782, 23.017404], [120.208682, 23.0171], [120.209096, 23.016922], [120.209166, 23.01705], [120.209045, 23.017128], [120.210076, 23.016428], [120.209976, 23.016311], [120.209259, 23.016799], [120.208944, 23.016213], [120.209299, 23.016023], [120.209515, 23.016284], [120.209198, 23.016498], [120.2089, 23.016592], [120.208724, 23.016295], [120.207767, 23.016828], [120.207999, 23.017268], [120.207921, 23.017319], [120.208087, 23.01722], [120.208277, 23.017398], [120.20775, 23.017455], [120.207508, 23.016948], [120.206234, 23.017535], [120.206001, 23.017497], [120.20605, 23.017356], [120.205712, 23.018217], [120.205803, 23.018229], [120.205628, 23.018198], [120.205522, 23.018369], [120.205373, 23.018339], [120.205792, 23.017168], [120.206056, 23.017131], [120.206065, 23.017889], [120.205984, 23.01817], [120.207175, 23.018185], [120.20895, 23.016722], [120.208914, 23.016634], [120.210289, 23.016195], [120.204712, 23.018342]]}}, {"type": "Feature", "properties": {"district": "6703400", "segment": 19, "total_segments": 26, "km": 14.99, "villages": ["福德里"]}, "geometry": {"type": "LineString", "coordinates": [[120.204999, 23.016735], [120.203879, 23.016471], [120.203918, 23.016334], [120.20421, 23.016409], [120.204253, 23.016284], [120.203852, 23.01618], [120.203755, 23.016176], [120.203686, 23.016417], [120.203866, 23.016324], [120.20377, 23.016118], [120.203831, 23.015917], [120.204276, 23.015987], [120.204296, 23.016125], [120.203902, 23.016001], [120.203791, 23.015835], [120.203664, 23.015876], [120.203513, 23.016369], [120.203253, 23.016304], [120.203206, 23.016172], [120.203403, 23.015747], [120.203293, 23.015722], [120.20306, 23.016237], [120.202705, 23.01616], [120.202912, 23.015639], [120.202971, 23.015569], [120.203151, 23.015588], [120.203188, 23.015467], [120.203024, 23.015449], [120.203147, 23.015184], [120.204576, 23.015182], [120.204526, 23.015413], [120.203955, 23.015378], [120.203651, 23.015484], [120.203596, 23.015678], [120.204144, 23.015616], [120.204209, 23.015671], [120.204281, 23.015613], [120.204342, 23.015667], [120.204473, 23.015605], [120.204404, 23.015666], [120.204406, 23.015857], [120.204501, 23.01554], [120.204664, 23.015539], [120.204807, 23.015185], [120.205361, 23.015219], [120.205405, 23.015332], [120.205993, 23.015298], [120.206008, 23.015415], [120.205429, 23.015441], [120.20546, 23.01563], [120.205767, 23.015569], [120.205908, 23.016303], [120.205611, 23.016314], [120.205475, 23.015694], [120.20522, 23.015464], [120.204827, 23.015565], [120.204872, 23.014955], [120.204738, 23.014936], [120.20515, 23.014899], [120.205016, 23.014118], [120.204006, 23.01416], [120.204007, 23.014445], [120.203913, 23.01444], [120.203902, 23.014158], [120.203576, 23.014246], [120.203382, 23.014145], [120.203079, 23.014129], [120.203046, 23.014502], [120.203168, 23.014526], [120.203287, 23.014253], [120.203454, 23.014503], [120.203382, 23.014685], [120.203729, 23.014677], [120.203732, 23.014762], [120.203341, 23.014768], [120.203256, 23.014966], [120.20339, 23.015001], [120.203614, 23.015012], [120.203855, 23.014864], [120.203828, 23.014806], [120.204031, 23.014845], [120.204054, 23.015016], [120.20393, 23.01502], [120.204035, 23.014723], [120.204026, 23.014636], [120.203915, 23.014624], [120.203915, 23.014485], [120.204948, 23.014439], [120.204943, 23.01429], [120.20416, 23.014314], [120.20448, 23.014713], [120.205083, 23.014117], [120.205329, 23.014112], [120.205339, 23.014215], [120.2055, 23.014087], [120.205652, 23.014077], [120.205548, 23.014286], [120.205523, 23.014602], [120.205375, 23.014652], [120.205388, 23.01481], [120.205786, 23.014907], [120.206163, 23.014897], [120.206243, 23.014838], [120.206169, 23.014741], [120.206505, 23.014827], [120.206453, 23.014269], [120.206281, 23.014267], [120.20633, 23.014057], [120.206146, 23.014065], [120.206138, 23.013829], [120.206495, 23.013828], [120.206441, 23.013618], [120.205305, 23.013652], [120.205311, 23.013851], [120.206082, 23.013835], [120.206025, 23.013514], [120.2053, 23.013529], [120.204973, 23.012965], [120.204306, 23.013017], [120.204307, 23.01286], [120.204164, 23.012872], [120.204163, 23.013023], [120.204081, 23.013026], [120.204091, 23.012868], [120.203949, 23.012865], [120.20395, 23.013218], [120.204106, 23.013222], [120.203471, 23.013171], [120.203458, 23.012615], [120.202025, 23.012372], [120.201948, 23.01269], [120.203227, 23.012995], [120.203061, 23.013443], [120.203084, 23.013836], [120.203446, 23.013888], [120.203444, 23.013616], [120.203895, 23.013608], [120.203028, 23.013832], [120.201606, 23.013802], [120.201611, 23.014023], [120.201225, 23.014034], [120.20105, 23.013997], [120.201069, 23.013751], [120.201321, 23.013763], [120.200672, 23.013743], [120.200669, 23.013663], [120.20116, 23.014228], [120.201587, 23.014264], [120.201579, 23.014362], [120.201151, 23.014329], [120.201136, 23.014486], [120.201568, 23.014515], [120.201558, 23.014618], [120.201128, 23.014594], [120.201115, 23.01473], [120.201545, 23.014761], [120.201513, 23.01486], [120.200966, 23.014829], [120.200979, 23.015029], [120.201115, 23.015016], [120.201092, 23.015409], [120.200606, 23.015359], [120.200648, 23.014982], [120.200923, 23.015027], [120.200904, 23.015162], [120.200737, 23.015144], [120.201278, 23.015199], [120.201293, 23.015024], [120.201226, 23.015547], [120.201425, 23.015578], [120.201424, 23.015801], [120.201018, 23.015783], [120.20101, 23.015912], [120.201452, 23.015949], [120.201448, 23.015457], [120.201692, 23.01535], [120.201704, 23.015269], [120.201796, 23.015281], [120.20179, 23.015364], [120.202015, 23.015285], [120.202566, 23.015367], [120.202536, 23.015503], [120.202237, 23.015487], [120.202169, 23.015383], [120.201996, 23.015379], [120.201999, 23.0151], [120.201752, 23.015084], [120.201795, 23.014415], [120.202008, 23.014519], [120.201992, 23.014676], [120.20187, 23.014667], [120.201851, 23.014904], [120.202277, 23.014943], [120.202309, 23.014528], [120.20242, 23.014537], [120.202375, 23.015119], [120.202802, 23.015152], [120.202733, 23.014973], [120.202591, 23.014967], [120.202345, 23.015118], [120.202081, 23.015102], [120.202167, 23.014656], [120.202876, 23.014663], [120.202922, 23.014101], [120.202677, 23.01406], [120.202838, 23.013638], [120.202271, 23.01351], [120.201635, 23.013163], [120.201244, 23.013137], [120.201257, 23.013003], [120.201647, 23.013037], [120.201539, 23.012811], [120.201465, 23.012813], [120.201491, 23.012629], [120.201651, 23.01264], [120.20165, 23.01248], [120.200776, 23.012418], [120.200766, 23.012578], [120.201434, 23.012626], [120.201299, 23.012325], [120.20078, 23.012284], [120.200776, 23.012367], [120.200802, 23.011998], [120.201809, 23.012314], [120.200889, 23.012766], [120.200733, 23.012771], [120.201793, 23.013578], [120.201812, 23.014045], [120.200614, 23.014755], [120.200508, 23.015808], [120.201063, 23.015642], [120.201073, 23.015536], [120.201647, 23.016028], [120.202371, 23.016088], [120.202401, 23.01602], [120.202493, 23.016034], [120.202457, 23.016099], [120.202222, 23.01593], [120.201821, 23.015898], [120.202726, 23.015602], [120.202798, 23.015407], [120.203382, 23.015579], [120.203038, 23.014772], [120.203128, 23.014661], [120.203703, 23.012625], [120.204395, 23.012627], [120.206324, 23.01239], [120.206348, 23.012727], [120.20621, 23.012975], [120.206307, 23.013506], [120.206417, 23.013505], [120.206101, 23.01351], [120.205988, 23.013171], [120.206075, 23.013154], [120.206128, 23.013387], [120.206031, 23.012965], [120.205869, 23.012993], [120.206634, 23.012844], [120.206748, 23.013809], [120.207668, 23.013732], [120.207623, 23.013606], [120.206798, 23.013713], [120.206803, 23.013471], [120.207542, 23.013397], [120.207576, 23.013472], [120.207501, 23.013245], [120.206776, 23.01331], [120.206758, 23.013154], [120.206952, 23.013138], [120.20695, 23.013078], [120.206751, 23.013091], [120.207395, 23.012903], [120.207445, 23.01304], [120.207083, 23.013154], [120.20748, 23.013139], [120.207652, 23.013038], [120.207625, 23.012982], [120.208227, 23.012849], [120.208128, 23.012682], [120.207592, 23.012834], [120.207522, 23.012648], [120.208103, 23.012456], [120.208035, 23.012294], [120.208306, 23.012223], [120.208213, 23.011912], [120.208364, 23.011862], [120.207509, 23.012117], [120.20732, 23.012702], [120.206828, 23.012786], [120.206703, 23.012308], [120.207957, 23.013292], [120.20801, 23.013619], [120.207834, 23.01365], [120.208663, 23.013528], [120.209082, 23.013339], [120.209408, 23.014111], [120.209202, 23.01404], [120.208731, 23.014182], [120.208065, 23.014258], [120.208206, 23.014543], [120.208345, 23.014605], [120.207955, 23.01454], [120.206943, 23.014606], [120.206863, 23.014545], [120.206797, 23.014607], [120.206791, 23.014909], [120.207536, 23.014868], [120.207532, 23.014731], [120.207669, 23.014723], [120.207544, 23.015082], [120.206822, 23.015112], [120.207004, 23.015611], [120.207703, 23.015346], [120.207657, 23.015245], [120.207899, 23.015128], [120.208185, 23.015729], [120.208237, 23.015604], [120.208382, 23.015558], [120.208298, 23.015406], [120.208168, 23.015437], [120.20848, 23.015729], [120.208398, 23.015801], [120.208627, 23.016103], [120.208513, 23.01614], [120.208442, 23.015987], [120.209266, 23.015569], [120.209343, 23.015688], [120.208825, 23.015965], [120.209923, 23.015354], [120.209818, 23.015252], [120.209458, 23.015466], [120.20966, 23.015021], [120.209783, 23.015064], [120.209519, 23.014315], [120.209058, 23.013866], [120.208007, 23.014066], [120.207984, 23.013916], [120.20902, 23.013729], [120.208695, 23.013349], [120.208539, 23.013296], [120.208468, 23.013082], [120.208473, 23.012967], [120.208561, 23.012949], [120.208478, 23.012684], [120.20863, 23.012553], [120.208835, 23.012519], [120.208895, 23.012666], [120.208571, 23.011781], [120.208964, 23.013235], [120.207932, 23.014709], [120.208131, 23.015157], [120.207793, 23.015519], [120.207074, 23.015779], [120.207307, 23.016486], [120.207611, 23.016393], [120.207617, 23.016454], [120.20733, 23.01657], [120.207349, 23.016624], [120.207056, 23.016679]]}}, {"type": "Feature", "properties": {"district": "6703400", "segment": 20, "total_segments": 26, "km": 14.98, "villages": ["福德里", "成德里"]}, "geometry": {"type": "LineString", "coordinates": [[120.207084, 23.016826], [120.205722, 23.016906], [120.205714, 23.016511], [120.207016, 23.016433], [120.207025, 23.016537], [120.205859, 23.016637], [120.205874, 23.016777], [120.206925, 23.016698], [120.206661, 23.016253], [120.206012, 23.016291], [120.205835, 23.015565], [120.205915, 23.015623], [120.206041, 23.015563], [120.206055, 23.015619], [120.206253, 23.015321], [120.206227, 23.015127], [120.205827, 23.015121], [120.205827, 23.01521], [120.205735, 23.01521], [120.205739, 23.015123], [120.205358, 23.015126], [120.205761, 23.014754], [120.205367, 23.014561], [120.206764, 23.014542], [120.206572, 23.015134], [120.206776, 23.015661], [120.206628, 23.016147], [120.205646, 23.01651], [120.204428, 23.016305], [120.205123, 23.016753], [120.205434, 23.016788], [120.206327, 23.015316], [120.206309, 23.01513], [120.206479, 23.015127], [120.207346, 23.016219], [120.207609, 23.016166], [120.207627, 23.016237], [120.207353, 23.016287], [120.207704, 23.016426], [120.208226, 23.016334], [120.209541, 23.014393], [120.208308, 23.011178], [120.207814, 23.010377], [120.207936, 23.010191], [120.207698, 23.009732], [120.207197, 23.009452], [120.207123, 23.009081], [120.207263, 23.00901], [120.207011, 23.00855], [120.20704, 23.009095], [120.205956, 23.009373], [120.205776, 23.009397], [120.205496, 23.009075], [120.205267, 23.009223], [120.204804, 23.008672], [120.204142, 23.00907], [120.204389, 23.009343], [120.204485, 23.00932], [120.204343, 23.009123], [120.204554, 23.009029], [120.204995, 23.009602], [120.205359, 23.009395], [120.205468, 23.00951], [120.205292, 23.009259], [120.205121, 23.009364], [120.204748, 23.008848], [120.204839, 23.008642], [120.205216, 23.008408], [120.205016, 23.008145], [120.205685, 23.007724], [120.205361, 23.007306], [120.206104, 23.006949], [120.206065, 23.006884], [120.206123, 23.006987], [120.206045, 23.007125], [120.205547, 23.007324], [120.205645, 23.007474], [120.206241, 23.007192], [120.206447, 23.007461], [120.206485, 23.008043], [120.205387, 23.00776], [120.205146, 23.00744], [120.204961, 23.007558], [120.205219, 23.007864], [120.205024, 23.007987], [120.204487, 23.007294], [120.204357, 23.007465], [120.204859, 23.008238], [120.204977, 23.00817], [120.204381, 23.008525], [120.204344, 23.008325], [120.203836, 23.007678], [120.203915, 23.007413], [120.203835, 23.007296], [120.203778, 23.007418], [120.203212, 23.007739], [120.203273, 23.007812], [120.203093, 23.007698], [120.202804, 23.007813], [120.202999, 23.007818], [120.20325, 23.008274], [120.20337, 23.008324], [120.203707, 23.00878], [120.203925, 23.008641], [120.2037, 23.008353], [120.203949, 23.008247], [120.203604, 23.007817], [120.203395, 23.007981], [120.203517, 23.008128], [120.203977, 23.008277], [120.204239, 23.008664], [120.203511, 23.009153], [120.203639, 23.009328], [120.203821, 23.009231], [120.203883, 23.009304], [120.203726, 23.009372], [120.203767, 23.00947], [120.204127, 23.009314], [120.204196, 23.009591], [120.204571, 23.00945], [120.204722, 23.009543], [120.204546, 23.009406], [120.204425, 23.00943], [120.204098, 23.009264], [120.204534, 23.008995], [120.204573, 23.008267], [120.204121, 23.007711], [120.204183, 23.007248], [120.204034, 23.007105], [120.20425, 23.007123], [120.205066, 23.00661], [120.205735, 23.006314], [120.205758, 23.006205], [120.205096, 23.006474], [120.205315, 23.006793], [120.205199, 23.006849], [120.205345, 23.007006], [120.205429, 23.00697], [120.2048, 23.007363], [120.204821, 23.00726], [120.204696, 23.007157], [120.204947, 23.007012], [120.204621, 23.00673], [120.204695, 23.006696], [120.20541, 23.006745], [120.205938, 23.006468], [120.205876, 23.006766], [120.205305, 23.007332], [120.203318, 23.008759], [120.202956, 23.008425], [120.202818, 23.008635], [120.20282, 23.009121], [120.202025, 23.009069], [120.202077, 23.008941], [120.201661, 23.008936], [120.201664, 23.008732], [120.201441, 23.008725], [120.201435, 23.008943], [120.201241, 23.008938], [120.201267, 23.009094], [120.201501, 23.009102], [120.201502, 23.009504], [120.201132, 23.009543], [120.2011, 23.00945], [120.20097, 23.009541], [120.200159, 23.009467], [120.200165, 23.008598], [120.200323, 23.008632], [120.200323, 23.008912], [120.200635, 23.008893], [120.200642, 23.008552], [120.201183, 23.008456], [120.201207, 23.008311], [120.201531, 23.008274], [120.201914, 23.008291], [120.20193, 23.00851], [120.202084, 23.008451], [120.202071, 23.008766], [120.202368, 23.008631], [120.20215, 23.008204], [120.202138, 23.007874], [120.20221, 23.007877], [120.200171, 23.007849], [120.200809, 23.008285], [120.20098, 23.008203], [120.201515, 23.008508], [120.201793, 23.008505], [120.201656, 23.009155], [120.201161, 23.009086], [120.201156, 23.009249], [120.201072, 23.00921], [120.201077, 23.009104], [120.200688, 23.009089], [120.200845, 23.008922], [120.200821, 23.008638], [120.201074, 23.009783], [120.201477, 23.009783], [120.201447, 23.010266], [120.201207, 23.010261], [120.201205, 23.010363], [120.201495, 23.010366], [120.2015, 23.010268], [120.201676, 23.010411], [120.201668, 23.01064], [120.201797, 23.010638], [120.20179, 23.010372], [120.201956, 23.010434], [120.201953, 23.010822], [120.202129, 23.010827], [120.202119, 23.010994], [120.201585, 23.010991], [120.201577, 23.010775], [120.201902, 23.010819], [120.202162, 23.010995], [120.202804, 23.010943], [120.202807, 23.010874], [120.202337, 23.010801], [120.202369, 23.010619], [120.202954, 23.010638], [120.202947, 23.010459], [120.203157, 23.010431], [120.20314, 23.010264], [120.203194, 23.010267], [120.202951, 23.010256], [120.202961, 23.010103], [120.20319, 23.010103], [120.203214, 23.009981], [120.202823, 23.009924], [120.202825, 23.009824], [120.202822, 23.009976], [120.202302, 23.009975], [120.202298, 23.01009], [120.202591, 23.010092], [120.202682, 23.010202], [120.202821, 23.01022], [120.202827, 23.010097], [120.202834, 23.010446], [120.202654, 23.010395], [120.202948, 23.010402], [120.203146, 23.010648], [120.203457, 23.010659], [120.203465, 23.00976], [120.20308, 23.009752], [120.202822, 23.009559], [120.202154, 23.009544], [120.20209, 23.00944], [120.201959, 23.009576], [120.20164, 23.009569], [120.201635, 23.009778], [120.202162, 23.009784], [120.202163, 23.010599], [120.202296, 23.010599], [120.202309, 23.01035], [120.202961, 23.010824], [120.203456, 23.01084], [120.203434, 23.011082], [120.203164, 23.011082], [120.203485, 23.011228], [120.20346, 23.011459], [120.203099, 23.011469], [120.202976, 23.010882], [120.202539, 23.011221], [120.201865, 23.011158], [120.201823, 23.011236], [120.201697, 23.01123], [120.201592, 23.011175], [120.201581, 23.011046], [120.201403, 23.011047], [120.201404, 23.010775], [120.200982, 23.010795], [120.200987, 23.010954], [120.201416, 23.011124], [120.201286, 23.011455], [120.201112, 23.011398], [120.20117, 23.011213], [120.201102, 23.011176], [120.200977, 23.011166], [120.20097, 23.01134], [120.200991, 23.011116], [120.202091, 23.011533], [120.201902, 23.011955], [120.201563, 23.011857], [120.20151, 23.011834], [120.201674, 23.011733], [120.201957, 23.011969], [120.202108, 23.011314], [120.201888, 23.011279], [120.202502, 23.011457], [120.20488, 23.011447], [120.204872, 23.011561], [120.203702, 23.011615], [120.203698, 23.011767], [120.20458, 23.011749], [120.204593, 23.011897], [120.203692, 23.011977], [120.203691, 23.012115], [120.204404, 23.012095], [120.204428, 23.012232], [120.203715, 23.012264], [120.204918, 23.012198], [120.204912, 23.012037], [120.204757, 23.012054], [120.2052, 23.012021], [120.205226, 23.012157], [120.205463, 23.01214], [120.205577, 23.012119], [120.205566, 23.012004], [120.205362, 23.012008], [120.205442, 23.011826], [120.205732, 23.011836], [120.206235, 23.011702], [120.206205, 23.011576], [120.205635, 23.01163], [120.205699, 23.011525], [120.206167, 23.011437], [120.206121, 23.011275], [120.205126, 23.011421], [120.205148, 23.011534], [120.205626, 23.011475], [120.205501, 23.011649], [120.205793, 23.011988], [120.20627, 23.011866], [120.206229, 23.012033], [120.205716, 23.012121], [120.207464, 23.011622], [120.20734, 23.011455], [120.207123, 23.010799], [120.206321, 23.011036], [120.206358, 23.011169], [120.206612, 23.011306], [120.206572, 23.011669], [120.20688, 23.011014], [120.206796, 23.010652]]}}, {"type": "Feature", "properties": {"district": "6703400", "segment": 21, "total_segments": 26, "km": 14.96, "villages": ["成德里", "小北里"]}, "geometry": {"type": "LineString", "coordinates": [[120.207045, 23.010578], [120.206877, 23.010285], [120.206629, 23.010556], [120.206666, 23.010681], [120.206288, 23.010796], [120.205064, 23.011011], [120.203698, 23.010991], [120.203698, 23.010864], [120.204829, 23.010854], [120.205982, 23.010664], [120.205955, 23.010532], [120.20509, 23.010648], [120.205095, 23.010482], [120.205026, 23.010487], [120.205907, 23.010363], [120.205858, 23.010208], [120.204817, 23.010333], [120.203708, 23.010313], [120.203709, 23.010156], [120.20481, 23.010167], [120.204791, 23.01], [120.20371, 23.00999], [120.203734, 23.009792], [120.204772, 23.009803], [120.204768, 23.010493], [120.204822, 23.010493], [120.203707, 23.010474], [120.203711, 23.010649], [120.204835, 23.010637], [120.204832, 23.011115], [120.204896, 23.011111], [120.204914, 23.011225], [120.203721, 23.011268], [120.203696, 23.011125], [120.204764, 23.011114], [120.205072, 23.011198], [120.206081, 23.011042], [120.20675, 23.010658], [120.206187, 23.0101], [120.203647, 23.009588], [120.202807, 23.009235], [120.202687, 23.009416], [120.202755, 23.008141], [120.20267, 23.008023], [120.201051, 23.010167], [120.201033, 23.010623], [120.201151, 23.010554], [120.201477, 23.010563], [120.200409, 23.010134], [120.200368, 23.010059], [120.204906, 23.015566], [120.209696, 23.013788], [120.20929, 23.012588], [120.209298, 23.012469], [120.209469, 23.012408], [120.209943, 23.012405], [120.209935, 23.012339], [120.210093, 23.012328], [120.21006, 23.012419], [120.209874, 23.012473], [120.209972, 23.013097], [120.209862, 23.013115], [120.209727, 23.012575], [120.209627, 23.012557], [120.209605, 23.012736], [120.209472, 23.012739], [120.209681, 23.012848], [120.209666, 23.012751], [120.210153, 23.012866], [120.210129, 23.01339], [120.20998, 23.013414], [120.21002, 23.013534], [120.209875, 23.013565], [120.210165, 23.013532], [120.210172, 23.013386], [120.210333, 23.013354], [120.210535, 23.013369], [120.210531, 23.013448], [120.210614, 23.013452], [120.210795, 23.013416], [120.210809, 23.013318], [120.211463, 23.013289], [120.211366, 23.013448], [120.210918, 23.013437], [120.210992, 23.013584], [120.211156, 23.013566], [120.210663, 23.013612], [120.210023, 23.013807], [120.209887, 23.013207], [120.209718, 23.013221], [120.2097, 23.013152], [120.210184, 23.01276], [120.210197, 23.012652], [120.210087, 23.012642], [120.210172, 23.012522], [120.210707, 23.012441], [120.210463, 23.012348], [120.210461, 23.012168], [120.210769, 23.012187], [120.210313, 23.012169], [120.210181, 23.011474], [120.210291, 23.011476], [120.210385, 23.012005], [120.210137, 23.012104], [120.210155, 23.012228], [120.209939, 23.012208], [120.209917, 23.012009], [120.209829, 23.012096], [120.209833, 23.012335], [120.209939, 23.012249], [120.209189, 23.012291], [120.20912, 23.011955], [120.208957, 23.01169], [120.20896, 23.01152], [120.208504, 23.010468], [120.208737, 23.010444], [120.20887, 23.010829], [120.208811, 23.010907], [120.209791, 23.010724], [120.209832, 23.010779], [120.210422, 23.010708], [120.210215, 23.010621], [120.210154, 23.01037], [120.210041, 23.010398], [120.209887, 23.009789], [120.209851, 23.009751], [120.209726, 23.009869], [120.209709, 23.009792], [120.209907, 23.010695], [120.209791, 23.010792], [120.2094, 23.010877], [120.209493, 23.011057], [120.209154, 23.010994], [120.20907, 23.011191], [120.209327, 23.01137], [120.209234, 23.010643], [120.209304, 23.010635], [120.209288, 23.010552], [120.209214, 23.010578], [120.20961, 23.010477], [120.209628, 23.010568], [120.209564, 23.010583], [120.21007, 23.010521], [120.210096, 23.010645], [120.210564, 23.01052], [120.21066, 23.010539], [120.210668, 23.010615], [120.210559, 23.010655], [120.210639, 23.010457], [120.210409, 23.009735], [120.209966, 23.008455], [120.209288, 23.008595], [120.209246, 23.008715], [120.208801, 23.008715], [120.208432, 23.0089], [120.208323, 23.00892], [120.208265, 23.008812], [120.207993, 23.009011], [120.208146, 23.009164], [120.208193, 23.009004], [120.208339, 23.009055], [120.20846, 23.009211], [120.208317, 23.009503], [120.208394, 23.009622], [120.208698, 23.009308], [120.208839, 23.009445], [120.20892, 23.009773], [120.208831, 23.009781], [120.208785, 23.009517], [120.208766, 23.009738], [120.20849, 23.009701], [120.208585, 23.009947], [120.208668, 23.00994], [120.208686, 23.010034], [120.208601, 23.010039], [120.209186, 23.009949], [120.209162, 23.009855], [120.20908, 23.009862], [120.20931, 23.009631], [120.209274, 23.009467], [120.209158, 23.009471], [120.209166, 23.009348], [120.209226, 23.009359], [120.209147, 23.009249], [120.20914, 23.009013], [120.209439, 23.008724], [120.209645, 23.008603], [120.209729, 23.008688], [120.209611, 23.008866], [120.209517, 23.00883], [120.20957, 23.008942], [120.209813, 23.008938], [120.209638, 23.008881], [120.209617, 23.009101], [120.209382, 23.00918], [120.20947, 23.009237], [120.209922, 23.00909], [120.210051, 23.009148], [120.210123, 23.009051], [120.209693, 23.009096], [120.209705, 23.009287], [120.209589, 23.009284], [120.209661, 23.009602], [120.2099, 23.009513], [120.20979, 23.009402], [120.21007, 23.00945], [120.210022, 23.009516], [120.210154, 23.009555], [120.209933, 23.009618], [120.210057, 23.01009], [120.210106, 23.010234], [120.210377, 23.010206], [120.210586, 23.010873], [120.210202, 23.01106], [120.21027, 23.011394], [120.210525, 23.011487], [120.210086, 23.011858], [120.210374, 23.01264], [120.21034, 23.013238], [120.210519, 23.013227], [120.210507, 23.012652], [120.210795, 23.012929], [120.210746, 23.013322], [120.210623, 23.013363], [120.211104, 23.011855], [120.210761, 23.01087], [120.209446, 23.010053], [120.209424, 23.009952], [120.209527, 23.009941], [120.209502, 23.009772], [120.209388, 23.009784], [120.209419, 23.009565], [120.209494, 23.009545], [120.209438, 23.009443], [120.209042, 23.009011], [120.208922, 23.009073], [120.208836, 23.008908], [120.208719, 23.00898], [120.209086, 23.008816], [120.209163, 23.008319], [120.209786, 23.008169], [120.209896, 23.008367], [120.209687, 23.008408], [120.209719, 23.008061], [120.209072, 23.008135], [120.209045, 23.007998], [120.209519, 23.007923], [120.209475, 23.007699], [120.209362, 23.007583], [120.209193, 23.007675], [120.209217, 23.007752], [120.209358, 23.007748], [120.20828, 23.007887], [120.208185, 23.007756], [120.208186, 23.007569], [120.208267, 23.007563], [120.20822, 23.007257], [120.208299, 23.007196], [120.208189, 23.007047], [120.208118, 23.006987], [120.208033, 23.007106], [120.207883, 23.007137], [120.207833, 23.007051], [120.207713, 23.00713], [120.207932, 23.007487], [120.207608, 23.007627], [120.207696, 23.007747], [120.207941, 23.007714], [120.207921, 23.007628], [120.208123, 23.008052], [120.207443, 23.008493], [120.207689, 23.008901], [120.208537, 23.008503], [120.208356, 23.008295], [120.208402, 23.008266], [120.20818, 23.008417], [120.208114, 23.008574], [120.207957, 23.008527], [120.207779, 23.00864], [120.207623, 23.008532], [120.208402, 23.008029], [120.208849, 23.007972], [120.208922, 23.008511], [120.207941, 23.008959], [120.207841, 23.009074], [120.208163, 23.009494], [120.208111, 23.009617], [120.208357, 23.009946], [120.208427, 23.010253], [120.209211, 23.009589], [120.208931, 23.009305], [120.208265, 23.009244], [120.208789, 23.008453], [120.208706, 23.008357], [120.208767, 23.007693], [120.208701, 23.007467], [120.20844, 23.007502], [120.208427, 23.007644], [120.20848, 23.007336], [120.208569, 23.007286], [120.208454, 23.007208], [120.2081, 23.007428], [120.207944, 23.007273], [120.207948, 23.006946], [120.207778, 23.006896], [120.207721, 23.006963], [120.207699, 23.006845], [120.207542, 23.007001], [120.207311, 23.006797], [120.207386, 23.006716], [120.207509, 23.006759], [120.207564, 23.006523], [120.207732, 23.006582], [120.20789, 23.006443], [120.207593, 23.00634], [120.20762, 23.006235], [120.208559, 23.006371], [120.208522, 23.006515], [120.208009, 23.006456], [120.207978, 23.00663], [120.208931, 23.007027], [120.208986, 23.006943], [120.208956, 23.006388], [120.20882, 23.00652], [120.208743, 23.006504], [120.208788, 23.006784], [120.208403, 23.006728], [120.208434, 23.006255], [120.20917, 23.006425], [120.209934, 23.006321], [120.210022, 23.006424], [120.20972, 23.007391], [120.209393, 23.007262], [120.209494, 23.00716], [120.209583, 23.007203], [120.209717, 23.006711], [120.209554, 23.006666], [120.209464, 23.006939], [120.209173, 23.006634], [120.209591, 23.006521], [120.209562, 23.006623], [120.209856, 23.006504], [120.209386, 23.007084], [120.209136, 23.006809], [120.209159, 23.007106], [120.209285, 23.007164], [120.209148, 23.007408], [120.209027, 23.007351], [120.208751, 23.007461], [120.208806, 23.007281], [120.209711, 23.007524]]}}, {"type": "Feature", "properties": {"district": "6703400", "segment": 22, "total_segments": 26, "km": 12.98, "villages": ["小北里", "大光里"]}, "geometry": {"type": "LineString", "coordinates": [[120.207886, 23.007831], [120.207893, 23.007891], [120.207814, 23.007871], [120.207871, 23.008017], [120.207561, 23.008106], [120.207321, 23.008303], [120.207315, 23.00819], [120.207038, 23.007819], [120.207014, 23.007408], [120.207041, 23.00734], [120.207266, 23.007348], [120.207386, 23.007824], [120.207441, 23.007617], [120.207366, 23.007626], [120.207613, 23.007353], [120.207535, 23.007255], [120.207604, 23.007176], [120.207264, 23.006948], [120.207142, 23.007136], [120.206942, 23.007038], [120.206811, 23.007286], [120.206658, 23.007004], [120.206958, 23.006998], [120.207088, 23.006618], [120.206398, 23.006477], [120.206468, 23.006632], [120.206339, 23.006447], [120.206456, 23.006117], [120.207095, 23.006355], [120.207099, 23.006095], [120.207441, 23.006196], [120.207497, 23.006015], [120.207644, 23.006046], [120.207458, 23.006316], [120.207301, 23.006284], [120.207322, 23.00641], [120.207446, 23.006484], [120.207362, 23.005999], [120.207186, 23.005932], [120.206729, 23.006023], [120.207013, 23.006115], [120.209852, 23.009664], [120.211033, 23.010892], [120.21111, 23.011073], [120.211301, 23.011045], [120.211417, 23.010905], [120.211369, 23.010767], [120.211795, 23.010637], [120.21157, 23.010973], [120.211721, 23.010981], [120.21279, 23.010625], [120.212933, 23.01055], [120.21291, 23.01049], [120.212667, 23.010384], [120.212307, 23.010498], [120.212196, 23.010681], [120.211942, 23.010594], [120.212093, 23.010977], [120.212863, 23.010672], [120.212971, 23.010829], [120.212602, 23.010972], [120.212579, 23.010902], [120.212515, 23.011002], [120.212352, 23.011039], [120.212369, 23.011121], [120.212094, 23.01119], [120.212211, 23.011327], [120.212099, 23.011449], [120.211484, 23.011588], [120.211456, 23.011502], [120.211998, 23.011372], [120.211845, 23.01106], [120.212049, 23.010996], [120.211481, 23.011092], [120.211561, 23.011325], [120.211201, 23.011364], [120.211153, 23.011251], [120.211146, 23.011201], [120.211468, 23.012238], [120.212104, 23.01203], [120.21235, 23.012369], [120.212395, 23.012293], [120.212088, 23.01198], [120.21236, 23.011831], [120.212466, 23.011884], [120.21262, 23.011831], [120.212592, 23.011746], [120.21271, 23.011608], [120.212648, 23.011444], [120.212991, 23.01135], [120.213112, 23.011653], [120.212954, 23.011705], [120.212835, 23.011607], [120.212815, 23.011551], [120.213258, 23.011608], [120.213415, 23.01189], [120.213325, 23.011886], [120.213358, 23.012307], [120.213206, 23.012254], [120.212997, 23.012341], [120.212946, 23.011971], [120.213065, 23.011937], [120.21307, 23.011991], [120.213172, 23.011913], [120.213161, 23.012093], [120.213223, 23.012101], [120.213087, 23.012109], [120.212913, 23.011888], [120.213049, 23.011807], [120.212888, 23.011775], [120.212761, 23.011859], [120.212735, 23.011803], [120.212873, 23.012044], [120.213048, 23.012888], [120.213137, 23.012868], [120.213172, 23.013078], [120.213291, 23.013064], [120.213066, 23.013057], [120.21224, 23.013326], [120.212108, 23.013307], [120.211804, 23.012932], [120.212, 23.012865], [120.212174, 23.013079], [120.212246, 23.012942], [120.212662, 23.012738], [120.212725, 23.01284], [120.212353, 23.013043], [120.212188, 23.012746], [120.212704, 23.012537], [120.212913, 23.012881], [120.213227, 23.012687], [120.213164, 23.01275], [120.213222, 23.012859], [120.21305, 23.012497], [120.213251, 23.01246], [120.213202, 23.012587], [120.213039, 23.012401], [120.212773, 23.012318], [120.212682, 23.012161], [120.212764, 23.012116], [120.212802, 23.012212], [120.212632, 23.01217], [120.212515, 23.012228], [120.212318, 23.011971], [120.212515, 23.011985], [120.212526, 23.012269], [120.212608, 23.012395], [120.212685, 23.012359], [120.211903, 23.012741], [120.212112, 23.012785], [120.212688, 23.012501], [120.212343, 23.011684], [120.212482, 23.011535], [120.212446, 23.011439], [120.212353, 23.011447], [120.212357, 23.011347], [120.212468, 23.011365], [120.212657, 23.011212], [120.212712, 23.01133], [120.212529, 23.011348], [120.212537, 23.011091], [120.212961, 23.01096], [120.213129, 23.011401], [120.213485, 23.011759], [120.213585, 23.011264], [120.213813, 23.011353], [120.213763, 23.011178], [120.213874, 23.011068], [120.213858, 23.010936], [120.213959, 23.010961], [120.213871, 23.010622], [120.213747, 23.010605], [120.21367, 23.010386], [120.213653, 23.010284], [120.213775, 23.010259], [120.213753, 23.010188], [120.213834, 23.01048], [120.213665, 23.011086], [120.213459, 23.011156], [120.213386, 23.01104], [120.213328, 23.011077], [120.213286, 23.010996], [120.213339, 23.010986], [120.212847, 23.011118], [120.212852, 23.011204], [120.212779, 23.011209], [120.212753, 23.011143], [120.212965, 23.011269], [120.213124, 23.010873], [120.213045, 23.010851], [120.21348, 23.010742], [120.213438, 23.010683], [120.213556, 23.01061], [120.213534, 23.010484], [120.213088, 23.010518], [120.213099, 23.010337], [120.213234, 23.010334], [120.213204, 23.010432], [120.213405, 23.010337], [120.213313, 23.010203], [120.21319, 23.010215], [120.213112, 23.010114], [120.212674, 23.010309], [120.212672, 23.010183], [120.213306, 23.009909], [120.213369, 23.010101], [120.213567, 23.010061], [120.213589, 23.010136], [120.213718, 23.009907], [120.21416, 23.00984], [120.214278, 23.00991], [120.214329, 23.010202], [120.2144, 23.010246], [120.214471, 23.011104], [120.214089, 23.011204], [120.214135, 23.010616], [120.214623, 23.010531], [120.214523, 23.009728], [120.215252, 23.009502], [120.215295, 23.009747], [120.214822, 23.009715], [120.21478, 23.00993], [120.214934, 23.009842], [120.214962, 23.010135], [120.214817, 23.01012], [120.214888, 23.010551], [120.21544, 23.010498], [120.215533, 23.010713], [120.215642, 23.010681], [120.215696, 23.010759], [120.216113, 23.010632], [120.215783, 23.009686], [120.215603, 23.009814], [120.215781, 23.010006], [120.215704, 23.010153], [120.215796, 23.010516], [120.215647, 23.010778], [120.215482, 23.010728], [120.214742, 23.011032], [120.214633, 23.010598], [120.214912, 23.010723], [120.214936, 23.010889], [120.215157, 23.010912], [120.215235, 23.011079], [120.214742, 23.01124], [120.214886, 23.011825], [120.214947, 23.011738], [120.214917, 23.011231], [120.215809, 23.011017], [120.215757, 23.010924], [120.216163, 23.010803], [120.216402, 23.011586], [120.215882, 23.011701], [120.215861, 23.011597], [120.215957, 23.011572], [120.215507, 23.011733], [120.215135, 23.011763], [120.215204, 23.012699], [120.215035, 23.012751], [120.215049, 23.012828], [120.215114, 23.012954], [120.215208, 23.012877], [120.21581, 23.012809], [120.215826, 23.012612], [120.215943, 23.012633], [120.215963, 23.012774], [120.216287, 23.012765], [120.216263, 23.012542], [120.215948, 23.012598], [120.215793, 23.012393], [120.2153, 23.012513], [120.215288, 23.012441], [120.215798, 23.012327], [120.215711, 23.012165], [120.215219, 23.012272], [120.215089, 23.012209], [120.214795, 23.01224], [120.214897, 23.012782], [120.214901, 23.012372], [120.215246, 23.012451], [120.215417, 23.01267], [120.215401, 23.012755], [120.216792, 23.01274], [120.216465, 23.011759], [120.2167, 23.011604], [120.216162, 23.009921], [120.216255, 23.009984], [120.216594, 23.011017], [120.216909, 23.010954], [120.217004, 23.011508], [120.216778, 23.011575], [120.216652, 23.011198], [120.216222, 23.011389], [120.216091, 23.011264], [120.216077, 23.010945], [120.215662, 23.010953], [120.2156, 23.011172], [120.2154, 23.011229], [120.215946, 23.010601], [120.216122, 23.009794], [120.215961, 23.0093], [120.216165, 23.009717], [120.216401, 23.009247], [120.216714, 23.009174], [120.216859, 23.010766], [120.218504, 23.011551], [120.218545, 23.011656], [120.218628, 23.011657], [120.218403, 23.011645], [120.218386, 23.012347], [120.218518, 23.012296], [120.218509, 23.012228], [120.218606, 23.012224], [120.218618, 23.012294], [120.218854, 23.01221], [120.218858, 23.012018], [120.218531, 23.011984], [120.218537, 23.011883], [120.218618, 23.011886], [120.218891, 23.012304], [120.218997, 23.012348], [120.219004, 23.012448], [120.218753, 23.012507], [120.218866, 23.012649], [120.219223, 23.012623], [120.218998, 23.012238], [120.218373, 23.012535], [120.218395, 23.012673], [120.218487, 23.012675], [120.217725, 23.012575], [120.213758, 23.012982], [120.212225, 23.011583], [120.212465, 23.010602], [120.212905, 23.010367], [120.21357, 23.010748], [120.213987, 23.010022], [120.214321, 23.009785], [120.213506, 23.009791], [120.211201, 23.010833]]}}, {"type": "Feature", "properties": {"district": "6703400", "segment": 23, "total_segments": 26, "km": 10.4, "villages": ["正覺里"]}, "geometry": {"type": "LineString", "coordinates": [[120.211833, 23.01344], [120.211875, 23.013692], [120.211786, 23.013776], [120.21151, 23.013936], [120.210676, 23.01402], [120.21071, 23.014153], [120.211582, 23.014085], [120.212412, 23.015058], [120.212161, 23.015246], [120.212101, 23.015181], [120.212005, 23.015237], [120.211992, 23.015331], [120.211677, 23.015593], [120.210857, 23.016144], [120.210465, 23.015629], [120.210007, 23.014655], [120.209984, 23.014503], [120.210133, 23.014479], [120.210072, 23.014262], [120.209948, 23.014345], [120.209818, 23.014044], [120.210225, 23.013933], [120.210659, 23.013693], [120.210753, 23.013687], [120.210793, 23.013782], [120.21088, 23.013672], [120.211485, 23.013586], [120.212265, 23.014497], [120.212532, 23.014306], [120.212749, 23.014801], [120.212505, 23.014997], [120.212576, 23.015209], [120.212474, 23.015301], [120.211208, 23.016163], [120.211755, 23.016723], [120.211954, 23.016586], [120.212062, 23.016759], [120.212527, 23.01675], [120.212463, 23.016636], [120.212686, 23.016608], [120.212737, 23.016256], [120.212898, 23.016279], [120.212864, 23.016665], [120.213104, 23.017268], [120.213121, 23.017639], [120.213248, 23.01763], [120.213351, 23.017909], [120.213468, 23.017823], [120.213436, 23.017544], [120.213549, 23.017592], [120.213972, 23.017417], [120.21381, 23.017047], [120.213865, 23.017022], [120.213738, 23.016935], [120.213801, 23.016906], [120.213729, 23.016847], [120.213777, 23.016811], [120.213666, 23.017001], [120.213849, 23.017561], [120.21425, 23.017462], [120.214279, 23.017546], [120.213566, 23.017723], [120.213541, 23.018012], [120.213805, 23.017994], [120.213822, 23.017906], [120.214833, 23.017623], [120.214755, 23.017531], [120.213695, 23.017858], [120.213914, 23.017999], [120.214915, 23.017749], [120.214937, 23.017832], [120.214828, 23.017875], [120.213946, 23.018086], [120.214015, 23.018203], [120.214973, 23.017936], [120.215001, 23.018034], [120.214058, 23.018312], [120.214124, 23.018409], [120.215176, 23.018128], [120.215223, 23.018434], [120.215326, 23.018453], [120.215495, 23.019077], [120.215409, 23.019138], [120.215287, 23.018679], [120.215084, 23.018464], [120.21516, 23.018088], [120.214967, 23.017632], [120.215185, 23.017498], [120.215015, 23.017269], [120.214714, 23.017193], [120.214742, 23.016996], [120.214649, 23.016825], [120.214208, 23.016396], [120.214251, 23.016336], [120.213983, 23.016099], [120.213041, 23.014894], [120.212966, 23.015182], [120.212806, 23.015183], [120.212712, 23.015343], [120.21277, 23.015514], [120.212741, 23.016022], [120.21294, 23.016026], [120.213002, 23.015751], [120.212965, 23.015442], [120.212802, 23.015101], [120.212434, 23.015659], [120.212223, 23.015835], [120.212366, 23.015965], [120.212204, 23.016185], [120.212138, 23.016234], [120.212042, 23.016092], [120.212168, 23.01597], [120.211939, 23.015927], [120.211803, 23.015996], [120.212155, 23.016565], [120.212476, 23.016426], [120.212473, 23.016247], [120.211911, 23.016545], [120.211594, 23.016108], [120.21153, 23.016212], [120.211949, 23.016829], [120.211778, 23.016891], [120.211996, 23.016806], [120.212168, 23.017047], [120.212664, 23.01709], [120.212673, 23.016715], [120.212389, 23.016912], [120.212281, 23.017322], [120.212105, 23.017434], [120.212184, 23.017533], [120.212342, 23.017433], [120.212396, 23.017566], [120.212169, 23.017709], [120.212927, 23.018581], [120.212927, 23.01819], [120.212596, 23.017347], [120.212671, 23.017333], [120.21267, 23.017192], [120.212391, 23.01723], [120.212111, 23.0171], [120.212, 23.017184], [120.211979, 23.017087], [120.21185, 23.017328], [120.212023, 23.017578], [120.211153, 23.016573], [120.210972, 23.016325], [120.210896, 23.015916], [120.210538, 23.015423], [120.210173, 23.014607], [120.210655, 23.014472], [120.21065, 23.014573], [120.21052, 23.014628], [120.210831, 23.015083], [120.211662, 23.014531], [120.211785, 23.01459], [120.210827, 23.015325], [120.210682, 23.015361], [120.21018, 23.014105], [120.210371, 23.013988], [120.210417, 23.014054], [120.210506, 23.01402], [120.210495, 23.013899], [120.210605, 23.014176], [120.210662, 23.014158], [120.210541, 23.014196], [120.210572, 23.01433], [120.210857, 23.01432], [120.21119, 23.01467], [120.21129, 23.014606], [120.21114, 23.014394], [120.211344, 23.014372], [120.211453, 23.014489], [120.211535, 23.014419], [120.212009, 23.015005], [120.211353, 23.015532], [120.211135, 23.0155], [120.210898, 23.015665], [120.210813, 23.015544], [120.211009, 23.015363], [120.211378, 23.015149], [120.21145, 23.015241], [120.211204, 23.015393], [120.211295, 23.015609], [120.211031, 23.015796], [120.210794, 23.015111], [120.210911, 23.014866], [120.210808, 23.014765], [120.210902, 23.014652], [120.211021, 23.014796], [120.210828, 23.014465], [120.210399, 23.014359], [120.211463, 23.015041], [120.211732, 23.014896], [120.21179, 23.014982], [120.211559, 23.015149], [120.212905, 23.016128], [120.213312, 23.016612], [120.213601, 23.016322], [120.213258, 23.015969], [120.213286, 23.015903], [120.213206, 23.016082], [120.21311, 23.016156], [120.213069, 23.016083], [120.213297, 23.016384], [120.213398, 23.016352], [120.213477, 23.016609], [120.213655, 23.016741], [120.213743, 23.016581], [120.213855, 23.016756], [120.214029, 23.016705], [120.214136, 23.016596], [120.214051, 23.016487], [120.214121, 23.016449], [120.214323, 23.017268], [120.214209, 23.017301], [120.214117, 23.017047], [120.214012, 23.017069], [120.213929, 23.01685], [120.214049, 23.016866], [120.214023, 23.017116], [120.214121, 23.017315], [120.21381, 23.017567], [120.213293, 23.017533], [120.213254, 23.017119], [120.213147, 23.016927], [120.213483, 23.016839], [120.213373, 23.017185], [120.212858, 23.017123], [120.212862, 23.017035], [120.212877, 23.01744], [120.212997, 23.017831], [120.213096, 23.017906], [120.213115, 23.01813], [120.213483, 23.018016], [120.212683, 23.017869], [120.212577, 23.017957], [120.212455, 23.017787], [120.212565, 23.017697], [120.213123, 23.018898], [120.213353, 23.018973], [120.213511, 23.018837], [120.214309, 23.01874], [120.214424, 23.018493], [120.214103, 23.018559], [120.21487, 23.018482], [120.214885, 23.018641], [120.215003, 23.018695], [120.215192, 23.019174], [120.215742, 23.019074], [120.215515, 23.018023], [120.215262, 23.01759], [120.215378, 23.01803], [120.213766, 23.016148], [120.213065, 23.016443]]}}, {"type": "Feature", "properties": {"district": "6703400", "segment": 24, "total_segments": 26, "km": 12.24, "villages": ["成功里"]}, "geometry": {"type": "LineString", "coordinates": [[120.211571, 23.017605], [120.211822, 23.017941], [120.211494, 23.017843], [120.210481, 23.016696], [120.210514, 23.016648], [120.210646, 23.016558], [120.211538, 23.01757], [120.210527, 23.018283], [120.210686, 23.018345], [120.211301, 23.017888], [120.211331, 23.01811], [120.21086, 23.018414], [120.21091, 23.018554], [120.210795, 23.018579], [120.211117, 23.018521], [120.211569, 23.018196], [120.21142, 23.018007], [120.211667, 23.01843], [120.211741, 23.01839], [120.211561, 23.018527], [120.211866, 23.018811], [120.211945, 23.01869], [120.211784, 23.018516], [120.211959, 23.018383], [120.21215, 23.018603], [120.212298, 23.01848], [120.212001, 23.018194], [120.211091, 23.018848], [120.211086, 23.018994], [120.211647, 23.019578], [120.211744, 23.019526], [120.211687, 23.019416], [120.211291, 23.019], [120.211489, 23.018912], [120.211941, 23.01944], [120.212029, 23.019388], [120.211573, 23.018791], [120.211459, 23.018859], [120.211965, 23.018989], [120.212303, 23.018755], [120.212418, 23.018873], [120.212034, 23.019137], [120.212071, 23.019196], [120.212465, 23.018911], [120.212535, 23.019022], [120.212154, 23.019308], [120.212307, 23.019408], [120.212814, 23.019052], [120.212865, 23.019174], [120.212543, 23.019402], [120.212746, 23.019548], [120.212812, 23.019443], [120.212701, 23.019682], [120.212253, 23.019665], [120.212163, 23.019537], [120.21164, 23.019965], [120.211523, 23.019817], [120.210479, 23.020345], [120.210998, 23.021178], [120.211084, 23.021208], [120.211366, 23.021033], [120.211054, 23.020726], [120.211282, 23.020574], [120.211128, 23.020395], [120.210819, 23.020586], [120.210729, 23.02043], [120.211453, 23.020037], [120.211661, 23.020021], [120.21173, 23.020089], [120.211191, 23.020359], [120.210934, 23.020813], [120.211071, 23.021102], [120.210785, 23.021122], [120.210744, 23.021315], [120.210399, 23.021522], [120.209995, 23.021471], [120.209901, 23.021302], [120.210318, 23.021122], [120.210011, 23.020572], [120.210329, 23.020417], [120.210532, 23.020719], [120.210458, 23.020873], [120.210191, 23.020239], [120.209501, 23.020559], [120.209528, 23.020637], [120.209346, 23.02031], [120.209963, 23.02004], [120.209854, 23.019869], [120.209939, 23.019814], [120.209855, 23.019693], [120.209178, 23.020025], [120.208962, 23.019708], [120.210362, 23.01897], [120.210286, 23.018812], [120.210169, 23.018856], [120.21056, 23.018677], [120.210382, 23.018686], [120.210472, 23.018574], [120.210202, 23.018239], [120.209499, 23.018804], [120.209156, 23.018187], [120.209034, 23.018346], [120.209514, 23.019202], [120.208849, 23.019496], [120.208741, 23.019304], [120.209267, 23.019042], [120.209203, 23.018934], [120.208685, 23.019192], [120.208592, 23.018989], [120.209091, 23.018746], [120.209026, 23.01863], [120.208515, 23.018884], [120.208424, 23.018835], [120.208403, 23.018693], [120.208912, 23.018429], [120.208789, 23.018254], [120.20828, 23.018578], [120.208199, 23.018453], [120.208856, 23.018066], [120.20893, 23.018176], [120.208843, 23.01822], [120.208628, 23.017923], [120.208726, 23.017869], [120.208096, 23.0183], [120.208165, 23.018406], [120.207697, 23.01887], [120.207212, 23.019075], [120.207537, 23.019533], [120.207661, 23.019463], [120.207774, 23.019631], [120.207568, 23.019769], [120.207612, 23.019856], [120.207776, 23.019779], [120.207877, 23.019596], [120.207783, 23.019414], [120.207951, 23.019324], [120.20811, 23.019511], [120.208286, 23.019447], [120.208194, 23.019282], [120.20835, 23.019149], [120.208547, 23.019684], [120.207735, 23.020062], [120.20787, 23.020259], [120.208819, 23.019786], [120.208961, 23.020099], [120.208662, 23.020246], [120.208706, 23.020343], [120.209205, 23.020067], [120.20927, 23.020167], [120.2098, 23.019894], [120.209639, 23.019606], [120.209197, 23.019815], [120.210105, 23.019395], [120.2101, 23.019615], [120.210321, 23.019829], [120.211195, 23.019401], [120.211368, 23.019728], [120.2104, 23.020172], [120.210211, 23.019917], [120.210348, 23.019569], [120.210572, 23.019473], [120.210485, 23.019319], [120.210419, 23.019246], [120.210335, 23.019299], [120.209671, 23.019101], [120.209559, 23.018921], [120.209539, 23.018513], [120.210123, 23.01816], [120.209863, 23.017894], [120.209888, 23.018099], [120.209523, 23.01834], [120.209368, 23.018126], [120.210662, 23.01712], [120.21054, 23.017059], [120.210573, 23.01702], [120.209856, 23.017533], [120.209735, 23.017389], [120.210471, 23.016885], [120.210363, 23.016758], [120.20889, 23.01775], [120.210085, 23.017808], [120.210792, 23.017291], [120.210877, 23.017369], [120.210839, 23.017412], [120.210206, 23.01787], [120.210285, 23.018048], [120.210984, 23.017509], [120.211072, 23.017618], [120.210375, 23.018141], [120.212403, 23.018559], [120.212675, 23.018924], [120.211552, 23.020842], [120.209565, 23.021728], [120.209616, 23.021836], [120.20989, 23.021715], [120.209736, 23.021433], [120.209054, 23.021742], [120.208971, 23.021596], [120.209603, 23.021265], [120.20911, 23.020416], [120.208336, 23.02088], [120.208159, 23.020716], [120.208017, 23.020409], [120.208522, 23.020165], [120.208326, 23.020584], [120.20796, 23.020437], [120.20679, 23.020344], [120.206377, 23.02102], [120.206105, 23.021054], [120.20629, 23.02122], [120.206229, 23.021748], [120.206088, 23.021759], [120.206029, 23.021658], [120.205873, 23.021704], [120.206048, 23.0214], [120.206407, 23.021449], [120.206404, 23.021564], [120.206453, 23.021248], [120.206537, 23.021156], [120.206833, 23.021066], [120.20723, 23.021142], [120.207301, 23.020981], [120.207142, 23.020845], [120.20714, 23.020654], [120.207389, 23.021026], [120.20737, 23.021606], [120.207095, 23.021723], [120.206747, 23.021711], [120.206812, 23.021523], [120.206919, 23.021626], [120.206973, 23.021369], [120.206886, 23.021233], [120.206776, 23.021383], [120.206709, 23.021827], [120.206588, 23.021833], [120.206749, 23.021857], [120.206422, 23.021802], [120.206388, 23.021758], [120.208526, 23.02214], [120.209102, 23.022108], [120.209507, 23.021904], [120.209626, 23.021307], [120.209274, 23.02115], [120.208999, 23.021283], [120.208781, 23.020993], [120.208433, 23.021168], [120.208513, 23.021351], [120.20872, 23.02122], [120.208804, 23.020941], [120.209147, 23.020792], [120.209306, 23.021076], [120.208715, 23.021624], [120.208702, 23.021742], [120.208275, 23.021812], [120.208017, 23.021756], [120.208035, 23.021648], [120.208001, 23.021881], [120.208623, 23.021526], [120.208865, 23.021767], [120.207493, 23.019562], [120.206517, 23.019919], [120.206392, 23.020147]]}}, {"type": "Feature", "properties": {"district": "6703400", "segment": 25, "total_segments": 26, "km": 14.77, "villages": ["北門里"]}, "geometry": {"type": "LineString", "coordinates": [[120.213693, 23.01526], [120.21352, 23.015019], [120.213515, 23.014867], [120.213355, 23.014851], [120.213169, 23.014597], [120.213846, 23.014122], [120.214019, 23.014116], [120.214169, 23.014737], [120.214251, 23.014726], [120.214314, 23.014867], [120.214427, 23.014858], [120.214495, 23.015058], [120.214357, 23.015114], [120.214407, 23.015232], [120.214304, 23.015316], [120.214023, 23.015416], [120.213951, 23.015297], [120.214227, 23.015182], [120.21406, 23.01498], [120.214131, 23.014929], [120.214244, 23.014881], [120.214259, 23.014994], [120.214562, 23.014891], [120.214711, 23.015207], [120.21459, 23.015287], [120.214516, 23.015153], [120.214462, 23.015462], [120.214575, 23.015451], [120.21468, 23.015644], [120.214865, 23.015554], [120.21475, 23.015302], [120.21484, 23.015172], [120.214687, 23.01472], [120.21451, 23.014791], [120.214293, 23.014368], [120.214216, 23.014378], [120.214302, 23.013973], [120.214517, 23.013958], [120.214492, 23.013846], [120.214182, 23.013836], [120.213986, 23.013704], [120.213991, 23.013608], [120.214451, 23.013613], [120.214438, 23.013459], [120.213803, 23.013505], [120.213784, 23.013302], [120.213721, 23.013304], [120.214574, 23.013332], [120.215429, 23.013182], [120.215591, 23.013292], [120.215715, 23.013582], [120.216031, 23.013594], [120.216039, 23.013705], [120.215966, 23.013003], [120.216807, 23.012981], [120.216889, 23.013036], [120.217033, 23.013602], [120.217289, 23.013603], [120.217329, 23.013797], [120.217412, 23.013797], [120.217336, 23.013883], [120.217432, 23.014282], [120.217715, 23.014199], [120.217868, 23.014489], [120.217838, 23.014794], [120.218088, 23.014786], [120.218184, 23.01465], [120.218325, 23.014686], [120.218269, 23.014563], [120.217984, 23.014582], [120.21811, 23.014477], [120.218085, 23.014352], [120.218198, 23.014277], [120.218246, 23.014435], [120.218438, 23.014333], [120.21838, 23.014157], [120.218148, 23.014134], [120.21809, 23.014017], [120.217846, 23.0141], [120.217884, 23.013686], [120.217965, 23.013553], [120.217931, 23.012976], [120.217217, 23.012967], [120.217158, 23.013015], [120.217261, 23.013493], [120.216845, 23.013914], [120.216494, 23.013878], [120.216515, 23.013745], [120.216176, 23.013893], [120.216208, 23.014078], [120.216506, 23.014047], [120.21652, 23.014209], [120.216219, 23.01421], [120.216162, 23.01434], [120.216053, 23.014257], [120.216039, 23.014123], [120.215897, 23.014174], [120.21578, 23.014057], [120.215553, 23.014139], [120.215506, 23.013976], [120.215362, 23.013983], [120.215202, 23.013475], [120.215049, 23.013594], [120.215105, 23.013715], [120.214978, 23.013777], [120.215014, 23.013849], [120.214884, 23.01388], [120.214918, 23.013996], [120.214797, 23.014016], [120.214593, 23.013425], [120.214695, 23.013373], [120.214858, 23.013824], [120.214949, 23.013699], [120.214833, 23.013379], [120.21502, 23.013429], [120.215021, 23.013518], [120.215034, 23.013323], [120.215185, 23.013334], [120.215368, 23.013643], [120.215652, 23.013634], [120.215886, 23.013828], [120.215873, 23.01394], [120.215679, 23.013967], [120.215698, 23.014203], [120.215428, 23.014277], [120.215444, 23.014333], [120.215362, 23.014059], [120.215184, 23.014027], [120.215152, 23.014204], [120.215223, 23.014224], [120.215294, 23.014509], [120.215165, 23.014509], [120.215319, 23.014668], [120.215475, 23.014611], [120.215325, 23.014753], [120.215388, 23.014942], [120.215266, 23.014895], [120.215362, 23.015111], [120.215444, 23.015103], [120.215344, 23.015193], [120.215408, 23.015502], [120.215829, 23.016317], [120.215935, 23.016208], [120.215911, 23.016051], [120.216226, 23.016098], [120.216221, 23.016016], [120.216336, 23.016004], [120.216124, 23.015204], [120.216197, 23.015096], [120.216344, 23.015092], [120.216288, 23.014868], [120.216418, 23.014887], [120.216452, 23.015004], [120.216587, 23.014967], [120.216564, 23.014861], [120.216797, 23.014816], [120.216755, 23.015277], [120.216319, 23.015282], [120.21636, 23.015358], [120.216659, 23.015328], [120.216782, 23.015469], [120.216781, 23.015747], [120.216461, 23.015798], [120.216437, 23.015711], [120.216537, 23.015955], [120.216522, 23.016187], [120.216764, 23.016164], [120.216788, 23.016333], [120.216573, 23.016293], [120.216041, 23.016395], [120.216032, 23.016257], [120.216357, 23.016123], [120.216656, 23.016643], [120.216731, 23.016724], [120.216792, 23.016663], [120.216763, 23.016531], [120.216911, 23.016745], [120.21685, 23.016913], [120.216586, 23.016802], [120.216619, 23.016901], [120.216464, 23.016595], [120.216006, 23.016806], [120.215877, 23.016787], [120.215623, 23.01697], [120.215793, 23.01734], [120.215954, 23.017183], [120.215913, 23.017069], [120.215562, 23.017131], [120.215585, 23.017213], [120.215452, 23.016927], [120.215712, 23.016763], [120.215728, 23.016614], [120.215664, 23.016517], [120.21534, 23.01671], [120.215248, 23.016327], [120.21486, 23.015706], [120.215057, 23.015697], [120.215436, 23.016417], [120.215635, 23.016402], [120.215213, 23.016489], [120.215071, 23.016675], [120.214979, 23.01658], [120.21482, 23.016639], [120.214231, 23.015909], [120.21442, 23.015856], [120.214343, 23.015728], [120.214096, 23.015761], [120.213737, 23.015303], [120.213971, 23.01511], [120.21372, 23.014686], [120.213815, 23.014646], [120.21393, 23.014865], [120.214077, 23.014755], [120.214021, 23.01455], [120.213913, 23.014401], [120.213495, 23.014675], [120.213403, 23.014589], [120.213871, 23.014279], [120.21388, 23.013895], [120.21321, 23.014351], [120.213092, 23.014227], [120.213697, 23.013768], [120.213565, 23.013418], [120.213329, 23.013513], [120.213469, 23.013712], [120.213582, 23.013717], [120.21344, 23.013816], [120.213189, 23.013513], [120.213296, 23.013462], [120.213088, 23.013431], [120.212702, 23.013735], [120.212763, 23.013887], [120.212618, 23.013956], [120.212987, 23.01439], [120.212946, 23.013953], [120.213148, 23.013831], [120.212842, 23.013379], [120.212291, 23.013522], [120.212519, 23.013832], [120.212887, 23.013359], [120.213035, 23.013324], [120.21455, 23.014183], [120.215718, 23.014415], [120.215762, 23.014371], [120.215736, 23.014576], [120.215678, 23.014542], [120.216022, 23.014554], [120.216005, 23.014468], [120.216129, 23.014927], [120.215928, 23.014893], [120.215886, 23.014772], [120.21573, 23.014868], [120.215797, 23.015149], [120.215696, 23.015434], [120.215854, 23.015693], [120.215858, 23.015916], [120.216052, 23.015508], [120.216366, 23.015207], [120.216049, 23.015087], [120.216235, 23.014709], [120.216211, 23.014617], [120.216473, 23.014698], [120.216761, 23.014564], [120.216812, 23.014209], [120.216981, 23.014241], [120.216938, 23.014476], [120.217186, 23.014441], [120.217139, 23.014126], [120.216982, 23.014168], [120.216987, 23.01403], [120.216929, 23.014031], [120.216606, 23.014398], [120.217254, 23.014705], [120.217686, 23.014651], [120.21772, 23.014931], [120.217632, 23.014915], [120.217754, 23.015516], [120.217831, 23.015428], [120.218512, 23.01538], [120.218648, 23.015937], [120.218454, 23.015943], [120.218387, 23.015893], [120.218495, 23.015862], [120.218423, 23.015786], [120.218161, 23.015825], [120.218204, 23.015607], [120.217983, 23.015674], [120.217806, 23.015629], [120.217884, 23.016098], [120.217953, 23.016027], [120.218726, 23.016064], [120.218629, 23.016193], [120.218698, 23.016244], [120.218639, 23.016335], [120.218466, 23.016311], [120.218358, 23.016426], [120.218149, 23.016385], [120.218232, 23.016314], [120.217825, 23.016423], [120.217916, 23.016705], [120.217916, 23.017569], [120.217134, 23.017791], [120.216966, 23.017394], [120.217026, 23.017284], [120.217657, 23.017419], [120.217702, 23.017253], [120.216973, 23.017117], [120.216923, 23.017258], [120.21698, 23.017267], [120.216771, 23.017334], [120.2168, 23.017482], [120.216486, 23.017593], [120.216446, 23.01748], [120.216089, 23.01754], [120.215999, 23.017793], [120.216188, 23.01769], [120.216321, 23.017774], [120.216352, 23.017724], [120.216399, 23.017837], [120.216483, 23.017727], [120.216698, 23.01769], [120.216701, 23.017834], [120.216922, 23.01782], [120.216759, 23.017283], [120.216596, 23.017166], [120.216059, 23.017288], [120.216091, 23.017443], [120.215918, 23.017572], [120.215818, 23.017462], [120.215676, 23.017455], [120.215665, 23.017353], [120.2155, 23.017468], [120.21585, 23.018139], [120.216026, 23.018981], [120.216365, 23.018761], [120.216512, 23.018764], [120.216561, 23.018583], [120.216199, 23.018618], [120.216136, 23.018443], [120.2165, 23.018344], [120.216427, 23.018141], [120.216161, 23.018152], [120.216404, 23.018048], [120.216232, 23.017925], [120.216669, 23.01787], [120.216662, 23.018311], [120.217041, 23.018164], [120.217015, 23.018427], [120.216736, 23.018459], [120.216741, 23.018605], [120.217264, 23.018404], [120.217245, 23.01806], [120.217117, 23.017931], [120.217043, 23.018014], [120.217326, 23.017875], [120.217941, 23.017808], [120.218, 23.018018], [120.217815, 23.018001], [120.217795, 23.017938], [120.217446, 23.01804], [120.217437, 23.018112], [120.217863, 23.018143], [120.217881, 23.018277], [120.218129, 23.017836], [120.218367, 23.017853], [120.218361, 23.017735], [120.218667, 23.017724], [120.218625, 23.017111], [120.218212, 23.017119], [120.218119, 23.017043], [120.218685, 23.016984], [120.218658, 23.017094], [120.218654, 23.016796], [120.218439, 23.016757], [120.218387, 23.016646], [120.21868, 23.016639], [120.218687, 23.016764], [120.218276, 23.017304], [120.218277, 23.017584], [120.218133, 23.017543], [120.218131, 23.017286], [120.217764, 23.017095], [120.217039, 23.016944], [120.217093, 23.016817], [120.217785, 23.016941], [120.21753, 23.017543], [120.217363, 23.017579], [120.217332, 23.017455], [120.217182, 23.017587], [120.218313, 23.017731], [120.218504, 23.017856], [120.218672, 23.017864], [120.217671, 23.018886], [120.217509, 23.018877], [120.217541, 23.018972], [120.217662, 23.018986], [120.217335, 23.019008], [120.21731, 23.018881], [120.217391, 23.018882], [120.217226, 23.018877], [120.217364, 23.019282], [120.217201, 23.019266], [120.217192, 23.019464], [120.217354, 23.01948], [120.21735, 23.019578], [120.217046, 23.019582], [120.217188, 23.019809], [120.217461, 23.01958], [120.21772, 23.019601], [120.217717, 23.019481], [120.21747, 23.019481], [120.217484, 23.019291], [120.217733, 23.019311], [120.217692, 23.019195], [120.216882, 23.019017], [120.21544, 23.017417], [120.214947, 23.016793], [120.21464, 23.015769], [120.214563, 23.015661], [120.214397, 23.015709], [120.214337, 23.015438], [120.214924, 23.015384], [120.215062, 23.015631], [120.214957, 23.015154], [120.21558, 23.015054], [120.215583, 23.014798], [120.215666, 23.014798], [120.216904, 23.016014], [120.217033, 23.016427], [120.217244, 23.016423], [120.217227, 23.016272], [120.217367, 23.016208], [120.217487, 23.01596], [120.217624, 23.016005], [120.217445, 23.015906], [120.217482, 23.015714], [120.21737, 23.015784], [120.216937, 23.015801], [120.217239, 23.015424], [120.217914, 23.015243], [120.217928, 23.015296], [120.218393, 23.015235], [120.218537, 23.015094], [120.218507, 23.01499], [120.217776, 23.015121], [120.217814, 23.014925], [120.218156, 23.014952], [120.218398, 23.014856], [120.218497, 23.014762], [120.218496, 23.014513], [120.217969, 23.01425], [120.217647, 23.014399], [120.217688, 23.014606], [120.218296, 23.013908], [120.218341, 23.013472], [120.218186, 23.013451], [120.218178, 23.013353], [120.218343, 23.013399], [120.218372, 23.012912], [120.21796, 23.012977], [120.218419, 23.01291]]}}, {"type": "Feature", "properties": {"district": "6703400", "segment": 26, "total_segments": 26, "km": 10.73, "villages": ["北門里", "永祥里"]}, "geometry": {"type": "LineString", "coordinates": [[120.216075, 23.013227], [120.215835, 23.013178], [120.213725, 23.01509], [120.216173, 23.016996], [120.217245, 23.016461], [120.21799, 23.015896], [120.217957, 23.015764], [120.21826, 23.01557], [120.218494, 23.015563], [120.218771, 23.015518], [120.218636, 23.014882], [120.218618, 23.014326], [120.218835, 23.014313], [120.218868, 23.015018], [120.219144, 23.016129], [120.219215, 23.016797], [120.219094, 23.016876], [120.219016, 23.016184], [120.218901, 23.016099], [120.218777, 23.015565], [120.219154, 23.015432], [120.219353, 23.016083], [120.219425, 23.01604], [120.219455, 23.016141], [120.219369, 23.016162], [120.21938, 23.016251], [120.219477, 23.01624], [120.219572, 23.016594], [120.21992, 23.016535], [120.219832, 23.016429], [120.219715, 23.016451], [120.219661, 23.016213], [120.219796, 23.016122], [120.219591, 23.016108], [120.219622, 23.016222], [120.219394, 23.016358], [120.21953, 23.016906], [120.219732, 23.016809], [120.219968, 23.016827], [120.219979, 23.016689], [120.220075, 23.016653], [120.220117, 23.017143], [120.219957, 23.017154], [120.219964, 23.016865], [120.219814, 23.017154], [120.218978, 23.017293], [120.219001, 23.017438], [120.218831, 23.01748], [120.218884, 23.017729], [120.220011, 23.017346], [120.220381, 23.01729], [120.220329, 23.016563], [120.220289, 23.016478], [120.220085, 23.016514], [120.220728, 23.01655], [120.220751, 23.016199], [120.220887, 23.016229], [120.220903, 23.015951], [120.221567, 23.015963], [120.221434, 23.015754], [120.220515, 23.015743], [120.220563, 23.01564], [120.221315, 23.015648], [120.221249, 23.015484], [120.220523, 23.015472], [120.22057, 23.015373], [120.221156, 23.015376], [120.221067, 23.015209], [120.220558, 23.015202], [120.220544, 23.015098], [120.220948, 23.015101], [120.220859, 23.014929], [120.220339, 23.014935], [120.220363, 23.014836], [120.220761, 23.014828], [120.2206, 23.014543], [120.220158, 23.014544], [120.220146, 23.014649], [120.220501, 23.014635], [120.220311, 23.014835], [120.219845, 23.014649], [120.219491, 23.014648], [120.219466, 23.014518], [120.219352, 23.014528], [120.219333, 23.014449], [120.219518, 23.014435], [120.219499, 23.014239], [120.21933, 23.014262], [120.219322, 23.014176], [120.219477, 23.014147], [120.219365, 23.013743], [120.218442, 23.013866], [120.218577, 23.012888], [120.218683, 23.012989], [120.218915, 23.012983], [120.218921, 23.013086], [120.218699, 23.01318], [120.218722, 23.013633], [120.218984, 23.013614], [120.218907, 23.013285], [120.21913, 23.013262], [120.219151, 23.013602], [120.219373, 23.013579], [120.219284, 23.012933], [120.219378, 23.01293], [120.219037, 23.01294], [120.219117, 23.013179], [120.219542, 23.013132], [120.21954, 23.013056], [120.219528, 23.012974], [120.219522, 23.013539], [120.219109, 23.013603], [120.219185, 23.01405], [120.219112, 23.014111], [120.219145, 23.01426], [120.21922, 23.014232], [120.219003, 23.013908], [120.218895, 23.014068], [120.218627, 23.014098], [120.218653, 23.014024], [120.218989, 23.014062], [120.219063, 23.014324], [120.219234, 23.014375], [120.219249, 23.014997], [120.219356, 23.015077], [120.21922, 23.015201], [120.219412, 23.015918], [120.219682, 23.015872], [120.219524, 23.015542], [120.219778, 23.015617], [120.219143, 23.015381], [120.219109, 23.014916], [120.218976, 23.014843], [120.218932, 23.014443], [120.219111, 23.014478], [120.21916, 23.014761], [120.218539, 23.014114], [120.218545, 23.013672], [120.219951, 23.013588], [120.22012, 23.013842], [120.22002, 23.013997], [120.220215, 23.013992], [120.220244, 23.01433], [120.220156, 23.014312], [120.220462, 23.014329], [120.220354, 23.014206], [120.220053, 23.014179], [120.22048, 23.015098], [120.220576, 23.015952], [120.220864, 23.01595], [120.220868, 23.016364], [120.221395, 23.016373], [120.221396, 23.016473], [120.22087, 23.016473], [120.220729, 23.016613], [120.220749, 23.016688], [120.2214, 23.016685], [120.221394, 23.016784], [120.220863, 23.016786], [120.220858, 23.016998], [120.221394, 23.017002], [120.221395, 23.017104], [120.220859, 23.0171], [120.220726, 23.01702], [120.220763, 23.01733], [120.220622, 23.017349], [120.220599, 23.01746], [120.220505, 23.017476], [120.221868, 23.017449], [120.222734, 23.017517], [120.222502, 23.017349], [120.221716, 23.017333], [120.221703, 23.017101], [120.222362, 23.017095], [120.22221, 23.016978], [120.22171, 23.016989], [120.221709, 23.016786], [120.222147, 23.016792], [120.22204, 23.016661], [120.221708, 23.016676], [120.221692, 23.016474], [120.221923, 23.016476], [120.221861, 23.016368], [120.221727, 23.016359], [120.221694, 23.016123], [120.22156, 23.016373], [120.221584, 23.017326], [120.220863, 23.01732], [120.220853, 23.017758], [120.220602, 23.01776], [120.220538, 23.017646], [120.220173, 23.017704], [120.220155, 23.017599], [120.220233, 23.018123], [120.220073, 23.018093], [120.219867, 23.01816], [120.219841, 23.01824], [120.220135, 23.018207], [120.220213, 23.018422], [120.220026, 23.018487], [120.220652, 23.018289], [120.220706, 23.018411], [120.220347, 23.018523], [120.220267, 23.018665], [120.220671, 23.018706], [120.220998, 23.018478], [120.221161, 23.018488], [120.221316, 23.018379], [120.221172, 23.017844], [120.220905, 23.01772], [120.221351, 23.017775], [120.221444, 23.018292], [120.221603, 23.018242], [120.221579, 23.017647], [120.221699, 23.017604], [120.221747, 23.01816], [120.221993, 23.018], [120.22202, 23.017815], [120.221904, 23.017816], [120.221898, 23.017708], [120.222734, 23.017697], [120.222538, 23.01783], [120.222083, 23.017814], [120.222184, 23.018436], [120.222027, 23.018506], [120.222651, 23.018287], [120.222696, 23.018473], [120.222052, 23.018857], [120.222163, 23.018985], [120.222653, 23.01867], [120.222625, 23.018918], [120.222104, 23.019225], [120.221778, 23.018669], [120.222168, 23.019285], [120.222748, 23.018909], [120.22101, 23.018568], [120.220737, 23.017955], [120.220047, 23.017858], [120.219731, 23.017956], [120.219685, 23.017839], [120.219502, 23.017897], [120.220052, 23.017722], [120.220002, 23.017498], [120.219352, 23.017664], [120.219185, 23.017375], [120.219379, 23.017294], [120.21952, 23.017331], [120.219426, 23.016932], [120.218829, 23.017015], [120.218824, 23.017364], [120.218835, 23.016228], [120.219474, 23.016921], [120.220124, 23.017457], [120.220249, 23.017426], [120.219593, 23.018112]]}}]}