{"type": "FeatureCollection", "features": [{"type": "Feature", "properties": {"district": "6800800", "segment": 1, "total_segments": 44, "km": 11.19, "villages": ["大仁里"]}, "geometry": {"type": "LineString", "coordinates": [[121.32149, 24.970315], [121.32137, 24.970502], [121.321449, 24.970571], [121.321575, 24.970337], [121.321713, 24.970416], [121.321557, 24.970671], [121.321913, 24.970594], [121.322283, 24.970061], [121.321952, 24.969736], [121.321735, 24.969739], [121.321736, 24.969843], [121.321831, 24.969841], [121.321622, 24.969837], [121.321632, 24.969959], [121.32144, 24.969931], [121.321462, 24.968874], [121.321601, 24.968971], [121.321611, 24.969434], [121.322114, 24.969433], [121.322034, 24.969534], [121.321589, 24.969537], [121.321612, 24.969738], [121.321238, 24.96972], [121.321124, 24.969794], [121.321098, 24.96955], [121.321332, 24.969549], [121.321334, 24.969433], [121.321021, 24.96943], [121.321059, 24.969257], [121.32097, 24.969253], [121.320965, 24.969151], [121.321327, 24.969137], [121.321329, 24.969244], [121.321104, 24.969264], [121.322075, 24.969274], [121.322133, 24.969167], [121.321732, 24.969044], [121.321792, 24.968852], [121.321705, 24.968809], [121.32198, 24.96894], [121.322306, 24.969328], [121.322786, 24.969579], [121.322854, 24.969734], [121.32262, 24.969774], [121.322254, 24.969556], [121.322125, 24.969733], [121.32217, 24.969776], [121.322069, 24.969695], [121.322434, 24.969998], [121.32234, 24.970094], [121.32314, 24.969832], [121.323505, 24.969882], [121.323475, 24.97041], [121.323572, 24.970412], [121.323468, 24.970498], [121.323445, 24.970817], [121.323714, 24.970747], [121.32371, 24.970854], [121.323812, 24.970858], [121.323854, 24.970397], [121.323729, 24.970391], [121.323715, 24.970692], [121.323954, 24.970707], [121.32394, 24.970817], [121.324058, 24.97082], [121.324095, 24.970409], [121.324034, 24.970402], [121.323973, 24.970399], [121.323952, 24.970651], [121.324055, 24.97088], [121.324274, 24.970884], [121.324337, 24.969915], [121.324152, 24.969927], [121.324104, 24.970264], [121.323981, 24.970261], [121.324015, 24.969878], [121.323877, 24.969915], [121.323865, 24.970258], [121.323739, 24.970259], [121.323769, 24.969906], [121.324548, 24.969645], [121.324693, 24.969736], [121.325733, 24.969903], [121.32577, 24.969406], [121.325906, 24.969399], [121.325882, 24.969926], [121.326258, 24.970029], [121.326274, 24.969732], [121.32641, 24.969528], [121.32604, 24.969428], [121.326048, 24.969284], [121.326521, 24.969393], [121.326544, 24.969239], [121.326071, 24.969048], [121.326084, 24.969131], [121.325888, 24.969082], [121.325876, 24.969244], [121.325768, 24.969256], [121.325796, 24.968622], [121.325932, 24.96867], [121.325897, 24.96899], [121.326076, 24.968913], [121.326108, 24.968628], [121.326304, 24.968716], [121.326253, 24.968902], [121.326348, 24.968941], [121.326394, 24.968759], [121.326548, 24.968845], [121.326512, 24.968977], [121.326621, 24.968992], [121.326614, 24.969106], [121.326544, 24.969097], [121.32665, 24.968898], [121.326144, 24.969607], [121.326182, 24.96972], [121.326064, 24.970176], [121.325198, 24.970005], [121.325154, 24.970237], [121.326595, 24.970424], [121.326494, 24.97073], [121.3251, 24.970521], [121.3251, 24.970643], [121.326387, 24.970858], [121.326325, 24.97098], [121.326499, 24.971011], [121.326481, 24.971116], [121.325586, 24.971017], [121.325599, 24.971367], [121.32542, 24.971214], [121.325431, 24.970994], [121.325062, 24.97094], [121.325086, 24.970812], [121.326269, 24.970965], [121.32642, 24.970569], [121.32514, 24.970353], [121.324832, 24.970552], [121.324749, 24.970766], [121.324856, 24.97078], [121.324834, 24.970902], [121.324509, 24.970935], [121.32457, 24.969914], [121.324694, 24.969616], [121.325587, 24.969708], [121.325644, 24.968626], [121.324732, 24.968062], [121.323616, 24.968019], [121.323623, 24.968274], [121.323699, 24.967434], [121.323543, 24.96611], [121.323251, 24.964976], [121.322087, 24.967368], [121.321128, 24.967898], [121.32054, 24.967909], [121.320606, 24.968021], [121.321085, 24.968025], [121.321095, 24.968142], [121.320682, 24.968134], [121.320713, 24.968245], [121.320931, 24.968273], [121.32097, 24.967753], [121.320732, 24.967776], [121.320861, 24.967645], [121.320952, 24.96767], [121.321464, 24.968513], [121.320403, 24.968909], [121.319839, 24.96896], [121.319851, 24.969049], [121.320349, 24.969003], [121.32032, 24.96921], [121.31907, 24.969329], [121.319128, 24.96941], [121.320275, 24.969312], [121.320356, 24.969499], [121.319904, 24.969558], [121.31991, 24.969644], [121.320372, 24.969626], [121.32046, 24.969763], [121.319934, 24.969847], [121.319946, 24.969941], [121.320196, 24.96992], [121.320165, 24.970125], [121.318364, 24.970287], [121.318362, 24.97011], [121.318439, 24.970069], [121.319033, 24.970016], [121.319021, 24.969926], [121.318428, 24.969975], [121.318423, 24.969772], [121.319769, 24.969675], [121.319792, 24.969562], [121.319096, 24.96962], [121.319132, 24.969915], [121.319823, 24.969853], [121.319841, 24.969953], [121.319139, 24.970006], [121.319186, 24.970323], [121.319262, 24.970309], [121.319074, 24.970332], [121.319079, 24.970453], [121.318916, 24.970467], [121.318901, 24.970573], [121.319091, 24.970652], [121.319213, 24.970883], [121.319002, 24.970946], [121.319045, 24.971042], [121.319386, 24.970936], [121.319354, 24.970856], [121.319261, 24.970875], [121.319302, 24.971352], [121.319162, 24.971372], [121.318998, 24.971055], [121.31887, 24.971097], [121.319068, 24.971551], [121.319205, 24.971511], [121.319188, 24.971442], [121.319437, 24.971993], [121.319308, 24.972086], [121.319119, 24.971749], [121.319382, 24.971608], [121.319587, 24.971906], [121.320229, 24.971271], [121.320325, 24.971141], [121.320225, 24.971076], [121.320285, 24.971024], [121.319999, 24.971357], [121.319926, 24.970249], [121.320106, 24.970238], [121.31972, 24.969065], [121.318928, 24.969156], [121.31939, 24.968999], [121.319735, 24.968974], [121.31971, 24.968824], [121.319625, 24.968837], [121.319826, 24.968752], [121.320245, 24.968731], [121.320113, 24.968634], [121.319808, 24.968658], [121.319825, 24.968518], [121.318448, 24.970792], [121.318782, 24.971887], [121.324274, 24.970937], [121.325485, 24.970986], [121.326211, 24.970201], [121.326379, 24.970245], [121.325536, 24.967448], [121.325561, 24.966895]]}}, {"type": "Feature", "properties": {"district": "6800800", "segment": 2, "total_segments": 44, "km": 14.95, "villages": ["大明里", "大發里"]}, "geometry": {"type": "LineString", "coordinates": [[121.325643, 24.967014], [121.32594, 24.967214], [121.325892, 24.967284], [121.326212, 24.966766], [121.326343, 24.966879], [121.326012, 24.967415], [121.326119, 24.967485], [121.326439, 24.966973], [121.326575, 24.967146], [121.326171, 24.967727], [121.326059, 24.967958], [121.326151, 24.968006], [121.326652, 24.967224], [121.326795, 24.967361], [121.326565, 24.967686], [121.326672, 24.967743], [121.326864, 24.967448], [121.327015, 24.967586], [121.326272, 24.968576], [121.326154, 24.968521], [121.3263, 24.968272], [121.326174, 24.968195], [121.325955, 24.968523], [121.325833, 24.968451], [121.326035, 24.96812], [121.325897, 24.968042], [121.325619, 24.968479], [121.326401, 24.968655], [121.326562, 24.968415], [121.326695, 24.968482], [121.326536, 24.968726], [121.326678, 24.968756], [121.326816, 24.968558], [121.326908, 24.968659], [121.326764, 24.96885], [121.326662, 24.968797], [121.326899, 24.968928], [121.32706, 24.9687], [121.327179, 24.968765], [121.326939, 24.969143], [121.327296, 24.96933], [121.327573, 24.968982], [121.3277, 24.969055], [121.327279, 24.969627], [121.327206, 24.969618], [121.327194, 24.969456], [121.326974, 24.96943], [121.32694, 24.969678], [121.326735, 24.969614], [121.326613, 24.969658], [121.326592, 24.969709], [121.326795, 24.969756], [121.326686, 24.969937], [121.326521, 24.969959], [121.32653, 24.969902], [121.326479, 24.970058], [121.326649, 24.97017], [121.327048, 24.969823], [121.327069, 24.969719], [121.32723, 24.969829], [121.326834, 24.970217], [121.32703, 24.970285], [121.327457, 24.969905], [121.32754, 24.970014], [121.326702, 24.970865], [121.326857, 24.971012], [121.328364, 24.969584], [121.328147, 24.969455], [121.328434, 24.968986], [121.328314, 24.968868], [121.328359, 24.968798], [121.32814, 24.969108], [121.328036, 24.969047], [121.328293, 24.968661], [121.328184, 24.968524], [121.328326, 24.96843], [121.328186, 24.968306], [121.328059, 24.968419], [121.327963, 24.968316], [121.328157, 24.968151], [121.328258, 24.968245], [121.328056, 24.96804], [121.327847, 24.968187], [121.327764, 24.968107], [121.328007, 24.967925], [121.32789, 24.967797], [121.327616, 24.968001], [121.327546, 24.967917], [121.327787, 24.967744], [121.327404, 24.968182], [121.327496, 24.968237], [121.327525, 24.968183], [121.327485, 24.96832], [121.327251, 24.968607], [121.327151, 24.968566], [121.327322, 24.968303], [121.327164, 24.968216], [121.326979, 24.968471], [121.326876, 24.968417], [121.327263, 24.967842], [121.327331, 24.967936], [121.327248, 24.968093], [121.326999, 24.967912], [121.32725, 24.967469], [121.326728, 24.96832], [121.326403, 24.968152], [121.326584, 24.967892], [121.326484, 24.967835], [121.326309, 24.968092], [121.325904, 24.967832], [121.326067, 24.967569], [121.325952, 24.967534], [121.32584, 24.967717], [121.325706, 24.967637], [121.325973, 24.966909], [121.325857, 24.966846], [121.325636, 24.966403], [121.328047, 24.967131], [121.328333, 24.966633], [121.328106, 24.966483], [121.328164, 24.96641], [121.327876, 24.966579], [121.328341, 24.96613], [121.328869, 24.966321], [121.329566, 24.966869], [121.329499, 24.966942], [121.328796, 24.966406], [121.328701, 24.966561], [121.329398, 24.967069], [121.329303, 24.967158], [121.328622, 24.966653], [121.328062, 24.965954], [121.327424, 24.965625], [121.327326, 24.968841], [121.327155, 24.969096], [121.327281, 24.969154], [121.327443, 24.96891], [121.327801, 24.96916], [121.32769, 24.969379], [121.327797, 24.969434], [121.327954, 24.969194], [121.327829, 24.969125], [121.328061, 24.969313], [121.327926, 24.969641], [121.327579, 24.96999], [121.32753, 24.969771], [121.327769, 24.96957], [121.327633, 24.969493], [121.327287, 24.969797], [121.326718, 24.969372], [121.326813, 24.969099], [121.328092, 24.969276], [121.328073, 24.969581], [121.328529, 24.969817], [121.328243, 24.97016], [121.327137, 24.971135], [121.327079, 24.971279], [121.326945, 24.971325], [121.326359, 24.971882], [121.32665, 24.971891], [121.326818, 24.971977], [121.327543, 24.972525], [121.327899, 24.971981], [121.327206, 24.971381], [121.327315, 24.971268], [121.327965, 24.971796], [121.328106, 24.971689], [121.327432, 24.971153], [121.327553, 24.971041], [121.328238, 24.971619], [121.328241, 24.9715], [121.327726, 24.970964], [121.326976, 24.971902], [121.32682, 24.97183], [121.327135, 24.971582], [121.327339, 24.97176], [121.327089, 24.971996], [121.327207, 24.972036], [121.3275, 24.971762], [121.327374, 24.97173], [121.327614, 24.971888], [121.327364, 24.972183], [121.327183, 24.972078], [121.327508, 24.972267], [121.327679, 24.97194], [121.327913, 24.972157], [121.327715, 24.972607], [121.327885, 24.972667], [121.328202, 24.971808], [121.328143, 24.971711], [121.327855, 24.972751], [121.32635, 24.971495], [121.326138, 24.97167], [121.325934, 24.971493], [121.326187, 24.971201], [121.325863, 24.971155], [121.325778, 24.971221], [121.325738, 24.971433], [121.326279, 24.9712], [121.326484, 24.971369], [121.326822, 24.97105], [121.32638, 24.971456], [121.328626, 24.96972], [121.327793, 24.965194], [121.327671, 24.965048], [121.328142, 24.964875], [121.328506, 24.96404], [121.328192, 24.964101], [121.328183, 24.96401], [121.328018, 24.963966], [121.327771, 24.964399], [121.327953, 24.964327], [121.328085, 24.964379], [121.32818, 24.964221], [121.327706, 24.964085], [121.327179, 24.964372], [121.326879, 24.963953], [121.327146, 24.963617], [121.327263, 24.963681], [121.328495, 24.963712], [121.328665, 24.963371], [121.328847, 24.962608], [121.328605, 24.961806], [121.326611, 24.961472], [121.326271, 24.960907], [121.326146, 24.961038], [121.32653, 24.961519], [121.326423, 24.961631], [121.326549, 24.961688], [121.326084, 24.961483], [121.325911, 24.961177], [121.326025, 24.961099], [121.326228, 24.961405], [121.325646, 24.961312], [121.325564, 24.961779], [121.325397, 24.961767], [121.325679, 24.962089], [121.326248, 24.9625], [121.325287, 24.961127], [121.324101, 24.959809], [121.323952, 24.959895], [121.323651, 24.959772], [121.323321, 24.960429], [121.323037, 24.960318], [121.322978, 24.960412], [121.323386, 24.959726], [121.323767, 24.959403], [121.323884, 24.959188], [121.324016, 24.959492], [121.324315, 24.959464], [121.324246, 24.959012], [121.324519, 24.95888], [121.324464, 24.958627], [121.32427, 24.958455], [121.324548, 24.957765], [121.32401, 24.957353], [121.324288, 24.957014], [121.324015, 24.95697], [121.323875, 24.957147], [121.323608, 24.95693], [121.323256, 24.956807], [121.323048, 24.957058], [121.323104, 24.957282], [121.322888, 24.957679], [121.32309, 24.95792], [121.323094, 24.958203], [121.322774, 24.958109], [121.322423, 24.958155], [121.322488, 24.958047], [121.322252, 24.957418], [121.322353, 24.957381], [121.322337, 24.956943], [121.322778, 24.956586], [121.322991, 24.956508], [121.32323, 24.956187], [121.323516, 24.95624], [121.323869, 24.955639], [121.324489, 24.956036], [121.324395, 24.956153], [121.323919, 24.955836], [121.323711, 24.956158], [121.323339, 24.956482], [121.323849, 24.956651], [121.324225, 24.956214], [121.324445, 24.956335], [121.324194, 24.9567], [121.324619, 24.956828], [121.323634, 24.957388], [121.323416, 24.957638], [121.323358, 24.957761], [121.323591, 24.957925], [121.32383, 24.95762], [121.323388, 24.959023], [121.323521, 24.959128], [121.322197, 24.959587], [121.322118, 24.96092], [121.322567, 24.96114], [121.322655, 24.960968], [121.322924, 24.961001], [121.322424, 24.96184], [121.322333, 24.961944], [121.322184, 24.961862], [121.322453, 24.961291], [121.323139, 24.961445], [121.323059, 24.961643], [121.323266, 24.961771], [121.322089, 24.961948], [121.321823, 24.961601], [121.321653, 24.961776], [121.320832, 24.961905], [121.320469, 24.961287], [121.320495, 24.961226], [121.320411, 24.961214]]}}, {"type": "Feature", "properties": {"district": "6800800", "segment": 3, "total_segments": 44, "km": 10.61, "villages": ["大發里"]}, "geometry": {"type": "LineString", "coordinates": [[121.321565, 24.960793], [121.320839, 24.961951], [121.321399, 24.962769], [121.321463, 24.962534], [121.321345, 24.962368], [121.3215, 24.96243], [121.322153, 24.963505], [121.322194, 24.963702], [121.322646, 24.964198], [121.323871, 24.964592], [121.324778, 24.964157], [121.324864, 24.964476], [121.327665, 24.95861], [121.327154, 24.958354], [121.327316, 24.958276], [121.327578, 24.958429], [121.327671, 24.958122], [121.32747, 24.958188], [121.327272, 24.958025], [121.327184, 24.958201], [121.326852, 24.958084], [121.327556, 24.957194], [121.327089, 24.958034], [121.327318, 24.957941], [121.327801, 24.958021], [121.3282, 24.958265], [121.326965, 24.958262], [121.326647, 24.958155], [121.326328, 24.958021], [121.326402, 24.957738], [121.325843, 24.957464], [121.325717, 24.957286], [121.325996, 24.956899], [121.326228, 24.957169], [121.326322, 24.956487], [121.326602, 24.955821], [121.326785, 24.955684], [121.327314, 24.955853], [121.327662, 24.955812], [121.327517, 24.955553], [121.327691, 24.955306], [121.327376, 24.955192], [121.327507, 24.955044], [121.325365, 24.95348], [121.324194, 24.953767], [121.323891, 24.953795], [121.323885, 24.953727], [121.32393, 24.954114], [121.324079, 24.954161], [121.323915, 24.954636], [121.323336, 24.954393], [121.323313, 24.954561], [121.323871, 24.95481], [121.323858, 24.954923], [121.323157, 24.954632], [121.323098, 24.954739], [121.323992, 24.95521], [121.32392, 24.955322], [121.322909, 24.954864], [121.32275, 24.95495], [121.323801, 24.955501], [121.323646, 24.955568], [121.323403, 24.955889], [121.322911, 24.955666], [121.323117, 24.955243], [121.322239, 24.954888], [121.322161, 24.954987], [121.32208, 24.954936], [121.321998, 24.955059], [121.322837, 24.955463], [121.322913, 24.955344], [121.322237, 24.95505], [121.322101, 24.955283], [121.322756, 24.955597], [121.32209, 24.955404], [121.321772, 24.955228], [121.321835, 24.955138], [121.322009, 24.955233], [121.321952, 24.955039], [121.321856, 24.955003], [121.321781, 24.955117], [121.32191, 24.955483], [121.322528, 24.954847], [121.322703, 24.954926], [121.322952, 24.954693], [121.324109, 24.955065], [121.324191, 24.954737], [121.323975, 24.954661], [121.324367, 24.954937], [121.324448, 24.954841], [121.324338, 24.955099], [121.323976, 24.95553], [121.32352, 24.952669], [121.319965, 24.955333], [121.319972, 24.955824], [121.319523, 24.955809], [121.319534, 24.955721], [121.319607, 24.955725], [121.319448, 24.955978], [121.319662, 24.956078], [121.319691, 24.956364], [121.319921, 24.956607], [121.320103, 24.956629], [121.320187, 24.956721], [121.32018, 24.956898], [121.320017, 24.956877], [121.320005, 24.95714], [121.319861, 24.957142], [121.319834, 24.956787], [121.319565, 24.956418], [121.319358, 24.956216], [121.319153, 24.956191], [121.318877, 24.956339], [121.318022, 24.957098], [121.317763, 24.956878], [121.319023, 24.955827], [121.318576, 24.955519], [121.318826, 24.955334], [121.318657, 24.955163], [121.318397, 24.955383], [121.318061, 24.955516], [121.318288, 24.955731], [121.31721, 24.956401], [121.317136, 24.956728], [121.316769, 24.956288], [121.317695, 24.95578], [121.317748, 24.955635], [121.318456, 24.955638], [121.319954, 24.956202], [121.320187, 24.956434], [121.320012, 24.956835], [121.320384, 24.957525], [121.320219, 24.957868], [121.319813, 24.958131], [121.319425, 24.957669], [121.31888, 24.957458], [121.318721, 24.957527], [121.318774, 24.957628], [121.318665, 24.957709], [121.318357, 24.957386], [121.318278, 24.957498], [121.318516, 24.957763], [121.318385, 24.957821], [121.31808, 24.957497], [121.318238, 24.95747], [121.318431, 24.957267], [121.318692, 24.95748], [121.318782, 24.957913], [121.319018, 24.957924], [121.318556, 24.95808], [121.318688, 24.958361], [121.319273, 24.95899], [121.319375, 24.958917], [121.319547, 24.959216], [121.317374, 24.956987], [121.319224, 24.957162], [121.320216, 24.955892], [121.321175, 24.957051], [121.325372, 24.958374], [121.325495, 24.958546], [121.325678, 24.958605], [121.325453, 24.958684], [121.325269, 24.958649], [121.328334, 24.956682]]}}, {"type": "Feature", "properties": {"district": "6800800", "segment": 4, "total_segments": 44, "km": 14.65, "villages": ["大湳里"]}, "geometry": {"type": "LineString", "coordinates": [[121.319435, 24.95984], [121.319302, 24.959528], [121.318945, 24.959482], [121.318354, 24.958836], [121.318275, 24.958911], [121.318858, 24.959535], [121.318671, 24.959602], [121.318454, 24.959422], [121.318358, 24.959287], [121.318723, 24.958983], [121.318916, 24.959203], [121.319091, 24.959157], [121.318601, 24.958697], [121.318623, 24.958646], [121.318491, 24.958763], [121.31869, 24.958941], [121.318389, 24.958657], [121.318505, 24.958556], [121.318478, 24.958465], [121.317768, 24.957784], [121.317898, 24.958128], [121.318112, 24.95834], [121.317946, 24.958402], [121.317798, 24.958253], [121.31773, 24.958349], [121.318127, 24.958779], [121.318258, 24.958747], [121.317981, 24.958454], [121.317796, 24.958674], [121.318027, 24.95893], [121.317592, 24.958471], [121.317191, 24.958639], [121.316037, 24.959462], [121.31573, 24.959434], [121.315649, 24.95962], [121.315277, 24.95932], [121.315441, 24.959163], [121.31564, 24.95935], [121.31573, 24.959734], [121.314914, 24.959355], [121.314767, 24.959483], [121.314642, 24.959339], [121.314774, 24.95925], [121.314875, 24.959278], [121.314669, 24.959184], [121.31454, 24.959281], [121.314607, 24.959358], [121.314721, 24.959002], [121.314518, 24.958885], [121.314583, 24.958658], [121.314714, 24.958631], [121.3147, 24.958542], [121.315027, 24.958498], [121.314993, 24.958373], [121.314659, 24.95845], [121.314624, 24.958555], [121.314498, 24.958588], [121.314396, 24.958454], [121.314128, 24.958527], [121.314199, 24.958629], [121.314042, 24.95838], [121.314339, 24.958205], [121.314288, 24.958104], [121.314099, 24.958136], [121.314046, 24.957996], [121.314395, 24.957938], [121.314342, 24.957825], [121.31408, 24.957873], [121.313982, 24.957798], [121.31434, 24.958085], [121.314462, 24.958071], [121.31449, 24.958233], [121.314585, 24.958284], [121.314718, 24.958296], [121.314677, 24.958041], [121.314889, 24.957941], [121.314922, 24.958061], [121.315065, 24.958057], [121.315327, 24.958834], [121.315179, 24.958874], [121.315134, 24.958569], [121.314844, 24.958613], [121.315224, 24.958249], [121.315351, 24.958236], [121.315323, 24.958117], [121.315207, 24.958134], [121.315181, 24.958036], [121.31536, 24.958015], [121.315441, 24.958107], [121.315259, 24.957869], [121.314975, 24.957766], [121.315051, 24.957967], [121.315166, 24.95795], [121.314892, 24.957889], [121.314875, 24.957723], [121.314659, 24.957773], [121.313451, 24.957188], [121.312671, 24.957304], [121.312163, 24.95726], [121.310807, 24.95781], [121.311132, 24.958248], [121.310275, 24.95802], [121.309105, 24.95822], [121.309368, 24.95851], [121.309546, 24.959513], [121.309779, 24.959749], [121.310207, 24.959548], [121.31016, 24.959435], [121.309905, 24.959512], [121.309811, 24.959319], [121.310207, 24.959419], [121.310311, 24.959876], [121.310454, 24.959795], [121.310525, 24.959883], [121.310302, 24.960046], [121.310271, 24.959898], [121.309956, 24.95994], [121.309877, 24.959808], [121.310262, 24.960381], [121.310543, 24.960584], [121.310586, 24.9608], [121.310488, 24.960855], [121.310523, 24.961036], [121.311235, 24.960888], [121.311149, 24.96078], [121.310669, 24.960883], [121.310762, 24.961155], [121.311237, 24.961067], [121.311256, 24.961178], [121.310773, 24.961258], [121.310674, 24.961559], [121.311233, 24.961517], [121.310551, 24.962096], [121.310604, 24.962269], [121.310682, 24.962255], [121.310409, 24.962321], [121.310349, 24.962507], [121.310852, 24.962382], [121.310468, 24.962234], [121.310489, 24.962174], [121.310162, 24.962484], [121.310646, 24.960395], [121.310801, 24.960189], [121.308465, 24.959048], [121.307886, 24.959088], [121.30787, 24.958863], [121.308445, 24.958828], [121.308283, 24.958603], [121.307849, 24.958609], [121.307914, 24.958358], [121.308263, 24.958499], [121.308278, 24.958212], [121.307924, 24.958067], [121.307864, 24.958342], [121.307591, 24.958486], [121.307341, 24.958496], [121.307382, 24.959117], [121.30762, 24.959101], [121.3076, 24.958577], [121.306856, 24.958573], [121.306825, 24.957832], [121.307003, 24.957757], [121.307557, 24.957946], [121.307301, 24.958056], [121.307301, 24.958212], [121.307163, 24.958218], [121.307156, 24.957956], [121.307012, 24.957932], [121.307009, 24.958381], [121.306855, 24.958613], [121.30688, 24.959146], [121.30716, 24.95914], [121.307142, 24.958961], [121.307006, 24.958963], [121.306998, 24.958837], [121.307134, 24.958833], [121.307126, 24.958681], [121.306989, 24.958683], [121.306856, 24.959774], [121.307176, 24.959694], [121.307192, 24.960099], [121.306998, 24.959847], [121.306986, 24.959558], [121.307182, 24.959554], [121.307165, 24.959407], [121.306989, 24.959409], [121.307405, 24.959385], [121.307413, 24.959461], [121.307489, 24.959375], [121.307641, 24.95937], [121.307525, 24.959571], [121.307416, 24.959576], [121.308066, 24.95944], [121.308058, 24.959354], [121.307961, 24.959357], [121.307384, 24.960507], [121.307702, 24.96098], [121.307797, 24.961046], [121.307941, 24.960972], [121.307721, 24.961088], [121.3122, 24.964022], [121.312785, 24.964678], [121.313089, 24.964673], [121.312976, 24.964945], [121.313042, 24.965064], [121.314138, 24.96455], [121.314143, 24.964323], [121.313993, 24.964269], [121.313963, 24.964451], [121.313723, 24.964267], [121.313881, 24.964079], [121.314729, 24.963605], [121.313756, 24.963146], [121.313706, 24.962979], [121.313787, 24.962425], [121.313496, 24.961781], [121.315886, 24.96124], [121.316885, 24.960805], [121.316897, 24.960669], [121.31735, 24.961156], [121.317329, 24.961325], [121.318363, 24.961772], [121.319207, 24.96126], [121.319303, 24.961446], [121.319365, 24.961312], [121.31931, 24.961223], [121.319946, 24.960974], [121.320082, 24.961233], [121.31987, 24.961312], [121.32017, 24.96133], [121.320325, 24.961507], [121.320494, 24.96198], [121.320744, 24.962246], [121.319986, 24.961674], [121.319844, 24.962083], [121.319515, 24.962219], [121.319684, 24.962411], [121.319808, 24.962355], [121.319754, 24.962291], [121.319251, 24.962489], [121.319552, 24.963125], [121.319744, 24.963027], [121.31954, 24.962754], [121.318924, 24.962985], [121.318999, 24.96314], [121.319276, 24.963034], [121.319343, 24.963162], [121.319074, 24.963273], [121.319158, 24.963444], [121.31943, 24.963348], [121.319514, 24.963482], [121.319232, 24.963594], [121.319392, 24.96371], [121.319581, 24.963661], [121.319651, 24.963792], [121.319826, 24.963691], [121.31977, 24.96356], [121.319908, 24.963502], [121.319978, 24.963627], [121.32001, 24.963711], [121.319863, 24.96375], [121.319973, 24.964277], [121.320263, 24.964268], [121.320254, 24.964447], [121.320335, 24.96445], [121.319754, 24.96451], [121.319736, 24.964804], [121.319609, 24.964798], [121.31961, 24.964929], [121.320216, 24.964915], [121.320198, 24.965024], [121.319748, 24.965048], [121.319872, 24.965174], [121.320016, 24.965176], [121.320255, 24.965456], [121.320963, 24.964849], [121.32049, 24.96461], [121.319875, 24.964634], [121.319956, 24.964787], [121.320224, 24.964772], [121.319468, 24.964752], [121.31946, 24.964844], [121.319502, 24.964552], [121.320661, 24.964176], [121.321881, 24.963974], [121.321695, 24.963399], [121.321115, 24.96269], [121.319126, 24.962762], [121.318962, 24.962473], [121.318569, 24.962888], [121.318361, 24.962925], [121.317572, 24.963504], [121.317262, 24.963115], [121.317513, 24.962954], [121.317547, 24.962808], [121.317473, 24.962671], [121.317286, 24.962948], [121.317125, 24.962758], [121.316999, 24.962875], [121.31722, 24.963138], [121.316949, 24.963481], [121.317042, 24.963602], [121.316947, 24.964046], [121.31774, 24.96422], [121.317762, 24.963997], [121.318011, 24.96433], [121.31884, 24.963218], [121.31797, 24.962494], [121.317859, 24.962255], [121.317667, 24.962414], [121.319484, 24.961585], [121.319166, 24.961169], [121.318955, 24.961259], [121.319392, 24.961015], [121.319279, 24.960834], [121.319146, 24.960962], [121.318994, 24.960727], [121.31911, 24.960644], [121.318882, 24.960809], [121.31836, 24.96078], [121.318651, 24.960208], [121.318687, 24.959659], [121.31944, 24.960728], [121.319799, 24.960664], [121.319828, 24.960725], [121.317257, 24.957393], [121.316548, 24.957322], [121.316808, 24.95686], [121.316728, 24.956796], [121.316143, 24.956849], [121.316061, 24.95637], [121.316347, 24.956384]]}}, {"type": "Feature", "properties": {"district": "6800800", "segment": 5, "total_segments": 44, "km": 14.95, "villages": ["大湳里", "大強里"]}, "geometry": {"type": "LineString", "coordinates": [[121.314224, 24.964938], [121.31486, 24.96594], [121.314664, 24.966366], [121.314851, 24.966317], [121.315007, 24.965991], [121.315132, 24.966054], [121.314984, 24.966331], [121.315076, 24.966546], [121.315432, 24.966613], [121.315454, 24.966274], [121.315347, 24.966045], [121.315695, 24.966855], [121.315837, 24.967008], [121.316003, 24.966859], [121.316109, 24.966976], [121.316029, 24.967044], [121.316122, 24.967091], [121.316061, 24.967192], [121.315801, 24.96704], [121.316465, 24.967883], [121.317706, 24.968325], [121.317142, 24.968772], [121.315728, 24.96883], [121.315075, 24.968669], [121.315021, 24.968935], [121.314761, 24.969081], [121.31478, 24.969233], [121.314604, 24.969265], [121.314942, 24.969207], [121.314713, 24.968569], [121.3178, 24.965997], [121.319736, 24.965975], [121.319977, 24.965627], [121.320438, 24.966867], [121.320597, 24.967648], [121.318901, 24.968233], [121.322349, 24.964519], [121.318162, 24.97054], [121.318095, 24.970823], [121.317857, 24.970898], [121.317641, 24.970837], [121.316828, 24.970176], [121.31666, 24.971497], [121.314577, 24.97107], [121.314494, 24.970967], [121.314546, 24.970763], [121.314314, 24.970477], [121.314458, 24.97042], [121.314413, 24.970289], [121.314193, 24.970331], [121.314124, 24.970012], [121.313937, 24.969855], [121.314219, 24.969801], [121.314366, 24.970153], [121.314527, 24.969964], [121.314675, 24.969931], [121.314724, 24.970291], [121.31491, 24.970268], [121.314792, 24.969684], [121.314149, 24.969326], [121.314091, 24.969206], [121.314142, 24.969049], [121.31385, 24.969091], [121.313842, 24.968931], [121.314151, 24.968907], [121.314169, 24.968785], [121.313797, 24.968813], [121.31402, 24.968611], [121.314028, 24.968414], [121.313872, 24.968427], [121.313902, 24.968525], [121.31415, 24.968516], [121.314156, 24.968645], [121.3136, 24.968133], [121.312705, 24.968295], [121.312265, 24.967877], [121.312452, 24.967322], [121.311956, 24.968268], [121.312012, 24.968466], [121.311456, 24.9683], [121.311703, 24.968761], [121.31172, 24.969557], [121.311547, 24.969581], [121.31142, 24.969713], [121.311442, 24.969887], [121.311265, 24.970184], [121.311296, 24.9703], [121.311588, 24.970194], [121.311742, 24.970635], [121.311352, 24.971674], [121.310446, 24.971561], [121.310012, 24.971288], [121.309477, 24.970807], [121.308941, 24.970682], [121.308996, 24.970205], [121.309705, 24.970184], [121.309701, 24.969992], [121.309936, 24.96999], [121.309925, 24.96989], [121.310054, 24.96988], [121.310038, 24.969714], [121.309434, 24.96969], [121.309446, 24.969596], [121.309989, 24.969603], [121.309941, 24.969424], [121.309451, 24.969406], [121.309451, 24.969276], [121.309835, 24.969286], [121.309647, 24.969099], [121.309465, 24.969091], [121.309461, 24.968993], [121.309644, 24.968999], [121.309466, 24.968727], [121.30908, 24.968716], [121.309043, 24.969172], [121.308082, 24.969139], [121.308078, 24.969034], [121.308313, 24.969043], [121.308321, 24.968893], [121.308051, 24.968918], [121.308311, 24.968818], [121.308575, 24.968873], [121.308439, 24.969297], [121.308118, 24.969306], [121.308299, 24.969446], [121.308204, 24.970123], [121.308454, 24.970375], [121.309423, 24.96998], [121.309645, 24.969992], [121.309706, 24.969881], [121.309868, 24.969877], [121.309431, 24.969867], [121.31014, 24.969216], [121.310099, 24.968322], [121.31025, 24.968314], [121.30985, 24.968344], [121.309649, 24.967934], [121.309353, 24.968223], [121.309185, 24.968006], [121.309259, 24.967671], [121.308929, 24.967622], [121.308939, 24.967479], [121.308794, 24.96747], [121.308776, 24.967734], [121.308917, 24.967741], [121.308924, 24.967664], [121.308909, 24.967856], [121.308438, 24.967325], [121.308205, 24.967304], [121.307997, 24.966736], [121.308667, 24.966552], [121.309014, 24.966283], [121.309299, 24.966262], [121.309323, 24.966316], [121.309375, 24.966196], [121.309417, 24.966416], [121.309247, 24.96689], [121.309488, 24.966932], [121.308943, 24.967144], [121.308921, 24.967222], [121.308658, 24.965988], [121.308589, 24.965942], [121.308752, 24.965804], [121.308766, 24.96567], [121.309082, 24.965817], [121.309392, 24.965603], [121.309351, 24.96543], [121.309048, 24.965243], [121.308579, 24.965377], [121.308317, 24.965311], [121.307825, 24.965547], [121.307827, 24.96564], [121.307604, 24.965064], [121.307463, 24.965093], [121.30744, 24.964966], [121.307484, 24.965613], [121.307663, 24.965581], [121.307431, 24.965619], [121.307813, 24.965864], [121.307662, 24.966051], [121.307968, 24.96575], [121.308167, 24.966002], [121.307744, 24.965144], [121.307743, 24.964772], [121.30706, 24.964856], [121.307061, 24.965214], [121.306924, 24.965368], [121.307169, 24.966426], [121.307191, 24.968237], [121.308097, 24.968611], [121.307237, 24.969714], [121.307102, 24.970104], [121.307026, 24.971756], [121.307427, 24.97278], [121.307898, 24.972946], [121.308442, 24.973726], [121.310018, 24.973292], [121.309175, 24.97246], [121.308975, 24.972488], [121.308908, 24.972683], [121.308847, 24.971748], [121.312754, 24.972495], [121.312905, 24.972388], [121.312892, 24.970489], [121.312649, 24.970487], [121.312316, 24.970341], [121.312445, 24.970064], [121.312059, 24.969946], [121.311822, 24.970053], [121.311765, 24.969836], [121.31169, 24.969818], [121.311963, 24.969665], [121.313124, 24.969555], [121.314783, 24.970773], [121.314342, 24.966736], [121.314131, 24.966721], [121.314169, 24.96656], [121.31442, 24.966573], [121.314448, 24.966421], [121.313924, 24.966106], [121.313779, 24.966316], [121.313659, 24.96623], [121.313845, 24.966038], [121.313638, 24.965919], [121.31353, 24.966175], [121.312892, 24.965392], [121.310891, 24.965244], [121.310889, 24.965142], [121.312967, 24.9653], [121.312887, 24.965146], [121.311937, 24.965077], [121.311943, 24.964973], [121.312839, 24.965037], [121.312748, 24.964888], [121.311962, 24.964823], [121.311972, 24.96473], [121.312693, 24.964786], [121.312576, 24.964628], [121.311989, 24.964584], [121.311991, 24.964484], [121.312447, 24.964507], [121.312313, 24.964362], [121.312001, 24.96433], [121.312017, 24.964248], [121.312207, 24.96427], [121.31175, 24.964321], [121.311763, 24.964218], [121.31183, 24.964225], [121.311865, 24.964573], [121.311461, 24.964541], [121.311573, 24.964446], [121.311753, 24.964462], [121.31173, 24.96471], [121.311847, 24.964713], [121.311833, 24.964814], [121.310929, 24.964744], [121.310937, 24.964653], [121.311671, 24.964707], [121.311644, 24.964939], [121.310916, 24.964896], [121.310911, 24.964987]]}}, {"type": "Feature", "properties": {"district": "6800800", "segment": 6, "total_segments": 44, "km": 14.99, "villages": ["大強里", "大福里"]}, "geometry": {"type": "LineString", "coordinates": [[121.311822, 24.965062], [121.31183, 24.964959], [121.311703, 24.96495], [121.311653, 24.965484], [121.312493, 24.965523], [121.311515, 24.96558], [121.310865, 24.965523], [121.310896, 24.965417], [121.31159, 24.96548], [121.31158, 24.965733], [121.311703, 24.965733], [121.311707, 24.965831], [121.310838, 24.965756], [121.310837, 24.965668], [121.311521, 24.965728], [121.311506, 24.965961], [121.310832, 24.965909], [121.310827, 24.966007], [121.311414, 24.966061], [121.311534, 24.966061], [121.311569, 24.96597], [121.311401, 24.966205], [121.310806, 24.966155], [121.310797, 24.966243], [121.311353, 24.966302], [121.311213, 24.966423], [121.310246, 24.966347], [121.310258, 24.966206], [121.310688, 24.966237], [121.310692, 24.966142], [121.31018, 24.966112], [121.310201, 24.966205], [121.310127, 24.965852], [121.31071, 24.965903], [121.310707, 24.965992], [121.310257, 24.965965], [121.310325, 24.965736], [121.310725, 24.965758], [121.310729, 24.965664], [121.310006, 24.965611], [121.310034, 24.965702], [121.310262, 24.965725], [121.31026, 24.96549], [121.310736, 24.96552], [121.310757, 24.965423], [121.309891, 24.965356], [121.309968, 24.965462], [121.310197, 24.965481], [121.310174, 24.965199], [121.310769, 24.96525], [121.310778, 24.965127], [121.309825, 24.965059], [121.309868, 24.965167], [121.310109, 24.965186], [121.310192, 24.964949], [121.309848, 24.964909], [121.309856, 24.964815], [121.310799, 24.964884], [121.310788, 24.964976], [121.310252, 24.964953], [121.310234, 24.964705], [121.310814, 24.964738], [121.310824, 24.964651], [121.309896, 24.964576], [121.309884, 24.964666], [121.310177, 24.964688], [121.310183, 24.964442], [121.309899, 24.964424], [121.310086, 24.96434], [121.309684, 24.964025], [121.310081, 24.963731], [121.310423, 24.963712], [121.310442, 24.963041], [121.310514, 24.963037], [121.310502, 24.962902], [121.31017, 24.962961], [121.310183, 24.963046], [121.310351, 24.963037], [121.310259, 24.962784], [121.310477, 24.962733], [121.310473, 24.962645], [121.310215, 24.962646], [121.310164, 24.962795], [121.309928, 24.962932], [121.309945, 24.962548], [121.310247, 24.962501], [121.31157, 24.963136], [121.31181, 24.962666], [121.311802, 24.962537], [121.312261, 24.962589], [121.312279, 24.962968], [121.310847, 24.964494], [121.309659, 24.964818], [121.309481, 24.965794], [121.309501, 24.965957], [121.309702, 24.965932], [121.30912, 24.964676], [121.310049, 24.963383], [121.307683, 24.963736], [121.306959, 24.964065], [121.306899, 24.962694], [121.307169, 24.962194], [121.30774, 24.961941], [121.306969, 24.96113], [121.306831, 24.960483], [121.307674, 24.963024], [121.310484, 24.967932], [121.309741, 24.974886], [121.303436, 24.977954], [121.302429, 24.976227], [121.302243, 24.976147], [121.301936, 24.97625], [121.301874, 24.976015], [121.302287, 24.975801], [121.30219, 24.975314], [121.301307, 24.975452], [121.301463, 24.975887], [121.30161, 24.975805], [121.301521, 24.975503], [121.301777, 24.975558], [121.301856, 24.97579], [121.301632, 24.975854], [121.301659, 24.976024], [121.301186, 24.976147], [121.301165, 24.976053], [121.301275, 24.97591], [121.301191, 24.975467], [121.300763, 24.975535], [121.300717, 24.975317], [121.300496, 24.975326], [121.300459, 24.975086], [121.300804, 24.975038], [121.300842, 24.975268], [121.301188, 24.975217], [121.301604, 24.974704], [121.302096, 24.974749], [121.302239, 24.974715], [121.302244, 24.974616], [121.302229, 24.975041], [121.302189, 24.97414], [121.302254, 24.974012], [121.302009, 24.974078], [121.301682, 24.97394], [121.301757, 24.973865], [121.301542, 24.973791], [121.301553, 24.973641], [121.30076, 24.973754], [121.300775, 24.973841], [121.300889, 24.973827], [121.30092, 24.974004], [121.300394, 24.974072], [121.300302, 24.973885], [121.300549, 24.973884], [121.300525, 24.973793], [121.300383, 24.973816], [121.3002, 24.973546], [121.300196, 24.97341], [121.300601, 24.973219], [121.300614, 24.973335], [121.300844, 24.973268], [121.300931, 24.973422], [121.300319, 24.973514], [121.300318, 24.973627], [121.301551, 24.973411], [121.30164, 24.973144], [121.301483, 24.972832], [121.300795, 24.973141], [121.301074, 24.973161], [121.301223, 24.97336], [121.301462, 24.973258], [121.301408, 24.973071], [121.301204, 24.973145], [121.301025, 24.973368], [121.301093, 24.973959], [121.301041, 24.973964], [121.301517, 24.973907], [121.301526, 24.973839], [121.301509, 24.974126], [121.301158, 24.974102], [121.300549, 24.974211], [121.300625, 24.974385], [121.301497, 24.974259], [121.30168, 24.974101], [121.30195, 24.974194], [121.302231, 24.973673], [121.302222, 24.97352], [121.301851, 24.97267], [121.301647, 24.972739], [121.301817, 24.973129], [121.301799, 24.973306], [121.30034, 24.973388], [121.299153, 24.973636], [121.299199, 24.973775], [121.299637, 24.973672], [121.300026, 24.973681], [121.300014, 24.973626], [121.300102, 24.974363], [121.299816, 24.974395], [121.299855, 24.97451], [121.299383, 24.974578], [121.299232, 24.973876], [121.299851, 24.973761], [121.299772, 24.973915], [121.299369, 24.97398], [121.29945, 24.974144], [121.299803, 24.974088], [121.299866, 24.973937], [121.29983, 24.974222], [121.299474, 24.974278], [121.299639, 24.974366], [121.299664, 24.974478], [121.2999, 24.974275], [121.300126, 24.974501], [121.299927, 24.974558], [121.300381, 24.9745], [121.300332, 24.974217], [121.300773, 24.974657], [121.300211, 24.974973], [121.300295, 24.975369], [121.299379, 24.975448], [121.299398, 24.97567], [121.297628, 24.976181], [121.297585, 24.976006], [121.296954, 24.976156], [121.296777, 24.975444], [121.296554, 24.975532], [121.29668, 24.975648], [121.29671, 24.975957], [121.296835, 24.976172], [121.296339, 24.97627], [121.296218, 24.97573], [121.29638, 24.975671], [121.296654, 24.976411], [121.297058, 24.97628], [121.29715, 24.975945], [121.297097, 24.975774], [121.297292, 24.975773], [121.297335, 24.975907], [121.297492, 24.975892], [121.297942, 24.975724], [121.297892, 24.975622], [121.297445, 24.975763], [121.297636, 24.976], [121.298342, 24.975709], [121.298145, 24.97538], [121.299092, 24.975204], [121.29914, 24.975341], [121.299212, 24.975177], [121.299944, 24.975072], [121.300035, 24.975191], [121.300116, 24.975155], [121.299582, 24.975278], [121.299688, 24.975674], [121.299634, 24.975686], [121.300267, 24.975598], [121.300238, 24.975882], [121.299661, 24.975961], [121.29972, 24.976161], [121.30032, 24.976091], [121.300318, 24.976032], [121.30043, 24.976588], [121.299811, 24.976662], [121.299775, 24.976454], [121.300187, 24.976388], [121.300886, 24.975837], [121.301105, 24.975806], [121.30126, 24.976275], [121.301208, 24.9763], [121.301709, 24.976194], [121.30192, 24.976781], [121.301347, 24.97684], [121.301301, 24.977031], [121.301416, 24.977083], [121.302068, 24.976936], [121.302388, 24.977771], [121.30239, 24.977906], [121.301843, 24.977919], [121.3018, 24.978038], [121.301924, 24.978409], [121.30176, 24.978441], [121.301791, 24.978549], [121.302435, 24.978404], [121.302402, 24.978295], [121.302229, 24.978342], [121.302584, 24.978256], [121.302566, 24.978204], [121.303117, 24.97813], [121.303124, 24.978268], [121.302593, 24.978393], [121.302557, 24.978052], [121.303053, 24.97797], [121.303302, 24.978166], [121.303479, 24.978092], [121.303614, 24.978302], [121.303244, 24.978353], [121.303246, 24.978226], [121.302588, 24.97779]]}}, {"type": "Feature", "properties": {"district": "6800800", "segment": 7, "total_segments": 44, "km": 14.73, "villages": ["大福里", "大正里"]}, "geometry": {"type": "LineString", "coordinates": [[121.302568, 24.977563], [121.302255, 24.976891], [121.302199, 24.976917], [121.302324, 24.976702], [121.301999, 24.976353], [121.30125, 24.976412], [121.302353, 24.976043], [121.302321, 24.975885], [121.302505, 24.977045], [121.30199, 24.977353], [121.301763, 24.977401], [121.301838, 24.977529], [121.301713, 24.977577], [121.302092, 24.977491], [121.301356, 24.97794], [121.301063, 24.978001], [121.301029, 24.978182], [121.301134, 24.978295], [121.30125, 24.978271], [121.301345, 24.978529], [121.301427, 24.978501], [121.301452, 24.978613], [121.301294, 24.978657], [121.298908, 24.976188], [121.298832, 24.975973], [121.298656, 24.976067], [121.298703, 24.976261], [121.298539, 24.976307], [121.29844, 24.976084], [121.29834, 24.976149], [121.298396, 24.976358], [121.297884, 24.976367], [121.297757, 24.976421], [121.297846, 24.976525], [121.297989, 24.976512], [121.297861, 24.976259], [121.298138, 24.976202], [121.298768, 24.97561], [121.298913, 24.97558], [121.299195, 24.9749], [121.299103, 24.974348], [121.298924, 24.974385], [121.298864, 24.974291], [121.299077, 24.974244], [121.299048, 24.974134], [121.298835, 24.974175], [121.298794, 24.97402], [121.29899, 24.973979], [121.299006, 24.974053], [121.298928, 24.973698], [121.298187, 24.973754], [121.298569, 24.974414], [121.298768, 24.974604], [121.299023, 24.974631], [121.298559, 24.974142], [121.298617, 24.973907], [121.298045, 24.974136], [121.298012, 24.974066], [121.29766, 24.974297], [121.297636, 24.974402], [121.297734, 24.974562], [121.298182, 24.974372], [121.298091, 24.97422], [121.297786, 24.974403], [121.297946, 24.974627], [121.298247, 24.97446], [121.298284, 24.974579], [121.297736, 24.974888], [121.297272, 24.974801], [121.296938, 24.974583], [121.296683, 24.975292], [121.296414, 24.975562], [121.296269, 24.975568], [121.29647, 24.976461], [121.296604, 24.976433], [121.296896, 24.973671], [121.29735, 24.973702], [121.29641, 24.973525], [121.296042, 24.973557], [121.298995, 24.969073], [121.298839, 24.969073], [121.298763, 24.96908], [121.298668, 24.969433], [121.299058, 24.969457], [121.299081, 24.969339], [121.298835, 24.969267], [121.298715, 24.969571], [121.299003, 24.96963], [121.29894, 24.969762], [121.298746, 24.969708], [121.298748, 24.969822], [121.298891, 24.969874], [121.298833, 24.96996], [121.29875, 24.969934], [121.298756, 24.970154], [121.299192, 24.970318], [121.299118, 24.970474], [121.298798, 24.970338], [121.298828, 24.970487], [121.29908, 24.970561], [121.299009, 24.970722], [121.298806, 24.970628], [121.298818, 24.971113], [121.298648, 24.971099], [121.298624, 24.97092], [121.298699, 24.971361], [121.299041, 24.971315], [121.298941, 24.971624], [121.298747, 24.971638], [121.298835, 24.972177], [121.299023, 24.972141], [121.298897, 24.97178], [121.298946, 24.971679], [121.299136, 24.971636], [121.299145, 24.971751], [121.298488, 24.971943], [121.298535, 24.972261], [121.298221, 24.972315], [121.298174, 24.972039], [121.298464, 24.971859], [121.298224, 24.971776], [121.298208, 24.971577], [121.298075, 24.971552], [121.297905, 24.972307], [121.297943, 24.972438], [121.297818, 24.972477], [121.297767, 24.972348], [121.297674, 24.972374], [121.297715, 24.972503], [121.297422, 24.972554], [121.297595, 24.972768], [121.297736, 24.972732], [121.297645, 24.972858], [121.297703, 24.973035], [121.297807, 24.973115], [121.297762, 24.973029], [121.297917, 24.972985], [121.297922, 24.973243], [121.298351, 24.973129], [121.298136, 24.972629], [121.297975, 24.972677], [121.298102, 24.973035], [121.297901, 24.972935], [121.297874, 24.972833], [121.297876, 24.973255], [121.297957, 24.973375], [121.298407, 24.973297], [121.298448, 24.97345], [121.298072, 24.973546], [121.298017, 24.973481], [121.296437, 24.973299], [121.296211, 24.973099], [121.296281, 24.972908], [121.296237, 24.972773], [121.295898, 24.972851], [121.29567, 24.973139], [121.296714, 24.972177], [121.296031, 24.971251], [121.295894, 24.970864], [121.296236, 24.970512], [121.296036, 24.970195], [121.29607, 24.970136], [121.296722, 24.969842], [121.296657, 24.970084], [121.296412, 24.97017], [121.296432, 24.970269], [121.296842, 24.970228], [121.29683, 24.97056], [121.296494, 24.970538], [121.296468, 24.970414], [121.296699, 24.970366], [121.297165, 24.97054], [121.297457, 24.970428], [121.297523, 24.970263], [121.297392, 24.970078], [121.297402, 24.96951], [121.297704, 24.969719], [121.297702, 24.969838], [121.298211, 24.96976], [121.298453, 24.969616], [121.298273, 24.9694], [121.298053, 24.969339], [121.297777, 24.969426], [121.298141, 24.970014], [121.298917, 24.970094], [121.2994, 24.970304], [121.299068, 24.970954], [121.298971, 24.970949], [121.299421, 24.970198], [121.299438, 24.969993], [121.299728, 24.969885], [121.29995, 24.97004], [121.299849, 24.97023], [121.300068, 24.970177], [121.30034, 24.96964], [121.300468, 24.969691], [121.300185, 24.970225], [121.300342, 24.970295], [121.300616, 24.969755], [121.300903, 24.969461], [121.300814, 24.969396], [121.300699, 24.969522], [121.300589, 24.969461], [121.300723, 24.969328], [121.300637, 24.969262], [121.300513, 24.969402], [121.300421, 24.969301], [121.300535, 24.969189], [121.300375, 24.969193], [121.300363, 24.969096], [121.300191, 24.969106], [121.300132, 24.969188], [121.300213, 24.969225], [121.300109, 24.96937], [121.299775, 24.969234], [121.299824, 24.969415], [121.300069, 24.969517], [121.300017, 24.969629], [121.299769, 24.969528], [121.299705, 24.969663], [121.300067, 24.969797], [121.3002, 24.96957], [121.300191, 24.969403], [121.300383, 24.969337], [121.299894, 24.969063], [121.30005, 24.968849], [121.299532, 24.969442], [121.299566, 24.969552], [121.299322, 24.969549], [121.299294, 24.969381], [121.298984, 24.970007], [121.299135, 24.970032], [121.299344, 24.969668], [121.299119, 24.970077], [121.299685, 24.97006], [121.300038, 24.969886], [121.300239, 24.97131], [121.300446, 24.971246], [121.300495, 24.971119], [121.301223, 24.971152], [121.30141, 24.971086], [121.301374, 24.970875], [121.301207, 24.970864], [121.301218, 24.970724], [121.301421, 24.970724], [121.301369, 24.969723], [121.301146, 24.969044], [121.301222, 24.969502], [121.30093, 24.969602], [121.301083, 24.969695], [121.301157, 24.969651], [121.300798, 24.970361], [121.300654, 24.970283], [121.300705, 24.970203], [121.300923, 24.970319], [121.300871, 24.970405], [121.300997, 24.970432], [121.300958, 24.970531], [121.301125, 24.970559], [121.301102, 24.970723], [121.300822, 24.970691], [121.300777, 24.970865], [121.300405, 24.970823], [121.300409, 24.970943], [121.300746, 24.970993], [121.300846, 24.970871], [121.300664, 24.971269], [121.300536, 24.971248], [121.300502, 24.971408], [121.300812, 24.971362], [121.300989, 24.971424], [121.30077, 24.971581], [121.300889, 24.971656], [121.301041, 24.971948], [121.301358, 24.971855], [121.301256, 24.971608], [121.301383, 24.971593], [121.301526, 24.971799], [121.301615, 24.971765], [121.301431, 24.97117], [121.301078, 24.971613], [121.301141, 24.971777], [121.300566, 24.972056], [121.3, 24.972215], [121.300044, 24.97239], [121.300291, 24.972371], [121.300847, 24.972055], [121.301286, 24.972427], [121.30127, 24.972565], [121.300748, 24.972855], [121.30065, 24.972671], [121.301115, 24.972473], [121.300995, 24.972352], [121.300612, 24.972575], [121.300554, 24.972384], [121.300882, 24.972234], [121.300179, 24.97255], [121.300184, 24.972646], [121.300407, 24.972624], [121.300357, 24.972765], [121.300109, 24.972798], [121.300173, 24.973268], [121.301578, 24.972597], [121.301507, 24.972532], [121.301841, 24.972454], [121.301771, 24.972296], [121.301814, 24.972209], [121.301677, 24.972031], [121.301628, 24.971803], [121.301854, 24.972502], [121.300564, 24.972935], [121.300476, 24.97278], [121.300228, 24.972881], [121.300262, 24.973023], [121.300418, 24.972992], [121.300103, 24.972756], [121.30006, 24.972534], [121.299798, 24.972528], [121.299914, 24.973135], [121.299793, 24.973085], [121.299418, 24.973167], [121.299454, 24.973378], [121.299896, 24.97328], [121.299766, 24.972954], [121.299403, 24.973081], [121.299282, 24.97257], [121.299695, 24.972553], [121.299723, 24.972679], [121.299445, 24.972746], [121.299474, 24.972868], [121.299744, 24.972816], [121.299761, 24.972268], [121.299675, 24.972402], [121.298882, 24.972558], [121.298919, 24.972681], [121.299111, 24.972603], [121.299343, 24.973407], [121.299096, 24.973449], [121.299149, 24.973262], [121.299051, 24.973279], [121.299027, 24.973155], [121.299123, 24.973132], [121.299079, 24.972942], [121.298975, 24.972961], [121.298951, 24.972832], [121.29905, 24.972822], [121.299931, 24.971961], [121.300197, 24.97191], [121.300187, 24.971776], [121.299921, 24.971779], [121.299906, 24.971643], [121.30018, 24.971623], [121.300435, 24.971404], [121.300441, 24.971105], [121.301145, 24.970513], [121.301065, 24.970375], [121.30098, 24.968178], [121.300738, 24.967208], [121.300706, 24.966768], [121.300617, 24.966631], [121.300674, 24.966462], [121.300436, 24.965285], [121.297543, 24.970614], [121.29701, 24.970972]]}}, {"type": "Feature", "properties": {"district": "6800800", "segment": 8, "total_segments": 44, "km": 9.39, "villages": ["大宏里"]}, "geometry": {"type": "LineString", "coordinates": [[121.296164, 24.969729], [121.295949, 24.969734], [121.295957, 24.969584], [121.296417, 24.969584], [121.296419, 24.969385], [121.295801, 24.969406], [121.295741, 24.969243], [121.297187, 24.969252], [121.297184, 24.969019], [121.297572, 24.96902], [121.297752, 24.968773], [121.297755, 24.968568], [121.298163, 24.968534], [121.298167, 24.968374], [121.298581, 24.968295], [121.298607, 24.967298], [121.298353, 24.967399], [121.298311, 24.967215], [121.298103, 24.967224], [121.298083, 24.967106], [121.298285, 24.967089], [121.298258, 24.966973], [121.298062, 24.966982], [121.298043, 24.966858], [121.29847, 24.966757], [121.298461, 24.966636], [121.298538, 24.966576], [121.298606, 24.966573], [121.298609, 24.966754], [121.298705, 24.966814], [121.298896, 24.966783], [121.298953, 24.966603], [121.299134, 24.966656], [121.299029, 24.966823], [121.299241, 24.96678], [121.29927, 24.966699], [121.299422, 24.966737], [121.299242, 24.967133], [121.299118, 24.967093], [121.299162, 24.966987], [121.299059, 24.967227], [121.299196, 24.967262], [121.29914, 24.967384], [121.298879, 24.967387], [121.298876, 24.96729], [121.298746, 24.967293], [121.298858, 24.967569], [121.298836, 24.968291], [121.298718, 24.968293], [121.298453, 24.968536], [121.298307, 24.968534], [121.298338, 24.968702], [121.298189, 24.968702], [121.298466, 24.96867], [121.297739, 24.968121], [121.297154, 24.968197], [121.294834, 24.96818], [121.294748, 24.967614], [121.296371, 24.967634], [121.296383, 24.967813], [121.294951, 24.967839], [121.295008, 24.967992], [121.297412, 24.967959], [121.297363, 24.968272], [121.295103, 24.968323], [121.295155, 24.96848], [121.297293, 24.968481], [121.297203, 24.968618], [121.295447, 24.968635], [121.295594, 24.968826], [121.297089, 24.968849], [121.297084, 24.969018], [121.295349, 24.969019], [121.295816, 24.969898], [121.29561, 24.969959], [121.29496, 24.968993], [121.294926, 24.969161], [121.294679, 24.969227], [121.294707, 24.9693], [121.294973, 24.969253], [121.295082, 24.96938], [121.29476, 24.969464], [121.294828, 24.969551], [121.294932, 24.969501], [121.295028, 24.969586], [121.295159, 24.969552], [121.295211, 24.969673], [121.294856, 24.969801], [121.294837, 24.969709], [121.295253, 24.969657], [121.295333, 24.969857], [121.294922, 24.969941], [121.294915, 24.970037], [121.295041, 24.970131], [121.295438, 24.969985], [121.294684, 24.970277], [121.294631, 24.970109], [121.294779, 24.970068], [121.294776, 24.969987], [121.294528, 24.970053], [121.29458, 24.970121], [121.294526, 24.969872], [121.294724, 24.969819], [121.294701, 24.969746], [121.294455, 24.96981], [121.294475, 24.969883], [121.294376, 24.969568], [121.294621, 24.969502], [121.294649, 24.969575], [121.294502, 24.969614], [121.294325, 24.969407], [121.294563, 24.969362], [121.294503, 24.969276], [121.293515, 24.969289], [121.293519, 24.969069], [121.294488, 24.969083], [121.294514, 24.968985], [121.294701, 24.968984], [121.294708, 24.968809], [121.294137, 24.968817], [121.294132, 24.96895], [121.294456, 24.96898], [121.294466, 24.968623], [121.293753, 24.968616], [121.293751, 24.968486], [121.294516, 24.968473], [121.294517, 24.968618], [121.294658, 24.968624], [121.294756, 24.968501], [121.294588, 24.968104], [121.294494, 24.96694], [121.294749, 24.966926], [121.29474, 24.967114], [121.295249, 24.967126], [121.295266, 24.967304], [121.295449, 24.967302], [121.295426, 24.967485], [121.294928, 24.967499], [121.294756, 24.967453], [121.294758, 24.967245], [121.295216, 24.967306], [121.295505, 24.967459], [121.295799, 24.967465], [121.295809, 24.967218], [121.296073, 24.9673], [121.296547, 24.967278], [121.296557, 24.967339], [121.296542, 24.967012], [121.296326, 24.967081], [121.296315, 24.966806], [121.295755, 24.966826], [121.29574, 24.966653], [121.296451, 24.966607], [121.296525, 24.966609], [121.296527, 24.966805], [121.296389, 24.966799], [121.296353, 24.966401], [121.295728, 24.96641], [121.295719, 24.96623], [121.29594, 24.966211], [121.29592, 24.966003], [121.294882, 24.966076], [121.294889, 24.96625], [121.295232, 24.966245], [121.29547, 24.966228], [121.295988, 24.965996], [121.296476, 24.965967], [121.296421, 24.966196], [121.296273, 24.966192], [121.29627, 24.966255], [121.296503, 24.96639], [121.296504, 24.966206], [121.295987, 24.967045], [121.295769, 24.967047], [121.295569, 24.966872], [121.29491, 24.966935], [121.294945, 24.966781], [121.294711, 24.966809], [121.294699, 24.966551], [121.294336, 24.967087], [121.294352, 24.967255], [121.294212, 24.967287], [121.294227, 24.967454], [121.294021, 24.967455], [121.294031, 24.967587], [121.294385, 24.967588], [121.294381, 24.967452], [121.294279, 24.967455], [121.293838, 24.967629], [121.293841, 24.967806], [121.294405, 24.967809], [121.294404, 24.967934], [121.293762, 24.96797], [121.293754, 24.968058], [121.294397, 24.968063], [121.294476, 24.968263], [121.293763, 24.968298], [121.293798, 24.967807], [121.293741, 24.967806], [121.294874, 24.968312], [121.295017, 24.968506], [121.294827, 24.968621], [121.294941, 24.96882], [121.295278, 24.968633], [121.295688, 24.96924], [121.295823, 24.969584], [121.296463, 24.969385], [121.296905, 24.969388], [121.297136, 24.969021], [121.297018, 24.967814], [121.296429, 24.967813], [121.296585, 24.967649], [121.29707, 24.967402], [121.297001, 24.967103], [121.297152, 24.9671], [121.297152, 24.967226], [121.297352, 24.967223], [121.297353, 24.967097], [121.297512, 24.967091], [121.297516, 24.967218], [121.298229, 24.967399], [121.298027, 24.96669], [121.298206, 24.966537], [121.293364, 24.96907]]}}, {"type": "Feature", "properties": {"district": "6800800", "segment": 9, "total_segments": 44, "km": 10.63, "villages": ["大勇里"]}, "geometry": {"type": "LineString", "coordinates": [[121.301317, 24.96807], [121.301418, 24.968373], [121.301695, 24.968351], [121.301683, 24.968219], [121.301815, 24.968224], [121.301832, 24.968447], [121.301697, 24.968404], [121.302, 24.968405], [121.302001, 24.968228], [121.302142, 24.968234], [121.302154, 24.968453], [121.302009, 24.968452], [121.302354, 24.968499], [121.302337, 24.968242], [121.302436, 24.968243], [121.302476, 24.968524], [121.302608, 24.968602], [121.303048, 24.967889], [121.303243, 24.967816], [121.30324, 24.967683], [121.30312, 24.967669], [121.303181, 24.967508], [121.303261, 24.967506], [121.303279, 24.967176], [121.303492, 24.966976], [121.304516, 24.966979], [121.304475, 24.966497], [121.304349, 24.966422], [121.303553, 24.966454], [121.303512, 24.966751], [121.303636, 24.966759], [121.303266, 24.966712], [121.303252, 24.966838], [121.303551, 24.966409], [121.303477, 24.965874], [121.303531, 24.96571], [121.303672, 24.965691], [121.303845, 24.965799], [121.303951, 24.96571], [121.304378, 24.965714], [121.304221, 24.965812], [121.304224, 24.965934], [121.304058, 24.965935], [121.304058, 24.965806], [121.303985, 24.966137], [121.30375, 24.966118], [121.304484, 24.96612], [121.304474, 24.965965], [121.30449, 24.966199], [121.304768, 24.966187], [121.304759, 24.96597], [121.304901, 24.965988], [121.304871, 24.966171], [121.305378, 24.966128], [121.305368, 24.966013], [121.305027, 24.966089], [121.304957, 24.96593], [121.304984, 24.965675], [121.304819, 24.965686], [121.305152, 24.965676], [121.305118, 24.965928], [121.305375, 24.965769], [121.305345, 24.965423], [121.3048, 24.965424], [121.304813, 24.964568], [121.305237, 24.964516], [121.305213, 24.965175], [121.304396, 24.964798], [121.30426, 24.964997], [121.303857, 24.964878], [121.303979, 24.964701], [121.304088, 24.964762], [121.304112, 24.964559], [121.30446, 24.964581], [121.303832, 24.96492], [121.303769, 24.96502], [121.304029, 24.965146], [121.303629, 24.965466], [121.303535, 24.965423], [121.304234, 24.966734], [121.304765, 24.966588], [121.304764, 24.966379], [121.305373, 24.966388], [121.30535, 24.966615], [121.304959, 24.966643], [121.304927, 24.966497], [121.305359, 24.96669], [121.305641, 24.966681], [121.305643, 24.966582], [121.305623, 24.966979], [121.306138, 24.967016], [121.306165, 24.967237], [121.306567, 24.967252], [121.30656, 24.96713], [121.306507, 24.967522], [121.305158, 24.967532], [121.305272, 24.96767], [121.305413, 24.967679], [121.305411, 24.967845], [121.305271, 24.967847], [121.306323, 24.967742], [121.306621, 24.96779], [121.306617, 24.967531], [121.305373, 24.967035], [121.305373, 24.96695], [121.304759, 24.966938], [121.304851, 24.967235], [121.305313, 24.967247], [121.304929, 24.967507], [121.304391, 24.967256], [121.303651, 24.967271], [121.303269, 24.96794], [121.303246, 24.968556], [121.302879, 24.968562], [121.302848, 24.968691], [121.30278, 24.968696], [121.303281, 24.968668], [121.303198, 24.968874], [121.302464, 24.968839], [121.302586, 24.968633], [121.302643, 24.968091], [121.301657, 24.968076], [121.301497, 24.968832], [121.301708, 24.970508], [121.302407, 24.97016], [121.302314, 24.970071], [121.301925, 24.970224], [121.301898, 24.97008], [121.302184, 24.969921], [121.302243, 24.969508], [121.302395, 24.969586], [121.303931, 24.969593], [121.304027, 24.969344], [121.303745, 24.969421], [121.303757, 24.96932], [121.303617, 24.969307], [121.303598, 24.969416], [121.303488, 24.969411], [121.303479, 24.969125], [121.305005, 24.969245], [121.305172, 24.969415], [121.305152, 24.969523], [121.306565, 24.969524], [121.306535, 24.96992], [121.306463, 24.96999], [121.3067, 24.970275], [121.306705, 24.969877], [121.304907, 24.969712], [121.30496, 24.96948], [121.304744, 24.969485], [121.304751, 24.969411], [121.304595, 24.969493], [121.30414, 24.969443], [121.304433, 24.969618], [121.304582, 24.969624], [121.304614, 24.969778], [121.304858, 24.969787], [121.304474, 24.969863], [121.30437, 24.96997], [121.303889, 24.969851], [121.303881, 24.969924], [121.303877, 24.969755], [121.303658, 24.969694], [121.302428, 24.969729], [121.302435, 24.96987], [121.302914, 24.969864], [121.302521, 24.970064], [121.301917, 24.969889], [121.302005, 24.969697], [121.301998, 24.969574], [121.301854, 24.969517], [121.301892, 24.969242], [121.302102, 24.96928], [121.301831, 24.969605], [121.302595, 24.969381], [121.302596, 24.969276], [121.302481, 24.969243], [121.302385, 24.969049], [121.303263, 24.969078], [121.303249, 24.969411], [121.303129, 24.969422], [121.303122, 24.96928], [121.302971, 24.969278], [121.302972, 24.969414], [121.302858, 24.969419], [121.302818, 24.969281], [121.302701, 24.969422], [121.302993, 24.968392], [121.303108, 24.968396], [121.303098, 24.968277], [121.302708, 24.968092], [121.304039, 24.968004], [121.305267, 24.96902], [121.306322, 24.971257], [121.306366, 24.971544], [121.306477, 24.971526], [121.306519, 24.971628], [121.306185, 24.971748], [121.306101, 24.97129], [121.305995, 24.97146], [121.305994, 24.971679], [121.306478, 24.971482], [121.306451, 24.971391], [121.306572, 24.972265], [121.305685, 24.972087], [121.30643, 24.973282], [121.302692, 24.973134], [121.302545, 24.972622], [121.302672, 24.971634], [121.305917, 24.966747], [121.306074, 24.966749], [121.306061, 24.966401], [121.305782, 24.966392], [121.306572, 24.966378], [121.30659, 24.96661], [121.306498, 24.965747], [121.30661, 24.965748], [121.306295, 24.965768], [121.306413, 24.966155], [121.306218, 24.965267], [121.306181, 24.964564], [121.306196, 24.964496], [121.306355, 24.964513], [121.306341, 24.964724], [121.306505, 24.964831], [121.306503, 24.965269], [121.306617, 24.964568], [121.305632, 24.964143], [121.305574, 24.964209]]}}, {"type": "Feature", "properties": {"district": "6800800", "segment": 10, "total_segments": 44, "km": 12.04, "villages": ["大榮里", "大智里"]}, "geometry": {"type": "LineString", "coordinates": [[121.303274, 24.965711], [121.303272, 24.965966], [121.303165, 24.965915], [121.303117, 24.965774], [121.303204, 24.965769], [121.303019, 24.965859], [121.302987, 24.965756], [121.302801, 24.96575], [121.302811, 24.965626], [121.302925, 24.965584], [121.302773, 24.965512], [121.302323, 24.965611], [121.302311, 24.965525], [121.302704, 24.965442], [121.302579, 24.965355], [121.302274, 24.965427], [121.302214, 24.965508], [121.3014, 24.965674], [121.301329, 24.965527], [121.302555, 24.965245], [121.302543, 24.965665], [121.302676, 24.965656], [121.302612, 24.965766], [121.302666, 24.965784], [121.302218, 24.965707], [121.300909, 24.965873], [121.301007, 24.966659], [121.301234, 24.96749], [121.301318, 24.96743], [121.30161, 24.967457], [121.301621, 24.967226], [121.301373, 24.967218], [121.30138, 24.966884], [121.301273, 24.966883], [121.301158, 24.966474], [121.301166, 24.966348], [121.301349, 24.966448], [121.301413, 24.966704], [121.301546, 24.966724], [121.301484, 24.966285], [121.301403, 24.966002], [121.301166, 24.966048], [121.300849, 24.965744], [121.300825, 24.965633], [121.301645, 24.965989], [121.302164, 24.965932], [121.302123, 24.966405], [121.302029, 24.966414], [121.302047, 24.966038], [121.301916, 24.966073], [121.301898, 24.966412], [121.301692, 24.966399], [121.301695, 24.966459], [121.301642, 24.966112], [121.30294, 24.966082], [121.302884, 24.965996], [121.302315, 24.965938], [121.302304, 24.965831], [121.30268, 24.965894], [121.302681, 24.966257], [121.302293, 24.966256], [121.302318, 24.966468], [121.303179, 24.966413], [121.303081, 24.96661], [121.302321, 24.96665], [121.302321, 24.966788], [121.303075, 24.966781], [121.303079, 24.966942], [121.30233, 24.966957], [121.302337, 24.967112], [121.303159, 24.967095], [121.303156, 24.966946], [121.303261, 24.966933], [121.30309, 24.967261], [121.302429, 24.96728], [121.302372, 24.967409], [121.302364, 24.967494], [121.303024, 24.967464], [121.302863, 24.96784], [121.302492, 24.967825], [121.302346, 24.967748], [121.302376, 24.967913], [121.301619, 24.967927], [121.301756, 24.967598], [121.301833, 24.967657], [121.301835, 24.967813], [121.302012, 24.967819], [121.302006, 24.967677], [121.302161, 24.967733], [121.302162, 24.967822], [121.302885, 24.967975], [121.30215, 24.967491], [121.302152, 24.967231], [121.301691, 24.967229], [121.301695, 24.967076], [121.301494, 24.967059], [121.301536, 24.966866], [121.302148, 24.96688], [121.302147, 24.967079], [121.301759, 24.967071], [121.301827, 24.967467], [121.302016, 24.967416], [121.301314, 24.967737], [121.302731, 24.966261], [121.303249, 24.966167], [121.300182, 24.964134], [121.299712, 24.962089], [121.299735, 24.961815], [121.299, 24.961742], [121.298978, 24.962007], [121.299375, 24.962046], [121.299336, 24.96256], [121.299544, 24.962529], [121.299554, 24.962454], [121.299432, 24.962441], [121.299443, 24.962323], [121.299562, 24.962327], [121.299516, 24.962224], [121.298812, 24.962235], [121.298829, 24.962594], [121.299039, 24.96266], [121.298938, 24.962726], [121.299063, 24.962952], [121.298678, 24.962988], [121.298687, 24.962911], [121.29851, 24.962925], [121.298623, 24.963147], [121.298533, 24.963159], [121.298548, 24.963237], [121.298841, 24.963209], [121.298831, 24.963124], [121.298735, 24.963131], [121.298929, 24.963107], [121.298938, 24.963198], [121.299329, 24.96315], [121.299312, 24.962845], [121.299209, 24.96285], [121.299236, 24.962357], [121.298917, 24.962312], [121.299098, 24.962697], [121.29967, 24.962638], [121.299658, 24.96251], [121.299695, 24.962766], [121.299518, 24.9628], [121.299579, 24.963199], [121.299734, 24.963199], [121.299828, 24.963364], [121.29981, 24.96363], [121.299939, 24.963652], [121.29999, 24.963854], [121.299692, 24.963894], [121.299701, 24.964136], [121.299984, 24.964106], [121.299356, 24.964145], [121.299063, 24.96424], [121.298151, 24.96424], [121.298169, 24.964102], [121.299157, 24.964043], [121.299115, 24.96389], [121.297928, 24.963988], [121.297891, 24.963857], [121.297489, 24.963973], [121.297548, 24.963825], [121.298445, 24.963522], [121.299096, 24.963486], [121.299094, 24.963396], [121.298678, 24.963453], [121.298387, 24.963374], [121.297322, 24.963711], [121.297243, 24.963593], [121.298349, 24.963239], [121.298203, 24.963129], [121.297816, 24.963243], [121.297786, 24.963119], [121.298273, 24.962963], [121.298302, 24.96303], [121.298134, 24.962826], [121.298657, 24.962711], [121.298495, 24.962514], [121.298516, 24.962419], [121.298087, 24.962336], [121.298095, 24.962181], [121.298616, 24.962275], [121.298656, 24.962167], [121.29823, 24.962094], [121.298233, 24.961982], [121.298717, 24.962053], [121.298945, 24.962009], [121.298937, 24.962115], [121.299218, 24.962121], [121.298855, 24.962118], [121.298311, 24.961912], [121.298217, 24.96246], [121.298388, 24.962501], [121.299037, 24.9631], [121.299135, 24.963089], [121.299035, 24.963651], [121.298611, 24.963696], [121.298628, 24.963795], [121.299284, 24.963753], [121.299661, 24.963484], [121.298374, 24.963697], [121.29801, 24.963819], [121.298119, 24.964101], [121.297746, 24.964046], [121.297454, 24.96422], [121.297007, 24.963534], [121.296988, 24.963368], [121.297621, 24.963175], [121.297657, 24.963309], [121.297157, 24.963462], [121.296844, 24.963117], [121.296404, 24.963262], [121.296244, 24.962922], [121.295646, 24.963187], [121.295598, 24.963062], [121.2955, 24.963098], [121.295436, 24.963004], [121.295279, 24.963069], [121.295282, 24.962912], [121.296026, 24.962568], [121.295952, 24.962427], [121.295268, 24.962766], [121.295284, 24.962626], [121.295403, 24.962577], [121.29529, 24.962496], [121.295307, 24.962315], [121.295387, 24.962264], [121.295598, 24.962315], [121.295691, 24.962452], [121.295792, 24.962412], [121.295709, 24.962269], [121.295827, 24.96225], [121.295519, 24.962399], [121.295819, 24.962918], [121.29585, 24.96296], [121.296171, 24.962752], [121.296099, 24.962649], [121.295647, 24.962942], [121.295689, 24.96302], [121.295618, 24.962902], [121.295487, 24.962976], [121.29603, 24.963713], [121.29646, 24.963609], [121.296543, 24.964069], [121.295793, 24.964205], [121.295745, 24.964112], [121.296263, 24.963945], [121.296188, 24.963814], [121.295452, 24.964091], [121.295494, 24.964329], [121.296339, 24.964198], [121.29654, 24.964347], [121.296549, 24.964439], [121.29594, 24.964534], [121.294688, 24.96457], [121.29536, 24.964331], [121.295358, 24.96419], [121.295391, 24.96495], [121.295977, 24.964934], [121.295838, 24.965061], [121.295846, 24.965288], [121.295708, 24.965298], [121.295694, 24.965069], [121.295909, 24.965439], [121.296382, 24.96543], [121.296527, 24.965503], [121.296536, 24.965611], [121.296467, 24.964917], [121.296173, 24.964927], [121.296307, 24.965046], [121.296315, 24.965284], [121.295773, 24.965531], [121.295783, 24.965642], [121.296974, 24.965553], [121.297191, 24.965487], [121.297188, 24.965392], [121.297321, 24.965392], [121.297313, 24.965844], [121.297582, 24.965824], [121.297436, 24.96606], [121.297442, 24.966209], [121.297469, 24.96637], [121.297608, 24.966365], [121.296947, 24.966391], [121.297102, 24.966217], [121.297235, 24.966209], [121.297248, 24.965847], [121.297068, 24.965852], [121.296957, 24.965178], [121.297164, 24.964997], [121.297166, 24.964887], [121.297291, 24.964887], [121.297297, 24.964999], [121.297525, 24.964301], [121.297462, 24.963839], [121.296497, 24.96272], [121.29907, 24.965038]]}}, {"type": "Feature", "properties": {"district": "6800800", "segment": 11, "total_segments": 44, "km": 14.97, "villages": ["陸光里", "廣隆里"]}, "geometry": {"type": "LineString", "coordinates": [[121.29734, 24.962495], [121.297257, 24.962421], [121.29716, 24.962477], [121.297192, 24.96258], [121.296883, 24.962633], [121.296699, 24.962424], [121.29684, 24.962344], [121.296887, 24.962426], [121.296547, 24.962192], [121.296608, 24.962117], [121.296859, 24.962091], [121.296832, 24.961993], [121.296911, 24.961952], [121.296993, 24.962013], [121.297113, 24.961942], [121.297078, 24.961854], [121.297171, 24.961803], [121.297244, 24.961867], [121.297183, 24.961587], [121.297244, 24.961511], [121.297338, 24.961644], [121.297019, 24.961577], [121.29698, 24.961488], [121.296862, 24.961554], [121.296926, 24.961622], [121.296738, 24.961626], [121.296762, 24.96172], [121.296601, 24.961698], [121.296333, 24.961882], [121.296383, 24.961957], [121.296479, 24.961917], [121.296212, 24.962047], [121.29607, 24.962003], [121.296288, 24.962307], [121.296381, 24.962284], [121.296427, 24.962358], [121.296353, 24.962428], [121.295808, 24.961717], [121.295897, 24.961668], [121.295969, 24.961734], [121.295794, 24.961514], [121.295714, 24.961561], [121.29576, 24.961422], [121.295889, 24.961354], [121.29595, 24.961421], [121.296142, 24.96121], [121.296204, 24.961281], [121.296389, 24.961075], [121.296454, 24.961137], [121.296546, 24.961088], [121.296508, 24.961008], [121.296792, 24.960956], [121.296759, 24.96086], [121.296945, 24.960869], [121.296964, 24.960968], [121.297058, 24.960983], [121.297101, 24.960888], [121.297232, 24.960908], [121.297246, 24.961016], [121.297352, 24.961027], [121.297394, 24.96094], [121.297646, 24.960979], [121.297654, 24.961078], [121.297937, 24.961025], [121.297941, 24.961125], [121.298048, 24.961134], [121.298086, 24.961054], [121.298215, 24.961074], [121.298232, 24.96117], [121.29833, 24.961182], [121.298372, 24.961088], [121.298509, 24.961117], [121.29852, 24.961218], [121.298795, 24.961161], [121.298809, 24.961262], [121.298906, 24.961272], [121.298955, 24.96119], [121.298587, 24.961403], [121.298487, 24.961386], [121.29844, 24.961474], [121.298307, 24.961454], [121.298297, 24.961359], [121.298203, 24.961346], [121.298147, 24.961428], [121.298151, 24.961731], [121.298252, 24.961745], [121.29829, 24.961658], [121.298515, 24.961694], [121.298532, 24.961785], [121.29863, 24.9618], [121.298672, 24.961721], [121.298595, 24.961496], [121.297752, 24.96167], [121.297725, 24.96126], [121.297622, 24.961247], [121.297575, 24.96133], [121.29732, 24.961294], [121.297315, 24.961197], [121.297215, 24.961179], [121.29717, 24.961268], [121.29671, 24.961316], [121.296646, 24.961246], [121.296555, 24.961293], [121.296588, 24.961379], [121.296308, 24.961435], [121.296345, 24.961517], [121.297339, 24.96217], [121.297448, 24.962108], [121.297417, 24.962029], [121.297544, 24.962256], [121.297452, 24.96231], [121.297479, 24.962417], [121.297796, 24.962188], [121.297812, 24.962104], [121.297919, 24.962096], [121.297942, 24.961973], [121.297849, 24.961921], [121.297974, 24.961822], [121.297896, 24.962235], [121.297469, 24.960635], [121.297068, 24.960624], [121.297339, 24.960419], [121.29468, 24.960962], [121.294329, 24.960464], [121.293857, 24.960735], [121.293858, 24.960935], [121.29374, 24.96074], [121.293273, 24.960713], [121.293313, 24.960937], [121.29323, 24.96094], [121.293333, 24.961202], [121.293194, 24.961345], [121.293333, 24.961487], [121.292194, 24.961615], [121.29219, 24.961208], [121.292683, 24.961219], [121.292773, 24.961301], [121.292768, 24.961418], [121.292485, 24.960927], [121.292218, 24.960921], [121.292217, 24.960801], [121.292479, 24.960812], [121.292494, 24.960644], [121.292217, 24.960637], [121.292226, 24.960526], [121.292486, 24.960528], [121.292283, 24.960263], [121.291838, 24.960283], [121.291817, 24.95994], [121.291924, 24.959922], [121.291936, 24.960156], [121.291713, 24.960163], [121.291661, 24.960279], [121.291707, 24.959917], [121.291638, 24.959674], [121.291781, 24.959664], [121.291784, 24.959445], [121.291351, 24.959437], [121.291344, 24.959676], [121.291535, 24.959668], [121.291524, 24.960001], [121.291579, 24.96], [121.291285, 24.959999], [121.291225, 24.96013], [121.291458, 24.960125], [121.291459, 24.960299], [121.291163, 24.960304], [121.291137, 24.960477], [121.291483, 24.960479], [121.291424, 24.960691], [121.291479, 24.96078], [121.291046, 24.960785], [121.291097, 24.960697], [121.291326, 24.960694], [121.291325, 24.960594], [121.291107, 24.960592], [121.291225, 24.961005], [121.291244, 24.961643], [121.291126, 24.961641], [121.291119, 24.961175], [121.29134, 24.961085], [121.291445, 24.960926], [121.291926, 24.960992], [121.291933, 24.960579], [121.291704, 24.960573], [121.291679, 24.961201], [121.291947, 24.96116], [121.291931, 24.961708], [121.291639, 24.961724], [121.291643, 24.961587], [121.291827, 24.961571], [121.291829, 24.96146], [121.291633, 24.961462], [121.291636, 24.961339], [121.291832, 24.961342], [121.291631, 24.961206], [121.291704, 24.960492], [121.292119, 24.959736], [121.292999, 24.959662], [121.293025, 24.960499], [121.292946, 24.960754], [121.293486, 24.95995], [121.293982, 24.959828], [121.294145, 24.959938], [121.293898, 24.958838], [121.293793, 24.95887], [121.293792, 24.958981], [121.293614, 24.958988], [121.293597, 24.958721], [121.293798, 24.958699], [121.293669, 24.95837], [121.293463, 24.958451], [121.292248, 24.958412], [121.292236, 24.959401], [121.292516, 24.95942], [121.292532, 24.95917], [121.292369, 24.959165], [121.292359, 24.959077], [121.29257, 24.959079], [121.29258, 24.959173], [121.292563, 24.958885], [121.292355, 24.958883], [121.292359, 24.958774], [121.293462, 24.958762], [121.293508, 24.958563], [121.293582, 24.958557], [121.292055, 24.958532], [121.292078, 24.958903], [121.291738, 24.958917], [121.291724, 24.958425], [121.292065, 24.958427], [121.291862, 24.958559], [121.291889, 24.959056], [121.291421, 24.959059], [121.291388, 24.959186], [121.292064, 24.959178], [121.29203, 24.959416], [121.291885, 24.95944], [121.291833, 24.959425], [121.292085, 24.959427], [121.292035, 24.959047], [121.291568, 24.958953], [121.291572, 24.958422], [121.291295, 24.958414], [121.29134, 24.958547], [121.291432, 24.958542], [121.291468, 24.958881], [121.291385, 24.958882], [121.291288, 24.959687], [121.290275, 24.959779], [121.290427, 24.959912], [121.290343, 24.960422], [121.290578, 24.960404], [121.289865, 24.959983], [121.289657, 24.960027], [121.289519, 24.959834], [121.289993, 24.959803], [121.288732, 24.960088], [121.288361, 24.959986], [121.287928, 24.960101], [121.288407, 24.960999], [121.288587, 24.960896], [121.287414, 24.96173], [121.286626, 24.961719], [121.286495, 24.961264], [121.28671, 24.961213], [121.286687, 24.961075], [121.286463, 24.961066], [121.286451, 24.960982], [121.286697, 24.960949], [121.286596, 24.960787], [121.286747, 24.960749], [121.286748, 24.960649], [121.28599, 24.960711], [121.286009, 24.960826], [121.286539, 24.960791], [121.286332, 24.960989], [121.286033, 24.961003], [121.286041, 24.961119], [121.286335, 24.961087], [121.286373, 24.961283], [121.286108, 24.961311], [121.286172, 24.961409], [121.28608, 24.960552], [121.285959, 24.960545], [121.285996, 24.960447], [121.286244, 24.960418], [121.286254, 24.960494], [121.286137, 24.960519], [121.286746, 24.960455], [121.286678, 24.960347], [121.286385, 24.960373], [121.286384, 24.9602], [121.286718, 24.960167], [121.28694, 24.960204], [121.285974, 24.960229], [121.285676, 24.960335], [121.285183, 24.960968], [121.285188, 24.961102], [121.285027, 24.961108], [121.284997, 24.960968], [121.284864, 24.960998], [121.284763, 24.960861], [121.284815, 24.960812], [121.284713, 24.960417], [121.284815, 24.960391], [121.284366, 24.960569], [121.284102, 24.960452], [121.283845, 24.960655], [121.283827, 24.960774], [121.284056, 24.96097], [121.283463, 24.960587], [121.28313, 24.960814], [121.282946, 24.960604], [121.28248, 24.961414], [121.282569, 24.961606], [121.282903, 24.96186], [121.282187, 24.961461], [121.282036, 24.961562], [121.282068, 24.961689], [121.281638, 24.961282], [121.281707, 24.961228], [121.281966, 24.961424], [121.282167, 24.961188], [121.282295, 24.961301], [121.282202, 24.961003], [121.281669, 24.961198], [121.281473, 24.961171], [121.281563, 24.960937], [121.281362, 24.960786], [121.280153, 24.960884], [121.280143, 24.961027], [121.280637, 24.961084], [121.280673, 24.96119], [121.28082, 24.961187], [121.280802, 24.96137], [121.28014, 24.961338], [121.280172, 24.961132], [121.280579, 24.961164], [121.280642, 24.961495], [121.281133, 24.961544], [121.281151, 24.961413], [121.280909, 24.961373], [121.280594, 24.961507], [121.280117, 24.961488], [121.280091, 24.96165], [121.281118, 24.961706], [121.281102, 24.961856], [121.280242, 24.961775], [121.280086, 24.961923], [121.280094, 24.962072], [121.279804, 24.961985], [121.279712, 24.962319], [121.279831, 24.962418], [121.279899, 24.962857], [121.280238, 24.9627], [121.280449, 24.962895], [121.279608, 24.961714], [121.279574, 24.961507], [121.279978, 24.961537], [121.280113, 24.961442], [121.279939, 24.961359], [121.280026, 24.961006], [121.279669, 24.960961], [121.279734, 24.960845], [121.280032, 24.960894], [121.279722, 24.961145], [121.279714, 24.961338], [121.279593, 24.96127], [121.279649, 24.961177], [121.29154, 24.957979], [121.291969, 24.957979], [121.292049, 24.957847], [121.291718, 24.957839], [121.291742, 24.957661], [121.291284, 24.957658], [121.291293, 24.957494], [121.292075, 24.957478], [121.29207, 24.957686], [121.291803, 24.957662], [121.29184, 24.957333], [121.292083, 24.957329], [121.292087, 24.957231], [121.291315, 24.957183], [121.29131, 24.957322], [121.291793, 24.95733], [121.2915, 24.957052], [121.291271, 24.957025], [121.291272, 24.956914], [121.291969, 24.956873], [121.29197, 24.956734], [121.291679, 24.956735], [121.291684, 24.956621], [121.292097, 24.956621], [121.292097, 24.956735], [121.292015, 24.956731], [121.292221, 24.956792], [121.292214, 24.955991], [121.29211, 24.955984], [121.292111, 24.956491], [121.291406, 24.956481], [121.29144, 24.956623], [121.291308, 24.956629], [121.291312, 24.956749], [121.291529, 24.956749], [121.291515, 24.956333], [121.291954, 24.95629], [121.291974, 24.956165], [121.291745, 24.956165], [121.291863, 24.955994], [121.291973, 24.955999], [121.291941, 24.955888], [121.292111, 24.955888], [121.292107, 24.955541], [121.292258, 24.955576], [121.292259, 24.955482], [121.292222, 24.955889], [121.29259, 24.955855], [121.292526, 24.955678], [121.292342, 24.955678], [121.292352, 24.956013], [121.292483, 24.956007], [121.292485, 24.956153], [121.292348, 24.956152], [121.292375, 24.956287], [121.292756, 24.95628], [121.292969, 24.956872], [121.29223, 24.956876], [121.292229, 24.956953], [121.292373, 24.957056], [121.292949, 24.957052], [121.293043, 24.956968], [121.293022, 24.956879]]}}, {"type": "Feature", "properties": {"district": "6800800", "segment": 12, "total_segments": 44, "km": 15.0, "villages": ["廣隆里", "廣興里"]}, "geometry": {"type": "LineString", "coordinates": [[121.292768, 24.956771], [121.292401, 24.956756], [121.292404, 24.956572], [121.292765, 24.956579], [121.292666, 24.956469], [121.29244, 24.956474], [121.29236, 24.956569], [121.292674, 24.956186], [121.292666, 24.956005], [121.292606, 24.957184], [121.293169, 24.957175], [121.293236, 24.957392], [121.292243, 24.957387], [121.292236, 24.957169], [121.292549, 24.957187], [121.292584, 24.957486], [121.293108, 24.957508], [121.293115, 24.957665], [121.293176, 24.957668], [121.292404, 24.957675], [121.292369, 24.957802], [121.293415, 24.957804], [121.293561, 24.958205], [121.293342, 24.958122], [121.292245, 24.958227], [121.29226, 24.957479], [121.292544, 24.957491], [121.292509, 24.957979], [121.292362, 24.957982], [121.29335, 24.957989], [121.293309, 24.957566], [121.29381, 24.958739], [121.292079, 24.958246], [121.291747, 24.958253], [121.291704, 24.958135], [121.29208, 24.958142], [121.290925, 24.958366], [121.291021, 24.959374], [121.290767, 24.959517], [121.290142, 24.95959], [121.290375, 24.95936], [121.289952, 24.958883], [121.289838, 24.95887], [121.289765, 24.958762], [121.289882, 24.958771], [121.28976, 24.958593], [121.289615, 24.958801], [121.289061, 24.958575], [121.288741, 24.958211], [121.288939, 24.95802], [121.288983, 24.957753], [121.288502, 24.958387], [121.288468, 24.958775], [121.288216, 24.958349], [121.287697, 24.959528], [121.287347, 24.959571], [121.287333, 24.959689], [121.287768, 24.959642], [121.28779, 24.959821], [121.286696, 24.959954], [121.28692, 24.959698], [121.286599, 24.95967], [121.286566, 24.9596], [121.286252, 24.959666], [121.286274, 24.960008], [121.286067, 24.960027], [121.285961, 24.959892], [121.284726, 24.960094], [121.284669, 24.959746], [121.284234, 24.959988], [121.28395, 24.959229], [121.283372, 24.959425], [121.283344, 24.959684], [121.28279, 24.960333], [121.281938, 24.96019], [121.281383, 24.960365], [121.281227, 24.96054], [121.280944, 24.960597], [121.279633, 24.960647], [121.280163, 24.960199], [121.28027, 24.959882], [121.280248, 24.959686], [121.280455, 24.959554], [121.280661, 24.959007], [121.280091, 24.958585], [121.280633, 24.958001], [121.280957, 24.957964], [121.280895, 24.957616], [121.281743, 24.957645], [121.281807, 24.957021], [121.281892, 24.956865], [121.282613, 24.95623], [121.282338, 24.956064], [121.282249, 24.955707], [121.281827, 24.95614], [121.281393, 24.955596], [121.28163, 24.955098], [121.281409, 24.95425], [121.28148, 24.954088], [121.281455, 24.953708], [121.281231, 24.953841], [121.280486, 24.953597], [121.280509, 24.953471], [121.280394, 24.953468], [121.280344, 24.953549], [121.280181, 24.953487], [121.28043, 24.953923], [121.280323, 24.95332], [121.280414, 24.953274], [121.280308, 24.953191], [121.280573, 24.953276], [121.280704, 24.953132], [121.280875, 24.953156], [121.28086, 24.953045], [121.28057, 24.95303], [121.280402, 24.952928], [121.280804, 24.953373], [121.280955, 24.953305], [121.281127, 24.952871], [121.281638, 24.953463], [121.28109, 24.954248], [121.280158, 24.955293], [121.279462, 24.95497], [121.279604, 24.955159], [121.279792, 24.955231], [121.279712, 24.955295], [121.280556, 24.955955], [121.280603, 24.955836], [121.279923, 24.955264], [121.279775, 24.955471], [121.280128, 24.955764], [121.280136, 24.956071], [121.280133, 24.95622], [121.280039, 24.956264], [121.280024, 24.955886], [121.279903, 24.955891], [121.279921, 24.95626], [121.279982, 24.95578], [121.279652, 24.955645], [121.280193, 24.955319], [121.280684, 24.955738], [121.280724, 24.955824], [121.280628, 24.956114], [121.280394, 24.956031], [121.281025, 24.956833], [121.280142, 24.956999], [121.280089, 24.957798], [121.280607, 24.960032], [121.282973, 24.956449], [121.284164, 24.95592], [121.284064, 24.955097], [121.283667, 24.954576], [121.283285, 24.954323], [121.283179, 24.953101], [121.283582, 24.952844], [121.282801, 24.95233], [121.282967, 24.952214], [121.282573, 24.95215], [121.282538, 24.951984], [121.282607, 24.951819], [121.282451, 24.951806], [121.282509, 24.951614], [121.28233, 24.951636], [121.283413, 24.951607], [121.283714, 24.95141], [121.283803, 24.9511], [121.284043, 24.95115], [121.283979, 24.95171], [121.283772, 24.95018], [121.283672, 24.949928], [121.284076, 24.949869], [121.284269, 24.949364], [121.28403, 24.949025], [121.283993, 24.948597], [121.284722, 24.949278], [121.283742, 24.948402], [121.282628, 24.948415], [121.282498, 24.948473], [121.282089, 24.949174], [121.282062, 24.949574], [121.281946, 24.949562], [121.281947, 24.949639], [121.281984, 24.94903], [121.281858, 24.949022], [121.281813, 24.94964], [121.281695, 24.949631], [121.281723, 24.948922], [121.28151, 24.948856], [121.281462, 24.949477], [121.281585, 24.949478], [121.281574, 24.949603], [121.281621, 24.948998], [121.2814, 24.948979], [121.281386, 24.949237], [121.281279, 24.949029], [121.281294, 24.948787], [121.281086, 24.948712], [121.281161, 24.948562], [121.281001, 24.948537], [121.280968, 24.947967], [121.281123, 24.947981], [121.281184, 24.948447], [121.281332, 24.94844], [121.281298, 24.948084], [121.28128, 24.94801], [121.280779, 24.947723], [121.280764, 24.947612], [121.280897, 24.947429], [121.280806, 24.947183], [121.280787, 24.947973], [121.280869, 24.948418], [121.280591, 24.948414], [121.280019, 24.948855], [121.28054, 24.949811], [121.281411, 24.948914], [121.281355, 24.948481], [121.282115, 24.949748], [121.282251, 24.949848], [121.282353, 24.949768], [121.282502, 24.949799], [121.282738, 24.949928], [121.282795, 24.949792], [121.282577, 24.949671], [121.282357, 24.950008], [121.282716, 24.950094], [121.282902, 24.95109], [121.282374, 24.952186], [121.282362, 24.952364], [121.284527, 24.952968], [121.284541, 24.953214], [121.286055, 24.95297], [121.286606, 24.953396], [121.287471, 24.953581], [121.28795, 24.953265], [121.288412, 24.953444], [121.288489, 24.953545], [121.288418, 24.953323], [121.287585, 24.952983], [121.287721, 24.952868], [121.288483, 24.953214], [121.288495, 24.953084], [121.28783, 24.952808], [121.287971, 24.952735], [121.288613, 24.952984], [121.288671, 24.952871], [121.287913, 24.952582], [121.287723, 24.952645], [121.287721, 24.952482], [121.287638, 24.952436], [121.286424, 24.951966], [121.286374, 24.952093], [121.287354, 24.952473], [121.28727, 24.952778], [121.287207, 24.952661], [121.286273, 24.952287], [121.286356, 24.952208], [121.287071, 24.952508], [121.287517, 24.952625], [121.28755, 24.952557], [121.287473, 24.952812], [121.287739, 24.952051], [121.287447, 24.951924], [121.287476, 24.951778], [121.287783, 24.951893], [121.287771, 24.951751], [121.28739, 24.951578], [121.287572, 24.951514], [121.287709, 24.951324], [121.287625, 24.951288], [121.288325, 24.951631], [121.288454, 24.951812], [121.289253, 24.952128], [121.289307, 24.952228], [121.289467, 24.952238], [121.290989, 24.953065], [121.290987, 24.952846], [121.290688, 24.953093], [121.289888, 24.954123], [121.289862, 24.954217], [121.289969, 24.954277], [121.290554, 24.953587], [121.290657, 24.953629], [121.290364, 24.954], [121.290314, 24.954114], [121.290384, 24.954186], [121.290334, 24.95425], [121.290248, 24.954193]]}}, {"type": "Feature", "properties": {"district": "6800800", "segment": 13, "total_segments": 44, "km": 10.67, "villages": ["廣興里"]}, "geometry": {"type": "LineString", "coordinates": [[121.290092, 24.954375], [121.290172, 24.954446], [121.290054, 24.954588], [121.289858, 24.954624], [121.289554, 24.954923], [121.289487, 24.954867], [121.289871, 24.954375], [121.289729, 24.954385], [121.289296, 24.954843], [121.289541, 24.955015], [121.289344, 24.955242], [121.28941, 24.955302], [121.289621, 24.955082], [121.289402, 24.955037], [121.289289, 24.955143], [121.289189, 24.954807], [121.289898, 24.953961], [121.289805, 24.953834], [121.290135, 24.953393], [121.290047, 24.953356], [121.289125, 24.954509], [121.289076, 24.954477], [121.289092, 24.954557], [121.288993, 24.954636], [121.289062, 24.954713], [121.289719, 24.953935], [121.289753, 24.954282], [121.290029, 24.954462], [121.290255, 24.954352], [121.290376, 24.954437], [121.290225, 24.95462], [121.290933, 24.953732], [121.290831, 24.953708], [121.290485, 24.9541], [121.290827, 24.954481], [121.291171, 24.954178], [121.291, 24.95391], [121.291188, 24.953712], [121.291128, 24.953664], [121.291489, 24.95412], [121.291627, 24.954039], [121.291116, 24.953314], [121.291031, 24.953383], [121.290259, 24.953477], [121.290077, 24.953726], [121.28977, 24.953521], [121.289917, 24.953277], [121.290159, 24.953285], [121.289961, 24.952928], [121.290069, 24.952806], [121.289808, 24.952816], [121.289727, 24.953583], [121.288728, 24.952418], [121.288841, 24.952208], [121.288313, 24.952144], [121.288016, 24.951741], [121.287138, 24.95152], [121.287142, 24.951385], [121.286922, 24.951268], [121.286985, 24.951048], [121.287144, 24.951075], [121.28676, 24.950814], [121.286671, 24.950895], [121.2865, 24.951567], [121.286849, 24.951708], [121.286906, 24.951594], [121.286951, 24.954751], [121.286867, 24.955287], [121.286689, 24.955374], [121.286615, 24.955281], [121.286398, 24.955376], [121.286273, 24.955596], [121.286381, 24.955731], [121.286826, 24.955577], [121.286545, 24.955114], [121.285646, 24.955215], [121.285666, 24.954894], [121.285322, 24.95474], [121.285489, 24.955441], [121.28825, 24.956154], [121.288671, 24.956355], [121.288401, 24.954527], [121.291258, 24.954216], [121.289425, 24.959684], [121.28861, 24.959613], [121.287994, 24.959696], [121.287408, 24.959451], [121.286569, 24.958847], [121.27919, 24.955091], [121.278865, 24.955137], [121.278927, 24.954557], [121.278357, 24.954408], [121.278391, 24.954309], [121.279046, 24.954432], [121.279067, 24.953809], [121.279203, 24.953925], [121.279217, 24.954499], [121.279509, 24.954071], [121.278925, 24.954168], [121.278516, 24.954063], [121.278478, 24.95418], [121.278912, 24.954289], [121.278422, 24.954163], [121.279097, 24.95345], [121.279183, 24.953247], [121.278838, 24.95244], [121.278186, 24.95262], [121.278659, 24.951673], [121.277901, 24.950606], [121.277814, 24.950297], [121.277819, 24.949944], [121.278332, 24.949909], [121.278443, 24.950135], [121.278686, 24.950141], [121.278089, 24.949629], [121.27814, 24.949461], [121.277826, 24.949077], [121.278352, 24.948805], [121.278161, 24.948723], [121.277789, 24.948939], [121.27776, 24.948803], [121.27809, 24.948602], [121.278543, 24.948508], [121.278186, 24.948391], [121.277727, 24.948648], [121.277857, 24.948397], [121.278092, 24.948267], [121.277894, 24.947428], [121.27766, 24.947501], [121.277299, 24.94709], [121.277208, 24.947095], [121.27714, 24.946869], [121.276911, 24.946887], [121.277253, 24.946834], [121.277288, 24.947007], [121.27698, 24.945662], [121.278581, 24.945173], [121.278886, 24.946004], [121.27893, 24.943852], [121.27778, 24.942624], [121.277377, 24.942376], [121.279355, 24.954718]]}}, {"type": "Feature", "properties": {"district": "6800800", "segment": 14, "total_segments": 44, "km": 14.98, "villages": ["廣德里"]}, "geometry": {"type": "LineString", "coordinates": [[121.285384, 24.949431], [121.285721, 24.949712], [121.285434, 24.949259], [121.285506, 24.948771], [121.284841, 24.948959], [121.284341, 24.948439], [121.284196, 24.947869], [121.283977, 24.947903], [121.283913, 24.947639], [121.283661, 24.947653], [121.283593, 24.947523], [121.283845, 24.947296], [121.283579, 24.946994], [121.283557, 24.946609], [121.283021, 24.946708], [121.283109, 24.947054], [121.283605, 24.947917], [121.283455, 24.945701], [121.28352, 24.94556], [121.283414, 24.945397], [121.283225, 24.945386], [121.283237, 24.945197], [121.282926, 24.945201], [121.282799, 24.944959], [121.282975, 24.944918], [121.283048, 24.94508], [121.283163, 24.945044], [121.283035, 24.944582], [121.283322, 24.944614], [121.283179, 24.945085], [121.282718, 24.945345], [121.281739, 24.945291], [121.28172, 24.945168], [121.281634, 24.945189], [121.282154, 24.945132], [121.282128, 24.944996], [121.281586, 24.945019], [121.281646, 24.944881], [121.2821, 24.944847], [121.28206, 24.944683], [121.281569, 24.944723], [121.281559, 24.944618], [121.281683, 24.944588], [121.281153, 24.944809], [121.281251, 24.945057], [121.281473, 24.945148], [121.282352, 24.944316], [121.282314, 24.944696], [121.281651, 24.944], [121.281731, 24.943764], [121.281566, 24.943758], [121.281496, 24.943964], [121.281339, 24.943914], [121.281471, 24.943233], [121.281779, 24.943322], [121.281699, 24.94359], [121.281852, 24.943628], [121.281972, 24.943173], [121.281811, 24.943256], [121.281779, 24.943168], [121.281598, 24.943125], [121.281572, 24.943716], [121.281109, 24.943711], [121.281023, 24.944213], [121.280495, 24.945254], [121.281851, 24.946228], [121.283238, 24.945611], [121.283978, 24.944406], [121.283679, 24.94418], [121.283567, 24.943795], [121.283707, 24.94347], [121.284315, 24.943418], [121.284527, 24.943081], [121.28487, 24.943175], [121.284622, 24.942303], [121.284925, 24.942036], [121.284851, 24.94142], [121.285146, 24.940977], [121.28512, 24.9408], [121.284762, 24.940665], [121.284804, 24.940756], [121.284559, 24.941314], [121.283736, 24.942076], [121.283012, 24.94214], [121.282438, 24.942295], [121.281144, 24.942775], [121.280114, 24.943239], [121.279958, 24.943398], [121.279473, 24.943461], [121.279453, 24.943593], [121.279552, 24.943722], [121.279459, 24.943946], [121.278891, 24.943481], [121.279255, 24.943154], [121.279173, 24.942793], [121.279435, 24.942371], [121.279807, 24.942387], [121.279252, 24.941883], [121.278499, 24.941381], [121.278084, 24.940853], [121.27764, 24.941527], [121.277519, 24.94191], [121.277791, 24.942109], [121.277011, 24.941637], [121.276948, 24.940759], [121.276507, 24.940749], [121.277048, 24.939985], [121.278156, 24.939985], [121.278075, 24.939075], [121.278314, 24.937828], [121.27826, 24.937579], [121.278433, 24.937526], [121.278416, 24.937392], [121.278679, 24.937112], [121.278611, 24.937025], [121.278658, 24.936893], [121.278451, 24.936929], [121.278487, 24.936312], [121.278681, 24.9375], [121.277949, 24.937781], [121.281075, 24.938438], [121.281129, 24.93894], [121.282184, 24.943612], [121.284332, 24.944026], [121.284361, 24.943931], [121.284307, 24.944144], [121.285786, 24.944497], [121.285933, 24.944291], [121.287233, 24.944678], [121.287976, 24.945219], [121.288316, 24.94528], [121.28863, 24.945969], [121.288346, 24.945984], [121.288166, 24.946112], [121.288075, 24.945954], [121.288312, 24.945842], [121.288106, 24.945684], [121.288041, 24.945427], [121.288187, 24.94542], [121.287929, 24.945453], [121.287984, 24.945746], [121.287888, 24.945324], [121.287668, 24.945157], [121.287983, 24.945015], [121.288466, 24.945108], [121.288889, 24.945929], [121.288661, 24.946076], [121.288753, 24.946272], [121.288595, 24.946166], [121.288525, 24.94626], [121.288138, 24.946367], [121.287971, 24.946589], [121.287836, 24.946612], [121.28682, 24.946536], [121.286811, 24.946715], [121.288087, 24.946796], [121.288514, 24.946771], [121.288481, 24.946661], [121.28857, 24.94665], [121.288652, 24.946762], [121.288884, 24.946745], [121.288903, 24.946832], [121.288816, 24.946466], [121.28823, 24.946665], [121.288239, 24.946957], [121.28863, 24.94687], [121.288668, 24.946929], [121.288422, 24.947099], [121.288087, 24.947138], [121.288066, 24.946967], [121.288195, 24.946958], [121.286787, 24.946895], [121.286781, 24.947038], [121.287431, 24.947074], [121.287407, 24.94726], [121.286766, 24.947221], [121.286754, 24.94742], [121.287395, 24.947454], [121.287383, 24.947646], [121.286283, 24.947599], [121.286332, 24.947461], [121.286614, 24.947479], [121.28659, 24.947759], [121.286187, 24.947739], [121.286121, 24.947916], [121.287359, 24.94796], [121.287333, 24.948128], [121.28597, 24.948094], [121.286731, 24.947741], [121.287371, 24.947779], [121.287467, 24.948145], [121.287617, 24.948154], [121.287605, 24.948342], [121.286808, 24.948269], [121.286984, 24.948435], [121.287262, 24.94845], [121.287214, 24.948599], [121.287089, 24.948594], [121.28887, 24.948265], [121.288834, 24.94803], [121.288712, 24.948161], [121.288466, 24.94819], [121.288351, 24.948105], [121.288668, 24.948514], [121.288889, 24.948316], [121.289053, 24.948328], [121.289053, 24.948149], [121.289183, 24.948142], [121.289179, 24.948319], [121.289456, 24.94865], [121.289353, 24.948951], [121.28969, 24.948683], [121.289288, 24.948084], [121.289604, 24.948075], [121.289556, 24.947799], [121.289224, 24.947678], [121.289181, 24.94773], [121.289122, 24.947361], [121.288996, 24.947289], [121.288812, 24.947347], [121.288759, 24.947679], [121.288106, 24.947527], [121.287746, 24.947272], [121.287797, 24.94644], [121.286838, 24.946355], [121.286931, 24.946214], [121.287833, 24.946272], [121.287847, 24.94643], [121.287512, 24.946069], [121.287009, 24.946044], [121.289006, 24.946181], [121.289605, 24.946503], [121.289251, 24.946988], [121.289433, 24.947406], [121.289902, 24.947345], [121.289901, 24.947104], [121.290415, 24.947333], [121.290656, 24.947206], [121.290939, 24.947422], [121.29066, 24.948322], [121.291133, 24.949531], [121.290173, 24.950512], [121.290371, 24.950738], [121.290588, 24.951513], [121.290097, 24.952128], [121.290184, 24.952202], [121.290493, 24.951756], [121.290625, 24.951758], [121.290675, 24.952025], [121.290759, 24.951999], [121.290728, 24.95161], [121.29062, 24.951616], [121.290619, 24.951711], [121.290731, 24.951499], [121.290665, 24.95121], [121.29101, 24.951234], [121.291191, 24.952113], [121.290898, 24.9522], [121.290934, 24.952338], [121.290789, 24.952114], [121.290666, 24.952123], [121.290511, 24.952346], [121.29041, 24.952259], [121.290494, 24.95205], [121.290286, 24.952458], [121.290562, 24.952593], [121.289951, 24.952292], [121.289859, 24.95201], [121.288599, 24.951498], [121.289525, 24.950379], [121.291238, 24.952527], [121.291207, 24.952801], [121.291368, 24.953208], [121.291455, 24.953289], [121.291791, 24.95328], [121.291868, 24.953584], [121.292105, 24.953495], [121.291752, 24.952695], [121.291565, 24.952728], [121.291528, 24.9525]]}}, {"type": "Feature", "properties": {"district": "6800800", "segment": 15, "total_segments": 44, "km": 14.95, "villages": ["廣德里", "瑞興里"]}, "geometry": {"type": "LineString", "coordinates": [[121.291939, 24.952457], [121.293479, 24.949981], [121.294012, 24.949888], [121.293871, 24.949736], [121.293449, 24.949801], [121.293423, 24.949691], [121.293846, 24.949623], [121.293915, 24.949708], [121.29372, 24.949473], [121.293387, 24.949509], [121.293365, 24.949414], [121.293651, 24.94937], [121.293573, 24.9492], [121.29333, 24.949241], [121.293316, 24.94915], [121.293488, 24.949121], [121.293405, 24.949001], [121.29322, 24.949031], [121.286023, 24.941659], [121.286948, 24.942241], [121.287105, 24.942345], [121.287111, 24.942527], [121.287198, 24.942493], [121.287205, 24.942623], [121.28731, 24.942627], [121.287318, 24.942696], [121.287302, 24.942414], [121.287196, 24.942431], [121.287195, 24.942367], [121.287446, 24.942252], [121.287567, 24.943085], [121.287799, 24.943052], [121.287885, 24.943449], [121.288136, 24.943297], [121.289561, 24.944171], [121.289644, 24.943977], [121.289229, 24.943739], [121.289544, 24.943755], [121.289721, 24.943878], [121.290002, 24.943566], [121.289863, 24.943469], [121.289887, 24.943409], [121.289285, 24.943066], [121.289247, 24.943138], [121.289432, 24.943247], [121.290079, 24.943516], [121.290321, 24.943185], [121.2904, 24.943253], [121.290463, 24.943183], [121.28958, 24.942671], [121.289507, 24.942739], [121.290224, 24.943139], [121.290133, 24.94327], [121.289413, 24.942872], [121.289373, 24.942932], [121.290095, 24.943335], [121.290698, 24.943486], [121.291601, 24.944142], [121.29241, 24.944377], [121.292178, 24.944859], [121.292426, 24.94434], [121.293644, 24.944848], [121.292131, 24.945894], [121.293136, 24.94699], [121.292828, 24.947351], [121.294111, 24.94811], [121.294414, 24.948728], [121.293999, 24.948892], [121.293949, 24.948849], [121.293872, 24.94875], [121.294483, 24.948558], [121.294246, 24.948074], [121.294585, 24.948199], [121.29487, 24.948425], [121.294938, 24.948605], [121.29489, 24.94874], [121.294764, 24.948792], [121.294713, 24.948684], [121.29458, 24.94876], [121.294619, 24.948852], [121.29452, 24.948961], [121.294282, 24.949075], [121.29437, 24.94916], [121.294544, 24.949064], [121.294575, 24.949246], [121.294428, 24.949246], [121.294178, 24.949394], [121.293731, 24.948811], [121.293549, 24.94898], [121.294219, 24.949763], [121.29444, 24.949755], [121.29478, 24.94958], [121.294677, 24.949362], [121.294357, 24.949512], [121.294406, 24.949641], [121.294258, 24.949192], [121.294174, 24.949211], [121.294032, 24.948951], [121.294464, 24.948839], [121.294503, 24.948595], [121.295134, 24.949318], [121.295363, 24.949903], [121.295151, 24.950161], [121.295182, 24.950368], [121.295223, 24.950484], [121.295596, 24.950351], [121.295579, 24.950858], [121.29577, 24.950848], [121.295648, 24.951098], [121.294949, 24.949788], [121.288025, 24.944842], [121.28796, 24.943945], [121.287558, 24.943721], [121.287761, 24.942843], [121.287728, 24.942391], [121.288272, 24.942595], [121.288307, 24.94248], [121.288399, 24.942517], [121.288771, 24.942763], [121.288709, 24.942834], [121.289189, 24.943104], [121.289199, 24.943008], [121.288861, 24.942825], [121.288967, 24.942673], [121.289298, 24.942853], [121.28935, 24.942775], [121.288495, 24.942265], [121.287879, 24.942032], [121.287986, 24.942175], [121.288861, 24.942605], [121.288657, 24.942809], [121.288519, 24.942724], [121.288197, 24.942863], [121.288084, 24.942683], [121.28789, 24.94271], [121.287974, 24.942359], [121.288259, 24.942467], [121.288647, 24.942139], [121.289461, 24.942598], [121.289594, 24.942451], [121.289341, 24.942326], [121.289559, 24.942049], [121.28916, 24.941477], [121.288765, 24.941563], [121.288752, 24.941878], [121.288533, 24.941887], [121.288496, 24.942027], [121.288129, 24.941901], [121.288074, 24.941732], [121.287908, 24.941813], [121.287891, 24.941443], [121.287666, 24.941378], [121.287725, 24.941101], [121.287956, 24.941124], [121.288104, 24.940437], [121.288511, 24.940876], [121.288434, 24.940937], [121.28829, 24.940802], [121.288518, 24.940588], [121.288676, 24.940749], [121.288753, 24.940689], [121.288817, 24.940754], [121.288684, 24.940868], [121.288606, 24.940804], [121.288599, 24.940943], [121.288724, 24.941056], [121.288582, 24.941072], [121.288471, 24.940968], [121.288158, 24.941372], [121.288401, 24.941616], [121.288302, 24.941777], [121.287626, 24.941606], [121.288239, 24.939915], [121.288332, 24.939423], [121.28881, 24.939479], [121.288842, 24.939748], [121.288395, 24.939007], [121.288396, 24.93859], [121.288498, 24.938603], [121.288406, 24.938362], [121.288426, 24.937993], [121.288992, 24.938132], [121.288869, 24.938288], [121.28882, 24.938821], [121.288718, 24.938999], [121.288122, 24.938864], [121.288016, 24.93928], [121.288768, 24.9369], [121.28851, 24.936807], [121.288468, 24.936609], [121.289526, 24.936327], [121.289644, 24.936048], [121.290248, 24.935917], [121.290135, 24.93583], [121.289593, 24.935921], [121.28935, 24.935867], [121.289374, 24.935644], [121.289565, 24.935361], [121.290564, 24.935333], [121.29061, 24.935113], [121.290016, 24.935123], [121.28988, 24.934877], [121.289777, 24.934875], [121.290146, 24.934858], [121.290366, 24.9345], [121.29045, 24.934492], [121.290684, 24.934214], [121.29071, 24.934054], [121.290852, 24.934072], [121.290803, 24.933964], [121.290877, 24.933968], [121.29091, 24.933832], [121.290715, 24.93382], [121.290754, 24.934195], [121.291023, 24.934117], [121.291257, 24.933062], [121.290978, 24.933204], [121.290834, 24.933191], [121.290726, 24.933727], [121.291401, 24.933757], [121.291476, 24.933451], [121.291328, 24.934095], [121.291335, 24.934468], [121.291406, 24.934469], [121.291178, 24.934467], [121.29112, 24.935045], [121.291014, 24.935183], [121.290821, 24.936003], [121.290896, 24.936095], [121.290037, 24.936331], [121.289995, 24.936199], [121.290362, 24.936117], [121.290123, 24.935609], [121.289895, 24.935616], [121.289625, 24.935123], [121.289507, 24.935128], [121.289401, 24.934892], [121.289515, 24.934755], [121.28942, 24.934534], [121.290147, 24.93417], [121.290761, 24.933013], [121.290793, 24.932665], [121.291, 24.9326], [121.291119, 24.932253], [121.29104, 24.932237], [121.291306, 24.932352], [121.291437, 24.93232], [121.29142, 24.932497], [121.290907, 24.933036], [121.290543, 24.932833], [121.290573, 24.932667], [121.290322, 24.932661], [121.289852, 24.932428], [121.289914, 24.932221], [121.290189, 24.932379], [121.290615, 24.932382], [121.2906, 24.932523], [121.290326, 24.932509], [121.290376, 24.932155], [121.290201, 24.932179], [121.289945, 24.932119], [121.289971, 24.932044], [121.289407, 24.931982], [121.289409, 24.932616], [121.289539, 24.93259], [121.289695, 24.93219], [121.289764, 24.932652], [121.290213, 24.932808], [121.289438, 24.932801], [121.29246, 24.937088], [121.292748, 24.937338], [121.29284, 24.937213], [121.290755, 24.938583], [121.289695, 24.938092], [121.289708, 24.938267], [121.290431, 24.93859], [121.289701, 24.941186], [121.290411, 24.941952]]}}, {"type": "Feature", "properties": {"district": "6800800", "segment": 16, "total_segments": 44, "km": 14.67, "villages": ["瑞興里", "瑞泰里"]}, "geometry": {"type": "LineString", "coordinates": [[121.291231, 24.941479], [121.294486, 24.939928], [121.29461, 24.939441], [121.29475, 24.939482], [121.294946, 24.939764], [121.295088, 24.939812], [121.294985, 24.94008], [121.294764, 24.94002], [121.295136, 24.940123], [121.295391, 24.939893], [121.296701, 24.94025], [121.296589, 24.94057], [121.296978, 24.940678], [121.297215, 24.940526], [121.297281, 24.940278], [121.29724, 24.939449], [121.297289, 24.939351], [121.297643, 24.939342], [121.297646, 24.938814], [121.297771, 24.938405], [121.297627, 24.937508], [121.297782, 24.937283], [121.298078, 24.937491], [121.298591, 24.937227], [121.299074, 24.936694], [121.300133, 24.937095], [121.300175, 24.936966], [121.299092, 24.936578], [121.299077, 24.936234], [121.300319, 24.936704], [121.300232, 24.936817], [121.299191, 24.936451], [121.298235, 24.936405], [121.297613, 24.936223], [121.297751, 24.935758], [121.298293, 24.93595], [121.298299, 24.936102], [121.29785, 24.935985], [121.297815, 24.93607], [121.298229, 24.936215], [121.29829, 24.935761], [121.297665, 24.935568], [121.297696, 24.935414], [121.297832, 24.93542], [121.29835, 24.935603], [121.297639, 24.935676], [121.297629, 24.935764], [121.297156, 24.935761], [121.297117, 24.936198], [121.29567, 24.93568], [121.295549, 24.935788], [121.295719, 24.935867], [121.295596, 24.936165], [121.29563, 24.936269], [121.296827, 24.936671], [121.296771, 24.936814], [121.295793, 24.936487], [121.295754, 24.936649], [121.297223, 24.937082], [121.297231, 24.937658], [121.297163, 24.937752], [121.297028, 24.937715], [121.296927, 24.937913], [121.296084, 24.937694], [121.295888, 24.93762], [121.295958, 24.937507], [121.29683, 24.937788], [121.296898, 24.93766], [121.295918, 24.937376], [121.295886, 24.937471], [121.296081, 24.936961], [121.296276, 24.936927], [121.297054, 24.937193], [121.296942, 24.937273], [121.296867, 24.937497], [121.296862, 24.937554], [121.297, 24.937581], [121.297097, 24.937324], [121.296809, 24.937236], [121.296728, 24.9375], [121.29657, 24.937445], [121.296669, 24.937178], [121.29655, 24.937153], [121.296442, 24.937405], [121.296302, 24.937359], [121.296396, 24.937104], [121.29623, 24.937048], [121.296141, 24.937308], [121.295819, 24.937166], [121.295849, 24.936842], [121.296648, 24.9364], [121.296917, 24.936479], [121.296956, 24.936354], [121.296712, 24.93627], [121.296813, 24.93593], [121.296591, 24.935779], [121.296557, 24.935865], [121.296475, 24.935766], [121.294566, 24.935114], [121.294665, 24.934998], [121.296624, 24.935676], [121.296675, 24.935547], [121.296829, 24.935603], [121.29678, 24.935719], [121.296964, 24.935781], [121.296992, 24.935664], [121.29715, 24.935712], [121.29703, 24.935983], [121.296859, 24.935931], [121.2965, 24.9355], [121.296036, 24.935339], [121.29546, 24.935605], [121.294984, 24.935437], [121.294854, 24.935442], [121.294789, 24.935577], [121.294581, 24.934962], [121.297146, 24.936431], [121.297204, 24.936948], [121.296816, 24.936828], [121.297246, 24.937786], [121.297282, 24.938074], [121.296979, 24.937934], [121.297288, 24.938342], [121.297313, 24.938788], [121.296921, 24.939022], [121.296759, 24.939416], [121.296915, 24.939452], [121.296807, 24.939743], [121.296889, 24.939765], [121.295966, 24.939482], [121.295622, 24.939454], [121.295045, 24.939222], [121.295185, 24.938898], [121.296244, 24.93917], [121.296497, 24.939349], [121.296199, 24.940444], [121.29559, 24.940267], [121.296285, 24.94076], [121.296207, 24.940995], [121.297257, 24.941294], [121.297277, 24.941077], [121.296397, 24.940844], [121.296338, 24.941143], [121.297646, 24.941572], [121.297681, 24.942538], [121.297894, 24.942519], [121.297922, 24.942395], [121.298043, 24.942441], [121.298024, 24.942542], [121.298092, 24.942568], [121.298992, 24.942784], [121.299026, 24.942715], [121.299047, 24.942609], [121.298219, 24.942469], [121.29824, 24.942241], [121.297803, 24.942265], [121.297849, 24.942073], [121.298091, 24.942081], [121.297952, 24.94191], [121.297802, 24.941906], [121.29786, 24.941763], [121.297967, 24.941759], [121.297803, 24.941752], [121.297797, 24.942068], [121.298448, 24.942044], [121.298698, 24.941913], [121.298697, 24.941838], [121.298731, 24.942356], [121.298994, 24.942434], [121.299226, 24.94266], [121.299128, 24.943141], [121.299035, 24.943244], [121.29769, 24.942927], [121.297687, 24.942736], [121.297994, 24.942676], [121.297956, 24.942835], [121.298936, 24.943078], [121.29897, 24.942906], [121.298098, 24.942707], [121.297687, 24.942962], [121.297008, 24.942467], [121.297675, 24.941401], [121.297692, 24.941169], [121.297767, 24.941098], [121.297823, 24.941361], [121.297934, 24.940927], [121.297284, 24.940918], [121.297286, 24.940791], [121.296512, 24.940543], [121.299103, 24.941265], [121.299111, 24.941427], [121.298716, 24.94132], [121.298817, 24.941057], [121.298673, 24.941575], [121.299135, 24.94215], [121.298643, 24.942382], [121.298503, 24.942359], [121.299227, 24.943034], [121.298129, 24.944219], [121.297833, 24.944077], [121.297678, 24.944099], [121.297577, 24.944288], [121.297554, 24.945308], [121.297174, 24.945297], [121.297174, 24.945519], [121.297019, 24.945446], [121.297012, 24.945312], [121.296373, 24.94529], [121.296385, 24.944726], [121.296252, 24.944718], [121.296242, 24.944914], [121.296092, 24.94491], [121.296095, 24.94472], [121.295529, 24.944735], [121.295525, 24.944883], [121.295973, 24.94488], [121.295945, 24.944542], [121.295474, 24.94454], [121.295462, 24.944402], [121.296437, 24.944426], [121.29645, 24.944556], [121.296026, 24.944544], [121.296083, 24.944282], [121.295459, 24.944265], [121.295472, 24.944163], [121.296434, 24.944178], [121.29643, 24.94428], [121.296171, 24.944286], [121.296174, 24.944033], [121.294696, 24.944017], [121.294747, 24.943913], [121.295346, 24.943917], [121.295347, 24.943801], [121.294751, 24.943783], [121.294803, 24.943685], [121.295352, 24.943691], [121.295353, 24.943578], [121.294809, 24.943562], [121.294852, 24.944153], [121.294659, 24.944152], [121.294741, 24.944265], [121.295341, 24.944282], [121.295342, 24.944161], [121.294905, 24.944159], [121.294869, 24.944399], [121.295321, 24.944402], [121.295322, 24.944534], [121.294845, 24.944528], [121.294762, 24.94483], [121.295317, 24.944843], [121.295315, 24.944709], [121.294927, 24.944693], [121.296266, 24.944025], [121.296434, 24.944033], [121.296767, 24.944326], [121.296791, 24.944557], [121.297207, 24.944601], [121.297217, 24.944489], [121.297119, 24.944852], [121.296916, 24.944848], [121.296905, 24.944919], [121.296911, 24.94473], [121.296749, 24.944731], [121.296748, 24.94492], [121.296598, 24.944916], [121.296578, 24.944552], [121.29672, 24.944559], [121.297168, 24.945143], [121.29685, 24.945447], [121.29718, 24.945685], [121.297152, 24.946054], [121.295198, 24.942907], [121.294914, 24.938811], [121.294752, 24.938771], [121.298451, 24.93925], [121.298464, 24.938214], [121.299111, 24.93768], [121.299327, 24.937726], [121.300321, 24.937005], [121.300322, 24.936876]]}}, {"type": "Feature", "properties": {"district": "6800800", "segment": 17, "total_segments": 44, "km": 14.99, "villages": ["大順里", "大昌里"]}, "geometry": {"type": "LineString", "coordinates": [[121.299899, 24.942484], [121.299976, 24.942757], [121.300644, 24.943097], [121.300485, 24.945054], [121.300602, 24.944932], [121.300685, 24.944443], [121.300749, 24.943264], [121.300826, 24.943155], [121.30148, 24.94343], [121.301274, 24.945524], [121.301512, 24.945547], [121.301604, 24.944881], [121.301604, 24.944586], [121.301546, 24.944554], [121.301616, 24.944418], [121.301676, 24.943623], [121.302351, 24.943745], [121.302353, 24.943875], [121.301796, 24.943849], [121.301855, 24.943959], [121.30229, 24.943967], [121.302213, 24.944156], [121.302255, 24.944261], [121.301774, 24.944226], [121.30178, 24.944128], [121.302158, 24.944149], [121.302156, 24.944439], [121.302243, 24.944463], [121.302178, 24.944558], [121.301745, 24.944519], [121.301755, 24.944429], [121.302082, 24.944454], [121.302059, 24.944732], [121.302168, 24.944752], [121.302153, 24.944851], [121.301725, 24.944813], [121.301785, 24.944716], [121.302002, 24.944736], [121.301975, 24.945018], [121.302245, 24.945055], [121.301698, 24.945009], [121.301689, 24.945114], [121.301915, 24.945121], [121.301917, 24.945315], [121.301678, 24.945309], [121.301668, 24.945405], [121.301966, 24.945418], [121.301955, 24.945596], [121.301661, 24.945566], [121.301636, 24.945729], [121.302001, 24.946213], [121.302092, 24.946136], [121.301787, 24.945723], [121.301611, 24.945926], [121.301864, 24.946256], [121.301513, 24.94582], [121.301142, 24.945079], [121.300905, 24.945065], [121.300953, 24.944975], [121.30077, 24.944946], [121.300782, 24.944764], [121.301163, 24.944778], [121.301175, 24.944685], [121.300799, 24.944657], [121.300811, 24.94445], [121.301189, 24.944474], [121.301192, 24.944393], [121.30081, 24.944366], [121.300886, 24.944186], [121.30121, 24.944191], [121.301231, 24.944099], [121.301062, 24.944072], [121.300843, 24.944057], [121.300838, 24.944154], [121.300925, 24.943887], [121.301239, 24.943903], [121.301253, 24.943809], [121.300931, 24.943769], [121.300859, 24.943869], [121.300923, 24.943577], [121.301265, 24.943613], [121.301156, 24.943515], [121.300276, 24.943415], [121.300272, 24.943545], [121.30044, 24.943538], [121.300419, 24.943727], [121.300197, 24.943711], [121.300191, 24.943815], [121.300406, 24.943828], [121.300392, 24.944046], [121.300209, 24.944037], [121.300208, 24.944125], [121.300389, 24.94413], [121.300366, 24.944333], [121.300056, 24.944322], [121.300365, 24.944414], [121.300353, 24.944623], [121.300234, 24.944621], [121.300213, 24.944708], [121.299982, 24.944688], [121.300029, 24.944906], [121.30032, 24.94492], [121.300313, 24.945013], [121.300023, 24.94499], [121.300333, 24.94471], [121.300088, 24.9441], [121.3003, 24.94325], [121.30046, 24.943258], [121.30023, 24.943239], [121.301868, 24.943546], [121.302302, 24.943435], [121.302775, 24.943515], [121.301152, 24.944963], [121.301003, 24.944979], [121.300189, 24.946857], [121.299926, 24.947098], [121.299532, 24.947212], [121.299502, 24.947132], [121.299131, 24.947203], [121.29905, 24.947261], [121.299171, 24.947418], [121.299269, 24.947384], [121.298918, 24.947484], [121.298921, 24.947272], [121.298732, 24.947117], [121.298795, 24.947079], [121.298962, 24.9472], [121.299055, 24.947088], [121.299274, 24.947076], [121.299367, 24.946968], [121.299411, 24.947015], [121.299258, 24.946875], [121.299191, 24.946942], [121.299142, 24.946888], [121.299205, 24.946818], [121.299101, 24.94672], [121.298964, 24.946818], [121.299106, 24.947026], [121.299016, 24.947053], [121.298874, 24.946863], [121.298623, 24.947088], [121.298554, 24.947012], [121.298865, 24.946763], [121.298743, 24.946673], [121.29843, 24.946876], [121.298354, 24.946801], [121.298688, 24.946565], [121.298618, 24.946416], [121.298688, 24.946317], [121.298495, 24.946372], [121.298495, 24.946164], [121.298064, 24.946276], [121.298149, 24.946522], [121.298231, 24.946519], [121.298222, 24.946316], [121.298409, 24.946288], [121.298409, 24.946507], [121.298494, 24.946535], [121.298487, 24.946441], [121.298237, 24.94671], [121.298058, 24.946714], [121.298071, 24.946648], [121.298156, 24.946648], [121.298054, 24.946835], [121.297881, 24.946843], [121.29785, 24.946936], [121.298232, 24.947635], [121.297992, 24.947712], [121.297824, 24.947414], [121.297902, 24.947304], [121.297861, 24.947236], [121.297653, 24.947249], [121.29776, 24.947992], [121.298309, 24.947764], [121.297648, 24.947211], [121.297545, 24.945351], [121.297717, 24.945307], [121.297771, 24.94602], [121.298379, 24.945906], [121.298458, 24.945996], [121.298005, 24.946119], [121.297989, 24.945792], [121.298363, 24.945765], [121.298282, 24.945667], [121.297986, 24.945684], [121.298052, 24.945518], [121.298341, 24.945577], [121.29849, 24.945368], [121.29796, 24.94528], [121.297981, 24.945378], [121.298345, 24.945433], [121.298372, 24.94523], [121.297957, 24.945153], [121.297997, 24.945053], [121.298499, 24.945142], [121.298497, 24.945242], [121.298433, 24.945234], [121.298483, 24.945024], [121.298605, 24.945047], [121.298491, 24.944916], [121.297882, 24.944815], [121.297907, 24.944701], [121.298824, 24.944846], [121.298864, 24.944755], [121.297876, 24.944599], [121.297897, 24.944467], [121.29888, 24.944525], [121.298829, 24.94462], [121.298881, 24.944632], [121.298516, 24.944586], [121.298255, 24.94443], [121.297951, 24.944375], [121.297915, 24.944937], [121.298417, 24.945011], [121.298735, 24.944961], [121.297927, 24.945039], [121.297958, 24.946522], [121.297736, 24.946755], [121.297862, 24.946738], [121.298625, 24.947491], [121.29896, 24.946712], [121.299447, 24.946798], [121.298723, 24.946303], [121.304601, 24.946763], [121.297411, 24.947804], [121.297348, 24.947447], [121.29621, 24.947582], [121.29628, 24.948008], [121.296141, 24.948033], [121.296095, 24.947732], [121.295939, 24.947725], [121.2959, 24.947348], [121.296091, 24.947341], [121.296036, 24.947231], [121.295754, 24.947194], [121.295766, 24.947328], [121.295754, 24.947091], [121.295834, 24.947012], [121.296441, 24.947035], [121.296559, 24.947095], [121.296589, 24.947348], [121.29677, 24.947329], [121.296579, 24.946744], [121.296629, 24.946722], [121.297261, 24.946743], [121.297334, 24.947282], [121.297131, 24.947283], [121.297097, 24.946894], [121.296942, 24.946893], [121.296967, 24.947305], [121.29686, 24.947309], [121.296814, 24.946896], [121.296447, 24.946777], [121.2957, 24.946739], [121.29644, 24.946679], [121.296488, 24.946526], [121.295994, 24.9465], [121.295922, 24.946474], [121.295967, 24.946416], [121.296835, 24.946443], [121.297261, 24.946608], [121.297255, 24.946698], [121.296552, 24.94653], [121.296576, 24.946223], [121.296402, 24.946223], [121.296401, 24.94611], [121.296683, 24.946124], [121.296686, 24.946235], [121.296859, 24.946235], [121.296588, 24.945984], [121.296412, 24.945974], [121.2964, 24.945857], [121.296545, 24.945873], [121.296169, 24.945442], [121.295743, 24.945463], [121.29574, 24.945358], [121.295668, 24.945346], [121.29595, 24.945362], [121.29592, 24.945183], [121.295782, 24.945115], [121.295793, 24.944975], [121.295879, 24.944944], [121.295858, 24.945622], [121.295779, 24.94562], [121.295832, 24.945733], [121.296208, 24.94573], [121.296115, 24.945631], [121.295937, 24.945628], [121.295944, 24.945863], [121.295878, 24.945865], [121.295944, 24.94596], [121.29624, 24.945973], [121.29623, 24.945871], [121.296033, 24.945865], [121.296036, 24.946102], [121.295942, 24.946104], [121.296046, 24.946213], [121.296231, 24.946225], [121.296233, 24.946115], [121.296131, 24.946108], [121.295774, 24.946962], [121.296215, 24.947398], [121.296499, 24.947358], [121.296435, 24.947209], [121.296556, 24.947975], [121.296433, 24.947986], [121.296391, 24.947673], [121.296676, 24.947641], [121.296716, 24.947954], [121.296804, 24.947894], [121.296773, 24.94762], [121.296929, 24.947603], [121.296961, 24.947873], [121.297084, 24.947867], [121.297045, 24.947593], [121.2972, 24.947569], [121.297246, 24.947841], [121.297413, 24.947851], [121.297421, 24.948029], [121.296137, 24.948163], [121.295901, 24.947984], [121.295938, 24.947768], [121.295834, 24.948162], [121.295926, 24.948227], [121.295759, 24.948411], [121.295572, 24.948273], [121.295698, 24.948134], [121.295624, 24.948055], [121.295417, 24.948193], [121.29517, 24.948552], [121.29497, 24.948433], [121.294901, 24.948279], [121.29513, 24.948044], [121.295243, 24.948175], [121.295092, 24.948344], [121.295363, 24.948548], [121.295509, 24.948337], [121.295679, 24.94849], [121.295336, 24.948819], [121.295237, 24.948685], [121.295308, 24.948627], [121.295573, 24.94883], [121.295419, 24.94901], [121.295474, 24.94909], [121.29611, 24.948366], [121.295998, 24.948344], [121.295637, 24.948758], [121.295856, 24.948922], [121.296001, 24.948739], [121.295539, 24.949314], [121.295651, 24.949394], [121.295882, 24.949056], [121.295914, 24.94933], [121.29558, 24.949507], [121.296552, 24.949065], [121.296664, 24.94913], [121.297006, 24.949066], [121.29686, 24.948599], [121.29645, 24.948653], [121.296576, 24.948764], [121.296593, 24.948943], [121.296777, 24.948927], [121.296875, 24.948903], [121.296739, 24.948833], [121.296724, 24.94874], [121.296908, 24.948595], [121.297494, 24.948455], [121.297582, 24.948681], [121.297503, 24.948739], [121.297366, 24.948592], [121.297202, 24.948627], [121.297244, 24.948731], [121.297165, 24.948876], [121.297362, 24.950149], [121.297444, 24.950139], [121.297411, 24.950323], [121.297784, 24.950264], [121.297847, 24.950738], [121.297725, 24.950633], [121.29747, 24.950628], [121.297504, 24.950968], [121.297892, 24.950897], [121.297929, 24.951102], [121.29712, 24.950977], [121.297178, 24.951065], [121.296505, 24.951226], [121.296444, 24.95105], [121.296755, 24.950974], [121.296672, 24.950909], [121.296354, 24.950971], [121.296398, 24.951064], [121.296277, 24.950816], [121.29645, 24.950774], [121.296335, 24.950438], [121.297228, 24.950354], [121.29729, 24.950872], [121.297085, 24.950836], [121.297069, 24.950725]]}}, {"type": "Feature", "properties": {"district": "6800800", "segment": 18, "total_segments": 44, "km": 10.75, "villages": ["大昌里", "大華里"]}, "geometry": {"type": "LineString", "coordinates": [[121.296641, 24.950748], [121.296648, 24.950578], [121.297138, 24.950508], [121.297184, 24.950694], [121.296838, 24.950884], [121.296586, 24.950577], [121.2962, 24.950522], [121.29622, 24.950796], [121.296599, 24.95026], [121.297181, 24.95015], [121.297148, 24.949992], [121.296764, 24.950093], [121.29679, 24.949882], [121.297117, 24.949843], [121.29704, 24.949352], [121.296713, 24.94944], [121.296732, 24.949558], [121.296986, 24.949537], [121.297017, 24.949754], [121.296764, 24.949772], [121.297133, 24.949893], [121.297199, 24.950195], [121.297445, 24.950431], [121.297449, 24.950532], [121.297713, 24.950442], [121.297744, 24.95011], [121.297524, 24.949181], [121.297406, 24.949264], [121.297435, 24.949385], [121.297031, 24.949249], [121.297015, 24.949111], [121.296928, 24.949203], [121.296677, 24.949247], [121.29707, 24.948768], [121.296993, 24.948374], [121.296415, 24.948461], [121.296222, 24.94837], [121.297451, 24.948204], [121.297449, 24.948153], [121.297459, 24.948345], [121.297047, 24.948369], [121.297583, 24.948945], [121.297027, 24.947311], [121.295415, 24.947871], [121.297152, 24.951247], [121.297238, 24.951236], [121.298345, 24.95102], [121.298154, 24.950449], [121.298201, 24.950273], [121.298094, 24.95007], [121.298043, 24.949413], [121.297769, 24.948086], [121.299285, 24.947495], [121.299506, 24.947778], [121.299543, 24.947686], [121.299381, 24.947462], [121.299619, 24.947392], [121.299938, 24.947847], [121.299918, 24.947983], [121.30002, 24.947982], [121.300105, 24.947865], [121.300249, 24.947883], [121.300388, 24.948039], [121.300448, 24.948484], [121.300609, 24.948556], [121.300585, 24.94884], [121.300505, 24.948836], [121.300676, 24.949431], [121.300768, 24.949448], [121.300655, 24.94899], [121.300756, 24.948915], [121.300808, 24.949091], [121.3012, 24.948942], [121.301117, 24.948766], [121.301277, 24.949415], [121.301006, 24.949453], [121.299952, 24.948786], [121.299786, 24.948799], [121.299777, 24.948707], [121.299686, 24.948731], [121.299676, 24.948949], [121.299528, 24.948957], [121.299436, 24.948579], [121.299654, 24.948522], [121.299631, 24.948422], [121.299433, 24.948259], [121.299508, 24.948173], [121.299349, 24.948327], [121.299445, 24.948426], [121.298967, 24.947938], [121.299082, 24.947871], [121.298976, 24.94772], [121.299105, 24.94766], [121.299286, 24.947896], [121.299353, 24.947858], [121.299204, 24.947639], [121.299104, 24.947911], [121.299159, 24.947976], [121.298927, 24.948188], [121.298662, 24.948318], [121.298629, 24.948223], [121.298823, 24.948135], [121.298726, 24.948062], [121.298478, 24.948171], [121.298645, 24.948556], [121.299081, 24.948355], [121.298999, 24.948298], [121.298717, 24.948425], [121.298861, 24.948688], [121.298613, 24.948729], [121.298622, 24.948853], [121.298183, 24.948904], [121.298204, 24.949067], [121.299393, 24.948941], [121.299442, 24.949054], [121.298318, 24.949189], [121.298346, 24.949365], [121.299398, 24.94925], [121.299413, 24.949382], [121.298228, 24.949548], [121.29828, 24.949922], [121.298186, 24.949931], [121.298392, 24.949686], [121.299315, 24.949524], [121.299857, 24.949514], [121.299863, 24.949573], [121.29987, 24.949405], [121.299792, 24.948922], [121.299688, 24.949061], [121.299702, 24.949192], [121.299379, 24.948794], [121.298678, 24.948852], [121.298541, 24.948594], [121.298114, 24.948751], [121.298141, 24.948648], [121.298504, 24.948512], [121.298435, 24.948367], [121.298144, 24.948474], [121.298018, 24.948206], [121.298089, 24.948142], [121.298297, 24.948069], [121.29833, 24.948134], [121.29813, 24.948225], [121.298195, 24.948362], [121.298396, 24.948288], [121.29838, 24.948006], [121.29863, 24.94789], [121.299041, 24.948488], [121.299055, 24.948663], [121.29915, 24.948664], [121.299151, 24.948439], [121.299679, 24.948682], [121.299725, 24.948439], [121.300031, 24.94851], [121.300253, 24.947757], [121.300064, 24.947694], [121.300859, 24.947631], [121.298165, 24.948523], [121.29821, 24.949482], [121.298518, 24.949795], [121.298596, 24.949781], [121.29853, 24.951692], [121.298625, 24.953003], [121.299382, 24.952901], [121.299356, 24.952805], [121.299092, 24.952826], [121.299114, 24.952646], [121.299408, 24.952624], [121.299406, 24.952803], [121.299657, 24.952915], [121.300047, 24.952938], [121.299988, 24.953022], [121.299772, 24.953021], [121.299821, 24.952721], [121.299671, 24.952717], [121.299675, 24.952618], [121.300086, 24.95273], [121.300018, 24.952664], [121.299383, 24.953074], [121.299111, 24.953091], [121.29937, 24.953168], [121.29907, 24.95264], [121.298657, 24.953636], [121.298771, 24.953799], [121.298865, 24.954267], [121.298845, 24.954763], [121.299068, 24.955942], [121.299244, 24.955902], [121.299263, 24.955585], [121.299598, 24.955512], [121.299494, 24.954977], [121.299675, 24.954905], [121.299667, 24.954839], [121.299856, 24.955769], [121.299606, 24.95555], [121.299847, 24.954967], [121.29992, 24.954957], [121.299855, 24.954629], [121.299976, 24.954761], [121.299604, 24.954434], [121.299367, 24.954412], [121.299263, 24.954414], [121.299248, 24.954534], [121.299454, 24.954548], [121.299398, 24.954765], [121.299183, 24.954762], [121.299697, 24.954032], [121.300201, 24.956478], [121.300354, 24.956569], [121.300038, 24.956587], [121.300064, 24.956756], [121.300098, 24.956852], [121.30027, 24.956867], [121.300289, 24.957185], [121.300528, 24.957159], [121.30008, 24.957326], [121.300098, 24.957543], [121.299335, 24.957538], [121.299113, 24.956257], [121.299837, 24.956486], [121.299824, 24.956766], [121.299654, 24.956834], [121.29965, 24.957092], [121.299942, 24.957114], [121.300024, 24.957055], [121.300024, 24.957115], [121.299674, 24.957412], [121.300415, 24.957547], [121.300022, 24.956521], [121.300933, 24.95087]]}}, {"type": "Feature", "properties": {"district": "6800800", "segment": 19, "total_segments": 44, "km": 15.0, "villages": ["大和里", "大成里"]}, "geometry": {"type": "LineString", "coordinates": [[121.297952, 24.951386], [121.298045, 24.95201], [121.297873, 24.952031], [121.297841, 24.951784], [121.297681, 24.951913], [121.296899, 24.952025], [121.296935, 24.952142], [121.296863, 24.95215], [121.297704, 24.952026], [121.297713, 24.952241], [121.296475, 24.952391], [121.296573, 24.952511], [121.297912, 24.952293], [121.297984, 24.952651], [121.298148, 24.95265], [121.298082, 24.952164], [121.297903, 24.952203], [121.297795, 24.952554], [121.296481, 24.952726], [121.296525, 24.952862], [121.297823, 24.952686], [121.297812, 24.953115], [121.297647, 24.953077], [121.297637, 24.952874], [121.297436, 24.952891], [121.297457, 24.953138], [121.297642, 24.95314], [121.297356, 24.952976], [121.296202, 24.953142], [121.295357, 24.953171], [121.29538, 24.953031], [121.296187, 24.95299], [121.296143, 24.952774], [121.295583, 24.952786], [121.295583, 24.952607], [121.296076, 24.952671], [121.296489, 24.952525], [121.295212, 24.952853], [121.294947, 24.95283], [121.294886, 24.952984], [121.295194, 24.953035], [121.295173, 24.95317], [121.294724, 24.953109], [121.294758, 24.952656], [121.294569, 24.952626], [121.294551, 24.952762], [121.293996, 24.952647], [121.293975, 24.952874], [121.294521, 24.952958], [121.294489, 24.953129], [121.293841, 24.953014], [121.293827, 24.952845], [121.29389, 24.953812], [121.294367, 24.953811], [121.29438, 24.953632], [121.294028, 24.953625], [121.294061, 24.953397], [121.294414, 24.953443], [121.294445, 24.953268], [121.294004, 24.953246], [121.294012, 24.953389], [121.293629, 24.953378], [121.293606, 24.953012], [121.293651, 24.953726], [121.293272, 24.953298], [121.294659, 24.953518], [121.294696, 24.953308], [121.295139, 24.953398], [121.295113, 24.953538], [121.294808, 24.953499], [121.294766, 24.95372], [121.295078, 24.953766], [121.295016, 24.953916], [121.294604, 24.953843], [121.294636, 24.953671], [121.294595, 24.953887], [121.294364, 24.95386], [121.295431, 24.953943], [121.295432, 24.953801], [121.295345, 24.953785], [121.296088, 24.953938], [121.296087, 24.954077], [121.295931, 24.954045], [121.295805, 24.954369], [121.296031, 24.954411], [121.296013, 24.954505], [121.295926, 24.954487], [121.295884, 24.954655], [121.295986, 24.954673], [121.295964, 24.954783], [121.295237, 24.954646], [121.295254, 24.954566], [121.295341, 24.954569], [121.295392, 24.954382], [121.295307, 24.954362], [121.295331, 24.954265], [121.297184, 24.954654], [121.297165, 24.954751], [121.297069, 24.954742], [121.297034, 24.954921], [121.297121, 24.954942], [121.297099, 24.955041], [121.29622, 24.954861], [121.296241, 24.954766], [121.29633, 24.954785], [121.296365, 24.954602], [121.296276, 24.954584], [121.296888, 24.955338], [121.296869, 24.955425], [121.296997, 24.955456], [121.296939, 24.955699], [121.29682, 24.955672], [121.297022, 24.955363], [121.297334, 24.955447], [121.297206, 24.955755], [121.297411, 24.955792], [121.29738, 24.955999], [121.297483, 24.956027], [121.296484, 24.955827], [121.296516, 24.955967], [121.296244, 24.956186], [121.296294, 24.956281], [121.296128, 24.956242], [121.295844, 24.956349], [121.295906, 24.956485], [121.296696, 24.956812], [121.298121, 24.957139], [121.298174, 24.956842], [121.297849, 24.956791], [121.297809, 24.956903], [121.298306, 24.957026], [121.298294, 24.957079], [121.298329, 24.956895], [121.298246, 24.957216], [121.29907, 24.957484], [121.298992, 24.956938], [121.298154, 24.956534], [121.297961, 24.956506], [121.298064, 24.956618], [121.297713, 24.956716], [121.297419, 24.956651], [121.297397, 24.956794], [121.297653, 24.956905], [121.297539, 24.956498], [121.297598, 24.95641], [121.297322, 24.956145], [121.296908, 24.956066], [121.296718, 24.956325], [121.296626, 24.956297], [121.29655, 24.956384], [121.297152, 24.956497], [121.29702, 24.956387], [121.297582, 24.955878], [121.297928, 24.955945], [121.297986, 24.955578], [121.298107, 24.955605], [121.298079, 24.955815], [121.298152, 24.955829], [121.298015, 24.956137], [121.298378, 24.956198], [121.298338, 24.956308], [121.297847, 24.956096], [121.297866, 24.95625], [121.297429, 24.955687], [121.297603, 24.955169], [121.297705, 24.95515], [121.297729, 24.954882], [121.297472, 24.954823], [121.297402, 24.955122], [121.298521, 24.955358], [121.298495, 24.954994], [121.298073, 24.95486], [121.298489, 24.95463], [121.298327, 24.954171], [121.29827, 24.953289], [121.298157, 24.952794], [121.298007, 24.952826], [121.298031, 24.953136], [121.294722, 24.953157], [121.294526, 24.952905], [121.294736, 24.954569], [121.293872, 24.954629], [121.293729, 24.955115], [121.293546, 24.955039], [121.293653, 24.95464], [121.293538, 24.954617], [121.293427, 24.955001], [121.293289, 24.954857], [121.292922, 24.954763], [121.292946, 24.954633], [121.293317, 24.954715], [121.293366, 24.95454], [121.292999, 24.954431], [121.292873, 24.954957], [121.293146, 24.955015], [121.293127, 24.955195], [121.29283, 24.955117], [121.295091, 24.955649], [121.295423, 24.955614], [121.295827, 24.955706], [121.295787, 24.955792], [121.296111, 24.955752], [121.296083, 24.955852], [121.296153, 24.955862], [121.295991, 24.955884], [121.295559, 24.955787], [121.295674, 24.956206], [121.295602, 24.956599], [121.295549, 24.956592], [121.296104, 24.956835], [121.296042, 24.957181], [121.296089, 24.957718], [121.29615, 24.957838], [121.296295, 24.957776], [121.296452, 24.95829], [121.29666, 24.958237], [121.296444, 24.957591], [121.296247, 24.957659], [121.296255, 24.957714], [121.29625, 24.956897], [121.295873, 24.956929], [121.295888, 24.957843], [121.29554, 24.957843], [121.295554, 24.95679], [121.295716, 24.956839], [121.295758, 24.958198], [121.295859, 24.958177], [121.295874, 24.958279], [121.295877, 24.957981], [121.2962, 24.957981], [121.296302, 24.958272], [121.296043, 24.958282], [121.296022, 24.958448], [121.295871, 24.958473], [121.295881, 24.959245], [121.295744, 24.959259], [121.295759, 24.958449], [121.29553, 24.958444], [121.295558, 24.959405], [121.296221, 24.959369], [121.296594, 24.959198], [121.296332, 24.958421], [121.296509, 24.958423], [121.296777, 24.959118], [121.297024, 24.959026], [121.296802, 24.95832], [121.296953, 24.958273], [121.296923, 24.958174], [121.296758, 24.958201], [121.296554, 24.957553], [121.296673, 24.957532], [121.296578, 24.957433], [121.296434, 24.957464], [121.296523, 24.957266], [121.296482, 24.957198], [121.296982, 24.958113], [121.297097, 24.958058], [121.297182, 24.9582], [121.297341, 24.958874], [121.297842, 24.958732], [121.29743, 24.958621], [121.29736, 24.958403], [121.297054, 24.958457], [121.297241, 24.958908], [121.297105, 24.958986], [121.296858, 24.958915], [121.296697, 24.958363], [121.297041, 24.958412], [121.29623, 24.958574], [121.296218, 24.959225], [121.29607, 24.959175], [121.296059, 24.959255], [121.296086, 24.958455], [121.295543, 24.958299], [121.295559, 24.957992], [121.295372, 24.958049], [121.295358, 24.957835], [121.294262, 24.957848], [121.294263, 24.957982], [121.294624, 24.957978], [121.294621, 24.958046], [121.293868, 24.957995], [121.293897, 24.958081], [121.29413, 24.958082], [121.294157, 24.958193], [121.293822, 24.958239], [121.294341, 24.959438], [121.295401, 24.959403], [121.295361, 24.958144], [121.294226, 24.958186], [121.294221, 24.958364], [121.295294, 24.958331], [121.295239, 24.958459], [121.294086, 24.958469], [121.294039, 24.958385], [121.294158, 24.95837], [121.294186, 24.958669], [121.294289, 24.958658], [121.294324, 24.958907], [121.294403, 24.958891], [121.294401, 24.958641], [121.294619, 24.958596], [121.294622, 24.959198], [121.294759, 24.959191], [121.294745, 24.958595], [121.294928, 24.958624], [121.295097, 24.958786], [121.295079, 24.959178], [121.294959, 24.959145], [121.29495, 24.958848], [121.295097, 24.958682], [121.295061, 24.958067], [121.295205, 24.958059], [121.294729, 24.958036], [121.294641, 24.957716], [121.293598, 24.957727], [121.293275, 24.956958], [121.293289, 24.95677], [121.293776, 24.955828], [121.295357, 24.956483], [121.295339, 24.956766], [121.294403, 24.9568], [121.294493, 24.956896], [121.295318, 24.956912], [121.295316, 24.957083], [121.2948, 24.957084], [121.294862, 24.957228], [121.295308, 24.957209], [121.295305, 24.957374], [121.293572, 24.957414], [121.293668, 24.957524], [121.294602, 24.957548], [121.294799, 24.957246], [121.294618, 24.957183], [121.293546, 24.957211], [121.293537, 24.957079], [121.294088, 24.957053], [121.294113, 24.95688], [121.294243, 24.956872], [121.294212, 24.957095], [121.2941, 24.957098], [121.294616, 24.957082], [121.294341, 24.956898], [121.29428, 24.956772]]}}, {"type": "Feature", "properties": {"district": "6800800", "segment": 20, "total_segments": 44, "km": 9.14, "villages": ["大成里", "大同里", "大慶里"]}, "geometry": {"type": "LineString", "coordinates": [[121.294344, 24.956603], [121.294246, 24.956536], [121.29439, 24.956265], [121.293832, 24.956037], [121.293783, 24.956249], [121.294166, 24.956436], [121.294011, 24.956574], [121.293709, 24.956422], [121.293675, 24.956563], [121.294151, 24.956715], [121.294202, 24.956576], [121.294444, 24.956392], [121.294663, 24.956554], [121.294642, 24.956618], [121.294768, 24.956647], [121.294822, 24.956518], [121.293977, 24.956801], [121.293479, 24.956786], [121.293484, 24.956909], [121.293988, 24.956891], [121.293729, 24.956249], [121.293424, 24.956189], [121.293344, 24.95635], [121.29347, 24.955978], [121.293562, 24.955971], [121.293634, 24.955764], [121.292632, 24.955359], [121.293163, 24.95667], [121.293125, 24.956066], [121.293235, 24.955819], [121.293112, 24.955859], [121.293699, 24.957974], [121.2938, 24.958205], [121.2939, 24.957867], [121.294053, 24.957857], [121.294447, 24.959285], [121.294362, 24.959176], [121.296722, 24.959141], [121.29849, 24.958633], [121.299225, 24.958511], [121.299063, 24.957685], [121.298877, 24.957618], [121.29874, 24.957745], [121.297683, 24.958952], [121.297078, 24.959195], [121.297213, 24.959426], [121.297442, 24.959293], [121.297503, 24.959399], [121.297177, 24.959573], [121.297309, 24.95971], [121.29758, 24.959537], [121.297546, 24.959375], [121.29762, 24.959319], [121.29756, 24.959749], [121.297051, 24.96002], [121.297119, 24.960124], [121.297185, 24.960082], [121.297255, 24.960186], [121.297164, 24.960196], [121.297253, 24.960291], [121.297482, 24.960106], [121.297551, 24.959847], [121.29727, 24.960025], [121.297339, 24.960122], [121.29716, 24.96004], [121.296973, 24.960073], [121.296701, 24.960235], [121.296905, 24.960498], [121.297192, 24.960329], [121.296727, 24.960536], [121.296593, 24.960316], [121.296196, 24.960532], [121.29625, 24.960884], [121.296746, 24.960576], [121.296532, 24.960597], [121.296481, 24.960536], [121.2964, 24.96058], [121.296443, 24.960645], [121.296154, 24.960417], [121.29611, 24.960208], [121.296386, 24.960046], [121.296501, 24.96021], [121.295977, 24.960391], [121.295791, 24.959592], [121.294431, 24.959605], [121.294935, 24.960546], [121.295073, 24.960429], [121.295263, 24.960586], [121.295783, 24.960289], [121.295634, 24.959795], [121.295585, 24.959756], [121.29507, 24.960099], [121.294988, 24.95994], [121.29534, 24.959773], [121.29546, 24.960016], [121.29555, 24.959962], [121.295194, 24.960193], [121.295024, 24.960218], [121.294767, 24.959811], [121.294918, 24.959886], [121.294982, 24.959756], [121.295061, 24.96031], [121.295341, 24.960383], [121.295624, 24.960208], [121.296051, 24.96013], [121.295968, 24.959567], [121.296125, 24.95954], [121.296289, 24.959989], [121.296105, 24.960114], [121.296585, 24.959806], [121.296419, 24.959489], [121.296254, 24.959547], [121.296538, 24.96002], [121.297094, 24.959676], [121.297112, 24.959799], [121.297184, 24.959796], [121.297091, 24.95964], [121.296572, 24.959942], [121.296687, 24.959731], [121.296847, 24.959651], [121.296698, 24.959378], [121.296528, 24.959443], [121.296646, 24.959657], [121.29708, 24.959522], [121.296981, 24.959243], [121.296826, 24.959321], [121.296936, 24.959508], [121.296996, 24.959485], [121.295909, 24.959575], [121.295993, 24.960494], [121.295246, 24.96093], [121.294993, 24.960666], [121.295222, 24.960612], [121.295492, 24.960945], [121.295685, 24.960837], [121.29587, 24.96114], [121.295482, 24.96133], [121.295299, 24.961085], [121.296046, 24.960631], [121.296097, 24.960963], [121.29598, 24.96104], [121.295846, 24.960856], [121.297602, 24.960756], [121.298644, 24.960607], [121.298667, 24.960777], [121.2995, 24.960646], [121.299572, 24.961015], [121.299147, 24.960975], [121.299224, 24.960886], [121.299296, 24.960917], [121.299307, 24.960849], [121.299309, 24.961396], [121.299084, 24.961378], [121.299018, 24.961599], [121.299705, 24.961651], [121.299612, 24.961242], [121.299289, 24.961479], [121.299165, 24.961304], [121.299142, 24.961077], [121.299212, 24.96107], [121.299102, 24.961296], [121.298619, 24.960781], [121.297872, 24.960864], [121.298195, 24.960383], [121.298921, 24.960241], [121.29895, 24.960573], [121.299534, 24.960518], [121.299407, 24.95981], [121.29932, 24.959774], [121.299391, 24.959722], [121.29924, 24.958693], [121.298916, 24.95879], [121.298951, 24.959273], [121.299129, 24.959242], [121.299144, 24.959392], [121.298787, 24.959441], [121.298711, 24.959351], [121.297833, 24.959483], [121.297806, 24.959576], [121.298679, 24.959469], [121.298668, 24.959568], [121.297784, 24.95971], [121.297759, 24.959796], [121.29867, 24.95968], [121.298816, 24.959629], [121.298792, 24.959545], [121.299164, 24.959556], [121.299192, 24.959707], [121.299001, 24.959703], [121.299111, 24.960416], [121.298876, 24.960001], [121.297696, 24.960176], [121.29769, 24.960288], [121.298834, 24.960113], [121.298745, 24.959914], [121.297715, 24.960082], [121.29778, 24.959958], [121.298157, 24.959894], [121.298851, 24.959802], [121.298866, 24.959895], [121.29879, 24.959901], [121.298583, 24.959223], [121.29828, 24.959264], [121.298293, 24.958885], [121.298056, 24.958939], [121.298642, 24.958807], [121.298733, 24.959199]]}}, {"type": "Feature", "properties": {"district": "6800800", "segment": 21, "total_segments": 44, "km": 14.14, "villages": ["大忠里", "大義里"]}, "geometry": {"type": "LineString", "coordinates": [[121.299577, 24.9591], [121.30016, 24.962552], [121.300404, 24.962343], [121.300656, 24.962294], [121.300653, 24.96221], [121.300407, 24.962251], [121.300437, 24.962018], [121.301098, 24.962012], [121.301057, 24.962333], [121.300965, 24.962376], [121.301012, 24.962476], [121.3025, 24.962294], [121.30369, 24.961988], [121.30365, 24.961743], [121.302964, 24.961838], [121.302925, 24.961924], [121.302763, 24.961758], [121.302975, 24.96162], [121.303128, 24.961724], [121.303759, 24.961594], [121.302726, 24.961776], [121.302585, 24.961873], [121.302652, 24.961974], [121.302584, 24.962053], [121.302707, 24.96207], [121.302715, 24.961999], [121.302765, 24.962162], [121.302157, 24.962171], [121.302143, 24.961979], [121.302215, 24.961964], [121.30257, 24.961956], [121.302539, 24.962054], [121.302023, 24.962086], [121.301885, 24.962146], [121.3019, 24.962234], [121.3015, 24.962316], [121.301521, 24.962222], [121.30171, 24.962162], [121.301689, 24.962028], [121.301566, 24.962039], [121.301553, 24.96198], [121.301945, 24.961933], [121.30195, 24.961993], [121.301734, 24.962028], [121.301675, 24.961814], [121.301615, 24.961823], [121.301664, 24.961751], [121.302009, 24.961758], [121.301936, 24.961291], [121.302099, 24.96123], [121.30196, 24.961162], [121.301855, 24.961242], [121.301741, 24.96119], [121.301673, 24.961363], [121.301596, 24.961411], [121.301552, 24.96132], [121.301781, 24.96096], [121.301867, 24.960998], [121.301802, 24.961581], [121.301851, 24.961641], [121.302271, 24.961587], [121.302059, 24.96156], [121.302027, 24.961343], [121.301757, 24.961461], [121.301659, 24.961668], [121.301558, 24.961679], [121.301351, 24.962338], [121.301267, 24.962316], [121.301354, 24.962051], [121.301176, 24.962006], [121.301112, 24.962166], [121.300977, 24.962042], [121.30072, 24.962083], [121.300753, 24.962514], [121.300901, 24.962489], [121.301203, 24.961929], [121.301585, 24.961579], [121.301738, 24.961807], [121.302, 24.96187], [121.301994, 24.961985], [121.302118, 24.961905], [121.302092, 24.961722], [121.302202, 24.961898], [121.302541, 24.961787], [121.302326, 24.961783], [121.302319, 24.96169], [121.302041, 24.962222], [121.301942, 24.962232], [121.300621, 24.96051], [121.300395, 24.960547], [121.300341, 24.960398], [121.299977, 24.960458], [121.30014, 24.960595], [121.300284, 24.960211], [121.300203, 24.959428], [121.300135, 24.959312], [121.299908, 24.959306], [121.299874, 24.959045], [121.299929, 24.958733], [121.300082, 24.958746], [121.300135, 24.9589], [121.300142, 24.959173], [121.299962, 24.959411], [121.299864, 24.959429], [121.299568, 24.959033], [121.29938, 24.95774], [121.299908, 24.957696], [121.300213, 24.957754], [121.300205, 24.957885], [121.3001, 24.957885], [121.30004, 24.958308], [121.300602, 24.958231], [121.300428, 24.958131], [121.300406, 24.957998], [121.30033, 24.958034], [121.300348, 24.958136], [121.300547, 24.957975], [121.300496, 24.957712], [121.300378, 24.957702], [121.299988, 24.958004], [121.300011, 24.958112], [121.299821, 24.958082], [121.299962, 24.958398], [121.299861, 24.958445], [121.299878, 24.958536], [121.299983, 24.958509], [121.300069, 24.958629], [121.300786, 24.958436], [121.300782, 24.959894], [121.299873, 24.960085], [121.302937, 24.957977], [121.303679, 24.962161], [121.303688, 24.962246], [121.303581, 24.962203], [121.302557, 24.962425], [121.301882, 24.962484], [121.301812, 24.96255], [121.30188, 24.962608], [121.302023, 24.962574], [121.30207, 24.963164], [121.301945, 24.963158], [121.301938, 24.962738], [121.301722, 24.962544], [121.301285, 24.962567], [121.301135, 24.963125], [121.300962, 24.963212], [121.301169, 24.962564], [121.300451, 24.962701], [121.300551, 24.963015], [121.300735, 24.962881], [121.300722, 24.962792], [121.300942, 24.96282], [121.30072, 24.963318], [121.30076, 24.963409], [121.300926, 24.963342], [121.300942, 24.963412], [121.301011, 24.963294], [121.301044, 24.963405], [121.301513, 24.963209], [121.301383, 24.962933], [121.301391, 24.962706], [121.301695, 24.962716], [121.3017, 24.962802], [121.301521, 24.962834], [121.301519, 24.962934], [121.301879, 24.963856], [121.301663, 24.96375], [121.301696, 24.963678], [121.301526, 24.963246], [121.301433, 24.963374], [121.301449, 24.963494], [121.301541, 24.963479], [121.301541, 24.963595], [121.301221, 24.963662], [121.301233, 24.963534], [121.301401, 24.963496], [121.301032, 24.96356], [121.301058, 24.963634], [121.301015, 24.963517], [121.300807, 24.963848], [121.300668, 24.963855], [121.30062, 24.964003], [121.300476, 24.964048], [121.30023, 24.962703], [121.300887, 24.963233], [121.301366, 24.963111], [121.301291, 24.963037], [121.301334, 24.962822], [121.301659, 24.962891], [121.301757, 24.96313], [121.301862, 24.963161], [121.301779, 24.962504], [121.302129, 24.962553], [121.302261, 24.962649], [121.302749, 24.962581], [121.302747, 24.962445], [121.30292, 24.962514], [121.303299, 24.96244], [121.303462, 24.962511], [121.303536, 24.962322], [121.303647, 24.962406], [121.30377, 24.962388], [121.30381, 24.962715], [121.303545, 24.962614], [121.303357, 24.963004], [121.303386, 24.963115], [121.303288, 24.963189], [121.302982, 24.962664], [121.302835, 24.962724], [121.303361, 24.963462], [121.303378, 24.963654], [121.303027, 24.963666], [121.303018, 24.963509], [121.30316, 24.963491], [121.303089, 24.963351], [121.30299, 24.963357], [121.303019, 24.963209], [121.302881, 24.963222], [121.302832, 24.963001], [121.302673, 24.963058], [121.302659, 24.962972], [121.302536, 24.962973], [121.302587, 24.963262], [121.302696, 24.963233], [121.302665, 24.962839], [121.3022, 24.962849], [121.302185, 24.962736], [121.302763, 24.962644], [121.302737, 24.962831], [121.303323, 24.962571], [121.303407, 24.962599], [121.303249, 24.962982], [121.303148, 24.962815], [121.303268, 24.962685], [121.303125, 24.962732], [121.303574, 24.962528], [121.303582, 24.962905], [121.303839, 24.962849], [121.303921, 24.963222], [121.303505, 24.963249], [121.303521, 24.963121], [121.30379, 24.963081], [121.30394, 24.963415], [121.303481, 24.963437], [121.30331, 24.963223], [121.303527, 24.963594], [121.303954, 24.963524], [121.303929, 24.963738], [121.303571, 24.963765], [121.30382, 24.964015], [121.304008, 24.963998], [121.304, 24.963908], [121.303968, 24.9638], [121.303981, 24.964292], [121.303723, 24.964543], [121.303059, 24.964073], [121.303242, 24.963816], [121.302929, 24.963868], [121.302869, 24.963933], [121.302969, 24.964005], [121.303035, 24.96393], [121.302907, 24.964084], [121.302644, 24.963905], [121.302595, 24.963956], [121.302835, 24.964154], [121.302767, 24.964227], [121.302405, 24.963939], [121.30254, 24.963924], [121.302608, 24.963666], [121.302509, 24.963678], [121.302496, 24.963601], [121.302706, 24.963654], [121.302787, 24.963639], [121.302777, 24.963565], [121.302811, 24.963888], [121.302978, 24.964146], [121.303503, 24.964552], [121.30346, 24.964616], [121.302923, 24.964206], [121.302868, 24.964301], [121.302817, 24.964261], [121.303599, 24.964868], [121.303484, 24.965004], [121.303264, 24.964852], [121.303196, 24.964916], [121.303453, 24.965148], [121.303329, 24.965361], [121.302639, 24.964882], [121.302829, 24.964589], [121.303152, 24.96484], [121.303225, 24.964754], [121.302233, 24.963982], [121.302209, 24.964123], [121.302728, 24.964534], [121.302281, 24.965167], [121.301847, 24.965258], [121.301824, 24.965121], [121.301758, 24.965139], [121.302029, 24.965071], [121.302004, 24.964933], [121.301557, 24.965007], [121.301619, 24.965309], [121.3017, 24.965299], [121.301452, 24.965251], [121.301409, 24.965028], [121.301162, 24.965065], [121.301216, 24.965426], [121.301447, 24.965357], [121.300791, 24.965485], [121.300738, 24.96519], [121.300825, 24.965125], [121.301028, 24.965084], [121.301062, 24.96532], [121.300796, 24.965531], [121.3008, 24.964999], [121.300978, 24.964955], [121.300949, 24.964731], [121.300893, 24.964614], [121.300619, 24.964691], [121.300695, 24.965006], [121.301136, 24.964864], [121.301088, 24.96457], [121.301472, 24.964499], [121.301536, 24.96489], [121.301168, 24.964945], [121.30167, 24.964754], [121.301607, 24.964491], [121.301957, 24.964426], [121.30184, 24.964315], [121.300858, 24.964485], [121.30097, 24.964167], [121.301155, 24.964154], [121.301213, 24.964318], [121.301866, 24.96416], [121.301806, 24.964051], [121.301321, 24.964121], [121.30128, 24.96391], [121.301667, 24.963839], [121.301587, 24.963711], [121.301419, 24.963797], [121.30099, 24.963809], [121.300922, 24.964016], [121.30109, 24.963946], [121.300647, 24.963714], [121.300675, 24.963569], [121.300519, 24.964247], [121.300749, 24.96439], [121.300713, 24.964485], [121.300573, 24.964519], [121.302005, 24.964567], [121.302356, 24.964866], [121.302289, 24.964957], [121.302061, 24.964766], [121.301802, 24.964837], [121.302104, 24.964454], [121.302464, 24.964722], [121.302531, 24.964624], [121.302094, 24.964286], [121.301979, 24.964078], [121.302007, 24.963788], [121.302283, 24.963769], [121.302233, 24.963628], [121.301989, 24.963673], [121.301968, 24.963515], [121.302215, 24.963488], [121.302201, 24.963373], [121.301912, 24.963405], [121.301923, 24.963525], [121.301959, 24.96328], [121.301828, 24.963248], [121.302198, 24.963326], [121.302209, 24.963124], [121.302356, 24.963076], [121.30241, 24.96328], [121.302354, 24.962994], [121.303429, 24.963807], [121.303592, 24.964045], [121.303502, 24.96409], [121.30354, 24.964153], [121.303339, 24.964054], [121.303294, 24.963956], [121.303394, 24.963921], [121.30347, 24.964053], [121.303362, 24.964186], [121.303407, 24.964225], [121.303217, 24.964074], [121.303628, 24.964646], [121.303555, 24.964709], [121.303655, 24.964795], [121.30378, 24.964597], [121.303514, 24.964664], [121.303388, 24.964815], [121.303449, 24.964856], [121.303322, 24.964762], [121.30308, 24.965036], [121.303296, 24.965182], [121.303086, 24.965392], [121.303293, 24.965553], [121.303215, 24.965629], [121.302777, 24.965325], [121.302856, 24.965248], [121.303054, 24.965369], [121.302543, 24.965025], [121.302798, 24.964816], [121.303012, 24.964994]]}}, {"type": "Feature", "properties": {"district": "6800800", "segment": 22, "total_segments": 44, "km": 13.14, "villages": ["大漢里", "大千里", "大愛里"]}, "geometry": {"type": "LineString", "coordinates": [[121.30416, 24.963704], [121.304603, 24.96364], [121.304625, 24.963768], [121.304568, 24.963774], [121.304937, 24.963689], [121.304944, 24.963589], [121.304813, 24.963612], [121.304808, 24.963384], [121.305212, 24.963328], [121.305404, 24.963218], [121.305446, 24.96328], [121.3055, 24.963198], [121.30565, 24.963259], [121.305621, 24.963183], [121.305718, 24.963164], [121.30576, 24.963243], [121.305858, 24.963228], [121.305829, 24.963143], [121.305939, 24.963121], [121.305967, 24.963205], [121.306085, 24.963186], [121.306048, 24.963106], [121.306156, 24.963091], [121.306311, 24.963447], [121.306486, 24.963346], [121.306576, 24.963396], [121.306571, 24.962835], [121.306312, 24.962922], [121.306177, 24.962843], [121.306316, 24.962565], [121.306563, 24.962699], [121.306564, 24.962382], [121.306387, 24.962408], [121.305823, 24.962728], [121.305657, 24.962745], [121.305429, 24.962646], [121.305443, 24.962755], [121.3053, 24.962766], [121.305276, 24.962636], [121.305059, 24.962629], [121.3047, 24.962697], [121.304718, 24.962827], [121.305088, 24.962764], [121.305086, 24.962968], [121.304737, 24.963039], [121.304771, 24.963163], [121.305126, 24.963127], [121.305313, 24.962943], [121.305885, 24.962915], [121.306009, 24.962996], [121.306065, 24.963469], [121.306157, 24.963457], [121.30615, 24.963406], [121.30588, 24.963502], [121.30589, 24.963446], [121.305713, 24.963465], [121.305731, 24.963528], [121.305537, 24.963492], [121.305459, 24.963577], [121.305453, 24.963504], [121.305136, 24.963561], [121.305146, 24.963655], [121.305862, 24.963741], [121.305861, 24.96387], [121.305524, 24.963863], [121.305485, 24.964196], [121.306008, 24.964262], [121.305984, 24.964056], [121.306512, 24.96408], [121.306566, 24.963567], [121.306352, 24.963658], [121.306351, 24.963798], [121.306021, 24.963801], [121.306021, 24.963654], [121.306255, 24.963656], [121.30655, 24.964316], [121.305074, 24.964174], [121.304563, 24.963406], [121.304144, 24.963465], [121.304117, 24.96333], [121.304524, 24.96327], [121.304531, 24.963063], [121.304081, 24.963138], [121.304064, 24.962963], [121.304522, 24.962899], [121.304494, 24.962713], [121.304029, 24.962784], [121.303998, 24.962647], [121.30445, 24.96258], [121.304425, 24.962398], [121.303965, 24.962464], [121.303937, 24.962317], [121.304383, 24.962272], [121.303903, 24.962168], [121.304774, 24.963288], [121.304695, 24.962448], [121.304699, 24.962376], [121.305636, 24.962493], [121.305495, 24.962203], [121.305342, 24.962187], [121.305375, 24.961975], [121.304468, 24.961865], [121.304369, 24.96208], [121.304689, 24.962156], [121.304717, 24.961969], [121.304808, 24.962128], [121.305044, 24.962155], [121.305051, 24.961727], [121.30455, 24.961566], [121.304515, 24.961654], [121.304764, 24.961724], [121.304804, 24.961539], [121.304587, 24.961464], [121.304677, 24.96141], [121.30489, 24.961485], [121.304863, 24.961556], [121.30501, 24.961554], [121.305004, 24.961636], [121.305126, 24.961656], [121.305109, 24.96173], [121.305352, 24.960466], [121.304874, 24.960361], [121.304678, 24.96093], [121.305069, 24.96101], [121.305042, 24.961233], [121.304721, 24.96113], [121.304752, 24.961044], [121.304917, 24.961094], [121.304855, 24.961267], [121.304686, 24.961227], [121.304643, 24.961294], [121.304943, 24.961388], [121.304966, 24.961306], [121.304909, 24.961296], [121.305092, 24.961395], [121.305025, 24.961511], [121.305337, 24.961596], [121.305459, 24.961447], [121.305848, 24.961461], [121.305849, 24.961716], [121.305309, 24.961724], [121.305417, 24.961277], [121.305575, 24.96131], [121.305459, 24.961088], [121.305468, 24.960938], [121.305696, 24.960995], [121.305684, 24.960746], [121.30586, 24.960739], [121.305899, 24.960506], [121.305538, 24.960515], [121.305526, 24.960654], [121.30562, 24.960744], [121.305688, 24.960613], [121.305477, 24.960746], [121.304887, 24.960665], [121.304859, 24.960739], [121.305155, 24.960824], [121.305136, 24.960924], [121.304583, 24.960748], [121.304486, 24.961025], [121.3042, 24.960896], [121.304161, 24.960988], [121.30428, 24.96102], [121.304216, 24.961145], [121.304406, 24.961195], [121.304317, 24.961479], [121.304054, 24.961412], [121.30396, 24.961514], [121.304036, 24.961303], [121.304268, 24.961372], [121.304283, 24.961277], [121.304069, 24.961214], [121.304333, 24.960826], [121.304205, 24.960783], [121.304256, 24.960664], [121.304489, 24.960729], [121.304522, 24.960631], [121.304281, 24.960553], [121.304324, 24.96047], [121.304637, 24.960603], [121.304605, 24.960681], [121.304678, 24.960505], [121.304743, 24.960297], [121.304411, 24.960206], [121.304384, 24.96029], [121.304639, 24.960366], [121.304597, 24.960442], [121.304362, 24.960371], [121.304754, 24.959461], [121.305467, 24.959526], [121.305482, 24.959691], [121.305298, 24.95963], [121.305285, 24.959818], [121.305229, 24.959809], [121.305452, 24.959809], [121.305366, 24.960235], [121.305049, 24.960171], [121.305109, 24.959787], [121.304967, 24.959766], [121.304922, 24.959886], [121.304794, 24.95992], [121.304805, 24.960102], [121.30473, 24.960086], [121.304962, 24.960485], [121.305127, 24.960531], [121.305093, 24.96062], [121.304925, 24.960576], [121.305174, 24.960662], [121.305584, 24.960284], [121.305687, 24.96029], [121.305623, 24.960104], [121.305954, 24.960204], [121.305946, 24.960307], [121.305965, 24.960041], [121.305676, 24.959965], [121.305723, 24.959552], [121.306197, 24.959607], [121.306254, 24.960281], [121.306516, 24.960296], [121.306513, 24.959981], [121.306376, 24.960454], [121.306387, 24.96071], [121.306217, 24.960665], [121.306219, 24.960481], [121.30596, 24.960505], [121.30598, 24.960763], [121.306198, 24.96076], [121.306496, 24.961058], [121.306269, 24.961492], [121.306522, 24.961622], [121.306534, 24.962238], [121.306335, 24.962217], [121.306372, 24.961909], [121.306422, 24.961911], [121.30624, 24.961913], [121.306191, 24.962019], [121.30623, 24.962225], [121.30602, 24.962241], [121.305879, 24.961912], [121.30597, 24.961701], [121.304574, 24.961221], [121.304394, 24.96168], [121.304647, 24.96103], [121.304405, 24.960826], [121.304996, 24.959686], [121.305665, 24.960015], [121.305101, 24.958403], [121.305201, 24.957605], [121.30616, 24.957632], [121.306469, 24.957735], [121.305882, 24.957361], [121.30543, 24.95731], [121.304289, 24.957466], [121.304025, 24.957361], [121.303749, 24.957364], [121.303628, 24.957379], [121.303613, 24.957566], [121.304037, 24.957518], [121.30384, 24.956166], [121.30281, 24.956508], [121.302938, 24.957049], [121.303057, 24.956863], [121.303225, 24.956911], [121.303792, 24.956835], [121.303821, 24.956943], [121.303305, 24.957016], [121.303362, 24.957174], [121.303154, 24.957222], [121.303164, 24.95738], [121.303413, 24.957352], [121.303483, 24.957159], [121.305009, 24.956887], [121.304993, 24.956773], [121.304155, 24.956881], [121.304138, 24.956758], [121.305765, 24.956604], [121.305715, 24.956498], [121.30509, 24.956509], [121.305071, 24.956378], [121.305753, 24.95637], [121.30586, 24.956715], [121.305132, 24.95675], [121.30515, 24.956868], [121.305686, 24.956855], [121.305707, 24.957003], [121.305838, 24.957005], [121.305167, 24.956996], [121.304202, 24.957139], [121.30399, 24.956141], [121.30576, 24.956087], [121.305764, 24.956233], [121.304195, 24.956348], [121.304219, 24.956478], [121.304915, 24.956369], [121.304943, 24.956507], [121.30334, 24.956637], [121.303182, 24.956541], [121.303754, 24.956399], [121.303792, 24.956683], [121.303336, 24.956754], [121.302763, 24.956798], [121.302561, 24.956644], [121.30255, 24.956569], [121.30271, 24.956541], [121.302618, 24.956383], [121.302257, 24.956495], [121.302246, 24.956379], [121.30211, 24.956458], [121.302075, 24.956378], [121.30193, 24.956437], [121.301986, 24.95658], [121.302158, 24.956532], [121.302191, 24.956688], [121.302129, 24.956718], [121.302299, 24.956674], [121.302486, 24.956591], [121.302679, 24.956359], [121.302889, 24.956301], [121.302783, 24.956091], [121.302802, 24.955915], [121.301772, 24.956447], [121.301842, 24.956625], [121.301505, 24.956692], [121.301531, 24.956475], [121.301916, 24.956622], [121.301945, 24.957094], [121.302175, 24.957556], [121.303479, 24.957581], [121.302893, 24.957426], [121.302896, 24.957343], [121.302689, 24.957136], [121.302573, 24.957136], [121.30257, 24.957009], [121.302685, 24.957009], [121.30235, 24.957002], [121.302379, 24.957256], [121.30195, 24.95755], [121.30156, 24.957553], [121.301448, 24.957481], [121.301488, 24.957341], [121.301393, 24.957294], [121.301366, 24.95712], [121.301019, 24.957219], [121.300758, 24.957537], [121.301382, 24.957536], [121.301751, 24.957299], [121.301623, 24.957058], [121.30142, 24.957115], [121.301133, 24.95696], [121.30084, 24.95704], [121.30053, 24.957001], [121.300612, 24.956875], [121.300824, 24.95685], [121.300934, 24.957117], [121.300492, 24.95751], [121.300705, 24.957538], [121.30121, 24.956749], [121.305612, 24.955386], [121.305626, 24.955114], [121.305518, 24.954739]]}}, {"type": "Feature", "properties": {"district": "6800800", "segment": 23, "total_segments": 44, "km": 14.94, "villages": ["大興里"]}, "geometry": {"type": "LineString", "coordinates": [[121.305803, 24.954665], [121.306089, 24.955185], [121.306212, 24.955181], [121.306335, 24.955323], [121.306158, 24.955403], [121.305996, 24.955334], [121.306217, 24.954852], [121.305953, 24.954533], [121.306103, 24.954457], [121.306472, 24.95489], [121.306834, 24.954883], [121.307121, 24.955184], [121.306723, 24.955385], [121.306818, 24.955656], [121.307074, 24.95572], [121.307166, 24.956185], [121.306295, 24.956195], [121.306289, 24.956061], [121.306758, 24.956073], [121.306758, 24.956438], [121.306039, 24.956512], [121.306061, 24.956643], [121.306723, 24.956597], [121.30674, 24.956701], [121.306089, 24.956775], [121.306106, 24.956918], [121.306729, 24.956897], [121.306419, 24.957237], [121.306131, 24.957253], [121.306131, 24.957338], [121.306023, 24.956373], [121.306303, 24.956367], [121.304755, 24.955591], [121.304858, 24.95546], [121.304582, 24.955448], [121.304617, 24.955728], [121.304436, 24.955746], [121.304339, 24.955741], [121.304341, 24.955533], [121.304194, 24.955473], [121.303868, 24.955522], [121.303739, 24.954694], [121.304128, 24.95471], [121.304193, 24.955407], [121.303953, 24.955311], [121.303932, 24.955196], [121.304031, 24.955179], [121.303897, 24.954893], [121.30435, 24.954839], [121.30436, 24.955181], [121.304882, 24.955169], [121.304828, 24.955039], [121.304539, 24.955041], [121.304527, 24.954894], [121.304842, 24.954904], [121.304844, 24.9547], [121.304508, 24.95469], [121.304507, 24.954568], [121.30498, 24.954563], [121.304928, 24.954668], [121.305112, 24.954795], [121.305189, 24.954718], [121.305063, 24.955011], [121.305109, 24.954408], [121.305222, 24.954415], [121.305227, 24.954292], [121.304612, 24.95427], [121.304516, 24.954296], [121.304474, 24.954418], [121.304529, 24.95443], [121.304835, 24.954412], [121.30486, 24.95412], [121.304515, 24.95414], [121.304532, 24.954006], [121.303613, 24.954058], [121.303628, 24.954165], [121.303922, 24.95417], [121.303937, 24.954309], [121.303679, 24.954316], [121.303683, 24.954436], [121.304005, 24.954433], [121.303998, 24.954533], [121.303429, 24.954569], [121.303428, 24.954434], [121.303309, 24.954431], [121.303311, 24.954517], [121.303139, 24.954511], [121.303143, 24.95442], [121.303202, 24.954425], [121.302646, 24.954438], [121.302623, 24.954568], [121.302965, 24.95457], [121.302987, 24.954853], [121.302691, 24.954894], [121.302725, 24.955034], [121.303004, 24.954957], [121.303034, 24.955086], [121.302751, 24.955152], [121.302609, 24.954749], [121.302833, 24.954707], [121.302575, 24.954566], [121.302705, 24.954291], [121.302987, 24.954286], [121.302945, 24.954121], [121.302776, 24.954091], [121.303125, 24.954004], [121.303125, 24.953925], [121.303384, 24.954012], [121.303382, 24.953928], [121.303448, 24.954177], [121.303522, 24.954177], [121.303551, 24.954919], [121.303315, 24.954932], [121.303339, 24.955075], [121.303565, 24.955007], [121.303695, 24.95556], [121.303317, 24.955604], [121.30329, 24.955393], [121.303526, 24.955369], [121.303457, 24.955235], [121.303273, 24.955302], [121.303202, 24.955063], [121.30306, 24.955161], [121.303206, 24.955769], [121.303086, 24.95588], [121.303181, 24.956194], [121.303413, 24.956114], [121.303393, 24.955887], [121.303517, 24.955875], [121.303508, 24.955986], [121.303638, 24.956029], [121.303646, 24.955775], [121.303521, 24.955823], [121.303433, 24.955737], [121.30298, 24.955663], [121.302951, 24.955338], [121.302878, 24.955358], [121.303498, 24.955216], [121.303793, 24.95599], [121.304484, 24.955932], [121.304489, 24.955434], [121.304345, 24.954794], [121.304421, 24.954564], [121.304338, 24.954498], [121.304335, 24.954184], [121.30413, 24.954176], [121.304145, 24.954552], [121.304582, 24.954006], [121.305439, 24.95404], [121.305443, 24.954166], [121.30533, 24.954166], [121.305367, 24.953263], [121.305608, 24.953255], [121.305291, 24.953009], [121.30605, 24.952308], [121.305784, 24.952136], [121.305946, 24.952059], [121.306259, 24.952411], [121.306399, 24.95246], [121.306496, 24.952338], [121.306635, 24.952445], [121.306594, 24.952546], [121.306723, 24.952599], [121.306898, 24.952248], [121.306755, 24.952248], [121.306672, 24.952396], [121.306996, 24.952528], [121.30692, 24.95267], [121.307063, 24.952748], [121.307206, 24.952435], [121.307065, 24.952376], [121.307024, 24.952476], [121.307363, 24.952667], [121.307525, 24.952728], [121.307588, 24.95259], [121.307644, 24.952611], [121.307358, 24.952501], [121.307541, 24.951821], [121.308067, 24.952101], [121.308061, 24.952638], [121.30727, 24.952872], [121.307363, 24.953152], [121.307213, 24.953324], [121.307241, 24.953547], [121.307052, 24.953641], [121.307064, 24.953894], [121.307296, 24.953984], [121.307235, 24.954089], [121.307587, 24.954236], [121.307724, 24.954533], [121.30719, 24.954075], [121.307007, 24.954005], [121.306763, 24.954128], [121.307011, 24.953342], [121.306611, 24.953163], [121.306823, 24.953088], [121.306706, 24.952907], [121.306244, 24.952675], [121.306155, 24.951806], [121.306489, 24.951568], [121.307087, 24.951645], [121.306806, 24.950831], [121.306053, 24.950491], [121.305776, 24.95098], [121.30584, 24.951011], [121.305631, 24.950911], [121.305941, 24.951257], [121.30582, 24.951454], [121.305631, 24.951454], [121.304298, 24.950931], [121.30375, 24.95055], [121.303549, 24.950776], [121.303273, 24.950496], [121.302857, 24.949399], [121.302462, 24.949171], [121.302054, 24.949064], [121.302064, 24.948955], [121.301978, 24.948906], [121.302189, 24.948748], [121.302101, 24.948629], [121.301746, 24.948847], [121.301682, 24.948739], [121.302063, 24.948512], [121.302133, 24.948593], [121.301913, 24.948412], [121.301615, 24.948597], [121.301948, 24.948378], [121.301523, 24.947933], [121.301599, 24.947391], [121.301771, 24.946929], [121.301967, 24.946915], [121.302126, 24.947251], [121.302301, 24.947157], [121.30236, 24.94726], [121.302, 24.946758], [121.302898, 24.947729], [121.303154, 24.947493], [121.303386, 24.947847], [121.303201, 24.948067], [121.30297, 24.94783], [121.30317, 24.947732], [121.303247, 24.947839], [121.302889, 24.948172], [121.303012, 24.948328], [121.301831, 24.94896], [121.301902, 24.949275], [121.30541, 24.948491], [121.305986, 24.948509], [121.306164, 24.94893], [121.306281, 24.94955], [121.30769, 24.949614], [121.307874, 24.94995], [121.307938, 24.949826], [121.308199, 24.949696], [121.308325, 24.94979], [121.308038, 24.949998], [121.308178, 24.950056], [121.308416, 24.949885], [121.308428, 24.950106], [121.308277, 24.950211], [121.308585, 24.950155], [121.308706, 24.950348], [121.308837, 24.950083], [121.308924, 24.949369], [121.308803, 24.949161], [121.309542, 24.948897], [121.308391, 24.948438], [121.307963, 24.948647], [121.30772, 24.948441], [121.307915, 24.948153], [121.307913, 24.947579], [121.307832, 24.947321], [121.307591, 24.947271], [121.30692, 24.94809], [121.306236, 24.947764], [121.306133, 24.947887], [121.307405, 24.946059], [121.307781, 24.946128], [121.307821, 24.946003], [121.307459, 24.945902], [121.307529, 24.945757], [121.308033, 24.945902], [121.307972, 24.945709], [121.307569, 24.945625], [121.307622, 24.945504], [121.307988, 24.945566], [121.308522, 24.945335], [121.308608, 24.944788], [121.309009, 24.944824], [121.308833, 24.945383], [121.308659, 24.94535], [121.30878, 24.94469], [121.308646, 24.944565], [121.308532, 24.944656], [121.308419, 24.945116], [121.308271, 24.944984], [121.30832, 24.944499], [121.308927, 24.944711], [121.309148, 24.944448], [121.309413, 24.94459], [121.30955, 24.944834], [121.309498, 24.944928], [121.309639, 24.944959], [121.309244, 24.944851], [121.310894, 24.945225], [121.310953, 24.945526], [121.311107, 24.945637], [121.311046, 24.945772], [121.311159, 24.945999], [121.311208, 24.946415], [121.310978, 24.946631], [121.311002, 24.946696], [121.310659, 24.947144], [121.310732, 24.94719], [121.31091, 24.946966], [121.310736, 24.94686], [121.310558, 24.947069], [121.310447, 24.947002], [121.310588, 24.946816], [121.310453, 24.946777], [121.31033, 24.946928], [121.310275, 24.947177], [121.310664, 24.947275], [121.310817, 24.947524], [121.310458, 24.947806], [121.311208, 24.947141], [121.311233, 24.947012], [121.311789, 24.947092], [121.311396, 24.946493], [121.31154, 24.946244], [121.310261, 24.946585], [121.31047, 24.946671], [121.310918, 24.946529], [121.310857, 24.946331], [121.310672, 24.946362], [121.311131, 24.945435], [121.311023, 24.94517], [121.31112, 24.944906], [121.310952, 24.94402], [121.310506, 24.943469], [121.307425, 24.94375], [121.307967, 24.946181], [121.307926, 24.946275], [121.309539, 24.95096], [121.309821, 24.951183], [121.309284, 24.951439], [121.309324, 24.951704], [121.308933, 24.951774], [121.308983, 24.951618], [121.308892, 24.951308], [121.309063, 24.95119]]}}, {"type": "Feature", "properties": {"district": "6800800", "segment": 24, "total_segments": 44, "km": 14.81, "villages": ["大興里", "大安里"]}, "geometry": {"type": "LineString", "coordinates": [[121.310148, 24.951915], [121.310124, 24.953089], [121.310787, 24.953327], [121.310906, 24.953847], [121.310068, 24.954218], [121.309857, 24.954114], [121.309772, 24.954507], [121.309956, 24.954539], [121.309656, 24.954724], [121.309552, 24.954672], [121.309495, 24.954998], [121.309121, 24.954908], [121.309155, 24.954463], [121.309695, 24.955033], [121.309997, 24.955161], [121.309593, 24.955208], [121.309519, 24.955366], [121.309383, 24.955338], [121.309687, 24.955708], [121.309789, 24.955712], [121.310277, 24.956101], [121.310562, 24.955364], [121.311332, 24.95516], [121.311272, 24.954975], [121.310507, 24.955183], [121.310732, 24.955416], [121.311245, 24.955308], [121.311275, 24.955438], [121.310909, 24.955531], [121.311464, 24.955522], [121.311411, 24.955254], [121.311598, 24.955934], [121.308606, 24.958051], [121.307982, 24.957585], [121.307497, 24.955962], [121.307534, 24.955731], [121.307411, 24.955526], [121.307162, 24.95316], [121.308949, 24.952925], [121.312239, 24.954982], [121.312623, 24.95478], [121.313054, 24.954817], [121.313102, 24.954651], [121.312833, 24.955323], [121.312991, 24.955565], [121.312561, 24.955551], [121.312626, 24.955924], [121.312813, 24.955994], [121.312342, 24.956123], [121.312071, 24.957038], [121.312333, 24.957068], [121.312381, 24.956958], [121.312535, 24.956959], [121.312569, 24.956727], [121.31281, 24.95698], [121.31252, 24.957071], [121.313128, 24.956967], [121.313927, 24.956976], [121.314596, 24.956744], [121.314509, 24.956561], [121.314591, 24.956245], [121.314521, 24.955995], [121.314393, 24.955887], [121.314406, 24.955766], [121.314257, 24.955756], [121.314267, 24.956246], [121.313925, 24.956454], [121.313815, 24.956663], [121.313926, 24.956803], [121.314144, 24.956745], [121.314154, 24.957131], [121.314288, 24.957135], [121.31444, 24.957359], [121.314788, 24.957599], [121.314941, 24.957567], [121.315466, 24.957068], [121.315372, 24.957026], [121.315118, 24.957196], [121.314814, 24.957458], [121.314852, 24.957494], [121.314556, 24.957229], [121.314765, 24.95716], [121.314902, 24.957269], [121.315018, 24.957173], [121.314884, 24.957052], [121.315017, 24.956938], [121.314904, 24.95683], [121.314124, 24.957277], [121.314617, 24.957693], [121.314459, 24.957729], [121.314107, 24.957376], [121.314012, 24.957468], [121.314283, 24.957712], [121.314162, 24.957745], [121.313896, 24.957492], [121.313854, 24.957557], [121.313957, 24.957667], [121.313948, 24.957312], [121.313751, 24.957473], [121.3137, 24.957419], [121.313733, 24.95719], [121.314015, 24.957159], [121.313573, 24.957178], [121.313683, 24.956846], [121.312642, 24.956422], [121.312667, 24.95636], [121.315037, 24.956792], [121.315821, 24.956659], [121.315653, 24.956883], [121.315519, 24.95688], [121.315514, 24.956964], [121.315618, 24.956953], [121.315322, 24.956883], [121.315137, 24.957065], [121.315049, 24.956973], [121.315315, 24.956366], [121.315035, 24.9555], [121.315116, 24.955446], [121.314911, 24.955267], [121.315425, 24.955388], [121.316209, 24.955394], [121.316168, 24.954897], [121.315982, 24.954684], [121.316319, 24.954798], [121.316527, 24.955483], [121.316252, 24.955885], [121.316624, 24.956234], [121.316612, 24.955034], [121.317278, 24.954765], [121.317684, 24.954452], [121.317907, 24.954382], [121.318098, 24.954182], [121.318346, 24.954142], [121.318571, 24.954897], [121.31919, 24.954678], [121.319123, 24.954461], [121.318628, 24.954559], [121.318465, 24.953993], [121.318576, 24.953997], [121.318701, 24.954414], [121.318926, 24.954294], [121.318946, 24.954347], [121.318865, 24.954077], [121.318759, 24.954101], [121.318722, 24.953983], [121.31902, 24.953208], [121.318872, 24.953243], [121.318611, 24.953852], [121.318502, 24.953842], [121.318682, 24.953396], [121.318477, 24.953554], [121.318198, 24.95443], [121.318017, 24.954653], [121.318081, 24.954931], [121.318233, 24.954858], [121.318212, 24.954746], [121.318341, 24.954913], [121.318668, 24.95471], [121.319044, 24.954616], [121.319238, 24.954819], [121.319121, 24.954979], [121.318994, 24.954923], [121.31881, 24.954992], [121.319024, 24.955195], [121.319199, 24.955169], [121.319351, 24.954213], [121.319507, 24.954091], [121.319642, 24.953737], [121.319789, 24.953788], [121.319737, 24.95392], [121.319411, 24.953801], [121.319364, 24.953894], [121.318984, 24.953859], [121.318784, 24.954178], [121.318797, 24.954238], [121.319497, 24.953494], [121.31936, 24.953381], [121.319766, 24.953045], [121.319914, 24.952487], [121.320253, 24.952585], [121.320424, 24.95293], [121.320813, 24.952343], [121.320927, 24.95234], [121.321138, 24.95201], [121.320791, 24.951712], [121.320605, 24.951881], [121.320708, 24.951876], [121.320973, 24.952089], [121.320782, 24.952173], [121.320504, 24.951966], [121.320414, 24.951849], [121.32063, 24.95158], [121.319824, 24.950913], [121.319824, 24.951001], [121.31946, 24.951342], [121.319594, 24.951414], [121.320104, 24.950897], [121.319956, 24.950778], [121.320064, 24.950762], [121.320311, 24.950521], [121.3204, 24.950589], [121.320157, 24.950827], [121.320143, 24.950931], [121.320779, 24.951481], [121.321201, 24.951005], [121.321094, 24.950929], [121.320903, 24.951116], [121.320795, 24.951008], [121.320981, 24.950827], [121.320866, 24.95078], [121.320698, 24.950928], [121.320591, 24.950832], [121.320677, 24.950677], [121.320742, 24.95062], [121.320886, 24.950745], [121.321215, 24.950809], [121.321559, 24.950626], [121.321685, 24.950698], [121.321908, 24.950459], [121.321547, 24.950047], [121.322413, 24.950859], [121.322135, 24.951108], [121.322328, 24.9515], [121.322297, 24.951805], [121.322628, 24.951828], [121.322791, 24.951993], [121.323426, 24.951523], [121.323268, 24.951349], [121.323752, 24.951812], [121.323992, 24.951817], [121.324015, 24.952054], [121.324119, 24.951509], [121.323699, 24.950455], [121.323519, 24.949629], [121.322884, 24.949004], [121.322624, 24.949044], [121.322764, 24.948781], [121.322543, 24.948633], [121.322817, 24.948347], [121.322991, 24.948399], [121.323165, 24.948731], [121.323433, 24.948579], [121.323616, 24.948372], [121.323625, 24.948237], [121.322609, 24.947829], [121.3223, 24.948155], [121.321753, 24.94828], [121.321823, 24.948449], [121.321673, 24.948537], [121.321753, 24.948628], [121.321966, 24.948497], [121.322558, 24.947232], [121.323364, 24.947245], [121.323263, 24.945672], [121.322803, 24.943551], [121.322845, 24.943194], [121.325581, 24.944578], [121.326116, 24.944304], [121.327124, 24.945504], [121.328159, 24.944625], [121.329801, 24.94574], [121.329181, 24.946749], [121.328422, 24.946586], [121.328285, 24.947048], [121.328622, 24.948065], [121.32783, 24.948845], [121.327821, 24.950864], [121.327097, 24.950972], [121.327127, 24.951414], [121.32695, 24.951297], [121.326963, 24.950969], [121.327079, 24.950926], [121.327867, 24.952024], [121.327867, 24.953617], [121.328018, 24.95426], [121.326561, 24.953256], [121.325836, 24.953224], [121.325631, 24.954023], [121.325517, 24.95215]]}}, {"type": "Feature", "properties": {"district": "6800800", "segment": 25, "total_segments": 44, "km": 15.0, "villages": ["大安里", "大竹里"]}, "geometry": {"type": "LineString", "coordinates": [[121.322359, 24.951988], [121.321161, 24.951622], [121.320388, 24.950888], [121.320305, 24.950967], [121.320542, 24.950734], [121.320103, 24.950398], [121.319845, 24.950671], [121.319694, 24.950549], [121.320038, 24.950301], [121.32013, 24.95037], [121.31985, 24.950149], [121.319537, 24.950423], [121.319606, 24.950484], [121.319461, 24.950371], [121.319442, 24.95032], [121.319538, 24.950311], [121.320008, 24.949874], [121.319804, 24.949694], [121.319304, 24.950206], [121.31895, 24.949925], [121.319114, 24.949889], [121.31957, 24.949469], [121.319736, 24.94962], [121.319266, 24.950077], [121.31935, 24.950229], [121.319203, 24.950386], [121.319006, 24.950239], [121.319004, 24.950352], [121.318617, 24.950688], [121.318701, 24.950797], [121.319102, 24.950396], [121.319472, 24.950621], [121.319369, 24.950624], [121.318945, 24.951059], [121.318906, 24.950918], [121.319293, 24.950555], [121.319741, 24.95084], [121.31963, 24.950852], [121.319264, 24.951227], [121.319165, 24.951151], [121.319555, 24.950773], [121.319881, 24.950705], [121.320086, 24.951281], [121.319869, 24.951489], [121.320039, 24.951594], [121.320186, 24.951447], [121.320388, 24.951582], [121.320312, 24.95168], [121.318855, 24.95097], [121.318476, 24.950537], [121.318889, 24.950121], [121.318938, 24.950151], [121.318802, 24.950037], [121.318262, 24.950488], [121.317584, 24.950004], [121.316834, 24.950094], [121.316398, 24.949676], [121.316958, 24.949432], [121.318358, 24.948371], [121.318752, 24.948627], [121.319171, 24.948371], [121.31879, 24.948025], [121.318121, 24.947171], [121.31951, 24.946855], [121.319831, 24.94698], [121.320074, 24.946824], [121.320325, 24.946871], [121.320568, 24.946614], [121.32069, 24.946699], [121.32033, 24.947083], [121.320324, 24.947272], [121.320826, 24.946752], [121.320955, 24.946858], [121.320579, 24.947232], [121.320474, 24.94747], [121.320612, 24.947441], [121.321078, 24.946926], [121.320986, 24.946828], [121.320883, 24.94743], [121.32078, 24.947518], [121.320091, 24.949158], [121.319306, 24.949112], [121.32029, 24.946571], [121.317285, 24.951166], [121.316898, 24.952155], [121.316263, 24.95212], [121.316132, 24.952232], [121.316228, 24.952061], [121.315752, 24.95245], [121.315547, 24.952753], [121.314314, 24.952919], [121.314524, 24.953171], [121.3149, 24.953339], [121.314987, 24.953641], [121.315356, 24.95319], [121.315632, 24.953906], [121.315823, 24.954078], [121.315896, 24.954287], [121.316364, 24.95409], [121.317812, 24.954853], [121.315106, 24.952208], [121.314224, 24.952395], [121.314763, 24.951832], [121.315127, 24.951764], [121.316326, 24.951067], [121.312905, 24.951654], [121.313346, 24.953013], [121.312761, 24.954113], [121.315104, 24.938338], [121.313553, 24.94117], [121.313189, 24.941689], [121.312781, 24.941778], [121.31262, 24.941624], [121.312571, 24.941763], [121.312712, 24.941826], [121.312555, 24.941971], [121.312409, 24.941893], [121.313289, 24.942722], [121.313516, 24.942198], [121.313414, 24.942042], [121.314055, 24.941385], [121.314633, 24.941763], [121.314881, 24.941527], [121.314999, 24.941672], [121.314803, 24.941901], [121.314725, 24.941849], [121.314873, 24.941999], [121.315207, 24.941721], [121.315305, 24.941822], [121.314674, 24.942341], [121.315099, 24.942448], [121.315173, 24.943071], [121.315314, 24.943183], [121.31564, 24.943958], [121.31615, 24.944347], [121.316561, 24.944486], [121.316432, 24.944715], [121.316265, 24.944646], [121.316019, 24.945051], [121.316079, 24.945086], [121.315948, 24.94525], [121.316022, 24.945318], [121.315662, 24.945556], [121.315915, 24.945776], [121.315459, 24.945406], [121.315867, 24.944833], [121.315933, 24.944582], [121.316153, 24.9446], [121.315579, 24.944891], [121.315262, 24.944582], [121.315398, 24.944369], [121.314908, 24.944268], [121.314676, 24.944054], [121.314376, 24.944347], [121.314465, 24.944674], [121.314113, 24.944046], [121.314322, 24.943717], [121.313941, 24.943269], [121.314044, 24.942808], [121.315764, 24.942216], [121.316905, 24.944028], [121.317049, 24.944958], [121.317119, 24.944983], [121.316929, 24.945266], [121.316733, 24.945003], [121.316621, 24.945598], [121.314308, 24.947078], [121.314232, 24.947005], [121.314372, 24.94691], [121.314263, 24.946813], [121.313973, 24.946969], [121.314082, 24.947116], [121.313988, 24.946796], [121.313896, 24.946824], [121.314027, 24.946769], [121.314, 24.946593], [121.314179, 24.946217], [121.313956, 24.946166], [121.3139, 24.945986], [121.313694, 24.946083], [121.31319, 24.945828], [121.3148, 24.947807], [121.313898, 24.948544], [121.315071, 24.948996], [121.315497, 24.948701], [121.315181, 24.949313], [121.313321, 24.94976], [121.313115, 24.949938], [121.313032, 24.949678], [121.312011, 24.949849], [121.312021, 24.949942], [121.312369, 24.949924], [121.312335, 24.950038], [121.312403, 24.950039], [121.312172, 24.95005], [121.31231, 24.950142], [121.312147, 24.950344], [121.312615, 24.950236], [121.312331, 24.94971], [121.310819, 24.94982], [121.310793, 24.949975], [121.310647, 24.949967], [121.310762, 24.949388], [121.310876, 24.949387], [121.310539, 24.949341], [121.310446, 24.95], [121.31064, 24.950006], [121.310583, 24.950171], [121.310825, 24.949781], [121.310891, 24.950858], [121.31066, 24.950895], [121.31067, 24.95103], [121.310855, 24.950985], [121.310883, 24.9511], [121.310987, 24.951072], [121.310985, 24.950967], [121.311113, 24.951069], [121.311703, 24.950924], [121.31168, 24.950852], [121.31162, 24.950863], [121.311662, 24.951063], [121.311134, 24.951139], [121.311154, 24.951267], [121.311647, 24.951175], [121.311656, 24.95129], [121.311176, 24.951364]]}}, {"type": "Feature", "properties": {"district": "6800800", "segment": 26, "total_segments": 44, "km": 14.66, "villages": ["大竹里", "大信里"]}, "geometry": {"type": "LineString", "coordinates": [[121.31119, 24.951488], [121.311668, 24.951413], [121.311685, 24.951503], [121.31058, 24.951679], [121.310551, 24.951552], [121.311074, 24.951464], [121.31099, 24.951347], [121.310584, 24.951414], [121.310539, 24.951304], [121.310955, 24.951225], [121.310826, 24.951117], [121.310596, 24.951187], [121.310172, 24.951089], [121.310095, 24.950896], [121.309751, 24.950573], [121.309751, 24.950318], [121.310539, 24.951837], [121.311791, 24.951626], [121.31179, 24.951738], [121.310567, 24.951949], [121.310589, 24.952086], [121.311171, 24.951975], [121.311198, 24.952073], [121.311754, 24.951945], [121.311848, 24.95173], [121.311691, 24.95187], [121.311292, 24.951932], [121.311399, 24.952158], [121.31075, 24.952272], [121.310685, 24.952178], [121.311063, 24.952107], [121.31236, 24.952094], [121.312485, 24.952397], [121.312883, 24.952258], [121.312864, 24.950991], [121.311595, 24.952954], [121.311978, 24.953189], [121.311992, 24.953301], [121.312132, 24.953271], [121.312135, 24.953397], [121.311873, 24.953474], [121.311785, 24.953224], [121.312212, 24.953377], [121.312238, 24.953621], [121.311805, 24.953716], [121.311837, 24.95394], [121.312648, 24.953743], [121.311412, 24.954113], [121.311246, 24.953816], [121.311072, 24.953098], [121.31129, 24.952982], [121.311077, 24.952904], [121.310869, 24.953017], [121.310831, 24.952941], [121.310921, 24.953166], [121.311026, 24.953115], [121.310691, 24.952507], [121.310625, 24.952189], [121.311655, 24.95511], [121.312124, 24.955473], [121.31191, 24.955847], [121.311911, 24.956037], [121.31207, 24.956274], [121.311694, 24.948747], [121.311224, 24.948603], [121.317583, 24.94753], [121.317766, 24.947908], [121.317949, 24.946909], [121.317806, 24.946862], [121.317872, 24.946793], [121.318169, 24.946867], [121.318217, 24.9467], [121.31793, 24.946613], [121.317904, 24.946522], [121.318341, 24.946601], [121.318265, 24.946711], [121.311165, 24.942325], [121.310372, 24.941095], [121.31043, 24.940758], [121.310671, 24.940537], [121.310288, 24.940174], [121.310768, 24.940619], [121.309067, 24.938235], [121.308551, 24.938285], [121.308476, 24.938153], [121.307384, 24.937554], [121.307323, 24.937479], [121.307393, 24.937372], [121.307981, 24.937733], [121.308057, 24.937608], [121.307467, 24.937245], [121.307514, 24.937164], [121.308107, 24.937479], [121.308193, 24.937359], [121.307588, 24.937041], [121.306075, 24.937183], [121.305267, 24.936921], [121.305155, 24.936597], [121.304547, 24.936468], [121.303994, 24.936229], [121.303711, 24.936147], [121.303475, 24.936471], [121.303115, 24.936194], [121.302992, 24.936246], [121.302939, 24.936136], [121.303019, 24.935848], [121.303429, 24.936268], [121.303593, 24.936017], [121.303465, 24.93596], [121.303362, 24.936073], [121.303757, 24.935695], [121.304076, 24.935901], [121.302742, 24.936021], [121.302677, 24.936195], [121.301811, 24.936822], [121.30153, 24.936664], [121.300774, 24.937657], [121.29996, 24.938254], [121.299855, 24.938131], [121.300728, 24.937466], [121.301358, 24.93663], [121.301155, 24.936579], [121.300604, 24.937325], [121.300495, 24.93724], [121.300572, 24.937144], [121.300387, 24.937144], [121.299896, 24.937479], [121.300013, 24.937602], [121.300389, 24.937321], [121.300493, 24.937438], [121.299738, 24.937995], [121.299689, 24.937848], [121.299954, 24.937638], [121.299602, 24.9381], [121.299114, 24.939287], [121.298973, 24.939216], [121.298932, 24.939318], [121.299418, 24.938102], [121.299252, 24.938041], [121.299107, 24.938398], [121.29898, 24.938352], [121.299103, 24.938048], [121.299052, 24.938518], [121.298889, 24.938933], [121.299384, 24.939105], [121.299309, 24.93928], [121.299515, 24.939243], [121.299866, 24.938395], [121.299707, 24.938335], [121.299751, 24.93822], [121.299411, 24.939045], [121.299765, 24.939183], [121.299826, 24.939275], [121.300294, 24.939404], [121.300316, 24.93928], [121.300177, 24.93923], [121.299905, 24.93945], [121.299635, 24.939509], [121.299974, 24.940135], [121.299986, 24.940207], [121.299854, 24.940268], [121.300239, 24.940536], [121.300107, 24.940593], [121.300271, 24.94072], [121.300342, 24.940663], [121.300245, 24.940758], [121.300701, 24.940731], [121.300173, 24.940179], [121.300158, 24.940118], [121.300441, 24.940047], [121.299952, 24.939788], [121.299835, 24.939615], [121.299995, 24.939641], [121.299659, 24.93981], [121.299677, 24.939877], [121.299455, 24.939482], [121.299724, 24.939329], [121.299455, 24.939811], [121.299118, 24.939513], [121.299145, 24.940133], [121.300598, 24.939362], [121.300617, 24.939278], [121.300792, 24.939407], [121.302126, 24.937318], [121.303036, 24.937237], [121.305194, 24.937767], [121.305196, 24.93793], [121.305709, 24.937823], [121.305723, 24.937966], [121.306245, 24.938511], [121.305406, 24.939016], [121.30476, 24.939187], [121.30477, 24.939762], [121.304196, 24.939812], [121.304118, 24.93994], [121.304889, 24.939908], [121.304826, 24.939765], [121.304917, 24.939737], [121.305189, 24.939837], [121.305144, 24.940198], [121.305955, 24.94001], [121.305876, 24.939876], [121.305285, 24.93999], [121.304964, 24.940193], [121.303784, 24.940383], [121.303749, 24.94023], [121.304268, 24.94009], [121.304902, 24.94007], [121.305275, 24.940421], [121.30579, 24.940513], [121.305687, 24.940653], [121.305185, 24.940556], [121.305228, 24.940662], [121.305746, 24.94078], [121.305721, 24.940938], [121.305491, 24.940948], [121.305297, 24.940862], [121.304663, 24.940919], [121.304644, 24.941062], [121.303963, 24.941229], [121.303872, 24.939968], [121.303674, 24.939954], [121.303721, 24.940091], [121.303754, 24.939719], [121.30368, 24.939453], [121.303923, 24.939435], [121.303926, 24.939146], [121.303608, 24.93923], [121.304203, 24.939353], [121.304209, 24.939645], [121.304429, 24.939635], [121.304418, 24.939432], [121.304595, 24.939399], [121.304615, 24.939647], [121.304029, 24.939907], [121.304032, 24.940046], [121.302416, 24.940681], [121.301242, 24.943127]]}}, {"type": "Feature", "properties": {"district": "6800800", "segment": 27, "total_segments": 44, "km": 14.96, "villages": ["大信里", "瑞發里"]}, "geometry": {"type": "LineString", "coordinates": [[121.30536, 24.943191], [121.305598, 24.942699], [121.305778, 24.942762], [121.305569, 24.943226], [121.305732, 24.943277], [121.305904, 24.942826], [121.306226, 24.942434], [121.306156, 24.942288], [121.306253, 24.942203], [121.306065, 24.942168], [121.30598, 24.94163], [121.305752, 24.941401], [121.305283, 24.94204], [121.305345, 24.942354], [121.306287, 24.943192], [121.304809, 24.938482], [121.308361, 24.938623], [121.303131, 24.934743], [121.30182, 24.933164], [121.304607, 24.931805], [121.300734, 24.936946], [121.300408, 24.936752], [121.300744, 24.935511], [121.300276, 24.935375], [121.300348, 24.93526], [121.300116, 24.935221], [121.300166, 24.935115], [121.300387, 24.93516], [121.300478, 24.935202], [121.300432, 24.935283], [121.300805, 24.935366], [121.300812, 24.935295], [121.300629, 24.93522], [121.300636, 24.935107], [121.300855, 24.935173], [121.30089, 24.935061], [121.30066, 24.935011], [121.300696, 24.934902], [121.300917, 24.934958], [121.300926, 24.934852], [121.30007, 24.934659], [121.300071, 24.934742], [121.300349, 24.934827], [121.300307, 24.934942], [121.300532, 24.934979], [121.300522, 24.935073], [121.300115, 24.934994], [121.300064, 24.935084], [121.299979, 24.935058], [121.299898, 24.935314], [121.300126, 24.935338], [121.299143, 24.935077], [121.299141, 24.934939], [121.29981, 24.935088], [121.299803, 24.934907], [121.299163, 24.934782], [121.29922, 24.934624], [121.299902, 24.934792], [121.299872, 24.934912], [121.300006, 24.934932], [121.300029, 24.934849], [121.300221, 24.934912], [121.299992, 24.934976], [121.299951, 24.934623], [121.299182, 24.934444], [121.299157, 24.934599], [121.299351, 24.934333], [121.300764, 24.934675], [121.300783, 24.934567], [121.300909, 24.934589], [121.300926, 24.934475], [121.300543, 24.93438], [121.300585, 24.934271], [121.300834, 24.93433], [121.30078, 24.934188], [121.300266, 24.934066], [121.300283, 24.933949], [121.299377, 24.933754], [121.299376, 24.933852], [121.299323, 24.933841], [121.300104, 24.934029], [121.300057, 24.93414], [121.29974, 24.93407], [121.299761, 24.934185], [121.300064, 24.934257], [121.300111, 24.934151], [121.300515, 24.934248], [121.300389, 24.934334], [121.300194, 24.934274], [121.300153, 24.934416], [121.300716, 24.93456], [121.300984, 24.934862], [121.300562, 24.934876], [121.300025, 24.934372], [121.299361, 24.934238], [121.299415, 24.934096], [121.299201, 24.934036], [121.299249, 24.933954], [121.299609, 24.934048], [121.299639, 24.934143], [121.299018, 24.934016], [121.299139, 24.933741], [121.299473, 24.93361], [121.299775, 24.933687], [121.29982, 24.933544], [121.299985, 24.933721], [121.300712, 24.933932], [121.300631, 24.93403], [121.300743, 24.934065], [121.300402, 24.933983], [121.300531, 24.933717], [121.300615, 24.933725], [121.300084, 24.933581], [121.299668, 24.933304], [121.299556, 24.93353], [121.299682, 24.933514], [121.299895, 24.933193], [121.300565, 24.933579], [121.299184, 24.932659], [121.298546, 24.932532], [121.297897, 24.932528], [121.297897, 24.932115], [121.297934, 24.932181], [121.298026, 24.932129], [121.298162, 24.932203], [121.29813, 24.93241], [121.298564, 24.932426], [121.29857, 24.932283], [121.29794, 24.931954], [121.297832, 24.931819], [121.297581, 24.931889], [121.297644, 24.932294], [121.297757, 24.932339], [121.29773, 24.932427], [121.297616, 24.932417], [121.297681, 24.932793], [121.297654, 24.934019], [121.297531, 24.935155], [121.298355, 24.935408], [121.298361, 24.935252], [121.297765, 24.935067], [121.297865, 24.933987], [121.298462, 24.934155], [121.2983, 24.934669], [121.297946, 24.934576], [121.297925, 24.934672], [121.298405, 24.934806], [121.298334, 24.934938], [121.297864, 24.934794], [121.297917, 24.934954], [121.298379, 24.935103], [121.298397, 24.934979], [121.29877, 24.934929], [121.298383, 24.934559], [121.297972, 24.934463], [121.298008, 24.934357], [121.298245, 24.934421], [121.298284, 24.934309], [121.297994, 24.934232], [121.297994, 24.93415], [121.298309, 24.934207], [121.298447, 24.934034], [121.298511, 24.93351], [121.297907, 24.933353], [121.297824, 24.933972], [121.29799, 24.933896], [121.297988, 24.93366], [121.298105, 24.93368], [121.298083, 24.933906], [121.298192, 24.933945], [121.298216, 24.933702], [121.298325, 24.933709], [121.298309, 24.933967], [121.298361, 24.933594], [121.297972, 24.933526], [121.298073, 24.933249], [121.298501, 24.933325], [121.298514, 24.933234], [121.298255, 24.933188], [121.298312, 24.9331], [121.29799, 24.933058], [121.297977, 24.932963], [121.297888, 24.93294], [121.297854, 24.933203], [121.298026, 24.933236], [121.298083, 24.932954], [121.298163, 24.932964], [121.298185, 24.932872], [121.297882, 24.932824], [121.297898, 24.932728], [121.298542, 24.932801], [121.298352, 24.932975], [121.298493, 24.932991], [121.298375, 24.933101], [121.298535, 24.933123], [121.298275, 24.932964], [121.298215, 24.932677], [121.297926, 24.932651], [121.298556, 24.932674], [121.297603, 24.932352], [121.297289, 24.932506], [121.297269, 24.932807], [121.296988, 24.932794], [121.296926, 24.932771], [121.29698, 24.932686], [121.296776, 24.932651], [121.296788, 24.932542], [121.296486, 24.932486], [121.296483, 24.932381], [121.297064, 24.932488], [121.296993, 24.932585], [121.297061, 24.932603], [121.297046, 24.932698], [121.296847, 24.93256], [121.296889, 24.932998], [121.297056, 24.933026], [121.29706, 24.932914], [121.296805, 24.932976], [121.296818, 24.933131], [121.297354, 24.93323], [121.297333, 24.933608], [121.296797, 24.933499], [121.296794, 24.933604], [121.297336, 24.9337], [121.297212, 24.934413], [121.297203, 24.935037], [121.296315, 24.934708], [121.296393, 24.934571], [121.296987, 24.934759], [121.296998, 24.934675], [121.296423, 24.934484], [121.296503, 24.934353], [121.297084, 24.934537], [121.297153, 24.934227], [121.297087, 24.934078], [121.295065, 24.933462], [121.294938, 24.933432], [121.294898, 24.933527], [121.296025, 24.933862], [121.295981, 24.934014], [121.296119, 24.93413], [121.296189, 24.933967], [121.296337, 24.934006], [121.296284, 24.934179], [121.296442, 24.934219], [121.296426, 24.934323], [121.296537, 24.934058], [121.296447, 24.93403], [121.296732, 24.934084], [121.296585, 24.934294], [121.29677, 24.934283], [121.296998, 24.933752], [121.297252, 24.933793], [121.297058, 24.933861], [121.297048, 24.933937], [121.296922, 24.933724], [121.296779, 24.933688], [121.296743, 24.933799], [121.296551, 24.933761], [121.295219, 24.93335], [121.295257, 24.933176], [121.295334, 24.933198], [121.295384, 24.9331], [121.295223, 24.933067], [121.295166, 24.933161], [121.294997, 24.933113], [121.295012, 24.933], [121.295112, 24.933021], [121.295168, 24.932938], [121.294894, 24.932864], [121.294907, 24.932763], [121.294488, 24.932678], [121.29451, 24.932592], [121.29469, 24.932606], [121.29547, 24.9328], [121.29544, 24.932892], [121.294995, 24.932783], [121.294759, 24.932957], [121.294598, 24.933377], [121.294368, 24.933423], [121.294336, 24.933508], [121.294241, 24.933477], [121.294275, 24.933386], [121.294196, 24.933249], [121.294361, 24.932842], [121.294124, 24.932601], [121.294938, 24.933282], [121.295131, 24.933334], [121.295043, 24.933223], [121.29529, 24.93296], [121.296012, 24.933154], [121.295936, 24.933228], [121.295504, 24.933118], [121.295481, 24.933229], [121.295816, 24.933325], [121.296045, 24.933358], [121.296041, 24.933262], [121.296231, 24.933258], [121.296216, 24.933341], [121.296304, 24.933374], [121.296326, 24.933286], [121.296692, 24.933387], [121.296716, 24.933299], [121.296535, 24.933249], [121.296406, 24.933404], [121.297239, 24.933477], [121.297245, 24.933357], [121.296841, 24.933299], [121.297334, 24.933098], [121.297224, 24.932298], [121.297128, 24.932211], [121.297216, 24.931413], [121.2962, 24.931305], [121.294652, 24.930922], [121.294428, 24.930956], [121.294318, 24.931592], [121.295765, 24.931927], [121.295775, 24.931611], [121.295685, 24.931582], [121.296477, 24.931696], [121.29651, 24.932064], [121.296359, 24.932113], [121.296217, 24.931984], [121.296814, 24.932116], [121.297566, 24.931847], [121.29752, 24.931329], [121.295361, 24.931377], [121.295316, 24.931558], [121.294879, 24.931407], [121.293945, 24.931577], [121.295572, 24.932833], [121.296107, 24.932945], [121.296086, 24.933049]]}}, {"type": "Feature", "properties": {"district": "6800800", "segment": 28, "total_segments": 44, "km": 10.95, "villages": ["瑞發里", "瑞祥里"]}, "geometry": {"type": "LineString", "coordinates": [[121.29555, 24.932917], [121.295437, 24.93332], [121.295993, 24.933456], [121.295779, 24.93395], [121.29451, 24.933579], [121.295851, 24.933979], [121.296815, 24.933811], [121.297957, 24.934343], [121.298896, 24.935705], [121.301195, 24.934094], [121.302586, 24.934894], [121.302281, 24.935043], [121.300593, 24.933262], [121.299356, 24.932495], [121.29937, 24.932318], [121.300183, 24.93235], [121.300183, 24.932445], [121.29985, 24.932412], [121.299838, 24.932498], [121.299837, 24.932621], [121.300172, 24.932671], [121.30017, 24.932597], [121.299709, 24.932528], [121.299695, 24.932432], [121.299514, 24.932413], [121.299742, 24.932435], [121.299759, 24.932192], [121.300195, 24.932202], [121.300211, 24.932101], [121.300009, 24.932097], [121.300018, 24.932002], [121.300188, 24.932018], [121.300164, 24.93163], [121.30093, 24.931796], [121.300927, 24.931895], [121.300748, 24.931875], [121.300818, 24.931988], [121.300311, 24.932086], [121.300406, 24.932233], [121.300561, 24.932208], [121.300712, 24.932257], [121.300731, 24.932377], [121.300805, 24.932361], [121.300653, 24.932431], [121.30042, 24.93234], [121.300435, 24.932437], [121.300595, 24.932529], [121.300543, 24.932614], [121.300278, 24.932581], [121.300278, 24.932657], [121.300814, 24.932689], [121.300737, 24.932595], [121.300904, 24.932784], [121.300812, 24.932856], [121.300267, 24.932843], [121.300784, 24.933004], [121.301225, 24.932253], [121.301315, 24.932258], [121.301251, 24.932069], [121.301424, 24.931983], [121.301379, 24.931861], [121.301054, 24.931809], [121.301071, 24.931698], [121.301464, 24.931756], [121.301588, 24.931653], [121.300404, 24.931418], [121.300422, 24.931344], [121.300935, 24.931411], [121.300951, 24.9313], [121.29946, 24.931182], [121.299426, 24.931097], [121.300299, 24.931128], [121.300314, 24.930984], [121.300238, 24.93096], [121.300355, 24.930796], [121.301417, 24.930852], [121.301427, 24.930952], [121.30048, 24.930896], [121.300468, 24.931005], [121.301313, 24.931119], [121.301382, 24.931152], [121.301356, 24.931252], [121.301982, 24.931334], [121.301883, 24.931237], [121.301557, 24.931168], [121.301295, 24.931242], [121.30053, 24.931111], [121.300276, 24.931401], [121.299413, 24.931351], [121.299406, 24.931441], [121.300027, 24.931453], [121.300876, 24.931662], [121.301171, 24.931451], [121.301819, 24.931548], [121.301822, 24.931434], [121.301885, 24.931448], [121.301205, 24.931341], [121.301473, 24.930958], [121.301577, 24.930963], [121.301803, 24.930775], [121.301303, 24.930319], [121.301458, 24.93026], [121.302248, 24.930977], [121.302291, 24.930889], [121.302189, 24.930759], [121.30161, 24.930252], [121.301983, 24.93011], [121.302492, 24.930404], [121.301853, 24.930822], [121.302208, 24.931126], [121.301713, 24.931671], [121.30128, 24.931937], [121.300897, 24.931978], [121.301032, 24.932141], [121.300811, 24.932168], [121.30115, 24.932101], [121.301077, 24.932327], [121.300575, 24.931985], [121.30059, 24.931862], [121.300472, 24.931845], [121.300471, 24.931994], [121.300311, 24.931953], [121.300311, 24.931859], [121.300303, 24.931982], [121.299637, 24.931892], [121.299394, 24.931901], [121.299382, 24.931973], [121.29996, 24.932004], [121.299964, 24.93181], [121.300087, 24.931825], [121.300029, 24.93161], [121.30009, 24.931619], [121.2994, 24.931575], [121.299407, 24.931731], [121.299835, 24.931721], [121.299684, 24.932191], [121.299375, 24.932173], [121.299259, 24.931665], [121.298779, 24.931629], [121.298811, 24.931737], [121.299104, 24.931739], [121.29907, 24.931452], [121.29879, 24.931427], [121.298803, 24.931326], [121.299269, 24.931356], [121.299249, 24.931457], [121.299151, 24.931448], [121.299198, 24.931203], [121.299282, 24.931203], [121.298762, 24.931203], [121.297962, 24.93107], [121.297972, 24.930949], [121.297905, 24.930934], [121.298655, 24.931037], [121.298781, 24.930977], [121.29923, 24.931003], [121.299435, 24.930923], [121.299414, 24.930863], [121.299558, 24.930937], [121.300008, 24.930943], [121.300008, 24.930868], [121.299742, 24.930861], [121.299795, 24.930604], [121.301275, 24.930671], [121.300915, 24.930513], [121.299514, 24.930444], [121.299406, 24.930454], [121.299401, 24.930568], [121.299738, 24.930596], [121.299779, 24.93031], [121.299424, 24.930275], [121.29943, 24.930181], [121.300734, 24.930257], [121.300726, 24.930356], [121.300903, 24.930359], [121.299846, 24.930313], [121.300245, 24.930734], [121.300093, 24.930978], [121.299391, 24.930695], [121.298981, 24.930799], [121.297703, 24.930641], [121.297734, 24.930442], [121.298712, 24.930515], [121.298706, 24.930587], [121.298706, 24.930365], [121.297312, 24.930295], [121.297276, 24.930084], [121.29808, 24.930049], [121.298743, 24.930142], [121.298714, 24.930225], [121.297655, 24.93017], [121.297735, 24.930912], [121.297897, 24.931391], [121.298634, 24.931438], [121.298623, 24.931693], [121.298498, 24.931911], [121.2986, 24.932009], [121.297433, 24.93128], [121.297324, 24.93045], [121.297851, 24.930757], [121.298677, 24.93084], [121.298648, 24.931324], [121.297961, 24.931241], [121.2991, 24.930233], [121.299092, 24.929401], [121.298983, 24.92939], [121.298921, 24.929162], [121.299556, 24.929187], [121.299572, 24.929043], [121.298925, 24.929018], [121.298941, 24.928779], [121.299834, 24.928769], [121.300045, 24.929049], [121.300162, 24.929042], [121.300231, 24.929196], [121.299997, 24.929186], [121.300143, 24.929418], [121.300531, 24.929446], [121.300373, 24.929218], [121.299609, 24.929411], [121.299258, 24.929401], [121.300299, 24.932466], [121.303589, 24.93028]]}}, {"type": "Feature", "properties": {"district": "6800800", "segment": 29, "total_segments": 44, "km": 13.33, "villages": ["瑞德里"]}, "geometry": {"type": "LineString", "coordinates": [[121.297211, 24.929412], [121.296841, 24.93], [121.295784, 24.929873], [121.295767, 24.930008], [121.296978, 24.930115], [121.296955, 24.930268], [121.295775, 24.93012], [121.295774, 24.930253], [121.296808, 24.930375], [121.296803, 24.930512], [121.29534, 24.930348], [121.295397, 24.930217], [121.295703, 24.930246], [121.295653, 24.930452], [121.295346, 24.930422], [121.295336, 24.930601], [121.295985, 24.930653], [121.295991, 24.930503], [121.295705, 24.930477], [121.295695, 24.930733], [121.296511, 24.930908], [121.297131, 24.930929], [121.297075, 24.931184], [121.294279, 24.930613], [121.294304, 24.930466], [121.29419, 24.930449], [121.294223, 24.930302], [121.294106, 24.930264], [121.29519, 24.930466], [121.295179, 24.930279], [121.29508, 24.930323], [121.294442, 24.930221], [121.294364, 24.930476], [121.295076, 24.930633], [121.295193, 24.930595], [121.295189, 24.930511], [121.295201, 24.930643], [121.295643, 24.930734], [121.296109, 24.93069], [121.296518, 24.930751], [121.296537, 24.930596], [121.296129, 24.930545], [121.296123, 24.930596], [121.296668, 24.930671], [121.296665, 24.930782], [121.296876, 24.930782], [121.296839, 24.930654], [121.296674, 24.930619], [121.29701, 24.930481], [121.297011, 24.930389], [121.297134, 24.931214], [121.296996, 24.930016], [121.295461, 24.929918], [121.295465, 24.929723], [121.294985, 24.929643], [121.294933, 24.929692], [121.295135, 24.929437], [121.294718, 24.929512], [121.294531, 24.929727], [121.29433, 24.92961], [121.294429, 24.929364], [121.294018, 24.92933], [121.294039, 24.929206], [121.293852, 24.929201], [121.293876, 24.929083], [121.29401, 24.92946], [121.293897, 24.929486], [121.294233, 24.929916], [121.294505, 24.929897], [121.295033, 24.930023], [121.295355, 24.930199], [121.294637, 24.927745], [121.296204, 24.927131], [121.296462, 24.92683], [121.296439, 24.926738], [121.296294, 24.926693], [121.29501, 24.9273], [121.293661, 24.927826], [121.293804, 24.928018], [121.293889, 24.927988], [121.293857, 24.927907], [121.294228, 24.927814], [121.294342, 24.927684], [121.296091, 24.92701], [121.296316, 24.926881], [121.296369, 24.926611], [121.296305, 24.926514], [121.296422, 24.926476], [121.29639, 24.92631], [121.295677, 24.926809], [121.294661, 24.927276], [121.293634, 24.927631], [121.294093, 24.927352], [121.293964, 24.927071], [121.29404, 24.926994], [121.294193, 24.927317], [121.29431, 24.927168], [121.294365, 24.927235], [121.294504, 24.9272], [121.294313, 24.926841], [121.29419, 24.926917], [121.294299, 24.927057], [121.294201, 24.927113], [121.294488, 24.926889], [121.294444, 24.926776], [121.294744, 24.926635], [121.294879, 24.926621], [121.294922, 24.926693], [121.295065, 24.92696], [121.294753, 24.927063], [121.294717, 24.926953], [121.294893, 24.926871], [121.294842, 24.926773], [121.294537, 24.926928], [121.294642, 24.927138], [121.29568, 24.926641], [121.295476, 24.926192], [121.295593, 24.92612], [121.295547, 24.926028], [121.294707, 24.925655], [121.294642, 24.925732], [121.295335, 24.926105], [121.295246, 24.926235], [121.294042, 24.925657], [121.294073, 24.925531], [121.294454, 24.925736], [121.294519, 24.925646], [121.294226, 24.925474], [121.294345, 24.925393], [121.294544, 24.925544], [121.294521, 24.925358], [121.294641, 24.925399], [121.294696, 24.925309], [121.295254, 24.925517], [121.295287, 24.925399], [121.294956, 24.925233], [121.295237, 24.925145], [121.295425, 24.925284], [121.295486, 24.925199], [121.295309, 24.925116], [121.295799, 24.925336], [121.29598, 24.925496], [121.295881, 24.925598], [121.295499, 24.925383], [121.295459, 24.925469], [121.295654, 24.925587], [121.295446, 24.925736], [121.295345, 24.925678], [121.295393, 24.925591], [121.295226, 24.925654], [121.294803, 24.925457], [121.294724, 24.925533], [121.295496, 24.925876], [121.295615, 24.925884], [121.295509, 24.925761], [121.295939, 24.925659], [121.296288, 24.926232], [121.29619, 24.926277], [121.295849, 24.925754], [121.295742, 24.925827], [121.296083, 24.926335], [121.295952, 24.926402], [121.295683, 24.926009], [121.295624, 24.926169], [121.295815, 24.926484], [121.296018, 24.926649], [121.296255, 24.926536], [121.296377, 24.92613], [121.296183, 24.925524], [121.296254, 24.925459], [121.296113, 24.925411], [121.296005, 24.924975], [121.295859, 24.925234], [121.295348, 24.925421], [121.296119, 24.925634], [121.295289, 24.926256], [121.295492, 24.926577], [121.295386, 24.926629], [121.295248, 24.926404], [121.295101, 24.926432], [121.295246, 24.926694], [121.295133, 24.926756], [121.294975, 24.926444], [121.294868, 24.926548], [121.294808, 24.926348], [121.2949, 24.926248], [121.294523, 24.92601], [121.294476, 24.926204], [121.294137, 24.92653], [121.294358, 24.92657], [121.294606, 24.926251], [121.295053, 24.926287], [121.294343, 24.925939], [121.294261, 24.926061], [121.293899, 24.925589], [121.29346, 24.925664], [121.293341, 24.92579], [121.293365, 24.925877], [121.293186, 24.925941], [121.293248, 24.926005], [121.293225, 24.925725], [121.293382, 24.925691], [121.293285, 24.925251], [121.293919, 24.925034], [121.293605, 24.924845], [121.293243, 24.924809], [121.291792, 24.924221], [121.291747, 24.92434], [121.293232, 24.924924], [121.293673, 24.925025], [121.293242, 24.92511], [121.293124, 24.924984], [121.291687, 24.924485], [121.291647, 24.924597], [121.293076, 24.925108], [121.292022, 24.925034], [121.292087, 24.92492], [121.291917, 24.925023], [121.291593, 24.925001], [121.291709, 24.92485], [121.291848, 24.924944], [121.292191, 24.92427], [121.292458, 24.924378], [121.291858, 24.92409], [121.293055, 24.924578], [121.293765, 24.924605], [121.294172, 24.924935], [121.294288, 24.924795], [121.294502, 24.924808], [121.294354, 24.924646], [121.294173, 24.924728], [121.294052, 24.924643], [121.293884, 24.924858], [121.29395, 24.924933], [121.293668, 24.924715], [121.293128, 24.924664], [121.294465, 24.924303], [121.294641, 24.924561], [121.294815, 24.924522], [121.294908, 24.924483], [121.294738, 24.924079], [121.294626, 24.924115], [121.295201, 24.924385], [121.295281, 24.9246], [121.295456, 24.924549], [121.295797, 24.924426], [121.295461, 24.924106], [121.295579, 24.923781], [121.295889, 24.923581], [121.296197, 24.924277], [121.296461, 24.924608], [121.295229, 24.924616], [121.294706, 24.924775], [121.295913, 24.923494], [121.29615, 24.923343], [121.296896, 24.926811], [121.296112, 24.927651], [121.290034, 24.924947], [121.289953, 24.925029], [121.28954, 24.924359], [121.289153, 24.924159], [121.289653, 24.923973], [121.289477, 24.923701], [121.289605, 24.923446], [121.289393, 24.923645], [121.28916, 24.923384], [121.288995, 24.923006], [121.288849, 24.924592], [121.287917, 24.924785], [121.285431, 24.924429]]}}, {"type": "Feature", "properties": {"district": "6800800", "segment": 30, "total_segments": 44, "km": 13.71, "villages": ["瑞豐里"]}, "geometry": {"type": "LineString", "coordinates": [[121.287891, 24.925403], [121.287857, 24.925743], [121.287984, 24.92574], [121.287851, 24.925874], [121.28777, 24.926512], [121.288089, 24.92619], [121.288262, 24.926275], [121.28829, 24.926358], [121.288212, 24.926362], [121.288587, 24.926194], [121.289006, 24.9262], [121.289177, 24.926283], [121.289121, 24.92652], [121.289334, 24.926517], [121.28948, 24.925673], [121.289673, 24.925671], [121.28965, 24.92609], [121.289826, 24.926107], [121.289844, 24.925685], [121.290121, 24.925647], [121.290094, 24.926094], [121.289855, 24.926328], [121.289848, 24.926604], [121.289429, 24.926556], [121.289384, 24.926843], [121.289849, 24.92687], [121.289777, 24.927458], [121.289641, 24.927445], [121.289713, 24.927042], [121.289557, 24.927045], [121.289525, 24.927221], [121.289405, 24.927074], [121.28913, 24.927088], [121.289081, 24.926869], [121.287762, 24.926778], [121.287738, 24.927372], [121.287671, 24.927486], [121.287881, 24.92749], [121.287849, 24.927704], [121.287664, 24.927702], [121.287665, 24.928083], [121.287928, 24.928033], [121.287986, 24.927736], [121.28792, 24.927726], [121.288189, 24.927737], [121.288159, 24.928149], [121.288439, 24.928154], [121.288284, 24.92797], [121.287981, 24.928147], [121.287979, 24.928443], [121.287896, 24.928444], [121.288666, 24.928002], [121.288825, 24.927997], [121.288803, 24.928175], [121.289178, 24.928183], [121.289182, 24.928509], [121.289528, 24.928501], [121.289689, 24.927787], [121.289227, 24.927902], [121.289221, 24.928017], [121.289288, 24.928021], [121.288996, 24.928048], [121.289011, 24.927757], [121.289077, 24.927757], [121.288592, 24.927741], [121.288529, 24.927546], [121.288467, 24.927543], [121.288481, 24.927315], [121.288783, 24.927463], [121.289561, 24.927518], [121.290032, 24.927678], [121.290207, 24.927383], [121.290682, 24.927376], [121.290572, 24.927672], [121.290754, 24.927808], [121.290723, 24.928144], [121.291952, 24.928249], [121.292017, 24.928464], [121.292425, 24.928489], [121.292422, 24.928796], [121.292515, 24.92879], [121.292525, 24.928523], [121.292442, 24.928385], [121.292623, 24.92828], [121.292773, 24.928288], [121.292797, 24.928389], [121.292631, 24.92837], [121.29265, 24.928538], [121.293186, 24.928579], [121.293176, 24.928664], [121.293408, 24.928691], [121.293453, 24.928907], [121.292911, 24.928851], [121.292926, 24.928766], [121.293337, 24.928801], [121.293317, 24.929009], [121.293372, 24.929014], [121.292963, 24.928981], [121.293006, 24.929068], [121.293303, 24.929099], [121.293281, 24.929246], [121.293382, 24.92926], [121.293328, 24.929324], [121.293105, 24.929289], [121.293123, 24.929216], [121.293227, 24.929234], [121.292877, 24.929099], [121.292644, 24.928665], [121.293113, 24.928663], [121.293281, 24.928591], [121.292515, 24.928908], [121.292416, 24.928866], [121.29242, 24.929262], [121.292769, 24.929234], [121.292725, 24.929608], [121.292428, 24.929644], [121.292434, 24.929587], [121.292345, 24.929702], [121.292172, 24.929712], [121.291338, 24.92965], [121.291437, 24.929812], [121.291907, 24.929922], [121.292893, 24.929957], [121.292866, 24.929886], [121.292693, 24.929861], [121.291912, 24.929821], [121.291983, 24.929486], [121.291955, 24.92905], [121.290965, 24.928931], [121.290987, 24.928779], [121.292018, 24.928909], [121.29157, 24.928488], [121.29073, 24.928324], [121.290649, 24.929013], [121.290452, 24.928901], [121.290436, 24.929111], [121.290286, 24.929301], [121.29015, 24.929813], [121.289595, 24.929692], [121.289761, 24.928904], [121.289955, 24.928582], [121.28993, 24.928156], [121.290485, 24.928], [121.290518, 24.928124], [121.291663, 24.927336], [121.291689, 24.926712], [121.291331, 24.9267], [121.291322, 24.926554], [121.292543, 24.926611], [121.292546, 24.92673], [121.291754, 24.926715], [121.291763, 24.926412], [121.292101, 24.926425], [121.292113, 24.926324], [121.291372, 24.926298], [121.291373, 24.926399], [121.291729, 24.926407], [121.291744, 24.926187], [121.292119, 24.92619], [121.292131, 24.926105], [121.291429, 24.926089], [121.291424, 24.926161], [121.291698, 24.926186], [121.291752, 24.925956], [121.292117, 24.925968], [121.29211, 24.925867], [121.29148, 24.925868], [121.291467, 24.92595], [121.29169, 24.925951], [121.291645, 24.925636], [121.29217, 24.925637], [121.292246, 24.925743], [121.292801, 24.925761], [121.292746, 24.925661], [121.292375, 24.925647], [121.292396, 24.925879], [121.292735, 24.925889], [121.292731, 24.925993], [121.292253, 24.92598], [121.292245, 24.925877], [121.292325, 24.92588], [121.292313, 24.926102], [121.292236, 24.926105], [121.292229, 24.926199], [121.292674, 24.926212], [121.292718, 24.926104], [121.292399, 24.926113], [121.292383, 24.926322], [121.292222, 24.926314], [121.292222, 24.926427], [121.29266, 24.92644], [121.292662, 24.926332], [121.292473, 24.926319], [121.292741, 24.926552], [121.29278, 24.926994], [121.292457, 24.926965], [121.292451, 24.927554], [121.292531, 24.927559], [121.292457, 24.927669], [121.292928, 24.927723], [121.292929, 24.927592], [121.292869, 24.927595], [121.293344, 24.927597], [121.293565, 24.927348], [121.293547, 24.927156], [121.293345, 24.92704], [121.293103, 24.927037], [121.292911, 24.92716], [121.292932, 24.927311], [121.293103, 24.926554], [121.292119, 24.925735], [121.29128, 24.925741], [121.291369, 24.925852], [121.291348, 24.926058], [121.291139, 24.926119], [121.290593, 24.926035], [121.290618, 24.9258], [121.290481, 24.925704], [121.290653, 24.925711], [121.290469, 24.925831], [121.290444, 24.926084], [121.290639, 24.926324], [121.291186, 24.926325], [121.291157, 24.92666], [121.291334, 24.926398], [121.290581, 24.92639], [121.290554, 24.926608], [121.290315, 24.926566], [121.290058, 24.925535], [121.28907, 24.925505], [121.289065, 24.925597], [121.288896, 24.925595], [121.288911, 24.925503], [121.288482, 24.92555], [121.288497, 24.925453], [121.288275, 24.925434], [121.288269, 24.925542], [121.288122, 24.925529], [121.28813, 24.925429], [121.288006, 24.925419], [121.288124, 24.925958], [121.288323, 24.925896], [121.288306, 24.92597], [121.288451, 24.925991], [121.288457, 24.925912], [121.28855, 24.925912], [121.288772, 24.926017], [121.288777, 24.925933], [121.288873, 24.925936], [121.288965, 24.925947], [121.288953, 24.926026], [121.28921, 24.925819], [121.289257, 24.925605], [121.288452, 24.926359], [121.288441, 24.926904], [121.288794, 24.926924], [121.288231, 24.926888], [121.288838, 24.927836], [121.288827, 24.927957], [121.288988, 24.928091], [121.289625, 24.929994], [121.290654, 24.930199], [121.29094, 24.930325], [121.291237, 24.930295], [121.292086, 24.930425], [121.292121, 24.930212], [121.292045, 24.930174], [121.290814, 24.929954], [121.29043, 24.930262], [121.290289, 24.930239], [121.29027, 24.929833], [121.291294, 24.929294], [121.292166, 24.930219], [121.294133, 24.930632], [121.294157, 24.93081], [121.292624, 24.930751], [121.292499, 24.931107], [121.292678, 24.931265], [121.292538, 24.931843], [121.292273, 24.9317], [121.292209, 24.931862], [121.291926, 24.931759], [121.291795, 24.931801], [121.292137, 24.930894], [121.291819, 24.930899], [121.291737, 24.931138], [121.292378, 24.931414], [121.292331, 24.931525], [121.292753, 24.931069], [121.293192, 24.931302], [121.293428, 24.931646], [121.293413, 24.931838], [121.293151, 24.931737], [121.292393, 24.932205], [121.291723, 24.932132], [121.291191, 24.931753], [121.290534, 24.931531], [121.290673, 24.931782], [121.29035, 24.931913], [121.289881, 24.931848], [121.289682, 24.931685], [121.289468, 24.931638], [121.289409, 24.931763], [121.289699, 24.931426], [121.289721, 24.931242], [121.289505, 24.93119], [121.289996, 24.931743], [121.290302, 24.931773], [121.292369, 24.93045], [121.292726, 24.930528], [121.293103, 24.930111], [121.292996, 24.930033], [121.292936, 24.929629], [121.292603, 24.929657], [121.293085, 24.929619], [121.293144, 24.93003], [121.293608, 24.930026], [121.293557, 24.929802], [121.293487, 24.929868], [121.293263, 24.92984], [121.293243, 24.929779], [121.293249, 24.929906], [121.293493, 24.92995], [121.29351, 24.930153], [121.293274, 24.930125], [121.293233, 24.930274], [121.293653, 24.930361], [121.293826, 24.930319], [121.29382, 24.930156], [121.293573, 24.93017], [121.293838, 24.930402], [121.293931, 24.930397], [121.29393, 24.930241], [121.294178, 24.931273], [121.292627, 24.93291], [121.29242, 24.928074]]}}, {"type": "Feature", "properties": {"district": "6800800", "segment": 31, "total_segments": 44, "km": 10.63, "villages": ["福元里"]}, "geometry": {"type": "LineString", "coordinates": [[121.289194, 24.930714], [121.288962, 24.930903], [121.288808, 24.930808], [121.288857, 24.930619], [121.288532, 24.930663], [121.288556, 24.931192], [121.288652, 24.93112], [121.289034, 24.931125], [121.289178, 24.931215], [121.289075, 24.931554], [121.288933, 24.931644], [121.288915, 24.931772], [121.289102, 24.931794], [121.289084, 24.932219], [121.288691, 24.932315], [121.288586, 24.931998], [121.288416, 24.932042], [121.288557, 24.932638], [121.288276, 24.932697], [121.288292, 24.93262], [121.288483, 24.932581], [121.288637, 24.932842], [121.288368, 24.932921], [121.288318, 24.932832], [121.288551, 24.932762], [121.28867, 24.932953], [121.288219, 24.933051], [121.288448, 24.933175], [121.289128, 24.932958], [121.289149, 24.933166], [121.288511, 24.933404], [121.288648, 24.933573], [121.288624, 24.933694], [121.288954, 24.933537], [121.288863, 24.933325], [121.288302, 24.933552], [121.288338, 24.933672], [121.288463, 24.933636], [121.288496, 24.933753], [121.287806, 24.934065], [121.28776, 24.933984], [121.287956, 24.933896], [121.287852, 24.933802], [121.28773, 24.933855], [121.287745, 24.933674], [121.287677, 24.933652], [121.288388, 24.933367], [121.288046, 24.932451], [121.287916, 24.932481], [121.287877, 24.932372], [121.288029, 24.932773], [121.287801, 24.932695], [121.287663, 24.93227], [121.287508, 24.932251], [121.287657, 24.932725], [121.287506, 24.932725], [121.287381, 24.93228], [121.287212, 24.932162], [121.28639, 24.932401], [121.286581, 24.932751], [121.286761, 24.932776], [121.286631, 24.932504], [121.287034, 24.932386], [121.287113, 24.932426], [121.287145, 24.932641], [121.287154, 24.932755], [121.286576, 24.932934], [121.286485, 24.933052], [121.286189, 24.932676], [121.286108, 24.932496], [121.286136, 24.932301], [121.286785, 24.932116], [121.286608, 24.932032], [121.286549, 24.931864], [121.286189, 24.931956], [121.286268, 24.932165], [121.286443, 24.932092], [121.286597, 24.931851], [121.286906, 24.93173], [121.286928, 24.931879], [121.286736, 24.931967], [121.286621, 24.931637], [121.286823, 24.9316], [121.286757, 24.931457], [121.286523, 24.931537], [121.286579, 24.93165], [121.286019, 24.93183], [121.286031, 24.931898], [121.285553, 24.932106], [121.285308, 24.931869], [121.286353, 24.931611], [121.286296, 24.931488], [121.286113, 24.931541], [121.286135, 24.931386], [121.286463, 24.931279], [121.286541, 24.931391], [121.286366, 24.931465], [121.286745, 24.931287], [121.286623, 24.931228], [121.286886, 24.931061], [121.286776, 24.930969], [121.286723, 24.930713], [121.286914, 24.930666], [121.286232, 24.930745], [121.286195, 24.930842], [121.28554, 24.931073], [121.285421, 24.930676], [121.285321, 24.930606], [121.285277, 24.930726], [121.284923, 24.930663], [121.284853, 24.930892], [121.284994, 24.930837], [121.285204, 24.931114], [121.285338, 24.931066], [121.28537, 24.931135], [121.285307, 24.93099], [121.285441, 24.931274], [121.285089, 24.931398], [121.284936, 24.931118], [121.285229, 24.931495], [121.285167, 24.93163], [121.285224, 24.931743], [121.285723, 24.931559], [121.285526, 24.931242], [121.285639, 24.931193], [121.285483, 24.931257], [121.285632, 24.930589], [121.286347, 24.930501], [121.286272, 24.930366], [121.286166, 24.930353], [121.285549, 24.930374], [121.285096, 24.930547], [121.284978, 24.930529], [121.284965, 24.930443], [121.284939, 24.93062], [121.286063, 24.930768], [121.286371, 24.930535], [121.287038, 24.931132], [121.287187, 24.931577], [121.287695, 24.93159], [121.287622, 24.931528], [121.28768, 24.931498], [121.287672, 24.931289], [121.287518, 24.931416], [121.287382, 24.931772], [121.287642, 24.931866], [121.287702, 24.93179], [121.287821, 24.931933], [121.287926, 24.931915], [121.287734, 24.931943], [121.287696, 24.932047], [121.287772, 24.932069], [121.287404, 24.93199], [121.288244, 24.932224], [121.28834, 24.932275], [121.288313, 24.932355], [121.28799, 24.932238], [121.288112, 24.931987], [121.288366, 24.931938], [121.288407, 24.932008], [121.288589, 24.931565], [121.288574, 24.931331], [121.288744, 24.931288], [121.28881, 24.93177], [121.288605, 24.931748], [121.28827, 24.931413], [121.288838, 24.932817], [121.289122, 24.932701], [121.288284, 24.932479], [121.287382, 24.932765], [121.28736, 24.932706], [121.287203, 24.932749], [121.287246, 24.933011], [121.286639, 24.933209], [121.287107, 24.933968], [121.287405, 24.934017], [121.287422, 24.933871], [121.287263, 24.933697], [121.287376, 24.933385], [121.287227, 24.93311], [121.287295, 24.933003], [121.286935, 24.933322], [121.286592, 24.933154], [121.286888, 24.932609], [121.286026, 24.932103], [121.286075, 24.931999], [121.285802, 24.932311], [121.28563, 24.93221], [121.287811, 24.934363], [121.288049, 24.934245], [121.288275, 24.934465], [121.288454, 24.934383], [121.288224, 24.934171], [121.288867, 24.933918], [121.28893, 24.934155], [121.288785, 24.934209], [121.289122, 24.934027], [121.289161, 24.934139], [121.289076, 24.934958], [121.288887, 24.935038], [121.288848, 24.93489], [121.288748, 24.935005], [121.288257, 24.935147], [121.287915, 24.934974], [121.287606, 24.934651], [121.287918, 24.934612], [121.288521, 24.934757], [121.288754, 24.93468], [121.288811, 24.935281], [121.288681, 24.935307], [121.288768, 24.935502], [121.289093, 24.935512], [121.289115, 24.935269], [121.288795, 24.935628], [121.288788, 24.936224], [121.289068, 24.936157], [121.28849, 24.936341], [121.288297, 24.935787], [121.288545, 24.93572], [121.287835, 24.935774], [121.287771, 24.935608], [121.287625, 24.935663], [121.287675, 24.935806], [121.287388, 24.935911], [121.287641, 24.936444], [121.287534, 24.936715], [121.286688, 24.936628], [121.286607, 24.936686], [121.286613, 24.936621], [121.286259, 24.936596], [121.286254, 24.936665], [121.286138, 24.936669], [121.286146, 24.936582], [121.28543, 24.936506], [121.285366, 24.936098], [121.285034, 24.936258], [121.286202, 24.936228], [121.286617, 24.936082], [121.28685, 24.935963], [121.286651, 24.935564], [121.286161, 24.935767], [121.28622, 24.935902], [121.286489, 24.935796], [121.287057, 24.936186], [121.2871, 24.93639], [121.286939, 24.936368], [121.287211, 24.935868], [121.287346, 24.935828], [121.288119, 24.936303], [121.288193, 24.936672], [121.288198, 24.936839], [121.287667, 24.936736], [121.287733, 24.936816], [121.287762, 24.93744], [121.286879, 24.937672], [121.286566, 24.938111], [121.28669, 24.938183], [121.285398, 24.937522], [121.285269, 24.93772], [121.28635, 24.93843], [121.286497, 24.938451], [121.285378, 24.938346], [121.285695, 24.939652], [121.285937, 24.939774], [121.285879, 24.939847], [121.285807, 24.939797], [121.286134, 24.940025], [121.286218, 24.939977], [121.286091, 24.939891], [121.286234, 24.939773], [121.28598, 24.939598], [121.285692, 24.93993], [121.285802, 24.940008], [121.285734, 24.940072], [121.285632, 24.940006], [121.285909, 24.940194], [121.285948, 24.940114], [121.285879, 24.940066], [121.286061, 24.940185], [121.285954, 24.940493], [121.286496, 24.940517], [121.286586, 24.941136], [121.28628, 24.941342], [121.285184, 24.940625]]}}, {"type": "Feature", "properties": {"district": "6800800", "segment": 32, "total_segments": 44, "km": 9.98, "villages": ["福興里"]}, "geometry": {"type": "LineString", "coordinates": [[121.284881, 24.93994], [121.285023, 24.93974], [121.284807, 24.93974], [121.284807, 24.939829], [121.284773, 24.939586], [121.284941, 24.939523], [121.284671, 24.939515], [121.284654, 24.939785], [121.284507, 24.93966], [121.284534, 24.939388], [121.284463, 24.939343], [121.284663, 24.939425], [121.284064, 24.939269], [121.283859, 24.939113], [121.283805, 24.939184], [121.284017, 24.939341], [121.283819, 24.939392], [121.283465, 24.939111], [121.283566, 24.938995], [121.28372, 24.939111], [121.283773, 24.939047], [121.283441, 24.938825], [121.28352, 24.93896], [121.283705, 24.938793], [121.283978, 24.939006], [121.282344, 24.937588], [121.281835, 24.937458], [121.282007, 24.937249], [121.282485, 24.937432], [121.282534, 24.937243], [121.28214, 24.937103], [121.282637, 24.937281], [121.282785, 24.936581], [121.282944, 24.936214], [121.283108, 24.936322], [121.282977, 24.93664], [121.283135, 24.936693], [121.283257, 24.936364], [121.283166, 24.936301], [121.283216, 24.936169], [121.283597, 24.936362], [121.28344, 24.936423], [121.283237, 24.936877], [121.283657, 24.936823], [121.283806, 24.936649], [121.283832, 24.936459], [121.283994, 24.936395], [121.28395, 24.936242], [121.28384, 24.936235], [121.284225, 24.936247], [121.284356, 24.935825], [121.283051, 24.935803], [121.283048, 24.9359], [121.283044, 24.935493], [121.282918, 24.935488], [121.283614, 24.935483], [121.283618, 24.935641], [121.283741, 24.935643], [121.283745, 24.935424], [121.283612, 24.935425], [121.283734, 24.935207], [121.284273, 24.935213], [121.284248, 24.935076], [121.28388, 24.935079], [121.283881, 24.934965], [121.284251, 24.934965], [121.284274, 24.93479], [121.283884, 24.934794], [121.283887, 24.934683], [121.284251, 24.934681], [121.284273, 24.934532], [121.28349, 24.93453], [121.283529, 24.934751], [121.283711, 24.934753], [121.283686, 24.934842], [121.283476, 24.934754], [121.282911, 24.934751], [121.282911, 24.934523], [121.283218, 24.93452], [121.283662, 24.934311], [121.284019, 24.934326], [121.284106, 24.934205], [121.28384, 24.934173], [121.284234, 24.934198], [121.284321, 24.934294], [121.28487, 24.934257], [121.284887, 24.933844], [121.285146, 24.933781], [121.285184, 24.933883], [121.285016, 24.933948], [121.285021, 24.934286], [121.284882, 24.934299], [121.284836, 24.934558], [121.28455, 24.93481], [121.285136, 24.935136], [121.285023, 24.935456], [121.284671, 24.935934], [121.284281, 24.935568], [121.284187, 24.935565], [121.284184, 24.935463], [121.284368, 24.935459], [121.284017, 24.935461], [121.284022, 24.935558], [121.283903, 24.935562], [121.283903, 24.935459], [121.28358, 24.935114], [121.282329, 24.935117], [121.282379, 24.935219], [121.282178, 24.935212], [121.282272, 24.934958], [121.282434, 24.934923], [121.282432, 24.934814], [121.282365, 24.934798], [121.282439, 24.934576], [121.282375, 24.934507], [121.282276, 24.934505], [121.282277, 24.934569], [121.282045, 24.934501], [121.282042, 24.934557], [121.281936, 24.934556], [121.281945, 24.934503], [121.281411, 24.934559], [121.28148, 24.93497], [121.281415, 24.934961], [121.281615, 24.934969], [121.281698, 24.934672], [121.282172, 24.934675], [121.28227, 24.934799], [121.28233, 24.93547], [121.28221, 24.935473], [121.282205, 24.935607], [121.282327, 24.935607], [121.282328, 24.93578], [121.282196, 24.935778], [121.282191, 24.93591], [121.282325, 24.935917], [121.281722, 24.935918], [121.281721, 24.935463], [121.281476, 24.93546], [121.281483, 24.935919], [121.282663, 24.935441], [121.281797, 24.934079], [121.281569, 24.93393], [121.281678, 24.933669], [121.281533, 24.933604], [121.281621, 24.932831], [121.281588, 24.932204], [121.283265, 24.932043], [121.283582, 24.931807], [121.28358, 24.931465], [121.284114, 24.931453], [121.284185, 24.931833], [121.28408, 24.931725], [121.283715, 24.931849], [121.283729, 24.931752], [121.284019, 24.932038], [121.284232, 24.932039], [121.284466, 24.933035], [121.284255, 24.932985], [121.284257, 24.93274], [121.283851, 24.932714], [121.283865, 24.933028], [121.283558, 24.932988], [121.283557, 24.932834], [121.283851, 24.932606], [121.283852, 24.932392], [121.283547, 24.932384], [121.283552, 24.932464], [121.282817, 24.932238], [121.282822, 24.932138], [121.282683, 24.932144], [121.282687, 24.932238], [121.282787, 24.930914], [121.282672, 24.930914], [121.282679, 24.930818], [121.282901, 24.93073], [121.284272, 24.931148], [121.284424, 24.931807], [121.284596, 24.93175], [121.284408, 24.931356], [121.284461, 24.931164], [121.284405, 24.93108], [121.284592, 24.930979], [121.284851, 24.931528], [121.284647, 24.931616], [121.284602, 24.931481], [121.284682, 24.931672], [121.284898, 24.931587], [121.284879, 24.93178], [121.285185, 24.93219], [121.284952, 24.932292], [121.284878, 24.932166], [121.284772, 24.932204], [121.284875, 24.932433], [121.285005, 24.932637], [121.285124, 24.932626], [121.28518, 24.932699], [121.285293, 24.932673], [121.285223, 24.932465], [121.285107, 24.932537], [121.285024, 24.932385], [121.28513, 24.932578], [121.285365, 24.932424], [121.28545, 24.932749], [121.285623, 24.932684], [121.285638, 24.932845], [121.285204, 24.932979], [121.285783, 24.933997], [121.285217, 24.934292], [121.285312, 24.93439], [121.285701, 24.934232], [121.285683, 24.934404], [121.285412, 24.934512], [121.285499, 24.934626], [121.285637, 24.934553], [121.285779, 24.93483], [121.285597, 24.934903], [121.285562, 24.93485], [121.285822, 24.935221], [121.287215, 24.934568], [121.287367, 24.934785], [121.286443, 24.93531], [121.28627, 24.935288], [121.286208, 24.935175], [121.286668, 24.93495], [121.286943, 24.93491], [121.287065, 24.934375], [121.286853, 24.933982], [121.285937, 24.932755], [121.285742, 24.932814], [121.285545, 24.93301], [121.285598, 24.933086], [121.285439, 24.933126], [121.285262, 24.932825], [121.284882, 24.932897], [121.285284, 24.933559], [121.284988, 24.933643], [121.284952, 24.933564], [121.285108, 24.933429], [121.285352, 24.934097], [121.285215, 24.934157], [121.285186, 24.934079], [121.285471, 24.933943], [121.285506, 24.934012], [121.285461, 24.933905], [121.285854, 24.933716], [121.285789, 24.933594], [121.28595, 24.933521], [121.286133, 24.933865], [121.285965, 24.933918], [121.285898, 24.933787], [121.286255, 24.934424], [121.286404, 24.934362], [121.286223, 24.934038], [121.286457, 24.934005], [121.286581, 24.934229], [121.286158, 24.933453], [121.285896, 24.934199], [121.28606, 24.934505], [121.285906, 24.934569], [121.285949, 24.934675], [121.285819, 24.934424], [121.286155, 24.935402], [121.285788, 24.935574], [121.284576, 24.933917], [121.283967, 24.933708], [121.283968, 24.933598], [121.284086, 24.933598], [121.283783, 24.933714], [121.284089, 24.933257], [121.284503, 24.933233], [121.285334, 24.932763], [121.285564, 24.932452], [121.285482, 24.932395]]}}, {"type": "Feature", "properties": {"district": "6800800", "segment": 33, "total_segments": 44, "km": 14.98, "villages": ["興仁里", "興中里"]}, "geometry": {"type": "LineString", "coordinates": [[121.284049, 24.930948], [121.283612, 24.930889], [121.283523, 24.930656], [121.283721, 24.930596], [121.283813, 24.93065], [121.283769, 24.930694], [121.283895, 24.930534], [121.28398, 24.930586], [121.284035, 24.930494], [121.283803, 24.930479], [121.28365, 24.930374], [121.28347, 24.93047], [121.283378, 24.930044], [121.283305, 24.930038], [121.283338, 24.92965], [121.283183, 24.929518], [121.283188, 24.929192], [121.283717, 24.929241], [121.283463, 24.929394], [121.283255, 24.929383], [121.283137, 24.929189], [121.283816, 24.930146], [121.284486, 24.930044], [121.284307, 24.929242], [121.284114, 24.929224], [121.283932, 24.929525], [121.283928, 24.92969], [121.283992, 24.929691], [121.283884, 24.929769], [121.283905, 24.93026], [121.284232, 24.930248], [121.284233, 24.930566], [121.284125, 24.930587], [121.28405, 24.93074], [121.28437, 24.930567], [121.284483, 24.930284], [121.284392, 24.930248], [121.284956, 24.930187], [121.284723, 24.930021], [121.284691, 24.929833], [121.284827, 24.929669], [121.284768, 24.929449], [121.284987, 24.92928], [121.285429, 24.929307], [121.285441, 24.929394], [121.285613, 24.929417], [121.285756, 24.929329], [121.286223, 24.929352], [121.286189, 24.929181], [121.285452, 24.929093], [121.285469, 24.928724], [121.285369, 24.928719], [121.285282, 24.929113], [121.284596, 24.929016], [121.284837, 24.928402], [121.285259, 24.928432], [121.285262, 24.928324], [121.284872, 24.928313], [121.284889, 24.928135], [121.284711, 24.928085], [121.284711, 24.927953], [121.284907, 24.927964], [121.28524, 24.928007], [121.285243, 24.92812], [121.285096, 24.928099], [121.28521, 24.927854], [121.285214, 24.927574], [121.285116, 24.927564], [121.285088, 24.927776], [121.28494, 24.92764], [121.284575, 24.927577], [121.284573, 24.9275], [121.284561, 24.928363], [121.285441, 24.928421], [121.285738, 24.928649], [121.285763, 24.928811], [121.285575, 24.928811], [121.285623, 24.928926], [121.286116, 24.928951], [121.286113, 24.929004], [121.28607, 24.928818], [121.285828, 24.928809], [121.285993, 24.928599], [121.286983, 24.928654], [121.286931, 24.9289], [121.286559, 24.928876], [121.286571, 24.9292], [121.288235, 24.929384], [121.288261, 24.929065], [121.2885, 24.929114], [121.288588, 24.928874], [121.28873, 24.928888], [121.288722, 24.929033], [121.288945, 24.929038], [121.288981, 24.928763], [121.288333, 24.928723], [121.288328, 24.928972], [121.288198, 24.928921], [121.288209, 24.928721], [121.287284, 24.928667], [121.287264, 24.928916], [121.287007, 24.928906], [121.286977, 24.929085], [121.28798, 24.929193], [121.287969, 24.929006], [121.287506, 24.928951], [121.286747, 24.929074], [121.286507, 24.929202], [121.28632, 24.929115], [121.286231, 24.929732], [121.286282, 24.930182], [121.286169, 24.930244], [121.286087, 24.93018], [121.285889, 24.930203], [121.285885, 24.92984], [121.285695, 24.929835], [121.285671, 24.930149], [121.285458, 24.930051], [121.285485, 24.929833], [121.285805, 24.929707], [121.286015, 24.929818], [121.286106, 24.929824], [121.286094, 24.929719], [121.286762, 24.929876], [121.285065, 24.930079], [121.285482, 24.928086], [121.285751, 24.927978], [121.285795, 24.927628], [121.285994, 24.927629], [121.286271, 24.927894], [121.286373, 24.927807], [121.286567, 24.92782], [121.286596, 24.927898], [121.286664, 24.927822], [121.286923, 24.927812], [121.286907, 24.927946], [121.287071, 24.927983], [121.287101, 24.92769], [121.28687, 24.927676], [121.286451, 24.927907], [121.286338, 24.928154], [121.286245, 24.928145], [121.286245, 24.928269], [121.286006, 24.928257], [121.286008, 24.928135], [121.286334, 24.928274], [121.28699, 24.928303], [121.28699, 24.928183], [121.286685, 24.928169], [121.287299, 24.92804], [121.287312, 24.92649], [121.287226, 24.926427], [121.286887, 24.926483], [121.286746, 24.926351], [121.286324, 24.926333], [121.28649, 24.926226], [121.287112, 24.92612], [121.287235, 24.926239], [121.287391, 24.926247], [121.287386, 24.926439], [121.28739, 24.925821], [121.287464, 24.925726], [121.287404, 24.925676], [121.287478, 24.925576], [121.287163, 24.925455], [121.287189, 24.925339], [121.287304, 24.925354], [121.287261, 24.925803], [121.287034, 24.925799], [121.286932, 24.925886], [121.286851, 24.925764], [121.286617, 24.925713], [121.286491, 24.925849], [121.286419, 24.925708], [121.285988, 24.925667], [121.286021, 24.92544], [121.286209, 24.925496], [121.286202, 24.925373], [121.28635, 24.925386], [121.286355, 24.925258], [121.286255, 24.925252], [121.28676, 24.925354], [121.285664, 24.92555], [121.285633, 24.926102], [121.285051, 24.926082], [121.285052, 24.926222], [121.285538, 24.926254], [121.28521, 24.926566], [121.285018, 24.926539], [121.284976, 24.926857], [121.284828, 24.926843], [121.284763, 24.926929], [121.284747, 24.927091], [121.284828, 24.927163], [121.28473, 24.927212], [121.284711, 24.927399], [121.2853, 24.927378], [121.285297, 24.927429], [121.285316, 24.927255], [121.285334, 24.92693], [121.285155, 24.92691], [121.285198, 24.92724], [121.285124, 24.927239], [121.28463, 24.926836], [121.284765, 24.926007], [121.284967, 24.925766], [121.285073, 24.92577], [121.285097, 24.92565], [121.284987, 24.925639], [121.284857, 24.925395], [121.284871, 24.925179], [121.285666, 24.925149], [121.285556, 24.9253], [121.285448, 24.925301], [121.285446, 24.925743], [121.28599, 24.926876], [121.285975, 24.92697], [121.285543, 24.926909], [121.285545, 24.926857], [121.285505, 24.927399], [121.285347, 24.926816], [121.288627, 24.929359], [121.289042, 24.929419], [121.289212, 24.929592], [121.28928, 24.929608], [121.28942, 24.928925], [121.289134, 24.928775], [121.2891, 24.929046], [121.289715, 24.934875], [121.282637, 24.930516], [121.282639, 24.930451], [121.28229, 24.930457], [121.282289, 24.930338], [121.282636, 24.930327], [121.282179, 24.930033], [121.282002, 24.930036], [121.281994, 24.929908], [121.282382, 24.929882], [121.282386, 24.929748], [121.282246, 24.929748], [121.282242, 24.929817], [121.281853, 24.929983], [121.281843, 24.930069], [121.281489, 24.93007], [121.281487, 24.929648], [121.281623, 24.929647], [121.281624, 24.92991], [121.281737, 24.929985], [121.282025, 24.930533], [121.282139, 24.930534], [121.282129, 24.930702], [121.28223, 24.930703], [121.281952, 24.93071], [121.282719, 24.929864], [121.282427, 24.928762], [121.282365, 24.928872], [121.28228, 24.928872], [121.282291, 24.928776], [121.282188, 24.928872], [121.282096, 24.928867], [121.282116, 24.928787], [121.28185, 24.928763], [121.281454, 24.928823], [121.281467, 24.928378], [121.281381, 24.928378], [121.281462, 24.928285], [121.281396, 24.927362], [121.281577, 24.927314], [121.281619, 24.927402], [121.281662, 24.928286], [121.281926, 24.928278], [121.282189, 24.928145], [121.282388, 24.928651], [121.282082, 24.928053], [121.282072, 24.927479], [121.28188, 24.927472], [121.281886, 24.927969], [121.282404, 24.927783], [121.282875, 24.927767], [121.282849, 24.927663], [121.282366, 24.927683], [121.282359, 24.927443], [121.282839, 24.927491], [121.282859, 24.927167], [121.282939, 24.92713], [121.283039, 24.92712], [121.283124, 24.927249], [121.283261, 24.927285], [121.283253, 24.927153], [121.283437, 24.927157], [121.283426, 24.926223], [121.284032, 24.92624], [121.284039, 24.926093], [121.28343, 24.926103], [121.283441, 24.925911], [121.284037, 24.925913], [121.284045, 24.925612], [121.28423, 24.92556], [121.284444, 24.925618], [121.283846, 24.925614], [121.283529, 24.925187], [121.283081, 24.925189], [121.283076, 24.925321], [121.283366, 24.925395], [121.283249, 24.926013], [121.283073, 24.926002], [121.283079, 24.926093], [121.282969, 24.926132], [121.282889, 24.926327], [121.28319, 24.926424], [121.283247, 24.926375], [121.283225, 24.926102], [121.283108, 24.92588], [121.282347, 24.925869], [121.282343, 24.925924], [121.282343, 24.926017], [121.282953, 24.926003], [121.282878, 24.926686], [121.283229, 24.92679], [121.283248, 24.926919], [121.283047, 24.926869], [121.283016, 24.926955], [121.282924, 24.927357], [121.283047, 24.927576], [121.283196, 24.927568], [121.28326, 24.927411], [121.283441, 24.927371], [121.283439, 24.927237], [121.284077, 24.927402], [121.284046, 24.927555], [121.283517, 24.927479], [121.283652, 24.927178], [121.284217, 24.927267], [121.28424, 24.927157], [121.283677, 24.927086], [121.283715, 24.926941], [121.284374, 24.927032], [121.284383, 24.927562], [121.28421, 24.926867], [121.283594, 24.926814], [121.283618, 24.926596], [121.284241, 24.926645], [121.284253, 24.92655], [121.284015, 24.92651], [121.28325, 24.926479], [121.283241, 24.926647], [121.283123, 24.926639], [121.283148, 24.926577], [121.282514, 24.9268], [121.282433, 24.926713], [121.282327, 24.926966], [121.282331, 24.927292], [121.281652, 24.927005], [121.281646, 24.926927], [121.28159, 24.927078], [121.281417, 24.927084], [121.281489, 24.92547], [121.281665, 24.925329], [121.281535, 24.925332], [121.28144, 24.924029], [121.281579, 24.924031], [121.281721, 24.924168], [121.281728, 24.924276], [121.281592, 24.924271], [121.281595, 24.92437], [121.281731, 24.924468], [121.281767, 24.924618], [121.281852, 24.924621], [121.281864, 24.924549], [121.281938, 24.924618], [121.281982, 24.924478], [121.2821, 24.924481], [121.282104, 24.924618], [121.282024, 24.924623], [121.282226, 24.92462], [121.282213, 24.924554], [121.28243, 24.924625], [121.282434, 24.924491], [121.282325, 24.924486], [121.282529, 24.924556], [121.282522, 24.924617], [121.282628, 24.924619], [121.282632, 24.924493], [121.282736, 24.924498], [121.282743, 24.92463], [121.281982, 24.924281], [121.281981, 24.924168], [121.281863, 24.92416], [121.281589, 24.924542], [121.281586, 24.924613], [121.281681, 24.924618]]}}, {"type": "Feature", "properties": {"district": "6800800", "segment": 34, "total_segments": 44, "km": 12.21, "villages": ["興中里", "福德里"]}, "geometry": {"type": "LineString", "coordinates": [[121.282498, 24.923415], [121.283253, 24.92323], [121.283244, 24.92368], [121.283359, 24.923702], [121.283336, 24.923896], [121.28344, 24.923917], [121.283044, 24.923829], [121.283903, 24.923506], [121.284026, 24.923688], [121.284728, 24.923324], [121.284753, 24.923066], [121.284334, 24.922875], [121.283881, 24.922891], [121.283861, 24.922713], [121.28412, 24.92269], [121.28412, 24.922592], [121.283753, 24.922603], [121.283692, 24.922492], [121.284252, 24.922488], [121.284211, 24.92219], [121.283531, 24.922207], [121.283632, 24.922327], [121.284101, 24.922301], [121.284235, 24.921552], [121.284143, 24.921342], [121.283328, 24.922167], [121.283677, 24.922749], [121.283208, 24.922544], [121.282901, 24.922079], [121.282878, 24.921884], [121.282491, 24.921919], [121.282482, 24.921853], [121.282425, 24.921951], [121.282237, 24.921957], [121.282474, 24.922117], [121.282516, 24.921591], [121.282258, 24.920788], [121.284256, 24.922538], [121.2843, 24.92624], [121.284367, 24.926843], [121.283177, 24.927775], [121.283006, 24.927765], [121.283955, 24.928334], [121.28072, 24.92734], [121.280487, 24.927287], [121.28046, 24.927459], [121.280643, 24.927494], [121.280785, 24.926994], [121.280776, 24.926823], [121.280454, 24.926775], [121.280449, 24.926674], [121.280802, 24.926202], [121.279692, 24.924756], [121.279473, 24.924572], [121.279513, 24.924515], [121.279234, 24.92464], [121.279153, 24.92452], [121.279471, 24.924373], [121.279619, 24.92442], [121.279372, 24.924258], [121.278978, 24.924446], [121.279047, 24.924569], [121.279118, 24.924537], [121.279012, 24.924586], [121.278986, 24.924291], [121.27925, 24.92416], [121.27949, 24.923505], [121.280049, 24.923211], [121.280373, 24.923546], [121.278424, 24.923911], [121.27833, 24.921848], [121.278774, 24.921779], [121.278748, 24.921634], [121.278476, 24.921657], [121.27844, 24.92154], [121.278738, 24.921498], [121.278722, 24.92135], [121.278525, 24.92138], [121.278519, 24.921262], [121.278799, 24.921216], [121.278762, 24.921344], [121.278732, 24.921062], [121.278288, 24.921177], [121.278211, 24.921055], [121.278246, 24.920925], [121.27838, 24.921428], [121.278807, 24.921052], [121.280075, 24.921243], [121.277144, 24.926481], [121.277114, 24.92671], [121.275965, 24.926395], [121.275777, 24.928416], [121.275383, 24.928697], [121.275544, 24.928856], [121.275503, 24.929182], [121.275668, 24.929203], [121.275615, 24.929311], [121.275817, 24.929418], [121.275829, 24.929651], [121.275618, 24.929682], [121.275445, 24.92956], [121.275304, 24.92966], [121.275835, 24.928907], [121.276099, 24.929055], [121.27616, 24.928531], [121.27634, 24.92848], [121.275964, 24.928602], [121.276371, 24.92926], [121.277141, 24.929266], [121.27781, 24.929889], [121.278365, 24.930093], [121.278314, 24.930195], [121.27807, 24.930154], [121.278098, 24.930375], [121.277994, 24.930409], [121.278014, 24.930548], [121.277863, 24.930581], [121.277892, 24.930724], [121.277769, 24.930901], [121.277904, 24.931011], [121.277738, 24.931119], [121.277728, 24.931002], [121.277461, 24.931094], [121.277124, 24.93153], [121.276641, 24.93182], [121.276188, 24.931876], [121.277044, 24.932538], [121.277432, 24.932119], [121.276906, 24.932992], [121.277133, 24.933168], [121.277108, 24.933598], [121.277335, 24.933594], [121.277684, 24.933858], [121.27761, 24.933948], [121.277302, 24.933718], [121.277238, 24.933812], [121.277556, 24.93405], [121.277765, 24.933771], [121.27732, 24.933434], [121.277389, 24.933347], [121.277844, 24.933683], [121.277339, 24.933307], [121.277816, 24.934579], [121.278524, 24.935381], [121.279539, 24.936014], [121.2799, 24.934013], [121.279492, 24.933848], [121.279495, 24.933735], [121.279166, 24.933683], [121.279162, 24.933274], [121.27939, 24.933243], [121.279392, 24.933386], [121.279494, 24.933391], [121.279494, 24.933243], [121.279591, 24.933354], [121.279969, 24.933411], [121.27998, 24.933237], [121.279906, 24.933898], [121.280228, 24.934045], [121.280426, 24.934051], [121.280422, 24.934183], [121.280222, 24.934181], [121.280225, 24.934322], [121.280425, 24.934325], [121.279787, 24.933553], [121.27968, 24.933553], [121.279606, 24.932896], [121.279497, 24.932899], [121.279491, 24.932787], [121.279915, 24.932785], [121.279864, 24.932889], [121.279243, 24.932899], [121.279179, 24.932797], [121.27934, 24.932799], [121.279488, 24.932065], [121.279977, 24.932063], [121.280231, 24.932116], [121.280231, 24.932248], [121.2804, 24.932248], [121.280399, 24.932115], [121.280314, 24.932117], [121.28034, 24.93201], [121.280424, 24.932008], [121.280233, 24.932011], [121.280223, 24.93185], [121.280407, 24.93185], [121.280424, 24.931777], [121.28022, 24.93178], [121.280176, 24.931683], [121.280421, 24.931672], [121.280599, 24.931774], [121.280599, 24.931847], [121.280513, 24.931847], [121.280767, 24.931828], [121.280772, 24.931367], [121.28061, 24.93137], [121.280597, 24.930801], [121.28006, 24.930855], [121.280063, 24.930787], [121.279954, 24.930787], [121.27984, 24.930797], [121.279842, 24.930855], [121.279846, 24.930676], [121.280063, 24.930677], [121.279922, 24.930513], [121.279489, 24.930521], [121.279487, 24.93041], [121.279921, 24.930403], [121.280597, 24.930685], [121.280747, 24.930629], [121.280742, 24.930801], [121.280689, 24.930798], [121.280669, 24.932359], [121.280574, 24.932289], [121.280573, 24.93214], [121.280388, 24.932514], [121.280218, 24.932519], [121.28021, 24.932668], [121.280375, 24.932664], [121.280223, 24.932796], [121.28023, 24.932998], [121.280367, 24.932999], [121.280331, 24.932854], [121.278988, 24.931258], [121.278471, 24.93116], [121.277986, 24.930331], [121.277937, 24.93006], [121.278057, 24.930095], [121.277802, 24.930134], [121.277785, 24.930022], [121.277845, 24.930459], [121.276477, 24.930114], [121.277459, 24.928765], [121.277346, 24.928309], [121.277016, 24.928429], [121.275352, 24.933778]]}}, {"type": "Feature", "properties": {"district": "6800800", "segment": 35, "total_segments": 44, "km": 14.77, "villages": ["霄裡里"]}, "geometry": {"type": "LineString", "coordinates": [[121.272167, 24.928222], [121.270485, 24.928984], [121.270446, 24.928938], [121.270543, 24.929199], [121.270134, 24.929298], [121.270007, 24.927675], [121.270079, 24.927615], [121.269964, 24.927544], [121.268565, 24.927687], [121.267419, 24.927214], [121.267118, 24.927331], [121.267086, 24.927201], [121.267378, 24.927108], [121.267325, 24.927014], [121.266877, 24.927143], [121.266886, 24.927211], [121.264844, 24.926979], [121.264372, 24.926992], [121.264319, 24.927455], [121.264646, 24.927437], [121.264726, 24.927358], [121.263447, 24.926882], [121.262135, 24.927499], [121.261291, 24.927126], [121.260665, 24.927284], [121.260624, 24.927452], [121.260476, 24.927352], [121.260041, 24.927511], [121.260163, 24.927655], [121.260813, 24.927906], [121.260862, 24.928016], [121.260885, 24.928312], [121.260761, 24.928469], [121.26073, 24.928821], [121.2609, 24.929464], [121.26149, 24.929332], [121.261598, 24.928971], [121.261953, 24.928963], [121.261975, 24.929053], [121.261777, 24.929143], [121.262521, 24.92904], [121.263501, 24.930359], [121.26333, 24.930345], [121.263265, 24.930265], [121.263532, 24.930096], [121.263385, 24.92992], [121.263725, 24.930341], [121.263223, 24.930881], [121.263033, 24.931243], [121.262285, 24.931166], [121.262217, 24.930938], [121.261932, 24.931], [121.262019, 24.931259], [121.261683, 24.931086], [121.260823, 24.931378], [121.260787, 24.931262], [121.261549, 24.931003], [121.262037, 24.930724], [121.26104, 24.930209], [121.260927, 24.93111], [121.260817, 24.931143], [121.260779, 24.931061], [121.261385, 24.931369], [121.26143, 24.931507], [121.262523, 24.932191], [121.262718, 24.932141], [121.262787, 24.932263], [121.262972, 24.932286], [121.263155, 24.932445], [121.263156, 24.932586], [121.262809, 24.932895], [121.262881, 24.933043], [121.263142, 24.933236], [121.263215, 24.933137], [121.263353, 24.933235], [121.263675, 24.933227], [121.263801, 24.933461], [121.264003, 24.933348], [121.264008, 24.933276], [121.263994, 24.933696], [121.263583, 24.93376], [121.263237, 24.933968], [121.263249, 24.934039], [121.26383, 24.933809], [121.263952, 24.933825], [121.264125, 24.934121], [121.264126, 24.934285], [121.26399, 24.934294], [121.264053, 24.934652], [121.263744, 24.934523], [121.26364, 24.934348], [121.263937, 24.934234], [121.263842, 24.934065], [121.26337, 24.934297], [121.263427, 24.934433], [121.263142, 24.934575], [121.263142, 24.934794], [121.263232, 24.934797], [121.263233, 24.934637], [121.263403, 24.93466], [121.26341, 24.934786], [121.263497, 24.934783], [121.263483, 24.934686], [121.263386, 24.934913], [121.262953, 24.934884], [121.262894, 24.934665], [121.262997, 24.934806], [121.262996, 24.934613], [121.262986, 24.935002], [121.263407, 24.935033], [121.263413, 24.935126], [121.263039, 24.935118], [121.263086, 24.935253], [121.263378, 24.935263], [121.263377, 24.935337], [121.263121, 24.93533], [121.263101, 24.935481], [121.263343, 24.935497], [121.263379, 24.935575], [121.26314, 24.93556], [121.263131, 24.935703], [121.263357, 24.935712], [121.263345, 24.935804], [121.263134, 24.935788], [121.263471, 24.935587], [121.263498, 24.935112], [121.263662, 24.935266], [121.263595, 24.935568], [121.262627, 24.935616], [121.262426, 24.935699], [121.26209, 24.935283], [121.261885, 24.93544], [121.262019, 24.935632], [121.262174, 24.935761], [121.262471, 24.935787], [121.262644, 24.935956], [121.262609, 24.936137], [121.26237, 24.93547], [121.262499, 24.935345], [121.262334, 24.934641], [121.262108, 24.934147], [121.262754, 24.933792], [121.262318, 24.933061], [121.263236, 24.933685], [121.263264, 24.933792], [121.263168, 24.933874], [121.263312, 24.933732], [121.263409, 24.933752], [121.263585, 24.934377], [121.263482, 24.934408], [121.264935, 24.930256], [121.267368, 24.929682], [121.268996, 24.926089], [121.268621, 24.925954], [121.267544, 24.924849], [121.266214, 24.923868], [121.266201, 24.923679], [121.265995, 24.923675], [121.265417, 24.923922], [121.26535, 24.923753], [121.265698, 24.923639], [121.265315, 24.923766], [121.265561, 24.923086], [121.265445, 24.922937], [121.265465, 24.922648], [121.26528, 24.922681], [121.26531, 24.922823], [121.266552, 24.92218], [121.266365, 24.921564], [121.266421, 24.921453], [121.266294, 24.921426], [121.265858, 24.920787], [121.265034, 24.921027], [121.264158, 24.920402], [121.263662, 24.920602], [121.263478, 24.919703], [121.26276, 24.919543], [121.262631, 24.920064], [121.262385, 24.920009], [121.262209, 24.920142], [121.261359, 24.919739], [121.261347, 24.919865], [121.261661, 24.919955], [121.261794, 24.919854], [121.261797, 24.919726], [121.261586, 24.919602], [121.261452, 24.9196], [121.261253, 24.919836], [121.260929, 24.919905], [121.260868, 24.920154], [121.261449, 24.921093], [121.261525, 24.922079], [121.261652, 24.922207], [121.261881, 24.922254], [121.261849, 24.922405], [121.261594, 24.922283], [121.262351, 24.922438], [121.261005, 24.922913], [121.263208, 24.923643], [121.260378, 24.92569], [121.260416, 24.925891], [121.260237, 24.925532], [121.259944, 24.925606], [121.259829, 24.925846], [121.259351, 24.925245], [121.259338, 24.924903], [121.259046, 24.924466], [121.258266, 24.924361], [121.257742, 24.923513], [121.257622, 24.923044], [121.25735, 24.922949], [121.257897, 24.920612], [121.258753, 24.920552], [121.256611, 24.920465], [121.256514, 24.920305], [121.254921, 24.921269], [121.255046, 24.921655], [121.254889, 24.921521], [121.254755, 24.921161], [121.254527, 24.921337], [121.254553, 24.921462], [121.254435, 24.921473], [121.254454, 24.921664], [121.254318, 24.921683], [121.254134, 24.921519], [121.254642, 24.921677], [121.254313, 24.92053], [121.254706, 24.919752], [121.254631, 24.919622], [121.254353, 24.919557], [121.254087, 24.919306], [121.254219, 24.919138], [121.253731, 24.919597], [121.254495, 24.918963], [121.254653, 24.919076], [121.255362, 24.918965], [121.255846, 24.91898], [121.255836, 24.918699], [121.256019, 24.9187], [121.255889, 24.918476], [121.255884, 24.917987], [121.255963, 24.917737], [121.256075, 24.917759], [121.255898, 24.917288], [121.256337, 24.917018], [121.255489, 24.916939], [121.255466, 24.916884], [121.255397, 24.917107], [121.255562, 24.916636], [121.255438, 24.918247], [121.25532, 24.918439], [121.256964, 24.91824], [121.257554, 24.917966], [121.257958, 24.91673], [121.257682, 24.916702], [121.258577, 24.916801], [121.259388, 24.917304], [121.259856, 24.917335], [121.259866, 24.917235], [121.259712, 24.917128], [121.259968, 24.917082], [121.259686, 24.917585], [121.259178, 24.917559], [121.259566, 24.917719], [121.259471, 24.917863], [121.259317, 24.917859], [121.259672, 24.917895], [121.259725, 24.918253], [121.258913, 24.917911], [121.260605, 24.918043], [121.260869, 24.917645], [121.260655, 24.917037]]}}, {"type": "Feature", "properties": {"district": "6800800", "segment": 36, "total_segments": 44, "km": 13.22, "villages": ["霄裡里", "龍友里"]}, "geometry": {"type": "LineString", "coordinates": [[121.262411, 24.918458], [121.262769, 24.920087], [121.260579, 24.919264], [121.257557, 24.918859], [121.255237, 24.919983], [121.252547, 24.920936], [121.252013, 24.92157], [121.252173, 24.921618], [121.252471, 24.921321], [121.252568, 24.921697], [121.260255, 24.926296], [121.260203, 24.926421], [121.260267, 24.926544], [121.260083, 24.926601], [121.260124, 24.926697], [121.260381, 24.926619], [121.260337, 24.926527], [121.260388, 24.926817], [121.260561, 24.926977], [121.26692, 24.923288], [121.267235, 24.922662], [121.267414, 24.922468], [121.267537, 24.922521], [121.267356, 24.92272], [121.268096, 24.922618], [121.268141, 24.922738], [121.266888, 24.921856], [121.253747, 24.911169], [121.254816, 24.920317], [121.254696, 24.920677], [121.254861, 24.920882], [121.255197, 24.920992], [121.257077, 24.922916], [121.256944, 24.923369], [121.257072, 24.923688], [121.256959, 24.923731], [121.256821, 24.923403], [121.256691, 24.923449], [121.256834, 24.923817], [121.25714, 24.924412], [121.257367, 24.92433], [121.257427, 24.924449], [121.2572, 24.924547], [121.25727, 24.924696], [121.257596, 24.924571], [121.257658, 24.924715], [121.257329, 24.924828], [121.257397, 24.92498], [121.257733, 24.924864], [121.257795, 24.925022], [121.257505, 24.925118], [121.257538, 24.92529], [121.257955, 24.925142], [121.258028, 24.925275], [121.257608, 24.925457], [121.257743, 24.92577], [121.257014, 24.925983], [121.256926, 24.925782], [121.257881, 24.925545], [121.258046, 24.926031], [121.258447, 24.925891], [121.258453, 24.926052], [121.25809, 24.926125], [121.258153, 24.92634], [121.258689, 24.926158], [121.258728, 24.926317], [121.258197, 24.92644], [121.258239, 24.926675], [121.258833, 24.926496], [121.258892, 24.926671], [121.258291, 24.926832], [121.258376, 24.927038], [121.259055, 24.926784], [121.258942, 24.926659], [121.259237, 24.926528], [121.259637, 24.927231], [121.259405, 24.926979], [121.259388, 24.927524], [121.259452, 24.927659], [121.259358, 24.927694], [121.2593, 24.927557], [121.259212, 24.927621], [121.259335, 24.927918], [121.259442, 24.927883], [121.2594, 24.92779], [121.25949, 24.927762], [121.259539, 24.927847], [121.258194, 24.927025], [121.257048, 24.927437], [121.256653, 24.927488], [121.256599, 24.927372], [121.256899, 24.927245], [121.258147, 24.926878], [121.258092, 24.926726], [121.257301, 24.926938], [121.257233, 24.926758], [121.257153, 24.92639], [121.257899, 24.926178], [121.258042, 24.926625], [121.257887, 24.926549], [121.25737, 24.926699], [121.257317, 24.926559], [121.257841, 24.926394], [121.257783, 24.925866], [121.257032, 24.926076], [121.257119, 24.92629], [121.257738, 24.926091], [121.258091, 24.925794], [121.258358, 24.925745], [121.258268, 24.925593], [121.258039, 24.925658], [121.257989, 24.925493], [121.258167, 24.925445], [121.257864, 24.925499], [121.257843, 24.924999], [121.258217, 24.924676], [121.257668, 24.924009], [121.25749, 24.924092], [121.258777, 24.925705], [121.259091, 24.925611], [121.25914, 24.925725], [121.258875, 24.92583], [121.258718, 24.925849], [121.258681, 24.925769], [121.258871, 24.925944], [121.259188, 24.925846], [121.258802, 24.926023], [121.256937, 24.926336], [121.256764, 24.925824], [121.256213, 24.925975], [121.256317, 24.926153], [121.256713, 24.926056], [121.256752, 24.926179], [121.2564, 24.926259], [121.256516, 24.926446], [121.256811, 24.926364], [121.257119, 24.926856], [121.257134, 24.926964], [121.256538, 24.92716], [121.256463, 24.92697], [121.256843, 24.926891], [121.256665, 24.927527], [121.256924, 24.927941], [121.25715, 24.927797], [121.256989, 24.927656], [121.256897, 24.927698], [121.256953, 24.927795], [121.256813, 24.927561], [121.257316, 24.927485], [121.257394, 24.927545], [121.257403, 24.927883], [121.257308, 24.92799], [121.256968, 24.92817], [121.256904, 24.928076], [121.257215, 24.9279], [121.257392, 24.928089], [121.25704, 24.928279], [121.257103, 24.928399], [121.257507, 24.928186], [121.257562, 24.928282], [121.257168, 24.928498], [121.257236, 24.928588], [121.257661, 24.928352], [121.257708, 24.928452], [121.257302, 24.928676], [121.257365, 24.928775], [121.257828, 24.928518], [121.257597, 24.928259], [121.257817, 24.928661], [121.257944, 24.928586], [121.257998, 24.928673], [121.257484, 24.928964], [121.25743, 24.928881], [121.257779, 24.928679], [121.25791, 24.928859], [121.258104, 24.928751], [121.257572, 24.929061], [121.258055, 24.929883], [121.25948, 24.93049], [121.259562, 24.93062], [121.259707, 24.930554], [121.259395, 24.93077], [121.259244, 24.931051], [121.259733, 24.93115], [121.259927, 24.931283], [121.260179, 24.931174], [121.260116, 24.931379], [121.260444, 24.931496], [121.259942, 24.931127]]}}, {"type": "Feature", "properties": {"district": "6800800", "segment": 37, "total_segments": 44, "km": 15.0, "villages": ["竹園里"]}, "geometry": {"type": "LineString", "coordinates": [[121.262959, 24.931659], [121.264108, 24.932321], [121.264195, 24.932893], [121.264288, 24.932949], [121.264363, 24.933194], [121.264758, 24.933136], [121.264559, 24.933375], [121.264027, 24.933645], [121.26399, 24.933046], [121.264779, 24.933513], [121.265224, 24.933946], [121.26485, 24.934282], [121.264999, 24.934391], [121.264877, 24.934427], [121.264771, 24.934356], [121.264693, 24.934274], [121.264806, 24.934176], [121.264713, 24.934126], [121.264562, 24.934282], [121.264638, 24.934337], [121.264509, 24.934113], [121.264827, 24.933736], [121.265044, 24.933915], [121.26488, 24.9341], [121.265337, 24.934233], [121.265443, 24.934186], [121.265416, 24.934308], [121.265121, 24.934442], [121.265475, 24.934747], [121.265782, 24.934483], [121.265897, 24.934539], [121.265591, 24.935139], [121.265662, 24.935204], [121.265461, 24.935313], [121.265589, 24.935436], [121.2658, 24.935283], [121.266022, 24.935782], [121.265854, 24.93583], [121.265788, 24.935698], [121.265697, 24.935752], [121.265721, 24.935839], [121.26577, 24.935915], [121.265867, 24.935866], [121.266126, 24.935933], [121.265576, 24.936008], [121.265301, 24.935646], [121.265544, 24.935466], [121.265113, 24.936199], [121.264217, 24.936351], [121.263757, 24.936647], [121.263951, 24.937031], [121.263839, 24.937085], [121.263941, 24.937355], [121.26377, 24.93731], [121.263783, 24.937257], [121.264009, 24.937382], [121.263958, 24.937536], [121.264096, 24.937621], [121.263648, 24.937531], [121.264285, 24.937619], [121.264452, 24.938094], [121.264417, 24.93821], [121.264582, 24.938385], [121.264664, 24.938255], [121.26552, 24.93789], [121.265795, 24.938078], [121.266111, 24.939583], [121.265012, 24.941024], [121.264915, 24.941042], [121.265104, 24.941206], [121.265063, 24.94139], [121.264423, 24.941309], [121.264101, 24.940372], [121.264056, 24.940126], [121.26409, 24.940059], [121.264169, 24.940108], [121.26418, 24.940358], [121.26393, 24.939635], [121.26395, 24.939563], [121.264176, 24.939651], [121.264166, 24.939888], [121.263714, 24.938727], [121.263841, 24.9388], [121.263563, 24.938251], [121.263591, 24.938159], [121.26349, 24.938102], [121.263417, 24.937803], [121.263521, 24.937758], [121.263506, 24.937882], [121.263359, 24.937597], [121.263808, 24.937047], [121.263672, 24.93657], [121.263377, 24.936476], [121.263461, 24.936403], [121.2634, 24.936334], [121.263242, 24.936428], [121.263114, 24.935947], [121.262888, 24.936067], [121.263389, 24.936037], [121.265336, 24.933328], [121.266096, 24.933292], [121.266117, 24.933897], [121.266262, 24.933595], [121.266461, 24.933605], [121.266655, 24.933431], [121.267072, 24.933399], [121.267054, 24.933241], [121.267473, 24.933198], [121.267526, 24.933263], [121.267426, 24.933473], [121.267653, 24.933532], [121.26795, 24.933201], [121.267592, 24.932943], [121.26715, 24.932961], [121.267111, 24.932645], [121.267261, 24.932631], [121.267282, 24.932714], [121.266858, 24.933003], [121.266915, 24.933249], [121.267003, 24.93324], [121.266639, 24.93332], [121.266797, 24.933588], [121.267179, 24.933577], [121.267075, 24.933725], [121.267128, 24.933812], [121.266963, 24.933786], [121.266661, 24.934237], [121.266667, 24.93469], [121.267218, 24.93465], [121.266899, 24.934843], [121.266799, 24.934868], [121.266778, 24.93481], [121.266659, 24.9349], [121.266634, 24.934835], [121.267203, 24.934449], [121.267731, 24.935951], [121.268106, 24.936143], [121.2686, 24.936049], [121.268703, 24.937641], [121.268604, 24.937721], [121.269221, 24.938691], [121.268823, 24.939096], [121.269993, 24.937407], [121.270503, 24.937321], [121.270908, 24.937143], [121.27104, 24.937394], [121.271212, 24.93738], [121.271356, 24.937296], [121.271319, 24.937175], [121.271453, 24.937117], [121.271422, 24.936998], [121.271176, 24.937051], [121.271077, 24.93712], [121.271134, 24.93723], [121.271261, 24.937187], [121.270735, 24.936922], [121.270785, 24.937381], [121.270928, 24.937525], [121.271083, 24.938025], [121.271303, 24.938227], [121.271442, 24.938143], [121.271628, 24.938494], [121.271831, 24.938625], [121.271924, 24.938536], [121.271994, 24.938595], [121.271903, 24.938739], [121.272069, 24.938814], [121.272094, 24.93875], [121.272179, 24.938979], [121.272598, 24.938624], [121.272376, 24.938442], [121.272464, 24.938369], [121.272662, 24.93856], [121.27279, 24.938447], [121.272564, 24.93827], [121.272651, 24.938196], [121.272867, 24.93839], [121.273026, 24.938424], [121.272964, 24.938481], [121.273158, 24.938642], [121.27308, 24.938709], [121.272895, 24.938549], [121.272308, 24.939083], [121.27258, 24.939244], [121.272711, 24.939062], [121.272593, 24.938956], [121.27266, 24.938892], [121.272854, 24.939042], [121.272987, 24.938969], [121.272772, 24.938784], [121.272845, 24.938715], [121.273109, 24.93892], [121.273199, 24.938814], [121.273113, 24.938737], [121.273184, 24.938367], [121.272609, 24.937958], [121.272684, 24.937883], [121.273019, 24.938048], [121.272361, 24.938616], [121.272413, 24.938691], [121.272346, 24.938748], [121.271798, 24.939022], [121.271167, 24.938914], [121.271243, 24.939407], [121.2714, 24.939606], [121.271973, 24.939802], [121.271258, 24.940574], [121.271379, 24.940699], [121.270989, 24.940281], [121.271206, 24.938411], [121.271466, 24.937809], [121.27136, 24.937704], [121.271152, 24.937704], [121.271058, 24.937595], [121.271851, 24.937275], [121.271816, 24.937189], [121.270621, 24.936454], [121.270415, 24.936394], [121.270493, 24.936014], [121.270437, 24.935805], [121.270959, 24.935395], [121.270564, 24.934297], [121.270752, 24.934305], [121.27058, 24.934154], [121.270531, 24.933855], [121.270743, 24.933883], [121.270749, 24.934075], [121.270344, 24.934149], [121.270168, 24.93326], [121.270258, 24.933247], [121.269881, 24.933309], [121.27008, 24.933408], [121.270143, 24.933815], [121.270026, 24.93394], [121.270067, 24.934203], [121.270218, 24.934187], [121.270204, 24.93408], [121.270353, 24.934185], [121.270387, 24.934437], [121.270184, 24.934371], [121.270559, 24.933194], [121.270828, 24.933175], [121.271069, 24.933275], [121.271187, 24.932909], [121.270667, 24.932844], [121.269501, 24.933011], [121.269654, 24.933149], [121.270235, 24.933097], [121.270534, 24.932392], [121.27122, 24.931988], [121.271476, 24.931973], [121.271476, 24.931887], [121.271531, 24.932262], [121.272723, 24.932063], [121.272751, 24.932186], [121.271555, 24.932355], [121.27159, 24.932537], [121.272847, 24.932338], [121.272863, 24.932575], [121.274182, 24.932491], [121.275091, 24.932334], [121.275164, 24.932735], [121.274936, 24.932832], [121.275436, 24.932623], [121.27414, 24.931067], [121.272488, 24.931176], [121.271371, 24.931359], [121.271269, 24.93145], [121.271188, 24.931018], [121.272375, 24.930823], [121.272405, 24.931053], [121.271331, 24.931187], [121.271143, 24.930919], [121.270975, 24.930433], [121.271108, 24.930488], [121.271988, 24.930345], [121.271977, 24.930273], [121.27211, 24.930726], [121.271264, 24.930865], [121.271194, 24.930696], [121.271974, 24.930574], [121.272153, 24.93072], [121.272388, 24.930688], [121.272189, 24.930232], [121.270585, 24.930256], [121.270613, 24.930726], [121.271611, 24.932078], [121.272659, 24.931906], [121.272536, 24.932714], [121.2724, 24.932648], [121.271955, 24.932812], [121.271845, 24.932732], [121.271715, 24.93278], [121.272319, 24.934076], [121.272718, 24.933896], [121.272761, 24.936024], [121.27498, 24.937885], [121.275144, 24.93816], [121.273495, 24.93915], [121.273176, 24.939776], [121.273577, 24.940205], [121.274084, 24.940507], [121.274023, 24.940986], [121.274674, 24.941417], [121.275357, 24.941645], [121.275563, 24.94184], [121.275895, 24.941838], [121.276236, 24.941622], [121.276117, 24.941318], [121.275915, 24.941322], [121.275952, 24.941081], [121.276063, 24.941128], [121.276062, 24.941226], [121.275696, 24.941328], [121.275758, 24.941232], [121.275737, 24.940933], [121.275972, 24.940909], [121.275127, 24.941071], [121.275162, 24.941193]]}}, {"type": "Feature", "properties": {"district": "6800800", "segment": 38, "total_segments": 44, "km": 14.99, "villages": ["竹園里", "白鷺里"]}, "geometry": {"type": "LineString", "coordinates": [[121.275337, 24.941149], [121.275353, 24.941321], [121.275511, 24.941291], [121.275447, 24.941099], [121.275543, 24.941405], [121.275056, 24.942041], [121.27573, 24.942232], [121.275562, 24.942816], [121.276393, 24.942022], [121.274907, 24.940916], [121.274236, 24.944491], [121.274517, 24.944615], [121.272921, 24.945021], [121.274309, 24.946631], [121.275887, 24.948178], [121.270197, 24.947552], [121.27019, 24.947347], [121.269889, 24.946604], [121.268938, 24.945844], [121.268736, 24.946029], [121.268996, 24.946234], [121.269046, 24.946171], [121.269184, 24.94775], [121.266233, 24.947418], [121.26618, 24.947349], [121.265893, 24.946245], [121.265373, 24.944736], [121.265441, 24.944513], [121.265244, 24.944311], [121.265019, 24.943437], [121.265029, 24.942999], [121.265781, 24.943217], [121.265967, 24.943095], [121.266305, 24.943319], [121.266386, 24.943058], [121.26614, 24.943052], [121.265932, 24.942703], [121.265823, 24.943914], [121.265908, 24.944306], [121.266112, 24.944315], [121.266006, 24.944697], [121.266323, 24.944276], [121.266497, 24.944201], [121.266652, 24.944266], [121.266567, 24.944468], [121.266704, 24.944515], [121.268363, 24.942319], [121.268858, 24.94113], [121.270146, 24.944359], [121.266753, 24.945833], [121.265862, 24.933583], [121.266212, 24.933029], [121.265932, 24.932835], [121.26658, 24.933028], [121.265048, 24.93284], [121.267034, 24.931484], [121.266995, 24.931302], [121.267121, 24.931232], [121.267229, 24.93156], [121.267123, 24.931594], [121.26706, 24.931512], [121.267463, 24.931488], [121.26733, 24.93141], [121.267244, 24.931197], [121.267725, 24.930998], [121.267341, 24.930483], [121.267746, 24.93183], [121.268037, 24.931813], [121.268186, 24.932002], [121.268285, 24.932792], [121.268931, 24.932643], [121.271797, 24.94574], [121.27249, 24.946692], [121.272741, 24.946755], [121.272998, 24.94734], [121.272511, 24.947507], [121.272594, 24.947618], [121.273249, 24.947441], [121.273228, 24.947372], [121.273263, 24.947478], [121.273167, 24.947587], [121.272842, 24.947693], [121.273044, 24.947326], [121.273572, 24.947373], [121.271127, 24.947706], [121.271111, 24.947629], [121.271058, 24.947895], [121.270972, 24.947226], [121.271347, 24.949281], [121.271093, 24.950251], [121.271161, 24.950634], [121.271718, 24.950545], [121.272272, 24.950595], [121.272359, 24.950273], [121.272937, 24.95064], [121.273011, 24.950963], [121.273157, 24.950752], [121.273364, 24.950681], [121.273242, 24.951027], [121.273462, 24.951805], [121.271977, 24.952868], [121.272248, 24.953191], [121.272115, 24.953388], [121.271654, 24.953359], [121.271443, 24.95385], [121.27121, 24.954154], [121.270743, 24.954226], [121.271365, 24.954309], [121.271536, 24.95423], [121.271501, 24.954526], [121.272116, 24.95389], [121.273787, 24.95423], [121.273949, 24.954067], [121.274332, 24.954739], [121.274672, 24.954744], [121.274761, 24.954224], [121.275201, 24.953138], [121.275389, 24.953272], [121.275468, 24.953038], [121.275299, 24.953025], [121.275138, 24.952834], [121.275092, 24.952678], [121.275243, 24.95265], [121.275695, 24.952738], [121.277081, 24.95405], [121.276416, 24.955043], [121.276488, 24.955815], [121.276957, 24.955842], [121.276793, 24.956019], [121.276229, 24.956012], [121.276212, 24.955813], [121.275925, 24.956031], [121.27592, 24.956435], [121.274872, 24.95639], [121.274975, 24.956665], [121.275936, 24.956671], [121.275948, 24.956778], [121.276235, 24.9568], [121.276284, 24.956225], [121.275288, 24.956007], [121.274385, 24.957646], [121.272519, 24.957653], [121.272114, 24.95777], [121.272143, 24.957898], [121.272509, 24.95794], [121.27275, 24.958281], [121.272976, 24.958044], [121.273125, 24.958428], [121.273369, 24.958681], [121.27322, 24.958866], [121.272982, 24.958807], [121.272885, 24.959016], [121.272752, 24.958975], [121.275113, 24.959659], [121.275103, 24.959871], [121.275472, 24.959911], [121.275147, 24.96023], [121.275606, 24.960739], [121.275378, 24.961196], [121.275426, 24.961301], [121.275654, 24.961415], [121.275805, 24.961336], [121.275856, 24.961386], [121.276137, 24.960998]]}}, {"type": "Feature", "properties": {"district": "6800800", "segment": 39, "total_segments": 44, "km": 14.98, "villages": ["白鷺里"]}, "geometry": {"type": "LineString", "coordinates": [[121.275917, 24.96089], [121.275784, 24.961193], [121.275607, 24.961109], [121.275807, 24.96084], [121.275458, 24.961533], [121.27566, 24.96183], [121.27545, 24.962078], [121.275739, 24.962142], [121.275576, 24.962481], [121.274641, 24.961764], [121.274287, 24.961883], [121.27394, 24.959671], [121.27359, 24.959464], [121.273508, 24.958955], [121.272605, 24.958748], [121.272572, 24.95861], [121.272472, 24.958891], [121.272378, 24.958883], [121.272556, 24.958929], [121.272342, 24.959063], [121.272095, 24.958788], [121.271848, 24.958974], [121.271796, 24.959101], [121.271073, 24.958834], [121.271106, 24.958754], [121.271024, 24.958957], [121.270791, 24.958958], [121.270889, 24.95845], [121.271481, 24.958666], [121.271275, 24.958243], [121.270978, 24.958155], [121.270835, 24.957994], [121.270896, 24.957715], [121.270784, 24.957472], [121.270777, 24.957102], [121.270849, 24.956367], [121.270991, 24.956364], [121.27099, 24.956565], [121.271096, 24.95658], [121.271093, 24.956415], [121.270542, 24.9561], [121.270993, 24.95584], [121.270965, 24.955608], [121.270737, 24.955638], [121.271106, 24.955584], [121.271281, 24.956016], [121.271707, 24.956165], [121.272836, 24.956126], [121.271345, 24.957582], [121.270476, 24.957577], [121.269948, 24.958057], [121.269795, 24.958104], [121.269926, 24.958311], [121.27007, 24.959024], [121.270382, 24.959149], [121.270273, 24.959384], [121.270151, 24.959448], [121.269967, 24.959298], [121.269597, 24.959349], [121.270147, 24.960043], [121.270017, 24.960413], [121.269763, 24.960438], [121.269751, 24.960262], [121.269408, 24.960452], [121.269432, 24.960625], [121.270085, 24.960769], [121.27017, 24.960609], [121.27038, 24.960635], [121.270756, 24.960966], [121.27088, 24.960829], [121.271158, 24.960904], [121.270865, 24.960428], [121.270565, 24.959708], [121.27059, 24.959171], [121.270434, 24.958994], [121.270467, 24.958885], [121.26927, 24.957893], [121.26861, 24.958497], [121.268378, 24.958402], [121.26844, 24.958296], [121.267541, 24.958403], [121.267158, 24.958568], [121.267313, 24.95877], [121.266787, 24.958621], [121.266394, 24.958782], [121.266181, 24.958729], [121.266115, 24.958959], [121.26589, 24.958864], [121.265416, 24.958861], [121.265296, 24.958752], [121.265305, 24.958593], [121.265406, 24.958566], [121.265458, 24.958703], [121.265717, 24.958303], [121.265413, 24.95835], [121.265277, 24.958197], [121.265337, 24.958076], [121.265421, 24.958046], [121.265424, 24.958113], [121.265527, 24.957808], [121.265272, 24.957868], [121.265331, 24.957926], [121.265242, 24.957944], [121.265041, 24.957876], [121.264769, 24.958301], [121.265031, 24.958386], [121.264769, 24.958441], [121.264732, 24.958546], [121.265106, 24.958524], [121.265122, 24.958384], [121.265307, 24.958395], [121.265285, 24.958468], [121.265229, 24.958266], [121.265153, 24.958294], [121.264798, 24.958012], [121.264855, 24.957891], [121.265072, 24.957804], [121.265352, 24.957039], [121.265295, 24.956923], [121.265034, 24.957578], [121.265594, 24.957607], [121.265382, 24.957457], [121.265685, 24.95724], [121.266129, 24.957328], [121.265893, 24.957183], [121.265937, 24.95697], [121.265799, 24.956954], [121.265767, 24.957161], [121.265702, 24.957174], [121.265657, 24.957034], [121.265531, 24.957007], [121.26559, 24.956748], [121.2655, 24.956708], [121.265558, 24.956628], [121.265417, 24.956878], [121.265311, 24.956868], [121.265657, 24.956956], [121.265823, 24.956896], [121.265802, 24.956663], [121.265921, 24.956591], [121.265888, 24.956469], [121.266053, 24.956414], [121.266222, 24.956471], [121.266127, 24.956666], [121.26606, 24.956658], [121.266131, 24.956743], [121.265969, 24.956831], [121.265958, 24.956735], [121.265962, 24.956638], [121.266059, 24.957049], [121.266282, 24.957095], [121.267511, 24.956825], [121.267771, 24.956542], [121.268079, 24.956595], [121.268096, 24.956707], [121.267501, 24.955341], [121.267473, 24.955093], [121.267255, 24.955088], [121.267037, 24.955358], [121.266655, 24.955436], [121.266821, 24.955681], [121.266298, 24.955924], [121.26616, 24.95608], [121.26704, 24.955007], [121.266988, 24.954714], [121.267085, 24.952958], [121.267433, 24.95294], [121.267433, 24.952852], [121.267165, 24.952857], [121.267117, 24.952729], [121.267035, 24.952955], [121.267225, 24.952228], [121.26756, 24.952362], [121.267097, 24.950542], [121.268574, 24.949826], [121.268605, 24.949708], [121.267, 24.948851], [121.26695, 24.948367], [121.267594, 24.947951], [121.27047, 24.950674], [121.270653, 24.951607], [121.271088, 24.951795], [121.269145, 24.954271], [121.269074, 24.954557], [121.269416, 24.954691], [121.265671, 24.957961], [121.265949, 24.958508], [121.265575, 24.959124], [121.265465, 24.959176], [121.265774, 24.959445], [121.265856, 24.959331], [121.266239, 24.959309], [121.266222, 24.959192], [121.26613, 24.959586], [121.265733, 24.959909], [121.265894, 24.960023], [121.265975, 24.960584], [121.26701, 24.961418], [121.268649, 24.960812], [121.265216, 24.958847], [121.265129, 24.958733], [121.265176, 24.958664], [121.266037, 24.963685], [121.266073, 24.963812], [121.266193, 24.963725], [121.266446, 24.963919], [121.266661, 24.964208], [121.266557, 24.96459], [121.266665, 24.964606], [121.266398, 24.9646], [121.266526, 24.964252], [121.266326, 24.964369], [121.266261, 24.964594], [121.266156, 24.964498], [121.266145, 24.964555], [121.266201, 24.964346], [121.266034, 24.964533], [121.265851, 24.964521], [121.265973, 24.964079], [121.269011, 24.965156], [121.270226, 24.965325], [121.276251, 24.964226], [121.276404, 24.964476], [121.276388, 24.96362], [121.277264, 24.963678], [121.277281, 24.963773], [121.277581, 24.963751], [121.278132, 24.964107], [121.278359, 24.964105], [121.278438, 24.964223], [121.278319, 24.96402], [121.278438, 24.963865], [121.278363, 24.963423], [121.27888, 24.96328], [121.279142, 24.963015], [121.279265, 24.963025], [121.279339, 24.962946], [121.279281, 24.96282], [121.279313, 24.962474], [121.279192, 24.96243], [121.279218, 24.962306], [121.279133, 24.96289], [121.278926, 24.962883], [121.279079, 24.961431], [121.279121, 24.961224], [121.279247, 24.961081], [121.279197, 24.960923], [121.279263, 24.960412], [121.279263, 24.96028], [121.279018, 24.959992], [121.278965, 24.959388], [121.279264, 24.959179], [121.278869, 24.960455], [121.278343, 24.960307], [121.278233, 24.960207], [121.278025, 24.960239], [121.277774, 24.959757], [121.277255, 24.960465], [121.277389, 24.960998], [121.278444, 24.960753], [121.276655, 24.960109], [121.276625, 24.959054], [121.276572, 24.959022], [121.276813, 24.958868], [121.276958, 24.958976], [121.276786, 24.958675], [121.276582, 24.958693], [121.276861, 24.958399], [121.276646, 24.958246], [121.27654, 24.958039], [121.276739, 24.95796], [121.276804, 24.958141], [121.277162, 24.958398], [121.27724, 24.958264], [121.276959, 24.958079], [121.277271, 24.957367], [121.277655, 24.958038], [121.277634, 24.958141], [121.27735, 24.958363]]}}, {"type": "Feature", "properties": {"district": "6800800", "segment": 40, "total_segments": 44, "km": 14.91, "villages": ["白鷺里", "茄苳里"]}, "geometry": {"type": "LineString", "coordinates": [[121.277447, 24.958501], [121.277399, 24.958587], [121.277558, 24.958571], [121.277203, 24.958625], [121.27718, 24.95871], [121.276897, 24.958425], [121.27559, 24.959406], [121.274951, 24.959428], [121.274534, 24.959253], [121.274465, 24.958709], [121.274596, 24.958689], [121.274584, 24.958573], [121.274819, 24.958526], [121.274842, 24.958651], [121.274722, 24.958668], [121.274668, 24.958809], [121.27474, 24.958985], [121.275123, 24.95897], [121.274452, 24.958581], [121.278486, 24.957717], [121.27855, 24.957272], [121.27874, 24.957315], [121.27865, 24.957593], [121.278752, 24.957716], [121.278926, 24.957611], [121.278811, 24.957496], [121.278855, 24.957376], [121.278722, 24.957742], [121.278565, 24.957865], [121.278427, 24.957344], [121.278795, 24.964186], [121.278718, 24.96479], [121.279943, 24.964739], [121.280813, 24.96453], [121.281098, 24.964371], [121.281241, 24.96455], [121.281456, 24.964174], [121.282061, 24.964404], [121.282015, 24.964489], [121.281538, 24.964294], [121.281471, 24.96442], [121.281962, 24.964611], [121.281919, 24.964689], [121.281435, 24.964496], [121.281375, 24.964619], [121.281862, 24.964815], [121.282032, 24.964767], [121.282201, 24.964378], [121.282114, 24.964283], [121.281626, 24.964099], [121.281285, 24.964215], [121.281231, 24.964361], [121.282493, 24.965053], [121.282514, 24.965269], [121.283138, 24.965495], [121.283455, 24.96592], [121.283163, 24.966214], [121.282611, 24.965978], [121.282576, 24.966118], [121.283032, 24.966293], [121.282975, 24.96641], [121.28249, 24.966222], [121.282809, 24.966535], [121.283746, 24.966791], [121.284067, 24.967551], [121.283652, 24.968073], [121.284358, 24.968784], [121.28433, 24.969616], [121.285151, 24.969639], [121.285348, 24.969819], [121.28517, 24.970585], [121.285535, 24.970714], [121.28348, 24.96908], [121.285277, 24.967], [121.285477, 24.966598], [121.284848, 24.96616], [121.284703, 24.965773], [121.284888, 24.965174], [121.285634, 24.965229], [121.285744, 24.965404], [121.285966, 24.965032], [121.286334, 24.965298], [121.286383, 24.965128], [121.285804, 24.964784], [121.285875, 24.964684], [121.286468, 24.965053], [121.286561, 24.964927], [121.285894, 24.96452], [121.285949, 24.964389], [121.286652, 24.964778], [121.286545, 24.964421], [121.28618, 24.964169], [121.286064, 24.964176], [121.28603, 24.964276], [121.285881, 24.964143], [121.2857, 24.964592], [121.285454, 24.964792], [121.285624, 24.965054], [121.285887, 24.964986], [121.286118, 24.965302], [121.285653, 24.965509], [121.284758, 24.964523], [121.284873, 24.964342], [121.284676, 24.964122], [121.283712, 24.964585], [121.283747, 24.96468], [121.283645, 24.964756], [121.283759, 24.965366], [121.284075, 24.965493], [121.284265, 24.965099], [121.286328, 24.964005], [121.286522, 24.963767], [121.286303, 24.963361], [121.28582, 24.963], [121.285713, 24.962258], [121.287552, 24.963545], [121.287453, 24.964411], [121.28726, 24.964353], [121.286353, 24.966965], [121.287354, 24.96875], [121.289818, 24.962178], [121.290018, 24.962238], [121.290282, 24.962073], [121.281788, 24.967073], [121.281284, 24.967467], [121.281159, 24.967335], [121.281617, 24.966993], [121.281353, 24.966997], [121.280964, 24.966582], [121.280871, 24.966732], [121.2812, 24.967153], [121.281321, 24.967654], [121.281778, 24.967624], [121.281778, 24.967378], [121.280596, 24.966469], [121.280425, 24.966432], [121.280073, 24.966683], [121.2799, 24.966938], [121.279671, 24.966961], [121.279533, 24.967503], [121.278327, 24.9674], [121.27831, 24.967574], [121.278625, 24.967662], [121.279499, 24.967641], [121.279775, 24.968583], [121.280077, 24.968566], [121.280169, 24.968349], [121.279105, 24.968263], [121.27887, 24.968164], [121.278137, 24.968235], [121.277853, 24.968028], [121.277322, 24.967997], [121.277373, 24.968208], [121.277707, 24.968214], [121.2778, 24.9686], [121.277589, 24.968624], [121.277805, 24.968908], [121.277797, 24.969355], [121.277662, 24.969516], [121.277633, 24.970046], [121.277519, 24.970041], [121.277541, 24.969508], [121.277364, 24.969506], [121.277346, 24.97016], [121.276576, 24.970126], [121.276581, 24.970256], [121.277686, 24.970295], [121.277586, 24.970171], [121.277408, 24.97016], [121.277429, 24.970488], [121.275829, 24.970406], [121.275818, 24.97052], [121.277197, 24.97058], [121.277189, 24.970631], [121.277522, 24.970599], [121.277528, 24.97049], [121.278314, 24.97053], [121.277969, 24.970655], [121.277642, 24.970613], [121.277619, 24.97084], [121.277281, 24.970749], [121.27564, 24.970686], [121.275678, 24.970615], [121.27543, 24.971168], [121.275179, 24.971092], [121.275218, 24.970828], [121.275444, 24.970514], [121.275393, 24.970389], [121.275584, 24.97032], [121.276126, 24.968997], [121.276471, 24.968357], [121.276509, 24.968064], [121.276417, 24.967766], [121.27691, 24.968035], [121.276788, 24.968267], [121.276971, 24.968514], [121.277229, 24.968203], [121.277002, 24.96792], [121.277343, 24.96707], [121.277143, 24.967004], [121.276915, 24.96739], [121.276995, 24.966773], [121.276725, 24.966719], [121.276777, 24.966622], [121.277048, 24.966661], [121.27719, 24.966697], [121.277152, 24.966823], [121.277514, 24.966141], [121.277461, 24.966041], [121.277766, 24.96616], [121.277948, 24.966013], [121.27816, 24.965753], [121.278272, 24.965341], [121.277921, 24.965263], [121.277868, 24.965339], [121.277971, 24.965151], [121.278436, 24.964789], [121.27873, 24.965156], [121.278705, 24.965978], [121.278442, 24.966411], [121.278032, 24.966365], [121.278123, 24.966549], [121.278625, 24.966618], [121.278585, 24.966879], [121.278396, 24.966857], [121.278374, 24.967037], [121.279515, 24.967105], [121.279418, 24.96729], [121.27834, 24.967212], [121.277754, 24.967372], [121.27798, 24.967006]]}}, {"type": "Feature", "properties": {"district": "6800800", "segment": 41, "total_segments": 44, "km": 14.95, "villages": ["茄苳里", "永豐里"]}, "geometry": {"type": "LineString", "coordinates": [[121.279095, 24.96685], [121.279628, 24.966917], [121.279628, 24.966794], [121.279979, 24.966366], [121.280346, 24.966132], [121.279901, 24.967301], [121.279212, 24.96871], [121.278933, 24.968689], [121.278955, 24.969333], [121.279198, 24.969847], [121.279687, 24.969907], [121.279646, 24.969613], [121.279827, 24.96962], [121.279511, 24.969255], [121.278582, 24.969297], [121.278563, 24.96859], [121.278349, 24.968668], [121.278123, 24.968595], [121.278247, 24.968923], [121.278197, 24.969097], [121.278396, 24.969552], [121.278391, 24.970076], [121.278193, 24.970071], [121.278241, 24.969542], [121.278114, 24.969525], [121.278095, 24.970059], [121.277916, 24.97006], [121.277945, 24.969644], [121.277816, 24.969641], [121.277807, 24.970057], [121.277474, 24.970485], [121.277344, 24.97089], [121.275761, 24.970809], [121.275714, 24.971012], [121.276279, 24.971041], [121.276263, 24.97114], [121.27571, 24.971137], [121.276315, 24.97114], [121.276275, 24.970264], [121.275944, 24.970204], [121.275948, 24.970094], [121.27635, 24.969755], [121.276747, 24.969855], [121.27658, 24.969196], [121.276345, 24.969185], [121.276632, 24.968783], [121.277366, 24.969465], [121.275404, 24.969477], [121.27489, 24.969802], [121.274716, 24.971062], [121.273074, 24.969827], [121.273088, 24.969399], [121.273202, 24.969276], [121.273094, 24.969097], [121.273492, 24.968764], [121.273246, 24.968567], [121.273374, 24.968477], [121.27324, 24.968341], [121.272776, 24.968045], [121.274013, 24.967948], [121.274231, 24.967743], [121.273915, 24.967437], [121.274069, 24.967042], [121.274318, 24.967034], [121.274496, 24.967198], [121.274523, 24.96699], [121.274716, 24.967069], [121.274756, 24.967338], [121.274635, 24.967927], [121.274735, 24.967954], [121.274513, 24.968096], [121.274765, 24.96835], [121.274905, 24.968172], [121.275046, 24.968205], [121.275225, 24.967973], [121.274423, 24.967493], [121.273808, 24.966992], [121.273311, 24.966979], [121.27459, 24.966326], [121.274903, 24.966336], [121.275438, 24.96614], [121.275922, 24.966128], [121.276311, 24.966286], [121.276669, 24.96553], [121.276832, 24.965588], [121.276726, 24.965318], [121.276025, 24.965089], [121.27607, 24.965283], [121.275767, 24.965987], [121.275491, 24.96597], [121.275617, 24.966414], [121.275713, 24.9664], [121.275524, 24.966442], [121.276114, 24.966387], [121.276267, 24.966525], [121.276121, 24.966958], [121.276317, 24.96697], [121.276437, 24.966572], [121.276572, 24.966575], [121.27667, 24.966354], [121.276797, 24.966374], [121.276532, 24.966333], [121.276181, 24.966062], [121.276457, 24.965436], [121.276296, 24.965371], [121.276018, 24.966001], [121.276667, 24.966865], [121.276802, 24.966888], [121.277091, 24.966513], [121.277121, 24.96634], [121.277608, 24.966547], [121.277586, 24.966593], [121.277804, 24.96623], [121.27753, 24.966865], [121.277265, 24.964362], [121.276129, 24.963914], [121.275006, 24.964147], [121.274507, 24.964128], [121.274506, 24.964387], [121.274263, 24.964476], [121.274149, 24.96461], [121.273884, 24.964389], [121.27385, 24.964114], [121.274211, 24.96426], [121.274361, 24.963824], [121.27347, 24.963629], [121.273183, 24.963951], [121.273336, 24.964727], [121.273574, 24.964746], [121.273689, 24.964653], [121.273539, 24.965007], [121.274045, 24.96277], [121.274251, 24.962579], [121.274224, 24.962403], [121.274333, 24.962296], [121.274423, 24.962472], [121.274942, 24.962566], [121.274786, 24.962093], [121.274615, 24.962089], [121.274576, 24.962584], [121.281371, 24.969537], [121.28129, 24.969679], [121.281313, 24.970025], [121.281267, 24.970249], [121.281563, 24.97033], [121.281535, 24.970204], [121.281398, 24.970178], [121.281539, 24.970016], [121.28118, 24.970019], [121.281073, 24.970063], [121.281025, 24.970208], [121.281131, 24.970226], [121.28109, 24.970458], [121.280965, 24.970422], [121.281388, 24.970523], [121.281807, 24.97044], [121.28268, 24.970034], [121.282869, 24.97008], [121.283344, 24.970494], [121.282993, 24.971478], [121.282563, 24.970889], [121.28075, 24.970121], [121.280087, 24.970369], [121.280262, 24.97085], [121.280371, 24.970905], [121.280243, 24.97112], [121.28044, 24.971125], [121.280473, 24.971265], [121.280353, 24.971717], [121.280218, 24.971702], [121.280245, 24.971875], [121.280103, 24.971966], [121.280183, 24.972062], [121.280077, 24.972148], [121.280092, 24.972264], [121.280169, 24.972332], [121.28008, 24.972389], [121.279901, 24.973296], [121.279135, 24.974442], [121.279217, 24.974469], [121.278847, 24.974388], [121.278808, 24.974493], [121.279161, 24.974614], [121.279115, 24.97475], [121.278681, 24.97462], [121.278637, 24.974745], [121.279068, 24.974871], [121.279029, 24.975015], [121.278631, 24.974905], [121.278696, 24.975044], [121.278975, 24.975144], [121.279312, 24.975023], [121.279288, 24.974805], [121.279677, 24.974915], [121.27968, 24.974782], [121.279506, 24.974705], [121.278071, 24.974257], [121.278066, 24.97398], [121.278482, 24.973482], [121.276987, 24.973157], [121.276598, 24.973145], [121.276634, 24.973507], [121.276771, 24.973452], [121.276778, 24.973258], [121.276931, 24.973268], [121.276938, 24.973569], [121.276809, 24.973836], [121.276702, 24.97386], [121.276562, 24.973769], [121.276567, 24.973656], [121.27628, 24.973743], [121.276207, 24.973475], [121.27578, 24.973556], [121.275714, 24.973645], [121.275474, 24.97363], [121.275438, 24.973437], [121.275651, 24.973435], [121.275648, 24.973259], [121.275008, 24.973239], [121.275062, 24.973415], [121.275397, 24.973436], [121.275691, 24.973258], [121.27598, 24.973277], [121.275994, 24.972866], [121.27586, 24.972787], [121.275758, 24.972264], [121.275221, 24.972287], [121.275122, 24.972309], [121.275132, 24.972454], [121.275622, 24.972438], [121.275624, 24.972713], [121.274962, 24.972705], [121.275008, 24.972867], [121.2758, 24.972898], [121.275776, 24.973096], [121.27466, 24.973037], [121.274544, 24.973139], [121.274859, 24.973241], [121.274625, 24.973724], [121.274249, 24.973499], [121.274207, 24.973669], [121.274772, 24.974027], [121.274674, 24.974064], [121.274759, 24.974206], [121.274673, 24.974288], [121.274836, 24.974141], [121.275041, 24.974146], [121.274834, 24.974821], [121.275134, 24.974848], [121.275325, 24.97479], [121.275355, 24.974705], [121.275517, 24.974719], [121.275436, 24.975012], [121.275721, 24.975075], [121.275684, 24.975256], [121.275404, 24.975226], [121.275319, 24.975422], [121.275777, 24.975536], [121.275824, 24.975384], [121.27532, 24.975694], [121.275149, 24.976038], [121.274975, 24.975956], [121.274877, 24.976064], [121.274853, 24.976203], [121.275008, 24.976346], [121.274976, 24.975821], [121.275141, 24.975238], [121.274849, 24.975463], [121.274445, 24.97533], [121.274534, 24.97553], [121.274413, 24.975836], [121.274589, 24.975901], [121.274707, 24.97557], [121.2746, 24.975978], [121.274056, 24.975828], [121.27398, 24.975892], [121.273899, 24.975826], [121.273979, 24.975761], [121.273715, 24.975668], [121.273804, 24.9756], [121.273702, 24.975512], [121.273624, 24.975581], [121.273537, 24.975511], [121.273611, 24.975427], [121.273333, 24.975198], [121.273248, 24.975282], [121.27342, 24.975429], [121.273332, 24.975537], [121.273602, 24.975771], [121.273467, 24.975813], [121.273303, 24.975659], [121.273129, 24.975192], [121.272979, 24.975071], [121.273063, 24.974981], [121.273216, 24.9751], [121.273375, 24.974992], [121.273173, 24.974819], [121.273525, 24.974586], [121.273261, 24.974452], [121.273351, 24.97444], [121.272789, 24.974946], [121.272855, 24.975016], [121.27299, 24.974921], [121.272746, 24.974578], [121.272981, 24.974318], [121.272996, 24.974134], [121.272752, 24.97397], [121.272897, 24.973816], [121.272569, 24.974119], [121.2726, 24.974694], [121.272137, 24.974968], [121.272152, 24.974696], [121.272073, 24.97468], [121.272089, 24.974601], [121.272181, 24.974625], [121.272325, 24.974411], [121.272405, 24.974519], [121.272307, 24.974618], [121.27245, 24.974481], [121.271484, 24.975282], [121.270681, 24.975677], [121.270479, 24.975193], [121.270648, 24.974974], [121.270683, 24.974345], [121.269969, 24.973661]]}}, {"type": "Feature", "properties": {"district": "6800800", "segment": 42, "total_segments": 44, "km": 14.84, "villages": ["永豐里"]}, "geometry": {"type": "LineString", "coordinates": [[121.269843, 24.973159], [121.269641, 24.973092], [121.269489, 24.972832], [121.269413, 24.972311], [121.269324, 24.972159], [121.269349, 24.971837], [121.269535, 24.971848], [121.269496, 24.97217], [121.269657, 24.97218], [121.269717, 24.971857], [121.269905, 24.971872], [121.269826, 24.972194], [121.269678, 24.97227], [121.270152, 24.971826], [121.270113, 24.9717], [121.270225, 24.971565], [121.269887, 24.971567], [121.271241, 24.971462], [121.271248, 24.971032], [121.270456, 24.971016], [121.270465, 24.970833], [121.271325, 24.970864], [121.271304, 24.970999], [121.271575, 24.971041], [121.2726, 24.971065], [121.272512, 24.97088], [121.271584, 24.970859], [121.271596, 24.970766], [121.272469, 24.970789], [121.272446, 24.970633], [121.272289, 24.970627], [121.27229, 24.970546], [121.272362, 24.97055], [121.271599, 24.970522], [121.2716, 24.970615], [121.272196, 24.970631], [121.272205, 24.97039], [121.272022, 24.97038], [121.271895, 24.970148], [121.271847, 24.970353], [121.271485, 24.970381], [121.271475, 24.970905], [121.27135, 24.970752], [121.271352, 24.970384], [121.271221, 24.970623], [121.271063, 24.970604], [121.271075, 24.970757], [121.27075, 24.970751], [121.271214, 24.970753], [121.270882, 24.970338], [121.270854, 24.970029], [121.270524, 24.969955], [121.270519, 24.970221], [121.27, 24.970204], [121.270058, 24.970397], [121.27049, 24.970466], [121.269953, 24.97044], [121.269597, 24.970613], [121.269408, 24.970911], [121.26917, 24.970833], [121.269402, 24.970518], [121.269411, 24.970256], [121.269648, 24.970349], [121.26964, 24.970424], [121.269702, 24.969896], [121.269931, 24.969567], [121.269921, 24.969077], [121.270844, 24.969066], [121.270907, 24.969172], [121.27087, 24.969651], [121.270625, 24.969652], [121.270545, 24.969202], [121.27072, 24.9692], [121.270614, 24.969732], [121.271543, 24.970205], [121.271573, 24.970155], [121.272329, 24.970395], [121.272874, 24.969903], [121.272923, 24.969269], [121.27284, 24.969164], [121.271625, 24.969417], [121.270753, 24.968292], [121.270137, 24.968631], [121.27011, 24.968789], [121.269456, 24.968622], [121.269408, 24.969769], [121.269199, 24.970022], [121.269031, 24.970964], [121.268798, 24.97108], [121.266622, 24.970988], [121.265859, 24.97075], [121.265373, 24.970689], [121.265318, 24.970621], [121.264887, 24.970918], [121.264873, 24.97124], [121.264661, 24.971423], [121.2645, 24.971871], [121.264524, 24.972235], [121.264406, 24.972525], [121.265148, 24.969725], [121.265435, 24.969687], [121.265607, 24.969265], [121.265787, 24.969131], [121.265843, 24.96901], [121.265612, 24.968965], [121.265942, 24.969148], [121.265425, 24.968073], [121.265383, 24.967546], [121.265228, 24.967837], [121.265283, 24.968126], [121.265725, 24.968203], [121.265547, 24.967164], [121.265076, 24.967259], [121.265023, 24.967098], [121.265504, 24.965495], [121.265433, 24.965319], [121.265462, 24.964636], [121.265561, 24.964637], [121.265582, 24.964732], [121.265565, 24.965361], [121.265692, 24.965366], [121.265737, 24.96465], [121.266538, 24.964787], [121.266467, 24.965062], [121.266228, 24.964999], [121.266235, 24.964918], [121.266405, 24.964971], [121.266115, 24.96485], [121.266122, 24.965102], [121.265996, 24.964974], [121.266002, 24.96479], [121.266111, 24.964814], [121.265857, 24.964781], [121.265814, 24.965471], [121.265949, 24.965466], [121.266044, 24.965197], [121.266171, 24.965296], [121.26605, 24.965426], [121.265969, 24.96508], [121.266308, 24.965148], [121.265895, 24.96563], [121.265688, 24.96465], [121.267533, 24.965179], [121.2706, 24.96545], [121.270932, 24.965344], [121.271028, 24.965048], [121.271361, 24.96485], [121.27374, 24.971446], [121.27395, 24.971759], [121.274076, 24.971784], [121.274187, 24.971552], [121.273933, 24.971884], [121.274407, 24.972232], [121.274262, 24.972451], [121.274074, 24.972507], [121.274443, 24.972794], [121.274197, 24.97316], [121.274193, 24.973281], [121.273556, 24.974087], [121.273747, 24.973968], [121.274085, 24.974219], [121.274205, 24.974071], [121.274004, 24.973895], [121.274663, 24.973743], [121.275566, 24.97403], [121.276059, 24.97401], [121.27636, 24.973901], [121.276095, 24.973786], [121.275694, 24.973759], [121.275602, 24.974204], [121.27574, 24.974232], [121.27559, 24.974629], [121.275355, 24.974407], [121.275323, 24.974195], [121.276367, 24.974208], [121.276355, 24.974681], [121.275998, 24.974716], [121.276618, 24.974871], [121.276926, 24.973865], [121.277113, 24.973935], [121.276375, 24.973469], [121.276347, 24.97301], [121.27646, 24.972802], [121.276637, 24.973028], [121.277042, 24.973047], [121.276986, 24.9729], [121.277097, 24.972303], [121.276938, 24.972242], [121.276885, 24.972004], [121.276184, 24.971815], [121.275825, 24.971779], [121.275611, 24.971979], [121.276102, 24.972115], [121.276068, 24.97148], [121.275576, 24.971486], [121.275393, 24.971611], [121.274476, 24.972762], [121.274821, 24.972887], [121.275672, 24.972713], [121.275976, 24.97335], [121.274707, 24.971968], [121.274893, 24.971752], [121.276139, 24.97148], [121.277051, 24.971599], [121.277081, 24.971846], [121.277193, 24.971928], [121.277322, 24.971781], [121.277321, 24.971628], [121.27826, 24.971218], [121.278129, 24.971057], [121.278327, 24.971019], [121.278659, 24.971435], [121.278677, 24.971628], [121.27845, 24.971575], [121.279181, 24.971742], [121.279007, 24.972167], [121.27873, 24.97092], [121.277889, 24.974774], [121.277764, 24.975703], [121.277277, 24.975603], [121.278304, 24.97568], [121.278322, 24.975595], [121.278455, 24.975638], [121.278451, 24.975808], [121.27856, 24.975795], [121.278622, 24.975633], [121.278465, 24.9756], [121.278452, 24.975527], [121.278323, 24.975807], [121.278699, 24.976103], [121.278775, 24.976392], [121.278177, 24.976474], [121.278893, 24.9756], [121.279287, 24.975743], [121.279245, 24.977264], [121.274152, 24.975465], [121.274079, 24.975538], [121.273988, 24.975456], [121.274056, 24.975385], [121.273962, 24.97531], [121.273891, 24.975375], [121.274117, 24.975157], [121.274198, 24.975221], [121.274143, 24.975275], [121.273974, 24.975142], [121.274066, 24.975058], [121.273973, 24.97498], [121.273879, 24.975073], [121.27378, 24.974999], [121.273881, 24.974902], [121.273789, 24.974824], [121.273683, 24.974925], [121.273571, 24.974845], [121.273594, 24.974976], [121.273509, 24.975107], [121.273442, 24.97505], [121.273576, 24.975165], [121.273688, 24.974739], [121.273562, 24.974705], [121.27349, 24.97478], [121.273312, 24.973702], [121.273663, 24.973239], [121.269456, 24.973607], [121.268336, 24.97429], [121.270099, 24.97553]]}}, {"type": "Feature", "properties": {"district": "6800800", "segment": 43, "total_segments": 44, "km": 14.55, "villages": ["永豐里", "高明里", "高城里"]}, "geometry": {"type": "LineString", "coordinates": [[121.269709, 24.977161], [121.270442, 24.977558], [121.270234, 24.977891], [121.27035, 24.977962], [121.269931, 24.977718], [121.269897, 24.977833], [121.271963, 24.97887], [121.271906, 24.978952], [121.272155, 24.979062], [121.272105, 24.979241], [121.273384, 24.977977], [121.273891, 24.977944], [121.27395, 24.97773], [121.273755, 24.977525], [121.273867, 24.977429], [121.274258, 24.977823], [121.274233, 24.977915], [121.274404, 24.977696], [121.274465, 24.97774], [121.275184, 24.977096], [121.274835, 24.976778], [121.274733, 24.976875], [121.274961, 24.977107], [121.274853, 24.977192], [121.274541, 24.976872], [121.274009, 24.977296], [121.274083, 24.977426], [121.274322, 24.977646], [121.274421, 24.977559], [121.274198, 24.977333], [121.274293, 24.977259], [121.274522, 24.977476], [121.274637, 24.977374], [121.274417, 24.977156], [121.274516, 24.977068], [121.274996, 24.97745], [121.275081, 24.977373], [121.27463, 24.977774], [121.274653, 24.977916], [121.275275, 24.977867], [121.275214, 24.977738], [121.274942, 24.977697], [121.27512, 24.977529], [121.275251, 24.977595], [121.275248, 24.977263], [121.275408, 24.977304], [121.275432, 24.97791], [121.275954, 24.977863], [121.275819, 24.976477], [121.275737, 24.976503], [121.27574, 24.976842], [121.27544, 24.976944], [121.27543, 24.976641], [121.275699, 24.977068], [121.275749, 24.97776], [121.275615, 24.977765], [121.275576, 24.97712], [121.275402, 24.977132], [121.275425, 24.97726], [121.275161, 24.976764], [121.274985, 24.976608], [121.275161, 24.97661], [121.274734, 24.976657], [121.274621, 24.976787], [121.274495, 24.976659], [121.274602, 24.976539], [121.274093, 24.976053], [121.274232, 24.975998], [121.274719, 24.976478], [121.274402, 24.976568], [121.273977, 24.976152], [121.274075, 24.976425], [121.274344, 24.976747], [121.273824, 24.977189], [121.273286, 24.976481], [121.273666, 24.976222], [121.273688, 24.976398], [121.274182, 24.976751], [121.274082, 24.976832], [121.273954, 24.976707], [121.273834, 24.976809], [121.273971, 24.976931], [121.273866, 24.97702], [121.27373, 24.976883], [121.273504, 24.977078], [121.273722, 24.97728], [121.273612, 24.977384], [121.273399, 24.977166], [121.273289, 24.977253], [121.27348, 24.977498], [121.2729, 24.976794], [121.273026, 24.97671], [121.273298, 24.977065], [121.273393, 24.976956], [121.272107, 24.975236], [121.271785, 24.975407], [121.271887, 24.975583], [121.271673, 24.975466], [121.271376, 24.975606], [121.272053, 24.976092], [121.272093, 24.976002], [121.272237, 24.976075], [121.272246, 24.976471], [121.272415, 24.976469], [121.272417, 24.976195], [121.272575, 24.976253], [121.272561, 24.976695], [121.272418, 24.976688], [121.272418, 24.976517], [121.272242, 24.976769], [121.272406, 24.976784], [121.272398, 24.976876], [121.272707, 24.976695], [121.272713, 24.976337], [121.272999, 24.976672], [121.273199, 24.976387], [121.272428, 24.975393], [121.272738, 24.975347], [121.27246, 24.975043], [121.272543, 24.975003], [121.272314, 24.975155], [121.272756, 24.975532], [121.272874, 24.975459], [121.272965, 24.975809], [121.273275, 24.976213], [121.27334, 24.976178], [121.272259, 24.975844], [121.272216, 24.975713], [121.271986, 24.97588], [121.272026, 24.975917], [121.271945, 24.975836], [121.271753, 24.976066], [121.271948, 24.976218], [121.27171, 24.976155], [121.271573, 24.97631], [121.271306, 24.976348], [121.271336, 24.97615], [121.271491, 24.976041], [121.271378, 24.975981], [121.271443, 24.97584], [121.271239, 24.975661], [121.270805, 24.975892], [121.270636, 24.976212], [121.270433, 24.976177], [121.270456, 24.976101], [121.270375, 24.976308], [121.271265, 24.97613], [121.271503, 24.975856], [121.271711, 24.976035], [121.274386, 24.976727], [121.274902, 24.977719], [121.274805, 24.977795], [121.276143, 24.977654], [121.276153, 24.977736], [121.276124, 24.977275], [121.276306, 24.977236], [121.276219, 24.976457], [121.276866, 24.976434], [121.276925, 24.977458], [121.277119, 24.977484], [121.277207, 24.977191], [121.277064, 24.977342], [121.277349, 24.97749], [121.277144, 24.977664], [121.276877, 24.977746], [121.27678, 24.9776], [121.27662, 24.97759], [121.276652, 24.977854], [121.276206, 24.977873], [121.276329, 24.977731], [121.27631, 24.977388], [121.276446, 24.977383], [121.276478, 24.977724], [121.276616, 24.977547], [121.276543, 24.976566], [121.276435, 24.976578], [121.27647, 24.977263], [121.276773, 24.977137], [121.276732, 24.976286], [121.276381, 24.976274], [121.276383, 24.976117], [121.276185, 24.976132], [121.27622, 24.976287], [121.276029, 24.976231], [121.276027, 24.976147], [121.275847, 24.976146], [121.275856, 24.976306], [121.275789, 24.976312], [121.275845, 24.976088], [121.275783, 24.975733], [121.276284, 24.975769], [121.276419, 24.975858], [121.277308, 24.975878], [121.277236, 24.976196], [121.27609, 24.97646], [121.276094, 24.976913], [121.277402, 24.977134], [121.27739, 24.977381], [121.275985, 24.975059], [121.275966, 24.974903], [121.276125, 24.974899], [121.27598, 24.974295], [121.276347, 24.978034], [121.276146, 24.978077], [121.276207, 24.978173], [121.276192, 24.978647], [121.276389, 24.978671], [121.276346, 24.978163], [121.276503, 24.978159], [121.276507, 24.978243], [121.276484, 24.978052], [121.27666, 24.97804], [121.275761, 24.978093], [121.275814, 24.978574], [121.275958, 24.97857], [121.275929, 24.978175], [121.275625, 24.978193], [121.275666, 24.978705], [121.275569, 24.978719], [121.275476, 24.978717], [121.275434, 24.978092], [121.275631, 24.978087], [121.275127, 24.97813], [121.275146, 24.978719], [121.274884, 24.978762], [121.274436, 24.978766], [121.274446, 24.978151], [121.274392, 24.978146], [121.274606, 24.978136], [121.274601, 24.978629], [121.274788, 24.978454], [121.274742, 24.978141], [121.274955, 24.978121], [121.27494, 24.978442], [121.275305, 24.978374], [121.275294, 24.978892], [121.274789, 24.978936], [121.274888, 24.979653], [121.276055, 24.979557], [121.276008, 24.978879], [121.275806, 24.978887], [121.275856, 24.979465], [121.2757, 24.979477], [121.275679, 24.978878], [121.275482, 24.978895], [121.275538, 24.97948], [121.27537, 24.97949], [121.275353, 24.978895], [121.275157, 24.979024], [121.275173, 24.979506], [121.275017, 24.979508], [121.274987, 24.97903], [121.274653, 24.979047], [121.274664, 24.979596], [121.274832, 24.979665], [121.274844, 24.979804], [121.276061, 24.979771], [121.276079, 24.980439], [121.275915, 24.980444], [121.275883, 24.979889], [121.275717, 24.979893], [121.275766, 24.98054], [121.275913, 24.980527], [121.275596, 24.980456], [121.275562, 24.979902], [121.275388, 24.97991], [121.275403, 24.980339], [121.275235, 24.980217], [121.275215, 24.979915], [121.274689, 24.979829], [121.274523, 24.979142], [121.274554, 24.97895], [121.274655, 24.978921], [121.274037, 24.978982], [121.27404, 24.978708], [121.274196, 24.978702], [121.274123, 24.978496], [121.274027, 24.978499], [121.273954, 24.97871], [121.273448, 24.978733], [121.273405, 24.978533], [121.273514, 24.978516], [121.273519, 24.978612], [121.273508, 24.978394], [121.272885, 24.978435], [121.272815, 24.978355], [121.27296, 24.978242], [121.274089, 24.978207], [121.274094, 24.97835], [121.273609, 24.978377], [121.27427, 24.978393], [121.274279, 24.978158], [121.2753, 24.978332], [121.275305, 24.978243], [121.2758, 24.978712], [121.276002, 24.978671], [121.276206, 24.978858], [121.276404, 24.978862], [121.276421, 24.979425], [121.276272, 24.979449], [121.276242, 24.978971], [121.276546, 24.978957], [121.276581, 24.979433], [121.276711, 24.979377], [121.276687, 24.978945], [121.276528, 24.978856], [121.276698, 24.978825], [121.276852, 24.979065], [121.276884, 24.979415], [121.277019, 24.979414], [121.277002, 24.979143], [121.276726, 24.979423], [121.276744, 24.979571], [121.27626, 24.979579], [121.276247, 24.97951], [121.276259, 24.979754], [121.276455, 24.979751], [121.276512, 24.980679], [121.276364, 24.980688], [121.276333, 24.9806], [121.276296, 24.979862], [121.276599, 24.979846], [121.276635, 24.980691], [121.27677, 24.980676], [121.276762, 24.979719], [121.276582, 24.979715], [121.277059, 24.979712], [121.277075, 24.980351], [121.276944, 24.980309], [121.27693, 24.980536], [121.276975, 24.980737], [121.277098, 24.980772], [121.277098, 24.980842], [121.277107, 24.980493], [121.276935, 24.980263], [121.276865, 24.979565], [121.277042, 24.979536], [121.277204, 24.979772], [121.277244, 24.980118], [121.274291, 24.979201]]}}, {"type": "Feature", "properties": {"district": "6800800", "segment": 44, "total_segments": 44, "km": 9.59, "villages": ["茄明里"]}, "geometry": {"type": "LineString", "coordinates": [[121.273788, 24.979699], [121.276418, 24.981502], [121.276599, 24.981737], [121.276818, 24.981588], [121.27707, 24.981661], [121.277084, 24.981754], [121.276813, 24.981946], [121.276676, 24.981816], [121.276362, 24.982051], [121.276156, 24.981874], [121.276068, 24.981951], [121.276376, 24.982198], [121.276151, 24.982396], [121.275813, 24.98205], [121.275961, 24.982042], [121.276174, 24.982239], [121.276391, 24.982093], [121.276712, 24.982356], [121.276181, 24.982834], [121.276235, 24.982875], [121.276033, 24.982701], [121.276346, 24.982434], [121.276171, 24.982657], [121.275997, 24.982731], [121.275888, 24.982625], [121.276067, 24.982465], [121.275733, 24.982176], [121.275706, 24.982315], [121.275896, 24.982489], [121.276504, 24.982353], [121.276508, 24.982289], [121.276965, 24.982961], [121.277393, 24.98327], [121.277789, 24.983431], [121.278105, 24.98312], [121.279233, 24.984099], [121.279369, 24.983897], [121.279076, 24.983658], [121.279146, 24.983524], [121.279618, 24.983518], [121.27961, 24.982948], [121.279001, 24.982963], [121.279023, 24.983118], [121.279494, 24.98316], [121.279495, 24.983277], [121.278845, 24.983305], [121.278745, 24.983119], [121.278577, 24.983093], [121.278558, 24.983157], [121.278517, 24.982999], [121.278352, 24.98288], [121.278483, 24.982761], [121.278564, 24.982833], [121.278244, 24.982516], [121.278082, 24.982484], [121.277948, 24.982753], [121.277807, 24.982816], [121.278039, 24.983004], [121.278203, 24.982708], [121.278103, 24.98243], [121.278011, 24.982386], [121.277957, 24.982023], [121.277701, 24.981814], [121.277531, 24.981776], [121.27749, 24.981841], [121.277444, 24.981757], [121.277066, 24.981941], [121.276963, 24.982096], [121.277431, 24.982388], [121.27769, 24.98268], [121.278629, 24.982544], [121.278855, 24.982809], [121.279018, 24.982613], [121.279214, 24.982617], [121.279208, 24.982358], [121.279192, 24.982784], [121.279841, 24.982947], [121.279848, 24.983537], [121.28039, 24.983522], [121.280393, 24.983631], [121.279878, 24.983661], [121.279962, 24.983836], [121.280251, 24.983829], [121.28011, 24.98394], [121.279786, 24.983837], [121.279361, 24.984203], [121.279733, 24.984572], [121.279903, 24.98441], [121.279799, 24.984129], [121.279649, 24.98415], [121.279458, 24.983855], [121.279654, 24.983674], [121.279272, 24.983644], [121.279957, 24.98327], [121.280344, 24.983259], [121.280336, 24.983162], [121.280007, 24.983157], [121.279998, 24.982954], [121.281094, 24.983034], [121.281109, 24.982952], [121.281127, 24.983163], [121.281758, 24.983486], [121.28179, 24.983283], [121.281531, 24.983584], [121.281612, 24.983643], [121.281561, 24.983777], [121.28169, 24.983904], [121.281569, 24.984023], [121.281509, 24.983979], [121.281696, 24.984138], [121.281388, 24.9842], [121.281533, 24.984491], [121.281601, 24.984474], [121.280997, 24.98445], [121.280719, 24.984858], [121.280423, 24.985095], [121.280778, 24.98553], [121.280488, 24.985738], [121.280064, 24.98538], [121.279525, 24.985423], [121.280173, 24.984941], [121.28005, 24.984781], [121.280339, 24.985026], [121.281082, 24.985249], [121.281506, 24.985512], [121.28143, 24.985897], [121.281329, 24.986], [121.281577, 24.986204], [121.281615, 24.986044], [121.281548, 24.985992], [121.281855, 24.986235], [121.28228, 24.986218], [121.282319, 24.98615], [121.282409, 24.986196], [121.282183, 24.986565], [121.282475, 24.986349], [121.282757, 24.986487], [121.282824, 24.986371], [121.282541, 24.986236], [121.282626, 24.98609], [121.2829, 24.986232], [121.28297, 24.986113], [121.282693, 24.985981], [121.28278, 24.985824], [121.283048, 24.985962], [121.283091, 24.985836], [121.282848, 24.985719], [121.282923, 24.985559], [121.283085, 24.985647], [121.282837, 24.985179], [121.282629, 24.985183], [121.282498, 24.985089], [121.282427, 24.985224], [121.282409, 24.98533], [121.28259, 24.985273], [121.282691, 24.985463], [121.282683, 24.985548], [121.282425, 24.98561], [121.282367, 24.985769], [121.282491, 24.985851], [121.282465, 24.98593], [121.281065, 24.98626], [121.28085, 24.986071], [121.280804, 24.986147], [121.280507, 24.985781], [121.281352, 24.983817], [121.281174, 24.983654], [121.281308, 24.983471], [121.281407, 24.983559], [121.281421, 24.98367], [121.279607, 24.981668], [121.280074, 24.98136], [121.279999, 24.981128], [121.280198, 24.981056], [121.280045, 24.980822], [121.27976, 24.980863], [121.279705, 24.980738], [121.279496, 24.980819], [121.279457, 24.980979], [121.279335, 24.981044], [121.279275, 24.980848], [121.279037, 24.980865], [121.278864, 24.981033], [121.278612, 24.980999], [121.279677, 24.980522], [121.280694, 24.980719], [121.280967, 24.981097], [121.280417, 24.979312], [121.280501, 24.978974], [121.280167, 24.979075], [121.280263, 24.978603], [121.279554, 24.97951], [121.279278, 24.979553], [121.277285, 24.981661], [121.276028, 24.981923], [121.275915, 24.981669], [121.275075, 24.981053], [121.275055, 24.981119], [121.274848, 24.980891], [121.275696, 24.981571], [121.275792, 24.981744], [121.273628, 24.979576], [121.273211, 24.979312], [121.278287, 24.983939], [121.278563, 24.984035], [121.278396, 24.984267], [121.278312, 24.984191], [121.278312, 24.984295], [121.278112, 24.984521], [121.278016, 24.984537], [121.277925, 24.984445]]}}]}