{"type": "FeatureCollection", "features": [{"type": "Feature", "properties": {"district": "6600400", "segment": 1, "total_segments": 19, "km": 10.02, "villages": ["三民里", "利民里"]}, "geometry": {"type": "LineString", "coordinates": [[120.67518, 24.137341], [120.675051, 24.137211], [120.674871, 24.137368], [120.674989, 24.137464], [120.675023, 24.137815], [120.675137, 24.137801], [120.675407, 24.137552], [120.675334, 24.1379], [120.67521, 24.137992], [120.675261, 24.138066], [120.675451, 24.138222], [120.675585, 24.138118], [120.675473, 24.138009], [120.675788, 24.138263], [120.676081, 24.138659], [120.676241, 24.138524], [120.676354, 24.138583], [120.67626, 24.138682], [120.676571, 24.138952], [120.676521, 24.138998], [120.676695, 24.138679], [120.676419, 24.138353], [120.676305, 24.138424], [120.676353, 24.139025], [120.676446, 24.139155], [120.676606, 24.139287], [120.676894, 24.139304], [120.676947, 24.139111], [120.676803, 24.139085], [120.677259, 24.13943], [120.675558, 24.138741], [120.675093, 24.139143], [120.674861, 24.139031], [120.67472, 24.139133], [120.67452, 24.138993], [120.675162, 24.138455], [120.674975, 24.138288], [120.674871, 24.138298], [120.674629, 24.138556], [120.674799, 24.138666], [120.674866, 24.138601], [120.674986, 24.138876], [120.674886, 24.138935], [120.675287, 24.138722], [120.674366, 24.138775], [120.674024, 24.138611], [120.674433, 24.138352], [120.674851, 24.137702], [120.674586, 24.137428], [120.674677, 24.137188], [120.674852, 24.137023], [120.674336, 24.137095], [120.674061, 24.136783], [120.674037, 24.13691], [120.674081, 24.136968], [120.673921, 24.136472], [120.674124, 24.136238], [120.673843, 24.135864], [120.674004, 24.135732], [120.673883, 24.135625], [120.67361, 24.135978], [120.673396, 24.135653], [120.673072, 24.1359], [120.673364, 24.136257], [120.673431, 24.136216], [120.673196, 24.136474], [120.673258, 24.13663], [120.673168, 24.136704], [120.673044, 24.136608], [120.672987, 24.136671], [120.673089, 24.13679], [120.672977, 24.136915], [120.672884, 24.136768], [120.673101, 24.136851], [120.673262, 24.136744], [120.672932, 24.136438], [120.672807, 24.13612], [120.672644, 24.136182], [120.672543, 24.136334], [120.672169, 24.135888], [120.672055, 24.135966], [120.672001, 24.135912], [120.672145, 24.13579], [120.672226, 24.135838], [120.672359, 24.135764], [120.672184, 24.135597], [120.672099, 24.135525], [120.671974, 24.135677], [120.671929, 24.135636], [120.671853, 24.135725], [120.671937, 24.135797], [120.671997, 24.135784], [120.67169, 24.135546], [120.671865, 24.135418], [120.671647, 24.135585], [120.671485, 24.135408], [120.671655, 24.135161], [120.671555, 24.135089], [120.671311, 24.135256], [120.671204, 24.135179], [120.671424, 24.134989], [120.671319, 24.134942], [120.671449, 24.134839], [120.671536, 24.134925], [120.671033, 24.134791], [120.670828, 24.134554], [120.670702, 24.13472], [120.670624, 24.134687], [120.670624, 24.134783], [120.67049, 24.134804], [120.670487, 24.1349], [120.670408, 24.134624], [120.670847, 24.134253], [120.670496, 24.133916], [120.670331, 24.133992], [120.669769, 24.134603], [120.670043, 24.134623], [120.670255, 24.134452], [120.670169, 24.134372], [120.670372, 24.134173], [120.670493, 24.134242], [120.67035, 24.134368], [120.670598, 24.134157], [120.670883, 24.13428], [120.670982, 24.134416], [120.670907, 24.134479], [120.670942, 24.133566], [120.671315, 24.133111], [120.671773, 24.132769], [120.671941, 24.133175], [120.672252, 24.133253], [120.671872, 24.133552], [120.671743, 24.133414], [120.673061, 24.134444], [120.672969, 24.134548], [120.673085, 24.13464], [120.673188, 24.134554], [120.673199, 24.134752], [120.673286, 24.134827], [120.67317, 24.134902], [120.673081, 24.134866], [120.67301, 24.135032], [120.67254, 24.135471], [120.67238, 24.135291], [120.672578, 24.135136], [120.672434, 24.134937], [120.672552, 24.134911], [120.672171, 24.135147], [120.672812, 24.135627], [120.67331, 24.135032], [120.673432, 24.134987], [120.673512, 24.134807], [120.67385, 24.135177], [120.673723, 24.135559], [120.67366, 24.137805], [120.672532, 24.137779], [120.675791, 24.137622], [120.675854, 24.137521], [120.675944, 24.137539], [120.676031, 24.137531], [120.676163, 24.137351], [120.676351, 24.137595], [120.67664, 24.137774], [120.676223, 24.138108], [120.67626, 24.137921], [120.676438, 24.137762], [120.676145, 24.13778], [120.676136, 24.137926], [120.676221, 24.137555], [120.676002, 24.137327], [120.676111, 24.137254], [120.675901, 24.137414], [120.675782, 24.137183], [120.675922, 24.137081], [120.675838, 24.137006], [120.675954, 24.136893], [120.676096, 24.13691], [120.676188, 24.136754], [120.676462, 24.13657], [120.676029, 24.13628], [120.675982, 24.136218], [120.676084, 24.136175], [120.675923, 24.136356], [120.675683, 24.136239], [120.676098, 24.135852], [120.676854, 24.136632], [120.676312, 24.137063], [120.676336, 24.137151], [120.676664, 24.137381], [120.676857, 24.137636], [120.676926, 24.137494], [120.67739, 24.137154], [120.676948, 24.136683], [120.676582, 24.136982], [120.676922, 24.137059], [120.677015, 24.138142], [120.677142, 24.138229], [120.676813, 24.138389], [120.676632, 24.13813], [120.676432, 24.138341], [120.676923, 24.138729], [120.677177, 24.138722], [120.677092, 24.138903], [120.67799, 24.138377], [120.677876, 24.137667], [120.676004, 24.136482], [120.675857, 24.13658], [120.67595, 24.13673], [120.675665, 24.136863], [120.675737, 24.136993], [120.675655, 24.137216], [120.675455, 24.137394], [120.67525, 24.137214], [120.675487, 24.137116], [120.675301, 24.13693], [120.67538, 24.13687], [120.675164, 24.137118], [120.674918, 24.136914], [120.675205, 24.136699], [120.675034, 24.136531], [120.675036, 24.136426], [120.674899, 24.136553], [120.674988, 24.136567], [120.674744, 24.136684], [120.67479, 24.136741], [120.674861, 24.136681], [120.674633, 24.136775], [120.67469, 24.136825], [120.67463, 24.136884], [120.674492, 24.136891], [120.674562, 24.136945], [120.674856, 24.135626], [120.674646, 24.135113], [120.674446, 24.134991], [120.674519, 24.134926], [120.674805, 24.134951], [120.675075, 24.135257], [120.674987, 24.135351], [120.67519, 24.135502], [120.675286, 24.135411], [120.675218, 24.135344], [120.675416, 24.135525], [120.675249, 24.135741], [120.675491, 24.135754], [120.675643, 24.135906], [120.675475, 24.13599], [120.675603, 24.136311], [120.675508, 24.136406], [120.675696, 24.136547], [120.675494, 24.136755], [120.674176, 24.135568], [120.674267, 24.135449], [120.6742, 24.135391], [120.67407, 24.1353], [120.673966, 24.135407], [120.673818, 24.135205], [120.673691, 24.135302], [120.674134, 24.134971], [120.674458, 24.135283], [120.674377, 24.134937], [120.674247, 24.134814], [120.674339, 24.134693], [120.67449, 24.134773], [120.67456, 24.134679], [120.674494, 24.134615], [120.674708, 24.134857], [120.674122, 24.134355], [120.673886, 24.134414], [120.673831, 24.134157], [120.674381, 24.134101], [120.674703, 24.133876], [120.674766, 24.133807], [120.674473, 24.133664], [120.674673, 24.133487], [120.674768, 24.133577], [120.67482, 24.133429], [120.674955, 24.133375], [120.675107, 24.133535], [120.675021, 24.133596], [120.674288, 24.133449], [120.67407, 24.133764], [120.673903, 24.133784], [120.673844, 24.133917], [120.67427, 24.133957], [120.674399, 24.133818], [120.674544, 24.13314], [120.674222, 24.132638]]}}, {"type": "Feature", "properties": {"district": "6600400", "segment": 2, "total_segments": 19, "km": 11.22, "villages": ["民生里", "廣民里"]}, "geometry": {"type": "LineString", "coordinates": [[120.67589, 24.133353], [120.676057, 24.133365], [120.676076, 24.133456], [120.676111, 24.133383], [120.676152, 24.133503], [120.676247, 24.133529], [120.676243, 24.133442], [120.676501, 24.133607], [120.676286, 24.13377], [120.676252, 24.133653], [120.676052, 24.133648], [120.675902, 24.133778], [120.675836, 24.133722], [120.676238, 24.134067], [120.676702, 24.133684], [120.676932, 24.133777], [120.676515, 24.134147], [120.676547, 24.134247], [120.676392, 24.13422], [120.676568, 24.134469], [120.676659, 24.134433], [120.676643, 24.134512], [120.676796, 24.134515], [120.676935, 24.134799], [120.677709, 24.134154], [120.677687, 24.134054], [120.677317, 24.133906], [120.677132, 24.133921], [120.677206, 24.133999], [120.677035, 24.134154], [120.676922, 24.13404], [120.676673, 24.134131], [120.677094, 24.134508], [120.677231, 24.134435], [120.677063, 24.134282], [120.677293, 24.134205], [120.677343, 24.13407], [120.67748, 24.134218], [120.677315, 24.134285], [120.677027, 24.133795], [120.675582, 24.134618], [120.675107, 24.134535], [120.674867, 24.134303], [120.674748, 24.134487], [120.674791, 24.134634], [120.675433, 24.135297], [120.675562, 24.135185], [120.675738, 24.135399], [120.675653, 24.135474], [120.675515, 24.13534], [120.675895, 24.135712], [120.676029, 24.135571], [120.675892, 24.135439], [120.677375, 24.135895], [120.678251, 24.135635], [120.679433, 24.135694], [120.679688, 24.135974], [120.679784, 24.135887], [120.679534, 24.13563], [120.679623, 24.135548], [120.679778, 24.135681], [120.679892, 24.135461], [120.680001, 24.135614], [120.680081, 24.1355], [120.68029, 24.135702], [120.680402, 24.135634], [120.679997, 24.135216], [120.679881, 24.135332], [120.679953, 24.135363], [120.679749, 24.135438], [120.680183, 24.135998], [120.679974, 24.13623], [120.679808, 24.136074], [120.680508, 24.135788], [120.680545, 24.135747], [120.680456, 24.135696], [120.680647, 24.135495], [120.680474, 24.135262], [120.680243, 24.135156], [120.680921, 24.135459], [120.680772, 24.135594], [120.680677, 24.135519], [120.681272, 24.1361], [120.681222, 24.135893], [120.681336, 24.135619], [120.681493, 24.135694], [120.681365, 24.135886], [120.681069, 24.135761], [120.681067, 24.135678], [120.681235, 24.135598], [120.681195, 24.135543], [120.680809, 24.136001], [120.680695, 24.135917], [120.6804, 24.136221], [120.68076, 24.136616], [120.680787, 24.136746], [120.680959, 24.136761], [120.680774, 24.136911], [120.68067, 24.13696], [120.680643, 24.136808], [120.680336, 24.136715], [120.680507, 24.13657], [120.680426, 24.136505], [120.680247, 24.136544], [120.680186, 24.136483], [120.680228, 24.136363], [120.680599, 24.13622], [120.680733, 24.136372], [120.680903, 24.13622], [120.680684, 24.136169], [120.680928, 24.136115], [120.681304, 24.136485], [120.681074, 24.136663], [120.680838, 24.136426], [120.680943, 24.136349], [120.681058, 24.136432], [120.680649, 24.136695], [120.680605, 24.136641], [120.680283, 24.136905], [120.680449, 24.137171], [120.680345, 24.137281], [120.680241, 24.137344], [120.680108, 24.137152], [120.680224, 24.136985], [120.68054, 24.137123], [120.679992, 24.137515], [120.679678, 24.13731], [120.679695, 24.137023], [120.67941, 24.137141], [120.679182, 24.13749], [120.679288, 24.137736], [120.679538, 24.137784], [120.67968, 24.137912], [120.679329, 24.138023], [120.679025, 24.138272], [120.678656, 24.138006], [120.67884, 24.137824], [120.678678, 24.137714], [120.678727, 24.137075], [120.67897, 24.136626], [120.679886, 24.136733], [120.681558, 24.136212], [120.682035, 24.135895], [120.681765, 24.135783], [120.675563, 24.139546], [120.675029, 24.139195], [120.674823, 24.13943], [120.674454, 24.139079], [120.674343, 24.138809], [120.674064, 24.139066], [120.674132, 24.139125], [120.673748, 24.139209], [120.673281, 24.139698], [120.673854, 24.140256], [120.674249, 24.139908], [120.674078, 24.13971], [120.673986, 24.139759], [120.674099, 24.139866], [120.674284, 24.139739], [120.674362, 24.139816], [120.674204, 24.139315], [120.673606, 24.139838], [120.673603, 24.139693], [120.673425, 24.139662], [120.673533, 24.139553], [120.673291, 24.139193], [120.673025, 24.139142], [120.673009, 24.139073], [120.673305, 24.139053], [120.67322, 24.138962], [120.673025, 24.138971], [120.6732, 24.138779], [120.673377, 24.138977], [120.673216, 24.139296], [120.673052, 24.139304], [120.673018, 24.139488], [120.673071, 24.139542], [120.673307, 24.139398], [120.672875, 24.139637], [120.672917, 24.139771], [120.672782, 24.139881], [120.672747, 24.139829], [120.672631, 24.139968], [120.672502, 24.139867], [120.672379, 24.139983], [120.67248, 24.140133], [120.672933, 24.140057], [120.672944, 24.140255], [120.673243, 24.140277], [120.673149, 24.140333], [120.6732, 24.14037], [120.673548, 24.140441], [120.673627, 24.140346], [120.673335, 24.14011], [120.673111, 24.140084], [120.673152, 24.139915], [120.673204, 24.139942], [120.673099, 24.13987], [120.672999, 24.139889], [120.672778, 24.140229], [120.672722, 24.140212], [120.672643, 24.139764], [120.672541, 24.139607], [120.672476, 24.139656], [120.672376, 24.139502], [120.672321, 24.139545], [120.672127, 24.139381], [120.67236, 24.139121], [120.6728, 24.139613], [120.672658, 24.138939], [120.672472, 24.138752], [120.672398, 24.138765], [120.672433, 24.138675], [120.672505, 24.138723], [120.672813, 24.138471], [120.672777, 24.13838], [120.672565, 24.138193], [120.672253, 24.138479], [120.672282, 24.138538], [120.672124, 24.138574], [120.672144, 24.138671], [120.672389, 24.138855], [120.672161, 24.138954], [120.671792, 24.138637], [120.671756, 24.138501], [120.671563, 24.138417], [120.671487, 24.138487], [120.671557, 24.138649], [120.671231, 24.138747], [120.671709, 24.138982], [120.671772, 24.138947], [120.671834, 24.138889], [120.671671, 24.138838], [120.671627, 24.138609], [120.671826, 24.138304], [120.67219, 24.138641], [120.673122, 24.138716], [120.672253, 24.137922], [120.672148, 24.13802], [120.67203, 24.138012], [120.671968, 24.138177], [120.671794, 24.138259], [120.671172, 24.13763], [120.671141, 24.137496], [120.671303, 24.137383], [120.671441, 24.13752], [120.671513, 24.137459], [120.671379, 24.137298], [120.67186, 24.136907], [120.671916, 24.136964], [120.671878, 24.137088], [120.671787, 24.137093], [120.671761, 24.137184], [120.671901, 24.137344], [120.672217, 24.137214], [120.672378, 24.137465], [120.671842, 24.137886], [120.671644, 24.137859], [120.671505, 24.13766], [120.671662, 24.137639], [120.671768, 24.137769], [120.671898, 24.137631], [120.671835, 24.137574], [120.671958, 24.137506], [120.671986, 24.137554], [120.672128, 24.137404], [120.671704, 24.137415], [120.671618, 24.13747], [120.671667, 24.13756], [120.67161, 24.137283], [120.671954, 24.137084], [120.672056, 24.137137], [120.672251, 24.136987], [120.672366, 24.137019], [120.672573, 24.137281], [120.67289, 24.136984], [120.672669, 24.136838], [120.672498, 24.136902], [120.672417, 24.136776], [120.672322, 24.136865], [120.672099, 24.136809], [120.672049, 24.136723], [120.672331, 24.136557], [120.672523, 24.136715], [120.671689, 24.138002], [120.672149, 24.138331], [120.672229, 24.138271], [120.67218, 24.138995], [120.671929, 24.139228], [120.671832, 24.139113], [120.671968, 24.138992], [120.671694, 24.139175], [120.67178, 24.139287], [120.671732, 24.139321], [120.671194, 24.139191], [120.671317, 24.139135], [120.671282, 24.139246], [120.671444, 24.139084], [120.671516, 24.139474], [120.671802, 24.139668], [120.671956, 24.139531], [120.672036, 24.139779], [120.671931, 24.139904], [120.673371, 24.140323], [120.674321, 24.141504], [120.674141, 24.141768], [120.674339, 24.141857], [120.674463, 24.141811], [120.674584, 24.141613], [120.674756, 24.141598], [120.674742, 24.141755], [120.674484, 24.142078], [120.674551, 24.142257], [120.674906, 24.14194], [120.674957, 24.14173], [120.67518, 24.141782], [120.674362, 24.141492], [120.675165, 24.140773], [120.675796, 24.140786], [120.675929, 24.141144], [120.675711, 24.140226]]}}, {"type": "Feature", "properties": {"district": "6600400", "segment": 3, "total_segments": 19, "km": 13.54, "villages": ["平和里", "安龍里"]}, "geometry": {"type": "LineString", "coordinates": [[120.673969, 24.141422], [120.673904, 24.141402], [120.6739, 24.141522], [120.673541, 24.141809], [120.673107, 24.141408], [120.673064, 24.141256], [120.673278, 24.141146], [120.673368, 24.141186], [120.673315, 24.141262], [120.67327, 24.14122], [120.673753, 24.141384], [120.673575, 24.141844], [120.674291, 24.142563], [120.674249, 24.142594], [120.674382, 24.142533], [120.674369, 24.14244], [120.674493, 24.142332], [120.674339, 24.142187], [120.674264, 24.142285], [120.67413, 24.142108], [120.674249, 24.141917], [120.673974, 24.141843], [120.673493, 24.142303], [120.67352, 24.142356], [120.673244, 24.142142], [120.672704, 24.1415], [120.672408, 24.141856], [120.672792, 24.142354], [120.672995, 24.14242], [120.672862, 24.142532], [120.672299, 24.141947], [120.67195, 24.141876], [120.671763, 24.141943], [120.671467, 24.141688], [120.671282, 24.141483], [120.671058, 24.141], [120.670891, 24.141082], [120.670906, 24.141179], [120.670697, 24.140916], [120.670706, 24.140813], [120.670496, 24.140737], [120.670663, 24.140585], [120.670931, 24.140695], [120.670836, 24.140867], [120.671281, 24.140762], [120.671441, 24.140823], [120.67148, 24.14099], [120.671367, 24.141067], [120.671665, 24.140792], [120.671594, 24.14062], [120.671503, 24.140589], [120.672032, 24.140839], [120.672373, 24.141292], [120.672484, 24.141265], [120.672542, 24.141329], [120.672332, 24.141536], [120.672345, 24.141437], [120.672267, 24.141462], [120.672223, 24.14161], [120.672012, 24.141477], [120.672167, 24.141509], [120.672113, 24.141391], [120.672025, 24.141387], [120.672212, 24.141121], [120.672048, 24.141197], [120.672183, 24.141462], [120.672752, 24.141046], [120.672997, 24.141271], [120.672899, 24.142129], [120.673106, 24.14228], [120.673036, 24.142386], [120.673121, 24.142519], [120.673437, 24.142798], [120.673289, 24.142942], [120.673416, 24.143031], [120.673542, 24.142912], [120.673678, 24.143065], [120.673522, 24.143187], [120.67383, 24.142903], [120.673964, 24.142878], [120.67386, 24.142689], [120.673736, 24.142815], [120.673672, 24.14264], [120.673263, 24.142384], [120.672993, 24.142548], [120.673178, 24.142817], [120.670125, 24.144013], [120.67224, 24.140016], [120.67233, 24.140089], [120.671636, 24.139788], [120.671714, 24.139719], [120.671501, 24.139607], [120.671349, 24.139617], [120.67079, 24.139206], [120.670788, 24.139095], [120.670927, 24.139038], [120.671277, 24.139433], [120.671453, 24.139327], [120.671081, 24.139057], [120.67106, 24.138947], [120.671202, 24.13882], [120.670917, 24.138762], [120.670587, 24.138895], [120.670564, 24.138678], [120.670773, 24.138715], [120.67085, 24.138568], [120.670544, 24.138415], [120.670584, 24.138354], [120.670497, 24.138183], [120.670389, 24.138135], [120.669998, 24.138471], [120.670579, 24.139005], [120.670708, 24.138922], [120.670687, 24.138599], [120.67031, 24.138566], [120.670382, 24.138421], [120.670947, 24.138239], [120.671165, 24.138259], [120.671091, 24.138141], [120.671213, 24.138004], [120.67146, 24.138266], [120.671042, 24.138565], [120.670803, 24.138112], [120.671044, 24.137882], [120.670877, 24.137699], [120.670667, 24.137904], [120.671123, 24.137953], [120.670192, 24.137851], [120.669767, 24.138246], [120.669599, 24.137995], [120.669843, 24.137637], [120.669933, 24.137869], [120.669627, 24.137777], [120.669559, 24.137676], [120.667307, 24.139818], [120.667594, 24.140052], [120.667258, 24.140366], [120.666974, 24.140045], [120.66715, 24.139972], [120.667256, 24.139802], [120.667322, 24.140019], [120.666896, 24.140298], [120.666699, 24.140215], [120.666483, 24.139936], [120.666373, 24.140028], [120.666496, 24.140172], [120.666379, 24.140261], [120.666071, 24.139983], [120.665957, 24.140039], [120.666733, 24.140753], [120.666714, 24.140805], [120.667102, 24.140511], [120.667247, 24.140909], [120.667406, 24.140806], [120.667712, 24.141205], [120.6678, 24.141183], [120.667934, 24.141301], [120.667528, 24.141547], [120.667433, 24.141363], [120.667025, 24.141129], [120.667178, 24.140981], [120.667352, 24.141174], [120.667468, 24.141096], [120.66737, 24.140996], [120.667771, 24.140814], [120.667584, 24.140607], [120.667916, 24.140383], [120.668416, 24.140804], [120.668156, 24.141081], [120.668024, 24.141106], [120.667897, 24.140861], [120.668111, 24.140844], [120.667974, 24.140613], [120.668098, 24.141194], [120.668871, 24.141876], [120.669006, 24.141722], [120.669, 24.141607], [120.66889, 24.141676], [120.668742, 24.141492], [120.668681, 24.141531], [120.668587, 24.141431], [120.668704, 24.141305], [120.668822, 24.141324], [120.668689, 24.141116], [120.668426, 24.141111], [120.668861, 24.141437], [120.668942, 24.141369], [120.669884, 24.14234], [120.669832, 24.142401], [120.669584, 24.142123], [120.66938, 24.142398], [120.668983, 24.142054], [120.669293, 24.141797], [120.669394, 24.141948], [120.669298, 24.142041], [120.669402, 24.142119], [120.669359, 24.142157], [120.669488, 24.142044], [120.669007, 24.142359], [120.669389, 24.14275], [120.669197, 24.14291], [120.668962, 24.142695], [120.669059, 24.142615], [120.669207, 24.142764], [120.668998, 24.142942], [120.66776, 24.141812], [120.667831, 24.141718], [120.667724, 24.141755], [120.667959, 24.14178], [120.668438, 24.142206], [120.668684, 24.142096], [120.668227, 24.141618], [120.66814, 24.141721], [120.668344, 24.141917], [120.668001, 24.1416], [120.668133, 24.141485], [120.6678, 24.14133], [120.666723, 24.142321], [120.666539, 24.14222], [120.666595, 24.142059], [120.666789, 24.141959], [120.66634, 24.141702], [120.665783, 24.142276], [120.665797, 24.142386], [120.666067, 24.142686], [120.665976, 24.142745], [120.666099, 24.142862], [120.666175, 24.14279], [120.666435, 24.143019], [120.666434, 24.143127], [120.666127, 24.143036], [120.665826, 24.143142], [120.665696, 24.143385], [120.665461, 24.143396], [120.665529, 24.143545], [120.665467, 24.143625], [120.665563, 24.143756], [120.665464, 24.143761], [120.665661, 24.143748], [120.66554, 24.144161], [120.666474, 24.144224], [120.666662, 24.143112], [120.666597, 24.142747], [120.666644, 24.142464], [120.666535, 24.142394], [120.666306, 24.142621], [120.665961, 24.142297], [120.666051, 24.142216], [120.666224, 24.142408], [120.666385, 24.142268], [120.666137, 24.142124], [120.66633, 24.142024], [120.66635, 24.142678], [120.666503, 24.142819], [120.666889, 24.142833], [120.666876, 24.142607], [120.667156, 24.142262], [120.667738, 24.142823], [120.667696, 24.143055], [120.667766, 24.143133], [120.667723, 24.143207], [120.667502, 24.14321], [120.667471, 24.143066], [120.667267, 24.143151], [120.666902, 24.142973], [120.666949, 24.143142], [120.667283, 24.142901], [120.66742, 24.142723], [120.667341, 24.14266], [120.667995, 24.14306], [120.668483, 24.14352], [120.668448, 24.14399], [120.668219, 24.144016], [120.668257, 24.143927], [120.668053, 24.14398], [120.668049, 24.144041], [120.668058, 24.143634], [120.668232, 24.143656], [120.668322, 24.143762], [120.668169, 24.143765], [120.66811, 24.143444], [120.668293, 24.144223], [120.668471, 24.144223], [120.668475, 24.144301], [120.669076, 24.144222], [120.66905, 24.143939], [120.669192, 24.14375], [120.669075, 24.143622], [120.669476, 24.144067], [120.669274, 24.144057], [120.66931, 24.144189], [120.669133, 24.144367], [120.669208, 24.144647], [120.669144, 24.14468], [120.669289, 24.144778], [120.66938, 24.14497], [120.669511, 24.144986], [120.669515, 24.145052], [120.66972, 24.144862], [120.669545, 24.144701], [120.669521, 24.144812], [120.669679, 24.145028], [120.670195, 24.144728], [120.669648, 24.14423], [120.669484, 24.144396], [120.669837, 24.144728], [120.670292, 24.144803], [120.670822, 24.145322], [120.670886, 24.145521], [120.67046, 24.145904], [120.669817, 24.145405], [120.669356, 24.144594], [120.669815, 24.143726], [120.669266, 24.143174], [120.669526, 24.142947], [120.669674, 24.142962], [120.669708, 24.14307], [120.670148, 24.143453], [120.670008, 24.143488], [120.669974, 24.143606], [120.669866, 24.143661], [120.669761, 24.143429], [120.669482, 24.143184], [120.669591, 24.1431], [120.669884, 24.143366], [120.670123, 24.143175], [120.670292, 24.14331], [120.670432, 24.143254], [120.670445, 24.143183], [120.670149, 24.142957], [120.669947, 24.143003], [120.670033, 24.143086], [120.669855, 24.142688], [120.669762, 24.142778], [120.670032, 24.142608], [120.669974, 24.142549], [120.670036, 24.142494], [120.670144, 24.142501], [120.670608, 24.142947], [120.670606, 24.143049], [120.67038, 24.142953], [120.670102, 24.14268], [120.669073, 24.143052], [120.668938, 24.142514], [120.668846, 24.142427], [120.668925, 24.142322], [120.668827, 24.142161], [120.668672, 24.142286], [120.668965, 24.14234], [120.665615, 24.142521], [120.665468, 24.142807], [120.665447, 24.143141], [120.665695, 24.141523], [120.666317, 24.140013], [120.666234, 24.139932], [120.665925, 24.139909]]}}, {"type": "Feature", "properties": {"district": "6600400", "segment": 4, "total_segments": 19, "km": 11.18, "villages": ["公民里"]}, "geometry": {"type": "LineString", "coordinates": [[120.665932, 24.139827], [120.665915, 24.139382], [120.666419, 24.139382], [120.666368, 24.139753], [120.666221, 24.139759], [120.666222, 24.139813], [120.666219, 24.139585], [120.666065, 24.139594], [120.666065, 24.139485], [120.666066, 24.139831], [120.666686, 24.139779], [120.666909, 24.139958], [120.666918, 24.139794], [120.667121, 24.139706], [120.666924, 24.139378], [120.666627, 24.139409], [120.666749, 24.139533], [120.66666, 24.139645], [120.666649, 24.138928], [120.666892, 24.13895], [120.666979, 24.139043], [120.666875, 24.139151], [120.666714, 24.139169], [120.66643, 24.139093], [120.666428, 24.138754], [120.666342, 24.138706], [120.666643, 24.138646], [120.666628, 24.138317], [120.66674, 24.1383], [120.666904, 24.138567], [120.667239, 24.138854], [120.667011, 24.139014], [120.666989, 24.138845], [120.666771, 24.1388], [120.666687, 24.138685], [120.667201, 24.138093], [120.667118, 24.13802], [120.666885, 24.138154], [120.666845, 24.138021], [120.666762, 24.138041], [120.666683, 24.137942], [120.667026, 24.137681], [120.667707, 24.138385], [120.667637, 24.138506], [120.667448, 24.138662], [120.667158, 24.1384], [120.667631, 24.137953], [120.66717, 24.137535], [120.667224, 24.137469], [120.667414, 24.137332], [120.668157, 24.138006], [120.66828, 24.137933], [120.667523, 24.137197], [120.667212, 24.137218], [120.667016, 24.136966], [120.66714, 24.136839], [120.666774, 24.136664], [120.666613, 24.136703], [120.666596, 24.136905], [120.666737, 24.136969], [120.666844, 24.136844], [120.66664, 24.137254], [120.666632, 24.137556], [120.666742, 24.137636], [120.667031, 24.137333], [120.667034, 24.137219], [120.668051, 24.138104], [120.667919, 24.138238], [120.667663, 24.137983], [120.668125, 24.138034], [120.668699, 24.137198], [120.668454, 24.13698], [120.668787, 24.136668], [120.668901, 24.136684], [120.668916, 24.136778], [120.668826, 24.136767], [120.669054, 24.136922], [120.668862, 24.137086], [120.668755, 24.137006], [120.668861, 24.137303], [120.669025, 24.137488], [120.66928, 24.137339], [120.669154, 24.137193], [120.669055, 24.137258], [120.668998, 24.137208], [120.669152, 24.137085], [120.669334, 24.137185], [120.669546, 24.136872], [120.669443, 24.139044], [120.669048, 24.139336], [120.669632, 24.139844], [120.669915, 24.139547], [120.669711, 24.139294], [120.669532, 24.139472], [120.669607, 24.139544], [120.669674, 24.139479], [120.669465, 24.139296], [120.669317, 24.139401], [120.669485, 24.139124], [120.668967, 24.139542], [120.668866, 24.139525], [120.668536, 24.139773], [120.669041, 24.14024], [120.669403, 24.14004], [120.668975, 24.139601], [120.668888, 24.139791], [120.669064, 24.139946], [120.668713, 24.140299], [120.668878, 24.140467], [120.668661, 24.140583], [120.668608, 24.140723], [120.668496, 24.140665], [120.668518, 24.14074], [120.668512, 24.140536], [120.668675, 24.140278], [120.668447, 24.14008], [120.668391, 24.139924], [120.668075, 24.140244], [120.668279, 24.140438], [120.668413, 24.1403], [120.668928, 24.140713], [120.669086, 24.140602], [120.669119, 24.140687], [120.669038, 24.140758], [120.669422, 24.140922], [120.669527, 24.141061], [120.669346, 24.141037], [120.66908, 24.141281], [120.669535, 24.1416], [120.670286, 24.142356], [120.6704, 24.142177], [120.670301, 24.14204], [120.670214, 24.14213], [120.670063, 24.141948], [120.670227, 24.141778], [120.670572, 24.142038], [120.671078, 24.141618], [120.671166, 24.141699], [120.671112, 24.141734], [120.671308, 24.141837], [120.671055, 24.142036], [120.671001, 24.141977], [120.671049, 24.14185], [120.670917, 24.142063], [120.670483, 24.14161], [120.670366, 24.141581], [120.67053, 24.1413], [120.670649, 24.141291], [120.670888, 24.141465], [120.670728, 24.141659], [120.670167, 24.141718], [120.670067, 24.141653], [120.669956, 24.141844], [120.669779, 24.141668], [120.669938, 24.141486], [120.669988, 24.141534], [120.669832, 24.141342], [120.669606, 24.141508], [120.669523, 24.141235], [120.669757, 24.141001], [120.669287, 24.140427], [120.669589, 24.140158], [120.669694, 24.140365], [120.670139, 24.140743], [120.670009, 24.14083], [120.669966, 24.140974], [120.669818, 24.141036], [120.66984, 24.140827], [120.669774, 24.140723], [120.669851, 24.14066], [120.669663, 24.140482], [120.669575, 24.140532], [120.669821, 24.140108], [120.669736, 24.139985], [120.670076, 24.139806], [120.670181, 24.139832], [120.670164, 24.140011], [120.670012, 24.140203], [120.669918, 24.140137], [120.670359, 24.140608], [120.670455, 24.140425], [120.670758, 24.140253], [120.670677, 24.140145], [120.67037, 24.140285], [120.670295, 24.140192], [120.670316, 24.139953], [120.670162, 24.139727], [120.670318, 24.140908], [120.670494, 24.14104], [120.670394, 24.141119], [120.670203, 24.140984], [120.67002, 24.141163], [120.670338, 24.141335], [120.67051, 24.141173], [120.671275, 24.142418], [120.671616, 24.142137], [120.671412, 24.141924], [120.671241, 24.142067], [120.671302, 24.142131], [120.670964, 24.142417], [120.671107, 24.142565], [120.670831, 24.142845], [120.670643, 24.14276], [120.670892, 24.14251], [120.670875, 24.142329], [120.670794, 24.142268], [120.670492, 24.142628], [120.670361, 24.142556], [120.670309, 24.1425], [120.670621, 24.142273], [120.669033, 24.140973], [120.669005, 24.141131], [120.668802, 24.14096], [120.668739, 24.140872], [120.668864, 24.140825], [120.668008, 24.139777], [120.668011, 24.139578], [120.667821, 24.13945], [120.667724, 24.139272], [120.667397, 24.138992], [120.667266, 24.139147], [120.667383, 24.139229], [120.667454, 24.139169], [120.667526, 24.139296], [120.667292, 24.139503], [120.667087, 24.139311], [120.667282, 24.139318], [120.667518, 24.13949], [120.66764, 24.139432], [120.667409, 24.139632], [120.667624, 24.139727], [120.667727, 24.139931], [120.668572, 24.139281], [120.66692, 24.138189], [120.666376, 24.138211], [120.666376, 24.13804], [120.666268, 24.138117], [120.66593, 24.1381], [120.66591, 24.139148], [120.666221, 24.139187], [120.66635, 24.13919], [120.665396, 24.138516], [120.665476, 24.138356], [120.665196, 24.138341], [120.66524, 24.138081], [120.664443, 24.13807], [120.66455, 24.137832], [120.665462, 24.137813], [120.665411, 24.137516], [120.665479, 24.137347], [120.66491, 24.137383], [120.664928, 24.137517], [120.665134, 24.137517], [120.665072, 24.137677], [120.665264, 24.137691], [120.664447, 24.137688], [120.664334, 24.13786], [120.664318, 24.137474], [120.664462, 24.13737], [120.664623, 24.137367], [120.664787, 24.137511], [120.664663, 24.137144], [120.664351, 24.137124], [120.664254, 24.136729], [120.665366, 24.136729], [120.665478, 24.136788], [120.665442, 24.136674], [120.665496, 24.137083], [120.665911, 24.137065], [120.665937, 24.137213], [120.666106, 24.137234], [120.665918, 24.137432], [120.666004, 24.137729], [120.665929, 24.137775], [120.665944, 24.13787], [120.666187, 24.137812], [120.666393, 24.137867], [120.666366, 24.137041], [120.666439, 24.136823], [120.666375, 24.136663], [120.66598, 24.136763], [120.666006, 24.136965], [120.666296, 24.137154], [120.666214, 24.137533], [120.666655, 24.13768], [120.66593, 24.138038], [120.665462, 24.137871], [120.665151, 24.138386], [120.664924, 24.138492], [120.664992, 24.138535], [120.664313, 24.13848], [120.664313, 24.138336], [120.664312, 24.13854], [120.66471, 24.138165], [120.664875, 24.138186], [120.664967, 24.138298], [120.665914, 24.136408], [120.666022, 24.136409], [120.665903, 24.136136], [120.666224, 24.136223], [120.666498, 24.136103], [120.666669, 24.136233], [120.666659, 24.136375], [120.666514, 24.136332], [120.666442, 24.136408], [120.666194, 24.136404], [120.66644, 24.136031], [120.66592, 24.135734], [120.665886, 24.135518], [120.666012, 24.135581], [120.666336, 24.134636]]}}, {"type": "Feature", "properties": {"district": "6600400", "segment": 5, "total_segments": 19, "km": 14.41, "villages": ["東昇里", "藍興里"]}, "geometry": {"type": "LineString", "coordinates": [[120.667828, 24.136127], [120.668633, 24.135524], [120.669179, 24.13604], [120.668812, 24.136326], [120.668649, 24.136567], [120.668322, 24.136804], [120.668122, 24.136621], [120.66826, 24.136481], [120.668221, 24.136448], [120.66832, 24.13654], [120.668534, 24.136345], [120.668629, 24.136432], [120.668497, 24.136247], [120.668338, 24.136137], [120.668124, 24.136339], [120.66789, 24.13638], [120.667907, 24.136438], [120.667712, 24.136253], [120.668264, 24.136055], [120.668394, 24.135928], [120.6683, 24.135884], [120.668506, 24.135978], [120.66869, 24.135714], [120.668761, 24.136006], [120.668849, 24.135995], [120.668698, 24.136176], [120.66862, 24.1361], [120.668969, 24.136491], [120.669207, 24.136312], [120.66927, 24.136403], [120.669167, 24.136548], [120.669177, 24.136768], [120.669558, 24.137042], [120.669312, 24.137301], [120.669346, 24.137523], [120.669226, 24.137691], [120.669522, 24.137598], [120.669502, 24.13748], [120.669952, 24.137484], [120.670018, 24.137584], [120.670225, 24.137429], [120.670427, 24.137426], [120.670514, 24.137348], [120.670625, 24.137466], [120.670437, 24.137668], [120.670517, 24.137654], [120.670265, 24.13756], [120.670185, 24.137738], [120.66993, 24.13766], [120.669656, 24.136959], [120.66991, 24.13678], [120.669348, 24.136244], [120.669621, 24.136132], [120.670054, 24.136544], [120.670859, 24.135951], [120.670512, 24.135617], [120.670392, 24.135615], [120.670307, 24.135381], [120.669594, 24.135984], [120.669898, 24.136162], [120.670247, 24.135864], [120.670171, 24.135686], [120.670507, 24.135869], [120.670469, 24.135964], [120.670286, 24.13603], [120.670359, 24.13612], [120.670109, 24.136254], [120.670073, 24.135853], [120.669747, 24.135537], [120.670097, 24.135261], [120.670066, 24.13515], [120.669969, 24.135049], [120.669824, 24.135196], [120.669781, 24.135109], [120.669902, 24.135015], [120.669556, 24.13469], [120.669466, 24.13482], [120.669231, 24.13493], [120.669258, 24.135152], [120.669523, 24.135166], [120.669781, 24.135309], [120.669955, 24.135242], [120.670204, 24.134994], [120.670315, 24.135077], [120.670427, 24.134908], [120.670324, 24.134699], [120.670377, 24.134666], [120.670158, 24.134814], [120.670178, 24.134934], [120.66985, 24.134631], [120.66962, 24.135045], [120.66952, 24.134993], [120.669127, 24.135085], [120.668994, 24.135188], [120.669147, 24.135274], [120.669162, 24.135445], [120.668998, 24.135558], [120.669345, 24.135897], [120.669648, 24.135637], [120.669392, 24.135425], [120.66941, 24.135687], [120.668959, 24.135486], [120.668833, 24.13527], [120.669633, 24.135421], [120.670775, 24.135105], [120.670843, 24.135174], [120.670979, 24.135126], [120.671088, 24.135263], [120.670982, 24.135308], [120.671084, 24.135494], [120.670893, 24.135671], [120.671094, 24.135726], [120.671183, 24.135659], [120.671367, 24.135476], [120.671238, 24.135358], [120.671138, 24.135469], [120.67151, 24.135725], [120.671615, 24.135617], [120.671708, 24.135712], [120.671718, 24.135915], [120.671393, 24.136121], [120.671328, 24.136045], [120.671544, 24.136289], [120.671866, 24.135972], [120.671927, 24.136048], [120.671762, 24.136189], [120.671936, 24.136236], [120.671942, 24.136351], [120.672075, 24.136234], [120.67149, 24.136552], [120.671024, 24.1361], [120.670907, 24.136216], [120.671111, 24.136446], [120.67046, 24.136941], [120.670801, 24.137294], [120.671164, 24.136901], [120.671587, 24.13666], [120.671355, 24.136532], [120.671238, 24.136593], [120.670754, 24.136979], [120.670854, 24.13707], [120.670481, 24.137314], [120.67036, 24.137286], [120.670161, 24.136985], [120.670308, 24.136845], [120.670414, 24.136921], [120.670263, 24.136756], [120.670694, 24.13647], [120.66956, 24.136765], [120.670869, 24.13502], [120.669777, 24.134066], [120.669622, 24.134212], [120.669573, 24.134051], [120.669476, 24.134053], [120.669394, 24.13415], [120.669437, 24.134216], [120.669153, 24.133955], [120.669261, 24.133881], [120.669644, 24.133884], [120.669729, 24.133735], [120.669458, 24.133492], [120.669782, 24.13322], [120.669906, 24.133425], [120.669809, 24.13337], [120.670237, 24.133628], [120.669964, 24.133875], [120.669356, 24.133672], [120.669181, 24.133787], [120.669161, 24.133476], [120.669296, 24.133349], [120.669061, 24.133161], [120.668984, 24.133228], [120.669129, 24.133398], [120.669489, 24.133221], [120.669263, 24.132991], [120.669335, 24.132906], [120.669585, 24.13315], [120.669638, 24.133094], [120.669401, 24.132791], [120.669306, 24.132786], [120.668985, 24.132479], [120.668858, 24.132432], [120.668765, 24.132526], [120.669007, 24.132672], [120.668958, 24.132716], [120.668834, 24.132616], [120.668795, 24.132654], [120.668902, 24.132763], [120.668678, 24.132792], [120.668835, 24.133078], [120.668602, 24.132968], [120.66824, 24.132981], [120.668233, 24.133104], [120.668361, 24.133202], [120.668449, 24.133179], [120.668565, 24.133384], [120.66872, 24.133262], [120.668662, 24.133168], [120.668883, 24.133153], [120.669196, 24.132868], [120.669048, 24.132731], [120.669051, 24.132905], [120.668955, 24.132814], [120.66896, 24.132976], [120.668864, 24.132888], [120.668821, 24.132926], [120.66892, 24.133009], [120.669291, 24.132868], [120.668344, 24.132842], [120.66823, 24.132899], [120.668215, 24.132776], [120.667624, 24.132778], [120.667516, 24.1326], [120.667222, 24.132575], [120.667321, 24.132331], [120.667418, 24.132302], [120.668164, 24.132236], [120.668785, 24.132346], [120.668531, 24.132324], [120.667978, 24.132959], [120.667937, 24.133127], [120.667491, 24.133523], [120.667446, 24.133334], [120.667066, 24.133335], [120.667008, 24.133084], [120.667737, 24.132974], [120.667429, 24.133206], [120.666867, 24.133264], [120.666989, 24.13365], [120.667118, 24.133657], [120.667057, 24.133486], [120.667171, 24.133478], [120.666844, 24.133694], [120.666701, 24.133644], [120.666744, 24.133494], [120.666464, 24.134039], [120.666473, 24.134256], [120.666546, 24.134277], [120.666344, 24.134267], [120.666277, 24.134405], [120.666741, 24.134168], [120.666713, 24.133869], [120.667209, 24.134089], [120.667477, 24.134351], [120.6672, 24.134571], [120.667177, 24.134409], [120.666968, 24.134557], [120.667094, 24.134652], [120.666988, 24.134761], [120.666551, 24.134969], [120.667163, 24.135511], [120.667917, 24.134842], [120.668097, 24.134986], [120.66726, 24.135749], [120.667066, 24.135643], [120.667097, 24.13557], [120.66751, 24.136027], [120.668273, 24.135331], [120.668423, 24.135292], [120.668165, 24.135124], [120.66805, 24.135306], [120.667487, 24.135784], [120.668354, 24.134945], [120.66852, 24.135104], [120.668665, 24.135073], [120.668687, 24.135023], [120.668572, 24.135009], [120.668565, 24.134783], [120.668746, 24.134696], [120.668833, 24.134791], [120.668731, 24.134925], [120.668471, 24.134884], [120.668384, 24.134734], [120.668539, 24.134588], [120.668883, 24.134302], [120.668943, 24.134451], [120.668846, 24.134605], [120.669023, 24.134687], [120.668984, 24.134747], [120.669094, 24.134581], [120.669279, 24.134507], [120.669293, 24.134418], [120.668866, 24.134019], [120.668346, 24.134509], [120.668333, 24.134741], [120.668241, 24.134833], [120.668091, 24.134692], [120.66818, 24.134619], [120.667645, 24.134187], [120.667866, 24.133996], [120.667725, 24.133927], [120.667437, 24.134102], [120.667304, 24.133995], [120.667413, 24.133927], [120.667442, 24.133793], [120.66778, 24.133621], [120.668108, 24.133261], [120.668364, 24.133565], [120.668092, 24.133761], [120.667914, 24.133605], [120.668062, 24.133518], [120.668135, 24.133572], [120.667663, 24.132515], [120.667474, 24.132513], [120.667472, 24.132419], [120.667203, 24.132616], [120.667167, 24.132842], [120.667507, 24.131983], [120.667792, 24.131987], [120.667575, 24.131852], [120.667529, 24.131924], [120.667858, 24.131265], [120.66815, 24.13157], [120.668078, 24.131619], [120.668312, 24.131759], [120.668506, 24.131483], [120.668818, 24.131871], [120.669014, 24.131848], [120.669135, 24.131625], [120.669312, 24.13168], [120.669309, 24.131804], [120.66919, 24.131814], [120.669387, 24.131838], [120.669513, 24.131655], [120.669439, 24.131585], [120.66944, 24.131449], [120.669514, 24.131424], [120.669441, 24.131288], [120.669311, 24.131265], [120.669362, 24.13111], [120.669426, 24.13111], [120.669746, 24.131279], [120.669649, 24.131475], [120.669794, 24.131518], [120.669835, 24.131801], [120.670289, 24.13178], [120.670481, 24.131691], [120.670458, 24.131373], [120.670663, 24.130991], [120.670534, 24.130932], [120.670384, 24.131243], [120.670263, 24.131199], [120.670175, 24.131417], [120.669948, 24.131426], [120.670003, 24.131562], [120.669933, 24.13129], [120.670101, 24.131214], [120.670124, 24.1311], [120.670298, 24.131117], [120.669978, 24.131111], [120.669943, 24.131001], [120.669698, 24.131028], [120.669715, 24.130919], [120.669988, 24.130912], [120.66999, 24.130792], [120.670135, 24.130752], [120.67013, 24.130882], [120.670313, 24.130856], [120.670804, 24.131034], [120.670637, 24.131361], [120.670764, 24.131382], [120.670922, 24.131083], [120.671017, 24.131122], [120.670907, 24.131343], [120.67094, 24.131479], [120.671332, 24.131456], [120.671621, 24.131542], [120.671564, 24.131687], [120.6714, 24.131686], [120.671489, 24.131622], [120.67139, 24.131588], [120.671503, 24.131409], [120.6716, 24.131435], [120.67163, 24.131364], [120.67156, 24.13135], [120.67209, 24.131599], [120.671627, 24.131664], [120.671739, 24.132019], [120.671807, 24.132012], [120.670504, 24.132107], [120.670593, 24.132504], [120.670738, 24.132338], [120.670843, 24.132421], [120.671106, 24.132302], [120.671101, 24.132405], [120.671338, 24.132693], [120.671921, 24.132198], [120.671473, 24.132261], [120.671474, 24.13239], [120.67136, 24.132242], [120.671024, 24.132155], [120.670832, 24.132199], [120.670589, 24.132899], [120.67065, 24.131696], [120.671161, 24.131712], [120.670862, 24.131488], [120.670733, 24.131489], [120.670602, 24.131683], [120.670798, 24.131182], [120.671091, 24.131314], [120.67116, 24.131187], [120.671278, 24.131223], [120.671272, 24.131294], [120.66961, 24.131821], [120.669241, 24.131539], [120.669304, 24.131346], [120.669115, 24.131227], [120.66895, 24.131267], [120.668953, 24.13109], [120.669124, 24.131169], [120.669152, 24.131001], [120.668526, 24.130746], [120.668481, 24.131], [120.668737, 24.131085], [120.668629, 24.131212], [120.668944, 24.131372], [120.668881, 24.131698], [120.668723, 24.131386], [120.668427, 24.131376], [120.668237, 24.131253], [120.668301, 24.131065], [120.668446, 24.131175], [120.668844, 24.131195], [120.668456, 24.131456], [120.667917, 24.131573], [120.668196, 24.130623], [120.668353, 24.13075], [120.668497, 24.130501], [120.668286, 24.130432], [120.668298, 24.130377], [120.668569, 24.130146], [120.66865, 24.130424], [120.668762, 24.130486], [120.668843, 24.130259], [120.669374, 24.130459], [120.669388, 24.130656], [120.669288, 24.130814], [120.668831, 24.13068], [120.668693, 24.130591], [120.668897, 24.130492], [120.66924, 24.130632], [120.66985, 24.130614], [120.669452, 24.130933]]}}, {"type": "Feature", "properties": {"district": "6600400", "segment": 6, "total_segments": 19, "km": 14.7, "villages": ["藍興里", "公舘里"]}, "geometry": {"type": "LineString", "coordinates": [[120.666424, 24.138918], [120.665325, 24.135679], [120.665291, 24.135252], [120.665462, 24.135207], [120.665472, 24.135539], [120.665065, 24.135548], [120.66508, 24.135269], [120.664521, 24.135255], [120.664674, 24.135345], [120.664668, 24.135514], [120.664907, 24.135495], [120.66491, 24.13538], [120.664977, 24.135692], [120.66453, 24.135724], [120.664315, 24.135076], [120.664286, 24.134608], [120.664965, 24.134581], [120.665087, 24.134732], [120.664887, 24.134958], [120.664405, 24.13502], [120.664461, 24.134395], [120.664725, 24.134357], [120.664382, 24.134001], [120.664289, 24.134031], [120.664261, 24.134424], [120.664806, 24.134398], [120.664308, 24.13394], [120.663298, 24.13399], [120.663234, 24.134319], [120.663543, 24.134288], [120.663692, 24.134373], [120.663689, 24.134047], [120.663334, 24.134118], [120.663339, 24.133756], [120.663193, 24.133743], [120.663231, 24.133601], [120.663463, 24.133753], [120.663733, 24.133747], [120.663612, 24.133646], [120.663615, 24.133493], [120.663695, 24.13353], [120.663675, 24.13333], [120.663206, 24.132982], [120.663204, 24.133236], [120.663337, 24.133242], [120.663349, 24.133368], [120.663199, 24.133375], [120.663193, 24.133457], [120.663947, 24.132582], [120.663768, 24.132422], [120.663788, 24.132313], [120.664425, 24.132331], [120.664411, 24.132462], [120.663986, 24.132608], [120.663749, 24.132293], [120.663671, 24.13233], [120.663567, 24.131993], [120.663308, 24.132012], [120.663213, 24.131869], [120.663585, 24.131874], [120.663583, 24.131149], [120.662496, 24.13118], [120.663094, 24.131723], [120.663267, 24.131586], [120.663443, 24.131605], [120.663424, 24.13143], [120.663039, 24.131416], [120.663628, 24.131973], [120.663812, 24.131996], [120.664165, 24.131958], [120.664345, 24.132025], [120.664425, 24.131886], [120.664669, 24.13184], [120.66468, 24.131636], [120.664782, 24.131593], [120.665399, 24.131945], [120.665786, 24.132016], [120.666355, 24.13202], [120.666589, 24.131875], [120.666744, 24.131988], [120.667049, 24.132], [120.667127, 24.131758], [120.667043, 24.131634], [120.666912, 24.131892], [120.666746, 24.131768], [120.666405, 24.131737], [120.66631, 24.131758], [120.666352, 24.131814], [120.666219, 24.131736], [120.665925, 24.131743], [120.665832, 24.131694], [120.666053, 24.131221], [120.666551, 24.131453], [120.666489, 24.131629], [120.666763, 24.131569], [120.666596, 24.132321], [120.666886, 24.132346], [120.666609, 24.132882], [120.666557, 24.132564], [120.666617, 24.13244], [120.665773, 24.132285], [120.665716, 24.132318], [120.665697, 24.13273], [120.665839, 24.132924], [120.665962, 24.132764], [120.665849, 24.132637], [120.665537, 24.132716], [120.665535, 24.132943], [120.665085, 24.132923], [120.665514, 24.13336], [120.665768, 24.133175], [120.665645, 24.13296], [120.665989, 24.133383], [120.665788, 24.133371], [120.66572, 24.133422], [120.665796, 24.1335], [120.665631, 24.133507], [120.66542, 24.133773], [120.665222, 24.133821], [120.665838, 24.13442], [120.666002, 24.133804], [120.66617, 24.13373], [120.666186, 24.133616], [120.666047, 24.133555], [120.665664, 24.133708], [120.665573, 24.133955], [120.66509, 24.13372], [120.664351, 24.132954], [120.664932, 24.132918], [120.6649, 24.132758], [120.665032, 24.132734], [120.664991, 24.132607], [120.664783, 24.132608], [120.664784, 24.132724], [120.664841, 24.132715], [120.664841, 24.132489], [120.665383, 24.132475], [120.665427, 24.132337], [120.66522, 24.132321], [120.66475, 24.132338], [120.664782, 24.132478], [120.66465, 24.132007], [120.665266, 24.131991], [120.66482, 24.131796], [120.664951, 24.13136], [120.665112, 24.131138], [120.665021, 24.131211], [120.664924, 24.131171], [120.665109, 24.130859], [120.665784, 24.131178], [120.665584, 24.131737], [120.665025, 24.13149], [120.665063, 24.131407], [120.66525, 24.131483], [120.665084, 24.131364], [120.665195, 24.13115], [120.665195, 24.131249], [120.665324, 24.131326], [120.665169, 24.131298], [120.665429, 24.131379], [120.665364, 24.131488], [120.665544, 24.131173], [120.665413, 24.131105], [120.665387, 24.131152], [120.665072, 24.130829], [120.664829, 24.130845], [120.664605, 24.131347], [120.664254, 24.131136], [120.664297, 24.130864], [120.664152, 24.130786], [120.664251, 24.130653], [120.664085, 24.130577], [120.664152, 24.130441], [120.66481, 24.130724], [120.664667, 24.13077], [120.664494, 24.131141], [120.664353, 24.130858], [120.664476, 24.130692], [120.664292, 24.13067], [120.664086, 24.130422], [120.663889, 24.130332], [120.663563, 24.130408], [120.663568, 24.130981], [120.663399, 24.130922], [120.662465, 24.130935], [120.6625, 24.13068], [120.66264, 24.130761], [120.663402, 24.130731], [120.663392, 24.130472], [120.663128, 24.13048], [120.663156, 24.130292], [120.662875, 24.130334], [120.662835, 24.130273], [120.662754, 24.130356], [120.662423, 24.130286], [120.662349, 24.130306], [120.662289, 24.130553], [120.662272, 24.130932], [120.662328, 24.130932], [120.662214, 24.130932], [120.66203, 24.131742], [120.662298, 24.132001], [120.661899, 24.131971], [120.663804, 24.13185], [120.663849, 24.131629], [120.663823, 24.130689], [120.663435, 24.130471], [120.663442, 24.129863], [120.66224, 24.129855], [120.662261, 24.129716], [120.663595, 24.129701], [120.663609, 24.129863], [120.663486, 24.129863], [120.663595, 24.129662], [120.663598, 24.129461], [120.662905, 24.129541], [120.662527, 24.129503], [120.662938, 24.129257], [120.66336, 24.12931], [120.663588, 24.129257], [120.663571, 24.129182], [120.663609, 24.129317], [120.663829, 24.129319], [120.663834, 24.12914], [120.663957, 24.129271], [120.664138, 24.129324], [120.66414, 24.129227], [120.664683, 24.129436], [120.664926, 24.129562], [120.664867, 24.129653], [120.665311, 24.129843], [120.665464, 24.129537], [120.664634, 24.129279], [120.664539, 24.129121], [120.664375, 24.129446], [120.664778, 24.129574], [120.664672, 24.129794], [120.665225, 24.129984], [120.6651, 24.130358], [120.66385, 24.129884], [120.663848, 24.129461], [120.664131, 24.129636], [120.66416, 24.129555], [120.664307, 24.129626], [120.664217, 24.129871], [120.663979, 24.129735], [120.665361, 24.130272], [120.665301, 24.130452], [120.665524, 24.130582], [120.667359, 24.131347], [120.667377, 24.131275], [120.66715, 24.131167], [120.667037, 24.130979], [120.666342, 24.130634], [120.666455, 24.130535], [120.667122, 24.130808], [120.667223, 24.130656], [120.667181, 24.130563], [120.666521, 24.13036], [120.666754, 24.130021], [120.666679, 24.129994], [120.666917, 24.130086], [120.666907, 24.130318], [120.667061, 24.130322], [120.667251, 24.130612], [120.667565, 24.13041], [120.66768, 24.130566], [120.667952, 24.129922], [120.667776, 24.129771], [120.667231, 24.129563], [120.667133, 24.129571], [120.667123, 24.129701], [120.667151, 24.129826], [120.667291, 24.129788], [120.667419, 24.129904], [120.667618, 24.1299], [120.667326, 24.130085], [120.667509, 24.130323], [120.667215, 24.129952], [120.667149, 24.129508], [120.667466, 24.129335], [120.666728, 24.129337], [120.666666, 24.129524], [120.666548, 24.129467], [120.666614, 24.129304], [120.666188, 24.129121], [120.666274, 24.12929], [120.666153, 24.129424], [120.666321, 24.12956], [120.666037, 24.129482], [120.66583, 24.129288], [120.665911, 24.129143], [120.665549, 24.129195], [120.6657, 24.12962], [120.66552, 24.129937], [120.665926, 24.130123], [120.665924, 24.130038], [120.665818, 24.129788], [120.66565, 24.129779], [120.665402, 24.130224], [120.665564, 24.130136], [120.66573, 24.130202], [120.665626, 24.13056], [120.666151, 24.130514], [120.666467, 24.129899], [120.666117, 24.129771], [120.6663, 24.130713], [120.666139, 24.131569], [120.665795, 24.13172], [120.665737, 24.131864], [120.666165, 24.132503], [120.666391, 24.133158], [120.665352, 24.133513], [120.66511, 24.133256], [120.665018, 24.133455], [120.665211, 24.133611], [120.665288, 24.133563], [120.664887, 24.133186], [120.665022, 24.133094], [120.664463, 24.13162], [120.6645, 24.131486], [120.664165, 24.131362], [120.664206, 24.1316], [120.664377, 24.131613], [120.663946, 24.131603], [120.664131, 24.131009], [120.66479, 24.131423], [120.664908, 24.131206], [120.664515, 24.129785], [120.664543, 24.129703], [120.665224, 24.129672], [120.664973, 24.128984], [120.664951, 24.128684], [120.665221, 24.128712], [120.664814, 24.128534], [120.664703, 24.128716], [120.663378, 24.129018], [120.663387, 24.12917], [120.663164, 24.129155], [120.666659, 24.129311], [120.666705, 24.129026], [120.667528, 24.130967], [120.666244, 24.134702], [120.665302, 24.13504], [120.663697, 24.134592]]}}, {"type": "Feature", "properties": {"district": "6600400", "segment": 7, "total_segments": 19, "km": 13.23, "villages": ["吉龍里"]}, "geometry": {"type": "LineString", "coordinates": [[120.663689, 24.134689], [120.663428, 24.13469], [120.663409, 24.134811], [120.663415, 24.134983], [120.663638, 24.134963], [120.663641, 24.135016], [120.663641, 24.134809], [120.663257, 24.134813], [120.663203, 24.134965], [120.663175, 24.134715], [120.663262, 24.134693], [120.663189, 24.134592], [120.662508, 24.134715], [120.662425, 24.134777], [120.662492, 24.134825], [120.662494, 24.13505], [120.662057, 24.135041], [120.662102, 24.134347], [120.662023, 24.13423], [120.661871, 24.134301], [120.66181, 24.135641], [120.661912, 24.136239], [120.661851, 24.136419], [120.662101, 24.136388], [120.662142, 24.136313], [120.662433, 24.136396], [120.662478, 24.135565], [120.662473, 24.135246], [120.662008, 24.135284], [120.662313, 24.135565], [120.662237, 24.136098], [120.662307, 24.13611], [120.66212, 24.136708], [120.661829, 24.136775], [120.661907, 24.137077], [120.66187, 24.137875], [120.662484, 24.137851], [120.662466, 24.13735], [120.662251, 24.137389], [120.66229, 24.137739], [120.66207, 24.137749], [120.662067, 24.137515], [120.661993, 24.137429], [120.662074, 24.137402], [120.662077, 24.1372], [120.662286, 24.137176], [120.662297, 24.136885], [120.662445, 24.136884], [120.662438, 24.137166], [120.662036, 24.136865], [120.662365, 24.136746], [120.660285, 24.136702], [120.660327, 24.136925], [120.661306, 24.136886], [120.66129, 24.137035], [120.661503, 24.137032], [120.661512, 24.137095], [120.661466, 24.137219], [120.660341, 24.137223], [120.660308, 24.137884], [120.660496, 24.137852], [120.660493, 24.137729], [120.660606, 24.137722], [120.661521, 24.137854], [120.661493, 24.137355], [120.660463, 24.137394], [120.660499, 24.13751], [120.661351, 24.13751], [120.660996, 24.137873], [120.660653, 24.137852], [120.660389, 24.13772], [120.66034, 24.137096], [120.66034, 24.13704], [120.661198, 24.137034], [120.661498, 24.136904], [120.66152, 24.135232], [120.6611, 24.135251], [120.661105, 24.135554], [120.661401, 24.135579], [120.661345, 24.13577], [120.660967, 24.135792], [120.660911, 24.135693], [120.661005, 24.135262], [120.660565, 24.135287], [120.660321, 24.135211], [120.660311, 24.135786], [120.66064, 24.135769], [120.660614, 24.13554], [120.660689, 24.135412], [120.660728, 24.135609], [120.660432, 24.135614], [120.660436, 24.135937], [120.660324, 24.13594], [120.660348, 24.136375], [120.661102, 24.136374], [120.66112, 24.135938], [120.660912, 24.135926], [120.660933, 24.136214], [120.660731, 24.136224], [120.660727, 24.136029], [120.660614, 24.136028], [120.660607, 24.136291], [120.659897, 24.136408], [120.659844, 24.136407], [120.659903, 24.136062], [120.660063, 24.136096], [120.660075, 24.136177], [120.660063, 24.13626], [120.660078, 24.135444], [120.659983, 24.135298], [120.659754, 24.135309], [120.659935, 24.135487], [120.659893, 24.135906], [120.659995, 24.135863], [120.659648, 24.13587], [120.65965, 24.135598], [120.659777, 24.135489], [120.659441, 24.135438], [120.659439, 24.135218], [120.658947, 24.13527], [120.658949, 24.135426], [120.659016, 24.135443], [120.658933, 24.135773], [120.659406, 24.135754], [120.659413, 24.135616], [120.65909, 24.135565], [120.659281, 24.135403], [120.658947, 24.135217], [120.658917, 24.136384], [120.65945, 24.136445], [120.659474, 24.135894], [120.659647, 24.135924], [120.659647, 24.136272], [120.659719, 24.136377], [120.660719, 24.135916], [120.661295, 24.135929], [120.661304, 24.136371], [120.661382, 24.13637], [120.661256, 24.136371], [120.66114, 24.13503], [120.661503, 24.135029], [120.661504, 24.134786], [120.661303, 24.134237], [120.660941, 24.134232], [120.660918, 24.134094], [120.660776, 24.134238], [120.660311, 24.134239], [120.660315, 24.134402], [120.660647, 24.134401], [120.660674, 24.134151], [120.660937, 24.13386], [120.661504, 24.133879], [120.661439, 24.1337], [120.661505, 24.133619], [120.661507, 24.132449], [120.660993, 24.132688], [120.660994, 24.133247], [120.661348, 24.133262], [120.661266, 24.133503], [120.660959, 24.133502], [120.660932, 24.13364], [120.66121, 24.133652], [120.661502, 24.133957], [120.661488, 24.134172], [120.661823, 24.134074], [120.661882, 24.133765], [120.662299, 24.133691], [120.662289, 24.133486], [120.661903, 24.133544], [120.66186, 24.133247], [120.662096, 24.133238], [120.662184, 24.133381], [120.662467, 24.133242], [120.662495, 24.133437], [120.662336, 24.133487], [120.662527, 24.133661], [120.662523, 24.133824], [120.662079, 24.133995], [120.661858, 24.133686], [120.661922, 24.133096], [120.661818, 24.132949], [120.661822, 24.132555], [120.662139, 24.133007], [120.662124, 24.133089], [120.662489, 24.13303], [120.662421, 24.132879], [120.662463, 24.132726], [120.662339, 24.132933], [120.662002, 24.133091], [120.662423, 24.132429], [120.661162, 24.132868], [120.660596, 24.132916], [120.660522, 24.132968], [120.660707, 24.133079], [120.660756, 24.132992], [120.660672, 24.133391], [120.66023, 24.133341], [120.660249, 24.133569], [120.660705, 24.133598], [120.660342, 24.133156], [120.659415, 24.133717], [120.659962, 24.134242], [120.660267, 24.134408], [120.660289, 24.134977], [120.660355, 24.134945], [120.660356, 24.135055], [120.66075, 24.135055], [120.660664, 24.134985], [120.6603, 24.135055], [120.660367, 24.134678], [120.66073, 24.134693], [120.660739, 24.134912], [120.660963, 24.134473], [120.662294, 24.134542], [120.662315, 24.134801], [120.662454, 24.134536], [120.662299, 24.134147], [120.662508, 24.134044], [120.663296, 24.135272], [120.663174, 24.135695], [120.663499, 24.135742], [120.663404, 24.135622], [120.663437, 24.135307], [120.663635, 24.135316], [120.663638, 24.135238], [120.66362, 24.136697], [120.663731, 24.136725], [120.663726, 24.137839], [120.663453, 24.137875], [120.663483, 24.138079], [120.663725, 24.138062], [120.663698, 24.138948], [120.663316, 24.138742], [120.663276, 24.138807], [120.663311, 24.138581], [120.663516, 24.13859], [120.66342, 24.138438], [120.663423, 24.138239], [120.663173, 24.13821], [120.663179, 24.138441], [120.663232, 24.137829], [120.663418, 24.137621], [120.663437, 24.137203], [120.663417, 24.136849], [120.663357, 24.136727], [120.663224, 24.136696], [120.663219, 24.137195], [120.663498, 24.136716], [120.662454, 24.138285], [120.662306, 24.138222], [120.66188, 24.138286], [120.661865, 24.138139], [120.661895, 24.13805], [120.662514, 24.138526], [120.662473, 24.138889], [120.661999, 24.138848], [120.661974, 24.139052], [120.662499, 24.139047], [120.662497, 24.139174], [120.66182, 24.139157], [120.66184, 24.139043], [120.663216, 24.13898], [120.663211, 24.139743], [120.663601, 24.139714], [120.663491, 24.139597], [120.663607, 24.139596], [120.66361, 24.139528], [120.663499, 24.139482], [120.663717, 24.139535], [120.663717, 24.139457], [120.663715, 24.139373], [120.663287, 24.139375], [120.663324, 24.139482], [120.663434, 24.139482], [120.663317, 24.1396], [120.66344, 24.139598], [120.663318, 24.139653], [120.663229, 24.139918], [120.663715, 24.139916], [120.66368, 24.139203], [120.663732, 24.139167], [120.663612, 24.139205], [120.664814, 24.139125], [120.664813, 24.138975], [120.664263, 24.138997], [120.664288, 24.138765], [120.664977, 24.138797], [120.664974, 24.138722], [120.665377, 24.138714], [120.665478, 24.139117], [120.664977, 24.139144], [120.664965, 24.138977], [120.665184, 24.138979], [120.665241, 24.139407], [120.664317, 24.139356], [120.664317, 24.139411], [120.664381, 24.139811], [120.664654, 24.139666], [120.665244, 24.13966], [120.665455, 24.139711], [120.665491, 24.139904], [120.664796, 24.139878], [120.665286, 24.139406], [120.665493, 24.139363], [120.665455, 24.139632], [120.657801, 24.134485]]}}, {"type": "Feature", "properties": {"district": "6600400", "segment": 8, "total_segments": 19, "km": 14.95, "villages": ["大忠里", "土庫里"]}, "geometry": {"type": "LineString", "coordinates": [[120.657067, 24.134473], [120.657114, 24.135049], [120.656335, 24.135047], [120.656329, 24.134926], [120.656848, 24.134713], [120.65672, 24.134556], [120.656433, 24.134713], [120.656509, 24.134484], [120.65674, 24.134314], [120.656757, 24.134535], [120.657034, 24.134367], [120.657088, 24.134229], [120.656404, 24.134483], [120.655585, 24.135046], [120.655661, 24.135237], [120.655503, 24.136038], [120.655799, 24.136102], [120.655768, 24.136293], [120.655913, 24.136383], [120.655769, 24.136464], [120.655645, 24.136431], [120.655721, 24.136639], [120.656066, 24.136669], [120.656122, 24.136785], [120.656127, 24.137522], [120.655946, 24.137571], [120.655982, 24.136789], [120.655787, 24.136841], [120.655746, 24.137686], [120.65535, 24.137699], [120.655396, 24.137809], [120.655641, 24.137822], [120.65587, 24.137804], [120.655803, 24.137687], [120.656124, 24.137704], [120.656164, 24.138498], [120.656518, 24.138531], [120.656532, 24.138629], [120.656542, 24.138093], [120.656351, 24.138093], [120.656328, 24.138659], [120.656168, 24.138635], [120.656179, 24.138828], [120.656569, 24.13881], [120.656572, 24.138936], [120.657111, 24.138947], [120.657061, 24.138418], [120.656709, 24.13848], [120.656709, 24.138708], [120.65693, 24.138763], [120.656854, 24.139088], [120.656041, 24.139098], [120.65613, 24.139216], [120.656276, 24.139217], [120.656158, 24.139499], [120.655903, 24.139432], [120.655832, 24.139112], [120.655565, 24.139145], [120.655562, 24.139393], [120.65525, 24.139545], [120.655224, 24.13989], [120.655534, 24.139891], [120.65557, 24.139552], [120.65603, 24.13982], [120.656525, 24.139765], [120.656517, 24.139371], [120.657113, 24.139366], [120.657109, 24.139205], [120.656625, 24.139206], [120.656389, 24.139371], [120.656388, 24.138936], [120.656167, 24.138944], [120.656514, 24.138936], [120.656913, 24.139097], [120.657161, 24.139087], [120.657014, 24.138173], [120.656589, 24.138093], [120.656568, 24.13781], [120.65633, 24.137801], [120.656396, 24.137576], [120.656712, 24.13758], [120.656599, 24.137381], [120.656611, 24.137129], [120.656327, 24.137271], [120.656499, 24.137361], [120.656328, 24.137432], [120.656328, 24.137576], [120.65662, 24.137808], [120.657072, 24.137719], [120.657075, 24.135249], [120.656316, 24.135251], [120.656404, 24.136417], [120.656965, 24.136445], [120.656881, 24.135933], [120.656624, 24.135952], [120.656624, 24.135861], [120.656478, 24.13594], [120.656623, 24.135998], [120.656615, 24.136315], [120.655996, 24.136445], [120.65608, 24.136339], [120.656112, 24.135274], [120.655754, 24.135294], [120.655768, 24.13547], [120.655986, 24.13548], [120.655989, 24.135684], [120.655752, 24.135682], [120.655779, 24.135896], [120.655856, 24.135813], [120.656652, 24.135732], [120.656682, 24.135392], [120.656817, 24.135464], [120.656915, 24.136665], [120.656826, 24.136723], [120.656335, 24.136665], [120.656399, 24.136789], [120.656353, 24.137026], [120.656454, 24.136948], [120.656687, 24.13695], [120.656598, 24.136812], [120.65689, 24.136865], [120.656808, 24.137387], [120.656942, 24.137334], [120.655948, 24.137965], [120.655274, 24.137999], [120.655405, 24.138085], [120.655872, 24.138075], [120.655938, 24.138338], [120.655401, 24.138332], [120.65539, 24.138233], [120.655829, 24.13824], [120.655844, 24.138499], [120.655257, 24.138498], [120.655247, 24.138642], [120.655599, 24.13863], [120.655699, 24.138692], [120.655833, 24.138683], [120.655949, 24.138497], [120.655254, 24.138335], [120.655615, 24.137559], [120.655661, 24.137057], [120.655658, 24.136821], [120.655509, 24.136827], [120.655502, 24.137058], [120.65525, 24.137036], [120.65537, 24.136018], [120.655255, 24.13589], [120.655262, 24.135203], [120.655414, 24.135249], [120.655472, 24.13568], [120.655275, 24.137359], [120.655316, 24.139136], [120.655259, 24.139313], [120.655405, 24.139266], [120.65533, 24.140246], [120.65572, 24.140252], [120.655705, 24.140531], [120.655777, 24.140546], [120.655685, 24.140615], [120.655474, 24.140519], [120.656107, 24.141164], [120.656189, 24.14106], [120.656567, 24.141101], [120.656515, 24.140792], [120.656404, 24.140908], [120.656182, 24.14092], [120.656163, 24.140834], [120.656021, 24.140891], [120.656573, 24.14059], [120.656716, 24.140581], [120.656779, 24.140662], [120.656832, 24.140998], [120.656727, 24.1411], [120.657096, 24.141092], [120.657082, 24.140557], [120.656849, 24.140549], [120.656381, 24.140309], [120.656103, 24.140296], [120.656083, 24.142148], [120.656171, 24.142305], [120.656298, 24.142295], [120.656381, 24.141973], [120.656374, 24.141845], [120.65627, 24.141785], [120.656293, 24.141665], [120.657101, 24.141645], [120.657092, 24.141795], [120.656869, 24.141905], [120.656926, 24.142213], [120.656819, 24.142609], [120.656739, 24.142599], [120.65692, 24.142704], [120.656967, 24.142852], [120.657094, 24.14287], [120.657085, 24.142629], [120.656627, 24.142824], [120.656232, 24.14246], [120.657533, 24.142564], [120.657575, 24.142757], [120.657793, 24.142767], [120.657784, 24.142844], [120.657748, 24.142417], [120.657564, 24.142455], [120.657551, 24.14166], [120.657704, 24.141732], [120.658747, 24.141694], [120.658699, 24.142859], [120.658437, 24.142793], [120.658458, 24.142604], [120.658642, 24.142576], [120.657997, 24.142583], [120.657887, 24.142418], [120.658243, 24.142327], [120.658312, 24.142207], [120.658454, 24.142327], [120.658581, 24.142309], [120.658519, 24.142166], [120.658405, 24.142371], [120.658057, 24.142213], [120.658058, 24.142095], [120.658035, 24.14225], [120.657693, 24.142238], [120.657692, 24.142118], [120.657866, 24.142111], [120.657844, 24.14194], [120.657693, 24.141931], [120.658963, 24.141898], [120.658937, 24.141663], [120.659024, 24.141662], [120.659512, 24.141672], [120.659499, 24.141919], [120.659897, 24.141919], [120.660039, 24.141877], [120.660002, 24.141706], [120.660059, 24.141962], [120.659967, 24.142094], [120.659689, 24.142214], [120.659603, 24.142216], [120.65957, 24.142129], [120.659702, 24.142118], [120.65968, 24.142375], [120.658945, 24.142343], [120.658959, 24.142115], [120.659422, 24.142157], [120.659457, 24.141919], [120.65928, 24.141852], [120.658989, 24.141952], [120.658944, 24.142399], [120.658979, 24.142874], [120.659699, 24.142828], [120.659762, 24.14272], [120.660053, 24.142659], [120.660038, 24.142824], [120.659772, 24.142848], [120.659851, 24.142556], [120.660054, 24.142567], [120.660093, 24.142412], [120.660345, 24.142381], [120.660338, 24.142282], [120.660654, 24.142313], [120.660692, 24.142036], [120.660574, 24.142114], [120.660593, 24.141804], [120.660619, 24.14169], [120.660722, 24.141694], [120.660311, 24.141695], [120.660297, 24.141839], [120.660405, 24.141917], [120.660341, 24.142137], [120.659996, 24.142182], [120.659777, 24.142378], [120.659753, 24.142544], [120.65913, 24.142627], [120.660102, 24.142838], [120.660338, 24.142822], [120.660292, 24.142676], [120.660469, 24.142627], [120.660419, 24.142496], [120.660469, 24.142824], [120.661366, 24.142808], [120.661522, 24.142864], [120.661472, 24.142301], [120.661529, 24.141988], [120.66145, 24.141746], [120.661252, 24.142036], [120.660912, 24.142022], [120.660912, 24.142128], [120.661217, 24.142699], [120.661364, 24.142649], [120.661514, 24.140867], [120.661308, 24.141056], [120.660974, 24.141098], [120.66089, 24.140995], [120.66039, 24.141006], [120.660348, 24.140792], [120.660359, 24.140282], [120.661252, 24.140346], [120.661447, 24.140545], [120.661077, 24.140698], [120.660648, 24.140683], [120.660642, 24.140799], [120.66108, 24.140792], [120.660422, 24.141104], [120.659798, 24.14109], [120.659855, 24.140933], [120.66, 24.140915], [120.66, 24.140977], [120.65996, 24.140679], [120.659235, 24.140538], [120.659171, 24.140307], [120.659239, 24.140277], [120.658974, 24.140447], [120.658511, 24.140553], [120.658607, 24.140803], [120.657777, 24.140744], [120.657506, 24.140991], [120.657748, 24.140297], [120.658015, 24.139881], [120.6587, 24.139903], [120.658995, 24.139601], [120.659159, 24.139686], [120.659146, 24.139813], [120.659428, 24.140306], [120.659491, 24.141088], [120.659419, 24.141088], [120.659642, 24.141089], [120.659011, 24.140979], [120.659042, 24.141086], [120.65857, 24.141191], [120.658249, 24.139695], [120.658191, 24.139697], [120.658308, 24.139696], [120.658305, 24.139543], [120.657524, 24.139533], [120.657524, 24.139394], [120.657873, 24.139429], [120.658724, 24.139338], [120.658656, 24.139023], [120.658711, 24.138726], [120.65762, 24.138737], [120.657522, 24.13889], [120.658603, 24.138863], [120.658482, 24.139024], [120.658383, 24.139024], [120.658361, 24.139134], [120.65824, 24.139136], [120.658232, 24.139022], [120.657715, 24.13901], [120.657718, 24.139148], [120.65809, 24.13915], [120.657537, 24.139175], [120.657503, 24.138476], [120.658485, 24.138473], [120.658545, 24.13848], [120.658539, 24.138592], [120.657706, 24.1386], [120.657985, 24.138341], [120.658363, 24.138148], [120.658676, 24.138147], [120.658695, 24.138484], [120.658914, 24.138492], [120.659043, 24.138385], [120.659405, 24.1384], [120.659376, 24.138297], [120.658921, 24.1383], [120.658934, 24.138171], [120.659389, 24.138177], [120.659359, 24.138078], [120.658686, 24.138043], [120.658703, 24.137618], [120.658294, 24.137657], [120.658302, 24.137776], [120.658625, 24.137777], [120.658703, 24.137335], [120.658226, 24.13737], [120.658229, 24.13748], [120.658625, 24.137484], [120.658705, 24.137029]]}}, {"type": "Feature", "properties": {"district": "6600400", "segment": 9, "total_segments": 19, "km": 14.98, "villages": ["土庫里", "昇平里"]}, "geometry": {"type": "LineString", "coordinates": [[120.657987, 24.137073], [120.657952, 24.137551], [120.658031, 24.137847], [120.6579, 24.137847], [120.658264, 24.13789], [120.657741, 24.138088], [120.657508, 24.138088], [120.657606, 24.137835], [120.65753, 24.137488], [120.65755, 24.136679], [120.657725, 24.136801], [120.657717, 24.13763], [120.658149, 24.137187], [120.658966, 24.137168], [120.658967, 24.137231], [120.658958, 24.136796], [120.659086, 24.136704], [120.65921, 24.136721], [120.659295, 24.136849], [120.659533, 24.136875], [120.660057, 24.136897], [120.660083, 24.136755], [120.659532, 24.136722], [120.65954, 24.13707], [120.660039, 24.137036], [120.66004, 24.137221], [120.659068, 24.137194], [120.659073, 24.137068], [120.659443, 24.137063], [120.658689, 24.136657], [120.657916, 24.136721], [120.657914, 24.136888], [120.658428, 24.136873], [120.657988, 24.13703], [120.658073, 24.136394], [120.65875, 24.13638], [120.658681, 24.135521], [120.658051, 24.135459], [120.657659, 24.135279], [120.657542, 24.135278], [120.657541, 24.13542], [120.657542, 24.135217], [120.657687, 24.13579], [120.658158, 24.135709], [120.658428, 24.135766], [120.658483, 24.135672], [120.658385, 24.135998], [120.658141, 24.13601], [120.658123, 24.136199], [120.658191, 24.136219], [120.658576, 24.136207], [120.658614, 24.135994], [120.658049, 24.136218], [120.65814, 24.13529], [120.658696, 24.135222], [120.658981, 24.137521], [120.659237, 24.137517], [120.659246, 24.137362], [120.659586, 24.137353], [120.659568, 24.137536], [120.660095, 24.137532], [120.660097, 24.137382], [120.659811, 24.137357], [120.659865, 24.137687], [120.660093, 24.137707], [120.660088, 24.137873], [120.659376, 24.137872], [120.659364, 24.137758], [120.659495, 24.137685], [120.660093, 24.137648], [120.659999, 24.138084], [120.659578, 24.138086], [120.659579, 24.138182], [120.660064, 24.13818], [120.660049, 24.138292], [120.659565, 24.138291], [120.659566, 24.138387], [120.659985, 24.138387], [120.660082, 24.138547], [120.660292, 24.138474], [120.660348, 24.138751], [120.660606, 24.138695], [120.661541, 24.13873], [120.661566, 24.138066], [120.661377, 24.138023], [120.661245, 24.138152], [120.661223, 24.138349], [120.660978, 24.138328], [120.660827, 24.138186], [120.660536, 24.138239], [120.660534, 24.13807], [120.660718, 24.138078], [120.660388, 24.13808], [120.660344, 24.138256], [120.660312, 24.138067], [120.660481, 24.138539], [120.661361, 24.138546], [120.661542, 24.138785], [120.661526, 24.139185], [120.660309, 24.139097], [120.660381, 24.138921], [120.661373, 24.138968], [120.661322, 24.139379], [120.660401, 24.139428], [120.660384, 24.139869], [120.66068, 24.139885], [120.661407, 24.139676], [120.661506, 24.139604], [120.661384, 24.139388], [120.661514, 24.139765], [120.661476, 24.139872], [120.662425, 24.139921], [120.662508, 24.139365], [120.661942, 24.13942], [120.661928, 24.139506], [120.661833, 24.139425], [120.662421, 24.13951], [120.663569, 24.141526], [120.65983, 24.139098], [120.659723, 24.139133], [120.659724, 24.139036], [120.659614, 24.139039], [120.659612, 24.139133], [120.659286, 24.139133], [120.659282, 24.139014], [120.659405, 24.139015], [120.659411, 24.138753], [120.659261, 24.138766], [120.659261, 24.138863], [120.659012, 24.138863], [120.659019, 24.138758], [120.658907, 24.138776], [120.658925, 24.138626], [120.659852, 24.138556], [120.659865, 24.138846], [120.659601, 24.138752], [120.659611, 24.138862], [120.66006, 24.138792], [120.65915, 24.139023], [120.659134, 24.139135], [120.65901, 24.139131], [120.659011, 24.139023], [120.658511, 24.139141], [120.658447, 24.139536], [120.657775, 24.139799], [120.65767, 24.139666], [120.658965, 24.137786], [120.659221, 24.137864], [120.659202, 24.137708], [120.65899, 24.137615], [120.659064, 24.137372], [120.659209, 24.137362], [120.659421, 24.138079], [120.659519, 24.143048], [120.660114, 24.143049], [120.660037, 24.143303], [120.660074, 24.144236], [120.65989, 24.14417], [120.659134, 24.14424], [120.659116, 24.144123], [120.659066, 24.144244], [120.65892, 24.144248], [120.658933, 24.143059], [120.659134, 24.143057], [120.659074, 24.143449], [120.659209, 24.14368], [120.659151, 24.143773], [120.659409, 24.143776], [120.659281, 24.143353], [120.659382, 24.143341], [120.659382, 24.143407], [120.659391, 24.143167], [120.65928, 24.143176], [120.659283, 24.143249], [120.65929, 24.143048], [120.659417, 24.143049], [120.659245, 24.143048], [120.659552, 24.143187], [120.659552, 24.143263], [120.659649, 24.143204], [120.659861, 24.143242], [120.659923, 24.143402], [120.659571, 24.143421], [120.659558, 24.143509], [120.659825, 24.143767], [120.65991, 24.143747], [120.659824, 24.144103], [120.659915, 24.1441], [120.659902, 24.144438], [120.658926, 24.144459], [120.65902, 24.145419], [120.659736, 24.145431], [120.659577, 24.145295], [120.659582, 24.145192], [120.659811, 24.145207], [120.659776, 24.145038], [120.659544, 24.144988], [120.659538, 24.144765], [120.659642, 24.144755], [120.659647, 24.144841], [120.659903, 24.144776], [120.659747, 24.144885], [120.659831, 24.14503], [120.66009, 24.145037], [120.660085, 24.144424], [120.659951, 24.144441], [120.659963, 24.144596], [120.660315, 24.144579], [120.660284, 24.144435], [120.661405, 24.144472], [120.661449, 24.144412], [120.661528, 24.144462], [120.661461, 24.144904], [120.661504, 24.145455], [120.660291, 24.145419], [120.660333, 24.144646], [120.66046, 24.144773], [120.660706, 24.144789], [120.661404, 24.144682], [120.661298, 24.144908], [120.661333, 24.145173], [120.661177, 24.14523], [120.661141, 24.144942], [120.661022, 24.144971], [120.66105, 24.14528], [120.660594, 24.145301], [120.660668, 24.145137], [120.660802, 24.145137], [120.660817, 24.145026], [120.66081, 24.144969], [120.660461, 24.144993], [120.660665, 24.14458], [120.661022, 24.144621], [120.66082, 24.14421], [120.660423, 24.144218], [120.66057, 24.14407], [120.66056, 24.143929], [120.660789, 24.143959], [120.660771, 24.144065], [120.660781, 24.143849], [120.660636, 24.143826], [120.660594, 24.143725], [120.660946, 24.143637], [120.66096, 24.143204], [120.661131, 24.143276], [120.661024, 24.143084], [120.660407, 24.143098], [120.66032, 24.143378], [120.660297, 24.144026], [120.660611, 24.143447], [120.66074, 24.14345], [120.66074, 24.143522], [120.660739, 24.143271], [120.660622, 24.143268], [120.660623, 24.143329], [120.66029, 24.143198], [120.660401, 24.143024], [120.661056, 24.143552], [120.661316, 24.143538], [120.661518, 24.143621], [120.661403, 24.143139], [120.661163, 24.143901], [120.66184, 24.144419], [120.66184, 24.144488], [120.661916, 24.144421], [120.662096, 24.14444], [120.661991, 24.14465], [120.662011, 24.144907], [120.661818, 24.145241], [120.661865, 24.145448], [120.662993, 24.14544], [120.663056, 24.145313], [120.662997, 24.145185], [120.66323, 24.145234], [120.663266, 24.145427], [120.663882, 24.145421], [120.663919, 24.145641], [120.663281, 24.145641], [120.663218, 24.145783], [120.663271, 24.146065], [120.663031, 24.146125], [120.662978, 24.146553], [120.662327, 24.146533], [120.662553, 24.146195], [120.662811, 24.146101], [120.662778, 24.146027], [120.662622, 24.145837], [120.662281, 24.145642], [120.661866, 24.145617], [120.661855, 24.145911], [120.662063, 24.145799], [120.662203, 24.14583], [120.662534, 24.146009], [120.662417, 24.146159], [120.662754, 24.146299], [120.662848, 24.14624], [120.662677, 24.146396], [120.662558, 24.145993], [120.662805, 24.145828], [120.662883, 24.145989], [120.662975, 24.14601], [120.662708, 24.145602], [120.662371, 24.145618], [120.662447, 24.145332], [120.66267, 24.14512], [120.662666, 24.144965], [120.66236, 24.144968], [120.662372, 24.145039], [120.662541, 24.145026], [120.662481, 24.144682], [120.662281, 24.144661], [120.662252, 24.144436], [120.663005, 24.144448], [120.663048, 24.144675], [120.662994, 24.144767], [120.663049, 24.144766], [120.662868, 24.144675], [120.662815, 24.144675], [120.662839, 24.144767], [120.662656, 24.144766], [120.662693, 24.144544], [120.662639, 24.144543], [120.663257, 24.144434], [120.663848, 24.144428], [120.663812, 24.144702], [120.663749, 24.14472], [120.664177, 24.144707], [120.664177, 24.14463], [120.66412, 24.145461], [120.664191, 24.145743], [120.664173, 24.146543], [120.663348, 24.146574], [120.663624, 24.14616], [120.663588, 24.145768], [120.663848, 24.145768], [120.663867, 24.145954], [120.663998, 24.145943], [120.663954, 24.146115], [120.66404, 24.146132], [120.66388, 24.146119], [120.663889, 24.146234], [120.664006, 24.145762], [120.663972, 24.1452], [120.663422, 24.145201], [120.663456, 24.14501], [120.664012, 24.145018], [120.664033, 24.144889], [120.663579, 24.144892], [120.663548, 24.14473], [120.663334, 24.14474], [120.663296, 24.14454], [120.662958, 24.145622], [120.663031, 24.145706], [120.662262, 24.145229], [120.662086, 24.14521], [120.662086, 24.145278], [120.661517, 24.145615], [120.661534, 24.146187], [120.661346, 24.146109], [120.661182, 24.146152], [120.661179, 24.146233], [120.660972, 24.146171], [120.660962, 24.14593], [120.661423, 24.145925], [120.661408, 24.145743], [120.661203, 24.145727], [120.661175, 24.145637], [120.661431, 24.145632], [120.660936, 24.145635], [120.660915, 24.145721], [120.660762, 24.145758], [120.660489, 24.145758], [120.660467, 24.145632], [120.660301, 24.145641], [120.660304, 24.145982], [120.66075, 24.14608], [120.660764, 24.145949], [120.66049, 24.145944], [120.660319, 24.146191], [120.660321, 24.146333], [120.660037, 24.146239], [120.660064, 24.14608]]}}, {"type": "Feature", "properties": {"district": "6600400", "segment": 10, "total_segments": 19, "km": 13.89, "villages": ["昇平里"]}, "geometry": {"type": "LineString", "coordinates": [[120.659545, 24.145911], [120.659606, 24.14624], [120.659713, 24.146161], [120.6599, 24.146191], [120.659863, 24.146386], [120.65953, 24.146384], [120.659534, 24.146526], [120.660049, 24.146471], [120.659298, 24.146252], [120.659374, 24.146526], [120.658952, 24.146533], [120.658708, 24.146353], [120.658715, 24.145723], [120.658416, 24.145641], [120.658499, 24.145773], [120.658446, 24.146032], [120.658578, 24.146083], [120.658486, 24.146259], [120.658526, 24.146518], [120.65811, 24.146512], [120.658015, 24.145869], [120.658215, 24.1459], [120.658231, 24.146378], [120.657834, 24.146275], [120.657691, 24.145743], [120.65747, 24.146043], [120.657567, 24.14501], [120.657505, 24.14444], [120.658739, 24.144452], [120.658695, 24.144731], [120.658512, 24.144762], [120.658518, 24.144566], [120.658262, 24.144598], [120.658104, 24.144723], [120.657895, 24.144723], [120.657896, 24.144638], [120.657891, 24.145007], [120.6581, 24.145007], [120.658093, 24.145246], [120.658324, 24.145279], [120.658323, 24.145187], [120.65834, 24.145377], [120.658223, 24.145458], [120.657617, 24.145427], [120.658192, 24.145737], [120.658488, 24.145396], [120.658711, 24.145418], [120.658718, 24.145178], [120.658537, 24.145188], [120.658537, 24.145273], [120.658517, 24.144996], [120.658713, 24.144946], [120.659357, 24.145023], [120.659348, 24.145284], [120.659215, 24.145291], [120.659314, 24.145646], [120.660092, 24.145637], [120.660076, 24.14587], [120.659661, 24.145763], [120.65941, 24.145884], [120.658988, 24.145892], [120.658966, 24.146086], [120.659352, 24.146013], [120.659354, 24.146088], [120.659363, 24.145973], [120.658956, 24.145853], [120.658949, 24.1457], [120.658651, 24.146513], [120.659415, 24.146526], [120.660068, 24.145303], [120.660548, 24.145631], [120.660784, 24.145632], [120.661128, 24.146021], [120.661042, 24.146378], [120.66092, 24.146378], [120.661042, 24.146571], [120.660916, 24.146574], [120.661855, 24.146463], [120.661922, 24.146582], [120.659372, 24.14481], [120.659126, 24.14481], [120.659156, 24.144626], [120.659374, 24.144629], [120.659373, 24.144718], [120.659568, 24.144563], [120.65912, 24.143988], [120.658729, 24.144005], [120.658682, 24.143889], [120.658496, 24.143974], [120.657934, 24.143942], [120.657953, 24.144061], [120.658677, 24.144104], [120.658637, 24.144192], [120.658495, 24.144216], [120.657611, 24.144219], [120.657572, 24.14415], [120.657508, 24.144234], [120.657494, 24.143842], [120.65774, 24.143663], [120.65771, 24.143116], [120.658748, 24.143058], [120.658726, 24.143331], [120.658634, 24.143259], [120.658035, 24.143232], [120.658035, 24.143476], [120.658676, 24.143512], [120.658676, 24.143446], [120.658688, 24.143777], [120.658435, 24.143614], [120.65821, 24.143609], [120.658235, 24.143723], [120.657993, 24.143755], [120.657987, 24.143498], [120.65755, 24.143207], [120.657083, 24.143397], [120.657036, 24.143067], [120.656689, 24.143053], [120.656628, 24.14508], [120.658043, 24.145243], [120.662534, 24.142723], [120.661863, 24.167991], [120.711076, 24.147092]]}}, {"type": "Feature", "properties": {"district": "6600400", "segment": 11, "total_segments": 19, "km": 15.0, "villages": ["公益里", "中興里"]}, "geometry": {"type": "LineString", "coordinates": [[120.660099, 24.147737], [120.659616, 24.147734], [120.659614, 24.147514], [120.659696, 24.147417], [120.660055, 24.147438], [120.660056, 24.147357], [120.660101, 24.147977], [120.659309, 24.147994], [120.659221, 24.148084], [120.658924, 24.147993], [120.659034, 24.148232], [120.658958, 24.148276], [120.659, 24.148701], [120.658933, 24.148916], [120.659941, 24.148868], [120.660097, 24.148936], [120.66007, 24.148312], [120.65999, 24.148234], [120.660073, 24.148055], [120.659914, 24.148337], [120.659629, 24.148324], [120.65963, 24.148398], [120.659625, 24.148137], [120.659352, 24.148184], [120.6594, 24.148736], [120.659135, 24.148713], [120.659133, 24.148596], [120.659295, 24.148553], [120.659128, 24.148515], [120.659112, 24.148332], [120.659252, 24.148344], [120.659571, 24.14857], [120.65992, 24.148569], [120.65989, 24.148719], [120.659453, 24.148735], [120.659568, 24.149159], [120.660076, 24.149197], [120.660065, 24.150094], [120.659834, 24.150077], [120.659859, 24.150465], [120.660057, 24.150466], [120.660057, 24.150238], [120.659622, 24.150252], [120.659571, 24.150704], [120.660055, 24.150742], [120.660097, 24.150666], [120.660095, 24.150608], [120.660028, 24.151162], [120.659385, 24.151051], [120.658991, 24.151079], [120.65899, 24.151004], [120.659016, 24.151395], [120.659181, 24.151348], [120.659149, 24.151239], [120.659295, 24.151225], [120.659136, 24.150696], [120.658982, 24.15069], [120.658961, 24.149925], [120.65927, 24.149845], [120.65921, 24.149779], [120.659274, 24.149696], [120.659449, 24.149729], [120.659369, 24.149955], [120.659405, 24.150078], [120.65915, 24.150077], [120.65915, 24.149982], [120.659237, 24.149983], [120.659115, 24.150551], [120.659432, 24.150688], [120.659376, 24.150257], [120.659261, 24.150324], [120.659627, 24.15014], [120.659627, 24.14983], [120.659794, 24.14983], [120.659821, 24.149729], [120.659598, 24.149726], [120.659744, 24.149505], [120.65992, 24.14952], [120.659913, 24.149348], [120.65958, 24.149348], [120.659357, 24.149435], [120.659355, 24.149564], [120.659657, 24.149502], [120.659949, 24.149729], [120.660076, 24.149124], [120.659959, 24.148737], [120.659458, 24.149175], [120.658929, 24.149123], [120.65898, 24.14974], [120.658695, 24.149721], [120.658707, 24.15008], [120.658266, 24.14987], [120.658345, 24.149703], [120.658583, 24.149745], [120.658695, 24.149679], [120.658674, 24.149139], [120.658029, 24.149179], [120.657858, 24.149114], [120.657774, 24.149193], [120.657563, 24.149131], [120.657516, 24.149436], [120.657929, 24.149541], [120.658382, 24.149516], [120.658456, 24.149447], [120.658566, 24.149494], [120.658304, 24.149433], [120.65828, 24.149272], [120.658015, 24.149368], [120.658014, 24.149432], [120.657814, 24.149283], [120.657747, 24.149397], [120.657772, 24.148914], [120.657499, 24.148919], [120.657526, 24.147951], [120.658741, 24.148012], [120.658677, 24.148206], [120.658702, 24.148933], [120.657886, 24.148913], [120.657998, 24.148456], [120.657983, 24.148091], [120.658181, 24.148118], [120.658182, 24.148774], [120.658452, 24.14869], [120.658389, 24.148146], [120.658509, 24.148188], [120.658714, 24.147784], [120.658712, 24.146984], [120.658677, 24.146858], [120.657885, 24.146868], [120.657969, 24.146993], [120.657967, 24.147743], [120.658592, 24.147746], [120.65845, 24.147597], [120.658477, 24.147013], [120.658184, 24.147036], [120.65818, 24.147618], [120.657927, 24.147743], [120.657518, 24.147774], [120.657517, 24.147678], [120.657584, 24.147664], [120.657525, 24.147082], [120.657726, 24.147098], [120.657702, 24.148752], [120.658452, 24.148764], [120.658726, 24.149143], [120.659113, 24.149332], [120.65933, 24.149333], [120.659258, 24.149511], [120.659082, 24.149477], [120.658245, 24.149703], [120.658939, 24.147769], [120.658993, 24.147369], [120.659224, 24.147466], [120.659656, 24.147393], [120.659575, 24.146843], [120.660085, 24.146842], [120.660086, 24.147238], [120.659697, 24.147222], [120.659707, 24.147132], [120.659799, 24.147132], [120.659707, 24.147083], [120.659707, 24.146988], [120.6598, 24.146944], [120.659707, 24.146944], [120.659993, 24.146945], [120.659903, 24.146944], [120.659903, 24.147084], [120.659993, 24.147133], [120.659874, 24.147086], [120.659385, 24.147254], [120.659444, 24.146904], [120.658926, 24.14685], [120.658932, 24.147369], [120.659094, 24.147151], [120.659264, 24.147171], [120.659444, 24.146836], [120.658741, 24.146848], [120.659131, 24.147704], [120.659458, 24.147753], [120.659394, 24.147606], [120.659021, 24.147746], [120.660271, 24.147735], [120.660848, 24.147775], [120.6608, 24.147496], [120.660703, 24.147495], [120.660704, 24.147388], [120.660799, 24.147388], [120.660515, 24.147411], [120.660456, 24.147484], [120.66041, 24.147411], [120.660295, 24.147444], [120.660277, 24.147628], [120.660292, 24.147137], [120.661227, 24.147182], [120.661192, 24.147491], [120.661024, 24.147496], [120.660989, 24.14776], [120.661529, 24.147752], [120.661517, 24.14739], [120.661025, 24.147404], [120.66101, 24.146843], [120.661409, 24.146894], [120.661477, 24.146995], [120.661855, 24.14697], [120.661839, 24.147704], [120.662641, 24.147699], [120.662831, 24.147788], [120.662946, 24.147728], [120.662899, 24.147558], [120.66207, 24.147562], [120.662266, 24.147406], [120.662913, 24.147374], [120.662953, 24.147144], [120.662707, 24.147062], [120.662647, 24.146888], [120.661852, 24.146873], [120.662331, 24.14711], [120.66291, 24.146814], [120.663676, 24.146975], [120.663921, 24.146886], [120.664191, 24.146918], [120.664179, 24.147786], [120.663593, 24.147713], [120.663652, 24.147573], [120.663781, 24.147615], [120.663766, 24.147336], [120.663444, 24.147441], [120.663421, 24.147712], [120.663272, 24.147784], [120.663179, 24.147681], [120.663223, 24.147185], [120.662915, 24.147418], [120.663188, 24.147978], [120.663786, 24.148003], [120.663752, 24.148177], [120.661894, 24.148158], [120.661871, 24.148055], [120.661921, 24.147965], [120.662327, 24.148006], [120.662352, 24.147944], [120.662457, 24.148021], [120.662941, 24.148033], [120.662935, 24.148354], [120.661892, 24.148345], [120.661842, 24.148934], [120.663132, 24.148933], [120.663196, 24.148444], [120.664084, 24.148439], [120.664025, 24.14821], [120.663853, 24.148175], [120.664003, 24.14803], [120.664177, 24.147997], [120.664165, 24.148205], [120.663699, 24.148324], [120.663408, 24.148827], [120.662894, 24.149113], [120.662921, 24.149291], [120.662441, 24.149287], [120.66244, 24.149147], [120.662789, 24.149146], [120.662766, 24.149447], [120.661871, 24.149517], [120.661873, 24.150038], [120.661933, 24.150077], [120.66187, 24.150161], [120.662606, 24.150099], [120.662628, 24.149967], [120.662747, 24.149969], [120.662759, 24.149858], [120.662454, 24.149852], [120.66244, 24.149959], [120.662569, 24.149961], [120.662184, 24.149971], [120.662086, 24.14988], [120.66227, 24.14984], [120.662196, 24.149662], [120.661987, 24.149661], [120.661872, 24.14948], [120.661868, 24.149103], [120.662013, 24.149158], [120.662332, 24.14911], [120.66222, 24.149326], [120.661525, 24.149303], [120.661496, 24.150142], [120.661292, 24.150033], [120.660988, 24.150062], [120.660992, 24.149726], [120.661213, 24.149834], [120.661368, 24.149768], [120.661391, 24.149125], [120.661549, 24.149127], [120.661525, 24.149253], [120.661346, 24.149123], [120.660316, 24.149162], [120.660319, 24.150716], [120.660777, 24.150645], [120.660785, 24.150284], [120.660475, 24.15029], [120.660464, 24.150472], [120.660997, 24.150256], [120.661001, 24.150426], [120.661145, 24.150314], [120.661449, 24.150391], [120.661502, 24.15051], [120.661491, 24.150687], [120.661372, 24.150621], [120.660988, 24.150625], [120.660968, 24.151015], [120.661351, 24.151048], [120.661504, 24.150977], [120.661503, 24.151395], [120.661351, 24.151384], [120.661344, 24.151211], [120.661151, 24.151337], [120.661051, 24.151112], [120.660842, 24.15128], [120.660436, 24.151238], [120.660408, 24.151382], [120.660839, 24.15137], [120.660758, 24.151065], [120.660513, 24.151008], [120.660302, 24.151055], [120.660429, 24.150049], [120.660758, 24.150036], [120.660749, 24.150102], [120.660749, 24.149766], [120.660427, 24.149811], [120.66047, 24.149593], [120.660818, 24.149599], [120.66082, 24.149502], [120.66047, 24.149486], [120.660487, 24.149345], [120.660806, 24.149321], [120.660977, 24.149411], [120.661226, 24.149408], [120.661228, 24.149255], [120.660948, 24.149261], [120.661027, 24.149593], [120.660953, 24.149605], [120.661198, 24.149567], [120.660987, 24.150138], [120.661469, 24.150332], [120.661883, 24.150389], [120.661829, 24.150703], [120.662199, 24.150689], [120.662274, 24.150582], [120.66247, 24.150585], [120.662519, 24.1505], [120.662633, 24.150574], [120.6626, 24.150673], [120.662852, 24.150685], [120.662897, 24.149574], [120.662679, 24.1497], [120.662427, 24.149676], [120.662297, 24.150306], [120.662129, 24.150276], [120.662469, 24.150717], [120.662845, 24.150738], [120.662153, 24.151011], [120.661837, 24.151003], [120.661883, 24.151399], [120.662306, 24.151343], [120.662204, 24.151152], [120.662015, 24.151212], [120.661468, 24.148797], [120.661468, 24.148496], [120.661415, 24.148385], [120.660982, 24.148331], [120.661002, 24.147975], [120.661515, 24.147969], [120.661469, 24.148254], [120.661525, 24.148385], [120.66128, 24.148564], [120.660525, 24.148601], [120.660339, 24.148583], [120.660296, 24.147956], [120.660842, 24.147977], [120.66081, 24.148222], [120.660705, 24.148221], [120.660722, 24.148356], [120.660854, 24.148356], [120.660633, 24.148355], [120.660478, 24.148246], [120.660291, 24.148925], [120.661133, 24.14885], [120.661355, 24.148897], [120.661027, 24.148787], [120.661079, 24.148683]]}}, {"type": "Feature", "properties": {"district": "6600400", "segment": 12, "total_segments": 19, "km": 14.98, "villages": ["中興里", "双龍里", "後龍里"]}, "geometry": {"type": "LineString", "coordinates": [[120.660777, 24.148667], [120.660762, 24.148785], [120.660317, 24.149097], [120.661224, 24.148279], [120.661892, 24.148301], [120.661894, 24.1482], [120.661981, 24.148481], [120.662939, 24.14849], [120.662929, 24.148699], [120.66196, 24.148691], [120.664052, 24.148904], [120.660964, 24.146843], [120.660292, 24.146854], [120.660305, 24.147014], [120.660821, 24.146942], [120.660814, 24.147013], [120.664479, 24.148064], [120.665453, 24.148069], [120.665847, 24.147993], [120.66576, 24.148346], [120.665683, 24.148341], [120.665654, 24.148452], [120.666476, 24.148466], [120.666461, 24.148344], [120.665924, 24.148344], [120.665987, 24.148133], [120.666502, 24.148138], [120.666502, 24.148005], [120.666089, 24.14798], [120.666051, 24.147791], [120.666374, 24.147719], [120.666471, 24.147788], [120.666502, 24.147585], [120.665463, 24.147594], [120.665471, 24.147707], [120.665908, 24.147776], [120.665841, 24.147386], [120.665554, 24.147386], [120.665577, 24.147242], [120.666448, 24.147241], [120.666464, 24.147385], [120.665903, 24.147362], [120.665948, 24.147049], [120.666444, 24.147038], [120.666469, 24.14687], [120.665475, 24.146812], [120.665451, 24.146951], [120.665524, 24.147049], [120.66585, 24.147046], [120.665468, 24.14723], [120.665531, 24.146588], [120.665693, 24.146582], [120.665433, 24.146547], [120.665433, 24.146494], [120.667697, 24.146554], [120.667603, 24.146395], [120.666751, 24.146388], [120.666756, 24.146053], [120.667154, 24.145993], [120.667156, 24.145907], [120.66725, 24.145888], [120.667251, 24.146139], [120.666868, 24.146132], [120.666901, 24.146245], [120.667697, 24.146236], [120.66766, 24.146126], [120.668022, 24.1461], [120.667946, 24.145975], [120.667429, 24.145974], [120.667427, 24.14589], [120.668052, 24.145926], [120.668031, 24.145751], [120.666748, 24.145746], [120.666772, 24.14589], [120.667056, 24.145903], [120.667441, 24.146127], [120.667593, 24.146127], [120.6677, 24.146392], [120.667955, 24.14645], [120.667426, 24.1469], [120.666729, 24.146883], [120.666744, 24.14707], [120.667492, 24.147052], [120.667483, 24.147228], [120.666855, 24.147239], [120.66678, 24.147569], [120.667481, 24.147573], [120.667487, 24.14775], [120.666741, 24.147787], [120.666722, 24.147711], [120.66703, 24.147392], [120.66746, 24.147394], [120.667403, 24.14799], [120.6675, 24.148003], [120.6675, 24.148139], [120.666738, 24.148128], [120.666738, 24.148021], [120.667303, 24.147981], [120.667298, 24.148359], [120.667027, 24.148366], [120.667027, 24.14852], [120.6675, 24.148515], [120.667497, 24.148397], [120.667402, 24.14837], [120.667396, 24.148739], [120.667495, 24.148737], [120.667494, 24.148899], [120.666738, 24.148884], [120.666738, 24.148754], [120.667282, 24.148736], [120.667233, 24.149137], [120.667468, 24.149138], [120.667507, 24.149427], [120.667278, 24.14949], [120.667129, 24.149369], [120.666933, 24.149395], [120.666935, 24.149494], [120.666781, 24.14944], [120.666812, 24.149148], [120.667161, 24.149141], [120.667092, 24.14966], [120.666846, 24.149677], [120.666809, 24.149774], [120.666992, 24.149773], [120.66699, 24.1499], [120.667451, 24.149864], [120.667478, 24.150656], [120.666736, 24.150666], [120.666778, 24.149865], [120.666949, 24.1499], [120.666942, 24.150411], [120.667039, 24.15041], [120.667042, 24.150237], [120.666946, 24.150194], [120.667044, 24.150206], [120.666946, 24.150169], [120.667026, 24.150131], [120.666947, 24.150043], [120.667025, 24.150005], [120.667205, 24.150144], [120.667201, 24.150316], [120.667241, 24.150199], [120.667315, 24.150318], [120.66732, 24.150171], [120.667244, 24.150119], [120.667273, 24.150396], [120.667196, 24.150432], [120.667198, 24.150518], [120.667317, 24.150517], [120.667317, 24.150388], [120.667157, 24.150518], [120.666909, 24.150518], [120.666735, 24.149709], [120.666435, 24.149613], [120.666448, 24.149398], [120.666165, 24.149465], [120.665874, 24.14941], [120.665849, 24.149498], [120.665675, 24.149359], [120.665677, 24.149496], [120.665486, 24.149515], [120.665482, 24.148863], [120.665739, 24.14895], [120.665816, 24.148946], [120.665787, 24.148873], [120.666179, 24.148947], [120.666244, 24.148865], [120.666382, 24.148866], [120.666458, 24.148949], [120.666303, 24.148948], [120.666336, 24.149146], [120.666061, 24.149157], [120.666095, 24.149281], [120.666228, 24.149282], [120.665855, 24.149289], [120.665848, 24.149147], [120.665735, 24.149142], [120.665744, 24.148713], [120.665629, 24.148711], [120.665649, 24.148597], [120.666222, 24.148717], [120.666322, 24.148707], [120.666322, 24.148612], [120.666476, 24.148616], [120.666464, 24.148709], [120.666477, 24.148568], [120.666738, 24.148502], [120.666738, 24.14839], [120.666846, 24.148375], [120.666846, 24.148519], [120.666198, 24.148612], [120.665496, 24.148607], [120.665495, 24.148704], [120.665533, 24.148393], [120.665073, 24.14885], [120.667309, 24.149704], [120.667719, 24.149667], [120.667713, 24.149414], [120.666749, 24.147245], [120.66675, 24.146446], [120.666439, 24.146228], [120.666431, 24.14568], [120.66594, 24.146174], [120.665856, 24.144643], [120.667301, 24.145233], [120.668222, 24.144761], [120.668468, 24.145265], [120.668537, 24.145238], [120.668447, 24.14533], [120.668422, 24.145544], [120.668913, 24.145536], [120.668959, 24.145434], [120.668646, 24.145383], [120.668826, 24.145259], [120.669085, 24.145445], [120.669149, 24.14566], [120.669263, 24.14574], [120.669084, 24.145802], [120.669075, 24.145669], [120.668373, 24.145657], [120.668413, 24.145881], [120.668329, 24.145921], [120.668336, 24.146049], [120.668908, 24.145983], [120.668884, 24.145782], [120.66858, 24.145851], [120.668373, 24.145543], [120.668823, 24.145092], [120.669432, 24.145714], [120.669435, 24.145813], [120.669513, 24.14581], [120.669592, 24.146036], [120.66921, 24.145954], [120.669074, 24.145994], [120.66889, 24.146241], [120.668456, 24.146268], [120.66831, 24.146192], [120.668295, 24.146408], [120.66838, 24.146583], [120.668925, 24.146578], [120.668938, 24.146441], [120.669115, 24.146424], [120.669478, 24.146567], [120.669288, 24.146816], [120.669357, 24.146899], [120.669589, 24.146859], [120.669626, 24.146938], [120.669616, 24.147238], [120.669262, 24.147228], [120.669255, 24.147156], [120.669338, 24.147155], [120.668834, 24.147213], [120.668834, 24.147056], [120.668513, 24.147144], [120.668694, 24.146905], [120.669142, 24.146813], [120.669146, 24.14709], [120.669036, 24.147105], [120.669062, 24.147474], [120.669649, 24.147462], [120.669642, 24.147738], [120.669412, 24.147739], [120.669324, 24.147652], [120.668703, 24.147744], [120.668746, 24.147515], [120.668827, 24.147475], [120.668297, 24.147402], [120.668283, 24.147719], [120.668404, 24.147798], [120.668436, 24.148044], [120.668334, 24.148041], [120.668393, 24.148191], [120.668314, 24.148936], [120.668639, 24.148779], [120.668464, 24.148626], [120.668465, 24.148516], [120.66921, 24.148568], [120.669073, 24.148678], [120.669127, 24.148891], [120.668835, 24.148911], [120.669027, 24.149134], [120.669409, 24.149152], [120.669592, 24.149455], [120.668445, 24.149378], [120.668305, 24.149452], [120.668293, 24.149149], [120.668625, 24.149125], [120.669248, 24.148836], [120.669363, 24.148889], [120.669451, 24.148604], [120.66945, 24.14825], [120.668566, 24.148246], [120.668565, 24.148051], [120.668909, 24.147969], [120.668861, 24.148082], [120.669046, 24.148013], [120.669528, 24.148097], [120.669627, 24.147961], [120.669597, 24.148256], [120.670016, 24.148314], [120.670022, 24.148069], [120.670251, 24.148287], [120.670465, 24.14824], [120.670442, 24.148034], [120.670796, 24.148024], [120.670796, 24.148124], [120.670742, 24.147473], [120.670612, 24.147232], [120.670613, 24.147069], [120.67047, 24.147108], [120.670453, 24.147012], [120.670474, 24.146844], [120.670618, 24.146849], [120.670801, 24.14699], [120.670832, 24.147138], [120.6704, 24.147209], [120.670215, 24.147388], [120.670035, 24.14739], [120.670058, 24.147793], [120.670537, 24.147677], [120.670556, 24.147778], [120.670019, 24.146985], [120.670072, 24.146711], [120.670003, 24.146822], [120.670253, 24.146804], [120.670266, 24.146578], [120.670344, 24.146574], [120.670166, 24.146604], [120.670016, 24.146241], [120.669896, 24.146143], [120.669935, 24.146381], [120.669804, 24.146505], [120.669532, 24.146207], [120.669265, 24.146245], [120.668347, 24.147063], [120.668292, 24.14722], [120.668291, 24.14698], [120.667815, 24.146987], [120.667729, 24.147184], [120.668069, 24.147483], [120.66807, 24.14763], [120.667771, 24.147624], [120.667765, 24.147762], [120.66812, 24.147732], [120.66803, 24.147992], [120.667655, 24.147993], [120.667697, 24.148547], [120.667772, 24.14868], [120.66771, 24.148891], [120.668012, 24.148844], [120.667954, 24.149099], [120.667706, 24.149162], [120.667979, 24.149326], [120.668001, 24.149421], [120.667834, 24.149495], [120.667814, 24.149674], [120.668121, 24.149681], [120.6681, 24.150002], [120.668273, 24.149965], [120.668356, 24.150137], [120.668786, 24.150131], [120.668786, 24.149968], [120.669069, 24.150066], [120.669103, 24.149904], [120.66931, 24.149833], [120.669222, 24.14973], [120.667825, 24.149857], [120.667768, 24.149783], [120.667824, 24.150157], [120.66773, 24.150153], [120.669623, 24.149648], [120.66959, 24.150117], [120.67022, 24.150212], [120.670476, 24.149767], [120.670634, 24.149845], [120.670775, 24.149721], [120.670815, 24.149136], [120.670687, 24.149084], [120.670734, 24.148957], [120.670807, 24.148953], [120.670797, 24.14849], [120.67059, 24.148517], [120.670439, 24.148649], [120.67017, 24.148631], [120.670181, 24.148833], [120.670493, 24.148853], [120.670539, 24.149135], [120.670083, 24.149131], [120.670074, 24.149452], [120.670497, 24.149424]]}}, {"type": "Feature", "properties": {"district": "6600400", "segment": 13, "total_segments": 19, "km": 11.44, "villages": ["後龍里", "和龍里"]}, "geometry": {"type": "LineString", "coordinates": [[120.67135, 24.149207], [120.671644, 24.14888], [120.67212, 24.148549], [120.672161, 24.14834], [120.671862, 24.148065], [120.67171, 24.148195], [120.67158, 24.148129], [120.671633, 24.148023], [120.671813, 24.147959], [120.671444, 24.147966], [120.671381, 24.147804], [120.671485, 24.147691], [120.671416, 24.147375], [120.671481, 24.147209], [120.671358, 24.147286], [120.671333, 24.147162], [120.671631, 24.146697], [120.671694, 24.146798], [120.671546, 24.146894], [120.671911, 24.147381], [120.671741, 24.147559], [120.671992, 24.147714], [120.671936, 24.147909], [120.672092, 24.147915], [120.672231, 24.147663], [120.672465, 24.147847], [120.672563, 24.148043], [120.672836, 24.147888], [120.672973, 24.147663], [120.672788, 24.147226], [120.672439, 24.147358], [120.67216, 24.147602], [120.672629, 24.147537], [120.672383, 24.147068], [120.672272, 24.147122], [120.672074, 24.146908], [120.672317, 24.146789], [120.672543, 24.146991], [120.672394, 24.147014], [120.672218, 24.146682], [120.672034, 24.146759], [120.671892, 24.146559], [120.672009, 24.146496], [120.671797, 24.146649], [120.671473, 24.146347], [120.671075, 24.145874], [120.67124, 24.145734], [120.67175, 24.146292], [120.671223, 24.146699], [120.671018, 24.146494], [120.670973, 24.146348], [120.67108, 24.146262], [120.670827, 24.146105], [120.670917, 24.146006], [120.670771, 24.146209], [120.671256, 24.146444], [120.671242, 24.146735], [120.671893, 24.147984], [120.673093, 24.146944], [120.672996, 24.146828], [120.673146, 24.146702], [120.673009, 24.146558], [120.673163, 24.146383], [120.672559, 24.145873], [120.672257, 24.146128], [120.672441, 24.146275], [120.672659, 24.146313], [120.672768, 24.14625], [120.67267, 24.146121], [120.672726, 24.146525], [120.672837, 24.146681], [120.67293, 24.146644], [120.673289, 24.147063], [120.67346, 24.147111], [120.673421, 24.146938], [120.673568, 24.146828], [120.673393, 24.146741], [120.673355, 24.14661], [120.673569, 24.14651], [120.673786, 24.146641], [120.673514, 24.146444], [120.673813, 24.146123], [120.673383, 24.14608], [120.673386, 24.146189], [120.673306, 24.146237], [120.672437, 24.145297], [120.672153, 24.145491], [120.672425, 24.145661], [120.672205, 24.145809], [120.672122, 24.145969], [120.67175, 24.145536], [120.671556, 24.145434], [120.671837, 24.145247], [120.671969, 24.145299], [120.672049, 24.145434], [120.672022, 24.14567], [120.671505, 24.145466], [120.672081, 24.14502], [120.670438, 24.145013], [120.673872, 24.14712], [120.668031, 24.148086], [120.668039, 24.148517], [120.667869, 24.148509], [120.667846, 24.148153], [120.667768, 24.148141], [120.667924, 24.148142], [120.667674, 24.147737], [120.671407, 24.149947], [120.672088, 24.14928], [120.672124, 24.149597], [120.672324, 24.149826], [120.672255, 24.149882], [120.672473, 24.14969], [120.672718, 24.149896], [120.672298, 24.150185], [120.672208, 24.150377], [120.671998, 24.150455], [120.671816, 24.150282], [120.672116, 24.150005], [120.671829, 24.149777], [120.671778, 24.149862], [120.67185, 24.149949], [120.671729, 24.149941], [120.671571, 24.150112], [120.671508, 24.150019], [120.671718, 24.149818], [120.672282, 24.150566], [120.672194, 24.150697], [120.672477, 24.15084], [120.672809, 24.150793], [120.672717, 24.150625], [120.673047, 24.150201], [120.672827, 24.150061], [120.672467, 24.150423], [120.672508, 24.15048], [120.672405, 24.150633], [120.672332, 24.150544], [120.672398, 24.150489], [120.672677, 24.150688], [120.672576, 24.151043], [120.672726, 24.151099], [120.673466, 24.151052], [120.673436, 24.151467], [120.673058, 24.151435], [120.673075, 24.151384], [120.673, 24.151448], [120.672866, 24.151406], [120.672831, 24.151302], [120.673198, 24.151684], [120.673542, 24.15165], [120.67344, 24.151912], [120.673518, 24.152092], [120.673421, 24.152105], [120.673203, 24.151731], [120.673525, 24.151466], [120.674368, 24.151443], [120.674306, 24.151099], [120.674287, 24.151158], [120.674372, 24.151217], [120.674408, 24.151168], [120.67437, 24.151016], [120.673717, 24.151005], [120.673765, 24.151339], [120.673918, 24.151238], [120.674197, 24.151234], [120.673878, 24.151105], [120.674145, 24.151104], [120.674176, 24.150823], [120.674283, 24.150807], [120.674203, 24.150623], [120.674277, 24.15037], [120.674041, 24.150378], [120.674018, 24.15024], [120.674255, 24.150231], [120.674098, 24.150012], [120.674141, 24.149956], [120.673745, 24.150277], [120.673764, 24.150811], [120.674522, 24.150808], [120.674435, 24.150749], [120.67444, 24.15061], [120.674657, 24.150382], [120.675161, 24.15082], [120.674721, 24.150837], [120.674587, 24.15059], [120.674645, 24.150853], [120.674804, 24.151009], [120.67483, 24.151217], [120.67457, 24.151308], [120.674584, 24.151038], [120.67448, 24.151037], [120.675207, 24.151031], [120.675347, 24.151192], [120.675357, 24.151086], [120.675115, 24.151196], [120.675423, 24.150763], [120.674983, 24.150393], [120.67489, 24.150077], [120.674355, 24.149757], [120.674822, 24.149398], [120.674918, 24.149234], [120.674982, 24.149347], [120.674804, 24.14954], [120.674917, 24.149635], [120.674828, 24.149825], [120.674936, 24.149964], [120.674703, 24.149742], [120.674295, 24.149549], [120.67421, 24.14961], [120.674109, 24.149534], [120.673932, 24.149565], [120.673809, 24.149472], [120.67384, 24.149299], [120.673746, 24.149205], [120.673488, 24.149525], [120.673485, 24.149714], [120.673317, 24.149824], [120.673346, 24.149909], [120.673121, 24.149995], [120.673154, 24.15004], [120.67328, 24.150127], [120.673578, 24.150136], [120.673748, 24.149984], [120.67371, 24.149896], [120.6738, 24.149806], [120.674218, 24.149865], [120.67444, 24.150208], [120.674526, 24.150205], [120.674359, 24.15037], [120.67385, 24.150585], [120.673512, 24.150576], [120.673492, 24.150298], [120.673033, 24.150472], [120.673077, 24.150819], [120.673181, 24.150772], [120.673517, 24.150848], [120.673512, 24.150626], [120.673474, 24.150992], [120.673016, 24.150819], [120.672997, 24.149905], [120.67301, 24.149588], [120.673487, 24.149148], [120.673358, 24.149205], [120.673212, 24.149166], [120.673166, 24.149046], [120.673076, 24.149102], [120.673223, 24.149009], [120.673102, 24.148773], [120.672905, 24.14866], [120.672575, 24.148946], [120.672727, 24.149123], [120.672577, 24.149268], [120.672709, 24.149443], [120.672666, 24.149529], [120.672806, 24.149398], [120.673015, 24.149357], [120.672807, 24.149111], [120.672877, 24.149067], [120.672538, 24.149012], [120.672447, 24.148928], [120.672376, 24.149044], [120.672287, 24.149019], [120.673189, 24.148461], [120.673245, 24.148218], [120.673785, 24.148212], [120.67401, 24.14841], [120.67397, 24.148535], [120.67366, 24.148583], [120.673738, 24.148746], [120.673703, 24.148886], [120.673457, 24.14878], [120.673904, 24.148941], [120.673884, 24.149056], [120.674159, 24.149186], [120.674222, 24.149329], [120.674486, 24.149307], [120.674757, 24.149107], [120.674473, 24.14892], [120.674189, 24.148531], [120.674083, 24.148756], [120.674183, 24.148824], [120.67425, 24.148724], [120.674294, 24.148942], [120.674166, 24.148998], [120.674098, 24.148914], [120.673926, 24.148908], [120.674137, 24.149355], [120.674307, 24.149468], [120.674422, 24.149404], [120.674693, 24.148484], [120.674551, 24.148232], [120.674709, 24.148118], [120.674496, 24.148299], [120.674399, 24.148052], [120.674601, 24.147884], [120.674289, 24.148026], [120.674181, 24.147967], [120.67432, 24.148105], [120.67409, 24.14754], [120.675123, 24.150309], [120.675513, 24.150735]]}}, {"type": "Feature", "properties": {"district": "6600400", "segment": 14, "total_segments": 19, "km": 10.83, "villages": ["民龍里"]}, "geometry": {"type": "LineString", "coordinates": [[120.672663, 24.151874], [120.672396, 24.151687], [120.672225, 24.151681], [120.672185, 24.151772], [120.672184, 24.152082], [120.672441, 24.152025], [120.672697, 24.152072], [120.672683, 24.15229], [120.672542, 24.1524], [120.672657, 24.15248], [120.672739, 24.152415], [120.672556, 24.152562], [120.672435, 24.152334], [120.671775, 24.152357], [120.671534, 24.15229], [120.671593, 24.152548], [120.671413, 24.152615], [120.671439, 24.152718], [120.671348, 24.152751], [120.671376, 24.152849], [120.6715, 24.152814], [120.671609, 24.152904], [120.671417, 24.153127], [120.671163, 24.153135], [120.671092, 24.153234], [120.67097, 24.153138], [120.670779, 24.15318], [120.670636, 24.153581], [120.670725, 24.153731], [120.671003, 24.153712], [120.670996, 24.153581], [120.670771, 24.153578], [120.670782, 24.153422], [120.671232, 24.153396], [120.671227, 24.153515], [120.671507, 24.153525], [120.671446, 24.153625], [120.67151, 24.153695], [120.671556, 24.153595], [120.67165, 24.153709], [120.671046, 24.153583], [120.670886, 24.152983], [120.671014, 24.152921], [120.671125, 24.15272], [120.671231, 24.152754], [120.671361, 24.152452], [120.671239, 24.152287], [120.670975, 24.152464], [120.670886, 24.15229], [120.670696, 24.152272], [120.670636, 24.152531], [120.670681, 24.152723], [120.670831, 24.152799], [120.670897, 24.152734], [120.67073, 24.152642], [120.670723, 24.152529], [120.67095, 24.152668], [120.671089, 24.15285], [120.670971, 24.152894], [120.67111, 24.152987], [120.671279, 24.152843], [120.671946, 24.152795], [120.671946, 24.151639], [120.671827, 24.15145], [120.671975, 24.151214], [120.671824, 24.151071], [120.671713, 24.151248], [120.671767, 24.151429], [120.671605, 24.15143], [120.67167, 24.151664], [120.671481, 24.151899], [120.671276, 24.15198], [120.671168, 24.151677], [120.670688, 24.151648], [120.67068, 24.152103], [120.670878, 24.152117], [120.670843, 24.151912], [120.670998, 24.151904], [120.67132, 24.151619], [120.671448, 24.15163], [120.671398, 24.151298], [120.671581, 24.151064], [120.67156, 24.150984], [120.671639, 24.15107], [120.671743, 24.15096], [120.671679, 24.150895], [120.671442, 24.150937], [120.671346, 24.150829], [120.671483, 24.150881], [120.671467, 24.150701], [120.671384, 24.150626], [120.671068, 24.150869], [120.671261, 24.151038], [120.671094, 24.151044], [120.671066, 24.150975], [120.671124, 24.151311], [120.670947, 24.151315], [120.670955, 24.151492], [120.670763, 24.15149], [120.670611, 24.151265], [120.670882, 24.151121], [120.670959, 24.150918], [120.670803, 24.150765], [120.670882, 24.150665], [120.670614, 24.150587], [120.670328, 24.1508], [120.670474, 24.150999], [120.67008, 24.151348], [120.670313, 24.15149], [120.670269, 24.151704], [120.67039, 24.151759], [120.670378, 24.151907], [120.670232, 24.152016], [120.670328, 24.152057], [120.670128, 24.152314], [120.669897, 24.152174], [120.670082, 24.151978], [120.669965, 24.151883], [120.6698, 24.152047], [120.669984, 24.151849], [120.669794, 24.151656], [120.669418, 24.152006], [120.669096, 24.152105], [120.668605, 24.152477], [120.668866, 24.152872], [120.668796, 24.153161], [120.668616, 24.153045], [120.668464, 24.15321], [120.668558, 24.153337], [120.668491, 24.153396], [120.668159, 24.153154], [120.668231, 24.1531], [120.668066, 24.153027], [120.667955, 24.153097], [120.668038, 24.153114], [120.668106, 24.15291], [120.668169, 24.153442], [120.66848, 24.153459], [120.668583, 24.153567], [120.668674, 24.153459], [120.668633, 24.15342], [120.668727, 24.153511], [120.668875, 24.153379], [120.668838, 24.153343], [120.668944, 24.153358], [120.669365, 24.152963], [120.669232, 24.152845], [120.669248, 24.15267], [120.66918, 24.152598], [120.669078, 24.152623], [120.669014, 24.152691], [120.669645, 24.153148], [120.669662, 24.153043], [120.669859, 24.152875], [120.670207, 24.152958], [120.670355, 24.152813], [120.670371, 24.153065], [120.670001, 24.15332], [120.669868, 24.153227], [120.670011, 24.153515], [120.669754, 24.153453], [120.669611, 24.153659], [120.670107, 24.153767], [120.670079, 24.153636], [120.670218, 24.153545], [120.67004, 24.153364], [120.669598, 24.153309], [120.669375, 24.153632], [120.669277, 24.153443], [120.669158, 24.153455], [120.66916, 24.153542], [120.668923, 24.153416], [120.669368, 24.153366], [120.669487, 24.153189], [120.669612, 24.153794], [120.669955, 24.153914], [120.669846, 24.154061], [120.670133, 24.154213], [120.67005, 24.154325], [120.67032, 24.15392], [120.670332, 24.154431], [120.671684, 24.15212], [120.671803, 24.152076], [120.671651, 24.152035], [120.672127, 24.151406], [120.670837, 24.150387], [120.670976, 24.150199], [120.66942, 24.151691], [120.669825, 24.151628], [120.669888, 24.151576], [120.669128, 24.150989], [120.669004, 24.15099], [120.669135, 24.151099], [120.669024, 24.151195], [120.668608, 24.151426], [120.668689, 24.151287], [120.668618, 24.151057], [120.668711, 24.151034], [120.668287, 24.151], [120.668296, 24.151111], [120.668417, 24.151102], [120.668415, 24.151171], [120.668136, 24.150981], [120.667915, 24.150977], [120.667857, 24.151039], [120.66799, 24.151153], [120.668127, 24.151533], [120.668052, 24.151579], [120.668149, 24.151589], [120.668264, 24.15186], [120.668323, 24.151829], [120.667825, 24.152087], [120.667746, 24.152214], [120.667486, 24.152026], [120.667596, 24.151875], [120.667759, 24.152005], [120.667799, 24.151856], [120.667422, 24.152264], [120.667301, 24.152171], [120.667546, 24.152359], [120.667335, 24.152384], [120.666844, 24.152744], [120.66672, 24.15267], [120.666233, 24.152838], [120.666297, 24.152948], [120.666235, 24.153084], [120.665877, 24.15331], [120.665519, 24.15326], [120.665548, 24.153443], [120.665291, 24.153699], [120.664737, 24.153982], [120.664648, 24.153956], [120.664224, 24.154218], [120.664229, 24.154278], [120.664167, 24.153888], [120.663942, 24.153459], [120.663606, 24.153262], [120.664283, 24.153153], [120.665098, 24.153223], [120.665364, 24.153036], [120.665684, 24.152934], [120.665687, 24.152839], [120.665913, 24.152622], [120.665887, 24.152418], [120.66569, 24.152309], [120.66557, 24.152379], [120.665478, 24.152217], [120.665205, 24.152382], [120.665273, 24.152041], [120.66538, 24.152028], [120.665091, 24.151938], [120.665092, 24.151689], [120.664868, 24.151545], [120.665018, 24.151245], [120.664915, 24.150681], [120.665054, 24.150611], [120.664387, 24.150666], [120.664491, 24.150274], [120.664432, 24.149803], [120.6647, 24.149321], [120.665025, 24.149923], [120.665029, 24.150272], [120.665129, 24.15028], [120.665131, 24.150393], [120.665444, 24.150284], [120.665459, 24.149705], [120.66583, 24.149719], [120.665831, 24.149899], [120.665681, 24.149913], [120.665667, 24.150056], [120.665842, 24.150051], [120.665836, 24.150256], [120.665541, 24.150252], [120.665488, 24.150499], [120.665875, 24.150532], [120.665883, 24.150388], [120.665635, 24.150387], [120.665615, 24.150681], [120.666083, 24.150682], [120.666038, 24.150397], [120.666188, 24.14989], [120.666486, 24.149894], [120.666477, 24.149707], [120.666047, 24.149725], [120.666046, 24.1498], [120.666477, 24.150002], [120.666426, 24.150656], [120.665491, 24.150661], [120.666109, 24.151886], [120.665496, 24.152623], [120.665172, 24.153543], [120.666646, 24.153595], [120.666706, 24.153676], [120.666731, 24.15351], [120.666912, 24.15338], [120.667178, 24.153599], [120.667421, 24.153412], [120.667593, 24.153597], [120.667222, 24.153277], [120.667442, 24.153093], [120.667763, 24.150667], [120.668104, 24.150662], [120.668349, 24.150421], [120.668778, 24.150393], [120.669236, 24.150475], [120.667743, 24.150347], [120.667708, 24.150661], [120.664145, 24.151872], [120.663866, 24.151278], [120.663566, 24.152262], [120.663561, 24.152501]]}}, {"type": "Feature", "properties": {"district": "6600400", "segment": 15, "total_segments": 19, "km": 13.43, "villages": ["忠明里"]}, "geometry": {"type": "LineString", "coordinates": [[120.662819, 24.152341], [120.66276, 24.152465], [120.662376, 24.152431], [120.66205, 24.152364], [120.662048, 24.152237], [120.662824, 24.152205], [120.66282, 24.152277], [120.662841, 24.151542], [120.662534, 24.151703], [120.661894, 24.151748], [120.661894, 24.151527], [120.662474, 24.151579], [120.662489, 24.151884], [120.662208, 24.15192], [120.662212, 24.152006], [120.662126, 24.152045], [120.662076, 24.15191], [120.661891, 24.15193], [120.661864, 24.152004], [120.661927, 24.154076], [120.662216, 24.154048], [120.662338, 24.154277], [120.662371, 24.154384], [120.662227, 24.154323], [120.662049, 24.15445], [120.662206, 24.154714], [120.662485, 24.154565], [120.662792, 24.155002], [120.662772, 24.155096], [120.66245, 24.155204], [120.662392, 24.155124], [120.662911, 24.155012], [120.663225, 24.154826], [120.663282, 24.154688], [120.663185, 24.154524], [120.663395, 24.154729], [120.663324, 24.154229], [120.663068, 24.153915], [120.662849, 24.15331], [120.662751, 24.153231], [120.662633, 24.153345], [120.662655, 24.153467], [120.662468, 24.153418], [120.66244, 24.153658], [120.662553, 24.153828], [120.662742, 24.153717], [120.662501, 24.154165], [120.662004, 24.154374], [120.661613, 24.154326], [120.661457, 24.154167], [120.661143, 24.154282], [120.661056, 24.154167], [120.660771, 24.154286], [120.660966, 24.154685], [120.661415, 24.154469], [120.661204, 24.1541], [120.661091, 24.154146], [120.660993, 24.154367], [120.660569, 24.154453], [120.660547, 24.154398], [120.660442, 24.154611], [120.659963, 24.154765], [120.660255, 24.155097], [120.660761, 24.154813], [120.660591, 24.154549], [120.660998, 24.155193], [120.66083, 24.155332], [120.660952, 24.155499], [120.660568, 24.155636], [120.6609, 24.155997], [120.661134, 24.155803], [120.661231, 24.155889], [120.661092, 24.155965], [120.66093, 24.155714], [120.661114, 24.155627], [120.661117, 24.15541], [120.660617, 24.155379], [120.660443, 24.15552], [120.660358, 24.155288], [120.661448, 24.154898], [120.66148, 24.155235], [120.661778, 24.155267], [120.661334, 24.155772], [120.661408, 24.156442], [120.66115, 24.156579], [120.661399, 24.157036], [120.661641, 24.15684], [120.661705, 24.156898], [120.661523, 24.15664], [120.661726, 24.156598], [120.661899, 24.156958], [120.662019, 24.157051], [120.662183, 24.156979], [120.661878, 24.156516], [120.662344, 24.156255], [120.662332, 24.156192], [120.662441, 24.156156], [120.662385, 24.156316], [120.662677, 24.156148], [120.662539, 24.15583], [120.661939, 24.156228], [120.66242, 24.156852], [120.662819, 24.156552], [120.662977, 24.156541], [120.663028, 24.156754], [120.663104, 24.156726], [120.663247, 24.156909], [120.66339, 24.157274], [120.663632, 24.157474], [120.663179, 24.157759], [120.663127, 24.157668], [120.663332, 24.157535], [120.663002, 24.157702], [120.662885, 24.157682], [120.66265, 24.1573], [120.662465, 24.157404], [120.662715, 24.157738], [120.662658, 24.15811], [120.662805, 24.158037], [120.66283, 24.157938], [120.663072, 24.157855], [120.662492, 24.157679], [120.66216, 24.157224], [120.662308, 24.157167], [120.662442, 24.157372], [120.662338, 24.157657], [120.662178, 24.157784], [120.662466, 24.158213], [120.662263, 24.158328], [120.662126, 24.158104], [120.662167, 24.158028], [120.662069, 24.158016], [120.661759, 24.157551], [120.661741, 24.157445], [120.661986, 24.157388], [120.662046, 24.157584], [120.6618, 24.157198], [120.661704, 24.157234], [120.662716, 24.157038], [120.663422, 24.156527], [120.663536, 24.156813], [120.663683, 24.156754], [120.663703, 24.156823], [120.663638, 24.156428], [120.664001, 24.156239], [120.664095, 24.156394], [120.663828, 24.156707], [120.663846, 24.156803], [120.663929, 24.156758], [120.664036, 24.156876], [120.663755, 24.157136], [120.663821, 24.157144], [120.663649, 24.156928], [120.664124, 24.156911], [120.66437, 24.157063], [120.664374, 24.156965], [120.664565, 24.156914], [120.664794, 24.156678], [120.66459, 24.156432], [120.664382, 24.156617], [120.664082, 24.156602], [120.663896, 24.156402], [120.663791, 24.156492], [120.663288, 24.156376], [120.663199, 24.155768], [120.663733, 24.155733], [120.663861, 24.155913], [120.663945, 24.155842], [120.663727, 24.155558], [120.663975, 24.155648], [120.664083, 24.155567], [120.664099, 24.155408], [120.664298, 24.155567], [120.664227, 24.155642], [120.664291, 24.155796], [120.664021, 24.155951], [120.664058, 24.155754], [120.663933, 24.155678], [120.663853, 24.155266], [120.663953, 24.15516], [120.663573, 24.155309], [120.66433, 24.155205], [120.664508, 24.155505], [120.664755, 24.155513], [120.664904, 24.155874], [120.664884, 24.156128], [120.665126, 24.156396], [120.665308, 24.156364], [120.665695, 24.156062], [120.665512, 24.155959], [120.665481, 24.155859], [120.665221, 24.155754], [120.665179, 24.156019], [120.664611, 24.156135], [120.664479, 24.155963], [120.664302, 24.156084], [120.664226, 24.157132], [120.663938, 24.157388], [120.663721, 24.157859], [120.664624, 24.159639], [120.664694, 24.159727], [120.664797, 24.159632], [120.664806, 24.159711], [120.664922, 24.159692], [120.664791, 24.159925], [120.66462, 24.159861], [120.664881, 24.159992], [120.664605, 24.160184], [120.664512, 24.160115], [120.664329, 24.160295], [120.664456, 24.16009], [120.664059, 24.160193], [120.663822, 24.160118], [120.663796, 24.160455], [120.663721, 24.160466], [120.663885, 24.160452], [120.664898, 24.159503], [120.662164, 24.153761], [120.662255, 24.153144], [120.662227, 24.15297], [120.66201, 24.152965], [120.66216, 24.152787], [120.662173, 24.152642], [120.662036, 24.152642], [120.662573, 24.152649], [120.662441, 24.152847], [120.662447, 24.15297], [120.662583, 24.15297], [120.66229, 24.15296], [120.662783, 24.15289], [120.662788, 24.152703], [120.662565, 24.152028], [120.66241, 24.152044], [120.662602, 24.151884], [120.661864, 24.151894], [120.661515, 24.151807], [120.661515, 24.15173], [120.661529, 24.152442], [120.660734, 24.152371], [120.660565, 24.152426], [120.660325, 24.152368], [120.660356, 24.151493], [120.660748, 24.151528], [120.660719, 24.151656], [120.660533, 24.151657], [120.660535, 24.151828], [120.660795, 24.151845], [120.660795, 24.151729], [120.660794, 24.151925], [120.660677, 24.152026], [120.660694, 24.152233], [120.660825, 24.152242], [120.660804, 24.152075], [120.661315, 24.152094], [120.66122, 24.152282], [120.661062, 24.152242], [120.661062, 24.152168], [120.661048, 24.152282], [120.66051, 24.152279], [120.660494, 24.151827], [120.660011, 24.151817], [120.660066, 24.151512], [120.659435, 24.151571], [120.659433, 24.151507], [120.659425, 24.15165], [120.659187, 24.151648], [120.659182, 24.151508], [120.659008, 24.151497], [120.658969, 24.151884], [120.659457, 24.151809], [120.659394, 24.151881], [120.659038, 24.151815], [120.659042, 24.152071], [120.658969, 24.152072], [120.658969, 24.152171], [120.659177, 24.152167], [120.659111, 24.152072], [120.659171, 24.152045], [120.659886, 24.152073], [120.659885, 24.152167], [120.659375, 24.152183], [120.659441, 24.152442], [120.65898, 24.152407], [120.658996, 24.152954], [120.659647, 24.152972], [120.659615, 24.152819], [120.659755, 24.152946], [120.660063, 24.152904], [120.660021, 24.153451], [120.660079, 24.153697], [120.659937, 24.153763], [120.659761, 24.153493], [120.659766, 24.153243], [120.659671, 24.153317], [120.659635, 24.153128], [120.659911, 24.153137], [120.660084, 24.152864], [120.66002, 24.152651], [120.659455, 24.152627], [120.65945, 24.152718], [120.65935, 24.152719], [120.659348, 24.152624], [120.659171, 24.152686], [120.6591, 24.152637], [120.659248, 24.15287], [120.659335, 24.152871], [120.659333, 24.153134], [120.659471, 24.153133], [120.659418, 24.15324], [120.659513, 24.153454], [120.659422, 24.153494], [120.659368, 24.153404], [120.659158, 24.153504], [120.659335, 24.153635], [120.659296, 24.153731], [120.659468, 24.153927], [120.659752, 24.153799], [120.659619, 24.153734], [120.659574, 24.15354], [120.659465, 24.15359], [120.659289, 24.153134], [120.658991, 24.153121], [120.659088, 24.153387], [120.660277, 24.153453], [120.660308, 24.153572], [120.660425, 24.153396], [120.660562, 24.153371], [120.660687, 24.153125], [120.66083, 24.153121], [120.660799, 24.153019], [120.660629, 24.153013], [120.660632, 24.152841], [120.660803, 24.152842], [120.660804, 24.152923], [120.660991, 24.152835], [120.661466, 24.15285], [120.661428, 24.152651], [120.660281, 24.152649], [120.660343, 24.153202], [120.660489, 24.153173], [120.660447, 24.152849], [120.660083, 24.152655], [120.660101, 24.152443], [120.659872, 24.152445], [120.65959, 24.152301], [120.660102, 24.152348], [120.660063, 24.151892], [120.659598, 24.151786], [120.659605, 24.151879], [120.660323, 24.152438], [120.661009, 24.151921], [120.66104, 24.151613], [120.661136, 24.151866], [120.661361, 24.151855], [120.66141, 24.151551], [120.661526, 24.152651], [120.661473, 24.153374], [120.660941, 24.153389], [120.660808, 24.153579], [120.660853, 24.153651], [120.66093, 24.153609], [120.660965, 24.153812], [120.661035, 24.153768], [120.6611, 24.153885], [120.661016, 24.153911], [120.661298, 24.153867], [120.661098, 24.153498], [120.661497, 24.153588], [120.661513, 24.153774], [120.661541, 24.153399], [120.661213, 24.153204], [120.660998, 24.153203], [120.661006, 24.153069], [120.661326, 24.15306], [120.660841, 24.153225], [120.660788, 24.153468], [120.660321, 24.15335], [120.660109, 24.154216]]}}, {"type": "Feature", "properties": {"district": "6600400", "segment": 16, "total_segments": 19, "km": 14.97, "villages": ["忠誠里"]}, "geometry": {"type": "LineString", "coordinates": [[120.659175, 24.15474], [120.658562, 24.153775], [120.65829, 24.153944], [120.65842, 24.154003], [120.658831, 24.154553], [120.658771, 24.154585], [120.659133, 24.154929], [120.658697, 24.155195], [120.658433, 24.154802], [120.658598, 24.154737], [120.659035, 24.155284], [120.658832, 24.155355], [120.658835, 24.155416], [120.659059, 24.155774], [120.659264, 24.155699], [120.65935, 24.155858], [120.659193, 24.155978], [120.659422, 24.156392], [120.65979, 24.156235], [120.660124, 24.156274], [120.659767, 24.155619], [120.659532, 24.155762], [120.659405, 24.155847], [120.659439, 24.156043], [120.658917, 24.156501], [120.659048, 24.156577], [120.658987, 24.156693], [120.658825, 24.156782], [120.658831, 24.156879], [120.658668, 24.156973], [120.658637, 24.156907], [120.658688, 24.157053], [120.658539, 24.157136], [120.65865, 24.157261], [120.658132, 24.157564], [120.657845, 24.157299], [120.657555, 24.157461], [120.6575, 24.15736], [120.657449, 24.157387], [120.658361, 24.156907], [120.658402, 24.156992], [120.657894, 24.157267], [120.657739, 24.156991], [120.657333, 24.157213], [120.657267, 24.157119], [120.657698, 24.156874], [120.657775, 24.156852], [120.657805, 24.156953], [120.657927, 24.156919], [120.657989, 24.156726], [120.657904, 24.156702], [120.658107, 24.15676], [120.658164, 24.156554], [120.658354, 24.156638], [120.65839, 24.156577], [120.658436, 24.15665], [120.658366, 24.156792], [120.658453, 24.156816], [120.658616, 24.156681], [120.658608, 24.156464], [120.658019, 24.156375], [120.657978, 24.156496], [120.658063, 24.156524], [120.657528, 24.156361], [120.65757, 24.156242], [120.657849, 24.156327], [120.657922, 24.156119], [120.657863, 24.156096], [120.657882, 24.155975], [120.658357, 24.156067], [120.658646, 24.155872], [120.658054, 24.155081], [120.657945, 24.155143], [120.657828, 24.155019], [120.656772, 24.155576], [120.656694, 24.155456], [120.656377, 24.155615], [120.656345, 24.155564], [120.65648, 24.155763], [120.656635, 24.155657], [120.656772, 24.155864], [120.656716, 24.155895], [120.657356, 24.155519], [120.657466, 24.155637], [120.657696, 24.155562], [120.6576, 24.155432], [120.657802, 24.155304], [120.658035, 24.155372], [120.658229, 24.155676], [120.658209, 24.15582], [120.657933, 24.155774], [120.657841, 24.155708], [120.657978, 24.155633], [120.658007, 24.155681], [120.657921, 24.155505], [120.657534, 24.155463], [120.657353, 24.155789], [120.657726, 24.15606], [120.657744, 24.155927], [120.656847, 24.156395], [120.656723, 24.156138], [120.657137, 24.155855], [120.656618, 24.156034], [120.656531, 24.1559], [120.656343, 24.1561], [120.65648, 24.156316], [120.656205, 24.156457], [120.656164, 24.156103], [120.656285, 24.156038], [120.655877, 24.15546], [120.655673, 24.155332], [120.655428, 24.155452], [120.655679, 24.155841], [120.655789, 24.155857], [120.655853, 24.156054], [120.65596, 24.155975], [120.655504, 24.15624], [120.655008, 24.155337], [120.654674, 24.155519], [120.654829, 24.155583], [120.65523, 24.156199], [120.65538, 24.155417], [120.655258, 24.155182], [120.655822, 24.154817], [120.656228, 24.155424], [120.656374, 24.155252], [120.657572, 24.154607], [120.65742, 24.15452], [120.656277, 24.155157], [120.65605, 24.15475], [120.655978, 24.154778], [120.657182, 24.154116], [120.657256, 24.154233], [120.656222, 24.154785], [120.656213, 24.154426], [120.656105, 24.154246], [120.656083, 24.15442], [120.655702, 24.154593], [120.655743, 24.154699], [120.655554, 24.154114], [120.655635, 24.154075], [120.65567, 24.153902], [120.655394, 24.153872], [120.655427, 24.153698], [120.655862, 24.153905], [120.656054, 24.153718], [120.656348, 24.153678], [120.656345, 24.153447], [120.656497, 24.153337], [120.656496, 24.153569], [120.657108, 24.153488], [120.657104, 24.153352], [120.656717, 24.153312], [120.656735, 24.153777], [120.656962, 24.153774], [120.657042, 24.153895], [120.656832, 24.153972], [120.65664, 24.15421], [120.656518, 24.154001], [120.656619, 24.153941], [120.656658, 24.154], [120.656549, 24.153836], [120.656606, 24.153806], [120.656199, 24.154031], [120.65641, 24.154312], [120.656061, 24.15402], [120.655935, 24.154085], [120.657181, 24.153811], [120.657487, 24.154114], [120.657532, 24.154186], [120.6574, 24.154213], [120.657762, 24.154519], [120.65799, 24.154899], [120.657721, 24.154894], [120.656776, 24.15541], [120.657287, 24.15636], [120.657342, 24.156336], [120.656929, 24.156609], [120.656935, 24.156467], [120.657161, 24.156936], [120.657517, 24.15677], [120.657534, 24.156604], [120.657454, 24.156568], [120.657212, 24.156672], [120.657652, 24.156625], [120.658135, 24.156181], [120.658362, 24.156224], [120.658704, 24.156116], [120.658794, 24.156264], [120.659107, 24.15554], [120.659045, 24.155433], [120.659288, 24.155314], [120.659347, 24.155411], [120.659462, 24.155218], [120.659204, 24.154794], [120.65833, 24.154646], [120.657966, 24.154068], [120.657951, 24.154], [120.658105, 24.15392], [120.657746, 24.153566], [120.657887, 24.153537], [120.65776, 24.153084], [120.657837, 24.153081], [120.657867, 24.152985], [120.657588, 24.153077], [120.657782, 24.15385], [120.658129, 24.153958], [120.658412, 24.154424], [120.658188, 24.153775], [120.658332, 24.153702], [120.658115, 24.153592], [120.6582, 24.153536], [120.658166, 24.153443], [120.658058, 24.153448], [120.658069, 24.153198], [120.657985, 24.153202], [120.65832, 24.153169], [120.658343, 24.153459], [120.658474, 24.153627], [120.658312, 24.152995], [120.658311, 24.152643], [120.658079, 24.15297], [120.657823, 24.152888], [120.657823, 24.152806], [120.658908, 24.15706], [120.658879, 24.157154], [120.658689, 24.15724], [120.659129, 24.1578], [120.658108, 24.158388], [120.659202, 24.160034], [120.659587, 24.159796], [120.659393, 24.159623], [120.658926, 24.158904], [120.658691, 24.158974], [120.659185, 24.159743], [120.659463, 24.160088], [120.659546, 24.160048], [120.659874, 24.16066], [120.660127, 24.160915], [120.65986, 24.161056], [120.659811, 24.160878], [120.659293, 24.160176], [120.659917, 24.159871], [120.660353, 24.160646], [120.660222, 24.160719], [120.659854, 24.160145], [120.660268, 24.15986], [120.6604, 24.160104], [120.66032, 24.160175], [120.66023, 24.160048], [120.660579, 24.160659], [120.660678, 24.160619], [120.660802, 24.160537], [120.660508, 24.160227], [120.660766, 24.160108], [120.66093, 24.160455], [120.661323, 24.160256], [120.660724, 24.159443], [120.66086, 24.159327], [120.661865, 24.160841], [120.662115, 24.161051], [120.662133, 24.161153], [120.662567, 24.161381], [120.662354, 24.161564], [120.662265, 24.161417], [120.661973, 24.161276], [120.66143, 24.160477], [120.661097, 24.160674], [120.66164, 24.161487], [120.662174, 24.161807], [120.662261, 24.161668], [120.661839, 24.161429], [120.661327, 24.160693], [120.660986, 24.160877], [120.661477, 24.16166], [120.662079, 24.161956], [120.661494, 24.162756], [120.660615, 24.162133], [120.660832, 24.1621], [120.661476, 24.162483], [120.661622, 24.16233], [120.661011, 24.161935], [120.661201, 24.16183], [120.661709, 24.162211], [120.661836, 24.162049], [120.661341, 24.161745], [120.660786, 24.16084], [120.660722, 24.160875], [120.660931, 24.160751], [120.660969, 24.160853], [120.660255, 24.161287], [120.660173, 24.16118], [120.660614, 24.160922], [120.660494, 24.16073], [120.660309, 24.16082], [120.660047, 24.161256], [120.660543, 24.162032], [120.660596, 24.161708], [120.66098, 24.161494], [120.66092, 24.161426], [120.660495, 24.161655], [120.660406, 24.161528], [120.660849, 24.161284], [120.660791, 24.16119], [120.660341, 24.161432], [120.660717, 24.161807], [120.661062, 24.161614], [120.66111, 24.161685], [120.660779, 24.161866], [120.661972, 24.162535], [120.662283, 24.162092], [120.662368, 24.162389], [120.662631, 24.162702], [120.662497, 24.162796], [120.662157, 24.162532], [120.661899, 24.162626], [120.66185, 24.162695], [120.662303, 24.162938], [120.662121, 24.163116], [120.662164, 24.163152], [120.661686, 24.162872], [120.662449, 24.163322], [120.662529, 24.163209], [120.662454, 24.163161], [120.662679, 24.163032], [120.662619, 24.162957], [120.662773, 24.162862], [120.662948, 24.163096], [120.662972, 24.163301], [120.662601, 24.163402], [120.663066, 24.163278], [120.662888, 24.160647], [120.662402, 24.159938], [120.662532, 24.159866], [120.662905, 24.160438], [120.662595, 24.160546], [120.662345, 24.160119], [120.662148, 24.160171], [120.66168, 24.159464], [120.661801, 24.159397], [120.662157, 24.159946], [120.661948, 24.160057], [120.661843, 24.160021], [120.661259, 24.159119], [120.661349, 24.15906], [120.661563, 24.159386], [120.661715, 24.159296], [120.661518, 24.159018], [120.661763, 24.159018], [120.66184, 24.159136], [120.662021, 24.159046], [120.661921, 24.158826], [120.661663, 24.158904], [120.66155, 24.158703], [120.661135, 24.158912]]}}, {"type": "Feature", "properties": {"district": "6600400", "segment": 17, "total_segments": 19, "km": 11.15, "villages": ["忠誠里", "公平里"]}, "geometry": {"type": "LineString", "coordinates": [[120.660768, 24.158456], [120.660621, 24.158118], [120.6608, 24.157993], [120.660664, 24.157804], [120.660471, 24.157903], [120.660259, 24.157612], [120.660377, 24.157471], [120.660512, 24.157475], [120.660701, 24.157784], [120.661082, 24.158023], [120.661146, 24.157901], [120.661336, 24.157965], [120.661754, 24.158585], [120.661594, 24.15868], [120.661276, 24.158649], [120.662046, 24.159081], [120.66248, 24.159794], [120.662267, 24.159738], [120.661935, 24.160119], [120.662255, 24.160554], [120.661059, 24.160267], [120.660613, 24.159631], [120.660607, 24.159503], [120.660401, 24.159595], [120.660748, 24.160075], [120.660207, 24.159736], [120.660046, 24.159833], [120.65864, 24.158882], [120.658559, 24.158694], [120.660486, 24.157149], [120.660489, 24.156987], [120.660643, 24.156871], [120.660623, 24.157285], [120.658109, 24.152863], [120.658153, 24.152637], [120.65752, 24.152748], [120.657705, 24.152409], [120.658356, 24.152418], [120.658305, 24.151758], [120.658383, 24.151637], [120.658391, 24.151001], [120.657702, 24.150998], [120.657764, 24.151123], [120.657789, 24.152063], [120.657764, 24.15227], [120.657548, 24.152243], [120.657547, 24.1524], [120.657551, 24.151066], [120.657048, 24.151182], [120.657043, 24.151421], [120.655297, 24.151416], [120.655297, 24.15161], [120.656581, 24.151565], [120.656501, 24.151768], [120.65652, 24.152265], [120.655304, 24.15224], [120.655304, 24.152295], [120.655268, 24.151718], [120.655421, 24.151787], [120.656379, 24.151798], [120.656374, 24.151912], [120.655419, 24.151929], [120.655475, 24.152106], [120.656394, 24.152115], [120.656305, 24.152436], [120.656237, 24.152505], [120.656178, 24.152417], [120.655435, 24.15249], [120.655267, 24.152484], [120.655267, 24.152404], [120.655261, 24.153914], [120.655448, 24.1542], [120.654412, 24.154824], [120.654678, 24.155114], [120.65542, 24.154711], [120.655242, 24.154532], [120.65513, 24.154681], [120.654706, 24.154916], [120.65464, 24.155135], [120.653928, 24.155523], [120.653684, 24.155224], [120.653921, 24.155097], [120.653975, 24.155269], [120.654189, 24.155234], [120.6542, 24.155145], [120.654064, 24.155019], [120.654269, 24.154905], [120.654294, 24.155023], [120.654616, 24.154507], [120.654357, 24.15418], [120.654539, 24.15427], [120.654623, 24.154221], [120.654547, 24.153965], [120.654414, 24.153965], [120.654409, 24.153795], [120.6548, 24.153698], [120.654966, 24.153699], [120.655006, 24.15377], [120.655062, 24.154291], [120.654675, 24.154375], [120.654882, 24.154096], [120.654363, 24.153779], [120.65396, 24.153807], [120.653989, 24.153437], [120.654217, 24.153418], [120.654151, 24.15305], [120.653945, 24.15305], [120.654016, 24.153273], [120.653945, 24.153394], [120.6532, 24.15346], [120.653208, 24.152461], [120.653786, 24.152458], [120.653735, 24.152895], [120.653557, 24.152901], [120.653566, 24.152569], [120.653358, 24.152609], [120.653363, 24.152885], [120.653735, 24.153061], [120.653735, 24.153184], [120.654005, 24.15273], [120.653946, 24.152463], [120.654948, 24.152484], [120.654975, 24.152839], [120.654121, 24.152787], [120.654195, 24.152569], [120.654555, 24.152669], [120.654555, 24.152599], [120.654784, 24.1526], [120.654817, 24.153004], [120.654426, 24.153035], [120.654527, 24.153268], [120.654379, 24.15333], [120.654352, 24.153153], [120.654365, 24.153455], [120.654983, 24.153451], [120.654994, 24.153022], [120.654771, 24.153153], [120.65476, 24.153289], [120.655452, 24.15312], [120.655527, 24.153313], [120.656114, 24.153259], [120.6561, 24.15354], [120.655438, 24.153541], [120.655682, 24.153128], [120.655874, 24.153148], [120.65603, 24.152849], [120.656558, 24.152866], [120.656552, 24.153102], [120.655949, 24.152862], [120.655619, 24.152957], [120.655423, 24.152846], [120.655563, 24.152631], [120.657036, 24.152552], [120.657031, 24.152886], [120.657044, 24.151957], [120.656594, 24.151207], [120.655238, 24.151206], [120.655238, 24.150996], [120.656922, 24.151007], [120.658077, 24.151237], [120.658151, 24.151571], [120.658078, 24.151757], [120.658069, 24.152279], [120.656328, 24.153336], [120.655432, 24.152118], [120.654974, 24.152123], [120.654983, 24.151667], [120.654006, 24.151706], [120.654008, 24.151893], [120.654708, 24.15184], [120.654709, 24.152035], [120.653988, 24.152006], [120.65399, 24.152217], [120.654962, 24.152171], [120.654949, 24.15242], [120.654983, 24.151104], [120.654416, 24.151111], [120.653987, 24.15123], [120.654006, 24.151667], [120.653768, 24.151653], [120.653758, 24.151885], [120.653674, 24.151891], [120.653776, 24.152212], [120.653202, 24.152145], [120.653221, 24.15108], [120.653315, 24.15136], [120.653447, 24.151359], [120.653445, 24.151584], [120.653319, 24.151585], [120.653384, 24.15188], [120.6533, 24.151921], [120.653445, 24.152045], [120.653626, 24.152038], [120.653947, 24.152217], [120.6537, 24.151539], [120.653757, 24.151267], [120.65364, 24.151043], [120.653726, 24.151016], [120.654174, 24.151373], [120.654284, 24.151361], [120.654288, 24.151464], [120.654172, 24.151475], [120.654122, 24.151427], [120.654838, 24.151461], [120.655235, 24.151259], [120.655296, 24.15138], [120.653202, 24.15219], [120.653147, 24.152461], [120.653371, 24.153819], [120.65394, 24.155568]]}}, {"type": "Feature", "properties": {"district": "6600400", "segment": 18, "total_segments": 19, "km": 10.85, "villages": ["公正里"]}, "geometry": {"type": "LineString", "coordinates": [[120.653785, 24.150652], [120.653505, 24.150637], [120.653557, 24.150485], [120.653717, 24.150547], [120.653715, 24.150055], [120.653142, 24.1501], [120.653176, 24.150642], [120.653286, 24.150642], [120.653776, 24.150064], [120.654004, 24.150055], [120.653965, 24.150532], [120.654344, 24.150542], [120.654455, 24.150431], [120.654591, 24.15043], [120.654638, 24.150648], [120.654525, 24.150647], [120.654856, 24.150591], [120.654993, 24.150663], [120.654945, 24.150073], [120.654228, 24.150157], [120.654207, 24.149834], [120.65408, 24.149719], [120.653947, 24.149808], [120.654048, 24.149849], [120.653255, 24.149801], [120.653251, 24.148928], [120.653423, 24.148998], [120.653788, 24.148985], [120.653761, 24.148713], [120.653886, 24.148691], [120.653831, 24.14844], [120.653192, 24.1485], [120.653201, 24.14784], [120.653505, 24.147972], [120.653891, 24.14788], [120.653774, 24.147992], [120.653771, 24.148257], [120.653321, 24.148261], [120.653172, 24.148612], [120.653192, 24.148723], [120.654232, 24.148687], [120.654067, 24.14856], [120.654104, 24.148427], [120.654216, 24.148421], [120.654045, 24.148416], [120.654062, 24.148076], [120.654248, 24.148212], [120.65424, 24.148149], [120.654506, 24.14813], [120.654491, 24.147863], [120.654869, 24.147873], [120.654922, 24.14823], [120.654765, 24.149504], [120.654636, 24.149617], [120.654308, 24.149688], [120.654318, 24.149826], [120.654664, 24.149793], [120.654954, 24.149571], [120.654962, 24.149327], [120.654549, 24.149455], [120.654503, 24.14934], [120.654018, 24.149578], [120.654057, 24.149283], [120.654377, 24.149191], [120.654397, 24.148983], [120.654266, 24.148971], [120.654589, 24.149013], [120.654483, 24.148709], [120.653816, 24.148257], [120.654077, 24.147911], [120.654058, 24.147825], [120.654223, 24.147917], [120.654441, 24.147864], [120.654439, 24.147597], [120.654053, 24.147606], [120.654131, 24.147348], [120.654298, 24.147413], [120.65495, 24.147344], [120.65495, 24.147649], [120.654482, 24.147597], [120.654618, 24.147149], [120.654093, 24.147134], [120.654105, 24.146887], [120.653585, 24.146878], [120.653596, 24.147136], [120.653676, 24.147212], [120.653641, 24.147606], [120.653883, 24.147596], [120.653826, 24.147505], [120.653868, 24.147068], [120.654215, 24.146902], [120.654996, 24.146892], [120.6549, 24.147024], [120.654972, 24.147154], [120.654675, 24.147149], [120.654596, 24.146548], [120.654043, 24.14654], [120.654069, 24.146396], [120.654953, 24.146407], [120.654953, 24.145456], [120.654802, 24.145566], [120.65478, 24.145709], [120.654836, 24.145709], [120.65462, 24.145702], [120.654651, 24.145457], [120.654752, 24.145468], [120.654368, 24.145699], [120.654103, 24.145695], [120.654103, 24.145496], [120.654362, 24.14556], [120.654427, 24.145312], [120.654589, 24.145124], [120.654982, 24.145224], [120.654714, 24.145948], [120.654811, 24.145979], [120.654066, 24.145931], [120.654099, 24.146247], [120.654241, 24.146142], [120.654602, 24.146214], [120.654824, 24.146157], [120.654818, 24.146524], [120.654644, 24.146527], [120.655006, 24.146519], [120.653619, 24.146565], [120.653158, 24.146521], [120.653257, 24.145591], [120.652814, 24.145622], [120.652813, 24.14525], [120.652693, 24.145344], [120.652269, 24.145386], [120.652223, 24.145129], [120.65382, 24.145058], [120.654055, 24.145077], [120.654067, 24.145199], [120.654053, 24.145284], [120.653906, 24.145323], [120.653815, 24.145642], [120.65381, 24.146377], [120.65366, 24.14632], [120.653676, 24.145922], [120.653379, 24.145927], [120.65338, 24.146875], [120.653127, 24.146872], [120.653143, 24.147044], [120.653395, 24.147254], [120.653421, 24.147578], [120.653599, 24.147606], [120.653172, 24.147644], [120.653203, 24.147254], [120.653414, 24.146935], [120.652797, 24.146859], [120.652792, 24.147081], [120.652501, 24.146933], [120.652096, 24.147081], [120.651415, 24.147101], [120.651402, 24.147227], [120.652091, 24.147301], [120.651964, 24.147606], [120.652709, 24.147634], [120.652841, 24.147603], [120.652851, 24.147473], [120.652833, 24.148166], [120.652742, 24.14829], [120.652426, 24.148243], [120.652425, 24.148172], [120.652401, 24.148578], [120.65192, 24.148716], [120.651848, 24.148671], [120.651917, 24.148329], [120.652091, 24.148504], [120.652086, 24.148156], [120.652006, 24.148193], [120.652086, 24.1479], [120.651819, 24.147901], [120.651668, 24.147987], [120.651471, 24.147886], [120.651459, 24.148274], [120.65172, 24.148205], [120.65173, 24.14849], [120.651402, 24.14848], [120.651464, 24.148664], [120.651588, 24.148665], [120.652309, 24.148055], [120.652315, 24.147893], [120.652631, 24.147873], [120.652631, 24.147959], [120.65263, 24.147841], [120.652514, 24.147461], [120.652261, 24.147464], [120.652255, 24.147223], [120.65251, 24.147221], [120.652073, 24.146918], [120.651397, 24.146878], [120.651388, 24.146568], [120.652079, 24.146567], [120.652024, 24.146361], [120.651438, 24.146382], [120.651438, 24.146459], [120.651402, 24.145907], [120.651485, 24.145949], [120.65142, 24.145678], [120.651516, 24.145731], [120.651402, 24.145117], [120.652059, 24.145125], [120.651948, 24.145486], [120.652269, 24.14556], [120.652247, 24.145719], [120.652463, 24.145739], [120.652463, 24.145894], [120.652042, 24.145894], [120.652041, 24.14603], [120.65188, 24.14598], [120.651905, 24.14592], [120.652031, 24.146218], [120.651558, 24.146187], [120.652253, 24.146595], [120.652719, 24.146574], [120.652801, 24.146074], [120.652694, 24.145528], [120.652444, 24.145555], [120.652291, 24.145484], [120.652522, 24.146068], [120.652431, 24.146173], [120.652414, 24.146405], [120.653527, 24.145687], [120.654102, 24.145744], [120.654999, 24.147873], [120.653761, 24.149302], [120.653745, 24.149541], [120.653424, 24.149579], [120.653718, 24.149683], [120.653552, 24.149253], [120.653425, 24.149253], [120.652833, 24.148749], [120.653138, 24.150042], [120.651554, 24.147659], [120.651455, 24.147647], [120.651404, 24.147296], [120.651678, 24.147536], [120.651226, 24.144808], [120.650726, 24.144735], [120.650081, 24.144756], [120.650129, 24.144495], [120.650783, 24.144496], [120.650787, 24.144188], [120.650641, 24.144174], [120.651131, 24.144178], [120.65113, 24.144303], [120.651209, 24.143922], [120.650582, 24.143975], [120.650104, 24.143909], [120.650132, 24.144207], [120.650349, 24.144182], [120.65008, 24.144813], [120.65087, 24.14483], [120.651194, 24.144681], [120.651135, 24.144489]]}}, {"type": "Feature", "properties": {"district": "6600400", "segment": 19, "total_segments": 19, "km": 7.24, "villages": ["公德里"]}, "geometry": {"type": "LineString", "coordinates": [[120.655264, 24.144765], [120.655275, 24.144268], [120.65556, 24.144358], [120.656016, 24.144351], [120.656054, 24.144818], [120.655282, 24.144866], [120.655264, 24.144811], [120.655303, 24.146023], [120.655738, 24.145952], [120.655753, 24.146055], [120.656116, 24.146049], [120.656102, 24.145587], [120.655762, 24.145616], [120.65576, 24.145798], [120.655556, 24.14567], [120.655387, 24.145135], [120.655438, 24.145075], [120.655933, 24.145137], [120.656658, 24.145053], [120.656679, 24.145334], [120.656478, 24.145813], [120.656441, 24.146271], [120.655833, 24.146328], [120.655801, 24.146271], [120.655277, 24.146268], [120.655265, 24.146479], [120.655399, 24.146546], [120.65643, 24.146529], [120.656582, 24.146276], [120.656675, 24.146862], [120.655281, 24.146878], [120.655297, 24.147623], [120.656617, 24.147613], [120.656576, 24.147427], [120.656512, 24.147414], [120.655454, 24.147395], [120.655523, 24.14706], [120.655668, 24.14706], [120.655685, 24.147181], [120.655876, 24.147083], [120.656667, 24.147095], [120.65667, 24.147947], [120.65568, 24.147916], [120.655644, 24.148122], [120.656672, 24.14811], [120.656674, 24.148452], [120.655303, 24.148458], [120.655296, 24.150244], [120.655831, 24.150235], [120.655844, 24.150151], [120.655908, 24.150219], [120.656903, 24.15012], [120.656909, 24.150323], [120.657072, 24.150348], [120.657084, 24.150114], [120.656895, 24.150066], [120.656894, 24.149797], [120.657089, 24.149903], [120.656639, 24.149864], [120.656652, 24.149368], [120.656253, 24.149457], [120.655387, 24.149398], [120.65543, 24.149132], [120.656632, 24.149157], [120.656583, 24.148875], [120.656449, 24.148962], [120.655372, 24.148911], [120.655757, 24.148634], [120.656673, 24.148616], [120.656632, 24.149215], [120.656301, 24.149631], [120.655473, 24.149662], [120.655405, 24.149909], [120.655918, 24.149943], [120.656067, 24.149906], [120.656068, 24.149829], [120.656395, 24.150418], [120.656671, 24.150446], [120.656662, 24.150637], [120.656135, 24.150714], [120.655235, 24.150662], [120.655311, 24.15049], [120.655455, 24.150422], [120.656994, 24.150503], [120.656994, 24.150628], [120.655303, 24.148367], [120.655313, 24.147856], [120.655418, 24.148148], [120.655282, 24.14621], [120.655613, 24.145441], [120.655907, 24.145388], [120.656211, 24.144819], [120.656655, 24.144801], [120.656631, 24.14427], [120.656417, 24.144395], [120.656264, 24.144391], [120.656263, 24.144468], [120.656361, 24.144626], [120.656264, 24.14435], [120.656292, 24.143809], [120.656591, 24.143806], [120.65664, 24.144096], [120.656048, 24.144094], [120.655989, 24.14397], [120.656036, 24.143811], [120.655942, 24.143812], [120.655933, 24.143363], [120.655268, 24.143348], [120.655276, 24.143287], [120.655264, 24.143633], [120.65581, 24.143581], [120.655665, 24.143808], [120.655594, 24.143806], [120.655594, 24.143915], [120.655472, 24.143926], [120.655474, 24.14381], [120.655244, 24.143825], [120.65532, 24.143912], [120.655263, 24.144139], [120.655553, 24.144117], [120.655687, 24.143974], [120.656044, 24.144152], [120.656016, 24.144311], [120.655862, 24.14448], [120.655511, 24.144516], [120.655509, 24.1447], [120.656653, 24.144893], [120.655972, 24.143139], [120.655735, 24.142922], [120.655479, 24.1429], [120.655486, 24.142739], [120.655623, 24.142746], [120.655287, 24.142695], [120.655284, 24.143157], [120.655677, 24.143088], [120.655407, 24.143015], [120.655272, 24.142526], [120.655261, 24.141963], [120.65546, 24.14189], [120.655449, 24.142507], [120.65556, 24.142507], [120.655282, 24.1415], [120.655258, 24.141161], [120.655437, 24.141471]]}}]}