{"type": "FeatureCollection", "features": [{"type": "Feature", "properties": {"district": "6601700", "segment": 1, "total_segments": 28, "km": 14.86, "villages": ["嘉仁里"]}, "geometry": {"type": "LineString", "coordinates": [[120.708553, 24.215283], [120.708562, 24.21485], [120.708694, 24.214888], [120.70869, 24.2152], [120.708852, 24.215169], [120.708857, 24.215017], [120.708996, 24.215022], [120.708981, 24.215175], [120.709117, 24.215244], [120.709465, 24.215153], [120.709522, 24.215302], [120.70978, 24.215232], [120.710359, 24.215504], [120.710449, 24.215404], [120.710388, 24.215338], [120.710791, 24.215659], [120.710916, 24.215614], [120.71114, 24.215679], [120.711174, 24.215583], [120.710932, 24.215515], [120.710927, 24.215435], [120.711299, 24.215561], [120.711176, 24.215842], [120.71125, 24.215864], [120.710912, 24.215743], [120.710985, 24.215921], [120.711077, 24.215919], [120.711145, 24.216836], [120.710578, 24.217137], [120.710917, 24.217222], [120.711134, 24.217379], [120.710909, 24.217528], [120.711266, 24.217632], [120.711395, 24.217541], [120.711441, 24.217802], [120.711889, 24.217814], [120.711797, 24.21789], [120.712083, 24.217952], [120.711924, 24.218178], [120.711636, 24.218234], [120.711532, 24.218234], [120.711469, 24.217972], [120.711883, 24.217471], [120.711744, 24.217373], [120.71175, 24.217134], [120.71225, 24.21716], [120.712259, 24.216999], [120.711695, 24.216982], [120.711707, 24.217136], [120.711307, 24.217146], [120.712002, 24.217677], [120.71226, 24.217381], [120.712391, 24.217473], [120.712633, 24.217479], [120.712663, 24.217659], [120.712529, 24.217705], [120.712476, 24.217914], [120.712669, 24.217307], [120.712537, 24.217168], [120.712449, 24.2168], [120.712572, 24.216789], [120.712091, 24.216591], [120.712009, 24.216388], [120.71203, 24.216205], [120.712186, 24.216205], [120.712327, 24.216065], [120.712204, 24.216006], [120.71218, 24.215876], [120.712074, 24.215863], [120.71211, 24.215781], [120.711751, 24.215742], [120.71169, 24.215415], [120.711594, 24.215317], [120.711616, 24.215181], [120.711549, 24.215382], [120.711336, 24.215448], [120.711315, 24.215521], [120.711315, 24.215258], [120.710971, 24.215294], [120.71088, 24.215172], [120.710935, 24.215141], [120.710686, 24.21541], [120.710633, 24.215285], [120.710905, 24.214896], [120.711254, 24.214727], [120.711498, 24.214754], [120.711513, 24.214911], [120.711223, 24.214976], [120.710966, 24.214939], [120.711189, 24.214644], [120.71125, 24.214294], [120.711057, 24.21407], [120.710859, 24.214068], [120.710773, 24.214391], [120.710496, 24.214658], [120.70976, 24.215019], [120.709721, 24.214242], [120.70986, 24.214234], [120.709938, 24.21464], [120.710094, 24.214608], [120.709993, 24.214242], [120.710573, 24.214344], [120.710314, 24.214416], [120.709391, 24.214405], [120.709448, 24.214963], [120.709147, 24.2151], [120.709154, 24.214235], [120.708403, 24.214304], [120.708429, 24.214429], [120.708596, 24.214425], [120.70854, 24.214683], [120.708385, 24.21443], [120.708303, 24.214433], [120.708259, 24.214581], [120.708265, 24.214695], [120.708401, 24.214781], [120.70836, 24.215385], [120.708453, 24.215675], [120.709422, 24.215337], [120.709393, 24.215502], [120.709583, 24.215621], [120.709542, 24.215763], [120.709479, 24.215697], [120.70969, 24.215762], [120.709757, 24.215573], [120.709669, 24.215539], [120.710052, 24.215462], [120.710443, 24.215703], [120.710529, 24.215843], [120.710276, 24.21603], [120.709456, 24.216345], [120.709444, 24.216243], [120.709679, 24.216177], [120.709529, 24.216099], [120.709383, 24.216136], [120.709205, 24.215902], [120.709059, 24.215931], [120.709014, 24.215657], [120.709232, 24.215655], [120.709302, 24.215568], [120.70892, 24.215757], [120.708946, 24.215884], [120.708833, 24.215918], [120.708448, 24.215917], [120.708394, 24.215719], [120.708561, 24.215834], [120.708803, 24.215832], [120.708954, 24.215997], [120.709064, 24.215975], [120.709095, 24.216249], [120.708403, 24.21634], [120.70841, 24.216138], [120.708431, 24.216478], [120.708585, 24.216464], [120.708365, 24.216478], [120.708332, 24.216668], [120.709042, 24.216805], [120.709689, 24.216008], [120.710635, 24.21573], [120.710712, 24.215896], [120.711845, 24.216172], [120.712241, 24.215763], [120.712301, 24.215455], [120.712424, 24.215886], [120.712905, 24.21636], [120.713143, 24.216369], [120.713252, 24.216507], [120.71327, 24.216355], [120.713411, 24.216265], [120.713526, 24.216255], [120.713537, 24.216351], [120.713772, 24.216331], [120.713479, 24.216352], [120.713249, 24.216193], [120.713131, 24.216207], [120.713134, 24.216286], [120.71313, 24.216101], [120.713208, 24.2167], [120.713489, 24.216888], [120.713423, 24.216945], [120.713135, 24.216856], [120.713025, 24.216694], [120.713018, 24.216979], [120.713076, 24.216996], [120.713065, 24.217171], [120.713641, 24.217018], [120.713648, 24.216888], [120.713984, 24.217042], [120.713885, 24.217127], [120.714234, 24.217319], [120.714426, 24.217811], [120.714384, 24.217923], [120.714437, 24.217906], [120.714305, 24.218038], [120.714341, 24.218407], [120.714259, 24.218535], [120.71462, 24.218422], [120.714705, 24.218706], [120.714276, 24.218754], [120.714319, 24.218861], [120.714795, 24.218927], [120.714814, 24.219079], [120.714947, 24.219089], [120.714944, 24.218911], [120.714988, 24.219297], [120.714907, 24.219513], [120.714794, 24.219438], [120.714764, 24.219744], [120.714586, 24.219903], [120.714454, 24.219317], [120.714633, 24.219307], [120.715787, 24.220049], [120.716044, 24.220015], [120.716372, 24.219751], [120.717237, 24.220007], [120.717311, 24.219882], [120.717212, 24.219744], [120.717439, 24.219733], [120.717416, 24.220114], [120.717508, 24.2202], [120.717555, 24.220113], [120.717657, 24.220312], [120.717262, 24.220204], [120.71713, 24.220253], [120.71713, 24.220379], [120.717078, 24.220194], [120.716443, 24.220488], [120.716437, 24.220811], [120.716294, 24.220779], [120.716279, 24.220491], [120.715823, 24.220702], [120.715867, 24.220408], [120.716081, 24.221016], [120.716371, 24.220973], [120.716289, 24.221212], [120.715874, 24.220954], [120.714862, 24.220757], [120.714847, 24.220541], [120.714716, 24.220522], [120.714882, 24.220367], [120.714365, 24.220816], [120.71469, 24.221259], [120.714343, 24.221942], [120.713728, 24.221591], [120.711945, 24.221379], [120.711872, 24.221224], [120.712017, 24.220697], [120.711712, 24.220691], [120.711859, 24.220063], [120.71161, 24.219818], [120.711819, 24.219624], [120.712187, 24.219616], [120.712269, 24.220208], [120.712696, 24.220188], [120.713062, 24.219941], [120.713059, 24.21977], [120.713087, 24.220598], [120.713033, 24.220697], [120.714209, 24.220436], [120.713838, 24.218864], [120.713535, 24.218707], [120.713386, 24.218715], [120.713315, 24.218584], [120.713214, 24.218639], [120.713198, 24.218517], [120.713089, 24.218544], [120.713455, 24.218429], [120.71401, 24.218457], [120.714533, 24.218236], [120.7145, 24.218161], [120.714599, 24.218385], [120.714733, 24.218384], [120.71475, 24.218239], [120.714647, 24.21812], [120.715071, 24.218073], [120.71518, 24.21834], [120.715024, 24.218507], [120.715144, 24.2186], [120.714874, 24.21864], [120.714833, 24.218552], [120.715551, 24.218856], [120.715709, 24.218251], [120.716049, 24.218098], [120.716256, 24.218356], [120.716673, 24.218286], [120.716944, 24.218667], [120.71778, 24.219195], [120.718115, 24.219795], [120.716902, 24.221475], [120.717375, 24.222595], [120.717833, 24.22252], [120.717814, 24.222445], [120.719593, 24.221191], [120.721144, 24.223646], [120.718882, 24.225056], [120.718363, 24.225007], [120.717818, 24.225153], [120.717651, 24.225407], [120.717928, 24.225482], [120.717846, 24.225748], [120.717973, 24.225844], [120.718295, 24.226441], [120.717725, 24.226808], [120.717231, 24.226945], [120.717377, 24.227381], [120.715827, 24.226599], [120.715601, 24.226651], [120.715551, 24.226561], [120.715781, 24.226496], [120.715751, 24.226328], [120.714765, 24.226501], [120.714716, 24.226355], [120.714537, 24.226346], [120.71457, 24.226153], [120.714409, 24.226325], [120.714387, 24.226453], [120.7145, 24.226542], [120.714527, 24.226396], [120.714281, 24.226792], [120.714271, 24.227094], [120.714209, 24.227104], [120.714391, 24.227332], [120.714545, 24.227207], [120.71534, 24.227417], [120.715408, 24.227312], [120.715366, 24.228185], [120.71552, 24.228296], [120.715624, 24.22825], [120.71511, 24.22831], [120.715093, 24.228568], [120.714748, 24.228407], [120.714451, 24.228443], [120.714432, 24.228983], [120.714793, 24.228974], [120.71483, 24.229311], [120.714612, 24.229423], [120.714647, 24.229564], [120.714841, 24.229585], [120.714851, 24.229477], [120.71517, 24.229574], [120.715198, 24.229648], [120.715475, 24.229685], [120.715514, 24.229493], [120.715799, 24.229468], [120.71589, 24.229329], [120.715729, 24.229317], [120.715689, 24.229013], [120.715385, 24.228874], [120.715194, 24.229327], [120.714497, 24.229543], [120.714293, 24.229517], [120.714115, 24.229366], [120.714475, 24.229869], [120.715426, 24.230079], [120.715588, 24.230212], [120.716269, 24.229283], [120.716544, 24.229481], [120.716498, 24.22956], [120.716273, 24.229466], [120.716239, 24.229529], [120.716439, 24.229248], [120.715897, 24.229021], [120.716071, 24.228559], [120.715067, 24.228198], [120.717372, 24.228957], [120.717614, 24.228881], [120.717619, 24.229617], [120.718289, 24.229452], [120.718244, 24.229338], [120.718334, 24.229239], [120.718439, 24.229466], [120.718981, 24.229072], [120.716963, 24.229698], [120.716998, 24.22982]]}}, {"type": "Feature", "properties": {"district": "6601700", "segment": 2, "total_segments": 28, "km": 14.54, "villages": ["嘉仁里", "潭北里"]}, "geometry": {"type": "LineString", "coordinates": [[120.718784, 24.227094], [120.719012, 24.22609], [120.719209, 24.225936], [120.719, 24.225801], [120.719621, 24.225928], [120.717629, 24.224925], [120.717127, 24.225511], [120.716993, 24.225514], [120.716795, 24.225776], [120.716967, 24.225877], [120.7167, 24.225714], [120.716312, 24.225096], [120.716435, 24.224525], [120.716147, 24.224533], [120.716045, 24.224224], [120.71577, 24.224734], [120.716801, 24.224621], [120.71496, 24.22407], [120.714752, 24.224126], [120.714621, 24.223937], [120.714712, 24.223846], [120.714504, 24.22406], [120.714364, 24.223976], [120.714433, 24.224181], [120.714207, 24.224228], [120.714113, 24.22388], [120.713807, 24.223843], [120.71381, 24.224153], [120.713138, 24.224181], [120.713148, 24.224879], [120.713076, 24.224876], [120.713078, 24.224969], [120.713156, 24.224966], [120.713159, 24.225046], [120.713086, 24.225041], [120.713162, 24.225121], [120.713167, 24.225213], [120.713094, 24.225205], [120.713177, 24.225406], [120.713104, 24.225405], [120.713107, 24.22549], [120.713742, 24.225299], [120.713846, 24.225342], [120.713877, 24.225489], [120.71378, 24.225532], [120.713432, 24.22653], [120.712956, 24.22645], [120.714597, 24.224669], [120.714698, 24.22337], [120.714072, 24.223347], [120.713537, 24.223589], [120.713046, 24.223439], [120.712497, 24.22374], [120.712361, 24.224058], [120.711793, 24.223703], [120.711161, 24.223924], [120.710413, 24.223051], [120.710253, 24.223119], [120.710285, 24.222785], [120.710973, 24.222815], [120.711916, 24.223014], [120.712632, 24.222566], [120.712493, 24.222417], [120.713053, 24.222802], [120.713376, 24.222848], [120.712069, 24.221871], [120.710523, 24.220518], [120.710174, 24.22053], [120.709906, 24.220288], [120.709603, 24.219525], [120.710079, 24.219353], [120.710287, 24.219157], [120.710604, 24.219351], [120.71112, 24.219295], [120.711164, 24.219109], [120.711399, 24.218813], [120.71157, 24.219345], [120.709786, 24.219062], [120.709283, 24.219156], [120.708647, 24.218131], [120.708558, 24.218119], [120.708653, 24.2178], [120.708347, 24.217846], [120.708706, 24.2154], [120.712, 24.21463], [120.712218, 24.214639], [120.71226, 24.214555], [120.712299, 24.214816], [120.712083, 24.214956], [120.712752, 24.215274], [120.713006, 24.214955], [120.712924, 24.214765], [120.713534, 24.214679], [120.713328, 24.214351], [120.713323, 24.215167], [120.713782, 24.215113], [120.713785, 24.215382], [120.714177, 24.215847], [120.71434, 24.216194], [120.714421, 24.216217], [120.714611, 24.216647], [120.715276, 24.216831], [120.715593, 24.216609], [120.716083, 24.216593], [120.716183, 24.216656], [120.716166, 24.217326], [120.716453, 24.21781], [120.715713, 24.21773], [120.715658, 24.217882], [120.715537, 24.217151], [120.714875, 24.217038], [120.714092, 24.217463], [120.714101, 24.217581], [120.714001, 24.217588], [120.713983, 24.217319], [120.713743, 24.217331], [120.713487, 24.217201], [120.713959, 24.217687], [120.714093, 24.217688], [120.715197, 24.216228], [120.715278, 24.215684], [120.715441, 24.215405], [120.715557, 24.21553], [120.715497, 24.215597], [120.715652, 24.215579], [120.715513, 24.215212], [120.716106, 24.214708], [120.714774, 24.214233], [120.71467, 24.213879], [120.714283, 24.213965], [120.714363, 24.214881], [120.709449, 24.213931], [120.709378, 24.213578], [120.709142, 24.213278], [120.708785, 24.213396], [120.708946, 24.213517], [120.708976, 24.213982], [120.709049, 24.214018], [120.708797, 24.213931], [120.708833, 24.214077], [120.708413, 24.214058], [120.70836, 24.213472], [120.708542, 24.213524], [120.70852, 24.213745], [120.708643, 24.213732], [120.708618, 24.213845], [120.708811, 24.21376], [120.708811, 24.213657], [120.708242, 24.213711], [120.708289, 24.214164], [120.708416, 24.214108], [120.708035, 24.214097], [120.707955, 24.213556], [120.708025, 24.213551], [120.707832, 24.21357], [120.707832, 24.213501], [120.707816, 24.213652], [120.707659, 24.21377], [120.707689, 24.214053], [120.707451, 24.21393], [120.707449, 24.213856], [120.707535, 24.213847], [120.707398, 24.213861], [120.707547, 24.213707], [120.7075, 24.213536], [120.707813, 24.213344], [120.70801, 24.213332], [120.708232, 24.213608], [120.707768, 24.214698], [120.707832, 24.214789], [120.707764, 24.214794], [120.707788, 24.214927], [120.707401, 24.21477], [120.707407, 24.214625], [120.707295, 24.214549], [120.706968, 24.214452], [120.70702, 24.21438], [120.707154, 24.214393], [120.707557, 24.214564], [120.707532, 24.214658], [120.707968, 24.214629], [120.707948, 24.21538], [120.708079, 24.215141], [120.708096, 24.215064], [120.707813, 24.215186], [120.707686, 24.215534], [120.708094, 24.21559], [120.70813, 24.215775], [120.707933, 24.215833], [120.707976, 24.21634], [120.707852, 24.216374], [120.707797, 24.215759], [120.707456, 24.215632], [120.707523, 24.215425], [120.707349, 24.215334], [120.7072, 24.215533], [120.70631, 24.215629], [120.706363, 24.216466], [120.706937, 24.216497], [120.707033, 24.21642], [120.707038, 24.216248], [120.707144, 24.216284], [120.707147, 24.216532], [120.707379, 24.216544], [120.707353, 24.216255], [120.707513, 24.216199], [120.707474, 24.215894], [120.707323, 24.215985], [120.707302, 24.215787], [120.706397, 24.215822], [120.706453, 24.216286], [120.706728, 24.216259], [120.707103, 24.215939], [120.707526, 24.216293], [120.707757, 24.217584], [120.708171, 24.217472], [120.708065, 24.217127], [120.707933, 24.217151], [120.707864, 24.216796], [120.70801, 24.216826], [120.707986, 24.217359], [120.708353, 24.217316], [120.708445, 24.217528], [120.708031, 24.217632], [120.707904, 24.218], [120.707497, 24.218536], [120.707512, 24.218993], [120.707609, 24.219259], [120.707778, 24.219311], [120.707843, 24.219234], [120.707795, 24.219052], [120.707921, 24.219119], [120.707956, 24.219341], [120.707853, 24.219274], [120.707615, 24.219436], [120.706866, 24.219543], [120.706869, 24.219642], [120.706681, 24.219662], [120.706699, 24.219789], [120.706759, 24.219981], [120.707256, 24.219868], [120.707299, 24.219976], [120.707544, 24.219927], [120.707443, 24.21957], [120.706929, 24.219633], [120.706664, 24.21958], [120.706649, 24.219452], [120.706731, 24.219441], [120.706739, 24.219352], [120.706645, 24.219361], [120.706727, 24.21922], [120.706711, 24.219053], [120.706936, 24.219123], [120.706949, 24.21919], [120.706827, 24.219202], [120.70684, 24.219336], [120.706919, 24.219328], [120.706846, 24.219405], [120.707088, 24.219328], [120.707105, 24.219443], [120.70723, 24.21942], [120.707208, 24.219264], [120.707301, 24.219129], [120.706965, 24.219035], [120.70663, 24.21914], [120.707368, 24.219359], [120.707446, 24.219292], [120.707429, 24.219185], [120.707729, 24.21893], [120.707705, 24.218862], [120.708077, 24.218836], [120.708122, 24.219291], [120.708, 24.219467], [120.707641, 24.219539], [120.70778, 24.22005], [120.706955, 24.220136], [120.706989, 24.220298], [120.707226, 24.220254], [120.707304, 24.220317], [120.707353, 24.220254], [120.708246, 24.220143], [120.708411, 24.220198], [120.70859, 24.220091], [120.708662, 24.220222], [120.708744, 24.220101], [120.708931, 24.220064], [120.708375, 24.219992], [120.708057, 24.219862], [120.708002, 24.219563], [120.708018, 24.219989], [120.707905, 24.220007], [120.707988, 24.220355], [120.707697, 24.220444], [120.708069, 24.22051], [120.708221, 24.220696], [120.70865, 24.220638], [120.708476, 24.220901], [120.708377, 24.220754], [120.708232, 24.220778], [120.708264, 24.220361], [120.70851, 24.220381], [120.708904, 24.220924], [120.708927, 24.221103], [120.708741, 24.22111], [120.708746, 24.221168], [120.708686, 24.221059], [120.709053, 24.221451], [120.708598, 24.221525], [120.708959, 24.222203], [120.709162, 24.222131], [120.709058, 24.222744], [120.709341, 24.222749], [120.709575, 24.222949], [120.709286, 24.223339], [120.709512, 24.224139], [120.709589, 24.224243], [120.709801, 24.224238], [120.708832, 24.22471], [120.709333, 24.225259], [120.71044, 24.225064], [120.712097, 24.225324]]}}, {"type": "Feature", "properties": {"district": "6601700", "segment": 3, "total_segments": 28, "km": 14.97, "villages": ["潭北里", "潭秀里"]}, "geometry": {"type": "LineString", "coordinates": [[120.709615, 24.221632], [120.708169, 24.22183], [120.707545, 24.221278], [120.707364, 24.221412], [120.70717, 24.220776], [120.708074, 24.218789], [120.706815, 24.217534], [120.706747, 24.216876], [120.706643, 24.216925], [120.706677, 24.217645], [120.706577, 24.216781], [120.706416, 24.21679], [120.706717, 24.216712], [120.707292, 24.216717], [120.707436, 24.216841], [120.707761, 24.216634], [120.708089, 24.216622], [120.708023, 24.216491], [120.707864, 24.216489], [120.707611, 24.215501], [120.707671, 24.21512], [120.707585, 24.215095], [120.707552, 24.215175], [120.707154, 24.214944], [120.706775, 24.214956], [120.706846, 24.215211], [120.706692, 24.215226], [120.706707, 24.215146], [120.706521, 24.215], [120.706303, 24.215233], [120.706293, 24.215391], [120.706397, 24.215448], [120.707064, 24.215365], [120.707055, 24.21519], [120.707403, 24.214963], [120.707667, 24.215015], [120.707303, 24.21477], [120.706705, 24.214771], [120.70678, 24.214483], [120.706668, 24.214417], [120.706443, 24.214882], [120.706262, 24.215072], [120.706569, 24.214928], [120.706262, 24.214755], [120.706377, 24.214429], [120.706464, 24.214289], [120.7067, 24.214342], [120.706947, 24.213559], [120.707085, 24.213645], [120.706884, 24.214288], [120.70684, 24.214367], [120.706687, 24.214384], [120.706282, 24.214132], [120.706295, 24.214027], [120.706439, 24.213941], [120.706429, 24.213455], [120.706693, 24.213443], [120.707234, 24.214147], [120.707204, 24.214225], [120.70736, 24.214312], [120.707422, 24.214269], [120.706503, 24.215269], [120.707346, 24.224066], [120.706958, 24.223952], [120.706788, 24.223221], [120.706667, 24.223048], [120.706426, 24.223075], [120.706541, 24.222181], [120.706425, 24.22172], [120.706045, 24.221531], [120.70597, 24.221325], [120.706222, 24.220957], [120.706162, 24.220518], [120.705839, 24.220229], [120.705593, 24.220605], [120.705336, 24.220429], [120.704682, 24.220467], [120.704793, 24.220669], [120.705132, 24.220635], [120.704609, 24.221073], [120.704753, 24.221326], [120.704766, 24.221664], [120.704495, 24.221587], [120.703839, 24.221675], [120.703604, 24.221597], [120.703112, 24.221709], [120.702946, 24.221433], [120.702554, 24.221814], [120.702916, 24.221907], [120.703049, 24.22224], [120.703292, 24.222008], [120.703456, 24.221323], [120.703639, 24.221466], [120.704353, 24.221417], [120.703282, 24.221052], [120.702897, 24.221349], [120.702955, 24.220645], [120.70271, 24.220758], [120.701516, 24.220797], [120.701339, 24.220579], [120.701839, 24.220538], [120.702156, 24.220633], [120.703345, 24.220633], [120.703294, 24.220757], [120.703573, 24.2206], [120.703702, 24.220344], [120.703919, 24.220222], [120.703928, 24.219991], [120.703844, 24.219812], [120.703653, 24.219779], [120.703603, 24.22006], [120.703465, 24.220229], [120.703349, 24.220204], [120.703059, 24.219792], [120.701721, 24.219833], [120.702276, 24.219001], [120.702255, 24.218877], [120.701397, 24.21884], [120.700211, 24.218502], [120.700485, 24.217554], [120.700477, 24.216785], [120.700668, 24.216777], [120.700583, 24.216395], [120.698877, 24.216608], [120.69886, 24.216804], [120.70238, 24.216776], [120.702752, 24.216349], [120.702898, 24.216469], [120.703196, 24.216279], [120.703302, 24.216375], [120.70306, 24.216534], [120.702688, 24.216626], [120.702582, 24.216132], [120.701417, 24.216284], [120.701579, 24.216468], [120.702042, 24.216434], [120.702818, 24.216115], [120.70346, 24.216008], [120.703588, 24.216194], [120.703517, 24.216237], [120.703661, 24.216283], [120.703849, 24.216221], [120.703982, 24.216484], [120.703988, 24.216278], [120.704119, 24.216306], [120.704119, 24.216445], [120.704233, 24.216447], [120.704293, 24.216295], [120.704546, 24.216513], [120.70447, 24.216607], [120.704986, 24.216596], [120.70503, 24.216767], [120.705649, 24.216636], [120.705475, 24.215874], [120.705837, 24.215862], [120.705841, 24.215962], [120.705964, 24.215958], [120.705957, 24.215592], [120.705454, 24.215635], [120.705391, 24.215455], [120.705887, 24.215375], [120.705769, 24.214837], [120.705333, 24.214815], [120.705304, 24.215235], [120.704981, 24.215284], [120.704983, 24.215527], [120.704892, 24.215535], [120.704787, 24.215349], [120.704621, 24.21545], [120.704583, 24.215359], [120.704859, 24.215152], [120.704975, 24.215213], [120.70443, 24.215471], [120.704426, 24.215605], [120.704664, 24.215575], [120.704698, 24.215896], [120.705098, 24.215878], [120.705132, 24.216073], [120.704866, 24.215996], [120.704631, 24.216068], [120.704611, 24.215908], [120.703761, 24.216078], [120.703727, 24.215682], [120.703669, 24.21569], [120.704307, 24.215552], [120.704191, 24.215239], [120.704237, 24.215075], [120.704137, 24.215034], [120.704213, 24.214877], [120.703342, 24.214595], [120.703724, 24.215221], [120.703946, 24.215343], [120.704577, 24.215092], [120.70499, 24.215036], [120.705001, 24.214854], [120.705388, 24.214589], [120.705377, 24.214139], [120.705585, 24.213799], [120.705417, 24.213756], [120.70544, 24.21328], [120.70502, 24.213537], [120.705649, 24.214434], [120.705848, 24.216316], [120.705971, 24.216339], [120.705996, 24.216716], [120.705856, 24.216729], [120.705845, 24.216653], [120.705848, 24.216489], [120.705973, 24.216299], [120.705964, 24.216084], [120.705661, 24.216678], [120.706093, 24.218518], [120.705742, 24.218572], [120.705813, 24.218924], [120.705754, 24.218983], [120.705178, 24.218994], [120.705172, 24.219101], [120.706281, 24.219109], [120.706366, 24.219466], [120.706061, 24.219805], [120.705586, 24.219623], [120.705059, 24.219881], [120.704331, 24.219932], [120.704298, 24.219765], [120.704668, 24.219268], [120.704471, 24.21936], [120.703935, 24.219382], [120.704398, 24.220302], [120.704, 24.220473], [120.705042, 24.219587], [120.704926, 24.219185], [120.70497, 24.219093], [120.70513, 24.219102], [120.705059, 24.218973], [120.70519, 24.218756], [120.705406, 24.218571], [120.705707, 24.218472], [120.705734, 24.218536], [120.704707, 24.218382], [120.705041, 24.217566], [120.706018, 24.21755], [120.705999, 24.21695], [120.704655, 24.215902], [120.704347, 24.21611], [120.703362, 24.216343], [120.703556, 24.217006], [120.703689, 24.216994], [120.703181, 24.217053], [120.703288, 24.218178], [120.70188, 24.217548], [120.700946, 24.216594], [120.700922, 24.216469], [120.701105, 24.216327], [120.698511, 24.216653], [120.698472, 24.216792], [120.698598, 24.216793], [120.69835, 24.216787], [120.698344, 24.216671], [120.698005, 24.216883], [120.697942, 24.217605], [120.698186, 24.217875], [120.698248, 24.218965], [120.698322, 24.219186], [120.699235, 24.218965], [120.699968, 24.219802], [120.700158, 24.219806], [120.700676, 24.22063], [120.701931, 24.220937], [120.702325, 24.222176], [120.702284, 24.222236], [120.702557, 24.22247], [120.70257, 24.222727], [120.702288, 24.222737], [120.702138, 24.222834], [120.702125, 24.222735], [120.701899, 24.222655], [120.701701, 24.222797], [120.701555, 24.223122]]}}, {"type": "Feature", "properties": {"district": "6601700", "segment": 4, "total_segments": 28, "km": 14.93, "villages": ["潭秀里", "甘蔗里"]}, "geometry": {"type": "LineString", "coordinates": [[120.702271, 24.223184], [120.701861, 24.223466], [120.701431, 24.223504], [120.70516, 24.223058], [120.705497, 24.223873], [120.706709, 24.223882], [120.705389, 24.222572], [120.705422, 24.222123], [120.704019, 24.214519], [120.703368, 24.213815], [120.702956, 24.213907], [120.702757, 24.213197], [120.702863, 24.213201], [120.7029, 24.213296], [120.703041, 24.213258], [120.70299, 24.212414], [120.703445, 24.21239], [120.703521, 24.213546], [120.703447, 24.213755], [120.703347, 24.213476], [120.703147, 24.213484], [120.703216, 24.213358], [120.703352, 24.213354], [120.703334, 24.213131], [120.70319, 24.213145], [120.70322, 24.213024], [120.703345, 24.213019], [120.703334, 24.212781], [120.703205, 24.212788], [120.703187, 24.212695], [120.703326, 24.212688], [120.703446, 24.212342], [120.702552, 24.212399], [120.702629, 24.212528], [120.70287, 24.212546], [120.702907, 24.213078], [120.703092, 24.213347], [120.702581, 24.213589], [120.702563, 24.213788], [120.702441, 24.213795], [120.70248, 24.213409], [120.702346, 24.213282], [120.70222, 24.213559], [120.702039, 24.213417], [120.701075, 24.213467], [120.701071, 24.213345], [120.701143, 24.213339], [120.701079, 24.213259], [120.701034, 24.213348], [120.700691, 24.213363], [120.70068, 24.211792], [120.701451, 24.211764], [120.701654, 24.211973], [120.701658, 24.212074], [120.701118, 24.212088], [120.700862, 24.212169], [120.700918, 24.212329], [120.701082, 24.212315], [120.701174, 24.212439], [120.701434, 24.212299], [120.701579, 24.21235], [120.701586, 24.212663], [120.700951, 24.212703], [120.70142, 24.212936], [120.701746, 24.212864], [120.701786, 24.213233], [120.701652, 24.213271], [120.701641, 24.213091], [120.701496, 24.213294], [120.701382, 24.213303], [120.701093, 24.213057], [120.700419, 24.213136], [120.700456, 24.213599], [120.70038, 24.2142], [120.700129, 24.214254], [120.700017, 24.214224], [120.700029, 24.2141], [120.700118, 24.214096], [120.699493, 24.214112], [120.699591, 24.214246], [120.699804, 24.214237], [120.699479, 24.214342], [120.699212, 24.214273], [120.699001, 24.214426], [120.698748, 24.214403], [120.698766, 24.214251], [120.698949, 24.214268], [120.698971, 24.214082], [120.698808, 24.214067], [120.698811, 24.213982], [120.699291, 24.214093], [120.699254, 24.213799], [120.699161, 24.213803], [120.700134, 24.213759], [120.700084, 24.213554], [120.699068, 24.213593], [120.699174, 24.212819], [120.699015, 24.2128], [120.69904, 24.212624], [120.699201, 24.212644], [120.699219, 24.212539], [120.69906, 24.21252], [120.698948, 24.212632], [120.699073, 24.212237], [120.69926, 24.212248], [120.699442, 24.210871], [120.699711, 24.210801], [120.700266, 24.210894], [120.700108, 24.211012], [120.700069, 24.211241], [120.699929, 24.211215], [120.699957, 24.21099], [120.699896, 24.210969], [120.69964, 24.211126], [120.699614, 24.211243], [120.699775, 24.211261], [120.699793, 24.211373], [120.699915, 24.211387], [120.699874, 24.21152], [120.699558, 24.211484], [120.699608, 24.211287], [120.699441, 24.212049], [120.70015, 24.212115], [120.700147, 24.211981], [120.699889, 24.211968], [120.700091, 24.21169], [120.700037, 24.21155], [120.700388, 24.211561], [120.700505, 24.211403], [120.700694, 24.211415], [120.700752, 24.21129], [120.700803, 24.211074], [120.700612, 24.210952], [120.700657, 24.210753], [120.700564, 24.210741], [120.700555, 24.211213], [120.700712, 24.211519], [120.701027, 24.211547], [120.701244, 24.211128], [120.701509, 24.210972], [120.702335, 24.210913], [120.702359, 24.211169], [120.70245, 24.211162], [120.702448, 24.210916], [120.702536, 24.21093], [120.702526, 24.210828], [120.702469, 24.210835], [120.702691, 24.210772], [120.702641, 24.210103], [120.702385, 24.210062], [120.702439, 24.209624], [120.70237, 24.209492], [120.702665, 24.209482], [120.702649, 24.209912], [120.703139, 24.209879], [120.703263, 24.209806], [120.703163, 24.208444], [120.702504, 24.208561], [120.702176, 24.208494], [120.702185, 24.208763], [120.702086, 24.208765], [120.702079, 24.208495], [120.701817, 24.208562], [120.701755, 24.208497], [120.70143, 24.208481], [120.701442, 24.20878], [120.701727, 24.20877], [120.701887, 24.208022], [120.702442, 24.208006], [120.702415, 24.207773], [120.702067, 24.207774], [120.702036, 24.207587], [120.70194, 24.207584], [120.701946, 24.20771], [120.701792, 24.207705], [120.701796, 24.207781], [120.701791, 24.207667], [120.701617, 24.207621], [120.701637, 24.207893], [120.701841, 24.208021], [120.701476, 24.208168], [120.70146, 24.208235], [120.701263, 24.208202], [120.70123, 24.208338], [120.700566, 24.20822], [120.700601, 24.208464], [120.700503, 24.208517], [120.700702, 24.20861], [120.700662, 24.208891], [120.701077, 24.208973], [120.701202, 24.208467], [120.700716, 24.208387], [120.70071, 24.208569], [120.700935, 24.208609], [120.700892, 24.208766], [120.70096, 24.208525], [120.700924, 24.208077], [120.700724, 24.208043], [120.700752, 24.207898], [120.700449, 24.20784], [120.700308, 24.208314], [120.700477, 24.208368], [120.700371, 24.208543], [120.700083, 24.208496], [120.699951, 24.208914], [120.699818, 24.208877], [120.699738, 24.20912], [120.699872, 24.209142], [120.699895, 24.209036], [120.700078, 24.209088], [120.699966, 24.209487], [120.700931, 24.209625], [120.701029, 24.209101], [120.700093, 24.209008], [120.699839, 24.209237], [120.69971, 24.209863], [120.699568, 24.209806], [120.699615, 24.209607], [120.699965, 24.209652], [120.699804, 24.21012], [120.700082, 24.210162], [120.700104, 24.209977], [120.700199, 24.209994], [120.700163, 24.210179], [120.700345, 24.2102], [120.700357, 24.210029], [120.700644, 24.210075], [120.700748, 24.209773], [120.700871, 24.209799], [120.700715, 24.210526], [120.700621, 24.210423], [120.700083, 24.210325], [120.699897, 24.210467], [120.699883, 24.210592], [120.700327, 24.210668], [120.700288, 24.210469], [120.700641, 24.210644], [120.700475, 24.209832], [120.700617, 24.209796], [120.700079, 24.209664], [120.700032, 24.209886], [120.699691, 24.209981], [120.699698, 24.210081], [120.699539, 24.210055], [120.699514, 24.210147], [120.699674, 24.21017], [120.699595, 24.210421], [120.699737, 24.210474], [120.6998, 24.210297], [120.699698, 24.210681], [120.699025, 24.210929], [120.699058, 24.211009], [120.698962, 24.210809], [120.698739, 24.211023], [120.698913, 24.21121], [120.698662, 24.211502], [120.69842, 24.211556], [120.69817, 24.2113], [120.698421, 24.210813], [120.69816, 24.210746], [120.697982, 24.211135], [120.6985, 24.210556], [120.698709, 24.210588], [120.698142, 24.209719], [120.698551, 24.20925], [120.698197, 24.209007], [120.698427, 24.208826], [120.699118, 24.208959], [120.699127, 24.208679], [120.699469, 24.209106], [120.699071, 24.209366], [120.700374, 24.209384], [120.700557, 24.208874], [120.700625, 24.208885], [120.700249, 24.208704], [120.700095, 24.208458], [120.700241, 24.20795], [120.700139, 24.207928], [120.700113, 24.208012], [120.700151, 24.207798], [120.700292, 24.207827], [120.700282, 24.207497], [120.700524, 24.207532], [120.700535, 24.207388], [120.700297, 24.207355], [120.700297, 24.207178], [120.701496, 24.207157], [120.701575, 24.206929], [120.701549, 24.206739], [120.700761, 24.20676], [120.700721, 24.207054], [120.700961, 24.207069], [120.701044, 24.207004], [120.701042, 24.207072], [120.700952, 24.206921], [120.700952, 24.206579], [120.700784, 24.206588], [120.700879, 24.206526], [120.700878, 24.2064], [120.701225, 24.206353], [120.701183, 24.206552], [120.701318, 24.206568], [120.700995, 24.206578], [120.70068, 24.206487], [120.700677, 24.206408], [120.700537, 24.206869], [120.700455, 24.206653], [120.699988, 24.206527], [120.699607, 24.206265], [120.699346, 24.20597], [120.699815, 24.205683], [120.698865, 24.205693], [120.698308, 24.205328], [120.697194, 24.205089], [120.696784, 24.204369], [120.697993, 24.203917], [120.698409, 24.204477], [120.698795, 24.20441], [120.698823, 24.204226], [120.699172, 24.204239], [120.699255, 24.204038], [120.699405, 24.204116], [120.699817, 24.20413], [120.699977, 24.204106], [120.700042, 24.203931], [120.699863, 24.204568], [120.699328, 24.204587], [120.699802, 24.203379], [120.700331, 24.203237], [120.700444, 24.203402], [120.700269, 24.203467], [120.70033, 24.203069], [120.699483, 24.203444], [120.698568, 24.203085], [120.698184, 24.202548], [120.69799, 24.202673], [120.697881, 24.202234], [120.698566, 24.202127], [120.698562, 24.201949], [120.698423, 24.202032], [120.697861, 24.202104], [120.697841, 24.201926], [120.698417, 24.201831], [120.698295, 24.201708], [120.697717, 24.201767], [120.697511, 24.201504], [120.696928, 24.201582], [120.697089, 24.202141], [120.697447, 24.202829], [120.698653, 24.20238], [120.698388, 24.201538], [120.698187, 24.201588], [120.698876, 24.200741], [120.699289, 24.20084], [120.700116, 24.201637], [120.70057, 24.201894]]}}, {"type": "Feature", "properties": {"district": "6601700", "segment": 5, "total_segments": 28, "km": 13.2, "villages": ["甘蔗里"]}, "geometry": {"type": "LineString", "coordinates": [[120.700895, 24.206097], [120.701315, 24.207013], [120.701313, 24.207336], [120.700715, 24.207304], [120.700707, 24.207594], [120.701374, 24.207766], [120.701474, 24.207335], [120.701652, 24.207477], [120.701625, 24.207584], [120.701765, 24.207344], [120.702175, 24.207338], [120.701119, 24.207496], [120.700995, 24.207825], [120.701091, 24.207859], [120.701055, 24.208011], [120.701187, 24.207873], [120.701345, 24.207895], [120.7013, 24.208077], [120.700791, 24.207774], [120.700494, 24.207718], [120.700021, 24.20826], [120.699913, 24.208583], [120.698977, 24.207484], [120.700227, 24.206919], [120.702327, 24.208307], [120.702538, 24.20831], [120.702644, 24.208674], [120.702348, 24.208672], [120.702358, 24.208954], [120.702491, 24.208938], [120.702485, 24.209072], [120.702337, 24.20908], [120.70251, 24.20925], [120.702513, 24.209357], [120.702376, 24.209336], [120.702539, 24.20907], [120.702711, 24.209063], [120.702725, 24.209308], [120.703077, 24.209233], [120.70292, 24.209119], [120.702894, 24.208862], [120.703017, 24.208847], [120.703029, 24.208962], [120.703012, 24.208738], [120.702704, 24.20894], [120.702783, 24.209462], [120.703039, 24.20945], [120.703031, 24.209651], [120.702774, 24.209662], [120.703075, 24.209652], [120.703089, 24.210034], [120.702812, 24.210037], [120.70291, 24.210933], [120.703352, 24.210927], [120.703306, 24.210046], [120.70316, 24.210111], [120.703141, 24.210621], [120.702989, 24.210629], [120.702857, 24.211037], [120.702702, 24.211093], [120.702698, 24.21091], [120.703165, 24.211125], [120.703352, 24.211127], [120.703402, 24.21133], [120.703347, 24.211031], [120.703568, 24.211021], [120.703574, 24.211096], [120.703756, 24.210991], [120.703994, 24.210975], [120.704005, 24.211104], [120.703882, 24.21111], [120.703873, 24.21087], [120.703563, 24.210892], [120.703537, 24.210542], [120.704319, 24.210471], [120.704295, 24.210054], [120.704401, 24.210015], [120.704122, 24.21006], [120.704131, 24.210335], [120.703916, 24.210027], [120.703497, 24.210083], [120.703509, 24.21038], [120.703958, 24.210854], [120.704176, 24.210845], [120.704181, 24.211117], [120.7046, 24.210604], [120.703934, 24.2098], [120.702914, 24.211328], [120.702929, 24.211499], [120.701636, 24.211521], [120.702138, 24.211394], [120.702136, 24.211299], [120.702278, 24.211352], [120.701924, 24.210359], [120.701739, 24.212203], [120.701851, 24.21254], [120.701757, 24.212573], [120.701741, 24.212822], [120.702153, 24.212837], [120.702159, 24.21298], [120.702372, 24.212936], [120.702376, 24.212815], [120.702397, 24.213142], [120.702126, 24.213955], [120.701262, 24.214022], [120.701239, 24.213762], [120.701425, 24.213752], [120.701488, 24.213672], [120.700696, 24.213731], [120.700697, 24.213616], [120.700697, 24.214073], [120.700976, 24.214069], [120.701155, 24.214303], [120.701194, 24.215027], [120.701395, 24.214821], [120.701368, 24.214647], [120.70186, 24.214594], [120.701826, 24.214509], [120.701404, 24.214524], [120.701401, 24.214283], [120.701522, 24.214207], [120.702732, 24.214112], [120.70271, 24.213911], [120.702322, 24.213929], [120.702513, 24.214492], [120.702659, 24.214465], [120.702584, 24.21494], [120.702477, 24.214976], [120.701566, 24.214972], [120.701624, 24.21481], [120.70247, 24.21475], [120.702226, 24.214539], [120.701987, 24.214545], [120.701607, 24.214337], [120.70073, 24.214416], [120.700761, 24.215915], [120.700841, 24.216004], [120.701993, 24.21586], [120.701686, 24.215508], [120.701675, 24.21534], [120.702383, 24.215322], [120.702515, 24.215773], [120.703256, 24.215743], [120.702966, 24.214977], [120.702991, 24.214747], [120.702843, 24.214341], [120.700457, 24.214277], [120.700162, 24.213387], [120.699246, 24.213456], [120.699281, 24.213086], [120.699379, 24.212947], [120.699531, 24.212928], [120.699551, 24.212801], [120.699323, 24.212802], [120.699414, 24.212237], [120.699818, 24.21226], [120.699807, 24.212465], [120.699719, 24.21251], [120.699801, 24.212732], [120.699645, 24.212803], [120.699694, 24.212934], [120.699819, 24.212919], [120.699844, 24.213249], [120.699539, 24.213267], [120.700154, 24.213238], [120.700151, 24.213159], [120.699955, 24.213156], [120.700015, 24.212996], [120.699948, 24.21294], [120.699975, 24.212759], [120.700096, 24.212797], [120.700094, 24.212919], [120.700402, 24.212917], [120.700407, 24.213013], [120.700398, 24.212794], [120.700317, 24.212691], [120.700378, 24.211753], [120.700016, 24.212207], [120.70002, 24.212368], [120.700208, 24.212305], [120.699513, 24.212524], [120.699552, 24.21265], [120.699233, 24.212344], [120.698288, 24.212188], [120.697889, 24.212856], [120.696948, 24.213031], [120.696373, 24.213491], [120.696286, 24.213903], [120.69652, 24.214002], [120.696728, 24.214669], [120.697306, 24.214436], [120.697504, 24.214169], [120.697614, 24.214243], [120.69742, 24.2145], [120.698004, 24.214864], [120.697976, 24.21502], [120.698442, 24.214641], [120.698397, 24.214463], [120.697983, 24.213997], [120.698278, 24.213565], [120.698565, 24.213483], [120.698679, 24.213168], [120.698899, 24.213653], [120.69901, 24.213668], [120.699024, 24.213871], [120.698844, 24.213856], [120.697392, 24.215477], [120.697399, 24.215599], [120.696994, 24.210035], [120.696813, 24.209684], [120.697279, 24.209171], [120.696999, 24.20918], [120.696942, 24.209387], [120.69673, 24.209615], [120.696614, 24.209349], [120.696925, 24.208727], [120.697963, 24.209275], [120.695746, 24.210424], [120.695567, 24.210333], [120.69514, 24.207005], [120.694741, 24.206784], [120.694655, 24.207086], [120.695409, 24.20648], [120.694597, 24.206091], [120.694768, 24.205619], [120.69532, 24.204889], [120.695386, 24.204428], [120.694862, 24.2042], [120.694812, 24.204063], [120.694624, 24.204117], [120.694463, 24.203968], [120.694612, 24.203716], [120.69477, 24.203788], [120.694927, 24.203646], [120.694455, 24.204302], [120.693173, 24.204693], [120.692807, 24.204476], [120.692556, 24.204105], [120.691949, 24.204235], [120.691169, 24.204278], [120.692647, 24.205533], [120.693056, 24.205555], [120.69336, 24.205664], [120.693351, 24.205767], [120.693155, 24.205819], [120.692607, 24.205732], [120.692802, 24.205967], [120.693273, 24.206041], [120.6978, 24.205773]]}}, {"type": "Feature", "properties": {"district": "6601700", "segment": 6, "total_segments": 28, "km": 14.98, "villages": ["潭陽里"]}, "geometry": {"type": "LineString", "coordinates": [[120.702155, 24.207121], [120.703077, 24.207132], [120.703079, 24.206937], [120.703349, 24.207086], [120.703331, 24.207307], [120.704607, 24.207219], [120.704692, 24.207211], [120.704666, 24.207033], [120.703595, 24.207068], [120.703873, 24.206861], [120.704168, 24.206897], [120.704162, 24.206765], [120.704388, 24.206786], [120.704396, 24.206867], [120.70441, 24.206748], [120.704816, 24.206879], [120.704717, 24.207033], [120.704898, 24.207225], [120.7049, 24.207667], [120.704966, 24.207681], [120.70491, 24.207757], [120.704985, 24.207923], [120.704932, 24.208521], [120.703489, 24.208558], [120.703411, 24.208665], [120.703626, 24.208385], [120.70465, 24.208342], [120.704576, 24.208007], [120.704489, 24.208015], [120.7049, 24.20792], [120.704739, 24.207767], [120.704727, 24.207613], [120.704475, 24.207626], [120.704465, 24.207403], [120.704332, 24.207555], [120.70421, 24.207462], [120.703829, 24.207515], [120.703867, 24.207762], [120.703983, 24.207758], [120.7038, 24.207766], [120.704081, 24.207999], [120.704305, 24.207842], [120.705273, 24.207599], [120.705875, 24.207232], [120.706754, 24.207213], [120.706839, 24.20858], [120.707018, 24.208419], [120.706947, 24.207292], [120.707004, 24.207143], [120.707408, 24.207084], [120.707582, 24.207148], [120.7076, 24.207042], [120.707834, 24.206989], [120.708153, 24.207069], [120.708315, 24.207616], [120.708261, 24.207699], [120.708308, 24.208052], [120.70863, 24.208002], [120.708642, 24.208117], [120.708251, 24.208229], [120.708076, 24.208265], [120.70804, 24.208039], [120.708162, 24.208012], [120.708139, 24.207905], [120.707776, 24.207965], [120.707793, 24.208087], [120.707999, 24.208047], [120.707527, 24.208153], [120.707519, 24.208259], [120.70776, 24.208241], [120.707771, 24.208297], [120.707542, 24.208031], [120.707561, 24.207765], [120.70768, 24.207688], [120.707714, 24.20785], [120.707596, 24.207258], [120.707486, 24.207278], [120.707552, 24.207609], [120.707232, 24.20757], [120.707246, 24.208398], [120.707394, 24.20833], [120.707222, 24.207379], [120.708062, 24.207201], [120.708188, 24.207819], [120.707978, 24.207621], [120.707894, 24.207636], [120.707873, 24.207492], [120.708364, 24.207296], [120.708608, 24.207394], [120.708728, 24.207709], [120.708864, 24.20765], [120.708826, 24.207329], [120.709107, 24.207389], [120.709, 24.207502], [120.709156, 24.207687], [120.708917, 24.207749], [120.708895, 24.207871], [120.709287, 24.207806], [120.709273, 24.207521], [120.709661, 24.207486], [120.709554, 24.206838], [120.709351, 24.206883], [120.709374, 24.20722], [120.709442, 24.207243], [120.709397, 24.207296], [120.709224, 24.207268], [120.709239, 24.207137], [120.709116, 24.207072], [120.709006, 24.207204], [120.708919, 24.20713], [120.708623, 24.207184], [120.708659, 24.207345], [120.708511, 24.206829], [120.708149, 24.206949], [120.709466, 24.206573], [120.709853, 24.206545], [120.709759, 24.20676], [120.709889, 24.206869], [120.709896, 24.207275], [120.710027, 24.207674], [120.709972, 24.208012], [120.708804, 24.208213], [120.708787, 24.208085], [120.708694, 24.208111], [120.708765, 24.207978], [120.709018, 24.208056], [120.7098, 24.207936], [120.709737, 24.207621], [120.709486, 24.207662], [120.709511, 24.207822], [120.709594, 24.207846], [120.709609, 24.208291], [120.710097, 24.208288], [120.710219, 24.20991], [120.710116, 24.209991], [120.710005, 24.210346], [120.709354, 24.210476], [120.709089, 24.21038], [120.708865, 24.209686], [120.70873, 24.209699], [120.708772, 24.209853], [120.708505, 24.209941], [120.708556, 24.21004], [120.708357, 24.210099], [120.708541, 24.21059], [120.708987, 24.210528], [120.708814, 24.209959], [120.708608, 24.210025], [120.70879, 24.210769], [120.710171, 24.210591], [120.710267, 24.210723], [120.710413, 24.211393], [120.710611, 24.21129], [120.710452, 24.21045], [120.710408, 24.209789], [120.710492, 24.209626], [120.710394, 24.209587], [120.710312, 24.208357], [120.710639, 24.207778], [120.710738, 24.207797], [120.710861, 24.207675], [120.710826, 24.207531], [120.711002, 24.207312], [120.710814, 24.20719], [120.710643, 24.207398], [120.710543, 24.207371], [120.71049, 24.207293], [120.710599, 24.207103], [120.710588, 24.206935], [120.710333, 24.20695], [120.710357, 24.206807], [120.710728, 24.206793], [120.710632, 24.206933], [120.710863, 24.207018], [120.710923, 24.206679], [120.711108, 24.206826], [120.710559, 24.207499], [120.710973, 24.207785], [120.710772, 24.207977], [120.710936, 24.208162], [120.710761, 24.208423], [120.710774, 24.208517], [120.710563, 24.208526], [120.710723, 24.208109], [120.710974, 24.208255], [120.710881, 24.208666], [120.710752, 24.20867], [120.711219, 24.208648], [120.711336, 24.208582], [120.711359, 24.208419], [120.711314, 24.20799], [120.711101, 24.208105], [120.711194, 24.20848], [120.711092, 24.209098], [120.710813, 24.209122], [120.710912, 24.209023], [120.710897, 24.208818], [120.710975, 24.20921], [120.711213, 24.209195], [120.711221, 24.209334], [120.710998, 24.209345], [120.710949, 24.209448], [120.711233, 24.209429], [120.71124, 24.209577], [120.710965, 24.209591], [120.710843, 24.209685], [120.710784, 24.209505], [120.710778, 24.209774], [120.710644, 24.209811], [120.710824, 24.210158], [120.711072, 24.210135], [120.711186, 24.210855], [120.711293, 24.21083], [120.711237, 24.210465], [120.711575, 24.210434], [120.711729, 24.210949], [120.711655, 24.211118], [120.711834, 24.211586], [120.711852, 24.211835], [120.711774, 24.212004], [120.711608, 24.211791], [120.711608, 24.211664], [120.711433, 24.211684], [120.711356, 24.211579], [120.711567, 24.211553], [120.711536, 24.211378], [120.711267, 24.211413], [120.711186, 24.211332], [120.711465, 24.211296], [120.711396, 24.211066], [120.710726, 24.211147], [120.710713, 24.211028], [120.711316, 24.21096], [120.711297, 24.210873], [120.711501, 24.211045], [120.710961, 24.210849], [120.71084, 24.210311], [120.710658, 24.210328], [120.710643, 24.210242], [120.71077, 24.21023], [120.710803, 24.21057], [120.710683, 24.210574], [120.710667, 24.210662], [120.710803, 24.210654], [120.710204, 24.210322], [120.709923, 24.210026], [120.710025, 24.209947], [120.710015, 24.209752], [120.709195, 24.209789], [120.70929, 24.20991], [120.709484, 24.20991], [120.709481, 24.210006], [120.709803, 24.209972], [120.709623, 24.210133], [120.709451, 24.210152], [120.709415, 24.210017], [120.709257, 24.210052], [120.709647, 24.211048], [120.709774, 24.211034], [120.709732, 24.210828], [120.710043, 24.210785], [120.710103, 24.211141], [120.709937, 24.211164], [120.709975, 24.211275], [120.70977, 24.211319], [120.709748, 24.211206], [120.709514, 24.211247], [120.709744, 24.211484], [120.710152, 24.211395], [120.710098, 24.211248], [120.710016, 24.211264], [120.710178, 24.211232], [120.710826, 24.211462], [120.710992, 24.211333], [120.710958, 24.21129], [120.711213, 24.211536], [120.711236, 24.211749], [120.711325, 24.211745], [120.711112, 24.211769], [120.711114, 24.211888], [120.7113, 24.211878], [120.711363, 24.211981], [120.711477, 24.212802], [120.711264, 24.212711], [120.711186, 24.212793], [120.710916, 24.212829], [120.710778, 24.212273], [120.711029, 24.212398], [120.711212, 24.212369], [120.711165, 24.212057], [120.711062, 24.211894], [120.710756, 24.2118], [120.711491, 24.211985], [120.711587, 24.212642], [120.71196, 24.212622], [120.711921, 24.212293], [120.712215, 24.212235], [120.712206, 24.212035], [120.712332, 24.211953], [120.712482, 24.212049], [120.712548, 24.211972], [120.712325, 24.211821], [120.71242, 24.211713], [120.712145, 24.211775], [120.712413, 24.212205], [120.712313, 24.212248], [120.712691, 24.212524], [120.712652, 24.21268], [120.71161, 24.212833], [120.711654, 24.212996], [120.711857, 24.21298], [120.711913, 24.213121], [120.711175, 24.213159], [120.711174, 24.212995], [120.711312, 24.213008], [120.71113, 24.212996], [120.710928, 24.21287], [120.711016, 24.212596], [120.711243, 24.21259], [120.71122, 24.212431], [120.71151, 24.212985], [120.71181, 24.213289], [120.711815, 24.213409], [120.712097, 24.213399], [120.712073, 24.213783], [120.711043, 24.213878], [120.710938, 24.213204], [120.710725, 24.21325], [120.710694, 24.213171], [120.710383, 24.213189], [120.710309, 24.213369], [120.710118, 24.213292], [120.71014, 24.213237], [120.709994, 24.213291], [120.71001, 24.213613], [120.71062, 24.213458], [120.71066, 24.213583], [120.710555, 24.213596], [120.71079, 24.213573], [120.710841, 24.213916], [120.710278, 24.213926], [120.710343, 24.213763], [120.710475, 24.213817], [120.709662, 24.213773], [120.709649, 24.213626], [120.709991, 24.213614], [120.709702, 24.213225], [120.709546, 24.213239], [120.709237, 24.213095], [120.708995, 24.213112], [120.708988, 24.212894], [120.709193, 24.212875], [120.709168, 24.212782], [120.709093, 24.212789], [120.709043, 24.211864], [120.708625, 24.211924], [120.708722, 24.212027], [120.708778, 24.212636], [120.708727, 24.212824], [120.708582, 24.212831], [120.708604, 24.212985], [120.70885, 24.212939], [120.708695, 24.213137], [120.708371, 24.213146], [120.708393, 24.212909], [120.708298, 24.212988], [120.708218, 24.212615], [120.708099, 24.212643], [120.708001, 24.212919], [120.708137, 24.212957], [120.708085, 24.21311], [120.708183, 24.213168], [120.707741, 24.212989], [120.707744, 24.21289], [120.707295, 24.21289], [120.707291, 24.212774], [120.707821, 24.212755], [120.707731, 24.212411], [120.707623, 24.212492], [120.707431, 24.212472], [120.707453, 24.212379], [120.707275, 24.212391], [120.70724, 24.21256], [120.707052, 24.212564], [120.707103, 24.213163], [120.706945, 24.213172], [120.70696, 24.213513], [120.707112, 24.213522], [120.707134, 24.213394], [120.707108, 24.213565], [120.707297, 24.213194], [120.707714, 24.213124], [120.707893, 24.212487], [120.708055, 24.212273], [120.707814, 24.21212], [120.707883, 24.211971], [120.707471, 24.211494], [120.707334, 24.211536], [120.707441, 24.21166], [120.707236, 24.21171], [120.707245, 24.211792], [120.707496, 24.211739], [120.70769, 24.211992], [120.707431, 24.211932], [120.707365, 24.212024], [120.707388, 24.212191], [120.707041, 24.212196], [120.707025, 24.211459], [120.708486, 24.210818], [120.708747, 24.210776], [120.708655, 24.211143], [120.709072, 24.211017], [120.708876, 24.212029], [120.708935, 24.212612], [120.708443, 24.211851], [120.708337, 24.211869], [120.708353, 24.21173], [120.70843, 24.211709], [120.70823, 24.211675], [120.70862, 24.211742], [120.708205, 24.211237], [120.708095, 24.210761], [120.708407, 24.210627], [120.708071, 24.210051], [120.708014, 24.210389], [120.707617, 24.21054], [120.707878, 24.210633], [120.707948, 24.210732], [120.707878, 24.210867], [120.707494, 24.211031], [120.707173, 24.210913], [120.706841, 24.210928]]}}, {"type": "Feature", "properties": {"district": "6601700", "segment": 7, "total_segments": 28, "km": 14.99, "villages": ["潭陽里"]}, "geometry": {"type": "LineString", "coordinates": [[120.706881, 24.211273], [120.706594, 24.211351], [120.706554, 24.211144], [120.706298, 24.211111], [120.706274, 24.210666], [120.706483, 24.21066], [120.706731, 24.210882], [120.706825, 24.210804], [120.70677, 24.21054], [120.706537, 24.210376], [120.70629, 24.210477], [120.706224, 24.210281], [120.706082, 24.210271], [120.706179, 24.21131], [120.706309, 24.211371], [120.7064, 24.211665], [120.70687, 24.211557], [120.706901, 24.212558], [120.706529, 24.212613], [120.706548, 24.212727], [120.706435, 24.212739], [120.706918, 24.212696], [120.706944, 24.213138], [120.706132, 24.21325], [120.706127, 24.213185], [120.70629, 24.213488], [120.706331, 24.212387], [120.706458, 24.212304], [120.706458, 24.21241], [120.706326, 24.212217], [120.706264, 24.211679], [120.706095, 24.211694], [120.706116, 24.211908], [120.70604, 24.212006], [120.70601, 24.211834], [120.706412, 24.211782], [120.706436, 24.212009], [120.707043, 24.212282], [120.707056, 24.212405], [120.707125, 24.211873], [120.707216, 24.211869], [120.706874, 24.21152], [120.706563, 24.210829], [120.706922, 24.210799], [120.706882, 24.210398], [120.706764, 24.210328], [120.7067, 24.210098], [120.706438, 24.210069], [120.706384, 24.210182], [120.705984, 24.209942], [120.705869, 24.209379], [120.705803, 24.209457], [120.705837, 24.210019], [120.706051, 24.210194], [120.706316, 24.209927], [120.706209, 24.209835], [120.706286, 24.209584], [120.70614, 24.209541], [120.706224, 24.209342], [120.706318, 24.209264], [120.706414, 24.209387], [120.706479, 24.209086], [120.70675, 24.209072], [120.706747, 24.209188], [120.70667, 24.209189], [120.70688, 24.209185], [120.707006, 24.209914], [120.706793, 24.209939], [120.706614, 24.209429], [120.706404, 24.209806], [120.706505, 24.210269], [120.706447, 24.21047], [120.707093, 24.210417], [120.707046, 24.210147], [120.707333, 24.210425], [120.708432, 24.209798], [120.709279, 24.209572], [120.709212, 24.208632], [120.709155, 24.208542], [120.708928, 24.208542], [120.709023, 24.208656], [120.709001, 24.208852], [120.709237, 24.208494], [120.70991, 24.20853], [120.70995, 24.208642], [120.709541, 24.208706], [120.709546, 24.20917], [120.709403, 24.209124], [120.709696, 24.209223], [120.709748, 24.208815], [120.709867, 24.208814], [120.709905, 24.209249], [120.709987, 24.209249], [120.709796, 24.209442], [120.709513, 24.209448], [120.709719, 24.209654], [120.710048, 24.209637], [120.711094, 24.209808], [120.711181, 24.209853], [120.711191, 24.209977], [120.711123, 24.209686], [120.711835, 24.209656], [120.71161, 24.210174], [120.711952, 24.210292], [120.712293, 24.210262], [120.712366, 24.210575], [120.71363, 24.210513], [120.713724, 24.20966], [120.713444, 24.209519], [120.713148, 24.209109], [120.713914, 24.208653], [120.713915, 24.20846], [120.714126, 24.208478], [120.7141, 24.208827], [120.714638, 24.20934], [120.714419, 24.209434], [120.714842, 24.209903], [120.714808, 24.210029], [120.715067, 24.209983], [120.715115, 24.211112], [120.715042, 24.211229], [120.715215, 24.211349], [120.714784, 24.211235], [120.715291, 24.213366], [120.711788, 24.213512], [120.711788, 24.213655], [120.711573, 24.21352], [120.711294, 24.213529], [120.711307, 24.21341], [120.711181, 24.213402], [120.711564, 24.213397], [120.710763, 24.213461], [120.710733, 24.213292], [120.707858, 24.2123], [120.707821, 24.212241], [120.707937, 24.212042], [120.705623, 24.212917], [120.705454, 24.213147], [120.705089, 24.213126], [120.705213, 24.211678], [120.70443, 24.211683], [120.704444, 24.212302], [120.704741, 24.212268], [120.704653, 24.211863], [120.704884, 24.211963], [120.70468, 24.211448], [120.704441, 24.211452], [120.70446, 24.211217], [120.704853, 24.211171], [120.704918, 24.210935], [120.705094, 24.210955], [120.705244, 24.211259], [120.705205, 24.211386], [120.705545, 24.210989], [120.70546, 24.209458], [120.705027, 24.209231], [120.704975, 24.208708], [120.705953, 24.208443], [120.705924, 24.207963], [120.7061, 24.207944], [120.706121, 24.208519], [120.706246, 24.20849], [120.706231, 24.207527], [120.706523, 24.20741], [120.706513, 24.207341], [120.706575, 24.208035], [120.70644, 24.208044], [120.706425, 24.207598], [120.706099, 24.20773], [120.706101, 24.207899], [120.706463, 24.208161], [120.706481, 24.208508], [120.706607, 24.208483], [120.706588, 24.208162], [120.70625, 24.208531], [120.706336, 24.208826], [120.70658, 24.208747], [120.706629, 24.208913], [120.705168, 24.210029], [120.705191, 24.210471], [120.705097, 24.210867], [120.704802, 24.210678], [120.704606, 24.210685], [120.704756, 24.210504], [120.704746, 24.210325], [120.70489, 24.210355], [120.704932, 24.209977], [120.705064, 24.209973], [120.70455, 24.210015], [120.704648, 24.209768], [120.704301, 24.209749], [120.704361, 24.209519], [120.703663, 24.209799], [120.703385, 24.208315], [120.702585, 24.208314], [120.702655, 24.208045], [120.702557, 24.20799], [120.702799, 24.208096], [120.702831, 24.207897], [120.70294, 24.207894], [120.702942, 24.207777], [120.702194, 24.207771], [120.70227, 24.207521], [120.702373, 24.207523], [120.702374, 24.207629], [120.702554, 24.207605], [120.702537, 24.207324], [120.702211, 24.207337], [120.702975, 24.207314], [120.703126, 24.207452], [120.703151, 24.208041], [120.703357, 24.208092], [120.703342, 24.207695], [120.702793, 24.207528], [120.702748, 24.207896], [120.702275, 24.207988], [120.704662, 24.206602], [120.709042, 24.206914], [120.709388, 24.206688], [120.710104, 24.208137], [120.709501, 24.208326], [120.70891, 24.208352], [120.711077, 24.207946], [120.711191, 24.207763], [120.71112, 24.207551], [120.71127, 24.207863], [120.711678, 24.20772], [120.711763, 24.206846], [120.712241, 24.206494], [120.712835, 24.206206], [120.712534, 24.206518], [120.712659, 24.206745], [120.712585, 24.206889], [120.712435, 24.206564], [120.71324, 24.205764], [120.713609, 24.206178], [120.71438, 24.206109], [120.714325, 24.206036], [120.714648, 24.205953], [120.714625, 24.205455], [120.714509, 24.205536], [120.714447, 24.205818], [120.714664, 24.205995], [120.714711, 24.206915], [120.71457, 24.206906], [120.714544, 24.206117], [120.714392, 24.206376], [120.714273, 24.206381], [120.714286, 24.206457], [120.714395, 24.206453], [120.714353, 24.206917], [120.714121, 24.207124], [120.714221, 24.207545], [120.71447, 24.20756], [120.714477, 24.207663], [120.714327, 24.207824], [120.714459, 24.208146], [120.71391, 24.208136], [120.713525, 24.208315], [120.714295, 24.205501], [120.714718, 24.205348], [120.714843, 24.20545], [120.714878, 24.205032], [120.714612, 24.205083], [120.715182, 24.204881], [120.704775, 24.212522], [120.704287, 24.212565], [120.704298, 24.212833], [120.703704, 24.212694], [120.703656, 24.212366], [120.703424, 24.212214], [120.70336, 24.211728], [120.701805, 24.21175]]}}, {"type": "Feature", "properties": {"district": "6601700", "segment": 8, "total_segments": 28, "km": 14.96, "villages": ["潭陽里", "福仁里"]}, "geometry": {"type": "LineString", "coordinates": [[120.701934, 24.211974], [120.702159, 24.211984], [120.702154, 24.211874], [120.702273, 24.211921], [120.702287, 24.212033], [120.702628, 24.212001], [120.702692, 24.212251], [120.702213, 24.212259], [120.702199, 24.212088], [120.701989, 24.212098], [120.702056, 24.21232], [120.703045, 24.212218], [120.702986, 24.212001], [120.702869, 24.212009], [120.702824, 24.211911], [120.702879, 24.212067], [120.702796, 24.212131], [120.703267, 24.21215], [120.703151, 24.212226], [120.703079, 24.211493], [120.702972, 24.211496], [120.703902, 24.211445], [120.704072, 24.211759], [120.704075, 24.212331], [120.703948, 24.212335], [120.70427, 24.21235], [120.704281, 24.212522], [120.704045, 24.21252], [120.70405, 24.212602], [120.704042, 24.212478], [120.704748, 24.212911], [120.706247, 24.207032], [120.706703, 24.206919], [120.706469, 24.20551], [120.706299, 24.205664], [120.706359, 24.205808], [120.706252, 24.205869], [120.706297, 24.206038], [120.706381, 24.206029], [120.706185, 24.206052], [120.706235, 24.206171], [120.706361, 24.206157], [120.706417, 24.206354], [120.70619, 24.206375], [120.706238, 24.206837], [120.706377, 24.20674], [120.706523, 24.206785], [120.706521, 24.20686], [120.706976, 24.206957], [120.707938, 24.206755], [120.707775, 24.205959], [120.707432, 24.206045], [120.70756, 24.206692], [120.707733, 24.206603], [120.707604, 24.206327], [120.707671, 24.206318], [120.707657, 24.206179], [120.70723, 24.206269], [120.707188, 24.206071], [120.706839, 24.206097], [120.706879, 24.206643], [120.707023, 24.206531], [120.707275, 24.206499], [120.707253, 24.206367], [120.707059, 24.206396], [120.707055, 24.206316], [120.707122, 24.20631], [120.707286, 24.206564], [120.707301, 24.206743], [120.707062, 24.206728], [120.706459, 24.206471], [120.705701, 24.206474], [120.705743, 24.206939], [120.705728, 24.206236], [120.705135, 24.206342], [120.704573, 24.204325], [120.704591, 24.204109], [120.704466, 24.203968], [120.704455, 24.203629], [120.704163, 24.202713], [120.704525, 24.202592], [120.704359, 24.202289], [120.704056, 24.202326], [120.703914, 24.201741], [120.704132, 24.20153], [120.704306, 24.201476], [120.703969, 24.201451], [120.703904, 24.201251], [120.704028, 24.201218], [120.703815, 24.201273], [120.703459, 24.201907], [120.703611, 24.201997], [120.703325, 24.201985], [120.703121, 24.201722], [120.701661, 24.201692], [120.701707, 24.200856], [120.701164, 24.200837], [120.700817, 24.202835], [120.701173, 24.203419], [120.701241, 24.203863], [120.701633, 24.203769], [120.702212, 24.203861], [120.702207, 24.203391], [120.701996, 24.203475], [120.702911, 24.203799], [120.704073, 24.203777], [120.704096, 24.203887], [120.703959, 24.203352], [120.70469, 24.203396], [120.704713, 24.203608], [120.704642, 24.203761], [120.705408, 24.204425], [120.705677, 24.204278], [120.705962, 24.204253], [120.705966, 24.204336], [120.705957, 24.204098], [120.706138, 24.204071], [120.70615, 24.204254], [120.706282, 24.204206], [120.706168, 24.203749], [120.705993, 24.20373], [120.705903, 24.203836], [120.706022, 24.203938], [120.70595, 24.203564], [120.706215, 24.203546], [120.706405, 24.203575], [120.706548, 24.204445], [120.707041, 24.20425], [120.707033, 24.204085], [120.707134, 24.204008], [120.70725, 24.204213], [120.708003, 24.203899], [120.708126, 24.203954], [120.709179, 24.20368], [120.709241, 24.203818], [120.708873, 24.203908], [120.708946, 24.204547], [120.709602, 24.204441], [120.709509, 24.203771], [120.709328, 24.203811], [120.709353, 24.203992], [120.709246, 24.203927], [120.709171, 24.204045], [120.709047, 24.204084], [120.709058, 24.204024], [120.709334, 24.2041], [120.709358, 24.204343], [120.709077, 24.204338], [120.708944, 24.204641], [120.709049, 24.205018], [120.709296, 24.204933], [120.709357, 24.205077], [120.708971, 24.205166], [120.708888, 24.205284], [120.708963, 24.205494], [120.709091, 24.205533], [120.709172, 24.206133], [120.709402, 24.20609], [120.709409, 24.206196], [120.709205, 24.206224], [120.709217, 24.206306], [120.708625, 24.206359], [120.708506, 24.205793], [120.708939, 24.205694], [120.708708, 24.205326], [120.708086, 24.205428], [120.708122, 24.205677], [120.708046, 24.205686], [120.707961, 24.205443], [120.707734, 24.205326], [120.70755, 24.204838], [120.707396, 24.204817], [120.707416, 24.204963], [120.706874, 24.205116], [120.70683, 24.204891], [120.707293, 24.204851], [120.707432, 24.204689], [120.70738, 24.20458], [120.707486, 24.20449], [120.707476, 24.204387], [120.707508, 24.204677], [120.707689, 24.204483], [120.70816, 24.204346], [120.708044, 24.204161], [120.707632, 24.204287], [120.707381, 24.203989], [120.707241, 24.20365], [120.70724, 24.203782], [120.707474, 24.203691], [120.707444, 24.203612], [120.707536, 24.203842], [120.707737, 24.203829], [120.707662, 24.203439], [120.70748, 24.203457], [120.707369, 24.203337], [120.707088, 24.203356], [120.706989, 24.203365], [120.706967, 24.203495], [120.707291, 24.203441], [120.707187, 24.203166], [120.707258, 24.20313], [120.707217, 24.203054], [120.70696, 24.203058], [120.706897, 24.202572], [120.706741, 24.202576], [120.706763, 24.202824], [120.706695, 24.202785], [120.706599, 24.20305], [120.706786, 24.203007], [120.706956, 24.2031], [120.706797, 24.203362], [120.70668, 24.20333], [120.706684, 24.203412], [120.706815, 24.203479], [120.706847, 24.203968], [120.706786, 24.204154], [120.70694, 24.204503], [120.707216, 24.204396], [120.707192, 24.204564], [120.707103, 24.204736], [120.706618, 24.20484], [120.706602, 24.20466], [120.70689, 24.204522], [120.706349, 24.204587], [120.706306, 24.204351], [120.706043, 24.204473], [120.706069, 24.204582], [120.705908, 24.204632], [120.705845, 24.204834], [120.705919, 24.204963], [120.706039, 24.204993], [120.706052, 24.204894], [120.706102, 24.205003], [120.706013, 24.205125], [120.705795, 24.205136], [120.705799, 24.205199], [120.705796, 24.204781], [120.706373, 24.204807], [120.706311, 24.20512], [120.706697, 24.205392], [120.706801, 24.205951], [120.706988, 24.205498], [120.707093, 24.205484], [120.707327, 24.20567], [120.707587, 24.205549], [120.707557, 24.205023], [120.708248, 24.205526], [120.708292, 24.205689], [120.708443, 24.205651], [120.708404, 24.205506], [120.708562, 24.205518], [120.708299, 24.205869], [120.708354, 24.206184], [120.708237, 24.206254], [120.708125, 24.205837], [120.707941, 24.205829], [120.708154, 24.206705], [120.708268, 24.206623], [120.708307, 24.206675], [120.710067, 24.206293], [120.709722, 24.203771], [120.709993, 24.203692], [120.710314, 24.203711], [120.710443, 24.204827], [120.710047, 24.204866], [120.710056, 24.204766], [120.710325, 24.204741], [120.710231, 24.203855], [120.710356, 24.203654], [120.710159, 24.20275], [120.710495, 24.202786], [120.710465, 24.202959], [120.710282, 24.202971], [120.710067, 24.203127], [120.710101, 24.203548], [120.709492, 24.203552], [120.709433, 24.203413], [120.709333, 24.20354], [120.709204, 24.203421], [120.709241, 24.203301], [120.709089, 24.203299], [120.709064, 24.203447], [120.708997, 24.203344], [120.708496, 24.203345], [120.708438, 24.203688], [120.70836, 24.203655], [120.708327, 24.203391], [120.708157, 24.203468], [120.707707, 24.203435], [120.707547, 24.203112], [120.707362, 24.203143], [120.70733, 24.20237], [120.706984, 24.202391], [120.707005, 24.20221], [120.707499, 24.202195], [120.707391, 24.201306], [120.707871, 24.201356], [120.707867, 24.200979], [120.709131, 24.20096], [120.709186, 24.201165], [120.709075, 24.201216], [120.709185, 24.201284], [120.709293, 24.202066], [120.708661, 24.202125], [120.708651, 24.201085], [120.708498, 24.201185], [120.707995, 24.201205], [120.708045, 24.20134], [120.708264, 24.201282], [120.708292, 24.201452], [120.708291, 24.201558], [120.708188, 24.201475], [120.70803, 24.201486], [120.708045, 24.201982], [120.707883, 24.201987], [120.707861, 24.201431], [120.708028, 24.201447], [120.708367, 24.201735], [120.708449, 24.201634], [120.708435, 24.201319], [120.708826, 24.201328], [120.708866, 24.20172], [120.708984, 24.201712], [120.709001, 24.201831], [120.708788, 24.201843], [120.708823, 24.201723], [120.709087, 24.201826], [120.709095, 24.202286], [120.708789, 24.202294], [120.708667, 24.202485], [120.70853, 24.20253], [120.708567, 24.203238], [120.708355, 24.203182], [120.708359, 24.202342], [120.708453, 24.202336], [120.708758, 24.202635], [120.708835, 24.203147], [120.708981, 24.203164], [120.708997, 24.202825], [120.709082, 24.202722], [120.709339, 24.202826], [120.709316, 24.20292], [120.709384, 24.202721], [120.709356, 24.202454], [120.709176, 24.202289], [120.709542, 24.202356], [120.709547, 24.202437], [120.710177, 24.202341], [120.710093, 24.202217], [120.709621, 24.202236], [120.709654, 24.202062], [120.710092, 24.202045], [120.709808, 24.201464], [120.709549, 24.201479], [120.709543, 24.201387], [120.709769, 24.201356], [120.709621, 24.201186], [120.709556, 24.201279], [120.709568, 24.201064], [120.709452, 24.20097], [120.708852, 24.201139], [120.708514, 24.201802], [120.708523, 24.202001], [120.708439, 24.20214], [120.708351, 24.202138], [120.708333, 24.201943], [120.708206, 24.201835], [120.708233, 24.202154], [120.708077, 24.202159], [120.708183, 24.202326], [120.708078, 24.202348], [120.708091, 24.202909], [120.707719, 24.20289], [120.707501, 24.202855], [120.707479, 24.202466], [120.70764, 24.202149], [120.707821, 24.202141], [120.707714, 24.201976], [120.707606, 24.201979], [120.707593, 24.201728], [120.707696, 24.201725], [120.707712, 24.201533], [120.707229, 24.20153], [120.707153, 24.201601], [120.70725, 24.201949], [120.70711, 24.201875], [120.706981, 24.201652], [120.706856, 24.201648], [120.706839, 24.202005], [120.706722, 24.202084], [120.706711, 24.201846], [120.706556, 24.201661], [120.706655, 24.201324], [120.706756, 24.201231], [120.706673, 24.201141], [120.706693, 24.201014], [120.706201, 24.201016]]}}, {"type": "Feature", "properties": {"district": "6601700", "segment": 9, "total_segments": 28, "km": 14.95, "villages": ["福仁里"]}, "geometry": {"type": "LineString", "coordinates": [[120.706295, 24.202241], [120.706241, 24.202463], [120.706304, 24.202888], [120.706425, 24.203081], [120.7064, 24.203525], [120.706098, 24.203397], [120.706111, 24.202819], [120.70598, 24.202479], [120.705665, 24.202493], [120.705774, 24.20297], [120.70592, 24.20327], [120.706011, 24.203259], [120.705874, 24.203315], [120.705887, 24.203426], [120.705999, 24.203409], [120.705904, 24.203569], [120.706624, 24.203183], [120.706933, 24.203644], [120.706962, 24.203887], [120.707899, 24.203745], [120.707894, 24.203581], [120.708147, 24.203742], [120.70884, 24.203481], [120.708969, 24.203611], [120.709433, 24.203247], [120.709376, 24.203135], [120.70931, 24.203174], [120.709641, 24.203064], [120.709632, 24.20301], [120.709992, 24.202994], [120.709853, 24.202896], [120.7098, 24.202493], [120.710147, 24.202474], [120.710209, 24.202609], [120.71032, 24.202616], [120.710346, 24.202436], [120.710147, 24.202172], [120.710499, 24.201979], [120.710578, 24.201714], [120.710504, 24.201161], [120.710556, 24.201043], [120.710706, 24.201208], [120.710765, 24.201694], [120.710939, 24.201592], [120.710892, 24.201201], [120.711088, 24.201177], [120.711133, 24.201572], [120.71127, 24.201519], [120.711241, 24.201163], [120.711326, 24.201122], [120.711424, 24.201684], [120.711392, 24.202133], [120.71039, 24.201512], [120.710366, 24.201208], [120.709775, 24.201782], [120.709823, 24.201916], [120.709683, 24.201931], [120.709659, 24.201872], [120.709513, 24.202078], [120.709742, 24.202487], [120.70959, 24.202807], [120.709883, 24.203177], [120.710488, 24.203138], [120.710731, 24.204557], [120.710732, 24.204696], [120.710611, 24.204708], [120.71062, 24.204812], [120.710486, 24.204822], [120.710748, 24.204794], [120.710779, 24.205053], [120.710078, 24.20513], [120.710083, 24.205238], [120.71081, 24.205204], [120.710876, 24.205702], [120.710769, 24.205749], [120.710854, 24.206351], [120.710705, 24.206376], [120.710588, 24.205473], [120.710118, 24.205473], [120.710186, 24.205647], [120.710265, 24.205655], [120.71028, 24.20579], [120.710178, 24.205794], [120.710447, 24.205777], [120.710463, 24.205988], [120.710212, 24.205969], [120.710235, 24.206123], [120.710483, 24.206085], [120.710533, 24.206249], [120.710245, 24.206282], [120.710246, 24.206418], [120.710081, 24.206471], [120.710173, 24.207128], [120.710257, 24.207313], [120.710351, 24.207308], [120.71026, 24.207424], [120.710254, 24.206582], [120.710522, 24.206552], [120.710534, 24.206388], [120.710404, 24.206402], [120.710854, 24.206467], [120.710888, 24.206565], [120.710994, 24.206521], [120.710919, 24.205932], [120.710766, 24.205688], [120.710732, 24.205402], [120.710425, 24.205599], [120.710444, 24.205736], [120.709768, 24.205874], [120.709779, 24.205966], [120.709415, 24.205946], [120.709376, 24.205752], [120.709746, 24.205697], [120.709651, 24.204976], [120.709495, 24.20503], [120.709509, 24.205202], [120.709136, 24.205294], [120.709159, 24.205387], [120.709547, 24.205296], [120.709534, 24.205554], [120.709264, 24.205596], [120.709318, 24.205761], [120.708675, 24.205973], [120.708698, 24.206057], [120.708961, 24.206013], [120.709054, 24.206171], [120.708745, 24.206238], [120.70864, 24.20644], [120.70847, 24.206395], [120.708449, 24.206306], [120.708254, 24.206349], [120.708293, 24.206506], [120.7096, 24.206134], [120.709548, 24.204665], [120.709087, 24.20467], [120.709108, 24.204762], [120.710009, 24.204771], [120.709935, 24.204512], [120.71012, 24.204492], [120.710109, 24.204394], [120.709917, 24.204409], [120.709958, 24.204052], [120.710063, 24.204038], [120.711193, 24.204742], [120.711305, 24.206019], [120.711715, 24.205988], [120.711703, 24.205657], [120.711717, 24.206101], [120.713221, 24.205139], [120.713261, 24.205183], [120.71364, 24.204209], [120.712818, 24.203823], [120.71245, 24.203157], [120.71484, 24.204202], [120.715014, 24.204737], [120.715137, 24.204704], [120.714733, 24.204822], [120.714508, 24.204782], [120.711663, 24.19928], [120.711442, 24.199343], [120.711442, 24.199241], [120.711336, 24.199233], [120.711348, 24.198967], [120.710969, 24.198857], [120.710903, 24.198877], [120.711009, 24.198963], [120.710993, 24.199381], [120.711103, 24.199388], [120.711119, 24.198968], [120.710857, 24.19917], [120.710732, 24.199171], [120.710719, 24.199365], [120.710662, 24.199363], [120.710785, 24.199373], [120.710723, 24.199486], [120.710872, 24.199538], [120.710881, 24.199657], [120.711007, 24.199671], [120.710989, 24.199494], [120.710902, 24.199454], [120.711253, 24.199629], [120.711344, 24.199279], [120.711204, 24.199281], [120.711447, 24.199192], [120.711453, 24.199056], [120.711558, 24.199021], [120.711616, 24.198863], [120.711434, 24.198829], [120.711062, 24.198552], [120.710736, 24.198952], [120.710728, 24.199118], [120.710368, 24.199006], [120.709618, 24.199034], [120.709746, 24.199128], [120.709748, 24.199441], [120.709678, 24.199338], [120.709973, 24.199243], [120.709883, 24.199101], [120.709856, 24.198705], [120.709992, 24.198697], [120.709988, 24.198889], [120.710235, 24.198873], [120.710217, 24.198675], [120.71032, 24.199375], [120.71018, 24.199347], [120.71051, 24.199485], [120.711438, 24.199399], [120.710569, 24.198083], [120.710101, 24.198022], [120.709762, 24.19825], [120.709341, 24.198332], [120.709498, 24.198564], [120.709091, 24.198612], [120.708868, 24.198968], [120.709373, 24.199276], [120.709595, 24.19915], [120.709216, 24.199479], [120.70851, 24.199179], [120.70749, 24.199295], [120.707265, 24.199102], [120.707477, 24.19798], [120.70793, 24.197259], [120.709392, 24.197834], [120.70984, 24.197849], [120.709907, 24.197987], [120.709885, 24.197425], [120.710009, 24.196967], [120.709496, 24.195979], [120.709674, 24.195895], [120.709627, 24.195809], [120.70984, 24.200215], [120.707745, 24.200981], [120.707804, 24.201192], [120.707623, 24.200979], [120.707076, 24.20099], [120.707078, 24.201161], [120.707385, 24.201155], [120.707204, 24.201343], [120.70687, 24.201354], [120.706861, 24.201487], [120.706956, 24.201471], [120.706971, 24.20118], [120.706828, 24.201151], [120.706814, 24.201007], [120.706735, 24.20101], [120.706856, 24.201008], [120.70661, 24.201288], [120.706462, 24.201255], [120.706472, 24.201161], [120.70589, 24.201274], [120.705845, 24.20098], [120.705151, 24.201005], [120.705079, 24.201369], [120.705143, 24.201622], [120.705222, 24.201696], [120.705359, 24.201633], [120.705411, 24.201795], [120.705753, 24.201859], [120.705703, 24.201719], [120.705972, 24.20181], [120.706006, 24.202073], [120.706002, 24.202211], [120.7057, 24.202229], [120.705701, 24.202061], [120.705773, 24.202055], [120.705309, 24.202282], [120.705291, 24.202534], [120.706715, 24.20241], [120.706739, 24.202523], [120.706714, 24.202217], [120.706558, 24.202222], [120.706912, 24.202207], [120.707199, 24.202695], [120.7072, 24.202811], [120.707071, 24.20282], [120.707732, 24.202564], [120.707778, 24.203135], [120.707929, 24.203264], [120.706295, 24.201742], [120.705866, 24.201405], [120.705659, 24.201414], [120.70567, 24.201288], [120.705776, 24.201267], [120.705428, 24.201184], [120.705388, 24.201316], [120.705743, 24.20023], [120.706576, 24.200197], [120.704882, 24.197492], [120.700333, 24.203679], [120.700278, 24.204157], [120.701228, 24.205349], [120.702711, 24.205256], [120.703186, 24.204957], [120.70329, 24.205426], [120.702966, 24.205837], [120.702985, 24.20609], [120.702531, 24.206114], [120.702551, 24.20593], [120.702392, 24.205935], [120.702272, 24.206122], [120.70147, 24.206119], [120.701652, 24.206408], [120.701857, 24.2064], [120.701856, 24.206572], [120.703002, 24.206532], [120.70298, 24.206335], [120.702282, 24.206421], [120.702354, 24.206723], [120.702681, 24.206779], [120.702782, 24.206718], [120.702775, 24.206824], [120.703293, 24.20682]]}}, {"type": "Feature", "properties": {"district": "6601700", "segment": 10, "total_segments": 28, "km": 14.86, "villages": ["福仁里", "頭家東里"]}, "geometry": {"type": "LineString", "coordinates": [[120.703232, 24.206282], [120.703675, 24.206315], [120.703708, 24.206439], [120.704159, 24.206388], [120.704211, 24.206588], [120.703405, 24.206514], [120.703577, 24.206635], [120.704626, 24.206419], [120.704645, 24.206484], [120.704616, 24.206179], [120.704676, 24.206091], [120.704583, 24.205672], [120.705329, 24.205155], [120.705208, 24.206631], [120.702839, 24.2058], [120.701824, 24.205913], [120.701384, 24.205722], [120.701807, 24.206582], [120.701812, 24.206736], [120.702125, 24.206798], [120.702077, 24.207155], [120.701695, 24.207185], [120.703744, 24.200454], [120.70417, 24.200346], [120.704187, 24.200401], [120.703977, 24.200026], [120.704262, 24.19978], [120.704153, 24.199538], [120.70404, 24.199499], [120.703764, 24.199616], [120.703558, 24.199356], [120.703317, 24.199249], [120.7033, 24.198827], [120.703187, 24.198604], [120.703052, 24.197779], [120.703573, 24.198866], [120.703338, 24.199523], [120.703454, 24.199772], [120.704563, 24.199948], [120.703958, 24.198221], [120.705063, 24.197024], [120.705008, 24.196779], [120.705065, 24.196421], [120.705177, 24.196419], [120.705187, 24.196672], [120.704955, 24.196675], [120.704939, 24.196292], [120.704865, 24.196244], [120.704881, 24.196043], [120.705035, 24.196036], [120.705034, 24.196296], [120.705175, 24.19629], [120.705127, 24.195637], [120.705038, 24.195714], [120.704834, 24.195717], [120.704837, 24.195823], [120.705303, 24.195826], [120.705351, 24.196469], [120.705372, 24.196529], [120.705474, 24.196474], [120.705473, 24.195925], [120.704683, 24.19534], [120.70465, 24.194507], [120.705418, 24.194468], [120.705376, 24.194328], [120.705191, 24.194346], [120.705141, 24.193685], [120.704944, 24.193703], [120.704983, 24.194111], [120.704664, 24.194096], [120.704648, 24.193587], [120.704474, 24.193519], [120.704493, 24.193359], [120.704164, 24.193356], [120.704161, 24.193215], [120.704488, 24.193212], [120.704476, 24.193092], [120.704156, 24.193089], [120.704145, 24.192954], [120.704466, 24.192955], [120.704479, 24.192822], [120.704158, 24.19282], [120.704137, 24.192684], [120.704465, 24.192682], [120.704404, 24.192543], [120.703966, 24.192561], [120.70395, 24.191279], [120.704127, 24.191293], [120.70412, 24.191844], [120.70445, 24.191835], [120.704448, 24.191943], [120.704132, 24.192004], [120.704116, 24.192117], [120.704437, 24.192108], [120.704381, 24.192264], [120.70413, 24.192273], [120.704132, 24.192403], [120.704418, 24.1924], [120.703964, 24.192624], [120.703938, 24.193854], [120.704363, 24.193851], [120.704497, 24.193762], [120.704495, 24.194336], [120.703981, 24.194315], [120.704002, 24.194059], [120.704345, 24.194053], [120.703962, 24.194056], [120.703882, 24.193855], [120.703526, 24.193713], [120.703508, 24.193424], [120.703349, 24.193423], [120.703357, 24.193716], [120.703211, 24.193792], [120.702789, 24.193792], [120.702765, 24.19435], [120.703625, 24.194341], [120.703602, 24.194194], [120.703334, 24.194192], [120.703324, 24.194105], [120.703589, 24.194105], [120.702978, 24.194138], [120.702974, 24.194228], [120.702977, 24.19391], [120.703206, 24.193925], [120.703213, 24.193584], [120.702796, 24.193577], [120.70279, 24.193438], [120.703206, 24.193453], [120.703228, 24.193302], [120.702655, 24.193325], [120.702679, 24.19174], [120.703193, 24.191782], [120.703276, 24.192218], [120.702863, 24.19218], [120.702877, 24.192356], [120.703322, 24.192361], [120.703332, 24.192488], [120.702916, 24.19252], [120.702934, 24.192725], [120.702874, 24.192727], [120.703282, 24.192712], [120.703349, 24.192743], [120.703347, 24.192884], [120.702837, 24.192907], [120.702835, 24.19308], [120.703365, 24.193073], [120.703423, 24.193294], [120.702637, 24.193466], [120.702713, 24.195891], [120.702866, 24.19675], [120.702965, 24.196406], [120.703191, 24.196548], [120.703225, 24.196164], [120.70335, 24.196166], [120.7032, 24.19609], [120.703135, 24.195906], [120.703129, 24.196153], [120.70296, 24.196153], [120.70304, 24.195904], [120.702905, 24.19591], [120.702885, 24.195705], [120.703677, 24.195678], [120.703702, 24.196237], [120.703826, 24.19623], [120.703557, 24.19617], [120.703584, 24.195878], [120.703298, 24.195895], [120.703276, 24.195582], [120.702855, 24.195589], [120.703087, 24.195339], [120.703174, 24.195339], [120.703322, 24.195577], [120.703671, 24.195554], [120.703675, 24.195638], [120.703658, 24.195287], [120.70356, 24.195386], [120.703528, 24.195168], [120.703182, 24.195168], [120.703188, 24.195083], [120.703005, 24.195066], [120.702999, 24.195255], [120.702801, 24.195206], [120.702865, 24.194869], [120.702787, 24.194865], [120.703726, 24.194824], [120.703706, 24.194719], [120.703078, 24.19476], [120.703047, 24.194531], [120.703684, 24.194504], [120.704122, 24.194867], [120.704539, 24.194827], [120.704524, 24.194663], [120.704205, 24.194707], [120.704177, 24.19452], [120.704502, 24.194484], [120.704873, 24.19466], [120.704898, 24.194752], [120.705008, 24.194628], [120.705423, 24.194631], [120.704549, 24.194998], [120.704194, 24.195038], [120.704234, 24.195139], [120.704361, 24.195124], [120.704374, 24.195285], [120.704505, 24.19527], [120.704492, 24.195375], [120.70413, 24.195414], [120.704113, 24.195312], [120.70433, 24.195288], [120.704168, 24.195146], [120.703565, 24.195165], [120.703541, 24.195055], [120.703736, 24.195037], [120.703003, 24.195027], [120.702923, 24.194499], [120.704133, 24.193513], [120.704694, 24.193404], [120.704687, 24.19281], [120.704843, 24.192906], [120.704865, 24.193282], [120.704963, 24.193273], [120.704967, 24.193408], [120.70487, 24.193402], [120.704935, 24.193657], [120.705185, 24.191912], [120.705322, 24.191906], [120.705211, 24.191694], [120.705118, 24.190806], [120.704899, 24.190844], [120.70494, 24.191292], [120.70481, 24.191284], [120.704853, 24.191162], [120.704823, 24.190943], [120.704735, 24.190946], [120.704762, 24.190846], [120.704629, 24.190854], [120.704622, 24.191715], [120.704385, 24.191614], [120.70443, 24.191153], [120.703561, 24.191085], [120.70359, 24.190896], [120.703488, 24.190895], [120.704342, 24.190913], [120.70425, 24.190738], [120.703442, 24.190734], [120.703436, 24.1905], [120.703959, 24.190495], [120.703956, 24.190382], [120.703426, 24.190382], [120.703405, 24.190214], [120.703955, 24.190208], [120.70395, 24.190106], [120.703386, 24.190113], [120.703408, 24.189933], [120.703951, 24.189929], [120.703873, 24.189832], [120.703347, 24.189841], [120.703332, 24.189665], [120.703942, 24.189662], [120.703942, 24.189573], [120.703357, 24.189564], [120.70336, 24.189396], [120.70394, 24.189393], [120.703937, 24.189273], [120.703873, 24.189273], [120.703275, 24.189301], [120.703289, 24.189396], [120.70325, 24.189133], [120.703934, 24.189126], [120.703938, 24.189021], [120.703238, 24.189028], [120.703221, 24.188869], [120.703572, 24.188849], [120.70426, 24.188889], [120.704241, 24.188993], [120.704055, 24.188996], [120.704074, 24.189122], [120.704654, 24.189115], [120.704619, 24.188993], [120.704432, 24.188989], [120.704425, 24.188906], [120.704339, 24.188989], [120.704366, 24.189263], [120.704272, 24.189312], [120.704334, 24.189385], [120.704093, 24.189387], [120.704168, 24.189302], [120.704072, 24.189518], [120.704084, 24.1898], [120.704189, 24.189958], [120.704128, 24.190478], [120.704499, 24.190679], [120.704831, 24.190544], [120.704564, 24.190523], [120.704998, 24.191376], [120.705006, 24.191667], [120.703189, 24.191733], [120.703024, 24.192], [120.702855, 24.192003], [120.702875, 24.191234], [120.702824, 24.191234], [120.703192, 24.191271], [120.703097, 24.190897], [120.70267, 24.190902], [120.70267, 24.191162], [120.702653, 24.189559], [120.702843, 24.189296], [120.70265, 24.189109], [120.702638, 24.187068], [120.703043, 24.18707], [120.703145, 24.187838], [120.703206, 24.187842], [120.703477, 24.187775], [120.703496, 24.187666], [120.703408, 24.187672], [120.703371, 24.187063], [120.70322, 24.18709], [120.703286, 24.18755], [120.703606, 24.187518], [120.70355, 24.187098], [120.703731, 24.187118], [120.703706, 24.187749], [120.703606, 24.187738], [120.703616, 24.187592], [120.703854, 24.187679], [120.703939, 24.187047], [120.703735, 24.187013], [120.703206, 24.188549], [120.703241, 24.188758], [120.704485, 24.189307], [120.703147, 24.190897]]}}, {"type": "Feature", "properties": {"district": "6601700", "segment": 11, "total_segments": 28, "km": 10.17, "villages": ["頭家東里", "家興里"]}, "geometry": {"type": "LineString", "coordinates": [[120.704707, 24.195567], [120.70473, 24.196677], [120.704483, 24.19644], [120.704276, 24.196457], [120.704251, 24.196281], [120.704525, 24.196247], [120.704514, 24.196154], [120.704234, 24.19619], [120.70421, 24.196035], [120.704501, 24.196004], [120.70448, 24.195854], [120.704191, 24.195883], [120.704172, 24.195727], [120.704478, 24.195711], [120.704517, 24.195848], [120.70561, 24.196109], [120.705618, 24.196278], [120.7023, 24.191983], [120.702288, 24.191921], [120.70216, 24.191981], [120.69981, 24.192067], [120.699884, 24.191861], [120.699812, 24.19134], [120.699841, 24.191193], [120.699959, 24.191164], [120.699943, 24.190949], [120.699802, 24.190994], [120.699805, 24.19106], [120.699779, 24.190356], [120.699544, 24.190033], [120.699533, 24.189947], [120.699615, 24.189965], [120.699541, 24.189827], [120.6996, 24.189691], [120.699437, 24.189522], [120.699639, 24.189882], [120.699604, 24.189997], [120.699794, 24.189977], [120.699733, 24.189574], [120.699602, 24.189573], [120.699571, 24.189442], [120.699419, 24.189449], [120.699481, 24.189294], [120.699299, 24.188803], [120.699025, 24.188789], [120.699039, 24.188884], [120.699049, 24.188639], [120.69921, 24.188596], [120.699188, 24.188454], [120.698555, 24.188595], [120.698516, 24.188502], [120.69818, 24.188442], [120.698042, 24.188313], [120.698998, 24.188066], [120.699689, 24.188048], [120.700114, 24.187939], [120.700121, 24.188026], [120.699292, 24.188324], [120.699345, 24.188458], [120.699612, 24.188394], [120.699629, 24.188471], [120.699373, 24.188531], [120.699454, 24.188674], [120.700327, 24.188476], [120.700386, 24.188461], [120.700215, 24.187702], [120.700404, 24.187756], [120.700643, 24.187701], [120.700777, 24.188344], [120.700583, 24.188381], [120.700424, 24.187856], [120.701261, 24.187468], [120.70134, 24.187253], [120.701608, 24.187259], [120.701606, 24.187197], [120.701642, 24.187773], [120.701038, 24.187805], [120.701053, 24.188028], [120.701183, 24.188024], [120.701192, 24.188182], [120.701659, 24.188181], [120.70166, 24.188062], [120.701497, 24.18802], [120.701817, 24.188022], [120.701796, 24.1872], [120.702264, 24.18717], [120.70228, 24.188182], [120.701801, 24.188207], [120.701947, 24.18792], [120.702114, 24.187915], [120.702119, 24.187829], [120.701969, 24.187814], [120.70197, 24.187575], [120.702119, 24.187572], [120.702097, 24.187477], [120.701955, 24.187478], [120.701896, 24.188694], [120.701663, 24.188702], [120.701637, 24.188818], [120.701165, 24.188828], [120.700912, 24.188647], [120.700752, 24.188803], [120.700999, 24.189128], [120.700872, 24.189234], [120.700905, 24.189394], [120.701652, 24.189357], [120.701639, 24.189027], [120.701209, 24.189029], [120.700646, 24.189199], [120.700685, 24.189675], [120.700423, 24.189855], [120.700274, 24.189459], [120.700188, 24.189508], [120.700365, 24.190116], [120.700419, 24.190652], [120.700245, 24.190654], [120.700178, 24.190748], [120.700268, 24.190937], [120.700331, 24.191864], [120.700504, 24.191822], [120.700421, 24.190813], [120.700588, 24.190801], [120.700707, 24.190795], [120.700638, 24.190905], [120.700679, 24.191825], [120.700893, 24.191832], [120.700973, 24.191644], [120.700917, 24.190631], [120.700824, 24.190512], [120.700774, 24.190001], [120.700634, 24.190108], [120.7007, 24.190633], [120.700381, 24.190811], [120.700168, 24.190555], [120.700236, 24.19046], [120.70012, 24.190158], [120.699865, 24.190196], [120.699825, 24.190068], [120.700091, 24.190038], [120.70019, 24.190152], [120.699962, 24.190381], [120.70001, 24.191873], [120.701273, 24.191815], [120.701302, 24.191243], [120.701248, 24.191162], [120.701142, 24.191191], [120.701188, 24.190922], [120.70124, 24.190971], [120.701509, 24.190889], [120.701541, 24.190588], [120.70122, 24.19059], [120.70111, 24.19071], [120.701145, 24.190849], [120.701411, 24.19114], [120.701724, 24.191034], [120.701743, 24.191724], [120.701686, 24.191813], [120.701485, 24.191833], [120.701473, 24.191211], [120.701856, 24.191253], [120.701906, 24.191092], [120.702026, 24.191087], [120.702001, 24.190968], [120.70232, 24.190996], [120.702304, 24.191504], [120.701857, 24.191471], [120.702171, 24.191661], [120.702166, 24.191784], [120.701854, 24.191005], [120.701944, 24.190975], [120.701727, 24.190859], [120.701718, 24.189598], [120.701169, 24.18959], [120.700908, 24.189681], [120.700979, 24.189936], [120.701584, 24.189971], [120.701555, 24.190077], [120.70104, 24.190076], [120.701069, 24.190286], [120.701552, 24.190291], [120.701608, 24.190431], [120.701886, 24.190467], [120.701985, 24.190723], [120.701895, 24.190734], [120.702193, 24.190745], [120.702195, 24.190666], [120.702323, 24.190647], [120.702293, 24.190353], [120.702208, 24.190267], [120.702279, 24.190282], [120.702322, 24.190098], [120.70229, 24.189477], [120.702136, 24.189467], [120.702137, 24.189596], [120.701952, 24.189689], [120.701886, 24.189372], [120.701887, 24.188937], [120.702007, 24.189086], [120.702003, 24.189217], [120.702311, 24.189224], [120.702317, 24.188954], [120.702232, 24.189093], [120.702294, 24.189358], [120.702299, 24.18838], [120.701657, 24.188492], [120.701602, 24.188387], [120.701109, 24.188476], [120.701143, 24.188244], [120.701026, 24.188254], [120.701009, 24.188028], [120.701656, 24.188552], [120.701664, 24.189396], [120.701214, 24.189698], [120.7012, 24.189849], [120.700627, 24.189859], [120.700597, 24.190042], [120.700414, 24.18925], [120.700497, 24.188986], [120.700621, 24.188907], [120.700491, 24.18877], [120.700086, 24.189189], [120.699718, 24.189364], [120.69951, 24.188878], [120.699495, 24.188825], [120.69984, 24.188691], [120.700242, 24.18861], [120.700046, 24.188823], [120.700072, 24.188939], [120.699715, 24.188997], [120.699748, 24.189077], [120.699854, 24.189045], [120.699941, 24.189495], [120.699993, 24.189487], [120.699886, 24.189503], [120.699925, 24.189735], [120.70004, 24.189719], [120.70005, 24.189798], [120.699936, 24.189821], [120.700171, 24.189447], [120.700322, 24.189344], [120.699997, 24.188234], [120.699897, 24.188259], [120.699933, 24.188404], [120.69907, 24.188367], [120.69857, 24.188494], [120.698789, 24.188696], [120.69894, 24.188654], [120.701053, 24.190435], [120.701897, 24.190376], [120.701896, 24.190283], [120.701994, 24.190288], [120.70201, 24.190372], [120.701962, 24.190084], [120.702322, 24.190689], [120.702336, 24.190924]]}}, {"type": "Feature", "properties": {"district": "6601700", "segment": 12, "total_segments": 28, "km": 11.2, "villages": ["家福里"]}, "geometry": {"type": "LineString", "coordinates": [[120.702334, 24.192171], [120.702274, 24.194303], [120.701871, 24.194304], [120.701885, 24.194034], [120.702109, 24.193993], [120.702109, 24.194121], [120.702008, 24.194107], [120.701997, 24.193752], [120.70211, 24.19375], [120.702101, 24.193652], [120.70201, 24.193654], [120.70202, 24.193383], [120.702107, 24.193387], [120.702115, 24.19325], [120.701927, 24.193202], [120.701874, 24.19293], [120.702104, 24.192964], [120.701885, 24.192684], [120.70189, 24.192424], [120.701697, 24.192441], [120.701717, 24.193201], [120.701365, 24.193178], [120.701382, 24.193082], [120.701283, 24.193082], [120.70131, 24.192973], [120.701569, 24.192955], [120.701627, 24.19307], [120.701433, 24.19308], [120.701422, 24.192838], [120.70162, 24.192825], [120.701612, 24.192743], [120.701271, 24.192754], [120.701273, 24.192839], [120.701373, 24.19284], [120.701365, 24.192601], [120.701608, 24.192589], [120.701604, 24.192447], [120.701253, 24.19246], [120.701244, 24.192323], [120.701718, 24.192303], [120.701733, 24.19214], [120.699888, 24.192229], [120.700106, 24.192408], [120.700228, 24.192632], [120.700356, 24.192572], [120.700342, 24.192385], [120.700519, 24.192451], [120.700517, 24.192617], [120.700423, 24.19262], [120.700917, 24.192598], [120.700945, 24.192339], [120.700815, 24.192495], [120.701015, 24.192594], [120.701059, 24.193215], [120.700374, 24.193181], [120.700367, 24.192985], [120.700987, 24.192951], [120.700895, 24.192777], [120.700203, 24.192811], [120.699932, 24.192571], [120.699463, 24.192952], [120.698995, 24.192101], [120.698684, 24.192335], [120.697936, 24.192463], [120.697913, 24.192326], [120.69855, 24.192212], [120.698377, 24.192025], [120.698304, 24.191596], [120.698531, 24.191552], [120.698592, 24.191622], [120.698577, 24.191933], [120.698762, 24.191999], [120.698915, 24.19188], [120.698929, 24.191934], [120.699089, 24.191865], [120.698978, 24.191826], [120.698788, 24.192041], [120.698714, 24.191508], [120.698061, 24.191649], [120.698182, 24.192001], [120.698126, 24.192088], [120.697964, 24.192108], [120.697882, 24.191637], [120.697639, 24.1918], [120.697883, 24.192987], [120.698258, 24.1934], [120.698323, 24.193602], [120.698573, 24.193852], [120.698581, 24.193978], [120.69867, 24.193966], [120.697969, 24.194109], [120.698037, 24.194547], [120.699558, 24.194334], [120.699585, 24.193925], [120.699699, 24.193887], [120.699716, 24.194328], [120.701091, 24.194296], [120.701087, 24.193394], [120.700425, 24.193394], [120.700473, 24.193905], [120.700969, 24.193895], [120.700966, 24.194048], [120.700482, 24.194057], [120.700284, 24.193755], [120.699552, 24.193816], [120.699539, 24.193408], [120.699098, 24.19358], [120.699008, 24.193749], [120.699228, 24.193865], [120.699459, 24.193687], [120.699378, 24.193292], [120.699519, 24.193247], [120.699184, 24.193034], [120.699253, 24.192941], [120.699199, 24.192829], [120.698888, 24.193071], [120.698751, 24.193081], [120.698448, 24.192682], [120.698308, 24.192683], [120.698297, 24.192598], [120.698324, 24.192792], [120.698507, 24.193096], [120.69883, 24.193331], [120.698875, 24.19325], [120.698784, 24.193169], [120.69887, 24.19293], [120.69873, 24.192755], [120.699055, 24.192528], [120.698999, 24.19242], [120.698811, 24.192552], [120.698627, 24.192564], [120.698964, 24.192826], [120.699146, 24.192698], [120.699117, 24.193083], [120.699238, 24.193325], [120.698808, 24.193657], [120.698613, 24.193595], [120.698096, 24.192919], [120.697986, 24.192658], [120.697451, 24.192591], [120.697096, 24.192662], [120.697089, 24.192494], [120.696941, 24.192478], [120.696918, 24.192803], [120.697204, 24.192785], [120.697188, 24.192315], [120.696988, 24.192268], [120.696985, 24.192327], [120.697005, 24.192046], [120.69718, 24.191998], [120.697212, 24.191856], [120.697617, 24.191669], [120.69705, 24.191782], [120.697068, 24.191874], [120.697031, 24.191724], [120.696786, 24.191789], [120.696835, 24.191929], [120.696482, 24.191961], [120.69548, 24.191542], [120.695314, 24.1916], [120.696338, 24.192045], [120.696259, 24.192386], [120.696684, 24.192443], [120.696642, 24.19279], [120.696554, 24.192913], [120.696044, 24.192857], [120.696, 24.193194], [120.696458, 24.193228], [120.696444, 24.193358], [120.696, 24.193336], [120.695972, 24.193675], [120.696569, 24.193697], [120.696655, 24.192942], [120.6963, 24.193079], [120.696349, 24.192741], [120.696061, 24.192728], [120.696153, 24.192288], [120.695492, 24.192182], [120.695539, 24.191872], [120.695777, 24.19197], [120.695817, 24.1921], [120.695917, 24.192062], [120.695955, 24.192489], [120.695786, 24.193622], [120.695403, 24.193528], [120.695438, 24.193277], [120.695691, 24.193296], [120.695695, 24.19318], [120.69549, 24.193163], [120.695548, 24.192976], [120.69572, 24.192993], [120.695737, 24.192852], [120.69541, 24.192834], [120.695426, 24.192643], [120.695718, 24.192661], [120.69577, 24.192583], [120.695595, 24.192571], [120.695463, 24.192375], [120.695797, 24.192347], [120.696375, 24.192615], [120.69642, 24.192567], [120.696581, 24.192626], [120.696478, 24.192753], [120.696391, 24.192743], [120.696553, 24.192305], [120.69678, 24.192295], [120.696806, 24.192068], [120.696465, 24.192052], [120.696443, 24.192269], [120.697444, 24.192247], [120.697975, 24.193507], [120.697845, 24.193534], [120.697902, 24.193707], [120.69818, 24.193677], [120.698236, 24.193939], [120.697957, 24.193977], [120.698173, 24.194187], [120.698209, 24.194388], [120.698356, 24.194354], [120.698327, 24.194189], [120.698434, 24.194193], [120.698446, 24.194287], [120.698908, 24.194261], [120.698849, 24.19396], [120.699017, 24.193947], [120.699051, 24.194221], [120.698379, 24.19392], [120.697544, 24.193816], [120.697391, 24.193895], [120.696873, 24.193861], [120.696895, 24.193742], [120.697275, 24.193768], [120.697287, 24.193436], [120.697209, 24.193427], [120.696788, 24.193408], [120.696683, 24.19419], [120.69751, 24.194455], [120.697477, 24.194198], [120.697314, 24.194027], [120.69692, 24.193995], [120.696915, 24.194073], [120.696562, 24.193854], [120.696181, 24.193808], [120.695959, 24.193884], [120.695927, 24.194052], [120.696465, 24.194164], [120.696497, 24.194001], [120.696356, 24.193506], [120.696244, 24.193498], [120.695746, 24.194017], [120.695281, 24.193928], [120.694476, 24.193261], [120.694371, 24.193073], [120.694707, 24.192865], [120.695237, 24.192998], [120.695405, 24.192958], [120.694717, 24.191583], [120.695632, 24.191375], [120.696999, 24.19353], [120.696992, 24.193636], [120.697095, 24.193644], [120.697106, 24.193536], [120.697365, 24.193968], [120.699569, 24.193074], [120.700565, 24.193584], [120.700975, 24.193577], [120.70097, 24.193702], [120.700565, 24.19371], [120.700041, 24.193998], [120.699851, 24.194004], [120.699861, 24.194182], [120.701654, 24.194295], [120.701309, 24.19394], [120.701928, 24.193388], [120.70126, 24.192602], [120.701923, 24.192123]]}}, {"type": "Feature", "properties": {"district": "6601700", "segment": 13, "total_segments": 28, "km": 14.78, "villages": ["家福里", "頭家里"]}, "geometry": {"type": "LineString", "coordinates": [[120.680252, 24.221586], [120.699606, 24.200823], [120.699685, 24.200601], [120.699822, 24.200687], [120.700087, 24.200393], [120.700048, 24.200865], [120.701013, 24.200296], [120.700942, 24.200229], [120.700861, 24.19948], [120.700263, 24.199337], [120.70015, 24.199208], [120.70011, 24.199493], [120.699719, 24.199378], [120.699645, 24.19926], [120.699839, 24.19917], [120.699805, 24.198757], [120.700139, 24.198835], [120.700326, 24.19863], [120.700545, 24.198778], [120.701345, 24.19838], [120.701393, 24.198278], [120.701438, 24.197669], [120.700101, 24.197212], [120.699934, 24.19711], [120.700063, 24.196936], [120.700036, 24.196729], [120.699738, 24.196738], [120.699809, 24.196597], [120.700354, 24.196587], [120.700324, 24.196437], [120.700451, 24.196423], [120.700518, 24.196571], [120.700456, 24.196572], [120.700622, 24.196607], [120.700615, 24.196388], [120.700734, 24.196367], [120.700774, 24.196596], [120.701113, 24.196543], [120.701067, 24.196237], [120.699777, 24.196278], [120.699838, 24.196486], [120.699975, 24.196445], [120.699969, 24.196356], [120.700168, 24.196454], [120.700189, 24.196746], [120.700678, 24.196721], [120.700455, 24.197073], [120.700647, 24.197149], [120.701, 24.197053], [120.70092, 24.196909], [120.700381, 24.197031], [120.700198, 24.196845], [120.699803, 24.196963], [120.699472, 24.196815], [120.699341, 24.196957], [120.698766, 24.196886], [120.69883, 24.196649], [120.698946, 24.196555], [120.699304, 24.196633], [120.699264, 24.196541], [120.699603, 24.196406], [120.699593, 24.196261], [120.699179, 24.196296], [120.698942, 24.195685], [120.698321, 24.195757], [120.698307, 24.195606], [120.698624, 24.1956], [120.698821, 24.195482], [120.698695, 24.195256], [120.698156, 24.195303], [120.698115, 24.196041], [120.698886, 24.196094], [120.69897, 24.196277], [120.698026, 24.196286], [120.69791, 24.196213], [120.697828, 24.19696], [120.697749, 24.19707], [120.697484, 24.197092], [120.697583, 24.197515], [120.696592, 24.197524], [120.696497, 24.197567], [120.696505, 24.197676], [120.697425, 24.19769], [120.697446, 24.197375], [120.69631, 24.197276], [120.696363, 24.196972], [120.697289, 24.197034], [120.69732, 24.19691], [120.696928, 24.196869], [120.696847, 24.196777], [120.696868, 24.196567], [120.696732, 24.196578], [120.696683, 24.196845], [120.69637, 24.196822], [120.696437, 24.196082], [120.697746, 24.196191], [120.697758, 24.196032], [120.696486, 24.195918], [120.696518, 24.19563], [120.696619, 24.195479], [120.696553, 24.195398], [120.696574, 24.195185], [120.696689, 24.195191], [120.69659, 24.195025], [120.696642, 24.194615], [120.697581, 24.194811], [120.697565, 24.195016], [120.696925, 24.194876], [120.696746, 24.194932], [120.696432, 24.194887], [120.696457, 24.194599], [120.696317, 24.194609], [120.696306, 24.195015], [120.695979, 24.194989], [120.696037, 24.194564], [120.695846, 24.19455], [120.695831, 24.194974], [120.695715, 24.194925], [120.695737, 24.194475], [120.695859, 24.194441], [120.695944, 24.194257], [120.697633, 24.194653], [120.697893, 24.194895], [120.697907, 24.196029], [120.697737, 24.195717], [120.697432, 24.195667], [120.697409, 24.195506], [120.696986, 24.195418], [120.696741, 24.195497], [120.696727, 24.195651], [120.697087, 24.195676], [120.697754, 24.195499], [120.698343, 24.195964], [120.69853, 24.195975], [120.698458, 24.196451], [120.698107, 24.196429], [120.698113, 24.1966], [120.698409, 24.196713], [120.698407, 24.196642], [120.698005, 24.196734], [120.698055, 24.196607], [120.69799, 24.196583], [120.69701, 24.196559], [120.69703, 24.196439], [120.697715, 24.196499], [120.69766, 24.196939], [120.697358, 24.196913], [120.697456, 24.197048], [120.697846, 24.197094], [120.697892, 24.197522], [120.697813, 24.197567], [120.697913, 24.197856], [120.698357, 24.198291], [120.698142, 24.199], [120.697966, 24.199137], [120.698668, 24.199428], [120.698888, 24.199413], [120.698807, 24.199367], [120.698851, 24.199259], [120.698988, 24.199462], [120.699199, 24.19947], [120.699181, 24.199311], [120.699129, 24.199608], [120.698759, 24.199638], [120.698807, 24.198861], [120.699214, 24.198951], [120.699313, 24.198186], [120.699502, 24.197554], [120.699947, 24.197342], [120.699437, 24.196631], [120.699429, 24.196114], [120.699654, 24.19609], [120.699639, 24.196028], [120.701047, 24.19606], [120.701039, 24.195729], [120.700377, 24.195755], [120.700385, 24.195608], [120.700621, 24.195612], [120.700593, 24.195452], [120.700452, 24.195448], [120.700643, 24.195201], [120.700666, 24.195044], [120.70111, 24.194979], [120.701104, 24.195211], [120.701282, 24.195221], [120.701331, 24.194476], [120.702188, 24.194498], [120.702279, 24.194559], [120.702328, 24.195802], [120.702462, 24.196795], [120.702403, 24.197068], [120.702089, 24.197096], [120.70176, 24.196882], [120.701729, 24.196704], [120.701322, 24.196533], [120.701284, 24.195715], [120.701453, 24.196076], [120.700527, 24.195935], [120.700106, 24.195705], [120.699874, 24.195375], [120.699828, 24.194725], [120.700029, 24.194752], [120.700046, 24.195146], [120.700279, 24.194948], [120.700287, 24.194669], [120.700462, 24.194789], [120.700421, 24.194864], [120.701124, 24.194886], [120.701134, 24.194483], [120.700507, 24.194435], [120.698525, 24.194708], [120.698645, 24.194894], [120.69857, 24.194905], [120.699057, 24.194792], [120.698601, 24.1951], [120.698903, 24.19519], [120.698646, 24.196643], [120.698333, 24.196895], [120.697984, 24.196897], [120.698398, 24.197152], [120.698478, 24.197069], [120.698594, 24.197086], [120.69688, 24.196437], [120.696894, 24.196313], [120.696759, 24.196263], [120.696749, 24.196445], [120.696267, 24.195912], [120.696307, 24.195541], [120.695486, 24.195528], [120.695483, 24.195317], [120.696297, 24.195386], [120.696374, 24.195305], [120.696245, 24.195188], [120.695457, 24.195128], [120.695489, 24.194973], [120.695591, 24.194968], [120.695488, 24.194701], [120.69534, 24.194708], [120.695292, 24.194495], [120.695356, 24.194932], [120.695688, 24.194219], [120.695358, 24.194199], [120.694839, 24.193835], [120.695016, 24.19423], [120.694415, 24.193493], [120.695182, 24.195679], [120.695491, 24.195789], [120.696156, 24.195858], [120.696424, 24.194959], [120.696043, 24.198145], [120.696069, 24.198228], [120.696261, 24.198246], [120.696643, 24.19857], [120.696853, 24.198651], [120.696612, 24.198738], [120.697193, 24.198673], [120.697205, 24.198992], [120.697102, 24.198962], [120.697193, 24.198624]]}}, {"type": "Feature", "properties": {"district": "6601700", "segment": 14, "total_segments": 28, "km": 14.96, "villages": ["頭家里", "東寶里"]}, "geometry": {"type": "LineString", "coordinates": [[120.701137, 24.196863], [120.702624, 24.197986], [120.701931, 24.198994], [120.702911, 24.199404], [120.703012, 24.199933], [120.70278, 24.200653], [120.702259, 24.200398], [120.702001, 24.194853], [120.702071, 24.194996], [120.702074, 24.195371], [120.701776, 24.19525], [120.701445, 24.195235], [120.701443, 24.195048], [120.701729, 24.195047], [120.701697, 24.194828], [120.701456, 24.194825], [120.70146, 24.194743], [120.701703, 24.194736], [120.701704, 24.194627], [120.69656, 24.193879], [120.690259, 24.206596], [120.689355, 24.206959], [120.689327, 24.20644], [120.689205, 24.206178], [120.688539, 24.206261], [120.687478, 24.206962], [120.687568, 24.20707], [120.687738, 24.206947], [120.687536, 24.2071], [120.687547, 24.207506], [120.687333, 24.207352], [120.686886, 24.207223], [120.686846, 24.207306], [120.68692, 24.207079], [120.686828, 24.206622], [120.687009, 24.206454], [120.686913, 24.206231], [120.686209, 24.206024], [120.686219, 24.20548], [120.686805, 24.205463], [120.685852, 24.206668], [120.685873, 24.206982], [120.686206, 24.207272], [120.686407, 24.207188], [120.686094, 24.207721], [120.686162, 24.207935], [120.685918, 24.208314], [120.685895, 24.207945], [120.686377, 24.207862], [120.686449, 24.208796], [120.686231, 24.208839], [120.686256, 24.209327], [120.686901, 24.209386], [120.687061, 24.208984], [120.686973, 24.208972], [120.687553, 24.209082], [120.687565, 24.208949], [120.686861, 24.208753], [120.686874, 24.208234], [120.687035, 24.207703], [120.68738, 24.207809], [120.687985, 24.207384], [120.688002, 24.207211], [120.688586, 24.207497], [120.688505, 24.208343], [120.688713, 24.208202], [120.688548, 24.208643], [120.688551, 24.208886], [120.688348, 24.208883], [120.688336, 24.208634], [120.687472, 24.208577], [120.68725, 24.209206], [120.686905, 24.209557], [120.686894, 24.209939], [120.68704, 24.209961], [120.687232, 24.210267], [120.6876, 24.210352], [120.687524, 24.210135], [120.687405, 24.210103], [120.687387, 24.210183], [120.687435, 24.209937], [120.687776, 24.210241], [120.687811, 24.210438], [120.688104, 24.210416], [120.687118, 24.210824], [120.687053, 24.211109], [120.686603, 24.210941], [120.686333, 24.210699], [120.686141, 24.210644], [120.685971, 24.210729], [120.685793, 24.210542], [120.685972, 24.210336], [120.684868, 24.211033], [120.684684, 24.210146], [120.684907, 24.21002], [120.684459, 24.209073], [120.684235, 24.209064], [120.684204, 24.20913], [120.683975, 24.209096], [120.683207, 24.209834], [120.682946, 24.209862], [120.682896, 24.209996], [120.682963, 24.21003], [120.682627, 24.209817], [120.682395, 24.209818], [120.682276, 24.20966], [120.682087, 24.209666], [120.681752, 24.209466], [120.681669, 24.209669], [120.681981, 24.210292], [120.681883, 24.210515], [120.681763, 24.210567], [120.681572, 24.210364], [120.681426, 24.210428], [120.681661, 24.210697], [120.681947, 24.210687], [120.682273, 24.210465], [120.683333, 24.210102], [120.683427, 24.210606], [120.682823, 24.211492], [120.682439, 24.211473], [120.682135, 24.211574], [120.682176, 24.21122], [120.681532, 24.211267], [120.68138, 24.21059], [120.680041, 24.211246], [120.679688, 24.211127], [120.679705, 24.211627], [120.679875, 24.211813], [120.678927, 24.211896], [120.678737, 24.211731], [120.678652, 24.211757], [120.67882, 24.211676], [120.678844, 24.210681], [120.678071, 24.210144], [120.678191, 24.209964], [120.678303, 24.20994], [120.677969, 24.209695], [120.677851, 24.209933], [120.677742, 24.209928], [120.677719, 24.210012], [120.677928, 24.210028], [120.678071, 24.20987], [120.678379, 24.209796], [120.678407, 24.208921], [120.678674, 24.208103], [120.678845, 24.20806], [120.679069, 24.208061], [120.679711, 24.208331], [120.680106, 24.208345], [120.680214, 24.208694], [120.680516, 24.20897], [120.680407, 24.209316], [120.680489, 24.209673], [120.68138, 24.209238], [120.681376, 24.208991], [120.681217, 24.208982], [120.680731, 24.208224], [120.6808, 24.20774], [120.680111, 24.207485], [120.680699, 24.206958], [120.681044, 24.207197], [120.681246, 24.207531], [120.682157, 24.207724], [120.682401, 24.208196], [120.682848, 24.208533], [120.682684, 24.208748], [120.68351, 24.207315], [120.683875, 24.207283], [120.685248, 24.208996], [120.685224, 24.207058], [120.685315, 24.20681], [120.68247, 24.206362], [120.68224, 24.206076], [120.682146, 24.206158], [120.682042, 24.20609], [120.681902, 24.206241], [120.681764, 24.206138], [120.681641, 24.206262], [120.681565, 24.206169], [120.681928, 24.205762], [120.681838, 24.205698], [120.681455, 24.206088], [120.681407, 24.205933], [120.68166, 24.205686], [120.68154, 24.205548], [120.681982, 24.205917], [120.681797, 24.206106], [120.682075, 24.20582], [120.682209, 24.206492], [120.68228, 24.206518], [120.681802, 24.206665], [120.681824, 24.20653], [120.681088, 24.206007], [120.680627, 24.205885], [120.680542, 24.205944], [120.680527, 24.206156], [120.680348, 24.206066], [120.680314, 24.206191], [120.680163, 24.206189], [120.680186, 24.206046], [120.680121, 24.206014], [120.68009, 24.206488], [120.679934, 24.206629], [120.680042, 24.206771], [120.679811, 24.206831], [120.67974, 24.206736], [120.679423, 24.206831], [120.679415, 24.20678], [120.679448, 24.206936], [120.679257, 24.206803], [120.678389, 24.206818], [120.678376, 24.206944], [120.678271, 24.206773], [120.677337, 24.206547], [120.676995, 24.206202], [120.677174, 24.206055], [120.676993, 24.206059], [120.676438, 24.205652], [120.67665, 24.205514], [120.676882, 24.205581], [120.676855, 24.205471], [120.677159, 24.205527], [120.677084, 24.205561], [120.677117, 24.205626], [120.676957, 24.205597], [120.677024, 24.205358], [120.677135, 24.205381], [120.677231, 24.205263], [120.677275, 24.204835], [120.676893, 24.20477], [120.676928, 24.20466], [120.677341, 24.204684], [120.677373, 24.20456], [120.677348, 24.204447], [120.676962, 24.204377], [120.676975, 24.204226], [120.678525, 24.20446], [120.678548, 24.204624], [120.679152, 24.204678], [120.679204, 24.204785], [120.679014, 24.204888], [120.679336, 24.204974], [120.679455, 24.204931], [120.679538, 24.204647], [120.679701, 24.204682], [120.679691, 24.204881], [120.679834, 24.204912], [120.679875, 24.204717], [120.680104, 24.20476], [120.680067, 24.204955], [120.680173, 24.204982], [120.680225, 24.204768], [120.680298, 24.204783], [120.680335, 24.204329], [120.680964, 24.204442], [120.680932, 24.204792], [120.680828, 24.204762], [120.680862, 24.204536], [120.680686, 24.204506], [120.680627, 24.204729], [120.680504, 24.204698], [120.680621, 24.204239], [120.679849, 24.204102], [120.679763, 24.204546], [120.680057, 24.204605], [120.680156, 24.204482], [120.68021, 24.204305], [120.679927, 24.20427], [120.679941, 24.204466], [120.679636, 24.204345], [120.679596, 24.204506], [120.67945, 24.204609], [120.679125, 24.204544], [120.679166, 24.204445], [120.678992, 24.204414], [120.678792, 24.204056], [120.678917, 24.203858], [120.678992, 24.203966], [120.6793, 24.20402], [120.679484, 24.203921], [120.680429, 24.204053], [120.680529, 24.203658]]}}, {"type": "Feature", "properties": {"district": "6601700", "segment": 15, "total_segments": 28, "km": 14.77, "villages": ["東寶里"]}, "geometry": {"type": "LineString", "coordinates": [[120.681024, 24.203781], [120.68101, 24.203866], [120.680629, 24.203801], [120.680622, 24.203933], [120.681092, 24.204021], [120.681062, 24.204126], [120.680196, 24.203915], [120.680306, 24.203524], [120.680245, 24.203488], [120.680149, 24.2039], [120.68006, 24.203476], [120.681165, 24.203645], [120.681142, 24.203839], [120.681181, 24.203492], [120.680678, 24.203404], [120.681213, 24.203311], [120.682205, 24.203795], [120.682163, 24.203989], [120.682351, 24.203998], [120.68239, 24.203877], [120.682526, 24.204184], [120.682886, 24.20425], [120.682821, 24.20441], [120.682636, 24.204536], [120.683185, 24.204313], [120.681088, 24.204997], [120.680803, 24.204925], [120.680738, 24.205135], [120.680829, 24.205126], [120.680801, 24.204862], [120.680581, 24.204873], [120.680525, 24.205089], [120.68042, 24.205037], [120.680471, 24.204829], [120.680726, 24.205618], [120.680356, 24.205715], [120.680222, 24.205945], [120.680142, 24.205926], [120.680168, 24.205661], [120.679736, 24.205597], [120.679878, 24.206442], [120.679673, 24.206482], [120.679491, 24.205722], [120.679217, 24.205825], [120.67922, 24.205921], [120.679416, 24.205895], [120.679477, 24.206085], [120.679261, 24.206116], [120.679298, 24.206268], [120.679518, 24.206238], [120.679544, 24.206355], [120.679332, 24.206386], [120.679372, 24.206608], [120.679682, 24.206557], [120.678631, 24.206644], [120.678443, 24.206624], [120.67849, 24.206396], [120.679125, 24.206444], [120.679126, 24.206264], [120.678554, 24.206226], [120.678601, 24.205931], [120.679057, 24.205988], [120.679022, 24.206104], [120.678391, 24.206011], [120.678415, 24.205734], [120.677427, 24.205578], [120.677433, 24.205433], [120.67752, 24.205403], [120.677348, 24.20535], [120.677444, 24.204835], [120.677785, 24.205156], [120.678117, 24.205218], [120.678096, 24.20531], [120.677548, 24.205228], [120.677763, 24.205443], [120.678454, 24.205565], [120.678522, 24.205413], [120.678397, 24.205377], [120.678377, 24.205442], [120.678633, 24.205593], [120.678929, 24.2056], [120.678924, 24.205763], [120.679009, 24.20577], [120.678621, 24.205759], [120.67833, 24.206234], [120.67784, 24.206142], [120.677816, 24.206281], [120.678299, 24.206385], [120.678262, 24.206611], [120.677619, 24.206424], [120.677709, 24.206231], [120.677525, 24.206205], [120.677483, 24.206431], [120.67731, 24.206388], [120.677273, 24.206313], [120.677404, 24.20614], [120.677412, 24.205923], [120.677359, 24.205917], [120.67805, 24.20604], [120.678072, 24.205953], [120.678204, 24.205976], [120.678193, 24.206059], [120.67823, 24.20585], [120.679085, 24.206112], [120.679334, 24.20536], [120.679203, 24.205146], [120.679372, 24.204489], [120.67921, 24.204454], [120.679429, 24.204428], [120.679484, 24.204318], [120.679173, 24.204187], [120.679729, 24.204171], [120.679379, 24.203828], [120.678826, 24.203559], [120.678606, 24.203594], [120.678674, 24.203779], [120.67832, 24.203411], [120.678048, 24.203398], [120.677968, 24.203535], [120.67716, 24.203421], [120.677107, 24.203505], [120.677011, 24.203498], [120.677031, 24.203288], [120.676708, 24.203392], [120.676703, 24.203258], [120.676545, 24.203427], [120.676533, 24.203763], [120.676648, 24.203748], [120.676701, 24.203464], [120.676907, 24.203677], [120.676896, 24.20385], [120.677478, 24.203916], [120.677463, 24.204042], [120.676863, 24.203985], [120.676828, 24.2042], [120.676901, 24.204215], [120.676771, 24.204348], [120.676603, 24.205265], [120.676452, 24.205254], [120.676546, 24.204734], [120.675932, 24.204627], [120.675851, 24.204639], [120.675753, 24.205133], [120.676349, 24.20525], [120.676335, 24.205378], [120.676428, 24.205391], [120.675755, 24.205292], [120.675287, 24.20502], [120.675251, 24.204919], [120.675381, 24.204418], [120.675245, 24.204426], [120.675166, 24.204793], [120.675, 24.204872], [120.674814, 24.204607], [120.67495, 24.20457], [120.674995, 24.204635], [120.67487, 24.204445], [120.674988, 24.204082], [120.675571, 24.204155], [120.675588, 24.203995], [120.675087, 24.203921], [120.674893, 24.20382], [120.674979, 24.203499], [120.674863, 24.203476], [120.674779, 24.203791], [120.674831, 24.203806], [120.674668, 24.203773], [120.67462, 24.203757], [120.674743, 24.203455], [120.674548, 24.203408], [120.674314, 24.204089], [120.674388, 24.204237], [120.674688, 24.204379], [120.674701, 24.204503], [120.674231, 24.204341], [120.674625, 24.204623], [120.674844, 24.204033], [120.674552, 24.20395], [120.674574, 24.203339], [120.674695, 24.203045], [120.67608, 24.203321], [120.676102, 24.20325], [120.676325, 24.203224], [120.676267, 24.203944], [120.676468, 24.203979], [120.676544, 24.203877], [120.676603, 24.204408], [120.676517, 24.204581], [120.675959, 24.204498], [120.675895, 24.204478], [120.675898, 24.204213], [120.675755, 24.204186], [120.675591, 24.205053], [120.675955, 24.20495], [120.676354, 24.205019], [120.676369, 24.204934], [120.675965, 24.20487], [120.676114, 24.204242], [120.676473, 24.204297], [120.676428, 24.204146], [120.676173, 24.204098], [120.67619, 24.203928], [120.675962, 24.203903], [120.675932, 24.204061], [120.675789, 24.204021], [120.67588, 24.203567], [120.676032, 24.203584], [120.675971, 24.203863], [120.67561, 24.20375], [120.675617, 24.203661], [120.675192, 24.203602], [120.675199, 24.20369], [120.675401, 24.203763], [120.675639, 24.204004], [120.676055, 24.203465], [120.67482, 24.203263], [120.675085, 24.204388], [120.675023, 24.204906], [120.675776, 24.205755], [120.675932, 24.205892], [120.676246, 24.205985], [120.676106, 24.206151], [120.676131, 24.206309], [120.67581, 24.2068], [120.675091, 24.207371], [120.675178, 24.207521], [120.674807, 24.207437], [120.674537, 24.207196], [120.674007, 24.207712], [120.673687, 24.207667], [120.673556, 24.20751], [120.673452, 24.206984], [120.673006, 24.206139], [120.672752, 24.205935], [120.672432, 24.205986], [120.672435, 24.205743], [120.672754, 24.205662], [120.672268, 24.205661], [120.672286, 24.205737], [120.672381, 24.205741], [120.672096, 24.205904], [120.672143, 24.205994], [120.671819, 24.206096], [120.671678, 24.206012], [120.671774, 24.205878], [120.671657, 24.205649], [120.671771, 24.205651], [120.671685, 24.205556], [120.671781, 24.205514], [120.671929, 24.20595], [120.671579, 24.205803], [120.67138, 24.205904], [120.671584, 24.206086], [120.671438, 24.206176], [120.671215, 24.206046], [120.671459, 24.205553], [120.671429, 24.205362], [120.672384, 24.205175], [120.672502, 24.205337], [120.672609, 24.205343], [120.672551, 24.205423], [120.672713, 24.205436], [120.672719, 24.205515], [120.673121, 24.205434], [120.673495, 24.205465], [120.67346, 24.205888], [120.673792, 24.205754], [120.67398, 24.205973], [120.674136, 24.205962], [120.674541, 24.205798], [120.674639, 24.20585], [120.674643, 24.205646], [120.674772, 24.205646], [120.67477, 24.205861], [120.67505, 24.205844], [120.674115, 24.204842], [120.673494, 24.204855], [120.673603, 24.205005], [120.673566, 24.205323], [120.673782, 24.204358], [120.671786, 24.203845], [120.670908, 24.203727], [120.67047, 24.203784], [120.67208, 24.205773], [120.671358, 24.206303], [120.671226, 24.206243], [120.670833, 24.207067], [120.672178, 24.208134], [120.672204, 24.208417], [120.673713, 24.208417], [120.673738, 24.208495], [120.673715, 24.20818], [120.674311, 24.208297], [120.67455, 24.208063], [120.674631, 24.209029], [120.674894, 24.209487], [120.675491, 24.208859], [120.675678, 24.208786], [120.675734, 24.208162], [120.676709, 24.208155], [120.676724, 24.208014], [120.677077, 24.207632], [120.677201, 24.207663], [120.67718, 24.207383], [120.677867, 24.20755], [120.678349, 24.207265], [120.67865, 24.207492], [120.678548, 24.207741], [120.67936, 24.207686], [120.67923, 24.207329], [120.679763, 24.207357], [120.680215, 24.206435], [120.680361, 24.206344], [120.680414, 24.205891], [120.678136, 24.20461], [120.677516, 24.204513], [120.677623, 24.203944], [120.677747, 24.203965], [120.677771, 24.203869], [120.677897, 24.203926], [120.677917, 24.203761], [120.678008, 24.203772], [120.677977, 24.203922], [120.678048, 24.203952], [120.677917, 24.203929], [120.677849, 24.204222], [120.677949, 24.20424], [120.677975, 24.204072], [120.678173, 24.204014], [120.678219, 24.203709], [120.678045, 24.20367], [120.678078, 24.203569], [120.678194, 24.203587], [120.67774, 24.203623], [120.677656, 24.203845], [120.677514, 24.203766], [120.677521, 24.203578], [120.677205, 24.203521], [120.677169, 24.203755], [120.677634, 24.203328], [120.67776, 24.203322], [120.678201, 24.20422], [120.677122, 24.205064], [120.676854, 24.205014], [120.676837, 24.205078], [120.677115, 24.205124], [120.676977, 24.205352], [120.676794, 24.205325], [120.676828, 24.205466], [120.676588, 24.205431], [120.677154, 24.205702], [120.677019, 24.208539], [120.676586, 24.208652], [120.676849, 24.209235], [120.676634, 24.209251], [120.676629, 24.209466], [120.676466, 24.209509], [120.676472, 24.209283], [120.67625, 24.209136]]}}, {"type": "Feature", "properties": {"district": "6601700", "segment": 16, "total_segments": 28, "km": 14.98, "villages": ["東寶里"]}, "geometry": {"type": "LineString", "coordinates": [[120.676969, 24.211394], [120.677078, 24.211587], [120.677508, 24.211754], [120.677934, 24.212517], [120.677709, 24.213138], [120.67787, 24.213424], [120.678402, 24.213793], [120.678055, 24.21445], [120.678083, 24.214608], [120.678571, 24.214523], [120.678435, 24.21469], [120.678595, 24.215375], [120.678514, 24.215427], [120.678336, 24.214698], [120.678154, 24.214801], [120.678327, 24.215517], [120.678491, 24.215556], [120.678611, 24.21548], [120.678655, 24.215584], [120.67912, 24.215576], [120.679166, 24.215257], [120.679681, 24.215158], [120.679609, 24.215025], [120.67907, 24.215121], [120.679049, 24.21504], [120.679526, 24.214959], [120.678673, 24.214934], [120.678645, 24.214854], [120.678735, 24.214838], [120.678508, 24.215898], [120.679076, 24.215938], [120.679495, 24.216116], [120.679811, 24.216017], [120.680224, 24.216007], [120.681756, 24.216092], [120.681605, 24.215774], [120.681614, 24.215481], [120.680924, 24.21554], [120.680619, 24.215426], [120.68048, 24.215514], [120.68028, 24.215458], [120.680228, 24.215685], [120.680027, 24.215601], [120.679941, 24.21643], [120.678967, 24.216683], [120.678756, 24.216941], [120.678981, 24.217311], [120.681252, 24.217519], [120.681856, 24.217106], [120.682053, 24.217172], [120.681836, 24.216813], [120.681385, 24.216834], [120.681278, 24.21671], [120.682398, 24.216144], [120.682968, 24.21623], [120.682862, 24.215828], [120.682171, 24.215697], [120.683129, 24.21569], [120.683321, 24.215768], [120.683389, 24.215652], [120.683546, 24.215781], [120.683391, 24.215984], [120.684222, 24.216082], [120.684451, 24.216065], [120.684557, 24.215937], [120.684909, 24.21602], [120.684982, 24.216341], [120.685188, 24.216309], [120.684871, 24.216353], [120.6853, 24.215937], [120.685443, 24.215973], [120.685443, 24.215785], [120.685328, 24.215767], [120.685774, 24.215936], [120.685946, 24.215927], [120.686329, 24.215452], [120.686915, 24.215386], [120.686915, 24.215237], [120.686459, 24.215254], [120.686673, 24.215149], [120.687045, 24.215205], [120.686973, 24.21493], [120.68681, 24.214899], [120.68666, 24.214336], [120.687327, 24.214189], [120.687446, 24.21444], [120.688074, 24.214275], [120.688195, 24.214394], [120.688187, 24.214673], [120.68842, 24.215078], [120.688959, 24.215629], [120.690013, 24.215734], [120.690214, 24.21608], [120.690455, 24.216194], [120.69094, 24.216072], [120.691129, 24.216181], [120.691303, 24.216534], [120.691258, 24.216741], [120.691169, 24.21671], [120.691101, 24.216506], [120.69083, 24.216492], [120.690963, 24.216951], [120.691395, 24.216833], [120.691562, 24.217729], [120.691461, 24.217838], [120.691352, 24.217744], [120.691288, 24.217806], [120.691452, 24.218], [120.691592, 24.217969], [120.69162, 24.217856], [120.691799, 24.217834], [120.691528, 24.216608], [120.692082, 24.216566], [120.692337, 24.21676], [120.692177, 24.216899], [120.692271, 24.216988], [120.692532, 24.216819], [120.692682, 24.216917], [120.69294, 24.216552], [120.693046, 24.216592], [120.692684, 24.217067], [120.692218, 24.217408], [120.692162, 24.217306], [120.692624, 24.216977], [120.692819, 24.217228], [120.692491, 24.217454], [120.692552, 24.217542], [120.692976, 24.217238], [120.692886, 24.217183], [120.693143, 24.217156], [120.693119, 24.21677], [120.69325, 24.216835], [120.693268, 24.21673], [120.69322, 24.216351], [120.693021, 24.216451], [120.692953, 24.216403], [120.693044, 24.216187], [120.692955, 24.216114], [120.692768, 24.216185], [120.69144, 24.216088], [120.691369, 24.216189], [120.691474, 24.216481], [120.691658, 24.216431], [120.691933, 24.217053], [120.691784, 24.217084], [120.691927, 24.217195], [120.692132, 24.217113], [120.69198, 24.216732], [120.69224, 24.216498], [120.692333, 24.216585], [120.692136, 24.216408], [120.692536, 24.21657], [120.692592, 24.216324], [120.692509, 24.215802], [120.691317, 24.215717], [120.69122, 24.215525], [120.691432, 24.215057], [120.691548, 24.214944], [120.691689, 24.214935], [120.692018, 24.214525], [120.691921, 24.215158], [120.691814, 24.215052], [120.691683, 24.215079], [120.691641, 24.21521], [120.691324, 24.214757], [120.691003, 24.215007], [120.691046, 24.215114], [120.690539, 24.215148], [120.690545, 24.215011], [120.69031, 24.214731], [120.690464, 24.214667], [120.690418, 24.214595], [120.690585, 24.214839], [120.69045, 24.215362], [120.690638, 24.215425], [120.690792, 24.215624], [120.690818, 24.21643], [120.69065, 24.21651], [120.690783, 24.2172], [120.690921, 24.217176], [120.691194, 24.218034], [120.691044, 24.21808], [120.690856, 24.217343], [120.690637, 24.217249], [120.690466, 24.216385], [120.690332, 24.216394], [120.690364, 24.216524], [120.690628, 24.216454], [120.690953, 24.216567], [120.69102, 24.216792], [120.690891, 24.216979], [120.691128, 24.217082], [120.691324, 24.217053], [120.692051, 24.217386], [120.692201, 24.217838], [120.692122, 24.217971], [120.692151, 24.218287], [120.692395, 24.218161], [120.69236, 24.217989], [120.692421, 24.21787], [120.693088, 24.217725], [120.693051, 24.217617], [120.692467, 24.217713], [120.692511, 24.217606], [120.692314, 24.217634], [120.692332, 24.217741], [120.692307, 24.217577], [120.691788, 24.217908], [120.691859, 24.218285], [120.692059, 24.218316], [120.692153, 24.218495], [120.692336, 24.218459], [120.692463, 24.219239], [120.692599, 24.219237], [120.692601, 24.218927], [120.693024, 24.218906], [120.693053, 24.218782], [120.692552, 24.218791], [120.692509, 24.218575], [120.692672, 24.21855], [120.692709, 24.218636], [120.692648, 24.218395], [120.693234, 24.218298], [120.693347, 24.218319], [120.693246, 24.218461], [120.693328, 24.218665], [120.693315, 24.219231], [120.69356, 24.219232], [120.693571, 24.219354], [120.693312, 24.219355], [120.693162, 24.219237], [120.693176, 24.218782], [120.693237, 24.218781], [120.693114, 24.218782], [120.693031, 24.218656], [120.692973, 24.218208], [120.692429, 24.218296], [120.692481, 24.21842], [120.693382, 24.218135], [120.693248, 24.217712], [120.694069, 24.217596], [120.694124, 24.217844], [120.694022, 24.21787], [120.694051, 24.217996], [120.694776, 24.21793], [120.694434, 24.217453], [120.694905, 24.21745], [120.694921, 24.217561], [120.694494, 24.217636], [120.694535, 24.217728], [120.694362, 24.21779], [120.69431, 24.217374], [120.694133, 24.217427], [120.694069, 24.217547], [120.693921, 24.217483], [120.693359, 24.217552], [120.693318, 24.217309], [120.693163, 24.217377], [120.693667, 24.218208], [120.693803, 24.21885], [120.694486, 24.218774], [120.694484, 24.218915], [120.693825, 24.218962], [120.69396, 24.219442], [120.694932, 24.219334], [120.694937, 24.219465], [120.695047, 24.219541], [120.695278, 24.21953], [120.695277, 24.219408], [120.69504, 24.219381], [120.694981, 24.219207], [120.694964, 24.219033], [120.695074, 24.218894], [120.694529, 24.21891], [120.694372, 24.218373], [120.69421, 24.218322], [120.694035, 24.218381], [120.69397, 24.218156], [120.694845, 24.218021], [120.694963, 24.218239], [120.695069, 24.218243], [120.695161, 24.218702], [120.69498, 24.218636], [120.694927, 24.218342], [120.694569, 24.218383], [120.694706, 24.218518], [120.694851, 24.218523], [120.694872, 24.218608], [120.694834, 24.218431], [120.695067, 24.218186], [120.695514, 24.217819], [120.69589, 24.217762], [120.695848, 24.217634], [120.695498, 24.217683], [120.696137, 24.217842], [120.695916, 24.218431], [120.695904, 24.219055], [120.696045, 24.219315], [120.696193, 24.21933], [120.695935, 24.219516], [120.695277, 24.21932], [120.69513, 24.219195], [120.694029, 24.219241], [120.693777, 24.219363], [120.693798, 24.219437], [120.693623, 24.219354], [120.693725, 24.219197], [120.693542, 24.218583], [120.693766, 24.218194], [120.693919, 24.218166], [120.693866, 24.218025], [120.693736, 24.218047], [120.693709, 24.217843], [120.694, 24.217782], [120.694344, 24.218329], [120.694487, 24.217311], [120.694879, 24.217279], [120.694843, 24.217185], [120.694206, 24.217195], [120.694193, 24.2168], [120.693992, 24.21662], [120.693974, 24.216475], [120.694081, 24.216479], [120.693381, 24.21657], [120.693382, 24.216646], [120.693615, 24.21664], [120.693764, 24.216848], [120.69401, 24.216845], [120.694014, 24.217078], [120.693802, 24.217084], [120.693811, 24.216968], [120.694773, 24.216822], [120.694639, 24.216144], [120.693226, 24.216142], [120.69331, 24.215822], [120.692973, 24.215755], [120.692909, 24.215822], [120.692741, 24.215808], [120.692967, 24.215664], [120.692844, 24.215358], [120.692977, 24.215339], [120.693075, 24.215437], [120.693118, 24.215679], [120.693392, 24.215697], [120.693382, 24.215827], [120.69349, 24.215446], [120.693984, 24.215376], [120.693932, 24.215197], [120.694119, 24.215127], [120.694417, 24.215411], [120.694602, 24.21575], [120.695662, 24.215562], [120.696018, 24.215582], [120.695909, 24.215065], [120.69574, 24.215311], [120.695426, 24.215057], [120.694788, 24.214874], [120.69458, 24.214255], [120.694719, 24.214077], [120.694816, 24.214137], [120.694094, 24.214351], [120.693358, 24.215089], [120.693274, 24.215336], [120.693915, 24.215804], [120.694202, 24.215719], [120.694769, 24.216128], [120.695177, 24.216149], [120.695206, 24.216679], [120.694902, 24.2168], [120.694799, 24.217], [120.694356, 24.217032], [120.695911, 24.216364], [120.696125, 24.216424]]}}, {"type": "Feature", "properties": {"district": "6601700", "segment": 17, "total_segments": 28, "km": 14.77, "villages": ["東寶里"]}, "geometry": {"type": "LineString", "coordinates": [[120.69642, 24.216658], [120.696626, 24.2166], [120.697081, 24.216765], [120.697565, 24.216771], [120.697168, 24.216961], [120.696995, 24.217144], [120.697022, 24.217268], [120.69686, 24.217258], [120.696939, 24.217396], [120.697142, 24.217369], [120.697323, 24.217215], [120.697081, 24.217564], [120.697008, 24.2179], [120.697576, 24.217944], [120.697677, 24.218403], [120.696835, 24.218572], [120.697227, 24.219594], [120.698052, 24.219546], [120.697373, 24.220961], [120.694039, 24.220464], [120.692982, 24.219239], [120.692208, 24.219244], [120.692043, 24.219055], [120.69194, 24.218526], [120.691716, 24.218549], [120.691888, 24.219282], [120.69145, 24.219335], [120.691285, 24.218614], [120.691189, 24.218491], [120.691541, 24.218447], [120.691534, 24.218571], [120.691441, 24.218585], [120.691704, 24.218422], [120.69164, 24.218106], [120.691126, 24.218196], [120.691054, 24.218119], [120.691019, 24.218244], [120.691356, 24.219408], [120.690336, 24.218777], [120.690374, 24.218689], [120.690286, 24.218637], [120.690747, 24.21887], [120.690788, 24.218739], [120.690404, 24.218527], [120.689629, 24.218993], [120.689271, 24.218816], [120.688685, 24.218943], [120.688619, 24.219099], [120.688391, 24.219118], [120.688396, 24.219276], [120.688335, 24.219286], [120.688418, 24.219479], [120.688561, 24.219453], [120.68851, 24.219246], [120.688668, 24.219216], [120.688689, 24.219319], [120.68877, 24.219316], [120.688746, 24.219207], [120.688818, 24.219736], [120.688683, 24.219633], [120.688335, 24.219705], [120.68831, 24.219809], [120.688153, 24.219691], [120.688166, 24.219534], [120.68804, 24.21951], [120.688641, 24.219514], [120.688718, 24.219403], [120.688208, 24.219127], [120.687933, 24.21912], [120.687991, 24.219279], [120.687837, 24.219585], [120.687697, 24.218989], [120.687394, 24.218501], [120.687726, 24.218581], [120.68811, 24.218373], [120.688587, 24.218453], [120.688933, 24.218177], [120.689055, 24.218269], [120.689224, 24.218233], [120.68887, 24.217928], [120.688795, 24.217765], [120.68875, 24.217297], [120.688876, 24.217141], [120.689022, 24.217176], [120.689333, 24.217538], [120.689523, 24.217266], [120.690365, 24.217239], [120.690386, 24.217354], [120.690391, 24.217072], [120.690473, 24.217635], [120.689672, 24.216093], [120.68808, 24.216439], [120.687829, 24.216159], [120.687547, 24.216269], [120.687641, 24.215856], [120.687937, 24.21575], [120.685637, 24.215304], [120.685437, 24.214517], [120.685875, 24.214186], [120.685869, 24.21407], [120.685615, 24.213843], [120.685662, 24.213487], [120.684807, 24.21358], [120.684943, 24.21342], [120.685386, 24.213396], [120.685388, 24.213274], [120.684942, 24.213295], [120.684974, 24.213134], [120.685378, 24.213116], [120.684704, 24.213033], [120.684435, 24.213194], [120.68478, 24.212529], [120.685211, 24.212876], [120.685779, 24.212844], [120.686012, 24.212985], [120.686023, 24.213277], [120.686141, 24.212627], [120.685842, 24.212567], [120.686061, 24.211591], [120.686417, 24.211634], [120.686452, 24.211497], [120.686746, 24.211748], [120.686948, 24.212361], [120.687374, 24.211758], [120.687702, 24.211607], [120.687768, 24.211088], [120.687073, 24.210561], [120.688764, 24.210594], [120.688758, 24.211122], [120.689112, 24.211325], [120.689632, 24.21132], [120.690075, 24.21179], [120.690626, 24.211988], [120.690679, 24.21228], [120.69044, 24.212678], [120.690171, 24.212686], [120.690239, 24.213108], [120.690346, 24.213316], [120.690554, 24.213266], [120.690818, 24.213368], [120.690749, 24.213734], [120.691272, 24.213944], [120.690443, 24.214256], [120.690465, 24.214316], [120.690267, 24.214297], [120.690194, 24.213618], [120.690818, 24.212905], [120.691685, 24.212158], [120.691491, 24.211908], [120.69146, 24.211623], [120.69117, 24.21149], [120.691142, 24.211586], [120.6913, 24.211674], [120.691639, 24.211352], [120.691119, 24.211013], [120.690787, 24.211117], [120.690727, 24.211235], [120.690499, 24.211004], [120.69061, 24.210915], [120.690732, 24.210972], [120.69034, 24.210938], [120.690564, 24.210462], [120.691456, 24.209796], [120.691658, 24.209802], [120.691773, 24.210004], [120.691665, 24.210119], [120.691889, 24.209875], [120.691802, 24.209684], [120.691959, 24.209795], [120.691843, 24.209435], [120.692086, 24.20933], [120.691891, 24.208918], [120.692182, 24.209108], [120.692361, 24.209058], [120.692316, 24.209292], [120.692424, 24.20929], [120.692255, 24.209294], [120.692744, 24.20981], [120.692756, 24.21065], [120.69351, 24.211155], [120.693752, 24.210482], [120.693683, 24.210327], [120.693778, 24.210303], [120.693657, 24.210205], [120.693565, 24.208974], [120.693676, 24.209022], [120.693713, 24.20927], [120.693996, 24.209187], [120.693522, 24.208835], [120.692367, 24.208294], [120.692169, 24.208092], [120.69305, 24.207759], [120.694817, 24.208282], [120.694828, 24.208636], [120.694737, 24.208608], [120.694711, 24.208755], [120.695137, 24.208754], [120.694954, 24.208659], [120.694959, 24.2084], [120.695474, 24.210976], [120.695719, 24.211427], [120.695117, 24.21228], [120.694831, 24.212409], [120.694694, 24.212239], [120.695319, 24.212615], [120.695491, 24.213529], [120.695587, 24.213568], [120.695729, 24.213476], [120.696126, 24.213523], [120.696102, 24.214251], [120.696201, 24.214498], [120.695722, 24.215918], [120.697269, 24.216405], [120.697435, 24.215887], [120.696878, 24.217004], [120.696234, 24.216907], [120.69362, 24.212647], [120.693248, 24.212666], [120.693247, 24.212543], [120.692549, 24.212013], [120.692461, 24.212091], [120.692464, 24.211712], [120.69259, 24.211579], [120.69439, 24.211334], [120.694616, 24.211187], [120.694578, 24.211532], [120.689053, 24.212872], [120.688798, 24.212748], [120.688508, 24.212965], [120.688103, 24.212968], [120.688035, 24.21283], [120.687897, 24.212887], [120.687967, 24.213028], [120.68778, 24.212934], [120.68772, 24.21281], [120.688133, 24.212599], [120.688088, 24.212489], [120.687613, 24.212716], [120.687564, 24.212969], [120.687645, 24.213305], [120.687767, 24.213466], [120.68776, 24.213651], [120.688002, 24.213333], [120.687264, 24.213716], [120.687138, 24.213643], [120.687066, 24.213417], [120.686895, 24.213534], [120.688136, 24.212465], [120.68836, 24.211726], [120.688859, 24.211776], [120.688898, 24.209734], [120.688555, 24.209747], [120.688422, 24.209043], [120.688748, 24.20877], [120.689176, 24.209171], [120.68985, 24.208577], [120.68556, 24.211663]]}}, {"type": "Feature", "properties": {"district": "6601700", "segment": 18, "total_segments": 28, "km": 14.97, "villages": ["東寶里", "大富里"]}, "geometry": {"type": "LineString", "coordinates": [[120.683035, 24.212407], [120.682776, 24.212366], [120.682555, 24.212746], [120.68229, 24.212822], [120.682151, 24.212572], [120.682316, 24.212501], [120.682203, 24.21234], [120.681877, 24.212487], [120.681947, 24.212654], [120.682109, 24.21259], [120.682278, 24.212154], [120.681583, 24.21232], [120.681521, 24.212161], [120.68143, 24.212187], [120.681491, 24.212352], [120.681294, 24.212425], [120.681221, 24.212257], [120.681326, 24.212225], [120.681348, 24.212303], [120.681012, 24.212326], [120.681091, 24.212493], [120.681184, 24.212463], [120.680778, 24.212591], [120.680705, 24.212441], [120.68092, 24.212442], [120.6809, 24.212364], [120.680474, 24.212674], [120.680418, 24.213421], [120.680565, 24.213563], [120.680034, 24.213951], [120.679864, 24.213872], [120.68059, 24.214619], [120.681042, 24.214597], [120.682115, 24.213716], [120.682137, 24.213534], [120.682456, 24.213302], [120.682547, 24.213493], [120.683091, 24.213123], [120.683296, 24.213969], [120.683214, 24.214389], [120.683291, 24.214879], [120.683521, 24.215029], [120.683348, 24.215215], [120.683294, 24.215466], [120.683166, 24.215563], [120.683662, 24.215354], [120.684167, 24.215359], [120.684129, 24.215663], [120.68489, 24.2152], [120.684273, 24.216801], [120.683583, 24.216939], [120.683424, 24.216491], [120.683156, 24.21684], [120.683331, 24.217413], [120.683109, 24.217628], [120.683199, 24.217712], [120.68337, 24.217551], [120.683089, 24.21832], [120.684374, 24.219242], [120.684399, 24.219357], [120.685574, 24.21925], [120.685667, 24.219496], [120.685207, 24.219632], [120.685137, 24.219022], [120.684992, 24.218645], [120.684742, 24.21884], [120.685388, 24.218729], [120.685554, 24.218527], [120.685279, 24.218491], [120.685182, 24.218392], [120.685822, 24.218885], [120.685724, 24.219061], [120.686067, 24.219365], [120.686038, 24.219764], [120.686081, 24.219885], [120.686269, 24.220005], [120.688131, 24.218893], [120.688487, 24.218019], [120.688348, 24.217488], [120.688167, 24.217527], [120.687919, 24.217415], [120.688212, 24.217192], [120.688089, 24.216989], [120.687388, 24.217751], [120.687474, 24.217838], [120.686097, 24.217295], [120.682625, 24.214188], [120.679051, 24.212918], [120.678657, 24.213016], [120.678462, 24.215898], [120.679724, 24.208767], [120.688655, 24.223177], [120.686566, 24.223157], [120.686559, 24.223051], [120.686371, 24.223365], [120.686008, 24.22338], [120.686022, 24.223044], [120.685884, 24.222916], [120.686172, 24.222925], [120.685872, 24.222442], [120.685729, 24.222454], [120.685783, 24.222557], [120.686017, 24.222429], [120.686261, 24.222128], [120.686069, 24.221712], [120.686201, 24.221675], [120.68505, 24.221001], [120.684684, 24.220918], [120.684564, 24.220707], [120.683988, 24.220797], [120.683807, 24.221071], [120.684129, 24.221148], [120.683497, 24.220943], [120.683543, 24.220612], [120.683361, 24.220624], [120.683304, 24.220453], [120.682965, 24.220731], [120.682205, 24.220704], [120.682226, 24.220354], [120.681725, 24.220261], [120.681762, 24.220107], [120.68227, 24.220204], [120.682253, 24.220048], [120.681745, 24.219951], [120.68172, 24.220099], [120.681456, 24.220163], [120.681239, 24.22039], [120.681324, 24.220496], [120.681281, 24.220532], [120.681162, 24.220531], [120.680404, 24.220038], [120.680605, 24.219648], [120.680257, 24.219408], [120.679897, 24.21932], [120.679944, 24.219539], [120.680431, 24.219002], [120.680962, 24.219268], [120.681091, 24.219226], [120.6812, 24.218901], [120.681298, 24.21883], [120.681036, 24.218955], [120.68077, 24.21884], [120.680702, 24.219006], [120.680927, 24.219111], [120.680561, 24.218933], [120.680924, 24.218605], [120.681006, 24.218387], [120.681772, 24.218855], [120.681572, 24.219425], [120.681264, 24.219656], [120.68196, 24.219377], [120.680024, 24.218588], [120.67987, 24.218278], [120.679442, 24.218198], [120.679471, 24.218095], [120.679226, 24.218122], [120.679299, 24.217786], [120.678553, 24.217712], [120.678377, 24.218007], [120.677827, 24.218539], [120.677857, 24.218712], [120.677753, 24.218739], [120.677718, 24.218537], [120.677611, 24.218561], [120.677649, 24.218772], [120.677501, 24.218802], [120.677299, 24.218578], [120.677359, 24.218404], [120.677563, 24.218448], [120.677539, 24.21894], [120.67734, 24.219119], [120.677235, 24.219053], [120.677827, 24.219393], [120.677987, 24.219307], [120.677945, 24.219532], [120.678329, 24.219599], [120.67852, 24.219441], [120.678621, 24.219511], [120.678703, 24.21945], [120.678325, 24.219747], [120.67849, 24.220004], [120.67881, 24.219825], [120.678873, 24.21993], [120.678565, 24.220135], [120.678818, 24.220101], [120.678985, 24.219849], [120.679127, 24.220177], [120.678537, 24.220574], [120.678747, 24.221675], [120.678522, 24.221707], [120.678741, 24.222236], [120.678953, 24.222438], [120.678305, 24.222523], [120.678073, 24.222281], [120.679179, 24.22306], [120.678937, 24.223783], [120.678626, 24.22373], [120.678856, 24.224375], [120.679175, 24.224294], [120.679421, 24.224002], [120.679761, 24.224523], [120.679607, 24.224915], [120.679538, 24.224853], [120.679643, 24.224589], [120.679882, 24.224651], [120.679768, 24.224957], [120.679881, 24.224929], [120.679986, 24.22465], [120.679899, 24.224608], [120.679852, 24.225137], [120.680621, 24.225422], [120.681185, 24.225131], [120.682047, 24.224944], [120.682314, 24.22497], [120.682152, 24.225354], [120.682406, 24.225506], [120.682564, 24.225987], [120.682902, 24.225845], [120.682534, 24.226886], [120.682905, 24.227556], [120.682733, 24.22766], [120.682539, 24.227552], [120.682081, 24.227564], [120.681965, 24.22713], [120.682077, 24.227149], [120.682061, 24.227051], [120.682159, 24.227463], [120.682059, 24.227661], [120.681885, 24.227596], [120.681768, 24.227077], [120.681585, 24.227149], [120.681712, 24.227617], [120.68148, 24.22769], [120.681151, 24.227606], [120.68086, 24.227727], [120.681695, 24.228039], [120.681724, 24.228173], [120.682045, 24.227842], [120.682492, 24.228374], [120.682874, 24.228335], [120.683045, 24.228612], [120.683494, 24.228201], [120.68385, 24.228206], [120.683796, 24.227899], [120.684176, 24.227718], [120.684474, 24.227856], [120.684153, 24.227256], [120.68351, 24.226991], [120.68367, 24.226764], [120.684714, 24.226522], [120.685092, 24.226777]]}}, {"type": "Feature", "properties": {"district": "6601700", "segment": 19, "total_segments": 28, "km": 14.98, "villages": ["大富里"]}, "geometry": {"type": "LineString", "coordinates": [[120.686129, 24.226734], [120.686118, 24.226597], [120.685402, 24.226625], [120.68538, 24.226439], [120.686125, 24.226438], [120.686043, 24.225981], [120.685891, 24.225761], [120.686046, 24.225554], [120.685783, 24.225297], [120.685899, 24.225217], [120.686136, 24.225436], [120.686384, 24.225225], [120.686429, 24.225559], [120.686164, 24.225706], [120.686346, 24.225931], [120.686631, 24.225866], [120.686786, 24.22595], [120.687388, 24.225796], [120.687198, 24.225567], [120.686937, 24.225671], [120.687193, 24.224969], [120.686679, 24.223839], [120.685391, 24.223474], [120.685211, 24.223708], [120.685097, 24.224033], [120.685165, 24.224365], [120.684719, 24.224423], [120.685555, 24.22576], [120.685142, 24.226157], [120.684525, 24.226082], [120.684352, 24.225828], [120.684556, 24.225233], [120.683908, 24.224797], [120.683506, 24.223982], [120.683299, 24.223738], [120.68304, 24.223598], [120.68247, 24.222839], [120.682591, 24.222163], [120.68206, 24.222234], [120.681938, 24.222145], [120.682093, 24.222035], [120.682231, 24.221663], [120.681333, 24.222563], [120.681331, 24.222659], [120.681025, 24.222796], [120.681003, 24.223071], [120.681198, 24.223129], [120.68147, 24.223463], [120.682172, 24.223914], [120.681951, 24.22419], [120.682021, 24.224234], [120.681882, 24.224483], [120.68175, 24.224414], [120.681338, 24.226096], [120.681124, 24.226144], [120.681504, 24.226599], [120.681701, 24.226593], [120.681662, 24.226431], [120.681541, 24.226394], [120.681619, 24.22632], [120.681447, 24.226185], [120.681346, 24.226258], [120.681464, 24.226122], [120.681694, 24.226065], [120.681038, 24.226375], [120.681215, 24.226599], [120.680998, 24.226867], [120.681657, 24.226826], [120.680213, 24.226896], [120.680036, 24.226957], [120.680229, 24.227085], [120.679037, 24.227252], [120.678587, 24.227514], [120.678498, 24.227709], [120.6789, 24.227839], [120.679142, 24.227829], [120.67915, 24.22791], [120.679271, 24.227906], [120.679159, 24.227538], [120.678974, 24.227703], [120.679136, 24.227783], [120.678856, 24.227114], [120.679008, 24.226953], [120.678108, 24.225908], [120.677634, 24.2257], [120.677769, 24.224953], [120.677948, 24.224892], [120.67714, 24.223604], [120.676845, 24.222892], [120.676561, 24.222919], [120.675364, 24.222479], [120.674779, 24.222632], [120.674641, 24.221912], [120.674331, 24.221914], [120.674101, 24.222216], [120.673955, 24.221672], [120.674016, 24.221145], [120.673969, 24.220784], [120.674171, 24.220928], [120.674216, 24.221115], [120.674201, 24.220652], [120.674701, 24.220917], [120.67585, 24.220265], [120.676047, 24.221143], [120.676741, 24.220925], [120.677088, 24.220519], [120.677096, 24.220399], [120.676685, 24.219724], [120.676706, 24.218613], [120.677173, 24.21808], [120.676683, 24.217868], [120.678175, 24.21879], [120.678531, 24.219206], [120.679095, 24.21866], [120.680554, 24.221772], [120.680355, 24.221838], [120.680281, 24.221572], [120.680532, 24.222063], [120.680386, 24.222111], [120.680161, 24.222378], [120.680312, 24.222512], [120.680212, 24.222602], [120.679934, 24.222373], [120.67994, 24.222253], [120.680114, 24.222345], [120.680294, 24.222674], [120.679825, 24.223189], [120.680119, 24.22377], [120.684133, 24.223327], [120.684616, 24.222487], [120.684751, 24.222051], [120.684755, 24.221656], [120.685602, 24.222817], [120.68586, 24.225178], [120.68569, 24.226885], [120.685411, 24.226898], [120.685391, 24.227051], [120.68571, 24.227041], [120.685737, 24.226897], [120.686278, 24.226907], [120.686263, 24.22704], [120.685877, 24.227052], [120.685898, 24.22722], [120.68669, 24.227184], [120.686691, 24.227039], [120.686345, 24.227046], [120.686367, 24.227385], [120.686773, 24.227375], [120.686996, 24.22757], [120.687428, 24.227176], [120.687416, 24.227077], [120.687128, 24.226789], [120.687168, 24.226756], [120.686991, 24.22684], [120.687477, 24.226654], [120.68758, 24.227801], [120.687842, 24.227977], [120.687989, 24.227778], [120.688154, 24.228761], [120.688299, 24.228945], [120.68882, 24.228852], [120.689056, 24.22871], [120.689004, 24.229218], [120.689638, 24.229788], [120.688981, 24.230057], [120.688358, 24.229948], [120.688227, 24.230542], [120.687742, 24.230458], [120.6874, 24.230967], [120.687159, 24.230783], [120.686818, 24.230791], [120.68624, 24.231483], [120.685729, 24.231544], [120.685777, 24.231233], [120.685259, 24.231592], [120.68496, 24.231574], [120.684776, 24.231684], [120.684524, 24.231122], [120.6846, 24.231098], [120.684727, 24.231363], [120.684214, 24.231349], [120.684245, 24.231652], [120.683929, 24.231239], [120.68381, 24.23086], [120.683017, 24.230987], [120.682481, 24.230706], [120.68243, 24.230784], [120.682312, 24.230734], [120.682989, 24.23111], [120.682862, 24.231253], [120.682169, 24.230862], [120.682213, 24.231004], [120.682685, 24.231297], [120.682519, 24.230904], [120.682839, 24.230723], [120.683051, 24.229937], [120.682989, 24.229781], [120.683461, 24.229753], [120.683409, 24.229604], [120.683269, 24.229535], [120.68331, 24.229294], [120.683764, 24.229089], [120.683613, 24.22887], [120.684144, 24.22931], [120.683855, 24.229722], [120.683603, 24.229904], [120.684284, 24.230308], [120.684736, 24.230735], [120.684883, 24.231094], [120.685664, 24.230587], [120.686551, 24.229831], [120.686332, 24.229175], [120.68671, 24.229158], [120.685987, 24.228473], [120.685721, 24.227714], [120.685728, 24.227417], [120.685459, 24.227422], [120.685536, 24.227515], [120.68554, 24.227744], [120.685867, 24.227668], [120.685853, 24.227387], [120.686245, 24.227385], [120.686202, 24.22762], [120.686043, 24.22762], [120.686047, 24.227502], [120.685849, 24.227221], [120.685396, 24.227204], [120.685264, 24.227046], [120.684979, 24.228705], [120.685203, 24.229278], [120.68778, 24.229297], [120.687957, 24.22905], [120.68813, 24.229129], [120.687901, 24.229506], [120.687776, 24.229436], [120.687759, 24.228823], [120.688934, 24.230415], [120.689765, 24.230847], [120.689862, 24.231034], [120.690125, 24.231084], [120.690237, 24.230997], [120.69041, 24.231022], [120.6904, 24.231074], [120.690203, 24.231135], [120.689936, 24.230974], [120.689925, 24.230752], [120.690043, 24.230762], [120.690068, 24.230687], [120.689865, 24.230678], [120.689865, 24.230743], [120.690318, 24.230788], [120.69035, 24.230694], [120.690471, 24.23071], [120.690369, 24.230572], [120.690161, 24.230687], [120.689951, 24.230483], [120.690309, 24.230402], [120.68973, 24.231326], [120.689353, 24.231443], [120.689433, 24.231591], [120.689781, 24.231525], [120.689809, 24.231646], [120.689339, 24.231711], [120.689377, 24.231876], [120.689838, 24.231783], [120.689338, 24.23162], [120.689121, 24.231683], [120.689046, 24.231816], [120.689307, 24.231277], [120.688804, 24.232061], [120.688914, 24.232206], [120.689353, 24.2323], [120.689214, 24.232479], [120.688419, 24.232402], [120.688131, 24.23203], [120.688032, 24.231566], [120.68808, 24.231015], [120.687599, 24.232077]]}}, {"type": "Feature", "properties": {"district": "6601700", "segment": 20, "total_segments": 28, "km": 14.99, "villages": ["大富里", "大豐里"]}, "geometry": {"type": "LineString", "coordinates": [[120.687927, 24.232735], [120.687882, 24.232801], [120.688208, 24.232933], [120.687807, 24.233036], [120.687924, 24.23384], [120.688573, 24.23455], [120.68918, 24.234149], [120.689065, 24.233871], [120.689276, 24.233753], [120.689451, 24.233721], [120.689557, 24.233994], [120.690068, 24.233959], [120.690186, 24.2338], [120.690236, 24.233851], [120.690318, 24.2338], [120.690268, 24.233746], [120.690345, 24.233695], [120.690395, 24.233755], [120.690468, 24.233698], [120.690416, 24.233641], [120.690724, 24.233532], [120.690611, 24.233201], [120.690422, 24.233195], [120.690064, 24.232893], [120.690108, 24.23268], [120.690277, 24.232681], [120.689804, 24.232995], [120.689626, 24.232861], [120.689299, 24.233466], [120.690304, 24.234033], [120.691327, 24.23408], [120.691215, 24.234667], [120.690724, 24.234733], [120.690778, 24.234986], [120.690891, 24.235119], [120.690721, 24.235252], [120.690353, 24.235334], [120.690405, 24.234574], [120.690272, 24.234525], [120.68694, 24.234389], [120.686796, 24.234242], [120.68657, 24.234243], [120.686571, 24.234011], [120.686933, 24.234094], [120.68661, 24.233902], [120.686616, 24.233828], [120.686381, 24.233922], [120.686392, 24.233702], [120.685973, 24.233676], [120.685909, 24.233868], [120.68574, 24.233654], [120.686671, 24.232923], [120.681053, 24.231171], [120.680763, 24.230199], [120.680586, 24.230254], [120.680993, 24.229924], [120.681518, 24.229875], [120.681666, 24.229756], [120.682399, 24.229984], [120.682671, 24.229777], [120.682398, 24.229583], [120.682268, 24.228632], [120.681875, 24.228605], [120.681773, 24.228712], [120.679256, 24.229357], [120.679089, 24.229628], [120.679166, 24.229753], [120.678988, 24.229756], [120.679355, 24.229859], [120.685921, 24.220448], [120.686241, 24.220375], [120.686577, 24.221467], [120.686819, 24.221947], [120.686708, 24.222055], [120.686792, 24.222298], [120.686992, 24.222216], [120.686896, 24.222026], [120.687122, 24.221821], [120.687488, 24.221836], [120.687691, 24.221904], [120.687705, 24.222037], [120.687832, 24.222012], [120.687775, 24.221822], [120.687376, 24.22149], [120.689271, 24.22177], [120.689252, 24.222249], [120.689425, 24.223113], [120.688957, 24.223184], [120.688972, 24.223358], [120.689443, 24.223289], [120.689569, 24.223369], [120.690065, 24.223136], [120.689983, 24.223017], [120.690157, 24.22289], [120.690374, 24.222872], [120.690411, 24.222706], [120.690563, 24.222936], [120.690272, 24.223067], [120.69049, 24.223627], [120.690334, 24.223672], [120.690212, 24.224043], [120.690251, 24.224329], [120.69057, 24.224371], [120.690726, 24.223938], [120.690876, 24.224053], [120.690733, 24.224401], [120.690718, 24.224738], [120.690831, 24.224976], [120.690711, 24.225034], [120.690735, 24.225087], [120.690514, 24.225029], [120.690415, 24.225276], [120.690513, 24.225464], [120.690446, 24.225616], [120.690592, 24.226071], [120.690543, 24.226254], [120.690672, 24.226901], [120.690866, 24.226784], [120.69079, 24.226272], [120.690898, 24.226312], [120.690964, 24.226779], [120.690747, 24.227306], [120.690832, 24.227973], [120.691037, 24.227973], [120.691087, 24.228245], [120.691834, 24.227995], [120.692069, 24.22759], [120.691971, 24.22757], [120.691979, 24.227631], [120.691969, 24.227507], [120.692115, 24.227722], [120.691921, 24.228064], [120.692035, 24.228123], [120.692266, 24.227786], [120.692587, 24.228029], [120.692503, 24.22781], [120.692548, 24.227768], [120.692851, 24.227929], [120.692823, 24.228194], [120.693281, 24.22814], [120.693371, 24.22795], [120.693448, 24.227949], [120.692997, 24.227465], [120.692746, 24.226841], [120.692829, 24.226569], [120.693087, 24.226196], [120.693206, 24.226284], [120.693377, 24.226257], [120.69337, 24.226369], [120.69263, 24.225912], [120.692266, 24.225532], [120.692334, 24.22545], [120.692238, 24.225372], [120.692119, 24.225509], [120.69251, 24.225091], [120.692525, 24.224969], [120.693541, 24.224623], [120.693902, 24.224629], [120.693879, 24.224957], [120.69401, 24.224778], [120.694161, 24.225017], [120.694361, 24.224918], [120.694357, 24.224738], [120.694502, 24.224892], [120.694761, 24.224868], [120.694775, 24.225086], [120.694859, 24.225082], [120.694786, 24.225256], [120.694733, 24.225185], [120.694855, 24.225037], [120.69483, 24.224641], [120.694745, 24.224648], [120.694756, 24.224824], [120.694647, 24.224593], [120.694226, 24.224608], [120.694236, 24.224459], [120.693669, 24.224441], [120.693925, 24.224061], [120.694013, 24.224025], [120.694023, 24.224295], [120.694351, 24.224144], [120.694367, 24.22402], [120.694151, 24.224053], [120.694086, 24.22336], [120.693968, 24.223349], [120.693964, 24.223897], [120.693925, 24.223972], [120.693717, 24.22397], [120.693679, 24.223001], [120.693586, 24.223022], [120.693583, 24.222873], [120.693592, 24.224107], [120.6937, 24.224087], [120.693706, 24.224028], [120.693352, 24.224137], [120.693369, 24.224195], [120.693327, 24.222924], [120.69312, 24.222928], [120.693151, 24.223771], [120.693038, 24.223774], [120.693026, 24.223453], [120.692948, 24.223415], [120.693021, 24.223372], [120.693005, 24.223055], [120.692933, 24.223018], [120.693004, 24.222976], [120.692782, 24.223014], [120.692787, 24.223336], [120.692524, 24.223257], [120.692548, 24.223126], [120.69266, 24.223114], [120.692783, 24.2229], [120.692731, 24.22274], [120.692352, 24.222737], [120.692318, 24.222618], [120.692269, 24.220782], [120.692379, 24.220117], [120.692495, 24.220043], [120.692519, 24.219642], [120.692333, 24.219636], [120.692125, 24.219444], [120.691343, 24.21957], [120.691395, 24.21973], [120.691958, 24.219598], [120.692158, 24.220112], [120.692146, 24.220367], [120.691839, 24.22036], [120.691849, 24.220106], [120.691725, 24.219765], [120.691636, 24.21979], [120.691721, 24.220036], [120.691657, 24.220112], [120.691677, 24.220353], [120.691445, 24.220305], [120.690721, 24.220471], [120.690686, 24.220378], [120.691412, 24.22022], [120.691348, 24.22003], [120.690644, 24.220193], [120.690605, 24.220103], [120.690222, 24.220199], [120.690246, 24.22028], [120.690528, 24.220213], [120.690582, 24.220377], [120.6903, 24.220437], [120.690367, 24.220543], [120.690506, 24.220507], [120.690577, 24.220704], [120.691454, 24.220504], [120.691558, 24.220627], [120.691916, 24.220658], [120.691889, 24.220767], [120.69158, 24.220784], [120.691319, 24.220678], [120.690516, 24.220833], [120.690505, 24.220721], [120.689345, 24.22006], [120.689315, 24.219877], [120.68912, 24.220079], [120.688903, 24.219951], [120.689002, 24.220651], [120.688944, 24.220908], [120.689134, 24.221082], [120.688334, 24.220462], [120.689787, 24.221925], [120.689876, 24.222482], [120.691223, 24.222424], [120.691101, 24.222135], [120.691521, 24.221506], [120.691698, 24.221365], [120.691876, 24.221346], [120.691854, 24.221198], [120.691669, 24.221221], [120.691646, 24.221076], [120.691873, 24.221049], [120.692058, 24.221225], [120.691963, 24.220768], [120.692498, 24.220872], [120.692826, 24.22044], [120.692984, 24.220011], [120.69292, 24.219355], [120.693016, 24.219393], [120.693122, 24.219703], [120.693619, 24.219707], [120.693719, 24.219881], [120.69264, 24.219852], [120.692637, 24.220089], [120.692642, 24.219577], [120.693924, 24.2199], [120.694016, 24.220274], [120.694517, 24.220222], [120.69449, 24.220348], [120.69422, 24.220372], [120.694286, 24.220929], [120.69457, 24.220868], [120.694721, 24.220883], [120.694724, 24.220965], [120.694706, 24.220491], [120.694437, 24.220543], [120.694546, 24.220349], [120.694721, 24.220348], [120.69476, 24.220221], [120.69468, 24.220213], [120.695146, 24.220212], [120.695157, 24.220342], [120.694876, 24.220347], [120.694865, 24.220622], [120.6956, 24.220616], [120.695461, 24.220757], [120.69548, 24.221349], [120.695349, 24.221601], [120.695712, 24.221692], [120.69596, 24.221632], [120.696186, 24.221897], [120.696014, 24.221869], [120.695811, 24.222011], [120.695794, 24.221901], [120.696138, 24.221597], [120.696457, 24.221789], [120.696451, 24.221951], [120.696522, 24.221949], [120.696373, 24.2219], [120.696607, 24.221615], [120.695577, 24.221428], [120.695715, 24.221258], [120.695352, 24.22126], [120.695293, 24.220765], [120.6949, 24.220795], [120.694898, 24.221084], [120.69502, 24.221431], [120.694975, 24.221566], [120.695103, 24.221662]]}}, {"type": "Feature", "properties": {"district": "6601700", "segment": 21, "total_segments": 28, "km": 14.32, "villages": ["大豐里"]}, "geometry": {"type": "LineString", "coordinates": [[120.69527, 24.221346], [120.695093, 24.221176], [120.695127, 24.221043], [120.694683, 24.221229], [120.694481, 24.221095], [120.694505, 24.221034], [120.694315, 24.221095], [120.694354, 24.221237], [120.694661, 24.221365], [120.69432, 24.221414], [120.694467, 24.222239], [120.695065, 24.222212], [120.695187, 24.222345], [120.695352, 24.222375], [120.695397, 24.222513], [120.694549, 24.222566], [120.694539, 24.222716], [120.694977, 24.222707], [120.694989, 24.22294], [120.694884, 24.222944], [120.694882, 24.222817], [120.694734, 24.222826], [120.694736, 24.222952], [120.694616, 24.222949], [120.694611, 24.222827], [120.694403, 24.222845], [120.694388, 24.222721], [120.69421, 24.222747], [120.694278, 24.223415], [120.694621, 24.224417], [120.694281, 24.224455], [120.694904, 24.224431], [120.695269, 24.22433], [120.695422, 24.224264], [120.69541, 24.224061], [120.694896, 24.224196], [120.694901, 24.223983], [120.695624, 24.223915], [120.695659, 24.223018], [120.695419, 24.223205], [120.695426, 24.22351], [120.695353, 24.223529], [120.69466, 24.223469], [120.694639, 24.223346], [120.694478, 24.223214], [120.695301, 24.22322], [120.695098, 24.223341], [120.694701, 24.223345], [120.694517, 24.223525], [120.694717, 24.223978], [120.694845, 24.223649], [120.695443, 24.223626], [120.695643, 24.224167], [120.695976, 24.223732], [120.695974, 24.223539], [120.696262, 24.22381], [120.69656, 24.22385], [120.696774, 24.223779], [120.69683, 24.223883], [120.697465, 24.223694], [120.697448, 24.223553], [120.697583, 24.223499], [120.697682, 24.223476], [120.697755, 24.223596], [120.697657, 24.223622], [120.698338, 24.22336], [120.698623, 24.223374], [120.698824, 24.223274], [120.699338, 24.223284], [120.699465, 24.223354], [120.699697, 24.223201], [120.699373, 24.222979], [120.699298, 24.222989], [120.699827, 24.223667], [120.699886, 24.223418], [120.700204, 24.223213], [120.700125, 24.222911], [120.700238, 24.222832], [120.700089, 24.22279], [120.700006, 24.222504], [120.699893, 24.222535], [120.700013, 24.222924], [120.700482, 24.222944], [120.700786, 24.223307], [120.700665, 24.223526], [120.701158, 24.223819], [120.701099, 24.223109], [120.701281, 24.223081], [120.701357, 24.222964], [120.701056, 24.222118], [120.700664, 24.222336], [120.700589, 24.222057], [120.700207, 24.222516], [120.699876, 24.221882], [120.699865, 24.221068], [120.699589, 24.221168], [120.69912, 24.221094], [120.699777, 24.220588], [120.700202, 24.220756], [120.698347, 24.223089], [120.69772, 24.222999], [120.697579, 24.2228], [120.697083, 24.222688], [120.696978, 24.223246], [120.697602, 24.223308], [120.697375, 24.223557], [120.697857, 24.223759], [120.698004, 24.224045], [120.697869, 24.224083], [120.697742, 24.223923], [120.698242, 24.223751], [120.698965, 24.224721], [120.699711, 24.224049], [120.699627, 24.223625], [120.696629, 24.224579], [120.696426, 24.224862], [120.69638, 24.224705], [120.69624, 24.224669], [120.696235, 24.224823], [120.696116, 24.22495], [120.696386, 24.22521], [120.696503, 24.225132], [120.696316, 24.224975], [120.696276, 24.225018], [120.696528, 24.224949], [120.696601, 24.225002], [120.696729, 24.224868], [120.696539, 24.225166], [120.69604, 24.225144], [120.695768, 24.225688], [120.696178, 24.225921], [120.696801, 24.225934], [120.696761, 24.226102], [120.696184, 24.226061], [120.696175, 24.226199], [120.69681, 24.226228], [120.696822, 24.226107], [120.69664, 24.226339], [120.696198, 24.226321], [120.696642, 24.226935], [120.696796, 24.226767], [120.696857, 24.227073], [120.696493, 24.227461], [120.696043, 24.227318], [120.696019, 24.227185], [120.696031, 24.227977], [120.696211, 24.228457], [120.69632, 24.228466], [120.696286, 24.228208], [120.695896, 24.228318], [120.695174, 24.228621], [120.694926, 24.228651], [120.694571, 24.229075], [120.693828, 24.22925], [120.693344, 24.229239], [120.692991, 24.229466], [120.692558, 24.228797], [120.692548, 24.228632], [120.692187, 24.228132], [120.69223, 24.228056], [120.691839, 24.227844], [120.692469, 24.227374], [120.692248, 24.226971], [120.692176, 24.226386], [120.691768, 24.226894], [120.691054, 24.225085], [120.691082, 24.22479], [120.691662, 24.22502], [120.69201, 24.225012], [120.692015, 24.22481], [120.692266, 24.2248], [120.692238, 24.224466], [120.692467, 24.224459], [120.692349, 24.223035], [120.692631, 24.223426], [120.692551, 24.223516], [120.692615, 24.223772], [120.692791, 24.223759], [120.692796, 24.223527], [120.692524, 24.223781], [120.69286, 24.223976], [120.692879, 24.22408], [120.692793, 24.22408], [120.692935, 24.224403], [120.692476, 24.224522], [120.692506, 24.224767], [120.693302, 24.224967], [120.693422, 24.224413], [120.693972, 24.223323], [120.694059, 24.223005], [120.694066, 24.222716], [120.693779, 24.222703], [120.693742, 24.222592], [120.694039, 24.222576], [120.693998, 24.22243], [120.693899, 24.22247], [120.694196, 24.222489], [120.694198, 24.222563], [120.694195, 24.222348], [120.694371, 24.222388], [120.694366, 24.222265], [120.694674, 24.222082], [120.695063, 24.222017], [120.695442, 24.222214], [120.695626, 24.222408], [120.695663, 24.222611], [120.695335, 24.222917], [120.695044, 24.223061], [120.694427, 24.22306], [120.694406, 24.222886], [120.692937, 24.222738], [120.69257, 24.222294], [120.692616, 24.221517], [120.692482, 24.221515], [120.692466, 24.221345], [120.692582, 24.221345], [120.692555, 24.221173], [120.692797, 24.221633], [120.693093, 24.221517], [120.694057, 24.221469], [120.694126, 24.221478], [120.694152, 24.221798], [120.693959, 24.221924], [120.693703, 24.221946], [120.693694, 24.221691], [120.693825, 24.221694], [120.69383, 24.221815], [120.693534, 24.222188], [120.692892, 24.221872], [120.692084, 24.221919], [120.692131, 24.222217], [120.692063, 24.222435], [120.691841, 24.22231], [120.692081, 24.221809], [120.69205, 24.221513], [120.690535, 24.221541], [120.69067, 24.220088], [120.691381, 24.219918], [120.693931, 24.220738], [120.694091, 24.220684], [120.694054, 24.220506], [120.693973, 24.220501], [120.69386, 24.220853], [120.694195, 24.220134], [120.694133, 24.219912], [120.695033, 24.219848], [120.695273, 24.21992], [120.695283, 24.22034], [120.695199, 24.220345], [120.695575, 24.220338], [120.695455, 24.219808], [120.69527, 24.219853], [120.695118, 24.219714], [120.694161, 24.219733], [120.694055, 24.219708], [120.694013, 24.219572], [120.693835, 24.219598], [120.695242, 24.221854], [120.695644, 24.221889], [120.694961, 24.222419], [120.694768, 24.222422], [120.696184, 24.222687], [120.696565, 24.222536], [120.6966, 24.222934], [120.696085, 24.223095], [120.696442, 24.224075], [120.696565, 24.224032], [120.696238, 24.224139], [120.696174, 24.22451], [120.695106, 24.224777], [120.695096, 24.225237], [120.694538, 24.225518], [120.694543, 24.227111], [120.694062, 24.227494], [120.69357, 24.228875], [120.693851, 24.230133], [120.693624, 24.230107], [120.69379, 24.230816], [120.69463, 24.230829], [120.695256, 24.230523], [120.695587, 24.2307], [120.695691, 24.230455], [120.694639, 24.230106], [120.695425, 24.229397], [120.695367, 24.229007], [120.695718, 24.22678], [120.696205, 24.226602], [120.696868, 24.225656], [120.697652, 24.225452]]}}, {"type": "Feature", "properties": {"district": "6601700", "segment": 22, "total_segments": 28, "km": 14.96, "villages": ["大豐里", "栗林里"]}, "geometry": {"type": "LineString", "coordinates": [[120.689871, 24.224707], [120.689938, 24.225166], [120.689767, 24.225409], [120.689822, 24.225726], [120.689974, 24.225876], [120.689581, 24.226088], [120.689265, 24.225451], [120.689518, 24.225323], [120.689053, 24.22556], [120.688862, 24.225465], [120.688877, 24.225749], [120.688356, 24.225562], [120.687476, 24.225614], [120.687537, 24.22575], [120.687733, 24.225704], [120.687844, 24.22516], [120.688086, 24.225094], [120.687998, 24.22476], [120.688173, 24.224717], [120.688145, 24.224638], [120.688287, 24.225093], [120.688415, 24.225068], [120.688301, 24.224625], [120.688461, 24.224367], [120.688753, 24.224317], [120.688771, 24.224387], [120.688068, 24.224344], [120.688022, 24.224158], [120.687471, 24.224388], [120.687076, 24.223672], [120.686937, 24.223038], [120.688666, 24.223093], [120.688851, 24.223427], [120.689686, 24.223946], [120.689777, 24.224367], [120.688501, 24.225421], [120.688352, 24.22539], [120.688125, 24.226958], [120.687981, 24.226894], [120.688051, 24.226642], [120.687845, 24.22728], [120.688295, 24.226954], [120.687709, 24.226712], [120.688492, 24.227811], [120.688923, 24.227498], [120.689077, 24.227274], [120.689315, 24.227223], [120.689598, 24.227281], [120.689556, 24.227436], [120.689422, 24.22747], [120.690043, 24.227297], [120.690101, 24.227508], [120.689637, 24.226761], [120.689191, 24.226698], [120.690162, 24.226424], [120.690166, 24.22636], [120.689344, 24.228201], [120.68911, 24.228492], [120.68988, 24.228819], [120.690065, 24.228412], [120.689844, 24.228923], [120.690429, 24.230726], [120.701517, 24.225712], [120.701912, 24.225361], [120.701803, 24.225115], [120.701897, 24.225054], [120.701688, 24.224705], [120.701685, 24.224522], [120.70232, 24.224509], [120.702611, 24.224639], [120.702604, 24.224481], [120.702827, 24.22448], [120.702863, 24.224305], [120.703037, 24.224477], [120.703284, 24.224476], [120.70341, 24.224834], [120.703492, 24.224832], [120.703796, 24.22465], [120.703705, 24.223985], [120.702608, 24.22413], [120.702382, 24.22361], [120.70255, 24.223572], [120.702609, 24.223415], [120.702227, 24.2239], [120.701896, 24.224], [120.701871, 24.224099], [120.701776, 24.224008], [120.701484, 24.224121], [120.701624, 24.224523], [120.701932, 24.224785], [120.702136, 24.224682], [120.702193, 24.224814], [120.701984, 24.22488], [120.702123, 24.225106], [120.701977, 24.225163], [120.702378, 24.22501], [120.702524, 24.225164], [120.702489, 24.225236], [120.702694, 24.225213], [120.702848, 24.225465], [120.702915, 24.225618], [120.702531, 24.225798], [120.702543, 24.225923], [120.702635, 24.225892], [120.702674, 24.22597], [120.702588, 24.226091], [120.702646, 24.226205], [120.702764, 24.226162], [120.702905, 24.225974], [120.702869, 24.22589], [120.703086, 24.226027], [120.702453, 24.226001], [120.702391, 24.226152], [120.702738, 24.226718], [120.702572, 24.226849], [120.702782, 24.227205], [120.702887, 24.227245], [120.702775, 24.227306], [120.703014, 24.227197], [120.703206, 24.227505], [120.703158, 24.227238], [120.702958, 24.2271], [120.702809, 24.226856], [120.703539, 24.227], [120.703662, 24.227423], [120.703409, 24.227616], [120.703337, 24.227779], [120.703514, 24.227805], [120.703746, 24.228121], [120.703613, 24.228232], [120.703763, 24.228493], [120.703956, 24.22822], [120.704162, 24.228244], [120.704105, 24.22862], [120.704352, 24.228635], [120.704545, 24.228404], [120.704579, 24.228204], [120.704752, 24.228204], [120.704725, 24.228112], [120.704476, 24.228201], [120.704161, 24.228149], [120.70416, 24.227774], [120.704392, 24.227392], [120.704633, 24.227398], [120.704708, 24.227884], [120.704994, 24.227905], [120.70503, 24.227844], [120.705056, 24.22815], [120.70499, 24.228266], [120.70484, 24.228282], [120.704859, 24.228348], [120.70552, 24.227957], [120.705436, 24.227686], [120.705337, 24.227838], [120.706051, 24.228334], [120.706383, 24.228808], [120.706518, 24.229111], [120.706429, 24.22914], [120.707245, 24.228873], [120.707301, 24.229036], [120.70664, 24.22929], [120.706771, 24.229484], [120.70705, 24.230431], [120.706889, 24.230465], [120.706932, 24.230689], [120.706886, 24.230802], [120.706732, 24.230837], [120.706671, 24.23107], [120.706961, 24.231105], [120.707033, 24.230974], [120.707042, 24.231306], [120.707696, 24.231028], [120.707724, 24.231085], [120.707722, 24.230691], [120.707534, 24.2306], [120.707554, 24.230396], [120.707424, 24.230457], [120.707361, 24.230098], [120.70746, 24.230088], [120.707572, 24.23025], [120.707791, 24.230017], [120.707923, 24.23008], [120.707957, 24.229976], [120.707935, 24.229748], [120.707739, 24.229799], [120.707627, 24.229597], [120.707621, 24.229517], [120.707784, 24.229496], [120.707526, 24.229257], [120.707721, 24.228779], [120.707537, 24.22879], [120.707356, 24.228635], [120.707086, 24.228599], [120.706903, 24.228456], [120.706798, 24.228324], [120.706924, 24.228213], [120.706944, 24.228042], [120.706787, 24.22807], [120.706638, 24.227776], [120.706627, 24.227557], [120.706271, 24.227355], [120.706067, 24.227356], [120.705923, 24.22717], [120.706586, 24.227155], [120.706795, 24.226806], [120.707043, 24.226777], [120.706907, 24.22648], [120.706657, 24.226467], [120.70661, 24.226376], [120.706399, 24.226512], [120.706218, 24.22645], [120.706151, 24.226573], [120.705785, 24.226812], [120.705543, 24.22664], [120.705663, 24.226391], [120.705586, 24.226095], [120.705945, 24.225922], [120.705977, 24.225843], [120.705889, 24.225848], [120.706107, 24.226005], [120.70598, 24.226019], [120.706203, 24.226136], [120.706482, 24.225822], [120.706664, 24.225975], [120.707413, 24.225825], [120.707494, 24.226323], [120.707861, 24.226213], [120.707939, 24.226469], [120.707629, 24.226781], [120.70767, 24.227188], [120.707876, 24.227772], [120.708735, 24.228468], [120.709549, 24.228279], [120.709428, 24.2284], [120.709073, 24.228482], [120.709137, 24.228672], [120.709398, 24.228622], [120.709335, 24.228719], [120.709054, 24.228828], [120.70924, 24.229529], [120.709191, 24.229559], [120.709958, 24.229387], [120.709976, 24.229484], [120.710175, 24.229506], [120.71013, 24.229346], [120.70989, 24.229505], [120.709436, 24.229613], [120.709428, 24.229784], [120.710296, 24.229706], [120.710309, 24.229872], [120.709675, 24.229934], [120.709656, 24.230187], [120.709569, 24.230196], [120.709645, 24.230689], [120.709951, 24.231578], [120.710107, 24.23154], [120.710159, 24.231686], [120.71091, 24.23162], [120.710914, 24.231738], [120.711007, 24.231731], [120.710714, 24.231781], [120.710735, 24.231919], [120.711018, 24.231917], [120.711017, 24.232689], [120.711227, 24.232636], [120.711257, 24.232538], [120.711157, 24.231499], [120.711222, 24.231294], [120.71115, 24.231215], [120.711254, 24.231106], [120.711485, 24.231106], [120.711505, 24.2314], [120.711662, 24.231405], [120.711628, 24.230502], [120.711444, 24.230496], [120.711492, 24.230945], [120.711376, 24.230962], [120.711333, 24.230463], [120.711442, 24.230445], [120.71141, 24.230131], [120.71185, 24.230101], [120.711853, 24.230163], [120.71199, 24.23016], [120.712063, 24.230421], [120.712393, 24.230368], [120.712375, 24.230262], [120.712195, 24.230267], [120.712158, 24.229708], [120.714038, 24.229565], [120.713863, 24.229813], [120.713797, 24.230261], [120.713684, 24.230233], [120.713758, 24.229755], [120.71349, 24.229866], [120.713553, 24.230187], [120.713342, 24.230221], [120.713307, 24.22978], [120.713438, 24.229808], [120.713425, 24.229939], [120.71318, 24.229996], [120.713193, 24.230147], [120.712848, 24.230225], [120.712858, 24.230321], [120.713199, 24.230305], [120.713216, 24.230496], [120.71305, 24.230749], [120.713401, 24.230728], [120.713358, 24.230285], [120.713512, 24.230435], [120.713859, 24.230438], [120.713749, 24.230525], [120.712922, 24.230515], [120.712954, 24.230846], [120.712767, 24.230774], [120.712753, 24.230526], [120.712553, 24.230541], [120.712536, 24.230813], [120.71271, 24.23095], [120.712369, 24.230654], [120.712348, 24.23053], [120.71224, 24.230689], [120.712083, 24.230647], [120.711966, 24.229742], [120.711292, 24.229787], [120.711301, 24.229941], [120.711722, 24.229906], [120.711835, 24.229976], [120.711803, 24.229579], [120.711061, 24.229627], [120.710962, 24.229317], [120.710771, 24.229406], [120.710803, 24.22966], [120.710603, 24.229677], [120.710609, 24.229948], [120.711367, 24.230134], [120.711052, 24.230401], [120.711128, 24.231069], [120.710939, 24.230987], [120.710877, 24.230484], [120.710495, 24.230507], [120.71047, 24.230416], [120.710855, 24.230347], [120.710725, 24.230659], [120.710361, 24.230663], [120.710444, 24.230751], [120.710714, 24.230748], [120.710668, 24.231036], [120.710585, 24.231041], [120.71067, 24.231142], [120.710351, 24.23117], [120.710434, 24.230976], [120.710336, 24.230944], [120.710357, 24.230788], [120.710174, 24.230803], [120.710134, 24.230689], [120.710206, 24.231012], [120.710114, 24.23119], [120.709919, 24.23105], [120.709845, 24.230849], [120.709805, 24.230594], [120.709941, 24.230582], [120.709922, 24.23046], [120.710412, 24.230418], [120.71034, 24.230543], [120.710135, 24.230273], [120.710125, 24.230067], [120.71, 24.230074], [120.710022, 24.230276], [120.709874, 24.230459], [120.709736, 24.230461], [120.709705, 24.230262], [120.709556, 24.230146], [120.709482, 24.229958], [120.709305, 24.22998]]}}, {"type": "Feature", "properties": {"district": "6601700", "segment": 23, "total_segments": 28, "km": 14.99, "villages": ["栗林里"]}, "geometry": {"type": "LineString", "coordinates": [[120.709662, 24.231284], [120.709419, 24.231341], [120.709408, 24.231459], [120.709689, 24.231381], [120.710079, 24.231439], [120.710097, 24.231509], [120.710327, 24.231488], [120.710314, 24.231427], [120.710299, 24.231797], [120.709922, 24.231892], [120.710067, 24.232067], [120.71014, 24.232361], [120.710259, 24.232345], [120.710191, 24.232071], [120.710314, 24.232058], [120.710407, 24.232428], [120.710276, 24.23247], [120.71027, 24.232397], [120.710377, 24.232692], [120.710645, 24.232638], [120.710606, 24.23292], [120.710976, 24.232706], [120.711143, 24.232844], [120.71117, 24.232969], [120.7113, 24.232979], [120.711239, 24.232685], [120.711545, 24.232641], [120.711596, 24.232555], [120.711499, 24.231762], [120.710966, 24.231463], [120.711307, 24.231196], [120.710407, 24.23184], [120.709929, 24.232492], [120.710176, 24.232941], [120.71018, 24.233511], [120.710256, 24.233681], [120.710775, 24.233794], [120.711215, 24.233662], [120.711866, 24.233645], [120.711839, 24.233507], [120.711876, 24.233847], [120.711687, 24.233923], [120.711665, 24.233841], [120.711277, 24.234252], [120.711126, 24.234127], [120.710877, 24.234385], [120.710631, 24.234483], [120.710447, 24.234376], [120.710954, 24.234692], [120.710997, 24.234636], [120.711119, 24.234996], [120.711246, 24.235153], [120.711419, 24.235176], [120.711417, 24.235307], [120.711536, 24.235273], [120.711602, 24.235037], [120.712164, 24.234897], [120.711923, 24.234787], [120.711441, 24.234918], [120.711403, 24.234765], [120.711877, 24.234632], [120.711476, 24.234579], [120.711212, 24.234834], [120.711052, 24.235329], [120.711358, 24.235728], [120.711523, 24.235594], [120.710778, 24.23584], [120.710385, 24.235721], [120.710127, 24.235751], [120.710218, 24.235996], [120.710397, 24.235972], [120.710099, 24.235701], [120.710084, 24.235362], [120.710369, 24.235368], [120.709911, 24.234974], [120.709761, 24.234687], [120.709778, 24.234367], [120.709579, 24.234207], [120.709701, 24.234093], [120.709264, 24.233183], [120.708954, 24.233289], [120.708936, 24.233421], [120.709511, 24.235191], [120.709355, 24.235197], [120.709582, 24.235379], [120.70966, 24.235554], [120.70959, 24.235621], [120.709692, 24.235681], [120.709888, 24.236228], [120.709505, 24.235777], [120.708965, 24.235933], [120.708522, 24.23589], [120.708298, 24.236056], [120.707905, 24.236039], [120.708747, 24.235688], [120.708295, 24.234052], [120.707977, 24.233834], [120.70773, 24.233497], [120.707171, 24.233552], [120.707183, 24.233398], [120.707521, 24.23326], [120.707561, 24.232836], [120.707718, 24.232904], [120.707748, 24.233251], [120.707893, 24.233469], [120.708129, 24.233467], [120.708041, 24.233116], [120.708316, 24.233292], [120.708506, 24.233257], [120.708298, 24.233523], [120.708877, 24.233158], [120.708659, 24.23231], [120.709067, 24.232358], [120.709096, 24.232167], [120.708892, 24.231407], [120.708911, 24.231155], [120.708566, 24.229045], [120.708144, 24.229189], [120.708366, 24.229859], [120.708407, 24.230266], [120.708343, 24.230419], [120.708484, 24.231084], [120.707786, 24.231232], [120.707899, 24.231412], [120.707992, 24.231396], [120.707414, 24.231472], [120.707233, 24.231668], [120.707175, 24.231966], [120.707467, 24.23227], [120.707698, 24.232275], [120.707708, 24.232094], [120.707774, 24.232464], [120.707706, 24.232732], [120.707923, 24.232779], [120.708172, 24.23258], [120.70743, 24.232638], [120.707437, 24.232718], [120.706997, 24.232714], [120.706993, 24.232607], [120.707194, 24.232482], [120.707409, 24.232478], [120.707323, 24.232965], [120.706995, 24.232833], [120.706655, 24.232903], [120.706825, 24.233255], [120.70672, 24.233464], [120.706426, 24.233508], [120.706157, 24.233489], [120.705963, 24.233091], [120.705772, 24.23293], [120.706095, 24.232698], [120.706138, 24.232528], [120.706264, 24.232666], [120.706418, 24.232667], [120.706399, 24.233003], [120.706283, 24.233035], [120.706428, 24.232107], [120.706219, 24.231996], [120.706202, 24.231878], [120.706831, 24.231892], [120.706896, 24.232149], [120.70668, 24.232172], [120.706704, 24.231342], [120.706891, 24.231326], [120.705992, 24.231394], [120.705859, 24.23132], [120.705628, 24.231429], [120.705034, 24.231511], [120.704913, 24.231131], [120.704513, 24.230678], [120.704443, 24.23047], [120.704489, 24.230252], [120.704337, 24.230134], [120.70435, 24.229978], [120.704159, 24.229448], [120.704504, 24.229403], [120.704464, 24.228951], [120.704601, 24.228784], [120.704754, 24.229353], [120.705109, 24.229328], [120.705161, 24.229493], [120.70457, 24.229603], [120.70491, 24.229824], [120.705446, 24.229822], [120.705853, 24.230069], [120.70595, 24.230494], [120.705716, 24.230456], [120.705591, 24.230771], [120.705767, 24.230727], [120.706023, 24.230788], [120.705889, 24.230972], [120.706154, 24.231118], [120.705459, 24.231182], [120.705434, 24.230993], [120.705251, 24.230764], [120.705224, 24.230518], [120.705007, 24.230465], [120.704838, 24.230011], [120.705166, 24.229975], [120.705516, 24.229514], [120.70538, 24.229277], [120.705904, 24.229481], [120.706136, 24.229491], [120.706405, 24.229386], [120.706624, 24.229597], [120.706578, 24.229783], [120.70664, 24.230082], [120.706172, 24.229998], [120.705917, 24.229836], [120.70674, 24.230731], [120.707951, 24.230426], [120.707992, 24.230906], [120.708158, 24.230922], [120.708139, 24.230645], [120.708556, 24.231359], [120.708513, 24.23195], [120.709215, 24.232552], [120.708944, 24.234073], [120.708794, 24.23422], [120.708074, 24.234406], [120.707282, 24.233916], [120.707128, 24.234268], [120.706789, 24.234453], [120.706885, 24.234569], [120.706842, 24.234726], [120.706731, 24.234793], [120.706524, 24.234492], [120.70672, 24.233877], [120.705658, 24.232526], [120.705485, 24.232222], [120.705442, 24.231787], [120.705507, 24.23167], [120.705622, 24.231646], [120.705621, 24.231771], [120.707187, 24.229685], [120.707328, 24.229626], [120.707607, 24.229865], [120.707857, 24.228885], [120.708092, 24.228863], [120.708104, 24.228667], [120.709023, 24.228697], [120.709214, 24.228955], [120.709368, 24.228922], [120.709392, 24.228988], [120.709225, 24.229025], [120.709278, 24.229223], [120.710072, 24.22913], [120.710309, 24.228936], [120.710525, 24.228926], [120.710453, 24.228806], [120.710433, 24.228198], [120.710409, 24.228128], [120.710224, 24.228129], [120.710173, 24.227817], [120.710466, 24.227803], [120.710451, 24.227872], [120.710074, 24.227894], [120.710042, 24.228732], [120.710184, 24.228761], [120.710225, 24.228175], [120.71064, 24.228153], [120.710653, 24.228308], [120.710577, 24.228384], [120.710682, 24.22846], [120.71074, 24.229319], [120.710443, 24.2293], [120.710236, 24.228803], [120.709731, 24.228882], [120.709761, 24.228422], [120.70959, 24.228588], [120.709559, 24.228867], [120.709448, 24.228975], [120.709499, 24.229266], [120.709321, 24.2293], [120.70958, 24.229251], [120.709379, 24.229786], [120.709242, 24.229798], [120.709016, 24.228191], [120.709417, 24.228092], [120.70941, 24.228022], [120.708972, 24.228112], [120.709466, 24.22801], [120.709495, 24.228087], [120.710066, 24.227786], [120.710031, 24.227605], [120.709955, 24.227623], [120.710608, 24.227513], [120.710638, 24.22811], [120.71082, 24.228087], [120.710901, 24.228189], [120.710858, 24.228418], [120.71147, 24.228412], [120.711557, 24.228513], [120.711918, 24.228508], [120.711967, 24.228767], [120.712197, 24.228968], [120.712152, 24.229119], [120.711902, 24.229178], [120.711953, 24.229323], [120.711892, 24.229571], [120.711608, 24.22945], [120.711621, 24.229073], [120.71168, 24.229072], [120.711402, 24.229099], [120.711241, 24.229277], [120.710908, 24.228969], [120.710879, 24.228677], [120.711202, 24.228295], [120.711164, 24.228], [120.711319, 24.227986], [120.711346, 24.228241], [120.711297, 24.228292], [120.711317, 24.227829], [120.711417, 24.227811], [120.711407, 24.227617], [120.710908, 24.227653], [120.710961, 24.227858], [120.711073, 24.227853], [120.710825, 24.228005], [120.710607, 24.227464], [120.710906, 24.226934], [120.71161, 24.22659], [120.711524, 24.226355], [120.711262, 24.226351], [120.711527, 24.22606], [120.711581, 24.225707], [120.711815, 24.225829], [120.711937, 24.225724], [120.71222, 24.225765], [120.712587, 24.226008], [120.712433, 24.226146], [120.712606, 24.225905], [120.712435, 24.225819], [120.711883, 24.22621], [120.711799, 24.226406], [120.71198, 24.226936], [120.711965, 24.22746], [120.71185, 24.227575], [120.711457, 24.22761], [120.711449, 24.227358], [120.711889, 24.227316], [120.71204, 24.22773], [120.711681, 24.227793], [120.711397, 24.227361], [120.712064, 24.228189], [120.71209, 24.228334], [120.711619, 24.228694], [120.712614, 24.229054], [120.712639, 24.229507], [120.7125, 24.229521], [120.713373, 24.229437], [120.713808, 24.229315], [120.713579, 24.228822], [120.713561, 24.228572], [120.71318, 24.228647], [120.713153, 24.228413], [120.71316, 24.228998], [120.713073, 24.229109], [120.713168, 24.229834], [120.712832, 24.229835], [120.712838, 24.230034]]}}, {"type": "Feature", "properties": {"district": "6601700", "segment": 24, "total_segments": 28, "km": 14.97, "villages": ["栗林里", "新田里"]}, "geometry": {"type": "LineString", "coordinates": [[120.712724, 24.230021], [120.712718, 24.22983], [120.712483, 24.229861], [120.712475, 24.230239], [120.712564, 24.230235], [120.712553, 24.230346], [120.712764, 24.230331], [120.712726, 24.230074], [120.712367, 24.230119], [120.712364, 24.229849], [120.712209, 24.229539], [120.713145, 24.227931], [120.713507, 24.227947], [120.71362, 24.228089], [120.71292, 24.226881], [120.712533, 24.226583], [120.71237, 24.226766], [120.710886, 24.226117], [120.710021, 24.226627], [120.709631, 24.226542], [120.709718, 24.226238], [120.70947, 24.226065], [120.709221, 24.226059], [120.70874, 24.225839], [120.708953, 24.225508], [120.709061, 24.225569], [120.709542, 24.225551], [120.709263, 24.226558], [120.708743, 24.226921], [120.708621, 24.226867], [120.708604, 24.226683], [120.708691, 24.226661], [120.709114, 24.227007], [120.70774, 24.22566], [120.707483, 24.224611], [120.707033, 24.224575], [120.706985, 24.2243], [120.707392, 24.224257], [120.70721, 24.225008], [120.707018, 24.225155], [120.707026, 24.225379], [120.70734, 24.225494], [120.707382, 24.225658], [120.706875, 24.225754], [120.706925, 24.226207], [120.705765, 24.226249], [120.705178, 24.225982], [120.705343, 24.225744], [120.705168, 24.225215], [120.705237, 24.225067], [120.70443, 24.224996], [120.704583, 24.225347], [120.70436, 24.225426], [120.704257, 24.226389], [120.703713, 24.226566], [120.70236, 24.225852], [120.702267, 24.225703], [120.702136, 24.225908], [120.702298, 24.224804], [120.702017, 24.224163], [120.706303, 24.225023], [120.70632, 24.225235], [120.706448, 24.224643], [120.706343, 24.227953], [120.706459, 24.228472], [120.70668, 24.228454], [120.707148, 24.228236], [120.703888, 24.22908], [120.707001, 24.235726], [120.709172, 24.23461], [120.710947, 24.233126], [120.712032, 24.232898], [120.712018, 24.232574], [120.712212, 24.232366], [120.722157, 24.221155], [120.722074, 24.220974], [120.722172, 24.220743], [120.722421, 24.220511], [120.722642, 24.220426], [120.722001, 24.220822], [120.724212, 24.221422], [120.72424, 24.221624], [120.724776, 24.220106], [120.724342, 24.219676], [120.724385, 24.21948], [120.724454, 24.219428], [120.724788, 24.219855], [120.725415, 24.220283], [120.725737, 24.219846], [120.725513, 24.218563], [120.725207, 24.218434], [120.724804, 24.21855], [120.724532, 24.21832], [120.724516, 24.218207], [120.724168, 24.2183], [120.724035, 24.218426], [120.723788, 24.218444], [120.723904, 24.219506], [120.723987, 24.219667], [120.724035, 24.2193], [120.724221, 24.219364], [120.724253, 24.218607], [120.72417, 24.218603], [120.723949, 24.218216], [120.724014, 24.217977], [120.723821, 24.217918], [120.723851, 24.217581], [120.723559, 24.217754], [120.723561, 24.217889], [120.723462, 24.217325], [120.723742, 24.217112], [120.72367, 24.216311], [120.723354, 24.216372], [120.722956, 24.215967], [120.722644, 24.215918], [120.722413, 24.21571], [120.723108, 24.215343], [120.723458, 24.215375], [120.723584, 24.215117], [120.723746, 24.215235], [120.724272, 24.214528], [120.724384, 24.214219], [120.723177, 24.214322], [120.723064, 24.214038], [120.722805, 24.214182], [120.722925, 24.214676], [120.723216, 24.214636], [120.72329, 24.214731], [120.723187, 24.213727], [120.723555, 24.21296], [120.723459, 24.212755], [120.723659, 24.2121], [120.723978, 24.211506], [120.724026, 24.211052], [120.723955, 24.210632], [120.72452, 24.210474], [120.723814, 24.20987], [120.723886, 24.209779], [120.723774, 24.209584], [120.723871, 24.209483], [120.721981, 24.209643], [120.722046, 24.209833], [120.721516, 24.210476], [120.722418, 24.210811], [120.722329, 24.211329], [120.722567, 24.212227], [120.722304, 24.212469], [120.722306, 24.212628], [120.722669, 24.212682], [120.722698, 24.21277], [120.722176, 24.212282], [120.721646, 24.21197], [120.719924, 24.211521], [120.719492, 24.210615], [120.719259, 24.209564], [120.719316, 24.209463], [120.719197, 24.209182], [120.720805, 24.208779], [120.721079, 24.2085], [120.721572, 24.207809], [120.721245, 24.2073], [120.721784, 24.207945], [120.72253, 24.206987], [120.723081, 24.206817], [120.723025, 24.207372], [120.723534, 24.20808], [120.724192, 24.208342], [120.724666, 24.206726], [120.724402, 24.206091], [120.72466, 24.206188], [120.724113, 24.206028], [120.724032, 24.205902], [120.723764, 24.206276], [120.723225, 24.205793], [120.722285, 24.205405], [120.722097, 24.20551], [120.722144, 24.205556], [120.722013, 24.20545], [120.722086, 24.205175], [120.722227, 24.20527], [120.722715, 24.204651], [120.721665, 24.206549], [120.719636, 24.206246], [120.718912, 24.206778], [120.718872, 24.206969], [120.71904, 24.207006], [120.718492, 24.206346], [120.719611, 24.207819]]}}, {"type": "Feature", "properties": {"district": "6601700", "segment": 25, "total_segments": 28, "km": 14.83, "villages": ["新田里"]}, "geometry": {"type": "LineString", "coordinates": [[120.717723, 24.208872], [120.719185, 24.212897], [120.719472, 24.212899], [120.719652, 24.213018], [120.719734, 24.213199], [120.719503, 24.213215], [120.71968, 24.212796], [120.719764, 24.213749], [120.719514, 24.214192], [120.720059, 24.214404], [120.720211, 24.214159], [120.720133, 24.214177], [120.720287, 24.214283], [120.720187, 24.214464], [120.720315, 24.214236], [120.719236, 24.214706], [120.720658, 24.216756], [120.720912, 24.216649], [120.722513, 24.21709], [120.722951, 24.217008], [120.724037, 24.217031], [120.724415, 24.217684], [120.724234, 24.217944], [120.723481, 24.218646], [120.722789, 24.218258], [120.725418, 24.217878], [120.725997, 24.21797], [120.725854, 24.218214], [120.725994, 24.218333], [120.725003, 24.216807], [120.724853, 24.216387], [120.723774, 24.215858], [120.72391, 24.215584], [120.725115, 24.215142], [120.726476, 24.215177], [120.726346, 24.215839], [120.726578, 24.215843], [120.726659, 24.216229], [120.727048, 24.216067], [120.727513, 24.216008], [120.727684, 24.215837], [120.727437, 24.215337], [120.7273, 24.214596], [120.727958, 24.21438], [120.728307, 24.214031], [120.728061, 24.213487], [120.727422, 24.213908], [120.727236, 24.212929], [120.726724, 24.212065], [120.72627, 24.212169], [120.726045, 24.212445], [120.725803, 24.211118], [120.724483, 24.212211], [120.72457, 24.212518], [120.724486, 24.212647], [120.724287, 24.212637], [120.724379, 24.213021], [120.72589, 24.213783], [120.726153, 24.214045], [120.72698, 24.216565], [120.728068, 24.217009], [120.728679, 24.217119], [120.729364, 24.216591], [120.729963, 24.216538], [120.729988, 24.216767], [120.73005, 24.216761], [120.729918, 24.216776], [120.729927, 24.216954], [120.730747, 24.21687], [120.730768, 24.217159], [120.730156, 24.217289], [120.729864, 24.217176], [120.729914, 24.217068], [120.730206, 24.217034], [120.730448, 24.216869], [120.730338, 24.216811], [120.730335, 24.216718], [120.730236, 24.21673], [120.730181, 24.216604], [120.730365, 24.216562], [120.730391, 24.21671], [120.730301, 24.216391], [120.729441, 24.216395], [120.729474, 24.216258], [120.729897, 24.216261], [120.72987, 24.21606], [120.729436, 24.216094], [120.729406, 24.21587], [120.729892, 24.21584], [120.729872, 24.215732], [120.728659, 24.215811], [120.728679, 24.215955], [120.729345, 24.215884], [120.729143, 24.216114], [120.729132, 24.215604], [120.728938, 24.215617], [120.72982, 24.215541], [120.730673, 24.214798], [120.730631, 24.214598], [120.730967, 24.214449], [120.731144, 24.214886], [120.731329, 24.215073], [120.732093, 24.215452], [120.732203, 24.215806], [120.732016, 24.217071], [120.732637, 24.21766], [120.733116, 24.217257], [120.733252, 24.21694], [120.733135, 24.216862], [120.731258, 24.218421], [120.730701, 24.217711], [120.730409, 24.217686], [120.730261, 24.217331], [120.729727, 24.217215], [120.729157, 24.214351], [120.729367, 24.214114], [120.729938, 24.213963], [120.73415, 24.213782], [120.736321, 24.215669], [120.737044, 24.214784], [120.737679, 24.214261], [120.741703, 24.213362], [120.742379, 24.214012], [120.744739, 24.213956], [120.746176, 24.214382], [120.746804, 24.214645], [120.746342, 24.215461], [120.746785, 24.216153], [120.747558, 24.216184], [120.746639, 24.21689], [120.746794, 24.218736], [120.74713, 24.219754], [120.745465, 24.219317], [120.745536, 24.218447], [120.744562, 24.216309], [120.745472, 24.212513], [120.745795, 24.212236], [120.74783, 24.213788], [120.751147, 24.21684], [120.749833, 24.218144], [120.749206, 24.218345], [120.748671, 24.218087], [120.750573, 24.219061], [120.751124, 24.218675], [120.752099, 24.218588], [120.751625, 24.21922], [120.751286, 24.22022], [120.741353, 24.211726]]}}, {"type": "Feature", "properties": {"district": "6601700", "segment": 26, "total_segments": 28, "km": 14.91, "villages": ["新田里", "聚興里"]}, "geometry": {"type": "LineString", "coordinates": [[120.736726, 24.221131], [120.735953, 24.221526], [120.733852, 24.21952], [120.722336, 24.213776], [120.72195, 24.213727], [120.722044, 24.214198], [120.719465, 24.217948], [120.719206, 24.217899], [120.719824, 24.218442], [120.719939, 24.219031], [120.725502, 24.206422], [120.726413, 24.205504], [120.726788, 24.205866], [120.727313, 24.205532], [120.727559, 24.205559], [120.727881, 24.205447], [120.727091, 24.205217], [120.726998, 24.205297], [120.729271, 24.206586], [120.730845, 24.205878], [120.731578, 24.205547], [120.731323, 24.205415], [120.731305, 24.205278], [120.731522, 24.20519], [120.731138, 24.205322], [120.730977, 24.205447], [120.731085, 24.205518], [120.730918, 24.205586], [120.730782, 24.205476], [120.731132, 24.206701], [120.731073, 24.207206], [120.733362, 24.208211], [120.73372, 24.207393], [120.735099, 24.207465], [120.73385, 24.205781], [120.737968, 24.206336], [120.739737, 24.204089], [120.739866, 24.203044], [120.741422, 24.203829], [120.741121, 24.204812], [120.743131, 24.205883], [120.74246, 24.206801], [120.741972, 24.206933], [120.740942, 24.20741], [120.740132, 24.208899], [120.7425, 24.208301], [120.74273, 24.209], [120.744042, 24.207215], [120.743622, 24.206921], [120.744294, 24.205545], [120.746236, 24.207173], [120.747003, 24.207662], [120.749031, 24.208008], [120.750379, 24.205994], [120.750327, 24.205137], [120.747581, 24.205491], [120.747383, 24.206077], [120.74721, 24.206018], [120.746241, 24.208673], [120.736485, 24.201874], [120.736668, 24.200906], [120.735725, 24.201003], [120.737182, 24.199217], [120.73619, 24.19763], [120.734209, 24.198401], [120.731007, 24.198168], [120.730357, 24.198278], [120.730412, 24.19851], [120.730231, 24.198496], [120.730127, 24.198148], [120.730292, 24.198129], [120.73032, 24.198228], [120.729934, 24.198306], [120.730013, 24.198533], [120.729788, 24.198415], [120.729585, 24.198727], [120.729362, 24.198842], [120.729175, 24.198873], [120.728079, 24.198586], [120.727923, 24.198402], [120.728153, 24.198409], [120.728174, 24.198123], [120.728331, 24.198133], [120.728307, 24.198448], [120.728158, 24.198455], [120.728334, 24.198008], [120.728611, 24.198059], [120.728644, 24.198427], [120.728857, 24.198418], [120.728801, 24.197937], [120.728981, 24.197935], [120.729048, 24.198396], [120.729331, 24.198316], [120.729302, 24.198204], [120.729401, 24.198192], [120.729466, 24.198481], [120.72936, 24.198474], [120.729364, 24.198599], [120.729394, 24.198136], [120.729293, 24.19789], [120.728614, 24.197958], [120.728455, 24.197088], [120.727563, 24.197079], [120.727666, 24.196838], [120.728302, 24.196901], [120.728418, 24.19683], [120.728753, 24.19699], [120.728877, 24.196914], [120.728757, 24.197288], [120.728356, 24.197318], [120.728369, 24.197497], [120.728169, 24.197293], [120.727572, 24.197327], [120.727566, 24.196833], [120.727688, 24.196536], [120.728228, 24.196783], [120.728479, 24.196227], [120.72767, 24.195567], [120.727207, 24.195515], [120.726973, 24.194797]]}}, {"type": "Feature", "properties": {"district": "6601700", "segment": 27, "total_segments": 28, "km": 14.91, "villages": ["聚興里"]}, "geometry": {"type": "LineString", "coordinates": [[120.725545, 24.192499], [120.725089, 24.192449], [120.725261, 24.192254], [120.725234, 24.192164], [120.725463, 24.19222], [120.725701, 24.192125], [120.725731, 24.192227], [120.725607, 24.191557], [120.725346, 24.191594], [120.725371, 24.191694], [120.724932, 24.191635], [120.725051, 24.191324], [120.725293, 24.191377], [120.725198, 24.191903], [120.724784, 24.191978], [120.724817, 24.192147], [120.724917, 24.192126], [120.724485, 24.1922], [120.724435, 24.192027], [120.724535, 24.192005], [120.724296, 24.191775], [120.724093, 24.191326], [120.723954, 24.19136], [120.723871, 24.191164], [120.723998, 24.191116], [120.723942, 24.191001], [120.72379, 24.191039], [120.723726, 24.191221], [120.723533, 24.19125], [120.72364, 24.191487], [120.723825, 24.190804], [120.723657, 24.190545], [120.723381, 24.190599], [120.723311, 24.190539], [120.723244, 24.19038], [120.72337, 24.190275], [120.723158, 24.190229], [120.722914, 24.189937], [120.72312, 24.189845], [120.723277, 24.190052], [120.723417, 24.190692], [120.721067, 24.191261], [120.720831, 24.191385], [120.720933, 24.190699], [120.720036, 24.191704], [120.719233, 24.192047], [120.718952, 24.191726], [120.718586, 24.191682], [120.71867, 24.192294], [120.718809, 24.192479], [120.717611, 24.192094], [120.717594, 24.191804], [120.717336, 24.191755], [120.716548, 24.191804], [120.716288, 24.191898], [120.715982, 24.192212], [120.715787, 24.192181], [120.716153, 24.1924], [120.716655, 24.192081], [120.717229, 24.192107], [120.717327, 24.192561], [120.71753, 24.192779], [120.717115, 24.193232], [120.717447, 24.193448], [120.717616, 24.19339], [120.717587, 24.193792], [120.717431, 24.194002], [120.718165, 24.193917], [120.718144, 24.193712], [120.719547, 24.193451], [120.720344, 24.193856], [120.719973, 24.194358], [120.720485, 24.195034], [120.719419, 24.194606], [120.719483, 24.196082], [120.718114, 24.196325], [120.718085, 24.196134], [120.717883, 24.196115], [120.717878, 24.195904], [120.717845, 24.19656], [120.717735, 24.196761], [120.718521, 24.198543], [120.719175, 24.198862], [120.720019, 24.1989], [120.720246, 24.197718], [120.721465, 24.197384], [120.721492, 24.197177], [120.721764, 24.197195], [120.72183, 24.197585], [120.721543, 24.197586], [120.721917, 24.197143], [120.721696, 24.196784], [120.721288, 24.196556], [120.722025, 24.196436], [120.721945, 24.195685], [120.723833, 24.194245], [120.724144, 24.193815], [120.723833, 24.193508], [120.723796, 24.19333], [120.723932, 24.19323], [120.723832, 24.193066], [120.723903, 24.192987], [120.723465, 24.192829], [120.723449, 24.192663], [120.723227, 24.192646], [120.722976, 24.192017], [120.724602, 24.192463], [120.727462, 24.191671], [120.729908, 24.198245], [120.729549, 24.19903], [120.728931, 24.199106], [120.728999, 24.19951], [120.72884, 24.199458], [120.72879, 24.198961], [120.728912, 24.198986], [120.728921, 24.199046], [120.728376, 24.199269], [120.727954, 24.198804], [120.727349, 24.199882], [120.726863, 24.199753], [120.7269, 24.20007], [120.727508, 24.199948], [120.727549, 24.200185], [120.726954, 24.200302], [120.726966, 24.200382], [120.72763, 24.200266], [120.727749, 24.200389], [120.727691, 24.200468], [120.726459, 24.200713], [120.726461, 24.200847], [120.726385, 24.200861], [120.727702, 24.200571], [120.727887, 24.200611], [120.72776, 24.200781], [120.726784, 24.200981], [120.726836, 24.201113], [120.726691, 24.201173], [120.726461, 24.201217], [120.726422, 24.201125], [120.726644, 24.201051], [120.726924, 24.201076], [120.726946, 24.201275], [120.727028, 24.20128], [120.727007, 24.201397], [120.726313, 24.201589], [120.726271, 24.201719], [120.726398, 24.202018], [120.726218, 24.202086], [120.726037, 24.20178], [120.725905, 24.201854], [120.726014, 24.202072], [120.726235, 24.202119], [120.72632, 24.202258], [120.726276, 24.20241], [120.726359, 24.20264], [120.726489, 24.202533], [120.726591, 24.202883], [120.726437, 24.202901], [120.726109, 24.202588], [120.726135, 24.202386], [120.726503, 24.202402], [120.727122, 24.202639], [120.727594, 24.202346], [120.727736, 24.202344], [120.727585, 24.202023], [120.727882, 24.201946], [120.727772, 24.20178], [120.727338, 24.201793], [120.727313, 24.201672], [120.727532, 24.201697], [120.727648, 24.201553], [120.727983, 24.201497], [120.727948, 24.201389], [120.726624, 24.201665], [120.726559, 24.201355], [120.726863, 24.201293], [120.727154, 24.201103], [120.727778, 24.200967], [120.727827, 24.201109], [120.728022, 24.201075], [120.72801, 24.200922], [120.727944, 24.201199], [120.727218, 24.201341], [120.727246, 24.201231], [120.727717, 24.201132], [120.728039, 24.201251], [120.727748, 24.20164], [120.727845, 24.201705], [120.72752, 24.201956], [120.727374, 24.201957], [120.728029, 24.202259], [120.728066, 24.202364], [120.728901, 24.202247], [120.728879, 24.20211], [120.729123, 24.202071], [120.729121, 24.202214], [120.729005, 24.201675], [120.728757, 24.20176], [120.728662, 24.201273], [120.728941, 24.201291], [120.728886, 24.202771], [120.72827, 24.203254], [120.728222, 24.203464], [120.728285, 24.203629], [120.727562, 24.203479], [120.72688, 24.203144], [120.726686, 24.203709], [120.726273, 24.203974], [120.726064, 24.204025], [120.725508, 24.203885], [120.725314, 24.204027], [120.724599, 24.204018], [120.724995, 24.204324], [120.725124, 24.204329], [120.725203, 24.204201], [120.725018, 24.20418], [120.72519, 24.204427], [120.725103, 24.204489], [120.725362, 24.204267], [120.725477, 24.204293], [120.725469, 24.204141], [120.725353, 24.20411], [120.724694, 24.204358], [120.724133, 24.204057], [120.723936, 24.204136], [120.723674, 24.204108], [120.723645, 24.20477], [120.722738, 24.204436], [120.722874, 24.204092], [120.722397, 24.204014], [120.7224, 24.203205], [120.722234, 24.203288], [120.72143, 24.203378], [120.720488, 24.203386], [120.720484, 24.203562], [120.722262, 24.203493], [120.722207, 24.203759], [120.720488, 24.203841], [120.720533, 24.204037], [120.72148, 24.204065], [120.72224, 24.203983], [120.722927, 24.203642], [120.722437, 24.202918], [120.722117, 24.200748], [120.721798, 24.200831], [120.722082, 24.202581], [120.721905, 24.202716], [120.721972, 24.202886], [120.721544, 24.20292], [120.72157, 24.202669], [120.721705, 24.202657], [120.72179, 24.203004], [120.721606, 24.203046], [120.72187, 24.202987], [120.720261, 24.203213], [120.720249, 24.204025], [120.720492, 24.204055], [120.720195, 24.204028], [120.720168, 24.204383], [120.719531, 24.20402], [120.719102, 24.204736], [120.719181, 24.204993], [120.71911, 24.205573], [120.718642, 24.204225], [120.718566, 24.204157], [120.718038, 24.204141], [120.718026, 24.204003], [120.718543, 24.204042], [120.71856, 24.203522], [120.718759, 24.203596], [120.718665, 24.202223], [120.718194, 24.202319], [120.718962, 24.201312], [120.718555, 24.200961], [120.71838, 24.201025], [120.718248, 24.200863], [120.718136, 24.200853], [120.718013, 24.200929], [120.71836, 24.200606], [120.718537, 24.200212]]}}, {"type": "Feature", "properties": {"district": "6601700", "segment": 28, "total_segments": 28, "km": 14.23, "villages": ["聚興里"]}, "geometry": {"type": "LineString", "coordinates": [[120.719838, 24.200714], [120.72058, 24.200693], [120.720502, 24.200978], [120.71998, 24.200954], [120.719684, 24.20131], [120.720652, 24.201292], [120.720655, 24.201472], [120.720088, 24.201454], [120.720687, 24.200989], [120.720946, 24.201034], [120.720949, 24.200935], [120.720952, 24.201343], [120.721208, 24.201333], [120.721188, 24.200821], [120.721409, 24.200816], [120.721407, 24.201335], [120.721787, 24.200781], [120.721802, 24.200255], [120.722341, 24.200164], [120.722398, 24.200214], [120.722357, 24.200402], [120.722435, 24.200453], [120.722462, 24.200084], [120.722273, 24.19993], [120.722233, 24.199594], [120.721978, 24.199623], [120.721773, 24.199398], [120.722513, 24.199098], [120.722598, 24.198698], [120.723163, 24.198742], [120.72313, 24.19906], [120.723546, 24.198683], [120.723801, 24.198589], [120.723986, 24.19897], [120.723525, 24.198416], [120.723359, 24.198455], [120.723785, 24.198276], [120.724019, 24.198064], [120.722891, 24.198018], [120.725515, 24.198352], [120.72604, 24.198718], [120.726438, 24.198625], [120.725903, 24.199485], [120.725997, 24.200117], [120.725909, 24.200131], [120.725779, 24.199514], [120.725611, 24.199565], [120.725712, 24.200147], [120.725572, 24.200094], [120.72556, 24.200167], [120.725421, 24.20018], [120.725285, 24.199486], [120.725442, 24.199477], [120.725476, 24.199557], [120.725551, 24.200019], [120.725696, 24.20029], [120.725747, 24.200799], [120.725873, 24.200771], [120.72581, 24.200272], [120.726128, 24.200232], [120.726198, 24.200755], [120.726083, 24.20075], [120.726037, 24.200342], [120.726381, 24.200468], [120.726388, 24.200545], [120.72642, 24.200375], [120.726649, 24.200538], [120.72684, 24.200489], [120.726699, 24.200146], [120.727144, 24.199951], [120.726518, 24.199663], [120.725592, 24.199524], [120.725608, 24.199202], [120.725061, 24.200567], [120.725344, 24.20064], [120.725386, 24.200968], [120.725538, 24.201005], [120.725904, 24.201507], [120.725888, 24.20182], [120.726221, 24.201434], [120.726337, 24.201406], [120.726318, 24.201262], [120.726165, 24.20128], [120.726108, 24.201131], [120.725993, 24.201158], [120.726263, 24.201095], [120.726226, 24.200897], [120.725953, 24.200942], [120.725495, 24.200863], [120.725441, 24.200305], [120.725512, 24.201414], [120.7265, 24.201364], [120.724159, 24.201362], [120.723713, 24.201631], [120.723599, 24.201806], [120.723272, 24.201919], [120.723388, 24.20172], [120.723253, 24.201681], [120.72343, 24.201609], [120.723452, 24.202456], [120.720127, 24.202338], [120.719834, 24.202439], [120.718342, 24.2038], [120.717819, 24.203941], [120.717866, 24.204131], [120.717704, 24.20499], [120.716694, 24.205205], [120.717056, 24.203042], [120.716919, 24.201302], [120.71624, 24.20029], [120.714617, 24.200383], [120.714465, 24.200557], [120.714292, 24.200486], [120.714577, 24.200783], [120.714452, 24.201144], [120.714353, 24.200968], [120.714181, 24.201113], [120.714074, 24.200978], [120.713635, 24.201298], [120.713869, 24.19956], [120.714433, 24.198244], [120.715282, 24.197246], [120.713808, 24.195404], [120.713525, 24.194925], [120.713845, 24.194692], [120.714244, 24.194724], [120.713727, 24.194274], [120.713962, 24.194117], [120.713853, 24.193874], [120.714232, 24.194], [120.713984, 24.193496], [120.713921, 24.193499], [120.713966, 24.19342], [120.713597, 24.193444], [120.713678, 24.192713], [120.713152, 24.192566], [120.713432, 24.191744], [120.713318, 24.1917], [120.713555, 24.191621], [120.713467, 24.191484], [120.713825, 24.191923], [120.714177, 24.192004], [120.714778, 24.19197], [120.714733, 24.192342], [120.714922, 24.192934], [120.714632, 24.1915], [120.714379, 24.191337], [120.714996, 24.191474], [120.715419, 24.190861], [120.716034, 24.190924], [120.716236, 24.191159], [120.715991, 24.19146], [120.71576, 24.191335], [120.716899, 24.191153], [120.717804, 24.191233], [120.716679, 24.194411], [120.716619, 24.194892], [120.712598, 24.193984], [120.71277, 24.191701], [120.71244, 24.191619], [120.713051, 24.190165], [120.713788, 24.190159], [120.713938, 24.189698], [120.713829, 24.189529], [120.713703, 24.189637], [120.713601, 24.1893], [120.713733, 24.188193], [120.714449, 24.188003], [120.714606, 24.188549], [120.713044, 24.187811], [120.713434, 24.186825], [120.713368, 24.186427], [120.713027, 24.186465], [120.729286, 24.199653], [120.726778, 24.204069], [120.726721, 24.205042], [120.726438, 24.205038], [120.726632, 24.203923]]}}]}