{"type": "FeatureCollection", "features": [{"type": "Feature", "properties": {"district": "6601200", "segment": 1, "total_segments": 40, "km": 14.84, "villages": ["下湳里"]}, "geometry": {"type": "LineString", "coordinates": [[120.5842, 24.288606], [120.584242, 24.288403], [120.584676, 24.288137], [120.584349, 24.288074], [120.584045, 24.28759], [120.583744, 24.288375], [120.583448, 24.288684], [120.583043, 24.288913], [120.58308, 24.288658], [120.583615, 24.289275], [120.583876, 24.289371], [120.58403, 24.289139], [120.584334, 24.288969], [120.584227, 24.289504], [120.584791, 24.28935], [120.584931, 24.289521], [120.585527, 24.289881], [120.585757, 24.289437], [120.585602, 24.289174], [120.585968, 24.288998], [120.586126, 24.289405], [120.586316, 24.289559], [120.58689, 24.289736], [120.587421, 24.290257], [120.587736, 24.290775], [120.587811, 24.290748], [120.587666, 24.291017], [120.587898, 24.291144], [120.587883, 24.291399], [120.587387, 24.291468], [120.587186, 24.291633], [120.586881, 24.291713], [120.587148, 24.291173], [120.588414, 24.29329], [120.587849, 24.293363], [120.588487, 24.292632], [120.58846, 24.292548], [120.588639, 24.292768], [120.588775, 24.292503], [120.589071, 24.292433], [120.588986, 24.292291], [120.589121, 24.292219], [120.589241, 24.292341], [120.589323, 24.292303], [120.589256, 24.292171], [120.589352, 24.292088], [120.589464, 24.292209], [120.589472, 24.292015], [120.589665, 24.291819], [120.589654, 24.291595], [120.589731, 24.291602], [120.589295, 24.292048], [120.589012, 24.291911], [120.588808, 24.29192], [120.588878, 24.291999], [120.588557, 24.292002], [120.588713, 24.291921], [120.588495, 24.291812], [120.588288, 24.291882], [120.58833, 24.291953], [120.588274, 24.291795], [120.589148, 24.292396], [120.589622, 24.292206], [120.589636, 24.292294], [120.589893, 24.291977], [120.590075, 24.292121], [120.590047, 24.29169], [120.590157, 24.291511], [120.58988, 24.291167], [120.589992, 24.291035], [120.589902, 24.291026], [120.590512, 24.291103], [120.589772, 24.291929], [120.589661, 24.289567], [120.589045, 24.289052], [120.589016, 24.288502], [120.588884, 24.288156], [120.589272, 24.288273], [120.588869, 24.287776], [120.588817, 24.287577], [120.589423, 24.287454], [120.588926, 24.28731], [120.588583, 24.287467], [120.588496, 24.287833], [120.588796, 24.28793], [120.58858, 24.288006], [120.588711, 24.288253], [120.588172, 24.286958], [120.588036, 24.286848], [120.587992, 24.286939], [120.587292, 24.286724], [120.588042, 24.28609], [120.587955, 24.285901], [120.587667, 24.285745], [120.588077, 24.28542], [120.58743, 24.285049], [120.58631, 24.285259], [120.58596, 24.285135], [120.586205, 24.285702], [120.586037, 24.285913], [120.586082, 24.285968], [120.585071, 24.286112], [120.585083, 24.286177], [120.584983, 24.285854], [120.584682, 24.285821], [120.584406, 24.286226], [120.584454, 24.286574], [120.584626, 24.286598], [120.585573, 24.288342], [120.585975, 24.287989], [120.585856, 24.28789], [120.586255, 24.287924], [120.586372, 24.287202], [120.585887, 24.28714], [120.585549, 24.287002], [120.585367, 24.286672], [120.58502, 24.286288], [120.585184, 24.285226], [120.584564, 24.285141], [120.584465, 24.284965], [120.584285, 24.285139], [120.584048, 24.284729], [120.584289, 24.284541], [120.584355, 24.284662], [120.584181, 24.284182], [120.58382, 24.284317], [120.583862, 24.284464], [120.583644, 24.28408], [120.58361, 24.283926], [120.583802, 24.283912], [120.583862, 24.283769], [120.584337, 24.283454], [120.584307, 24.283189], [120.584582, 24.28345], [120.585109, 24.28334], [120.585152, 24.283589], [120.58532, 24.283552], [120.585595, 24.283661], [120.585912, 24.283662], [120.585563, 24.283324], [120.585098, 24.283297], [120.584979, 24.283574], [120.585503, 24.283935], [120.58617, 24.283969], [120.586331, 24.283559], [120.58662, 24.284355], [120.586542, 24.284468], [120.588337, 24.284221], [120.588767, 24.284492], [120.588736, 24.28454], [120.588882, 24.284529], [120.588919, 24.284612], [120.588745, 24.284809], [120.588675, 24.284768], [120.588943, 24.284875], [120.58893, 24.284927], [120.589154, 24.284347], [120.588918, 24.284257], [120.588905, 24.28416], [120.589208, 24.28381], [120.589472, 24.284178], [120.589406, 24.284239], [120.589124, 24.283167], [120.588859, 24.283015], [120.588824, 24.282779], [120.588655, 24.282592], [120.58836, 24.282543], [120.588354, 24.28355], [120.586552, 24.281905], [120.586319, 24.281597], [120.586493, 24.2815], [120.586453, 24.281261], [120.586606, 24.281082], [120.58637, 24.280784], [120.58614, 24.280784], [120.586318, 24.280404], [120.586273, 24.280189], [120.586131, 24.280008], [120.586289, 24.279878], [120.585943, 24.27984], [120.585911, 24.279747], [120.585661, 24.279824], [120.585622, 24.280153], [120.585106, 24.27953], [120.584704, 24.279581], [120.584177, 24.279426], [120.58371, 24.278981], [120.58327, 24.279503], [120.58331, 24.279571], [120.583196, 24.279627], [120.583106, 24.279579], [120.583073, 24.279682], [120.582828, 24.279513], [120.582856, 24.279435], [120.582672, 24.279689], [120.582432, 24.279621], [120.582106, 24.279753], [120.582193, 24.279297], [120.582362, 24.279191], [120.582202, 24.279034], [120.581814, 24.278954], [120.581728, 24.278721], [120.581624, 24.278861], [120.581465, 24.278885], [120.581411, 24.278777], [120.581539, 24.279109], [120.581651, 24.279148], [120.581591, 24.279535], [120.581297, 24.279883], [120.580969, 24.280018], [120.580672, 24.279969], [120.580207, 24.279239], [120.579956, 24.279021], [120.579791, 24.278545], [120.579413, 24.278317], [120.579118, 24.27783], [120.57965, 24.277578], [120.579544, 24.277337], [120.578869, 24.276982], [120.578611, 24.277258], [120.578313, 24.276958], [120.578276, 24.276835], [120.578693, 24.276582], [120.578651, 24.276448], [120.578345, 24.276652], [120.578316, 24.276607], [120.577666, 24.276906], [120.577586, 24.277037], [120.577949, 24.277128], [120.577968, 24.277264], [120.578058, 24.277247], [120.578201, 24.277436], [120.578034, 24.277518], [120.577818, 24.277426], [120.577847, 24.277689], [120.578641, 24.277959], [120.578717, 24.278045], [120.578973, 24.278497], [120.579158, 24.279037], [120.579556, 24.279456], [120.579564, 24.279615], [120.579744, 24.279723], [120.579904, 24.279591], [120.579607, 24.279127], [120.57947, 24.2798], [120.57937, 24.279898], [120.578898, 24.279956], [120.578836, 24.279839], [120.578633, 24.279909], [120.578796, 24.280105], [120.57888, 24.279824], [120.57904, 24.279733], [120.578375, 24.2797], [120.578649, 24.280538], [120.578876, 24.280709], [120.578554, 24.280878], [120.578425, 24.280684], [120.578263, 24.2811], [120.578769, 24.281072], [120.579704, 24.281978], [120.57993, 24.281807], [120.580043, 24.281484], [120.580856, 24.281892], [120.580844, 24.282099], [120.580762, 24.28214], [120.581044, 24.282392], [120.581309, 24.282182], [120.58151, 24.28231], [120.581023, 24.283059], [120.580718, 24.282971], [120.580503, 24.282733], [120.580302, 24.282814], [120.579895, 24.282499], [120.58029, 24.282468], [120.580285, 24.283363], [120.580449, 24.283642], [120.580412, 24.283882], [120.580576, 24.283936], [120.580455, 24.284112], [120.580761, 24.284652], [120.580975, 24.28393], [120.581247, 24.28337], [120.5819, 24.283047], [120.58215, 24.282987], [120.582219, 24.283049], [120.582325, 24.282951], [120.582398, 24.283437], [120.582582, 24.283781], [120.5828, 24.283612], [120.583255, 24.284195], [120.583034, 24.284201], [120.582958, 24.28477], [120.582855, 24.284874], [120.582965, 24.284921], [120.583198, 24.285275], [120.58319, 24.285466], [120.582885, 24.285272], [120.58269, 24.284891], [120.582458, 24.28518], [120.582619, 24.285479], [120.581892, 24.285734], [120.581503, 24.285771], [120.581378, 24.285452], [120.581883, 24.285142], [120.581973, 24.284548], [120.582377, 24.284468], [120.582482, 24.284117], [120.582431, 24.284104], [120.582536, 24.28413], [120.58187, 24.283925], [120.581784, 24.282866], [120.582385, 24.282218], [120.582263, 24.282004], [120.582273, 24.281464], [120.582133, 24.281297], [120.581828, 24.281451], [120.582029, 24.281657], [120.58123, 24.281312], [120.580557, 24.280358], [120.580004, 24.280747], [120.579881, 24.280673], [120.579778, 24.280406], [120.579714, 24.28042], [120.580345, 24.280069], [120.580649, 24.280828], [120.580339, 24.280986], [120.580806, 24.281352], [120.581359, 24.280875], [120.581426, 24.280947], [120.581293, 24.280784], [120.581375, 24.280258], [120.582574, 24.280096], [120.58272, 24.280302]]}}, {"type": "Feature", "properties": {"district": "6601200", "segment": 2, "total_segments": 40, "km": 12.32, "villages": ["下湳里"]}, "geometry": {"type": "LineString", "coordinates": [[120.581863, 24.278382], [120.582117, 24.27822], [120.581636, 24.278343], [120.581451, 24.278523], [120.580095, 24.277516], [120.580322, 24.277155], [120.580172, 24.276868], [120.580466, 24.276839], [120.58053, 24.275475], [120.580663, 24.275241], [120.580418, 24.275139], [120.580334, 24.275195], [120.580205, 24.275042], [120.579927, 24.275164], [120.579656, 24.275128], [120.579194, 24.274918], [120.579203, 24.275374], [120.579789, 24.274843], [120.579861, 24.274635], [120.580009, 24.274574], [120.580017, 24.274971], [120.580251, 24.27478], [120.580314, 24.274962], [120.580579, 24.275112], [120.5808, 24.275014], [120.580862, 24.275378], [120.581007, 24.275371], [120.580348, 24.275432], [120.580761, 24.27493], [120.581195, 24.27488], [120.581206, 24.274797], [120.581222, 24.275139], [120.581444, 24.274875], [120.581688, 24.275014], [120.581632, 24.275354], [120.581886, 24.275372], [120.582037, 24.275216], [120.581921, 24.275109], [120.581954, 24.274972], [120.581819, 24.274944], [120.581707, 24.27473], [120.580862, 24.274487], [120.580401, 24.274628], [120.58035, 24.274423], [120.57983, 24.274382], [120.579545, 24.274499], [120.579658, 24.274681], [120.580388, 24.273933], [120.58047, 24.273481], [120.58087, 24.273802], [120.581296, 24.273787], [120.581342, 24.273347], [120.581994, 24.273993], [120.581804, 24.274273], [120.582579, 24.274772], [120.582298, 24.275048], [120.582102, 24.274992], [120.582089, 24.275228], [120.582288, 24.27519], [120.582578, 24.275355], [120.581404, 24.275439], [120.58135, 24.275253], [120.582381, 24.273995], [120.582306, 24.273772], [120.578619, 24.276019], [120.578068, 24.275471], [120.578111, 24.275431], [120.577874, 24.275129], [120.577812, 24.275103], [120.577784, 24.275289], [120.577588, 24.275371], [120.57745, 24.275277], [120.577561, 24.275191], [120.577501, 24.275074], [120.577658, 24.275458], [120.577517, 24.275893], [120.577158, 24.276012], [120.577392, 24.276416], [120.577343, 24.276498], [120.576841, 24.276382], [120.576821, 24.27646], [120.576965, 24.275979], [120.577031, 24.275917], [120.577118, 24.27599], [120.576806, 24.27589], [120.576638, 24.276025], [120.576325, 24.276567], [120.576141, 24.276383], [120.576048, 24.27654], [120.575835, 24.276434], [120.576235, 24.276671], [120.575631, 24.277426], [120.575549, 24.277715], [120.575708, 24.277788], [120.576366, 24.276868], [120.576683, 24.276743], [120.576503, 24.277168], [120.576429, 24.277937], [120.576141, 24.278134], [120.575977, 24.278088], [120.575803, 24.278197], [120.576611, 24.278467], [120.576733, 24.277978], [120.577002, 24.277862], [120.577412, 24.277482], [120.578693, 24.277487], [120.579027, 24.277896], [120.579059, 24.27746], [120.577709, 24.278931], [120.577575, 24.278989], [120.577565, 24.278934], [120.577385, 24.279161], [120.577162, 24.27901], [120.577292, 24.278916], [120.576936, 24.278923], [120.575423, 24.27785], [120.576528, 24.275476], [120.576801, 24.275496], [120.576972, 24.275412], [120.57702, 24.275038], [120.583547, 24.277878], [120.583752, 24.277679], [120.583931, 24.277714], [120.583947, 24.27822], [120.584057, 24.278211], [120.584087, 24.277748], [120.583829, 24.278216], [120.58474, 24.278072], [120.584908, 24.278244], [120.584899, 24.278819], [120.585397, 24.278824], [120.585476, 24.279096], [120.585761, 24.279289], [120.586184, 24.281609], [120.586123, 24.282402], [120.585936, 24.282712], [120.583359, 24.283066], [120.583103, 24.282992], [120.583025, 24.283057], [120.583362, 24.28348], [120.583261, 24.282545], [120.583616, 24.285081], [120.58377, 24.285237], [120.583943, 24.285618], [120.584479, 24.285317], [120.583389, 24.285053], [120.582474, 24.286183], [120.582452, 24.286753], [120.582535, 24.286859], [120.583, 24.286802], [120.583151, 24.287214], [120.582338, 24.287536], [120.582563, 24.287984], [120.581818, 24.286157], [120.586466, 24.288985], [120.587091, 24.288658], [120.586263, 24.290168], [120.586645, 24.290464], [120.58701, 24.292705], [120.591455, 24.289186], [120.591834, 24.289058], [120.591909, 24.289201], [120.592061, 24.289176], [120.592064, 24.289048], [120.592329, 24.288949], [120.592256, 24.28885], [120.592422, 24.28882], [120.59204, 24.288675], [120.592075, 24.288599], [120.59198, 24.2888], [120.59196, 24.289447], [120.591877, 24.289479], [120.591191, 24.288131], [120.591223, 24.287873], [120.591346, 24.287706], [120.591527, 24.287861], [120.590598, 24.287691], [120.590348, 24.287808], [120.591534, 24.286831], [120.591508, 24.286576], [120.59188, 24.286581], [120.591878, 24.286713], [120.588996, 24.286545]]}}, {"type": "Feature", "properties": {"district": "6601200", "segment": 3, "total_segments": 40, "km": 14.57, "villages": ["田寮里"]}, "geometry": {"type": "LineString", "coordinates": [[120.585778, 24.290643], [120.58609, 24.291029], [120.585884, 24.29106], [120.585734, 24.290801], [120.58587, 24.290824], [120.585167, 24.291136], [120.585024, 24.290888], [120.584708, 24.290819], [120.584834, 24.290583], [120.584985, 24.290514], [120.584628, 24.290408], [120.584515, 24.289978], [120.584683, 24.289816], [120.584486, 24.289656], [120.584202, 24.291029], [120.584284, 24.291182], [120.583505, 24.291388], [120.583633, 24.291615], [120.584377, 24.29156], [120.583182, 24.291395], [120.582782, 24.291594], [120.582904, 24.29169], [120.582149, 24.292048], [120.582194, 24.292405], [120.582457, 24.292296], [120.582589, 24.292357], [120.582534, 24.292547], [120.582594, 24.29279], [120.582834, 24.292428], [120.582704, 24.292156], [120.581702, 24.292084], [120.581492, 24.292401], [120.581398, 24.292408], [120.581494, 24.292552], [120.581116, 24.292511], [120.581029, 24.292402], [120.581213, 24.292223], [120.581295, 24.291938], [120.581794, 24.291336], [120.582443, 24.290974], [120.582353, 24.290758], [120.582009, 24.29052], [120.582795, 24.290425], [120.582959, 24.290218], [120.582367, 24.289843], [120.582161, 24.289831], [120.582137, 24.289704], [120.582232, 24.289674], [120.582304, 24.289492], [120.582312, 24.289218], [120.582454, 24.289195], [120.582663, 24.289343], [120.582584, 24.289444], [120.582845, 24.28935], [120.582887, 24.289071], [120.582569, 24.288918], [120.582338, 24.2887], [120.582069, 24.288789], [120.582009, 24.288705], [120.582245, 24.288629], [120.58218, 24.28892], [120.582085, 24.28895], [120.582229, 24.288931], [120.582011, 24.289092], [120.581894, 24.288768], [120.581976, 24.288376], [120.581166, 24.288423], [120.580877, 24.28874], [120.580818, 24.289178], [120.580919, 24.28929], [120.581071, 24.289268], [120.580149, 24.2895], [120.579998, 24.289636], [120.58011, 24.2899], [120.580021, 24.289915], [120.579931, 24.290099], [120.580048, 24.290529], [120.579962, 24.290565], [120.580308, 24.290482], [120.58023, 24.290083], [120.580175, 24.290097], [120.580605, 24.2906], [120.581079, 24.290714], [120.580779, 24.290878], [120.580733, 24.291151], [120.580509, 24.291132], [120.581549, 24.289658], [120.581772, 24.289672], [120.581881, 24.289538], [120.580365, 24.288864], [120.580488, 24.28799], [120.581012, 24.287862], [120.58128, 24.287923], [120.581303, 24.286713], [120.580565, 24.286514], [120.580291, 24.286614], [120.580844, 24.286031], [120.580871, 24.285734], [120.580939, 24.285694], [120.580525, 24.285924], [120.58025, 24.285884], [120.580198, 24.285762], [120.579945, 24.285636], [120.57963, 24.285277], [120.579712, 24.2851], [120.579785, 24.285164], [120.579496, 24.285222], [120.579456, 24.285788], [120.579367, 24.285825], [120.579338, 24.285961], [120.57856, 24.286163], [120.578553, 24.286419], [120.579003, 24.286322], [120.579235, 24.286512], [120.579539, 24.286384], [120.579489, 24.286179], [120.579625, 24.286161], [120.579677, 24.286062], [120.579445, 24.286018], [120.580082, 24.285254], [120.580373, 24.285111], [120.580472, 24.285365], [120.580221, 24.285345], [120.580258, 24.285481], [120.580609, 24.285094], [120.58005, 24.285005], [120.579899, 24.284667], [120.579827, 24.284697], [120.580242, 24.284513], [120.580478, 24.284525], [120.579026, 24.284571], [120.579027, 24.284386], [120.578708, 24.284308], [120.578599, 24.284543], [120.578167, 24.284986], [120.578405, 24.285126], [120.578352, 24.285605], [120.578419, 24.285743], [120.577533, 24.28582], [120.577372, 24.286052], [120.577023, 24.285686], [120.57685, 24.285676], [120.57674, 24.285811], [120.57645, 24.285767], [120.57617, 24.285927], [120.576229, 24.286015], [120.57637, 24.285956], [120.576987, 24.286847], [120.577359, 24.287214], [120.577597, 24.287092], [120.577569, 24.287631], [120.578069, 24.288762], [120.579197, 24.289307], [120.578998, 24.28957], [120.579029, 24.289627], [120.579499, 24.289471], [120.578991, 24.287441], [120.578755, 24.286888], [120.578921, 24.28679], [120.576808, 24.284612], [120.576787, 24.284855], [120.576669, 24.284929], [120.5765, 24.284801], [120.576534, 24.284742], [120.576534, 24.284975], [120.576343, 24.285132], [120.576371, 24.285203], [120.576173, 24.284839], [120.575987, 24.284172], [120.575343, 24.28364], [120.575229, 24.283408], [120.575514, 24.283364], [120.575516, 24.283126], [120.575702, 24.283036], [120.57575, 24.282885], [120.575582, 24.282776], [120.57565, 24.282713], [120.575398, 24.282704], [120.575405, 24.282332], [120.575509, 24.282139], [120.575464, 24.281987], [120.575376, 24.281999], [120.575425, 24.282109], [120.575409, 24.281784], [120.57532, 24.281807], [120.575316, 24.281734], [120.575895, 24.281436], [120.575917, 24.281549], [120.575741, 24.281626], [120.576395, 24.281362], [120.576381, 24.281257], [120.57598, 24.281373], [120.575946, 24.281305], [120.576041, 24.281614], [120.575997, 24.281778], [120.576286, 24.281775], [120.576443, 24.281957], [120.576658, 24.281951], [120.576504, 24.281653], [120.57666, 24.281561], [120.576329, 24.281503], [120.576334, 24.282389], [120.576569, 24.282319], [120.576727, 24.282466], [120.576581, 24.282543], [120.57709, 24.282253], [120.576863, 24.282132], [120.578026, 24.281597], [120.577764, 24.281175], [120.577808, 24.281041], [120.578053, 24.281126], [120.578504, 24.281461], [120.577793, 24.282654], [120.578532, 24.28253], [120.578385, 24.282784], [120.578492, 24.282985], [120.578562, 24.282948], [120.578612, 24.283026], [120.578068, 24.283182], [120.578126, 24.283258], [120.578345, 24.283152], [120.57863, 24.28318], [120.579148, 24.283603], [120.579947, 24.283202], [120.579576, 24.28328], [120.579555, 24.283158], [120.579498, 24.283171], [120.579434, 24.282375], [120.579482, 24.282192], [120.578766, 24.283808], [120.577877, 24.283796], [120.57771, 24.28429], [120.577461, 24.283309], [120.57763, 24.282976], [120.577802, 24.283112], [120.575929, 24.282936], [120.575437, 24.282973], [120.575397, 24.282747], [120.575002, 24.282695], [120.575172, 24.280968], [120.575712, 24.280845], [120.575745, 24.281028], [120.575386, 24.281099], [120.575277, 24.280613], [120.575303, 24.280409], [120.575229, 24.280362], [120.575338, 24.279394], [120.575427, 24.279321], [120.575351, 24.279177], [120.575358, 24.278923], [120.575506, 24.278559], [120.57557, 24.279681], [120.575696, 24.279673], [120.575521, 24.279686], [120.575866, 24.280069], [120.576146, 24.28008], [120.577259, 24.279601], [120.577546, 24.279846], [120.577319, 24.280198], [120.577413, 24.280241], [120.577357, 24.280415], [120.577417, 24.280526], [120.577204, 24.280667], [120.577313, 24.280861], [120.577745, 24.280318], [120.577683, 24.280102], [120.577332, 24.27991], [120.577247, 24.280116], [120.576702, 24.280243], [120.57589, 24.280703], [120.576056, 24.280831], [120.576424, 24.280662], [120.57621, 24.280399], [120.575987, 24.280357], [120.576479, 24.279465], [120.575313, 24.281883], [120.574922, 24.283083], [120.574822, 24.284653], [120.582463, 24.293441], [120.582392, 24.293714], [120.582592, 24.293691], [120.582685, 24.293581], [120.582574, 24.293491], [120.582511, 24.293865], [120.582817, 24.293906], [120.583159, 24.294315], [120.582378, 24.295064], [120.582785, 24.295677], [120.581532, 24.295704]]}}, {"type": "Feature", "properties": {"district": "6601200", "segment": 4, "total_segments": 40, "km": 13.35, "villages": ["田寮里", "國姓里"]}, "geometry": {"type": "LineString", "coordinates": [[120.585931, 24.293274], [120.586623, 24.293077], [120.586845, 24.292875], [120.586456, 24.292423], [120.586245, 24.2926], [120.585715, 24.292253], [120.586251, 24.29187], [120.586189, 24.291583], [120.587098, 24.293227], [120.587451, 24.293527], [120.586727, 24.293869], [120.586457, 24.293794], [120.580536, 24.292851], [120.579797, 24.292406], [120.579576, 24.292399], [120.57926, 24.292025], [120.57895, 24.291892], [120.579013, 24.291411], [120.57882, 24.291232], [120.579053, 24.291045], [120.579124, 24.29116], [120.57902, 24.291247], [120.578751, 24.290999], [120.578134, 24.29109], [120.578094, 24.290931], [120.577637, 24.29063], [120.57777, 24.289874], [120.577867, 24.289861], [120.577142, 24.289869], [120.57707, 24.290017], [120.576487, 24.290268], [120.576341, 24.290412], [120.57689, 24.291278], [120.576764, 24.291388], [120.577264, 24.291503], [120.577588, 24.292105], [120.578244, 24.292039], [120.578078, 24.292602], [120.577449, 24.29288], [120.577617, 24.293759], [120.577773, 24.29386], [120.577442, 24.294124], [120.577502, 24.294548], [120.577409, 24.294571], [120.577526, 24.294745], [120.577167, 24.294771], [120.577841, 24.294579], [120.578551, 24.294744], [120.578653, 24.294921], [120.579073, 24.295107], [120.579481, 24.294901], [120.57972, 24.295007], [120.579885, 24.295336], [120.579471, 24.295336], [120.579417, 24.295686], [120.579329, 24.295732], [120.579595, 24.295678], [120.580405, 24.295812], [120.580502, 24.295494], [120.579084, 24.29421], [120.578891, 24.294328], [120.577761, 24.295663], [120.577619, 24.295984], [120.577941, 24.296317], [120.577841, 24.296469], [120.577425, 24.296569], [120.577444, 24.296848], [120.577092, 24.296667], [120.576767, 24.29682], [120.577013, 24.297273], [120.577124, 24.29722], [120.577204, 24.297358], [120.576878, 24.297429], [120.576919, 24.297772], [120.57699, 24.297762], [120.576843, 24.297786], [120.577304, 24.297813], [120.577378, 24.297737], [120.577497, 24.297873], [120.577457, 24.298192], [120.577539, 24.298975], [120.577719, 24.299687], [120.577761, 24.299773], [120.577883, 24.299776], [120.577949, 24.299993], [120.577809, 24.299983], [120.577777, 24.300094], [120.57775, 24.299887], [120.577903, 24.29973], [120.577816, 24.299559], [120.578196, 24.299677], [120.578245, 24.299619], [120.578191, 24.299444], [120.578489, 24.29985], [120.578773, 24.299813], [120.578855, 24.2996], [120.579233, 24.299759], [120.5789, 24.30004], [120.578135, 24.300112], [120.578311, 24.300637], [120.578392, 24.301392], [120.578029, 24.301676], [120.577605, 24.30152], [120.577028, 24.301512], [120.577684, 24.302245], [120.576883, 24.303211], [120.579201, 24.302629], [120.581178, 24.302023], [120.581304, 24.301341], [120.581129, 24.300726], [120.579641, 24.300362], [120.578805, 24.299601], [120.578483, 24.299021], [120.578326, 24.299095], [120.577953, 24.298963], [120.577333, 24.299394], [120.577363, 24.299789], [120.577122, 24.299901], [120.577113, 24.300204], [120.576435, 24.300087], [120.575493, 24.300808], [120.574607, 24.30066], [120.574407, 24.300745], [120.574434, 24.300839], [120.574094, 24.300638], [120.574007, 24.300214], [120.574458, 24.300318], [120.575354, 24.297796], [120.57626, 24.297166], [120.576333, 24.296323], [120.57626, 24.296083], [120.576063, 24.296146], [120.576342, 24.296055], [120.576066, 24.295734], [120.57586, 24.295727], [120.575854, 24.295553], [120.575589, 24.295384], [120.575516, 24.295277], [120.575539, 24.295107], [120.575419, 24.295101], [120.575248, 24.294664], [120.574987, 24.29488], [120.575103, 24.295215], [120.575028, 24.295189], [120.574985, 24.294994], [120.575015, 24.295378], [120.575274, 24.295359], [120.57513, 24.295584], [120.574911, 24.295666], [120.574889, 24.295475], [120.574997, 24.295764], [120.574904, 24.2959], [120.57453, 24.295824], [120.57439, 24.296075], [120.574107, 24.295885], [120.574071, 24.295527], [120.573078, 24.295036], [120.573229, 24.294302], [120.574672, 24.294005], [120.574478, 24.293766], [120.574404, 24.293807], [120.575056, 24.293624], [120.574982, 24.293384], [120.575085, 24.293272], [120.574813, 24.293152], [120.574386, 24.293147], [120.57487, 24.292861], [120.57496, 24.292571], [120.575122, 24.292449], [120.575202, 24.292522], [120.575086, 24.292339], [120.575468, 24.292257], [120.575419, 24.292632], [120.575685, 24.293035], [120.576265, 24.293002], [120.577046, 24.293863], [120.576511, 24.29451], [120.576343, 24.294587], [120.576265, 24.295139], [120.576171, 24.295303], [120.576276, 24.295406], [120.576207, 24.295484], [120.575998, 24.295395], [120.575958, 24.295115], [120.575661, 24.294864], [120.575564, 24.295584], [120.575478, 24.295687], [120.575374, 24.295629], [120.575723, 24.295661], [120.575797, 24.295948], [120.575864, 24.295772], [120.575306, 24.295988], [120.575136, 24.29596], [120.575684, 24.296475], [120.57674, 24.298419], [120.578626, 24.297486], [120.579165, 24.298515], [120.579155, 24.298695], [120.579615, 24.298609], [120.579581, 24.298346], [120.580869, 24.29885], [120.581083, 24.299124], [120.580728, 24.299254], [120.582133, 24.301463], [120.583658, 24.301992], [120.584691, 24.301632], [120.585077, 24.302157], [120.585272, 24.302228], [120.585379, 24.302453], [120.585459, 24.30247], [120.58539, 24.304311], [120.585534, 24.304435], [120.584628, 24.30032], [120.584441, 24.300175], [120.584354, 24.300292], [120.590685, 24.304911]]}}, {"type": "Feature", "properties": {"district": "6601200", "segment": 5, "total_segments": 40, "km": 14.98, "villages": ["國姓里", "裕嘉里"]}, "geometry": {"type": "LineString", "coordinates": [[120.579449, 24.291372], [120.576699, 24.288862], [120.575912, 24.28875], [120.575418, 24.28831], [120.575, 24.287354], [120.574811, 24.287534], [120.574371, 24.287609], [120.574358, 24.287532], [120.574381, 24.287862], [120.573285, 24.288043], [120.572958, 24.288263], [120.572655, 24.288282], [120.57256, 24.28869], [120.572433, 24.288734], [120.572306, 24.288967], [120.572371, 24.289133], [120.572692, 24.28889], [120.572792, 24.288963], [120.572957, 24.288843], [120.572845, 24.288645], [120.57301, 24.288016], [120.573277, 24.28791], [120.573219, 24.287832], [120.573483, 24.287556], [120.574413, 24.285381], [120.575425, 24.286313], [120.576525, 24.287781], [120.575096, 24.289302], [120.575151, 24.289397], [120.574263, 24.289884], [120.574502, 24.290317], [120.574236, 24.290245], [120.573862, 24.290424], [120.574098, 24.290145], [120.574168, 24.289732], [120.573685, 24.288883], [120.57207, 24.289433], [120.572101, 24.289696], [120.571808, 24.290012], [120.57195, 24.290202], [120.572328, 24.289997], [120.572858, 24.290309], [120.572749, 24.29055], [120.572976, 24.29059], [120.572867, 24.290831], [120.572968, 24.290836], [120.572717, 24.290898], [120.572682, 24.291108], [120.573125, 24.291242], [120.573264, 24.291042], [120.573471, 24.291402], [120.573677, 24.291527], [120.57369, 24.291297], [120.574668, 24.291031], [120.57474, 24.29089], [120.574651, 24.290667], [120.57436, 24.29079], [120.574441, 24.29099], [120.574305, 24.290806], [120.574156, 24.290969], [120.574157, 24.291353], [120.573943, 24.291608], [120.574262, 24.291826], [120.573813, 24.291839], [120.57386, 24.292193], [120.573539, 24.292189], [120.572914, 24.291684], [120.57289, 24.291342], [120.572788, 24.291328], [120.572606, 24.291085], [120.572355, 24.291012], [120.572061, 24.290781], [120.571789, 24.290986], [120.571282, 24.291036], [120.571209, 24.291144], [120.57115, 24.290921], [120.571654, 24.290235], [120.572018, 24.29215], [120.571908, 24.292611], [120.571202, 24.293511], [120.571354, 24.293575], [120.571388, 24.293704], [120.571181, 24.293725], [120.570959, 24.293481], [120.571035, 24.293189], [120.574361, 24.29249], [120.574998, 24.291672], [120.574685, 24.291491], [120.574798, 24.291187], [120.575027, 24.290988], [120.575105, 24.293943], [120.575382, 24.293937], [120.574796, 24.294321], [120.570898, 24.296363], [120.571124, 24.297575], [120.569378, 24.295104], [120.568912, 24.294692], [120.568863, 24.294537], [120.569208, 24.294365], [120.569194, 24.29421], [120.569113, 24.294221], [120.568471, 24.293482], [120.568546, 24.293375], [120.56849, 24.293191], [120.568332, 24.29322], [120.568128, 24.293132], [120.567881, 24.292886], [120.567732, 24.292943], [120.5676, 24.292819], [120.5675, 24.293018], [120.567249, 24.292813], [120.567099, 24.292835], [120.566852, 24.292504], [120.566921, 24.292459], [120.567127, 24.292918], [120.567181, 24.293136], [120.567036, 24.293234], [120.566902, 24.29305], [120.567559, 24.292484], [120.567556, 24.292244], [120.567808, 24.292404], [120.567969, 24.292743], [120.568378, 24.292929], [120.568124, 24.292319], [120.568087, 24.292459], [120.56852, 24.292521], [120.568656, 24.292766], [120.568789, 24.291922], [120.5685, 24.291696], [120.568431, 24.291434], [120.567885, 24.291561], [120.567949, 24.291703], [120.568193, 24.291679], [120.568137, 24.291383], [120.568009, 24.291411], [120.567599, 24.291743], [120.567297, 24.291667], [120.567353, 24.291526], [120.567261, 24.291448], [120.567078, 24.291461], [120.567178, 24.291577], [120.567123, 24.291716], [120.567406, 24.292217], [120.567575, 24.292005], [120.568194, 24.291942], [120.568264, 24.292064], [120.568525, 24.291416], [120.568799, 24.291379], [120.568698, 24.291244], [120.568566, 24.291289], [120.568855, 24.291171], [120.568999, 24.291191], [120.569092, 24.291539], [120.568957, 24.291594], [120.56933, 24.291566], [120.569376, 24.291841], [120.569535, 24.291216], [120.57081, 24.290996], [120.570913, 24.290954], [120.570956, 24.29073], [120.56984, 24.290924], [120.569657, 24.291058], [120.56929, 24.291131], [120.569368, 24.290926], [120.569646, 24.290837], [120.569631, 24.290765], [120.569833, 24.291218], [120.570314, 24.291306], [120.570347, 24.291456], [120.570872, 24.29142], [120.570991, 24.290493], [120.571126, 24.290323], [120.570962, 24.290239], [120.571156, 24.290185], [120.571262, 24.289969], [120.571533, 24.290211], [120.571441, 24.290339], [120.570989, 24.289728], [120.571081, 24.289563], [120.571304, 24.28956], [120.57104, 24.289409], [120.571079, 24.289223], [120.57083, 24.28928], [120.570741, 24.289186], [120.570798, 24.28911], [120.570597, 24.288912], [120.570591, 24.2887], [120.570238, 24.288866], [120.569444, 24.288913], [120.569455, 24.288825], [120.570134, 24.288783], [120.570288, 24.289251], [120.56945, 24.289193], [120.569406, 24.288783], [120.56929, 24.288538], [120.569187, 24.288593], [120.569308, 24.288446], [120.569504, 24.288372], [120.569492, 24.288453], [120.569567, 24.288421], [120.568932, 24.288302], [120.568949, 24.288186], [120.568984, 24.288634], [120.568437, 24.288705], [120.568286, 24.28896], [120.568089, 24.289009], [120.567223, 24.289021], [120.566523, 24.289932], [120.565286, 24.290299], [120.56452, 24.289582], [120.56364, 24.289689], [120.563505, 24.289057], [120.563737, 24.288932], [120.563657, 24.288886], [120.563755, 24.288761], [120.563685, 24.288728], [120.563864, 24.28862], [120.563963, 24.28871], [120.563981, 24.288804], [120.563854, 24.28887], [120.563457, 24.288885], [120.563389, 24.288778], [120.563735, 24.288499], [120.564108, 24.288452], [120.563122, 24.289201], [120.562892, 24.28891], [120.562489, 24.287856], [120.562245, 24.286957], [120.563081, 24.286343], [120.563063, 24.286233], [120.563389, 24.286252], [120.563346, 24.286034], [120.563028, 24.286096], [120.563107, 24.285906], [120.562746, 24.286008], [120.562668, 24.28566], [120.562771, 24.286085], [120.563436, 24.286003], [120.564078, 24.286589], [120.564524, 24.286618], [120.563929, 24.287015], [120.563619, 24.286821], [120.565427, 24.287924], [120.565891, 24.286318], [120.567039, 24.285997], [120.56899, 24.289493], [120.569126, 24.290093], [120.56933, 24.29002], [120.569714, 24.29018], [120.570027, 24.28974], [120.570255, 24.289707], [120.570185, 24.289499], [120.570091, 24.289518], [120.570622, 24.289372], [120.570827, 24.289415], [120.570832, 24.289556], [120.571023, 24.289496], [120.571036, 24.288684], [120.56872, 24.289838], [120.568949, 24.290534], [120.56872, 24.290655], [120.5678, 24.290566], [120.566982, 24.290837], [120.566891, 24.291413], [120.567563, 24.293478], [120.568983, 24.293198], [120.569148, 24.293066], [120.569042, 24.292944]]}}, {"type": "Feature", "properties": {"district": "6601200", "segment": 6, "total_segments": 40, "km": 12.56, "villages": ["裕嘉里", "臨江里"]}, "geometry": {"type": "LineString", "coordinates": [[120.56129, 24.289152], [120.561277, 24.289024], [120.56105, 24.28921], [120.560529, 24.289406], [120.560912, 24.28973], [120.561287, 24.289581], [120.561567, 24.290357], [120.561231, 24.290683], [120.559782, 24.291102], [120.559445, 24.29136], [120.55899, 24.291117], [120.558468, 24.291478], [120.558162, 24.29133], [120.558097, 24.291445], [120.557648, 24.291567], [120.557588, 24.291464], [120.557452, 24.291613], [120.557087, 24.291692], [120.55663, 24.291694], [120.556688, 24.291583], [120.556251, 24.291592], [120.556332, 24.291773], [120.55602, 24.291846], [120.556036, 24.291696], [120.555911, 24.291681], [120.555865, 24.291774], [120.555758, 24.291661], [120.555556, 24.291977], [120.555386, 24.291199], [120.555852, 24.29094], [120.556099, 24.291197], [120.556341, 24.291212], [120.556447, 24.290772], [120.556415, 24.290566], [120.556525, 24.29054], [120.556571, 24.290698], [120.556481, 24.290416], [120.556609, 24.290385], [120.556289, 24.290459], [120.556852, 24.29084], [120.556909, 24.290912], [120.556823, 24.291059], [120.556992, 24.291132], [120.557355, 24.291009], [120.557438, 24.291179], [120.557536, 24.291153], [120.557448, 24.290149], [120.557615, 24.290104], [120.557514, 24.289984], [120.557655, 24.289819], [120.557934, 24.289815], [120.558052, 24.289964], [120.557116, 24.290205], [120.557016, 24.29032], [120.558296, 24.291283], [120.558714, 24.289791], [120.558846, 24.289779], [120.558898, 24.289609], [120.559248, 24.28797], [120.560571, 24.287772], [120.560585, 24.288318], [120.561779, 24.28806], [120.562066, 24.287393], [120.561928, 24.2871], [120.561962, 24.286835], [120.562647, 24.288969], [120.563283, 24.289891], [120.563574, 24.289909], [120.563565, 24.290097], [120.563866, 24.290058], [120.563931, 24.290377], [120.564571, 24.290582], [120.56452, 24.290689], [120.564677, 24.290739], [120.5648, 24.291423], [120.56515, 24.291462], [120.565152, 24.291672], [120.564961, 24.291806], [120.564932, 24.291934], [120.56511, 24.292095], [120.565252, 24.292076], [120.565345, 24.292055], [120.565307, 24.291923], [120.566764, 24.291648], [120.566704, 24.291797], [120.565803, 24.291981], [120.565755, 24.292123], [120.565589, 24.292131], [120.565833, 24.292283], [120.566081, 24.292614], [120.566029, 24.292756], [120.565771, 24.29279], [120.565771, 24.292627], [120.565484, 24.292823], [120.565465, 24.293042], [120.565478, 24.292407], [120.566155, 24.292511], [120.566456, 24.292456], [120.566601, 24.292628], [120.566601, 24.292729], [120.56646, 24.292847], [120.566834, 24.292937], [120.566846, 24.293141], [120.566547, 24.293205], [120.566739, 24.293436], [120.566895, 24.293228], [120.56698, 24.293288], [120.566703, 24.292321], [120.566788, 24.292242], [120.566574, 24.292165], [120.566365, 24.292287], [120.56629, 24.292094], [120.566767, 24.29194], [120.567237, 24.292057], [120.566487, 24.291351], [120.566111, 24.291342], [120.566095, 24.291577], [120.566032, 24.291595], [120.565877, 24.291327], [120.565991, 24.291082], [120.566309, 24.290988], [120.566576, 24.291058], [120.566486, 24.290763], [120.566122, 24.290612], [120.565953, 24.290639], [120.565632, 24.291531], [120.565669, 24.291607], [120.566292, 24.291453], [120.564264, 24.292203], [120.564278, 24.292301], [120.564025, 24.292248], [120.564086, 24.292338], [120.563886, 24.293133], [120.564018, 24.294046], [120.563281, 24.294812], [120.563054, 24.294487], [120.562953, 24.29453], [120.562986, 24.294289], [120.562849, 24.294124], [120.562664, 24.293457], [120.563085, 24.29317], [120.563297, 24.293147], [120.563064, 24.292214], [120.563337, 24.291791], [120.562469, 24.291697], [120.562199, 24.29142], [120.562879, 24.290054], [120.564156, 24.291371], [120.560691, 24.292382], [120.559567, 24.292612], [120.55949, 24.292532], [120.558605, 24.292996], [120.557952, 24.293125], [120.557976, 24.293218], [120.557684, 24.293375], [120.55776, 24.293688], [120.557255, 24.293814], [120.557044, 24.293781], [120.558788, 24.294576], [120.561421, 24.296017], [120.562191, 24.295117], [120.563326, 24.29556], [120.564316, 24.295402], [120.564336, 24.295514], [120.564591, 24.295472], [120.56461, 24.295605], [120.564489, 24.29562], [120.564312, 24.295806], [120.564387, 24.295977], [120.564595, 24.295994], [120.564523, 24.295851], [120.56465, 24.295596], [120.565021, 24.295374], [120.564308, 24.295363], [120.564406, 24.296434], [120.564072, 24.296544], [120.564082, 24.296701], [120.567674, 24.294916], [120.567929, 24.294755], [120.567755, 24.294434], [120.568045, 24.294489], [120.568106, 24.295008], [120.567957, 24.295372], [120.567984, 24.29546], [120.568086, 24.2954], [120.567691, 24.295382], [120.568752, 24.295106], [120.56901, 24.29496], [120.567654, 24.29415], [120.554419, 24.290985], [120.55434, 24.291167], [120.554178, 24.291063], [120.554415, 24.290464], [120.554581, 24.290381], [120.554381, 24.289979], [120.554663, 24.289834], [120.553151, 24.289929], [120.551635, 24.290235], [120.553954, 24.291825], [120.553595, 24.292349], [120.553348, 24.292248], [120.553161, 24.292388], [120.553215, 24.292439]]}}, {"type": "Feature", "properties": {"district": "6601200", "segment": 7, "total_segments": 40, "km": 13.88, "villages": ["高南里"]}, "geometry": {"type": "LineString", "coordinates": [[120.553337, 24.29511], [120.552196, 24.295888], [120.552471, 24.296178], [120.552419, 24.296812], [120.551953, 24.297066], [120.552383, 24.297813], [120.552367, 24.298538], [120.552464, 24.298696], [120.552882, 24.29849], [120.554059, 24.29923], [120.553562, 24.299794], [120.552472, 24.299833], [120.552496, 24.300054], [120.552299, 24.300224], [120.552155, 24.300233], [120.55222, 24.30006], [120.551762, 24.299929], [120.55203, 24.299858], [120.552059, 24.299579], [120.551702, 24.299336], [120.551487, 24.299996], [120.551105, 24.300103], [120.550969, 24.300226], [120.550853, 24.300256], [120.550779, 24.300174], [120.550426, 24.300274], [120.550687, 24.300647], [120.550394, 24.300728], [120.550187, 24.300513], [120.551026, 24.298462], [120.551415, 24.298377], [120.551165, 24.2962], [120.547873, 24.297569], [120.547759, 24.297997], [120.548257, 24.298222], [120.547949, 24.299223], [120.55272, 24.300935], [120.55291, 24.300968], [120.552958, 24.300841], [120.553169, 24.301039], [120.553128, 24.301225], [120.552664, 24.301305], [120.552815, 24.301422], [120.552828, 24.301564], [120.553042, 24.301675], [120.553208, 24.301561], [120.553413, 24.30155], [120.553535, 24.301346], [120.553631, 24.301647], [120.55358, 24.301974], [120.553697, 24.302272], [120.553249, 24.301875], [120.552957, 24.302016], [120.552903, 24.302219], [120.552677, 24.302243], [120.553881, 24.3013], [120.553951, 24.301176], [120.554902, 24.301144], [120.555636, 24.301675], [120.555481, 24.301875], [120.555605, 24.302102], [120.555826, 24.302169], [120.555982, 24.301872], [120.556122, 24.302188], [120.556336, 24.302247], [120.556363, 24.302161], [120.556441, 24.302187], [120.556432, 24.302275], [120.555566, 24.302475], [120.555531, 24.302359], [120.555602, 24.302236], [120.555403, 24.30215], [120.555422, 24.302548], [120.555764, 24.301528], [120.55738, 24.30169], [120.557347, 24.302214], [120.559725, 24.303169], [120.560523, 24.303608], [120.560844, 24.303874], [120.560825, 24.304073], [120.561053, 24.304092], [120.561064, 24.304009], [120.561327, 24.304132], [120.561416, 24.304214], [120.561315, 24.304351], [120.561613, 24.304525], [120.561858, 24.304837], [120.562073, 24.304656], [120.562254, 24.305212], [120.562352, 24.30519], [120.562081, 24.30531], [120.562566, 24.305437], [120.562828, 24.305635], [120.56301, 24.305665], [120.563072, 24.305505], [120.563257, 24.30553], [120.563444, 24.305322], [120.563393, 24.305001], [120.563566, 24.304959], [120.563464, 24.304841], [120.563524, 24.304784], [120.563263, 24.304668], [120.563174, 24.304288], [120.563569, 24.304392], [120.563731, 24.304543], [120.563958, 24.304358], [120.564135, 24.304476], [120.564532, 24.304465], [120.564683, 24.304201], [120.564652, 24.305159], [120.564378, 24.305211], [120.564095, 24.30491], [120.563562, 24.305088], [120.563741, 24.305788], [120.563319, 24.305918], [120.563182, 24.3061], [120.563103, 24.306032], [120.563187, 24.306218], [120.563354, 24.306245], [120.563308, 24.306337], [120.563372, 24.306457], [120.563652, 24.306355], [120.563652, 24.306304], [120.562837, 24.306254], [120.562627, 24.306352], [120.562338, 24.306336], [120.562545, 24.306699], [120.562665, 24.306698], [120.562624, 24.30648], [120.562697, 24.306458], [120.563089, 24.307351], [120.56243, 24.307386], [120.562038, 24.306777], [120.56239, 24.305908], [120.562514, 24.305825], [120.562406, 24.305661], [120.562194, 24.305654], [120.562672, 24.30521], [120.562778, 24.305218], [120.56246, 24.304983], [120.565001, 24.30489], [120.563039, 24.302579], [120.563473, 24.302123], [120.563534, 24.301872], [120.56314, 24.301816], [120.563494, 24.301554], [120.563656, 24.301565], [120.563607, 24.301712], [120.563813, 24.301398], [120.563487, 24.301246], [120.56357, 24.301076], [120.563435, 24.301007], [120.56313, 24.301081], [120.562765, 24.300988], [120.563254, 24.300813], [120.56366, 24.300955], [120.563724, 24.300855], [120.563674, 24.301095], [120.563871, 24.301155], [120.564109, 24.300705], [120.563995, 24.300593], [120.564092, 24.300097], [120.564399, 24.300107], [120.5644, 24.300005], [120.565322, 24.299995], [120.565551, 24.300103], [120.565298, 24.29929], [120.56512, 24.299332], [120.565005, 24.299267], [120.565048, 24.299083], [120.565184, 24.299102], [120.564239, 24.298986], [120.564167, 24.299182], [120.564216, 24.298578], [120.564332, 24.298218], [120.564166, 24.298183], [120.564123, 24.297977], [120.563713, 24.297789], [120.564607, 24.298011], [120.564753, 24.298249], [120.563545, 24.299531], [120.562211, 24.298967], [120.561351, 24.300586], [120.56083, 24.300435], [120.559358, 24.298775], [120.558892, 24.298856], [120.55893, 24.298971], [120.55874, 24.298604], [120.55885, 24.298547], [120.559163, 24.298582], [120.558218, 24.29886], [120.558456, 24.297999], [120.5582, 24.297536], [120.558125, 24.29757], [120.557023, 24.297128], [120.556435, 24.296183], [120.556798, 24.29582], [120.555802, 24.295577], [120.555508, 24.295667], [120.555358, 24.299497], [120.554773, 24.304218], [120.554557, 24.304229], [120.555411, 24.304616], [120.562179, 24.302056], [120.562788, 24.301548], [120.563251, 24.301376], [120.564895, 24.301564], [120.565105, 24.301169], [120.5633, 24.308166]]}}, {"type": "Feature", "properties": {"district": "6601200", "segment": 8, "total_segments": 40, "km": 14.45, "villages": ["高南里", "高西里"]}, "geometry": {"type": "LineString", "coordinates": [[120.547572, 24.305009], [120.575086, 24.28159], [120.555201, 24.306209], [120.555284, 24.306685], [120.555431, 24.306718], [120.555451, 24.306623], [120.555582, 24.306706], [120.555541, 24.30693], [120.555365, 24.306932], [120.555812, 24.306755], [120.556011, 24.306869], [120.555889, 24.307379], [120.555691, 24.307585], [120.555919, 24.307757], [120.556189, 24.308225], [120.55622, 24.308539], [120.556007, 24.308503], [120.556353, 24.308725], [120.556124, 24.308964], [120.556011, 24.309302], [120.556091, 24.309614], [120.555748, 24.309759], [120.556297, 24.309603], [120.556619, 24.309598], [120.556624, 24.309534], [120.556506, 24.310183], [120.556515, 24.310827], [120.556802, 24.310769], [120.557153, 24.310833], [120.557035, 24.310956], [120.556889, 24.310947], [120.556831, 24.311152], [120.55671, 24.31121], [120.556586, 24.311187], [120.556601, 24.311097], [120.556468, 24.310921], [120.556156, 24.310838], [120.556136, 24.311105], [120.556197, 24.311113], [120.555991, 24.311103], [120.555789, 24.311316], [120.555119, 24.311464], [120.555103, 24.311543], [120.555077, 24.311274], [120.55495, 24.311242], [120.554592, 24.311518], [120.554559, 24.311333], [120.554186, 24.311266], [120.554005, 24.311637], [120.554227, 24.311613], [120.554408, 24.311687], [120.554084, 24.311874], [120.553393, 24.311348], [120.553683, 24.311147], [120.553927, 24.311224], [120.553458, 24.310984], [120.553491, 24.310887], [120.552944, 24.311011], [120.552998, 24.311095], [120.553278, 24.311054], [120.552681, 24.311226], [120.552267, 24.311136], [120.551947, 24.310809], [120.551903, 24.31091], [120.551829, 24.310839], [120.551633, 24.310964], [120.551501, 24.310789], [120.551229, 24.310765], [120.551239, 24.310677], [120.551444, 24.310591], [120.551671, 24.310698], [120.551807, 24.310531], [120.55197, 24.310655], [120.552056, 24.310534], [120.552032, 24.31027], [120.551934, 24.310372], [120.551411, 24.310433], [120.551071, 24.310623], [120.551098, 24.310851], [120.550992, 24.310872], [120.551206, 24.311041], [120.551111, 24.311108], [120.551133, 24.311304], [120.551308, 24.311368], [120.551334, 24.311292], [120.551097, 24.311604], [120.55085, 24.311771], [120.550816, 24.311676], [120.550985, 24.311545], [120.550974, 24.311419], [120.550929, 24.311349], [120.550805, 24.311368], [120.550878, 24.311461], [120.550849, 24.311258], [120.550715, 24.31126], [120.550708, 24.311132], [120.550533, 24.311118], [120.550687, 24.311023], [120.550923, 24.310667], [120.550863, 24.310611], [120.551553, 24.311281], [120.55215, 24.311325], [120.55149, 24.311586], [120.550975, 24.311956], [120.551057, 24.312292], [120.550817, 24.312764], [120.551765, 24.312884], [120.553675, 24.31072], [120.554169, 24.310684], [120.552935, 24.309675], [120.55263, 24.309311], [120.552378, 24.309457], [120.55216, 24.309292], [120.551956, 24.309367], [120.551702, 24.308777], [120.552375, 24.308712], [120.552112, 24.308466], [120.55284, 24.308562], [120.552855, 24.308512], [120.552956, 24.308605], [120.553136, 24.308555], [120.55312, 24.308716], [120.55303, 24.308755], [120.553069, 24.308933], [120.552791, 24.30874], [120.552858, 24.309128], [120.553327, 24.309279], [120.553335, 24.308402], [120.553773, 24.307999], [120.55395, 24.307732], [120.553822, 24.307429], [120.553855, 24.307302], [120.55421, 24.307341], [120.554384, 24.307533], [120.554827, 24.307644], [120.554877, 24.307844], [120.555105, 24.307594], [120.556508, 24.307901], [120.557054, 24.308679], [120.557375, 24.30955], [120.557196, 24.309613], [120.557671, 24.309871], [120.557812, 24.310108], [120.557552, 24.310289], [120.55764, 24.3105], [120.557833, 24.310605], [120.557983, 24.310511], [120.557944, 24.310708], [120.55809, 24.310753], [120.557616, 24.310961], [120.557603, 24.311071], [120.557321, 24.310944], [120.557265, 24.311075], [120.557352, 24.311269], [120.557071, 24.311345], [120.557007, 24.311211], [120.556787, 24.311343], [120.55698, 24.312209], [120.556898, 24.312424], [120.55667, 24.312439], [120.55666, 24.312077], [120.556814, 24.311954], [120.557001, 24.312682], [120.55678, 24.313975], [120.559102, 24.311557], [120.559037, 24.31144], [120.559601, 24.311153], [120.559196, 24.310126], [120.559143, 24.309736], [120.5589, 24.309784], [120.559346, 24.309677], [120.558417, 24.310105], [120.558024, 24.310433], [120.558392, 24.310466], [120.558044, 24.309714], [120.557371, 24.310694], [120.55693, 24.310387], [120.556861, 24.310487]]}}, {"type": "Feature", "properties": {"district": "6601200", "segment": 9, "total_segments": 40, "km": 13.72, "villages": ["高西里", "高北里"]}, "geometry": {"type": "LineString", "coordinates": [[120.5502, 24.309625], [120.549387, 24.307815], [120.553363, 24.307643], [120.554919, 24.306102], [120.562709, 24.309078], [120.562872, 24.311719], [120.564252, 24.316323], [120.564144, 24.317786], [120.564339, 24.317819], [120.564071, 24.318134], [120.564375, 24.318274], [120.564592, 24.31826], [120.56464, 24.318573], [120.564843, 24.318413], [120.565169, 24.31889], [120.564944, 24.319376], [120.565011, 24.319445], [120.564879, 24.319805], [120.564953, 24.320043], [120.564458, 24.320165], [120.564601, 24.320321], [120.564737, 24.320317], [120.564809, 24.320542], [120.565092, 24.32072], [120.565301, 24.320652], [120.565442, 24.320324], [120.565632, 24.320328], [120.565132, 24.320046], [120.56504, 24.320287], [120.56445, 24.32074], [120.564842, 24.320752], [120.565167, 24.321013], [120.565425, 24.321026], [120.56587, 24.321966], [120.565488, 24.322188], [120.566983, 24.32286], [120.56669, 24.320243], [120.567332, 24.3201], [120.567883, 24.319521], [120.569163, 24.319573], [120.569545, 24.319903], [120.569455, 24.320046], [120.569213, 24.32007], [120.569279, 24.320283], [120.569805, 24.320047], [120.569926, 24.320243], [120.570113, 24.319946], [120.569957, 24.319291], [120.570621, 24.318982], [120.570661, 24.319064], [120.571032, 24.319099], [120.571466, 24.318754], [120.571746, 24.318908], [120.571849, 24.318851], [120.571996, 24.318979], [120.572163, 24.31888], [120.571909, 24.318611], [120.571796, 24.319041], [120.572622, 24.319837], [120.572922, 24.319801], [120.572132, 24.320574], [120.571746, 24.317793], [120.571096, 24.317538], [120.571208, 24.317348], [120.570808, 24.317961], [120.565411, 24.318086], [120.563644, 24.318031], [120.563567, 24.317898], [120.563421, 24.317885], [120.563363, 24.318], [120.563267, 24.31791], [120.562577, 24.317939], [120.562505, 24.318076], [120.56222, 24.31791], [120.561218, 24.31851], [120.560588, 24.318739], [120.560689, 24.318888], [120.560372, 24.318873], [120.56028, 24.319036], [120.560102, 24.318844], [120.560204, 24.31868], [120.560128, 24.318527], [120.560343, 24.318566], [120.5606, 24.317824], [120.561168, 24.317884], [120.561179, 24.31796], [120.561268, 24.31788], [120.561055, 24.318848], [120.559999, 24.317763], [120.559832, 24.317681], [120.559438, 24.318264], [120.559502, 24.318409], [120.558739, 24.318298], [120.558501, 24.317888], [120.558578, 24.317852], [120.55794, 24.318184], [120.557933, 24.318045], [120.557974, 24.318512], [120.55782, 24.318575], [120.557854, 24.318673], [120.558025, 24.318602], [120.557305, 24.318923], [120.557057, 24.31887], [120.5566, 24.319114], [120.556568, 24.319001], [120.556447, 24.3191], [120.556272, 24.319075], [120.556276, 24.3192], [120.556119, 24.31911], [120.555922, 24.319212], [120.555977, 24.319353], [120.555811, 24.319483], [120.555673, 24.319444], [120.555567, 24.319182], [120.555325, 24.319061], [120.555469, 24.318801], [120.555729, 24.318825], [120.555809, 24.318747], [120.555751, 24.318555], [120.555807, 24.318417], [120.555529, 24.318451], [120.555361, 24.318109], [120.555175, 24.318025], [120.555061, 24.317848], [120.555193, 24.317601], [120.555348, 24.317665], [120.555279, 24.31775], [120.55549, 24.317732], [120.55544, 24.317889], [120.555684, 24.317948], [120.555839, 24.317863], [120.555864, 24.317753], [120.556196, 24.317733], [120.556218, 24.317557], [120.556437, 24.31752], [120.556416, 24.317755], [120.556736, 24.317828], [120.556728, 24.317933], [120.556599, 24.317995], [120.556827, 24.318249], [120.556442, 24.318495], [120.556127, 24.318565], [120.556169, 24.318647], [120.556064, 24.318691], [120.556171, 24.318796], [120.556105, 24.318838], [120.556504, 24.318829], [120.556741, 24.318698], [120.556835, 24.318831], [120.55667, 24.318598], [120.556412, 24.318682], [120.556083, 24.319024], [120.555717, 24.319047], [120.556431, 24.31928], [120.556565, 24.319237], [120.556043, 24.318276], [120.555913, 24.31809], [120.555737, 24.318215], [120.556303, 24.317983], [120.556388, 24.318035], [120.557037, 24.317682], [120.557005, 24.317941], [120.557312, 24.317963], [120.557176, 24.318248], [120.557057, 24.318321], [120.557029, 24.317241], [120.556731, 24.317139], [120.55677, 24.317242], [120.556253, 24.317295], [120.555701, 24.317772], [120.555293, 24.317469], [120.554835, 24.31733], [120.555122, 24.317216], [120.555057, 24.317659], [120.554798, 24.317976], [120.554995, 24.318109], [120.554687, 24.318478], [120.555158, 24.318513], [120.556233, 24.316805], [120.556503, 24.316632], [120.556763, 24.316792], [120.556733, 24.316894], [120.556907, 24.316748], [120.556736, 24.31616], [120.556898, 24.315792], [120.558887, 24.317153], [120.558826, 24.317393], [120.558875, 24.317545], [120.559031, 24.3176], [120.558758, 24.317764], [120.558493, 24.317659], [120.562299, 24.321388], [120.563855, 24.319345], [120.56394, 24.319106], [120.552902, 24.320903], [120.551924, 24.317667]]}}, {"type": "Feature", "properties": {"district": "6601200", "segment": 10, "total_segments": 40, "km": 14.88, "villages": ["高北里", "高美里", "高東里"]}, "geometry": {"type": "LineString", "coordinates": [[120.577827, 24.31813], [120.579104, 24.318371], [120.579426, 24.318305], [120.579619, 24.317908], [120.578977, 24.318762], [120.570885, 24.314752], [120.57048, 24.314883], [120.567178, 24.315379], [120.566543, 24.31368], [120.564759, 24.313291], [120.564227, 24.314061], [120.563812, 24.313947], [120.563831, 24.314211], [120.563695, 24.314194], [120.563496, 24.314297], [120.563431, 24.313942], [120.563672, 24.313691], [120.563305, 24.313393], [120.563136, 24.313549], [120.562964, 24.313285], [120.562776, 24.313356], [120.562641, 24.313542], [120.562917, 24.313871], [120.563381, 24.31433], [120.563983, 24.314643], [120.564039, 24.314531], [120.563912, 24.315552], [120.564096, 24.316027], [120.562722, 24.315217], [120.561565, 24.314859], [120.562111, 24.313932], [120.561793, 24.313592], [120.561625, 24.313718], [120.561418, 24.313652], [120.562232, 24.312337], [120.562823, 24.31252], [120.56296, 24.312423], [120.563043, 24.312659], [120.562928, 24.312744], [120.562935, 24.312893], [120.563246, 24.312638], [120.563502, 24.312556], [120.563544, 24.31243], [120.563786, 24.312633], [120.563386, 24.312012], [120.563168, 24.311927], [120.563414, 24.311671], [120.56333, 24.311404], [120.562805, 24.31125], [120.562775, 24.311083], [120.562658, 24.311089], [120.562595, 24.310585], [120.562143, 24.310626], [120.561745, 24.310521], [120.561547, 24.310598], [120.561537, 24.310445], [120.561228, 24.309846], [120.56106, 24.309873], [120.560797, 24.309661], [120.560963, 24.309448], [120.560908, 24.309378], [120.561032, 24.309388], [120.560945, 24.30918], [120.560648, 24.309336], [120.560562, 24.309177], [120.560434, 24.309333], [120.56033, 24.309229], [120.560495, 24.309473], [120.560239, 24.309545], [120.560441, 24.309721], [120.56054, 24.309569], [120.560712, 24.309959], [120.560886, 24.31006], [120.560488, 24.309975], [120.559789, 24.309599], [120.559774, 24.309471], [120.559878, 24.309464], [120.55943, 24.309473], [120.558911, 24.309674], [120.558614, 24.309056], [120.55975, 24.30899], [120.561342, 24.309151], [120.56161, 24.309023], [120.561966, 24.309741], [120.56191, 24.310045], [120.562522, 24.310196], [120.562575, 24.310475], [120.562697, 24.31046], [120.562649, 24.309899], [120.562513, 24.30988], [120.562551, 24.310151], [120.56247, 24.309802], [120.562604, 24.309019], [120.562698, 24.309126], [120.562653, 24.30948], [120.562709, 24.309518], [120.562436, 24.310509], [120.562235, 24.310528], [120.562433, 24.311241], [120.56259, 24.31151], [120.562797, 24.31145], [120.56267, 24.311172], [120.562762, 24.310928], [120.562687, 24.310609], [120.56284, 24.31062], [120.563005, 24.310485], [120.563058, 24.310633], [120.563448, 24.310655], [120.563537, 24.310549], [120.563629, 24.310569], [120.563586, 24.310734], [120.563803, 24.310739], [120.564092, 24.310906], [120.564252, 24.31066], [120.56443, 24.310865], [120.564716, 24.310898], [120.565867, 24.311384], [120.565814, 24.311593], [120.565559, 24.311702], [120.565667, 24.311818], [120.565462, 24.312096], [120.564955, 24.312181], [120.566111, 24.311353], [120.566304, 24.311068], [120.56696, 24.310666], [120.566946, 24.310542], [120.565157, 24.308952], [120.565057, 24.308999], [120.564768, 24.308786], [120.563655, 24.308242], [120.563072, 24.308282], [120.563078, 24.308614], [120.562788, 24.308641], [120.562805, 24.30877], [120.562679, 24.308697], [120.562692, 24.308567], [120.561647, 24.30816], [120.561501, 24.308127], [120.561297, 24.308312], [120.560871, 24.311092], [120.561394, 24.311378], [120.56153, 24.311214], [120.561692, 24.311207], [120.561673, 24.311318], [120.562033, 24.311606], [120.562805, 24.311571], [120.562885, 24.311924], [120.563019, 24.311996], [120.562934, 24.312085], [120.562938, 24.312224], [120.563136, 24.312167], [120.56311, 24.31149], [120.563562, 24.31132], [120.563256, 24.310523], [120.561535, 24.311899], [120.56617, 24.310605], [120.568987, 24.310938], [120.569602, 24.310806], [120.570198, 24.311008], [120.570177, 24.311164], [120.570902, 24.311305], [120.570996, 24.311369], [120.570934, 24.311473], [120.57067, 24.311445], [120.570742, 24.311849], [120.570532, 24.311866], [120.571016, 24.312054], [120.571086, 24.312493], [120.571368, 24.312374], [120.570831, 24.312752], [120.571269, 24.311441], [120.571864, 24.311582], [120.571942, 24.311073], [120.571173, 24.311111], [120.570526, 24.310722], [120.570429, 24.310483], [120.570266, 24.310557], [120.570473, 24.310459], [120.570529, 24.310273], [120.570668, 24.310213], [120.57074, 24.310329], [120.570948, 24.310233], [120.570865, 24.310038], [120.57092, 24.310013], [120.570811, 24.310062], [120.570605, 24.309808], [120.570392, 24.309908], [120.570341, 24.310264], [120.571685, 24.310047], [120.571587, 24.309941], [120.571517, 24.309638], [120.571372, 24.309685], [120.571438, 24.309805], [120.572476, 24.309515], [120.572677, 24.309129], [120.572493, 24.309065], [120.573093, 24.309243], [120.572904, 24.309587], [120.573342, 24.310378], [120.573655, 24.310278], [120.574112, 24.309707], [120.573952, 24.309349], [120.574139, 24.309121], [120.574077, 24.309002], [120.573934, 24.309002], [120.573913, 24.308865], [120.573794, 24.308921], [120.57477, 24.308546], [120.574989, 24.307957], [120.575127, 24.308002], [120.575074, 24.307651], [120.574735, 24.307588], [120.575422, 24.307937], [120.575355, 24.308995], [120.57524, 24.30899], [120.575455, 24.30952], [120.575739, 24.309473], [120.575814, 24.309671], [120.576047, 24.309417], [120.57588, 24.309257], [120.57648, 24.30902], [120.57683, 24.309591], [120.577053, 24.309751], [120.577312, 24.309641], [120.577574, 24.309695], [120.577518, 24.30927], [120.578253, 24.309734], [120.578699, 24.30984], [120.579774, 24.309367], [120.579534, 24.308967], [120.579294, 24.308972], [120.578262, 24.308616], [120.578807, 24.307392], [120.579133, 24.307319], [120.578395, 24.306919], [120.577723, 24.306747], [120.577583, 24.306868], [120.577665, 24.306915], [120.57777, 24.30512], [120.577056, 24.305006], [120.57614, 24.305015], [120.576282, 24.305484], [120.57589, 24.305633], [120.575742, 24.305897], [120.5755, 24.305897], [120.575355, 24.306589], [120.575445, 24.306704], [120.575279, 24.30686], [120.575034, 24.306813], [120.57502, 24.306478], [120.573854, 24.306041], [120.573622, 24.305755], [120.573397, 24.304483], [120.573236, 24.304436], [120.573558, 24.304423], [120.575975, 24.303615]]}}, {"type": "Feature", "properties": {"district": "6601200", "segment": 11, "total_segments": 40, "km": 10.08, "villages": ["高東里"]}, "geometry": {"type": "LineString", "coordinates": [[120.578743, 24.305287], [120.578989, 24.306175], [120.579832, 24.306298], [120.580045, 24.306708], [120.581461, 24.306695], [120.582, 24.308332], [120.582233, 24.308323], [120.582569, 24.308585], [120.582986, 24.308453], [120.583126, 24.308935], [120.583421, 24.308972], [120.583549, 24.309143], [120.584141, 24.309545], [120.584119, 24.310498], [120.584712, 24.310701], [120.584055, 24.311141], [120.583641, 24.311876], [120.582964, 24.311051], [120.583166, 24.31084], [120.581049, 24.310437], [120.581041, 24.310031], [120.580109, 24.309808], [120.58002, 24.31109], [120.580139, 24.311083], [120.579746, 24.311348], [120.579729, 24.311058], [120.579522, 24.311079], [120.579965, 24.311696], [120.580234, 24.311776], [120.580748, 24.311147], [120.577848, 24.311704], [120.576548, 24.312369], [120.577287, 24.313526], [120.575041, 24.313139], [120.574973, 24.313454], [120.574424, 24.313665], [120.574192, 24.314019], [120.574001, 24.312395], [120.574477, 24.312191], [120.573361, 24.312049], [120.57307, 24.311904], [120.56917, 24.311313], [120.569234, 24.311202], [120.569117, 24.310507], [120.569229, 24.307362], [120.573083, 24.306924], [120.573437, 24.306993], [120.573711, 24.30741], [120.57324, 24.307847], [120.584068, 24.307108], [120.58659, 24.311339], [120.587115, 24.311094], [120.587562, 24.311716], [120.588209, 24.310955], [120.588642, 24.311151], [120.588285, 24.311414], [120.588677, 24.312747], [120.589088, 24.312657], [120.590155, 24.311241], [120.591164, 24.311754], [120.592147, 24.309782], [120.593199, 24.313992], [120.591329, 24.314678], [120.591293, 24.314807], [120.591495, 24.315032], [120.591074, 24.314593], [120.590784, 24.314725], [120.58957, 24.316135], [120.5882, 24.316752], [120.585936, 24.316214], [120.585719, 24.315982], [120.595062, 24.313958]]}}, {"type": "Feature", "properties": {"district": "6601200", "segment": 12, "total_segments": 40, "km": 14.98, "villages": ["菁埔里"]}, "geometry": {"type": "LineString", "coordinates": [[120.593519, 24.309348], [120.594059, 24.309138], [120.594049, 24.309009], [120.592209, 24.308322], [120.59207, 24.308425], [120.592038, 24.308263], [120.591761, 24.308281], [120.591527, 24.308405], [120.591546, 24.308061], [120.591672, 24.308], [120.592266, 24.308097], [120.592901, 24.307123], [120.592678, 24.305823], [120.591578, 24.305125], [120.590127, 24.305023], [120.590103, 24.305103], [120.590122, 24.304724], [120.58956, 24.305162], [120.590274, 24.303584], [120.590637, 24.303537], [120.590389, 24.303126], [120.590983, 24.301877], [120.591708, 24.30332], [120.594048, 24.305607], [120.593976, 24.306201], [120.595515, 24.306708], [120.59537, 24.307251], [120.595444, 24.307277], [120.595199, 24.307415], [120.595087, 24.307329], [120.594893, 24.307376], [120.59566, 24.307583], [120.596752, 24.307106], [120.596548, 24.306471], [120.597628, 24.306596], [120.59787, 24.305836], [120.598069, 24.305857], [120.597214, 24.305622], [120.59869, 24.305472], [120.598715, 24.305639], [120.59897, 24.305605], [120.599036, 24.305385], [120.599732, 24.305169], [120.599656, 24.305015], [120.599739, 24.304996], [120.599922, 24.305151], [120.600469, 24.305225], [120.600759, 24.305353], [120.600443, 24.305635], [120.600261, 24.305025], [120.600918, 24.304836], [120.601152, 24.30491], [120.601331, 24.304695], [120.601462, 24.304653], [120.601198, 24.304381], [120.601341, 24.304126], [120.601466, 24.304181], [120.600953, 24.303891], [120.600924, 24.303644], [120.600782, 24.303611], [120.600665, 24.303462], [120.600424, 24.303552], [120.600258, 24.303383], [120.59998, 24.303285], [120.599598, 24.303736], [120.599148, 24.303784], [120.599065, 24.303908], [120.599129, 24.303942], [120.599001, 24.304048], [120.598674, 24.303884], [120.599395, 24.304042], [120.599493, 24.303898], [120.599743, 24.303854], [120.599867, 24.304107], [120.599691, 24.30423], [120.599975, 24.304252], [120.599968, 24.304312], [120.599963, 24.303979], [120.599551, 24.303649], [120.599446, 24.304337], [120.599284, 24.304385], [120.599144, 24.304576], [120.599199, 24.30511], [120.598753, 24.305189], [120.599356, 24.305085], [120.599451, 24.304646], [120.599749, 24.304623], [120.59997, 24.304852], [120.600602, 24.304715], [120.601431, 24.305038], [120.601419, 24.3063], [120.601505, 24.306482], [120.600811, 24.307042], [120.600425, 24.307129], [120.59979, 24.306896], [120.59948, 24.306577], [120.599288, 24.306791], [120.598986, 24.307467], [120.598662, 24.307443], [120.599049, 24.307769], [120.599578, 24.307836], [120.600791, 24.30841], [120.600482, 24.309039], [120.600758, 24.309112], [120.601173, 24.309519], [120.601067, 24.31016], [120.600749, 24.310713], [120.602816, 24.311674], [120.603085, 24.311631], [120.603861, 24.311787], [120.604231, 24.312563], [120.601803, 24.309076], [120.600078, 24.309257], [120.599755, 24.30912], [120.599635, 24.30613], [120.599744, 24.306099], [120.599462, 24.305727], [120.599062, 24.305794], [120.5996, 24.3055], [120.59877, 24.302763], [120.598877, 24.302705], [120.5985, 24.302633], [120.597252, 24.302028], [120.597035, 24.301786], [120.59722, 24.301646], [120.597341, 24.301681], [120.596765, 24.301432], [120.596537, 24.301554], [120.596375, 24.301768], [120.596102, 24.301419], [120.596198, 24.301428], [120.595944, 24.301703], [120.596142, 24.302224], [120.596349, 24.302064], [120.596313, 24.302013], [120.596378, 24.302092], [120.596636, 24.301846], [120.596849, 24.302388], [120.596957, 24.302451], [120.595701, 24.302666], [120.59518, 24.30364], [120.595152, 24.304377], [120.595011, 24.304397], [120.595141, 24.304596], [120.596741, 24.304102], [120.596222, 24.300959], [120.596096, 24.300807], [120.595862, 24.300783], [120.595654, 24.300201], [120.595917, 24.30013], [120.595519, 24.30002], [120.595393, 24.300298], [120.595345, 24.299615], [120.594648, 24.299252], [120.594253, 24.298724], [120.592693, 24.29829], [120.592158, 24.297754], [120.590778, 24.297704], [120.590428, 24.297965], [120.590028, 24.29785], [120.589958, 24.297632], [120.589696, 24.297371], [120.589402, 24.297224], [120.589478, 24.297164], [120.589374, 24.296823], [120.589585, 24.296632], [120.589214, 24.29652], [120.589221, 24.296324], [120.588964, 24.296351], [120.588947, 24.296276], [120.589053, 24.296584], [120.588603, 24.296531], [120.588665, 24.296324], [120.588144, 24.296534], [120.588201, 24.296711], [120.588298, 24.296759], [120.588317, 24.296957], [120.588496, 24.296967], [120.588667, 24.297089], [120.588823, 24.297088], [120.588995, 24.296958], [120.589218, 24.297063], [120.589475, 24.297369], [120.58936, 24.297462], [120.589373, 24.297548], [120.589508, 24.29753], [120.58933, 24.297859], [120.589094, 24.297728], [120.588941, 24.297782], [120.588965, 24.297718], [120.589082, 24.297631], [120.589045, 24.297546], [120.589247, 24.297521], [120.589013, 24.297899], [120.588962, 24.297865], [120.589067, 24.298251], [120.588944, 24.298278], [120.588828, 24.297823], [120.588598, 24.298136], [120.588782, 24.298179], [120.588753, 24.298324], [120.588954, 24.298327], [120.589196, 24.298671], [120.589138, 24.298997], [120.58884, 24.29885], [120.588728, 24.298674], [120.588621, 24.29869], [120.588518, 24.298862], [120.58835, 24.298494], [120.588142, 24.298483], [120.588123, 24.298387], [120.588338, 24.298246], [120.588175, 24.298068], [120.588149, 24.297523], [120.588404, 24.297465], [120.588408, 24.297348], [120.588436, 24.297588], [120.588129, 24.297104], [120.588143, 24.296941], [120.588204, 24.296946], [120.587839, 24.296949], [120.587921, 24.297103], [120.587582, 24.296962], [120.586966, 24.296991], [120.586742, 24.297266], [120.586405, 24.297505], [120.586165, 24.29749], [120.586165, 24.297781], [120.586781, 24.297867], [120.587702, 24.298292], [120.587758, 24.298135], [120.587845, 24.298124], [120.587659, 24.298637], [120.587458, 24.298609], [120.587881, 24.29888], [120.588157, 24.298636], [120.589314, 24.298469], [120.589294, 24.298228], [120.58942, 24.29794], [120.5896, 24.297784], [120.589849, 24.298101], [120.589543, 24.298292], [120.589655, 24.298578], [120.589758, 24.298586], [120.58969, 24.298391], [120.590003, 24.298357], [120.589735, 24.298726], [120.589468, 24.298895], [120.589199, 24.298001], [120.59009, 24.297268], [120.58977, 24.29694], [120.589686, 24.296956], [120.59006, 24.296935], [120.590105, 24.296827], [120.59017, 24.296968], [120.590451, 24.297071], [120.590384, 24.297218], [120.590087, 24.297104], [120.590182, 24.297358], [120.590519, 24.296862], [120.590651, 24.296811], [120.590581, 24.29661], [120.590329, 24.296711], [120.590293, 24.296606], [120.590188, 24.296646], [120.590127, 24.296463], [120.590878, 24.296473], [120.589053, 24.296075], [120.589007, 24.296008], [120.588814, 24.296111], [120.588486, 24.295619], [120.588311, 24.29513], [120.58888, 24.295069], [120.589692, 24.295112], [120.588362, 24.29414], [120.587693, 24.294468], [120.587612, 24.294281], [120.587416, 24.294383], [120.587374, 24.29412], [120.587509, 24.294059], [120.587385, 24.293895], [120.587098, 24.294169]]}}, {"type": "Feature", "properties": {"district": "6601200", "segment": 13, "total_segments": 40, "km": 14.99, "villages": ["菁埔里", "頂湳里"]}, "geometry": {"type": "LineString", "coordinates": [[120.586765, 24.294069], [120.586621, 24.294132], [120.586122, 24.294587], [120.587267, 24.295245], [120.587516, 24.295255], [120.587589, 24.295169], [120.587574, 24.295011], [120.587373, 24.295026], [120.587276, 24.294689], [120.587688, 24.294752], [120.586959, 24.295669], [120.586462, 24.296721], [120.585503, 24.297012], [120.585059, 24.296872], [120.584903, 24.29732], [120.585221, 24.297121], [120.584413, 24.296947], [120.584334, 24.297575], [120.583262, 24.296994], [120.582832, 24.296011], [120.581802, 24.296076], [120.585152, 24.296325], [120.586241, 24.298375], [120.586318, 24.29866], [120.587721, 24.296772], [120.587711, 24.296685], [120.588117, 24.296257], [120.588608, 24.296718], [120.590493, 24.299372], [120.590155, 24.299582], [120.589908, 24.299892], [120.58979, 24.300078], [120.589797, 24.300349], [120.590866, 24.299494], [120.593408, 24.300091], [120.595062, 24.301263], [120.588223, 24.303223], [120.588599, 24.306798], [120.59027, 24.307892], [120.58786, 24.293538], [120.588487, 24.293386], [120.58082, 24.285219], [120.58904, 24.292598], [120.58939, 24.29237], [120.589491, 24.29252], [120.589305, 24.292599], [120.58939, 24.292743], [120.589289, 24.292797], [120.5892, 24.292664], [120.589354, 24.292894], [120.588983, 24.292983], [120.588893, 24.292853], [120.588976, 24.292801], [120.588929, 24.292738], [120.589157, 24.293134], [120.589144, 24.29335], [120.588956, 24.293312], [120.588746, 24.292967], [120.590169, 24.292815], [120.590543, 24.292546], [120.591012, 24.292507], [120.591882, 24.293046], [120.59174, 24.293325], [120.591816, 24.29339], [120.59161, 24.293405], [120.591775, 24.293704], [120.592344, 24.293698], [120.59252, 24.293917], [120.592343, 24.293373], [120.592202, 24.293175], [120.592687, 24.292928], [120.592881, 24.293385], [120.59218, 24.292593], [120.592438, 24.292066], [120.594565, 24.291912], [120.594765, 24.291506], [120.594988, 24.291523], [120.595202, 24.291947], [120.595107, 24.292061], [120.595879, 24.291311], [120.596672, 24.291943], [120.596887, 24.292447], [120.596525, 24.293618], [120.595569, 24.294385], [120.595473, 24.294769], [120.595065, 24.295044], [120.595038, 24.294936], [120.594857, 24.294935], [120.59463, 24.294561], [120.594689, 24.294492], [120.594048, 24.294624], [120.594671, 24.295364], [120.594636, 24.295404], [120.595235, 24.295225], [120.595641, 24.295447], [120.595866, 24.295225], [120.595746, 24.295183], [120.595674, 24.294918], [120.595367, 24.295859], [120.595516, 24.29593], [120.595282, 24.296106], [120.595213, 24.295936], [120.595212, 24.296286], [120.595989, 24.296465], [120.59608, 24.296819], [120.596064, 24.296933], [120.59567, 24.29685], [120.595537, 24.296895], [120.595921, 24.297182], [120.596411, 24.296665], [120.59671, 24.296537], [120.596253, 24.296425], [120.595883, 24.296126], [120.595887, 24.29598], [120.596662, 24.295896], [120.59665, 24.295784], [120.596813, 24.295814], [120.598123, 24.295085], [120.598336, 24.296176], [120.600375, 24.297446], [120.599518, 24.298268], [120.599571, 24.298526], [120.600547, 24.298912], [120.600456, 24.299201], [120.600746, 24.299343], [120.600515, 24.299457], [120.600722, 24.299629], [120.601507, 24.299512], [120.601921, 24.299882], [120.601895, 24.300164], [120.60219, 24.30025], [120.60231, 24.300602], [120.60193, 24.300673], [120.601916, 24.30062], [120.601288, 24.300615], [120.601195, 24.300529], [120.601289, 24.300481], [120.600988, 24.300552], [120.602202, 24.301521], [120.60232, 24.301535], [120.602313, 24.30139], [120.602766, 24.300987], [120.603828, 24.301948], [120.604635, 24.303508], [120.605042, 24.303596], [120.604737, 24.303925], [120.605063, 24.304122], [120.605276, 24.303778], [120.605558, 24.303699], [120.605645, 24.303835], [120.60605, 24.303942], [120.606054, 24.303865], [120.606201, 24.303996], [120.606193, 24.303912], [120.605987, 24.30418], [120.606198, 24.304459], [120.606536, 24.304483], [120.606218, 24.3048], [120.606365, 24.305079], [120.606263, 24.305058], [120.606234, 24.305133], [120.606762, 24.305318], [120.606885, 24.305319], [120.606876, 24.305213], [120.606973, 24.305137], [120.606877, 24.305086], [120.606931, 24.304929], [120.60686, 24.304841]]}}, {"type": "Feature", "properties": {"district": "6601200", "segment": 14, "total_segments": 40, "km": 12.52, "villages": ["頂湳里"]}, "geometry": {"type": "LineString", "coordinates": [[120.606949, 24.304719], [120.606884, 24.304614], [120.607039, 24.304607], [120.606881, 24.304341], [120.606643, 24.30416], [120.606356, 24.304151], [120.606318, 24.304078], [120.606413, 24.303953], [120.606427, 24.304061], [120.606694, 24.303983], [120.606629, 24.303603], [120.606815, 24.303622], [120.606828, 24.303517], [120.606884, 24.303707], [120.607052, 24.303847], [120.607175, 24.304266], [120.607037, 24.304315], [120.60733, 24.304433], [120.607317, 24.304582], [120.607205, 24.304596], [120.607162, 24.304892], [120.607434, 24.304958], [120.607706, 24.304683], [120.607807, 24.304461], [120.607681, 24.304272], [120.607946, 24.304312], [120.607886, 24.304435], [120.608094, 24.304383], [120.608105, 24.304584], [120.608271, 24.304568], [120.608436, 24.304209], [120.608171, 24.30411], [120.607507, 24.304123], [120.607473, 24.304028], [120.607963, 24.304738], [120.60829, 24.304795], [120.608192, 24.30492], [120.608005, 24.304928], [120.608009, 24.305108], [120.607866, 24.305304], [120.607693, 24.30524], [120.608153, 24.305492], [120.608732, 24.305472], [120.60893, 24.305285], [120.609027, 24.30545], [120.609111, 24.305253], [120.608751, 24.304925], [120.608575, 24.304903], [120.608847, 24.305662], [120.609091, 24.305683], [120.609287, 24.30592], [120.609228, 24.306054], [120.609364, 24.305767], [120.609618, 24.305676], [120.609483, 24.305261], [120.610054, 24.305389], [120.610127, 24.305288], [120.610552, 24.30622], [120.609458, 24.306397], [120.609549, 24.304901], [120.607219, 24.305302], [120.607064, 24.305346], [120.607056, 24.305441], [120.606428, 24.305537], [120.606353, 24.30546], [120.606207, 24.305637], [120.606113, 24.305538], [120.606011, 24.305616], [120.605941, 24.305328], [120.60643, 24.30533], [120.606666, 24.305086], [120.605869, 24.304678], [120.605426, 24.304167], [120.605582, 24.304064], [120.605482, 24.303951], [120.605491, 24.303546], [120.605586, 24.303504], [120.60527, 24.303507], [120.605044, 24.303363], [120.605767, 24.3031], [120.60592, 24.303228], [120.606576, 24.304294], [120.606689, 24.304722], [120.606546, 24.305816], [120.607053, 24.306092], [120.606933, 24.306332], [120.60749, 24.306444], [120.605528, 24.306556], [120.60549, 24.30627], [120.605418, 24.306277], [120.605487, 24.306676], [120.605415, 24.306691], [120.605356, 24.305472], [120.604843, 24.305442], [120.604493, 24.304317], [120.603397, 24.305106], [120.602164, 24.304304], [120.601437, 24.304508], [120.601762, 24.304665], [120.601698, 24.304763], [120.602262, 24.30408], [120.600775, 24.302486], [120.600037, 24.302417], [120.599149, 24.300521], [120.597349, 24.299187], [120.595775, 24.301127], [120.594104, 24.298238], [120.593576, 24.298234], [120.593281, 24.297968], [120.593289, 24.297748], [120.593512, 24.297709], [120.59285, 24.297345], [120.593326, 24.296796], [120.593396, 24.296847], [120.593344, 24.296692], [120.593418, 24.29661], [120.594244, 24.297117], [120.594499, 24.297099], [120.592223, 24.296905], [120.592126, 24.296771], [120.591603, 24.297061], [120.591123, 24.296793], [120.591307, 24.296017], [120.591165, 24.295903], [120.591785, 24.295826], [120.59125, 24.29473], [120.590383, 24.295113], [120.590135, 24.29467], [120.600897, 24.298533], [120.60109, 24.298516], [120.601085, 24.298771], [120.603173, 24.308555], [120.604105, 24.310343], [120.606463, 24.309058], [120.608289, 24.308601], [120.608986, 24.308006], [120.60918, 24.307948], [120.612424, 24.304901], [120.615296, 24.30536], [120.618309, 24.306003], [120.622614, 24.304854], [120.622728, 24.304934], [120.623651, 24.304703], [120.623687, 24.304774], [120.623939, 24.304794], [120.623991, 24.304867], [120.623876, 24.304933], [120.623939, 24.305096], [120.624145, 24.305014], [120.624112, 24.305236], [120.623613, 24.305541], [120.62391, 24.305853], [120.624064, 24.30566], [120.623512, 24.305108], [120.623093, 24.306148]]}}, {"type": "Feature", "properties": {"district": "6601200", "segment": 15, "total_segments": 40, "km": 12.8, "villages": ["楊厝里"]}, "geometry": {"type": "LineString", "coordinates": [[120.614694, 24.294927], [120.614483, 24.294467], [120.614721, 24.294596], [120.615208, 24.294314], [120.614998, 24.294193], [120.615081, 24.29391], [120.614759, 24.29392], [120.614259, 24.294068], [120.614294, 24.294175], [120.614152, 24.293504], [120.613985, 24.293461], [120.613856, 24.293135], [120.614027, 24.293016], [120.614295, 24.293053], [120.614638, 24.292925], [120.614585, 24.292818], [120.614283, 24.292921], [120.614394, 24.292773], [120.614415, 24.29208], [120.614594, 24.292145], [120.614441, 24.29188], [120.61437, 24.2919], [120.614374, 24.291693], [120.614235, 24.291568], [120.61427, 24.29143], [120.61406, 24.29144], [120.614083, 24.291661], [120.613871, 24.291728], [120.613738, 24.291348], [120.613556, 24.291359], [120.613348, 24.29157], [120.613516, 24.291737], [120.613491, 24.291819], [120.613251, 24.291908], [120.613446, 24.292038], [120.613459, 24.292152], [120.613386, 24.292205], [120.613505, 24.292521], [120.613617, 24.292528], [120.613648, 24.292634], [120.613535, 24.29262], [120.613586, 24.292789], [120.613642, 24.292912], [120.613679, 24.292754], [120.61379, 24.292999], [120.613331, 24.293182], [120.61327, 24.29313], [120.612939, 24.293233], [120.613061, 24.292996], [120.613343, 24.292876], [120.613196, 24.292727], [120.612941, 24.292859], [120.613154, 24.292573], [120.613018, 24.292345], [120.612915, 24.292327], [120.613211, 24.292151], [120.612731, 24.291706], [120.612826, 24.291421], [120.613102, 24.29135], [120.613139, 24.291523], [120.613129, 24.291134], [120.613314, 24.291118], [120.613503, 24.291219], [120.6137, 24.290958], [120.613835, 24.290914], [120.614022, 24.291122], [120.613896, 24.29112], [120.61389, 24.290636], [120.613956, 24.290591], [120.614073, 24.290656], [120.614373, 24.290592], [120.614474, 24.290879], [120.61474, 24.291159], [120.61473, 24.291357], [120.614565, 24.291429], [120.614533, 24.291281], [120.614836, 24.291402], [120.614842, 24.291519], [120.614937, 24.291504], [120.614943, 24.291318], [120.615134, 24.291042], [120.615006, 24.290964], [120.614882, 24.290664], [120.614648, 24.290592], [120.61451, 24.290396], [120.614396, 24.290411], [120.614357, 24.290551], [120.614602, 24.2901], [120.614478, 24.289883], [120.614, 24.290217], [120.613917, 24.290396], [120.613503, 24.290297], [120.613431, 24.290433], [120.613109, 24.29057], [120.612933, 24.290808], [120.612561, 24.290827], [120.612419, 24.290648], [120.612524, 24.289967], [120.612816, 24.289841], [120.612761, 24.289642], [120.613424, 24.289449], [120.613747, 24.289506], [120.613623, 24.289158], [120.613312, 24.288793], [120.612673, 24.289063], [120.613248, 24.289869], [120.613378, 24.289915], [120.61343, 24.28976], [120.613918, 24.289899], [120.613808, 24.290086], [120.613176, 24.290093], [120.613422, 24.290798], [120.612704, 24.291305], [120.61254, 24.291535], [120.612344, 24.291487], [120.612073, 24.291913], [120.611968, 24.291854], [120.611794, 24.291382], [120.611111, 24.290805], [120.611079, 24.290306], [120.610943, 24.289993], [120.610249, 24.290214], [120.609825, 24.289793], [120.61015, 24.288688], [120.609808, 24.288268], [120.60986, 24.287311], [120.610224, 24.287118], [120.609846, 24.2869], [120.610948, 24.28636], [120.61117, 24.285827], [120.611517, 24.285727], [120.611074, 24.284926], [120.610707, 24.283937], [120.611079, 24.283626], [120.609923, 24.283421], [120.609758, 24.282275], [120.613392, 24.281457], [120.613438, 24.28162], [120.613464, 24.281239], [120.613431, 24.283361], [120.613239, 24.284053], [120.613259, 24.284373], [120.612384, 24.284861], [120.613237, 24.285473], [120.613218, 24.285698], [120.612635, 24.286461], [120.613371, 24.286997], [120.613542, 24.287252], [120.613693, 24.287306], [120.613217, 24.287807], [120.613038, 24.287817], [120.614437, 24.288675], [120.614441, 24.289144], [120.614954, 24.289655], [120.615307, 24.28968], [120.615031, 24.290055], [120.614924, 24.290404], [120.614777, 24.29036], [120.616002, 24.289769], [120.616349, 24.290756], [120.616054, 24.291046], [120.616712, 24.291019], [120.617143, 24.290785], [120.617361, 24.291121], [120.617142, 24.291302], [120.616793, 24.292258], [120.616509, 24.292135], [120.61573, 24.29223], [120.61558, 24.292059], [120.615136, 24.292345], [120.615024, 24.291765], [120.614677, 24.292654], [120.614625, 24.29322], [120.6145, 24.293395], [120.614284, 24.293362], [120.614088, 24.292867], [120.614159, 24.292463], [120.613818, 24.292419], [120.613752, 24.292198], [120.61388, 24.292155], [120.613667, 24.291923], [120.613688, 24.291786], [120.613601, 24.291654], [120.613578, 24.29234], [120.613045, 24.293588], [120.613285, 24.293987], [120.613706, 24.293742], [120.613878, 24.293751], [120.614011, 24.29428], [120.614175, 24.294406], [120.613683, 24.294287], [120.613777, 24.294935], [120.614882, 24.293452], [120.615199, 24.293283], [120.615344, 24.293399], [120.615553, 24.293401], [120.615772, 24.29322], [120.61579, 24.293325], [120.615989, 24.292939], [120.615921, 24.292748], [120.615247, 24.292893], [120.615757, 24.293618], [120.615802, 24.293996], [120.615466, 24.293934], [120.615556, 24.293745], [120.615972, 24.293803], [120.617593, 24.292624], [120.618497, 24.292163], [120.618791, 24.292469], [120.618648, 24.292622], [120.612239, 24.292944], [120.611463, 24.29256], [120.611295, 24.292291], [120.609939, 24.29249], [120.611586, 24.289631], [120.611454, 24.289282], [120.611524, 24.288347], [120.611794, 24.287833], [120.611366, 24.287637], [120.611194, 24.287083], [120.609188, 24.286046], [120.608604, 24.286723], [120.608226, 24.287596], [120.60784, 24.287387], [120.607553, 24.286909], [120.614836, 24.287748]]}}, {"type": "Feature", "properties": {"district": "6601200", "segment": 16, "total_segments": 40, "km": 14.94, "villages": ["海風里"]}, "geometry": {"type": "LineString", "coordinates": [[120.613221, 24.293549], [120.613842, 24.29471], [120.614182, 24.294692], [120.614745, 24.295157], [120.615027, 24.295022], [120.61504, 24.295268], [120.615128, 24.295375], [120.615076, 24.295519], [120.614805, 24.295617], [120.614322, 24.295355], [120.614243, 24.295455], [120.613502, 24.295633], [120.613521, 24.295426], [120.613927, 24.29525], [120.614498, 24.29533], [120.61453, 24.295255], [120.614841, 24.295393], [120.614641, 24.29577], [120.61451, 24.295836], [120.614247, 24.295802], [120.614062, 24.295908], [120.613946, 24.296115], [120.613981, 24.296221], [120.613712, 24.296163], [120.613639, 24.295979], [120.613512, 24.295916], [120.613348, 24.296043], [120.613125, 24.296011], [120.613237, 24.296382], [120.613173, 24.296556], [120.613339, 24.296696], [120.613327, 24.296809], [120.613451, 24.296997], [120.613081, 24.297317], [120.613817, 24.297348], [120.614119, 24.297653], [120.614261, 24.297543], [120.614572, 24.297592], [120.614765, 24.29672], [120.615208, 24.296441], [120.615137, 24.295874], [120.614295, 24.296061], [120.614195, 24.29641], [120.614002, 24.296479], [120.613453, 24.29631], [120.613776, 24.2959], [120.612911, 24.295866], [120.612838, 24.296255], [120.612966, 24.296699], [120.612616, 24.296923], [120.612472, 24.297134], [120.612549, 24.297343], [120.612136, 24.29678], [120.612043, 24.296514], [120.612125, 24.296223], [120.612236, 24.296178], [120.612312, 24.296325], [120.61254, 24.296064], [120.61293, 24.295263], [120.613207, 24.295003], [120.615365, 24.295066], [120.615461, 24.295256], [120.615351, 24.295408], [120.615678, 24.294894], [120.615582, 24.294674], [120.615517, 24.294676], [120.615838, 24.294569], [120.615989, 24.294267], [120.616123, 24.294822], [120.61629, 24.296462], [120.615885, 24.296799], [120.615532, 24.297271], [120.615099, 24.297594], [120.615283, 24.298114], [120.614092, 24.298181], [120.614081, 24.298107], [120.612748, 24.298698], [120.61252, 24.300071], [120.609345, 24.30133], [120.608506, 24.298438], [120.610636, 24.297078], [120.61153, 24.296684], [120.611407, 24.296379], [120.61637, 24.297485], [120.617014, 24.29734], [120.617044, 24.298636], [120.618368, 24.299098], [120.618744, 24.299116], [120.619297, 24.299398], [120.619123, 24.299616], [120.616904, 24.300151], [120.616831, 24.300468], [120.616396, 24.30014], [120.619203, 24.296533], [120.621331, 24.295326], [120.621766, 24.295712], [120.622305, 24.29602], [120.621545, 24.294082], [120.621073, 24.2941], [120.620633, 24.294303], [120.621926, 24.292754], [120.622315, 24.292855], [120.623029, 24.292857], [120.623525, 24.293278], [120.624017, 24.294243], [120.624915, 24.293285], [120.626737, 24.293162], [120.627075, 24.294971], [120.62858, 24.297774], [120.630479, 24.299995], [120.632641, 24.298966], [120.63305, 24.297207], [120.633825, 24.296882], [120.635177, 24.295495], [120.63545, 24.294052], [120.635678, 24.294045], [120.636522, 24.293412], [120.636851, 24.292885], [120.636999, 24.29287], [120.637, 24.292664], [120.63788, 24.292464], [120.637654, 24.292376], [120.635752, 24.292717], [120.635629, 24.292911], [120.636918, 24.292674], [120.637549, 24.292042], [120.639071, 24.295071], [120.636657, 24.29483], [120.636633, 24.294549], [120.6367, 24.294403], [120.635416, 24.292952], [120.634912, 24.293039], [120.634952, 24.292875], [120.634774, 24.292873], [120.635145, 24.292814], [120.635031, 24.292078], [120.634837, 24.291957], [120.634682, 24.292134], [120.634437, 24.292166], [120.634442, 24.292025], [120.634277, 24.292102], [120.634239, 24.291965], [120.634242, 24.292356], [120.63439, 24.292422], [120.634294, 24.292552], [120.63401, 24.292326], [120.633739, 24.292416], [120.633563, 24.292143], [120.633222, 24.292183], [120.633212, 24.292342], [120.632972, 24.29243], [120.632913, 24.29262], [120.633081, 24.292698], [120.632856, 24.292844], [120.632747, 24.292678], [120.63265, 24.292759], [120.632565, 24.29311], [120.632661, 24.293148], [120.632586, 24.292491], [120.632945, 24.292134], [120.633035, 24.291822], [120.633158, 24.292029], [120.633394, 24.291987], [120.633486, 24.291724], [120.633879, 24.29145], [120.633838, 24.291307], [120.633945, 24.291113], [120.634275, 24.291279], [120.634569, 24.291059], [120.634152, 24.290598], [120.634001, 24.290726], [120.633864, 24.290732], [120.63396, 24.290302], [120.634468, 24.290004], [120.634704, 24.290175], [120.634803, 24.290153], [120.634841, 24.289986], [120.635334, 24.289881], [120.635459, 24.289516], [120.634727, 24.289987], [120.63331, 24.2907], [120.633269, 24.291223], [120.632595, 24.291695], [120.631275, 24.291896], [120.631105, 24.291804], [120.630998, 24.291604], [120.630904, 24.291708], [120.631054, 24.291869], [120.631043, 24.292192], [120.630696, 24.292457], [120.630856, 24.292607], [120.630742, 24.292167], [120.630594, 24.291969], [120.63053, 24.292023], [120.630636, 24.292143], [120.630332, 24.292528], [120.630105, 24.292213], [120.629202, 24.291352], [120.629031, 24.291131], [120.629148, 24.291046], [120.629186, 24.291095], [120.628762, 24.291202], [120.629827, 24.2906], [120.630863, 24.291663], [120.630886, 24.291447], [120.630784, 24.291433], [120.630782, 24.291331], [120.630574, 24.291094], [120.630474, 24.291083], [120.630467, 24.290977], [120.630287, 24.290875], [120.630266, 24.290743], [120.630003, 24.290467], [120.631098, 24.291308]]}}, {"type": "Feature", "properties": {"district": "6601200", "segment": 17, "total_segments": 40, "km": 14.93, "villages": ["海風里", "東山里"]}, "geometry": {"type": "LineString", "coordinates": [[120.63115, 24.292076], [120.632841, 24.289767], [120.633026, 24.289674], [120.632827, 24.289101], [120.632465, 24.289135], [120.632405, 24.288989], [120.632466, 24.288718], [120.632426, 24.287926], [120.632624, 24.28791], [120.631854, 24.287931], [120.631997, 24.287047], [120.633734, 24.287496], [120.633849, 24.287776], [120.634692, 24.287228], [120.634845, 24.287454], [120.635007, 24.28735], [120.634829, 24.286213], [120.635897, 24.285279], [120.636183, 24.284748], [120.636658, 24.286863], [120.636917, 24.28715], [120.637101, 24.287664], [120.636863, 24.288019], [120.636438, 24.288156], [120.636572, 24.289518], [120.63779, 24.290466], [120.63824, 24.289719], [120.633616, 24.294778], [120.632785, 24.295406], [120.623251, 24.298023], [120.623508, 24.299436], [120.618298, 24.293805], [120.619644, 24.292649], [120.620078, 24.292619], [120.63009, 24.28914], [120.632144, 24.287284], [120.631738, 24.286666], [120.631562, 24.286026], [120.631758, 24.285772], [120.630804, 24.285724], [120.630593, 24.28556], [120.630406, 24.286036], [120.63115, 24.284755], [120.631069, 24.284539], [120.630276, 24.284562], [120.63005, 24.284398], [120.630897, 24.283801], [120.630795, 24.283418], [120.630343, 24.28267], [120.630013, 24.282762], [120.629949, 24.282613], [120.629634, 24.282433], [120.630278, 24.282077], [120.632555, 24.281431], [120.632564, 24.28038], [120.632284, 24.279625], [120.632092, 24.278675], [120.632617, 24.278607], [120.632419, 24.278066], [120.632677, 24.277758], [120.632779, 24.277754], [120.631872, 24.277423], [120.631773, 24.277083], [120.63148, 24.277013], [120.631467, 24.277245], [120.631385, 24.27726], [120.631419, 24.277555], [120.631619, 24.277477], [120.63106, 24.27754], [120.631147, 24.27737], [120.631089, 24.277107], [120.630905, 24.276966], [120.631199, 24.276845], [120.631416, 24.276853], [120.631511, 24.276723], [120.631672, 24.276674], [120.631984, 24.276855], [120.631918, 24.276405], [120.631723, 24.276221], [120.631464, 24.275678], [120.631892, 24.275364], [120.632163, 24.275301], [120.632523, 24.275584], [120.631777, 24.274992], [120.631916, 24.274735], [120.631593, 24.274734], [120.63158, 24.274481], [120.631383, 24.274225], [120.631523, 24.274154], [120.631453, 24.274045], [120.631312, 24.274068], [120.631132, 24.273899], [120.631119, 24.273708], [120.630942, 24.273687], [120.630955, 24.273309], [120.631106, 24.273233], [120.631138, 24.273388], [120.631403, 24.273354], [120.631425, 24.273124], [120.631595, 24.273088], [120.631599, 24.272945], [120.631734, 24.272906], [120.63164, 24.272734], [120.631384, 24.272887], [120.631307, 24.272751], [120.630814, 24.27282], [120.630628, 24.272987], [120.630381, 24.273026], [120.630536, 24.273353], [120.630705, 24.273508], [120.630788, 24.27336], [120.63045, 24.272725], [120.630445, 24.272432], [120.630112, 24.273311], [120.630265, 24.273611], [120.630428, 24.273579], [120.630553, 24.273941], [120.630387, 24.274097], [120.630135, 24.273757], [120.62987, 24.273947], [120.629789, 24.274292], [120.629846, 24.274407], [120.63038, 24.274462], [120.630412, 24.274366], [120.63055, 24.274497], [120.630613, 24.274351], [120.630995, 24.274582], [120.631113, 24.274172], [120.630741, 24.273928], [120.631498, 24.273725], [120.631546, 24.273864], [120.631799, 24.273805], [120.631966, 24.273663], [120.632041, 24.273805], [120.631913, 24.274031], [120.631602, 24.274305], [120.631672, 24.274406], [120.631615, 24.273483], [120.631958, 24.273232], [120.631871, 24.273099], [120.631748, 24.273124], [120.632102, 24.272963], [120.632269, 24.272974], [120.63236, 24.273104], [120.632227, 24.273248], [120.632301, 24.27343], [120.631984, 24.273452], [120.632489, 24.273783], [120.632715, 24.273568], [120.632661, 24.273452], [120.632896, 24.273348], [120.632748, 24.273084], [120.632639, 24.273141], [120.6327, 24.272998], [120.632839, 24.273045], [120.633048, 24.272909], [120.633218, 24.272939], [120.633571, 24.27342], [120.633773, 24.273505], [120.633973, 24.273815], [120.634159, 24.273917], [120.634261, 24.274161], [120.634531, 24.273988], [120.634963, 24.273889], [120.635043, 24.273956], [120.635026, 24.274303], [120.634552, 24.274411], [120.634659, 24.274728], [120.635384, 24.275066], [120.635291, 24.275224], [120.635331, 24.275381], [120.635478, 24.275253], [120.636069, 24.27569], [120.636261, 24.276257], [120.63584, 24.276291], [120.635536, 24.276167], [120.634368, 24.276313], [120.633977, 24.275085], [120.63377, 24.274787], [120.633926, 24.27474], [120.633401, 24.273924], [120.633345, 24.274079], [120.63357, 24.274606], [120.634089, 24.274546], [120.634169, 24.274989], [120.633919, 24.273532], [120.634054, 24.273133], [120.633967, 24.27309], [120.634012, 24.273016], [120.633531, 24.272442], [120.633184, 24.272597], [120.633306, 24.272699], [120.633398, 24.272675], [120.633122, 24.272784], [120.633009, 24.272677], [120.632471, 24.272886], [120.632925, 24.273395], [120.633101, 24.273425], [120.633135, 24.273546], [120.633334, 24.273467], [120.634235, 24.273404], [120.634264, 24.273464], [120.634973, 24.272937], [120.634684, 24.27239], [120.634736, 24.272274], [120.634797, 24.272329], [120.634681, 24.272178], [120.634714, 24.272099], [120.634627, 24.272059], [120.634457, 24.272167], [120.634458, 24.272263], [120.634754, 24.272006], [120.635742, 24.27155], [120.635927, 24.272014], [120.635211, 24.272912], [120.635422, 24.273069], [120.635319, 24.273381], [120.63569, 24.274372], [120.637369, 24.275627], [120.636568, 24.277255]]}}, {"type": "Feature", "properties": {"district": "6601200", "segment": 18, "total_segments": 40, "km": 12.65, "villages": ["東山里"]}, "geometry": {"type": "LineString", "coordinates": [[120.637961, 24.27762], [120.639007, 24.277515], [120.639054, 24.277192], [120.639886, 24.275313], [120.639677, 24.275152], [120.640398, 24.274962], [120.640617, 24.274833], [120.640846, 24.274416], [120.641385, 24.275129], [120.640876, 24.27633], [120.64065, 24.277374], [120.641463, 24.277692], [120.642005, 24.278035], [120.642258, 24.277471], [120.642255, 24.276973], [120.643077, 24.276786], [120.643212, 24.276483], [120.643368, 24.277186], [120.644211, 24.277296], [120.644946, 24.277085], [120.644957, 24.276599], [120.644653, 24.276108], [120.644304, 24.274228], [120.643889, 24.273895], [120.6425, 24.274185], [120.640815, 24.271277], [120.639786, 24.271211], [120.639272, 24.27138], [120.638352, 24.271067], [120.63708, 24.271201], [120.634911, 24.270624], [120.633217, 24.272024], [120.633361, 24.2723], [120.633017, 24.272072], [120.632912, 24.271892], [120.631754, 24.272455], [120.632588, 24.274569], [120.631261, 24.277095], [120.630668, 24.277354], [120.630801, 24.277469], [120.630561, 24.277496], [120.630707, 24.27776], [120.630932, 24.277705], [120.630943, 24.278289], [120.630474, 24.278483], [120.63051, 24.278718], [120.630684, 24.278591], [120.63046, 24.278086], [120.630258, 24.277927], [120.629973, 24.278342], [120.630587, 24.279079], [120.630471, 24.279805], [120.631754, 24.277866], [120.630629, 24.277103], [120.630737, 24.276917], [120.630576, 24.276707], [120.630243, 24.277166], [120.629941, 24.276884], [120.634343, 24.277656], [120.635717, 24.278712], [120.635935, 24.278602], [120.636095, 24.279158], [120.636637, 24.279773], [120.636701, 24.280642], [120.63599, 24.281087], [120.635594, 24.280936], [120.634706, 24.281104], [120.636506, 24.28185], [120.637307, 24.281682], [120.637505, 24.282532], [120.636481, 24.283285], [120.635983, 24.283997], [120.634885, 24.284199], [120.63453, 24.284058], [120.633313, 24.282616], [120.632839, 24.282554], [120.632584, 24.283268], [120.640192, 24.272969], [120.643284, 24.271994], [120.609738, 24.274426]]}}, {"type": "Feature", "properties": {"district": "6601200", "segment": 19, "total_segments": 40, "km": 14.86, "villages": ["吳厝里"]}, "geometry": {"type": "LineString", "coordinates": [[120.610103, 24.274587], [120.609981, 24.27483], [120.609839, 24.275617], [120.609938, 24.275863], [120.609743, 24.276092], [120.609971, 24.27651], [120.610084, 24.276476], [120.610113, 24.276567], [120.610707, 24.2761], [120.610756, 24.27628], [120.610796, 24.275852], [120.6107, 24.275777], [120.611312, 24.276513], [120.6116, 24.277076], [120.611744, 24.277597], [120.611486, 24.27756], [120.611301, 24.277969], [120.611472, 24.278281], [120.612121, 24.278244], [120.612045, 24.278032], [120.61187, 24.277876], [120.611849, 24.278703], [120.612185, 24.278957], [120.612362, 24.278932], [120.612618, 24.279236], [120.61274, 24.279264], [120.612763, 24.279408], [120.612501, 24.279446], [120.612331, 24.279359], [120.612801, 24.279699], [120.613062, 24.280076], [120.613242, 24.280471], [120.61293, 24.280692], [120.612931, 24.280977], [120.613213, 24.281052], [120.61324, 24.281133], [120.612473, 24.280102], [120.612155, 24.280249], [120.611821, 24.279843], [120.611512, 24.279908], [120.61143, 24.279591], [120.611239, 24.280106], [120.611318, 24.280314], [120.611479, 24.280278], [120.611526, 24.280357], [120.610407, 24.280649], [120.610409, 24.280537], [120.609782, 24.2807], [120.609769, 24.280649], [120.609821, 24.280851], [120.610228, 24.280717], [120.610277, 24.28086], [120.610187, 24.280836], [120.610474, 24.280515], [120.611266, 24.28033], [120.610995, 24.28015], [120.611958, 24.280938], [120.611163, 24.282391], [120.610932, 24.282344], [120.609288, 24.2825], [120.609232, 24.281128], [120.608377, 24.280778], [120.607412, 24.283403], [120.606939, 24.283294], [120.60655, 24.283708], [120.606231, 24.282814], [120.605111, 24.283331], [120.605231, 24.284645], [120.603718, 24.284275], [120.603543, 24.282621], [120.603238, 24.281298], [120.601623, 24.281826], [120.601574, 24.282203], [120.601368, 24.282496], [120.601803, 24.282559], [120.601443, 24.281393], [120.606633, 24.278173], [120.606582, 24.277063], [120.607171, 24.277056], [120.607164, 24.276665], [120.608219, 24.277171], [120.60884, 24.277596], [120.610195, 24.276883], [120.610724, 24.276823], [120.610925, 24.277417], [120.608845, 24.275053], [120.608, 24.275028], [120.609675, 24.274011], [120.608752, 24.27321], [120.609305, 24.272889], [120.608589, 24.271777], [120.608594, 24.271346], [120.60829, 24.270727], [120.608059, 24.270592], [120.60792, 24.270842], [120.607871, 24.270322], [120.607722, 24.270097], [120.607632, 24.269515], [120.60714, 24.26943], [120.606631, 24.269626], [120.60599, 24.269737], [120.605616, 24.269747], [120.605653, 24.269657], [120.606271, 24.269566], [120.606344, 24.269872], [120.606033, 24.269939], [120.606056, 24.270014], [120.606769, 24.269822], [120.606409, 24.269863], [120.60647, 24.270135], [120.606396, 24.27023], [120.606277, 24.270243], [120.606259, 24.270182], [120.606131, 24.270273], [120.605961, 24.270184], [120.605512, 24.270318], [120.605515, 24.270259], [120.60538, 24.270336], [120.605315, 24.270288], [120.605306, 24.270347], [120.60527, 24.270083], [120.605396, 24.270056], [120.605361, 24.270007], [120.605908, 24.269972], [120.605851, 24.269921], [120.605539, 24.269978], [120.605461, 24.269773], [120.605546, 24.269696], [120.605538, 24.269759], [120.605382, 24.26972], [120.605329, 24.269809], [120.605089, 24.269728], [120.605318, 24.269442], [120.606157, 24.26926], [120.60611, 24.269108], [120.605274, 24.269281], [120.60522, 24.269043], [120.60604, 24.268869], [120.606002, 24.268712], [120.605174, 24.268886], [120.604549, 24.269489], [120.60469, 24.269625], [120.60374, 24.270139], [120.604061, 24.270528], [120.603207, 24.270248], [120.602684, 24.270675], [120.60157, 24.269492], [120.601364, 24.26939], [120.601097, 24.26944], [120.601004, 24.269302], [120.600853, 24.269487], [120.60047, 24.269067], [120.600597, 24.268797], [120.60051, 24.268663], [120.600182, 24.268843], [120.600102, 24.269137], [120.59988, 24.26927], [120.599689, 24.269067], [120.599657, 24.268678], [120.599465, 24.268615], [120.599601, 24.268488], [120.599629, 24.268193], [120.598841, 24.268337], [120.598747, 24.26821], [120.598895, 24.267965], [120.598584, 24.267805], [120.598333, 24.267984], [120.598169, 24.267878], [120.598258, 24.267515], [120.597882, 24.268264], [120.597922, 24.268602], [120.598242, 24.268681], [120.598381, 24.26886], [120.598614, 24.26885], [120.598594, 24.268628], [120.598699, 24.268616], [120.598526, 24.268632], [120.598654, 24.269001], [120.598406, 24.269248], [120.598741, 24.269351], [120.598991, 24.269182], [120.599017, 24.268849], [120.598846, 24.268862], [120.598912, 24.268608], [120.599367, 24.268775], [120.599382, 24.268861], [120.599264, 24.268589], [120.599759, 24.268426], [120.600372, 24.268048], [120.600354, 24.267818], [120.600165, 24.267859], [120.600125, 24.267733], [120.601027, 24.268179], [120.601178, 24.268348], [120.600968, 24.268509], [120.600845, 24.268421], [120.600727, 24.268559], [120.600993, 24.268757], [120.600824, 24.268902], [120.601323, 24.268794], [120.601664, 24.268535], [120.601854, 24.268072], [120.602167, 24.268038], [120.602129, 24.267915], [120.602467, 24.267984], [120.602613, 24.267833], [120.602858, 24.267791], [120.602731, 24.26759], [120.602554, 24.267632], [120.603046, 24.267532], [120.602787, 24.267207], [120.603478, 24.267391], [120.603656, 24.267336], [120.60378, 24.267414], [120.60373, 24.26792], [120.603231, 24.268237], [120.603152, 24.26806], [120.602859, 24.268059], [120.602826, 24.268269], [120.602995, 24.268306], [120.601557, 24.269114], [120.601363, 24.26803], [120.601486, 24.267908], [120.601414, 24.267673], [120.601171, 24.267884], [120.600907, 24.267586], [120.600155, 24.268475], [120.599706, 24.270676], [120.600182, 24.270581], [120.601153, 24.271098], [120.599135, 24.270149], [120.598859, 24.2704], [120.598735, 24.270259], [120.598683, 24.269669], [120.598182, 24.269324], [120.597877, 24.26936], [120.598132, 24.26899], [120.59726, 24.268475], [120.596857, 24.268567], [120.59749, 24.268134], [120.594994, 24.268275], [120.595641, 24.271205], [120.597201, 24.270479], [120.591771, 24.26917]]}}, {"type": "Feature", "properties": {"district": "6601200", "segment": 20, "total_segments": 40, "km": 14.89, "villages": ["吳厝里", "鰲峰里"]}, "geometry": {"type": "LineString", "coordinates": [[120.586912, 24.268894], [120.587955, 24.272023], [120.594727, 24.283411], [120.599386, 24.284926], [120.599869, 24.284831], [120.605972, 24.276933], [120.605428, 24.274361], [120.605979, 24.273424], [120.605916, 24.273035], [120.605601, 24.272851], [120.605735, 24.272505], [120.604817, 24.272534], [120.605103, 24.271331], [120.605645, 24.270292], [120.606162, 24.270422], [120.606869, 24.270288], [120.606834, 24.270141], [120.60652, 24.270191], [120.606544, 24.270123], [120.60682, 24.270068], [120.606329, 24.270165], [120.605569, 24.267692], [120.604928, 24.267286], [120.604057, 24.274105], [120.604057, 24.274578], [120.603335, 24.275575], [120.611185, 24.283108], [120.584828, 24.272844], [120.58268, 24.272339], [120.580622, 24.271746], [120.580568, 24.271485], [120.580761, 24.271286], [120.58073, 24.271158], [120.580861, 24.271061], [120.580755, 24.270996], [120.580673, 24.270705], [120.57987, 24.270883], [120.57989, 24.270979], [120.580097, 24.271001], [120.580041, 24.27111], [120.579831, 24.271329], [120.579555, 24.27129], [120.579759, 24.271405], [120.579636, 24.271521], [120.579965, 24.271575], [120.58004, 24.271322], [120.580215, 24.271165], [120.580344, 24.271095], [120.580442, 24.271179], [120.580287, 24.271368], [120.580374, 24.271459], [120.5803, 24.271665], [120.580115, 24.271673], [120.580125, 24.271908], [120.580349, 24.272328], [120.580048, 24.272526], [120.579586, 24.272682], [120.579454, 24.272584], [120.5797, 24.27217], [120.579945, 24.272068], [120.580073, 24.272295], [120.579878, 24.27232], [120.579806, 24.272416], [120.579245, 24.272274], [120.579191, 24.272299], [120.579265, 24.272452], [120.579114, 24.272485], [120.579238, 24.272603], [120.579208, 24.272666], [120.578989, 24.272675], [120.578921, 24.272592], [120.578681, 24.272763], [120.578564, 24.272717], [120.578571, 24.272405], [120.578734, 24.272459], [120.578695, 24.272545], [120.57885, 24.272328], [120.578682, 24.272231], [120.578728, 24.272096], [120.578857, 24.272059], [120.578876, 24.272167], [120.579041, 24.272192], [120.579233, 24.272134], [120.579256, 24.271942], [120.579118, 24.271912], [120.579141, 24.271831], [120.579004, 24.271741], [120.578968, 24.271813], [120.578935, 24.271622], [120.578369, 24.271783], [120.578513, 24.271569], [120.579022, 24.271516], [120.579034, 24.271423], [120.579103, 24.271547], [120.579338, 24.27155], [120.579519, 24.27176], [120.579486, 24.271909], [120.579635, 24.271986], [120.579589, 24.272042], [120.579993, 24.271831], [120.580245, 24.271974], [120.580334, 24.272177], [120.580404, 24.271971], [120.58048, 24.271944], [120.579721, 24.272955], [120.579789, 24.27304], [120.5795, 24.273324], [120.579486, 24.273436], [120.579632, 24.273398], [120.579265, 24.272835], [120.579426, 24.272625], [120.579652, 24.272854], [120.579622, 24.273024], [120.579201, 24.27315], [120.579184, 24.273276], [120.579091, 24.27322], [120.57901, 24.273273], [120.579163, 24.273116], [120.579169, 24.272975], [120.578961, 24.273014], [120.578869, 24.272876], [120.579204, 24.273445], [120.579186, 24.273701], [120.579347, 24.273833], [120.578998, 24.274057], [120.57895, 24.273938], [120.578846, 24.273936], [120.578831, 24.274093], [120.579031, 24.273824], [120.578572, 24.272104], [120.579386, 24.270933], [120.579191, 24.270778], [120.579264, 24.270327], [120.579832, 24.270191], [120.579822, 24.270451], [120.579637, 24.270423], [120.579624, 24.270556], [120.579685, 24.270659], [120.579782, 24.270604], [120.579927, 24.27072], [120.579708, 24.2709], [120.579564, 24.27067], [120.57951, 24.270691], [120.579404, 24.27014], [120.579232, 24.270181], [120.578928, 24.269572], [120.57914, 24.269424], [120.579187, 24.269503], [120.579245, 24.26944], [120.578688, 24.269097], [120.578792, 24.268714], [120.578679, 24.268577], [120.578391, 24.268547], [120.578317, 24.26843], [120.577857, 24.267561], [120.577912, 24.267433], [120.577683, 24.267249], [120.577491, 24.266887], [120.577485, 24.266698], [120.577374, 24.266642], [120.576578, 24.265262], [120.576108, 24.264264], [120.575964, 24.263731], [120.574887, 24.263875], [120.576068, 24.265319]]}}, {"type": "Feature", "properties": {"district": "6601200", "segment": 21, "total_segments": 40, "km": 12.93, "villages": ["鰲峰里", "北寧里", "西寧里"]}, "geometry": {"type": "LineString", "coordinates": [[120.578077, 24.267515], [120.578064, 24.267698], [120.578417, 24.268031], [120.578407, 24.268177], [120.578481, 24.268167], [120.578544, 24.268306], [120.578872, 24.267694], [120.579115, 24.267681], [120.579244, 24.268077], [120.579948, 24.268039], [120.580192, 24.268267], [120.579431, 24.268748], [120.579556, 24.269446], [120.579477, 24.269674], [120.579232, 24.269783], [120.579151, 24.269716], [120.579878, 24.270054], [120.580054, 24.270437], [120.58023, 24.270568], [120.58105, 24.270421], [120.581088, 24.270554], [120.57853, 24.270744], [120.580677, 24.268548], [120.578526, 24.267616], [120.582665, 24.266292], [120.583802, 24.2663], [120.583534, 24.268598], [120.578351, 24.271801], [120.578046, 24.271978], [120.578029, 24.272103], [120.578244, 24.272388], [120.578304, 24.272678], [120.578085, 24.272881], [120.577597, 24.272851], [120.577555, 24.273064], [120.577438, 24.272949], [120.577175, 24.272976], [120.577345, 24.272758], [120.577265, 24.272684], [120.57711, 24.27284], [120.57695, 24.272268], [120.577374, 24.272138], [120.577548, 24.272183], [120.577613, 24.272037], [120.577515, 24.271873], [120.577913, 24.271711], [120.577954, 24.271925], [120.577857, 24.271998], [120.577843, 24.272285], [120.577706, 24.272307], [120.577675, 24.272422], [120.577574, 24.272301], [120.57749, 24.272408], [120.577553, 24.272542], [120.577341, 24.272555], [120.57731, 24.272631], [120.577357, 24.27246], [120.577267, 24.272279], [120.577266, 24.271991], [120.577354, 24.271963], [120.577046, 24.271978], [120.57686, 24.272089], [120.576618, 24.271593], [120.576686, 24.27148], [120.576922, 24.271419], [120.577111, 24.271798], [120.577037, 24.271841], [120.577267, 24.271751], [120.578139, 24.272517], [120.578361, 24.27235], [120.578519, 24.272511], [120.578423, 24.27258], [120.578737, 24.272907], [120.578682, 24.273026], [120.578796, 24.273056], [120.578754, 24.27317], [120.578429, 24.273269], [120.578397, 24.273127], [120.578519, 24.273075], [120.578274, 24.272952], [120.577499, 24.273324], [120.577316, 24.273291], [120.577213, 24.273068], [120.576869, 24.273301], [120.576974, 24.273336], [120.576865, 24.273439], [120.576694, 24.273397], [120.576496, 24.273627], [120.576298, 24.273677], [120.576137, 24.273509], [120.576113, 24.273634], [120.576038, 24.273605], [120.576425, 24.273982], [120.57672, 24.27363], [120.576724, 24.273892], [120.57688, 24.273551], [120.577019, 24.273483], [120.577004, 24.274353], [120.577386, 24.274386], [120.57735, 24.27462], [120.577472, 24.275019], [120.577728, 24.274461], [120.577744, 24.273956], [120.578118, 24.273816], [120.578163, 24.273934], [120.578542, 24.273789], [120.578587, 24.273894], [120.578806, 24.273795], [120.578887, 24.273625], [120.578683, 24.273501], [120.578494, 24.273584], [120.578474, 24.27338], [120.57863, 24.273321], [120.578761, 24.273459], [120.578925, 24.273334], [120.578256, 24.273367], [120.578185, 24.273685], [120.577956, 24.273693], [120.577834, 24.273442], [120.577458, 24.273532], [120.577473, 24.273826], [120.577752, 24.273015], [120.577636, 24.272633], [120.578352, 24.272221], [120.578353, 24.272117], [120.578477, 24.272189], [120.578506, 24.272131], [120.578255, 24.272035], [120.576497, 24.272841], [120.578666, 24.274432], [120.578862, 24.2745], [120.578889, 24.274436], [120.576961, 24.274463], [120.576966, 24.275019], [120.57658, 24.275273], [120.576501, 24.275243], [120.576021, 24.275428], [120.575977, 24.275548], [120.576103, 24.275546], [120.575965, 24.274962], [120.575827, 24.275025], [120.575835, 24.275201], [120.575718, 24.275276], [120.575828, 24.27539], [120.575762, 24.27551], [120.57544, 24.275472], [120.575352, 24.275327], [120.575265, 24.275373], [120.575518, 24.275146], [120.575419, 24.274883], [120.57576, 24.274922], [120.576114, 24.274393], [120.57596, 24.274371], [120.575787, 24.274621], [120.575793, 24.274737], [120.575331, 24.274705], [120.575246, 24.274416], [120.575334, 24.274332], [120.575514, 24.274281], [120.575536, 24.274369], [120.575625, 24.274326], [120.575752, 24.274427], [120.575623, 24.274613], [120.575396, 24.274427], [120.575316, 24.274243], [120.575175, 24.274289], [120.574509, 24.274025], [120.5749, 24.273532], [120.575017, 24.273471], [120.575077, 24.273558], [120.575386, 24.273403], [120.575801, 24.273161], [120.575828, 24.273049], [120.57592, 24.273021], [120.576091, 24.273206], [120.575914, 24.273547], [120.576833, 24.27319], [120.576741, 24.27307], [120.576495, 24.273064], [120.576337, 24.2731], [120.576375, 24.273183], [120.576008, 24.272696], [120.576085, 24.272621], [120.576682, 24.272648], [120.576838, 24.273038], [120.5766, 24.272389], [120.576431, 24.27225], [120.575871, 24.272434], [120.575769, 24.272379], [120.575691, 24.27224], [120.575845, 24.272222], [120.575881, 24.272129], [120.575998, 24.272235], [120.575912, 24.272328], [120.5761, 24.272084], [120.575613, 24.272466], [120.575288, 24.272038], [120.575091, 24.271978], [120.574429, 24.272209], [120.574394, 24.272097], [120.574524, 24.272055], [120.574338, 24.27211], [120.574271, 24.272273], [120.573722, 24.272565], [120.573633, 24.272473], [120.574138, 24.272184], [120.574496, 24.271798], [120.574646, 24.271741], [120.574678, 24.271689], [120.574476, 24.271685], [120.574565, 24.271403], [120.574758, 24.271365], [120.574807, 24.271402], [120.574732, 24.271549], [120.574862, 24.271573], [120.574924, 24.271674], [120.574846, 24.271692], [120.574926, 24.271825], [120.574725, 24.271911], [120.574939, 24.272305], [120.574863, 24.272338], [120.574948, 24.272482], [120.574914, 24.272717], [120.575212, 24.272688], [120.575238, 24.272531], [120.575165, 24.272429], [120.575052, 24.272478], [120.575292, 24.272374], [120.575171, 24.272199], [120.575052, 24.272257], [120.574842, 24.272568], [120.574221, 24.27272], [120.574078, 24.272903], [120.573837, 24.272711], [120.573753, 24.272875], [120.573618, 24.272771], [120.573295, 24.272471], [120.573003, 24.271902], [120.574184, 24.271497], [120.574145, 24.271402], [120.574248, 24.271375], [120.574025, 24.271227], [120.574161, 24.271187], [120.574344, 24.271299], [120.574404, 24.271432], [120.574036, 24.271427], [120.57438, 24.271107], [120.574021, 24.270819], [120.574005, 24.270601], [120.574153, 24.270629], [120.574146, 24.270712], [120.574284, 24.27071], [120.574353, 24.270797], [120.574217, 24.270843], [120.574399, 24.270847], [120.574545, 24.271043], [120.574013, 24.271054], [120.574115, 24.27293], [120.573917, 24.272996], [120.574262, 24.273196], [120.574542, 24.27293], [120.574751, 24.273048], [120.574675, 24.273113], [120.574767, 24.273311], [120.57517, 24.273262], [120.575037, 24.273579], [120.574829, 24.272912], [120.575423, 24.272803], [120.575411, 24.272744], [120.575635, 24.272959], [120.575824, 24.272776], [120.575703, 24.272591], [120.575567, 24.27254], [120.575537, 24.27303], [120.575778, 24.274392], [120.576195, 24.27457], [120.576324, 24.274775], [120.576497, 24.274861], [120.576598, 24.275097], [120.576742, 24.275051], [120.576632, 24.274757], [120.576437, 24.274661], [120.576523, 24.274568], [120.576403, 24.274503], [120.576359, 24.274561], [120.576299, 24.274448], [120.576452, 24.274437], [120.576497, 24.274354], [120.576748, 24.274421], [120.576665, 24.274583], [120.576104, 24.274746], [120.576195, 24.274983], [120.576071, 24.275087], [120.576081, 24.275209], [120.576289, 24.275137], [120.576254, 24.27502], [120.576322, 24.274985], [120.575072, 24.275154], [120.575121, 24.274939], [120.575203, 24.274893], [120.575272, 24.274884], [120.575026, 24.275275], [120.5751, 24.275407], [120.574299, 24.275172], [120.574369, 24.274974], [120.573968, 24.275922], [120.575984, 24.276044], [120.576311, 24.276273], [120.576446, 24.276153], [120.576083, 24.2759], [120.576006, 24.276376], [120.575626, 24.276972], [120.575718, 24.277018], [120.575135, 24.27773]]}}, {"type": "Feature", "properties": {"district": "6601200", "segment": 22, "total_segments": 40, "km": 14.37, "villages": ["中興里", "文昌里", "南寧里"]}, "geometry": {"type": "LineString", "coordinates": [[120.577458, 24.271902], [120.577759, 24.271636], [120.577778, 24.271265], [120.577445, 24.271279], [120.577418, 24.271167], [120.577618, 24.271111], [120.577667, 24.270964], [120.577407, 24.27104], [120.577384, 24.271177], [120.576793, 24.27133], [120.576589, 24.271282], [120.576557, 24.271156], [120.576465, 24.271177], [120.576405, 24.271037], [120.576779, 24.27103], [120.576839, 24.270788], [120.576783, 24.270692], [120.57658, 24.270767], [120.576494, 24.270659], [120.576427, 24.270695], [120.576445, 24.270857], [120.576686, 24.270487], [120.576782, 24.270562], [120.57688, 24.270455], [120.576954, 24.270523], [120.577261, 24.270415], [120.577313, 24.270525], [120.576942, 24.270647], [120.577068, 24.271007], [120.577228, 24.270939], [120.57732, 24.270751], [120.577465, 24.270733], [120.577629, 24.270879], [120.57775, 24.270846], [120.577836, 24.27104], [120.577928, 24.271036], [120.57794, 24.271254], [120.578046, 24.271253], [120.578004, 24.27147], [120.578092, 24.271683], [120.577902, 24.271634], [120.578254, 24.271534], [120.578326, 24.271635], [120.578325, 24.271334], [120.578479, 24.271219], [120.578551, 24.271182], [120.578641, 24.271426], [120.578519, 24.271102], [120.57834, 24.270964], [120.578361, 24.270839], [120.577989, 24.270788], [120.577908, 24.270473], [120.57765, 24.270571], [120.577612, 24.270494], [120.577609, 24.27043], [120.578118, 24.270261], [120.578068, 24.270151], [120.577818, 24.27015], [120.57764, 24.270279], [120.577403, 24.270302], [120.57732, 24.270201], [120.577389, 24.270371], [120.57699, 24.270148], [120.577677, 24.270659], [120.577734, 24.270807], [120.577872, 24.27076], [120.578164, 24.270994], [120.578333, 24.270635], [120.578252, 24.270429], [120.57745, 24.271449], [120.577265, 24.27133], [120.57629, 24.271623], [120.576426, 24.271992], [120.576352, 24.272183], [120.576509, 24.272227], [120.576054, 24.272011], [120.575736, 24.27207], [120.575895, 24.271839], [120.575673, 24.271852], [120.57555, 24.271926], [120.575545, 24.272024], [120.575453, 24.271982], [120.575407, 24.271754], [120.575649, 24.271584], [120.576191, 24.271478], [120.576112, 24.271167], [120.5759, 24.270995], [120.575027, 24.271321], [120.575047, 24.271502], [120.575235, 24.271745], [120.575543, 24.271448], [120.575508, 24.271319], [120.575828, 24.271287], [120.575636, 24.270959], [120.575473, 24.271012], [120.575295, 24.270529], [120.575789, 24.27043], [120.575946, 24.270747], [120.575856, 24.270886], [120.57576, 24.270901], [120.575548, 24.270627], [120.575651, 24.270574], [120.575687, 24.270285], [120.575766, 24.270289], [120.575992, 24.269979], [120.57578, 24.269483], [120.576165, 24.26934], [120.576213, 24.269495], [120.576102, 24.26957], [120.576145, 24.269665], [120.575969, 24.26962], [120.576491, 24.269643], [120.576768, 24.269461], [120.576595, 24.269415], [120.576486, 24.269182], [120.576777, 24.269082], [120.576734, 24.268965], [120.575722, 24.269283], [120.576376, 24.269259], [120.576772, 24.268952], [120.577086, 24.269681], [120.576144, 24.27001], [120.576281, 24.270082], [120.577069, 24.269825], [120.576933, 24.270241], [120.576701, 24.270193], [120.576526, 24.27031], [120.576801, 24.270363], [120.57621, 24.270385], [120.576292, 24.270719], [120.57617, 24.270217], [120.575257, 24.270543], [120.575028, 24.270502], [120.574904, 24.270674], [120.574924, 24.270776], [120.575001, 24.270903], [120.575081, 24.270893], [120.575059, 24.270783], [120.575213, 24.270739], [120.575295, 24.271024], [120.575185, 24.270967], [120.575157, 24.271036], [120.574785, 24.271139], [120.57454, 24.270838], [120.574753, 24.270864], [120.575201, 24.270698], [120.575622, 24.272183], [120.57475, 24.270661], [120.574546, 24.270674], [120.574482, 24.270549], [120.574755, 24.270465], [120.574821, 24.270336], [120.574639, 24.269935], [120.574429, 24.27], [120.574583, 24.270155], [120.574307, 24.270122], [120.574273, 24.270183], [120.574164, 24.270454], [120.574332, 24.2706], [120.574456, 24.270331], [120.573957, 24.270171], [120.574232, 24.26986], [120.573713, 24.269536], [120.573457, 24.269663], [120.573411, 24.269601], [120.572855, 24.269538], [120.572847, 24.269281], [120.572722, 24.268981], [120.572947, 24.268799], [120.572945, 24.268555], [120.573216, 24.268455], [120.573237, 24.268374], [120.573576, 24.268302], [120.5734, 24.268122], [120.572874, 24.268238], [120.572719, 24.268133], [120.571918, 24.268358], [120.57146, 24.268567], [120.571541, 24.268672], [120.571697, 24.2687], [120.571784, 24.268911], [120.571983, 24.268915], [120.572153, 24.269359], [120.57229, 24.269404], [120.572385, 24.269263], [120.57256, 24.269271], [120.572399, 24.269597], [120.571824, 24.269677], [120.572036, 24.270033], [120.572192, 24.27052], [120.572245, 24.270506], [120.572172, 24.270222], [120.572353, 24.27018], [120.572511, 24.270493], [120.572607, 24.270518], [120.572559, 24.270685], [120.572843, 24.270772], [120.572975, 24.270733], [120.572796, 24.270514], [120.572853, 24.270473], [120.572693, 24.270448], [120.5726, 24.270273], [120.572941, 24.270178], [120.572898, 24.270066], [120.572581, 24.270153], [120.572509, 24.269969], [120.572716, 24.269816], [120.572869, 24.269849], [120.573064, 24.270099], [120.573336, 24.270044], [120.573678, 24.269911], [120.573616, 24.269734], [120.573266, 24.269861], [120.573701, 24.269954], [120.573743, 24.270071], [120.573404, 24.270256], [120.573435, 24.270378], [120.573347, 24.27035], [120.573323, 24.270415], [120.573674, 24.270521], [120.573921, 24.270413], [120.573848, 24.270744], [120.573881, 24.27112], [120.573467, 24.27094], [120.573506, 24.270858], [120.573364, 24.271062], [120.573393, 24.271195], [120.573019, 24.271293], [120.573, 24.271236], [120.572967, 24.271477], [120.573069, 24.271617], [120.572937, 24.271749], [120.572974, 24.271831], [120.572692, 24.271589], [120.572464, 24.271508], [120.572371, 24.271336], [120.572343, 24.271256], [120.572585, 24.271111], [120.572805, 24.271113], [120.572824, 24.271194], [120.572726, 24.271287], [120.572796, 24.271459], [120.572699, 24.270848], [120.572794, 24.270822], [120.572361, 24.270817], [120.572408, 24.270927], [120.572404, 24.270666], [120.57221, 24.270569], [120.572209, 24.26994], [120.572512, 24.269828], [120.573138, 24.269343], [120.573114, 24.269119], [120.573523, 24.269076], [120.573707, 24.268899], [120.573651, 24.268602], [120.573778, 24.268583], [120.573671, 24.268536], [120.573526, 24.268624], [120.573494, 24.268563], [120.573358, 24.268598], [120.574073, 24.2687], [120.574141, 24.26863], [120.573877, 24.267974], [120.573468, 24.268045], [120.573416, 24.26786], [120.573504, 24.267832], [120.57282, 24.268064], [120.572676, 24.268396], [120.572536, 24.268436], [120.572696, 24.268598], [120.572579, 24.268661], [120.572621, 24.268789], [120.572153, 24.268801], [120.572091, 24.268611], [120.57231, 24.26851], [120.572403, 24.268533], [120.571537, 24.268741], [120.57142, 24.267804], [120.571619, 24.26774], [120.571555, 24.267626], [120.571456, 24.267648], [120.571427, 24.267562], [120.571531, 24.267533], [120.571494, 24.267393], [120.571403, 24.267413], [120.571376, 24.267315], [120.571688, 24.26724], [120.571738, 24.26733], [120.571639, 24.267344], [120.571676, 24.267467], [120.571776, 24.267454], [120.571805, 24.267564], [120.571719, 24.267586], [120.571787, 24.267681], [120.571764, 24.267855], [120.571584, 24.267973], [120.571658, 24.268355], [120.571832, 24.268091], [120.572298, 24.267927], [120.572138, 24.26791], [120.572184, 24.267715], [120.572136, 24.267608], [120.572008, 24.267608], [120.571897, 24.268181], [120.571582, 24.266887], [120.571713, 24.265974], [120.57194, 24.265911], [120.571854, 24.265518], [120.572025, 24.265449], [120.57218, 24.265833], [120.572241, 24.265812], [120.572086, 24.265422], [120.572011, 24.265416], [120.572269, 24.265281], [120.572204, 24.265127], [120.572549, 24.265155], [120.572588, 24.265099], [120.572488, 24.264915], [120.572546, 24.264653], [120.572483, 24.264441], [120.571797, 24.264163], [120.571364, 24.264883], [120.571167, 24.264609], [120.571227, 24.26451], [120.571051, 24.264548], [120.570942, 24.264841], [120.570982, 24.265968], [120.572356, 24.265458], [120.572473, 24.265738], [120.572534, 24.265718], [120.572378, 24.265325], [120.572311, 24.265353], [120.572341, 24.265422], [120.5728, 24.265252], [120.572741, 24.265091], [120.57284, 24.265358], [120.573195, 24.26571], [120.573455, 24.265905], [120.573595, 24.265756], [120.573771, 24.266081], [120.573564, 24.26618], [120.573635, 24.266289], [120.573862, 24.26627], [120.573415, 24.266425], [120.57348, 24.266594], [120.573913, 24.266485], [120.573862, 24.266736], [120.573625, 24.266854], [120.573624, 24.26696], [120.573911, 24.267688], [120.574029, 24.267728], [120.574504, 24.267562], [120.574523, 24.267718], [120.574355, 24.267745], [120.574604, 24.267705], [120.57469, 24.267911], [120.57454, 24.267969], [120.574749, 24.268482], [120.574447, 24.268723], [120.574657, 24.268835], [120.574901, 24.268748], [120.574942, 24.268858], [120.574526, 24.269022], [120.574582, 24.269173], [120.575028, 24.269072], [120.575146, 24.269117], [120.575183, 24.269055], [120.575383, 24.269331], [120.575695, 24.270121], [120.574999, 24.270385], [120.574759, 24.269825], [120.575353, 24.269568], [120.575229, 24.269463], [120.574801, 24.269618], [120.574644, 24.269529], [120.574599, 24.269336], [120.574677, 24.269314], [120.574049, 24.269442], [120.574084, 24.269256], [120.573612, 24.269338], [120.574285, 24.268994], [120.57421, 24.268793], [120.574282, 24.268278], [120.575263, 24.268097], [120.575435, 24.268568], [120.575891, 24.26847], [120.575926, 24.268584], [120.575657, 24.268757], [120.575507, 24.268768], [120.575662, 24.269175], [120.575774, 24.268953], [120.576004, 24.268937], [120.575988, 24.268866], [120.576073, 24.269052], [120.575707, 24.268153], [120.575742, 24.267962], [120.574971, 24.268628], [120.575151, 24.268954], [120.575033, 24.268851], [120.575045, 24.269823], [120.575157, 24.270071], [120.575501, 24.269976], [120.57322, 24.270548], [120.573166, 24.270386], [120.57306, 24.270423], [120.573243, 24.27078], [120.573685, 24.267779], [120.574084, 24.267359], [120.573868, 24.267074], [120.573977, 24.266776], [120.574331, 24.266832], [120.57338, 24.266343], [120.573396, 24.266228], [120.57316, 24.266788], [120.572653, 24.265812]]}}, {"type": "Feature", "properties": {"district": "6601200", "segment": 23, "total_segments": 40, "km": 14.89, "villages": ["靈泉里", "清水里"]}, "geometry": {"type": "LineString", "coordinates": [[120.575333, 24.265016], [120.575381, 24.265125], [120.575497, 24.265137], [120.575483, 24.26535], [120.575579, 24.265417], [120.575643, 24.26577], [120.575736, 24.265881], [120.576467, 24.26563], [120.576523, 24.265743], [120.576181, 24.265856], [120.576511, 24.266305], [120.576842, 24.266276], [120.576873, 24.266358], [120.576969, 24.266289], [120.577082, 24.266503], [120.576928, 24.266672], [120.576159, 24.266973], [120.576917, 24.26878], [120.577128, 24.268962], [120.577268, 24.268911], [120.577552, 24.269216], [120.577604, 24.269224], [120.577587, 24.269111], [120.577759, 24.269189], [120.577591, 24.268888], [120.577696, 24.268427], [120.577787, 24.268351], [120.577725, 24.268264], [120.577478, 24.268431], [120.577427, 24.26834], [120.577307, 24.268353], [120.577292, 24.268525], [120.577157, 24.268601], [120.577064, 24.268213], [120.576839, 24.268281], [120.577003, 24.268106], [120.577366, 24.268196], [120.577535, 24.268059], [120.577832, 24.267975], [120.577821, 24.268111], [120.577887, 24.268105], [120.577493, 24.26791], [120.577398, 24.267771], [120.577258, 24.267421], [120.577456, 24.267337], [120.577673, 24.267735], [120.577052, 24.267745], [120.576701, 24.267027], [120.576371, 24.267083], [120.576126, 24.26669], [120.575988, 24.266655], [120.57575, 24.266037], [120.576086, 24.266065], [120.576396, 24.266495], [120.576631, 24.266414], [120.576676, 24.266531], [120.576434, 24.266623], [120.57673, 24.266512], [120.576475, 24.265939], [120.576854, 24.266094], [120.576854, 24.266883], [120.576723, 24.266933], [120.577247, 24.266866], [120.576033, 24.265653], [120.575726, 24.265096], [120.575755, 24.265036], [120.575627, 24.265051], [120.57552, 24.264799], [120.575368, 24.26485], [120.575969, 24.264656], [120.576133, 24.265093], [120.575853, 24.265447], [120.575895, 24.265658], [120.575839, 24.264544], [120.575197, 24.264553], [120.575173, 24.264322], [120.575329, 24.264267], [120.575241, 24.264159], [120.575383, 24.263945], [120.575172, 24.263752], [120.574902, 24.26391], [120.574931, 24.26398], [120.574856, 24.26351], [120.575021, 24.264206], [120.578097, 24.269064], [120.577997, 24.269153], [120.577967, 24.269328], [120.578093, 24.26936], [120.578501, 24.269219], [120.578463, 24.269063], [120.578335, 24.268968], [120.578398, 24.269507], [120.578336, 24.269576], [120.578773, 24.269755], [120.578825, 24.269899], [120.578696, 24.269943], [120.579004, 24.270086], [120.579084, 24.270412], [120.578929, 24.270578], [120.578719, 24.270114], [120.578518, 24.269867], [120.578736, 24.269573], [120.578701, 24.269508], [120.578941, 24.270642], [120.57904, 24.270634], [120.579015, 24.270709], [120.578796, 24.270491], [120.578609, 24.270217], [120.578454, 24.270317], [120.578345, 24.270296], [120.578339, 24.270194], [120.578548, 24.270112], [120.578322, 24.26988], [120.578191, 24.269897], [120.578077, 24.269612], [120.5781, 24.269488], [120.578276, 24.269424], [120.578375, 24.269728], [120.578003, 24.269787], [120.578112, 24.270065], [120.577945, 24.270027], [120.577944, 24.269669], [120.577725, 24.269611], [120.577443, 24.269705], [120.577421, 24.269582], [120.577097, 24.269543], [120.576917, 24.269103], [120.577047, 24.269087], [120.577186, 24.269391], [120.577472, 24.269561], [120.577804, 24.269429], [120.577616, 24.269337], [120.577334, 24.26978], [120.577438, 24.270059], [120.577312, 24.27011], [120.577033, 24.269029], [120.576792, 24.268804], [120.576603, 24.26841], [120.575967, 24.268568], [120.576012, 24.268421], [120.576486, 24.268226], [120.576327, 24.267844], [120.576267, 24.26794], [120.575993, 24.26804], [120.575965, 24.267976], [120.576075, 24.26823], [120.576361, 24.268126], [120.576284, 24.267685], [120.576018, 24.267323], [120.576086, 24.267234], [120.57595, 24.267191], [120.575553, 24.26733], [120.575544, 24.267213], [120.575901, 24.267087], [120.575638, 24.266797], [120.575181, 24.26696], [120.575338, 24.267284], [120.575463, 24.267239], [120.575512, 24.267443], [120.575392, 24.267533], [120.57526, 24.267441], [120.575114, 24.267582], [120.575073, 24.267693], [120.575171, 24.267939], [120.574853, 24.267983], [120.574237, 24.266586], [120.574109, 24.266422], [120.574001, 24.266456], [120.574167, 24.26633], [120.573912, 24.266171], [120.574057, 24.26601], [120.573678, 24.265057], [120.57353, 24.265039], [120.573591, 24.265229], [120.573494, 24.265126], [120.57293, 24.265207], [120.572704, 24.264518], [120.573352, 24.264326], [120.573422, 24.264446], [120.573377, 24.264599], [120.573523, 24.264764], [120.572962, 24.265296], [120.573007, 24.265389], [120.574157, 24.265357], [120.575298, 24.264908], [120.574564, 24.263691], [120.57391, 24.263746], [120.573792, 24.263787], [120.573899, 24.26392], [120.573627, 24.263984], [120.573512, 24.263756], [120.573215, 24.26396], [120.572946, 24.263798], [120.572784, 24.263871], [120.57266, 24.264062], [120.572778, 24.264186], [120.571828, 24.263932], [120.571411, 24.264047], [120.571063, 24.264031], [120.570947, 24.264165], [120.570622, 24.263204], [120.571164, 24.263017], [120.571172, 24.263208], [120.571072, 24.263236], [120.571269, 24.263185], [120.57133, 24.263382], [120.571478, 24.263368], [120.571405, 24.263147], [120.571683, 24.262913], [120.571873, 24.263222], [120.572061, 24.263365], [120.571979, 24.263487], [120.57204, 24.263634], [120.571968, 24.263747], [120.571858, 24.263677], [120.571262, 24.263817], [120.571274, 24.2637], [120.571912, 24.2635], [120.571684, 24.263401], [120.571504, 24.263484], [120.571655, 24.263115], [120.572256, 24.262607], [120.572209, 24.262456], [120.571888, 24.262568], [120.57214, 24.262175], [120.572149, 24.262025], [120.571782, 24.2621], [120.571668, 24.262044], [120.571706, 24.261967], [120.572072, 24.261889], [120.572205, 24.26178], [120.57215, 24.26168], [120.571986, 24.261588], [120.571643, 24.261706], [120.571661, 24.261781], [120.571865, 24.261736], [120.57155, 24.261729], [120.571513, 24.261454], [120.571349, 24.261408], [120.571317, 24.261273], [120.571664, 24.26125], [120.571849, 24.261147], [120.571925, 24.261302], [120.572188, 24.261042], [120.57248, 24.261635], [120.572577, 24.261661], [120.572652, 24.261829], [120.57277, 24.261832], [120.572874, 24.262362], [120.573034, 24.262424], [120.572655, 24.262652], [120.572691, 24.262723], [120.572536, 24.262502], [120.572423, 24.262539], [120.572442, 24.262309], [120.572285, 24.261924], [120.571587, 24.261981], [120.571511, 24.261832], [120.571403, 24.2619], [120.571307, 24.261694], [120.571188, 24.26189], [120.570767, 24.26199], [120.57074, 24.261858], [120.571054, 24.261802], [120.570927, 24.261691], [120.57093, 24.261403], [120.570996, 24.261385], [120.571038, 24.261493], [120.570949, 24.261297], [120.570345, 24.261477], [120.570424, 24.26162], [120.570574, 24.261572], [120.570225, 24.261671], [120.570184, 24.261537], [120.569987, 24.261611], [120.569959, 24.261455], [120.570127, 24.261355], [120.569888, 24.260814], [120.570065, 24.260878], [120.570219, 24.261202], [120.571522, 24.260871], [120.571683, 24.260856], [120.571735, 24.260941], [120.571612, 24.261055], [120.571169, 24.261153], [120.571057, 24.261285], [120.570962, 24.260858], [120.571232, 24.2608], [120.571219, 24.260686], [120.570289, 24.260863], [120.570313, 24.260983], [120.57092, 24.260867], [120.57083, 24.2606], [120.570239, 24.260689], [120.570214, 24.260598], [120.570964, 24.260442], [120.571004, 24.260556], [120.571177, 24.260519], [120.571078, 24.260304], [120.57098, 24.260245], [120.570108, 24.260501], [120.570024, 24.260489], [120.570043, 24.260353], [120.569827, 24.260391], [120.569776, 24.260248], [120.570318, 24.260297], [120.570133, 24.260627], [120.570953, 24.260568], [120.571309, 24.260421], [120.571197, 24.260257], [120.571405, 24.260624], [120.57203, 24.260518], [120.572118, 24.260803], [120.57184, 24.259655], [120.572075, 24.259786], [120.571657, 24.259261], [120.5716, 24.258961], [120.571309, 24.258983], [120.571071, 24.259103], [120.570929, 24.259706], [120.570986, 24.259742], [120.570849, 24.259829], [120.569976, 24.259696], [120.56988, 24.2593], [120.569357, 24.259335], [120.569386, 24.259565], [120.569842, 24.259494], [120.569866, 24.259628], [120.569413, 24.259677], [120.569473, 24.259887], [120.569893, 24.259732], [120.569799, 24.259165], [120.569644, 24.259212], [120.572049, 24.258913], [120.572525, 24.261263], [120.572446, 24.262949], [120.572203, 24.262982], [120.572236, 24.263394], [120.571349, 24.262695], [120.570409, 24.263034], [120.570433, 24.262088], [120.570331, 24.261849], [120.570582, 24.261942], [120.570697, 24.261868], [120.570574, 24.262089], [120.574178, 24.263159], [120.575204, 24.266322], [120.574635, 24.266522], [120.574906, 24.266843], [120.574812, 24.267037], [120.574943, 24.267341], [120.575653, 24.267439], [120.575786, 24.267777], [120.575933, 24.267752], [120.575789, 24.267394], [120.576047, 24.267723], [120.576124, 24.267723], [120.57569, 24.267863]]}}, {"type": "Feature", "properties": {"district": "6601200", "segment": 24, "total_segments": 40, "km": 13.17, "villages": ["清水里", "西社里"]}, "geometry": {"type": "LineString", "coordinates": [[120.576274, 24.268783], [120.576582, 24.268682], [120.576612, 24.268818], [120.576111, 24.26893], [120.57609, 24.268875], [120.57666, 24.268803], [120.57839, 24.270414], [120.578464, 24.270588], [120.572519, 24.272489], [120.57237, 24.272529], [120.572414, 24.272295], [120.572335, 24.272151], [120.571907, 24.272348], [120.571981, 24.272548], [120.571747, 24.272581], [120.571683, 24.272424], [120.571537, 24.272477], [120.571558, 24.272529], [120.571475, 24.272339], [120.570821, 24.272576], [120.570818, 24.272441], [120.571777, 24.272094], [120.571828, 24.272217], [120.571566, 24.272307], [120.571528, 24.271941], [120.571232, 24.27207], [120.571078, 24.271983], [120.570994, 24.272039], [120.570676, 24.271814], [120.570606, 24.271902], [120.570515, 24.271652], [120.57006, 24.271707], [120.569987, 24.27152], [120.570436, 24.271351], [120.570246, 24.271122], [120.570368, 24.271017], [120.570576, 24.271375], [120.570581, 24.271539], [120.570848, 24.271501], [120.570996, 24.271345], [120.570759, 24.271294], [120.570647, 24.270947], [120.570838, 24.270878], [120.571036, 24.270911], [120.571091, 24.271088], [120.571316, 24.271012], [120.571282, 24.270908], [120.571387, 24.271229], [120.571598, 24.271132], [120.571487, 24.270858], [120.571554, 24.27075], [120.571511, 24.270617], [120.571205, 24.270753], [120.570948, 24.27033], [120.570887, 24.270608], [120.57045, 24.270756], [120.570608, 24.27096], [120.570092, 24.270912], [120.569944, 24.271116], [120.570024, 24.271241], [120.570144, 24.271186], [120.569836, 24.271338], [120.569747, 24.271248], [120.569713, 24.270745], [120.569872, 24.270778], [120.569913, 24.270891], [120.569937, 24.270598], [120.569688, 24.270573], [120.569526, 24.270674], [120.569501, 24.271067], [120.569345, 24.271099], [120.569382, 24.270945], [120.569076, 24.270876], [120.569028, 24.270994], [120.569262, 24.270668], [120.56942, 24.270623], [120.569332, 24.270384], [120.569366, 24.270126], [120.56959, 24.270022], [120.569674, 24.2702], [120.569763, 24.270202], [120.570335, 24.269941], [120.570562, 24.26989], [120.570615, 24.26994], [120.570587, 24.269763], [120.57069, 24.269556], [120.57094, 24.269632], [120.57099, 24.269981], [120.570832, 24.269974], [120.570804, 24.269686], [120.570569, 24.269478], [120.569682, 24.269922], [120.569239, 24.269941], [120.568876, 24.270166], [120.568781, 24.269982], [120.568489, 24.270034], [120.568467, 24.270177], [120.568399, 24.270179], [120.568468, 24.270278], [120.568491, 24.270765], [120.568285, 24.270725], [120.568118, 24.270788], [120.568512, 24.270836], [120.568755, 24.270743], [120.568758, 24.270898], [120.568851, 24.270958], [120.568776, 24.271207], [120.568929, 24.271514], [120.568941, 24.271798], [120.568475, 24.27177], [120.568472, 24.271655], [120.568616, 24.271663], [120.568668, 24.271534], [120.568278, 24.271523], [120.567823, 24.270539], [120.567948, 24.270279], [120.568193, 24.270364], [120.568533, 24.270763], [120.56899, 24.270549], [120.569133, 24.271414], [120.569344, 24.271437], [120.569476, 24.271366], [120.569547, 24.271445], [120.569631, 24.271331], [120.569854, 24.271472], [120.569819, 24.271664], [120.569543, 24.271713], [120.569569, 24.271571], [120.569471, 24.27158], [120.569332, 24.271746], [120.569429, 24.272033], [120.569561, 24.272], [120.569402, 24.272093], [120.569541, 24.27252], [120.569338, 24.272568], [120.569138, 24.272175], [120.568895, 24.272287], [120.568914, 24.272349], [120.568998, 24.272327], [120.568999, 24.272529], [120.56909, 24.272516], [120.569266, 24.272694], [120.569887, 24.272549], [120.569846, 24.272885], [120.570039, 24.27303], [120.569927, 24.273269], [120.569682, 24.273516], [120.569453, 24.273258], [120.569588, 24.273131], [120.569778, 24.273212], [120.569634, 24.273251], [120.569704, 24.273063], [120.569639, 24.273048], [120.569719, 24.272279], [120.570484, 24.272096], [120.570487, 24.272017], [120.570595, 24.272145], [120.570666, 24.272078], [120.570805, 24.272271], [120.5709, 24.272216], [120.570822, 24.272091], [120.57068, 24.27233], [120.570707, 24.272503], [120.570957, 24.272808], [120.571183, 24.272692], [120.571162, 24.272601], [120.571225, 24.272579], [120.571258, 24.272651], [120.570582, 24.273078], [120.570275, 24.272485], [120.569792, 24.271895], [120.569365, 24.272055], [120.56879, 24.272454], [120.568027, 24.272186], [120.567947, 24.271994], [120.56775, 24.271952], [120.567832, 24.271554], [120.567663, 24.271417], [120.567264, 24.271445], [120.567239, 24.271263], [120.56731, 24.271202], [120.567123, 24.271052], [120.567278, 24.270908], [120.566485, 24.271642], [120.566751, 24.271688], [120.56692, 24.271529], [120.567109, 24.271536], [120.567125, 24.271659], [120.567284, 24.271632], [120.567268, 24.271498], [120.567102, 24.271476], [120.567123, 24.271396], [120.567223, 24.272], [120.567365, 24.271967], [120.567539, 24.272089], [120.566937, 24.272287], [120.56683, 24.271999], [120.566523, 24.271992], [120.566603, 24.272449], [120.566547, 24.272532], [120.565995, 24.272512], [120.566231, 24.271084], [120.566419, 24.270926], [120.566338, 24.270776], [120.566578, 24.270749], [120.566668, 24.270658], [120.566387, 24.27025], [120.566266, 24.270294], [120.566145, 24.270236], [120.566127, 24.270298], [120.565867, 24.270124], [120.565916, 24.269863], [120.565806, 24.269444], [120.565691, 24.269607], [120.565084, 24.269796], [120.56507, 24.269892], [120.564515, 24.270002], [120.564467, 24.270094], [120.564543, 24.270328], [120.564167, 24.270342], [120.564039, 24.270253], [120.563815, 24.270334], [120.56387, 24.270609], [120.563948, 24.270577], [120.563972, 24.270383], [120.564135, 24.27052], [120.564308, 24.270466], [120.564362, 24.270605], [120.564474, 24.270565], [120.564509, 24.270671], [120.564651, 24.270585], [120.564703, 24.27071], [120.564881, 24.270762], [120.564842, 24.270332], [120.564703, 24.27021], [120.564605, 24.270239], [120.564682, 24.270331], [120.564596, 24.270436], [120.563783, 24.270753], [120.564133, 24.270908], [120.564097, 24.270144], [120.564307, 24.270074], [120.565019, 24.270163], [120.565103, 24.270371], [120.565214, 24.270332], [120.565149, 24.270114], [120.565336, 24.270042], [120.565484, 24.270111], [120.565637, 24.269973], [120.565746, 24.27], [120.565733, 24.27007], [120.565766, 24.269922], [120.565676, 24.26981], [120.565521, 24.269819], [120.565522, 24.269966], [120.565694, 24.270235], [120.565873, 24.270423], [120.565953, 24.270396], [120.565379, 24.270297], [120.565413, 24.270513], [120.565225, 24.270574], [120.564897, 24.26967], [120.565353, 24.269206], [120.565688, 24.269196], [120.565803, 24.268775], [120.565737, 24.268649], [120.56597, 24.268813], [120.565915, 24.269157], [120.566034, 24.269786], [120.566188, 24.269816], [120.566196, 24.270013], [120.56641, 24.270189], [120.566702, 24.270133], [120.566482, 24.269927], [120.566338, 24.269092], [120.56624, 24.269194], [120.566227, 24.269368], [120.566337, 24.269744], [120.566806, 24.269407], [120.566847, 24.269249], [120.566715, 24.269118], [120.566633, 24.268795], [120.566715, 24.268855], [120.566497, 24.268629], [120.566189, 24.268742], [120.566266, 24.268944], [120.566187, 24.268975], [120.566932, 24.268441], [120.567622, 24.268241], [120.567615, 24.268477], [120.567103, 24.26866], [120.567029, 24.268473], [120.567162, 24.268472], [120.567021, 24.268145], [120.567172, 24.268094], [120.566899, 24.268178], [120.566579, 24.267829], [120.566148, 24.26812], [120.565978, 24.267787], [120.564425, 24.267814], [120.562952, 24.268321], [120.562565, 24.269836], [120.56295, 24.271239], [120.561612, 24.271266], [120.56139, 24.271887], [120.561442, 24.271926], [120.561331, 24.27192], [120.561236, 24.271694], [120.567008, 24.269846], [120.567447, 24.269606], [120.567258, 24.269169], [120.56755, 24.269738], [120.567714, 24.269763], [120.568377, 24.269111], [120.567671, 24.268497], [120.567713, 24.268006], [120.567435, 24.270698], [120.570244, 24.270433], [120.570412, 24.27036], [120.570389, 24.270229], [120.571382, 24.269794], [120.571307, 24.269767], [120.571308, 24.270042], [120.571875, 24.270997], [120.570963, 24.271824], [120.571127, 24.271882], [120.570887, 24.271655], [120.570791, 24.271675]]}}, {"type": "Feature", "properties": {"district": "6601200", "segment": 25, "total_segments": 40, "km": 15.0, "villages": ["橋頭里"]}, "geometry": {"type": "LineString", "coordinates": [[120.572004, 24.27293], [120.572185, 24.273059], [120.572412, 24.273052], [120.572335, 24.272749], [120.572732, 24.272705], [120.572555, 24.272667], [120.572625, 24.273011], [120.572844, 24.272963], [120.572934, 24.273436], [120.57341, 24.273387], [120.573584, 24.273601], [120.573268, 24.27367], [120.573238, 24.273571], [120.572758, 24.273618], [120.572622, 24.273098], [120.572483, 24.273131], [120.572582, 24.273778], [120.573311, 24.273793], [120.574071, 24.274038], [120.574104, 24.273897], [120.573991, 24.273802], [120.573823, 24.2738], [120.573868, 24.273728], [120.573733, 24.273648], [120.573544, 24.274064], [120.573834, 24.274171], [120.573638, 24.27453], [120.57339, 24.274501], [120.573344, 24.27464], [120.573529, 24.274713], [120.573498, 24.274851], [120.573088, 24.27468], [120.573137, 24.274528], [120.573284, 24.274611], [120.573214, 24.274237], [120.57329, 24.274008], [120.573501, 24.274048], [120.5731, 24.273962], [120.572633, 24.274186], [120.57275, 24.274613], [120.572743, 24.274989], [120.57346, 24.275291], [120.573399, 24.275405], [120.573497, 24.275527], [120.573171, 24.275656], [120.573422, 24.275829], [120.573096, 24.275584], [120.573095, 24.275431], [120.573226, 24.275323], [120.572778, 24.275166], [120.572812, 24.275329], [120.572578, 24.275307], [120.572576, 24.274963], [120.571985, 24.275127], [120.571829, 24.275285], [120.571852, 24.275459], [120.572479, 24.275987], [120.572757, 24.275672], [120.572291, 24.275449], [120.57218, 24.275561], [120.572331, 24.275674], [120.572394, 24.275617], [120.572402, 24.275061], [120.572185, 24.275255], [120.572249, 24.27427], [120.572362, 24.274018], [120.572576, 24.274077], [120.572173, 24.273268], [120.571048, 24.273651], [120.570954, 24.273613], [120.570801, 24.273735], [120.570698, 24.273656], [120.570569, 24.273873], [120.570357, 24.27389], [120.570259, 24.274117], [120.570113, 24.274013], [120.570338, 24.273739], [120.570212, 24.273653], [120.569901, 24.273624], [120.56942, 24.273958], [120.569529, 24.274147], [120.569414, 24.27449], [120.569534, 24.274558], [120.569376, 24.274657], [120.569574, 24.274928], [120.569294, 24.275064], [120.569332, 24.275125], [120.569218, 24.274919], [120.569289, 24.274565], [120.569193, 24.274259], [120.569289, 24.273868], [120.56912, 24.273628], [120.568826, 24.273354], [120.56852, 24.273436], [120.568587, 24.273549], [120.568194, 24.27351], [120.568013, 24.273332], [120.567798, 24.273349], [120.567728, 24.273285], [120.567825, 24.273148], [120.567497, 24.272748], [120.567018, 24.272982], [120.566698, 24.27344], [120.566617, 24.273721], [120.566774, 24.273748], [120.567338, 24.273582], [120.567359, 24.273693], [120.566994, 24.2738], [120.567029, 24.273912], [120.567528, 24.273768], [120.56745, 24.273656], [120.567574, 24.273478], [120.567372, 24.272947], [120.567192, 24.273073], [120.567237, 24.273236], [120.567006, 24.273234], [120.56706, 24.273427], [120.56701, 24.273438], [120.567166, 24.273403], [120.567437, 24.273889], [120.567369, 24.27392], [120.567478, 24.274144], [120.567347, 24.274234], [120.567257, 24.274438], [120.567528, 24.274666], [120.56773, 24.274517], [120.567581, 24.27431], [120.567707, 24.274231], [120.567901, 24.274472], [120.567767, 24.27455], [120.567905, 24.274737], [120.567742, 24.274833], [120.568115, 24.275224], [120.568308, 24.27506], [120.568175, 24.27493], [120.568419, 24.27482], [120.568517, 24.275076], [120.568368, 24.275472], [120.568401, 24.275604], [120.568498, 24.275774], [120.56867, 24.275732], [120.568286, 24.275804], [120.567698, 24.275317], [120.567608, 24.275137], [120.567566, 24.275276], [120.567142, 24.275319], [120.567191, 24.275139], [120.566908, 24.275397], [120.566674, 24.275276], [120.566758, 24.275098], [120.566282, 24.274992], [120.566366, 24.27486], [120.566027, 24.274904], [120.566054, 24.274457], [120.565913, 24.274281], [120.565542, 24.274227], [120.565626, 24.273991], [120.566199, 24.274076], [120.566299, 24.273426], [120.566202, 24.27349], [120.566033, 24.273438], [120.565994, 24.273595], [120.566159, 24.273629], [120.566121, 24.273852], [120.565703, 24.273717], [120.565662, 24.273827], [120.56584, 24.273357], [120.566056, 24.273109], [120.566132, 24.273264], [120.566354, 24.273322], [120.566585, 24.273045], [120.566467, 24.272905], [120.566618, 24.272822], [120.56656, 24.272766], [120.566698, 24.272898], [120.567163, 24.27264], [120.567142, 24.272489], [120.567376, 24.272348], [120.56744, 24.272451], [120.567271, 24.272179], [120.567607, 24.272354], [120.56773, 24.272549], [120.567891, 24.272465], [120.567862, 24.272662], [120.568243, 24.273199], [120.568456, 24.272955], [120.568388, 24.272813], [120.568694, 24.273156], [120.568168, 24.272586], [120.568212, 24.272495], [120.56755, 24.272711], [120.566902, 24.272574], [120.56677, 24.272684], [120.567746, 24.274055], [120.56797, 24.273945], [120.568189, 24.274221], [120.568311, 24.274199], [120.568404, 24.274079], [120.56831, 24.273915], [120.568753, 24.274558], [120.56801, 24.274632], [120.567013, 24.275742], [120.566981, 24.276038], [120.566436, 24.276067], [120.566417, 24.275908], [120.566802, 24.275882], [120.566649, 24.275752], [120.566442, 24.276116], [120.566504, 24.276602], [120.566631, 24.276587], [120.566633, 24.276333], [120.567139, 24.276266], [120.567077, 24.276378], [120.567171, 24.276692], [120.566956, 24.276606], [120.566934, 24.276389], [120.566763, 24.276668], [120.565911, 24.276769], [120.565935, 24.276412], [120.566197, 24.276354], [120.566136, 24.276648], [120.565886, 24.276396], [120.565555, 24.276409], [120.565672, 24.276763], [120.565405, 24.276824], [120.565238, 24.276317], [120.565148, 24.27632], [120.56499, 24.276386], [120.564851, 24.276919], [120.565033, 24.276719], [120.565081, 24.276499], [120.564782, 24.276548], [120.564768, 24.276627], [120.564913, 24.276095], [120.565063, 24.276005], [120.565569, 24.275942], [120.56567, 24.276096], [120.565947, 24.276105], [120.566128, 24.275977], [120.566009, 24.274998], [120.565886, 24.275134], [120.565611, 24.275242], [120.565302, 24.275183], [120.565348, 24.275048], [120.56525, 24.27527], [120.565234, 24.27564], [120.565465, 24.27556], [120.565488, 24.275683], [120.565113, 24.275796], [120.565171, 24.276171], [120.565069, 24.276179], [120.565566, 24.2762], [120.565631, 24.275641], [120.565578, 24.275455], [120.565425, 24.275343], [120.565869, 24.275364], [120.565923, 24.275564], [120.565655, 24.274522], [120.565757, 24.276749], [120.566058, 24.277185], [120.566247, 24.27715], [120.566315, 24.277333], [120.56629, 24.277527], [120.565859, 24.277738], [120.565886, 24.277997], [120.566248, 24.277975], [120.56638, 24.277805], [120.566679, 24.277687], [120.566592, 24.278085], [120.566696, 24.278276], [120.565922, 24.278653], [120.565934, 24.278529], [120.565781, 24.278244], [120.566459, 24.278205], [120.566167, 24.278342], [120.566412, 24.27874], [120.56687, 24.278623], [120.566899, 24.278787], [120.567183, 24.278693], [120.567258, 24.278817], [120.567398, 24.278603], [120.567726, 24.278446], [120.568028, 24.278983], [120.567813, 24.279027], [120.567675, 24.278869], [120.567522, 24.278927], [120.567763, 24.278772], [120.567636, 24.278325], [120.567161, 24.27857], [120.567081, 24.278548], [120.567202, 24.279252], [120.566742, 24.279462], [120.566774, 24.279245], [120.566434, 24.279376], [120.566209, 24.278915], [120.565777, 24.279], [120.566053, 24.279444], [120.566226, 24.279352], [120.566284, 24.279468], [120.566448, 24.279421], [120.566453, 24.279619], [120.566141, 24.279736], [120.566379, 24.279848], [120.566687, 24.279761], [120.56698, 24.280461], [120.565605, 24.28095], [120.565369, 24.281122], [120.564663, 24.281134], [120.564638, 24.280978], [120.565049, 24.280958], [120.564933, 24.280479], [120.565472, 24.280393], [120.565444, 24.280314], [120.565542, 24.280598], [120.56578, 24.280559], [120.565673, 24.280278], [120.565812, 24.280075], [120.565918, 24.280047], [120.566108, 24.280584], [120.5662, 24.280485], [120.566081, 24.280026], [120.565835, 24.279747], [120.565515, 24.279826], [120.565548, 24.279895], [120.56562, 24.279875], [120.565313, 24.279813], [120.565246, 24.279999], [120.565329, 24.280006], [120.565072, 24.27997], [120.564975, 24.279813], [120.565155, 24.27986], [120.56523, 24.279579], [120.565364, 24.279645], [120.565324, 24.279774], [120.565152, 24.279906], [120.565034, 24.279608], [120.564806, 24.279613], [120.564753, 24.279349], [120.564893, 24.278798], [120.565129, 24.27868], [120.565517, 24.278902], [120.565685, 24.279165], [120.565554, 24.279429], [120.56531, 24.279321], [120.565316, 24.279053], [120.565212, 24.279024], [120.565257, 24.278917], [120.565154, 24.279041], [120.565132, 24.279297], [120.564941, 24.279269], [120.565175, 24.279302], [120.5656, 24.278799], [120.565788, 24.278748], [120.564955, 24.278282], [120.564985, 24.278096], [120.564938, 24.278387], [120.564796, 24.277641], [120.564582, 24.277715], [120.565422, 24.277279], [120.567238, 24.276918], [120.567428, 24.276641], [120.56791, 24.276524], [120.568468, 24.277006], [120.570726, 24.276255], [120.57095, 24.276446], [120.57108, 24.276739], [120.570925, 24.27677], [120.570958, 24.276899], [120.570859, 24.276949], [120.57087, 24.27709], [120.570974, 24.277348], [120.571092, 24.277357], [120.57121, 24.277612], [120.571343, 24.277558], [120.571126, 24.277026], [120.571024, 24.277117], [120.571079, 24.276918], [120.571535, 24.276944], [120.571725, 24.276878], [120.571655, 24.276697], [120.571727, 24.27666], [120.571541, 24.276752], [120.571531, 24.276558], [120.571691, 24.276513], [120.57123, 24.276318], [120.571195, 24.276243], [120.571261, 24.276175], [120.571019, 24.276167], [120.570963, 24.276097], [120.571326, 24.275836], [120.571543, 24.276], [120.571771, 24.276048], [120.572258, 24.276766], [120.572476, 24.277257], [120.572772, 24.277077], [120.572786, 24.277332], [120.573001, 24.277765], [120.573204, 24.277658], [120.572925, 24.277059], [120.573032, 24.276976], [120.572928, 24.276904], [120.573328, 24.277176], [120.573213, 24.277285], [120.573335, 24.277588], [120.573491, 24.277532], [120.573406, 24.277341], [120.573474, 24.277231], [120.574572, 24.277889], [120.574356, 24.277924], [120.574239, 24.27808], [120.574138, 24.278017], [120.574251, 24.27786], [120.573896, 24.277943], [120.573622, 24.277872], [120.573506, 24.278032], [120.57379, 24.278136], [120.573735, 24.27823]]}}, {"type": "Feature", "properties": {"district": "6601200", "segment": 26, "total_segments": 40, "km": 14.99, "villages": ["橋頭里"]}, "geometry": {"type": "LineString", "coordinates": [[120.573533, 24.278179], [120.573337, 24.278276], [120.573424, 24.278589], [120.572648, 24.278613], [120.572521, 24.278321], [120.572243, 24.278449], [120.572393, 24.278628], [120.572033, 24.278692], [120.571961, 24.278787], [120.570796, 24.279204], [120.570729, 24.279018], [120.571713, 24.278642], [120.571508, 24.278535], [120.571437, 24.27835], [120.571792, 24.278102], [120.57188, 24.278299], [120.57179, 24.278337], [120.572457, 24.278097], [120.572561, 24.278303], [120.572132, 24.278248], [120.572064, 24.277869], [120.571895, 24.277548], [120.571998, 24.277477], [120.571809, 24.27758], [120.571571, 24.277144], [120.572128, 24.276972], [120.572263, 24.277237], [120.572478, 24.276995], [120.572646, 24.27693], [120.573435, 24.277206], [120.573574, 24.276749], [120.573852, 24.276509], [120.573763, 24.276307], [120.573135, 24.276264], [120.573002, 24.275808], [120.572852, 24.275717], [120.572707, 24.275954], [120.573673, 24.274965], [120.574087, 24.275116], [120.574192, 24.274903], [120.574025, 24.274743], [120.574255, 24.274383], [120.574321, 24.274451], [120.574006, 24.274224], [120.571933, 24.274589], [120.571462, 24.274395], [120.571078, 24.274805], [120.57086, 24.274427], [120.570903, 24.274155], [120.570689, 24.274141], [120.571129, 24.273874], [120.571441, 24.275009], [120.570806, 24.2753], [120.570463, 24.275066], [120.569959, 24.274491], [120.569743, 24.274493], [120.569944, 24.275551], [120.570051, 24.275693], [120.570668, 24.275611], [120.570692, 24.275688], [120.570146, 24.275789], [120.570059, 24.276065], [120.569804, 24.276221], [120.569696, 24.276257], [120.569505, 24.276174], [120.568822, 24.276343], [120.569391, 24.276962], [120.568624, 24.277317], [120.568533, 24.277116], [120.569515, 24.277277], [120.569714, 24.277206], [120.569721, 24.277139], [120.569957, 24.277057], [120.569821, 24.277007], [120.569713, 24.276754], [120.569603, 24.276821], [120.570142, 24.276754], [120.570189, 24.276867], [120.570034, 24.27693], [120.570226, 24.27699], [120.570304, 24.277208], [120.570224, 24.277329], [120.57031, 24.277457], [120.570376, 24.277314], [120.57058, 24.277218], [120.570648, 24.277323], [120.570265, 24.276654], [120.570454, 24.27656], [120.570678, 24.276972], [120.570763, 24.276628], [120.570435, 24.276521], [120.570669, 24.276164], [120.570863, 24.275477], [120.570623, 24.275431], [120.570136, 24.275515], [120.570056, 24.275436], [120.570605, 24.275349], [120.569753, 24.275894], [120.569698, 24.275846], [120.5698, 24.275952], [120.569954, 24.277419], [120.570117, 24.277615], [120.570259, 24.27761], [120.57033, 24.277768], [120.570455, 24.277765], [120.570558, 24.278008], [120.570888, 24.277892], [120.570704, 24.277495], [120.570652, 24.277591], [120.570595, 24.277548], [120.570431, 24.277627], [120.570579, 24.277767], [120.570152, 24.277975], [120.570221, 24.278125], [120.569901, 24.27817], [120.569671, 24.277731], [120.57005, 24.277759], [120.570112, 24.277898], [120.569932, 24.278248], [120.56966, 24.278358], [120.569377, 24.27789], [120.569293, 24.278064], [120.569407, 24.278258], [120.56918, 24.278362], [120.569156, 24.278286], [120.569179, 24.278496], [120.569572, 24.278371], [120.569454, 24.278239], [120.569696, 24.278652], [120.570484, 24.278357], [120.570467, 24.278493], [120.570615, 24.278607], [120.570672, 24.278808], [120.569583, 24.279223], [120.569556, 24.279118], [120.569976, 24.278888], [120.56991, 24.278798], [120.569372, 24.279], [120.569329, 24.278843], [120.570349, 24.278518], [120.570449, 24.278731], [120.570105, 24.278856], [120.570145, 24.279237], [120.569731, 24.2794], [120.569855, 24.279424], [120.569892, 24.279553], [120.569636, 24.279645], [120.569548, 24.279426], [120.569719, 24.279795], [120.57005, 24.279817], [120.570091, 24.279892], [120.570946, 24.279433], [120.572075, 24.279221], [120.572453, 24.27877], [120.572145, 24.278475], [120.571288, 24.278679], [120.571014, 24.278087], [120.570654, 24.278289], [120.570939, 24.278801], [120.571118, 24.278693], [120.571069, 24.278509], [120.570956, 24.278557], [120.570962, 24.278347], [120.571422, 24.278036], [120.571725, 24.278012], [120.571691, 24.277857], [120.570678, 24.279021], [120.570358, 24.27918], [120.570437, 24.279485], [120.569497, 24.279141], [120.568896, 24.278614], [120.568307, 24.278867], [120.568149, 24.278572], [120.568283, 24.278429], [120.568782, 24.278223], [120.568851, 24.278534], [120.568715, 24.278482], [120.568348, 24.278647], [120.56824, 24.278336], [120.569924, 24.277472], [120.573253, 24.27773], [120.573686, 24.27949], [120.573568, 24.279716], [120.573392, 24.27962], [120.573196, 24.279645], [120.573245, 24.279958], [120.573376, 24.279907], [120.573185, 24.279569], [120.573046, 24.279715], [120.572838, 24.279763], [120.572861, 24.279602], [120.572666, 24.27984], [120.572865, 24.279962], [120.572901, 24.280079], [120.572341, 24.279985], [120.572259, 24.280165], [120.572092, 24.280212], [120.571964, 24.280517], [120.571514, 24.280311], [120.57121, 24.280584], [120.571978, 24.281023], [120.572506, 24.281021], [120.572461, 24.281414], [120.571954, 24.281973], [120.57183, 24.281967], [120.571323, 24.282535], [120.571184, 24.282806], [120.571509, 24.282898], [120.570985, 24.282567], [120.570925, 24.281773], [120.570983, 24.281748], [120.570612, 24.281762], [120.570401, 24.28186], [120.570253, 24.281329], [120.569975, 24.281089], [120.570718, 24.281352], [120.5692, 24.282077], [120.56934, 24.282347], [120.569171, 24.282489], [120.570012, 24.28336], [120.570091, 24.283685], [120.569892, 24.283672], [120.570028, 24.284293], [120.570744, 24.284899], [120.570738, 24.285355], [120.571307, 24.285175], [120.571443, 24.285575], [120.571394, 24.28575], [120.571142, 24.285618], [120.571002, 24.285672], [120.570989, 24.285848], [120.571166, 24.285996], [120.571007, 24.286474], [120.570969, 24.286902], [120.571046, 24.287095], [120.570722, 24.287296], [120.571355, 24.287617], [120.571922, 24.28802], [120.57221, 24.287772], [120.572672, 24.287925], [120.572391, 24.288478], [120.572194, 24.288698], [120.57221, 24.288842], [120.570887, 24.288331], [120.569907, 24.287196], [120.569925, 24.287022], [120.569118, 24.286238], [120.569348, 24.285967], [120.569353, 24.285554], [120.569234, 24.285045], [120.568523, 24.284134], [120.568911, 24.283417], [120.567458, 24.282386], [120.567302, 24.281845], [120.567448, 24.281666], [120.567684, 24.281573], [120.568131, 24.281795], [120.568882, 24.281483], [120.568968, 24.281592], [120.56719, 24.281728], [120.566882, 24.280961], [120.567367, 24.280821], [120.567096, 24.280408], [120.566973, 24.280601], [120.567056, 24.280771], [120.566831, 24.280974], [120.566033, 24.281066], [120.56601, 24.280957], [120.566477, 24.280872], [120.565852, 24.281066], [120.564802, 24.280438], [120.566207, 24.279259], [120.571973, 24.283489], [120.572513, 24.283652], [120.572581, 24.28358], [120.572599, 24.283798], [120.572864, 24.283834], [120.572897, 24.284043], [120.57235, 24.284086], [120.572838, 24.283674], [120.57293, 24.283348], [120.57313, 24.283293], [120.572555, 24.282759], [120.572879, 24.28269], [120.573075, 24.282856], [120.573516, 24.282725], [120.574215, 24.282742], [120.574344, 24.282777], [120.574339, 24.283063], [120.574782, 24.283036], [120.574743, 24.283453], [120.574604, 24.283587], [120.574355, 24.283304], [120.574048, 24.283232], [120.574031, 24.283036], [120.573952, 24.283044], [120.573941, 24.282943], [120.574024, 24.282909]]}}, {"type": "Feature", "properties": {"district": "6601200", "segment": 27, "total_segments": 40, "km": 14.95, "villages": ["橋頭里", "秀水里"]}, "geometry": {"type": "LineString", "coordinates": [[120.573952, 24.283086], [120.573645, 24.283152], [120.573245, 24.28349], [120.57242, 24.28333], [120.57178, 24.284523], [120.571685, 24.284527], [120.571642, 24.284701], [120.571727, 24.284699], [120.571715, 24.284859], [120.571889, 24.284893], [120.571859, 24.285087], [120.572204, 24.285148], [120.572246, 24.284975], [120.572342, 24.285027], [120.571973, 24.284707], [120.572028, 24.284624], [120.573499, 24.285146], [120.573551, 24.285028], [120.573454, 24.285265], [120.57392, 24.285174], [120.574207, 24.285336], [120.574131, 24.285582], [120.574222, 24.285729], [120.57376, 24.286121], [120.573628, 24.286355], [120.573367, 24.286272], [120.572912, 24.286356], [120.572727, 24.286249], [120.57268, 24.28609], [120.572004, 24.286578], [120.572018, 24.28666], [120.571791, 24.286716], [120.57176, 24.286628], [120.571896, 24.286593], [120.572414, 24.28696], [120.572548, 24.286956], [120.572553, 24.286844], [120.57254, 24.287039], [120.572713, 24.287154], [120.572626, 24.28735], [120.573225, 24.287263], [120.57327, 24.287101], [120.573166, 24.287024], [120.573395, 24.286924], [120.573485, 24.286782], [120.573425, 24.286621], [120.573576, 24.286433], [120.573797, 24.286333], [120.573727, 24.286857], [120.573514, 24.286995], [120.573907, 24.287112], [120.573164, 24.28642], [120.572856, 24.286777], [120.574426, 24.284982], [120.574628, 24.284331], [120.574701, 24.283716], [120.574088, 24.283684], [120.574297, 24.284144], [120.574269, 24.284467], [120.574113, 24.284288], [120.573867, 24.284327], [120.573987, 24.284638], [120.574865, 24.282635], [120.574798, 24.282503], [120.574664, 24.282653], [120.574473, 24.282519], [120.574443, 24.282348], [120.574875, 24.282375], [120.574875, 24.282471], [120.574911, 24.281988], [120.574819, 24.282024], [120.575205, 24.279571], [120.575255, 24.278602], [120.574294, 24.279391], [120.574308, 24.279621], [120.573926, 24.279645], [120.574262, 24.279814], [120.5743, 24.28006], [120.574469, 24.279953], [120.575015, 24.279884], [120.574435, 24.279659], [120.573916, 24.279917], [120.573532, 24.281927], [120.573087, 24.282134], [120.568644, 24.287178], [120.566083, 24.283558], [120.565858, 24.283036], [120.566054, 24.282859], [120.56525, 24.282654], [120.564345, 24.28315], [120.564459, 24.283341], [120.563917, 24.283148], [120.56336, 24.283192], [120.563005, 24.283721], [120.562901, 24.283766], [120.563009, 24.283901], [120.563341, 24.283665], [120.563627, 24.283626], [120.562804, 24.283564], [120.562869, 24.284299], [120.563321, 24.284769], [120.563473, 24.285175], [120.563344, 24.285536], [120.563198, 24.285708], [120.563577, 24.28576], [120.563773, 24.285706], [120.563698, 24.285882], [120.564105, 24.285851], [120.563915, 24.28581], [120.564006, 24.285452], [120.563652, 24.285887], [120.563558, 24.28589], [120.562767, 24.285578], [120.562455, 24.28524], [120.562413, 24.285066], [120.562003, 24.285142], [120.561951, 24.285228], [120.560465, 24.283632], [120.561059, 24.283226], [120.561282, 24.282934], [120.562045, 24.282375], [120.56256, 24.281626], [120.562743, 24.281169], [120.562383, 24.280985], [120.562613, 24.280638], [120.5625, 24.280575], [120.562189, 24.281014], [120.562107, 24.280984], [120.562465, 24.280474], [120.562342, 24.280418], [120.561987, 24.280918], [120.561854, 24.280837], [120.562098, 24.280479], [120.562153, 24.280189], [120.561842, 24.280101], [120.561862, 24.279734], [120.56193, 24.27983], [120.562052, 24.27979], [120.562136, 24.279881], [120.562249, 24.280049], [120.562208, 24.280115], [120.562077, 24.279955], [120.562299, 24.279856], [120.562154, 24.279641], [120.562079, 24.279696], [120.561919, 24.279604], [120.561621, 24.279897], [120.561446, 24.279877], [120.56147, 24.279742], [120.561344, 24.279732], [120.561276, 24.279994], [120.561405, 24.280002], [120.561544, 24.280239], [120.561731, 24.280255], [120.561414, 24.280566], [120.561158, 24.280505], [120.56131, 24.280343], [120.56112, 24.280298], [120.561187, 24.279605], [120.561352, 24.279681], [120.561545, 24.279589], [120.561614, 24.279348], [120.561363, 24.279263], [120.561136, 24.278875], [120.560653, 24.278782], [120.560933, 24.279028], [120.56179, 24.279165], [120.561777, 24.279241], [120.561836, 24.279064], [120.562372, 24.279134], [120.562717, 24.279323], [120.562519, 24.279363], [120.562477, 24.279533], [120.562319, 24.279623], [120.562222, 24.279359], [120.562348, 24.279954], [120.562708, 24.280166], [120.562368, 24.280234], [120.561954, 24.280447], [120.561639, 24.280737], [120.562307, 24.281081], [120.563023, 24.28072], [120.563287, 24.279771], [120.563142, 24.279529], [120.562936, 24.279398], [120.56297, 24.27932], [120.563314, 24.279276], [120.563381, 24.279442], [120.562894, 24.279665], [120.563002, 24.27996], [120.563836, 24.280244], [120.564302, 24.280134], [120.564316, 24.280249], [120.563871, 24.280353], [120.563946, 24.280473], [120.564289, 24.280394], [120.564539, 24.280071], [120.564574, 24.279962], [120.564454, 24.279486], [120.564327, 24.279415], [120.564195, 24.27987], [120.564093, 24.279953], [120.563922, 24.279931], [120.564086, 24.279659], [120.564136, 24.279401], [120.564268, 24.280014], [120.563906, 24.2801], [120.563886, 24.280544], [120.56382, 24.280538], [120.56358, 24.281139], [120.563838, 24.281144], [120.564001, 24.281277], [120.563809, 24.281449], [120.563729, 24.281334], [120.563722, 24.281591], [120.563578, 24.281807], [120.563673, 24.281986], [120.563778, 24.281919], [120.563915, 24.282018], [120.563867, 24.281769], [120.563954, 24.281673], [120.564007, 24.281738], [120.563931, 24.281644], [120.564193, 24.281827], [120.564271, 24.281663], [120.564433, 24.281863], [120.564607, 24.281862], [120.564675, 24.281474], [120.565452, 24.281176], [120.565484, 24.281256], [120.565911, 24.281171], [120.566005, 24.28138], [120.565905, 24.281403], [120.566231, 24.281304], [120.566121, 24.281115], [120.566308, 24.281158], [120.565904, 24.281129], [120.565267, 24.281546], [120.564937, 24.281236], [120.564581, 24.281409], [120.564421, 24.280843], [120.564298, 24.28086], [120.564261, 24.281208], [120.564324, 24.281293], [120.564223, 24.280804], [120.564826, 24.280068], [120.56431, 24.2786], [120.564456, 24.27811], [120.563828, 24.277794], [120.563776, 24.277692], [120.563796, 24.277329], [120.563955, 24.277511], [120.564102, 24.276721], [120.564123, 24.276566], [120.563964, 24.276482], [120.564001, 24.276279], [120.564073, 24.276147], [120.564257, 24.276164], [120.564142, 24.276687], [120.56392, 24.276657], [120.563846, 24.277005], [120.56298, 24.277015], [120.562679, 24.276733], [120.562481, 24.276924], [120.562261, 24.27662], [120.562509, 24.276369], [120.562359, 24.276204], [120.562408, 24.276146], [120.561926, 24.276697], [120.561894, 24.276775], [120.562066, 24.276824], [120.561769, 24.277005], [120.561445, 24.276912], [120.561392, 24.27697], [120.561485, 24.276789], [120.56127, 24.276484], [120.561541, 24.276318], [120.56167, 24.27648], [120.561624, 24.276661], [120.5617, 24.276294], [120.561974, 24.276182], [120.561884, 24.275893], [120.560996, 24.276192], [120.56101, 24.276028], [120.561983, 24.275705], [120.561926, 24.275531], [120.560559, 24.275917], [120.560688, 24.276141], [120.560819, 24.276071], [120.56079, 24.275653], [120.560868, 24.275639], [120.560721, 24.275255], [120.560317, 24.27541], [120.560295, 24.275252], [120.560094, 24.275401], [120.560131, 24.27548], [120.559655, 24.275607], [120.559727, 24.275792], [120.56017, 24.275574], [120.560205, 24.275649], [120.560385, 24.275581], [120.560354, 24.275504], [120.560612, 24.275425], [120.560632, 24.275046], [120.560915, 24.274965], [120.561059, 24.275365], [120.561505, 24.27526], [120.561279, 24.274756], [120.561239, 24.274963], [120.561079, 24.275021], [120.561127, 24.275138], [120.561754, 24.275052], [120.561852, 24.275292], [120.562131, 24.275107], [120.562051, 24.274753], [120.561868, 24.274868], [120.561609, 24.274397], [120.561754, 24.274359], [120.561431, 24.274458], [120.561451, 24.274505], [120.561314, 24.274096], [120.560663, 24.274317], [120.560338, 24.27432], [120.560339, 24.274413], [120.55995, 24.274418], [120.560002, 24.274555], [120.559881, 24.274161], [120.559669, 24.273832], [120.560124, 24.273746], [120.560226, 24.274008], [120.560379, 24.27386], [120.560358, 24.273799], [120.56069, 24.273689], [120.560931, 24.273981], [120.560942, 24.274105], [120.560556, 24.274005], [120.559987, 24.273476], [120.55956, 24.273659]]}}, {"type": "Feature", "properties": {"district": "6601200", "segment": 28, "total_segments": 40, "km": 14.98, "villages": ["秀水里"]}, "geometry": {"type": "LineString", "coordinates": [[120.559401, 24.274135], [120.559713, 24.274651], [120.559545, 24.274579], [120.559327, 24.274767], [120.559235, 24.274607], [120.559459, 24.275108], [120.559739, 24.27491], [120.559848, 24.274886], [120.559869, 24.274951], [120.559821, 24.274834], [120.55975, 24.275061], [120.560014, 24.275241], [120.560144, 24.27488], [120.560075, 24.27475], [120.560519, 24.274651], [120.559596, 24.275364], [120.559634, 24.275561], [120.559229, 24.275682], [120.5593, 24.275852], [120.55896, 24.27593], [120.558918, 24.27582], [120.559105, 24.275754], [120.558761, 24.275838], [120.558853, 24.276003], [120.558496, 24.275855], [120.558463, 24.276078], [120.558745, 24.276815], [120.558917, 24.276858], [120.559014, 24.276823], [120.559022, 24.276732], [120.558714, 24.276903], [120.558752, 24.27703], [120.558979, 24.277016], [120.559097, 24.276907], [120.559232, 24.276979], [120.559315, 24.276919], [120.559245, 24.276878], [120.559596, 24.276783], [120.559542, 24.276648], [120.559311, 24.27663], [120.559121, 24.276696], [120.55911, 24.276785], [120.559654, 24.276521], [120.559781, 24.276796], [120.559705, 24.276888], [120.559867, 24.277214], [120.5589, 24.277486], [120.558812, 24.277262], [120.559596, 24.276988], [120.55968, 24.277455], [120.559473, 24.277498], [120.560522, 24.277182], [120.560588, 24.277756], [120.560091, 24.276304], [120.560347, 24.276222], [120.560896, 24.276635], [120.561226, 24.276498], [120.561922, 24.275879], [120.562263, 24.275825], [120.562199, 24.275413], [120.562493, 24.275398], [120.562645, 24.275904], [120.562488, 24.276048], [120.562962, 24.276412], [120.562972, 24.27656], [120.563148, 24.276452], [120.563124, 24.276317], [120.563188, 24.27628], [120.563357, 24.276268], [120.563588, 24.276439], [120.563645, 24.276279], [120.56379, 24.276464], [120.56368, 24.276871], [120.563421, 24.276837], [120.563465, 24.276638], [120.563404, 24.276878], [120.563941, 24.276589], [120.564349, 24.275615], [120.564313, 24.275166], [120.564441, 24.275024], [120.564541, 24.275137], [120.564526, 24.274667], [120.564634, 24.274576], [120.56483, 24.273957], [120.564964, 24.273821], [120.564249, 24.273933], [120.56429, 24.273552], [120.564473, 24.27362], [120.564481, 24.273816], [120.564821, 24.273379], [120.564783, 24.27322], [120.564604, 24.273223], [120.564521, 24.273121], [120.564559, 24.273006], [120.56448, 24.272851], [120.564692, 24.272832], [120.564793, 24.272959], [120.565265, 24.272716], [120.565326, 24.272185], [120.56514, 24.272175], [120.56493, 24.271619], [120.56471, 24.271705], [120.564662, 24.271551], [120.56448, 24.271495], [120.564048, 24.271624], [120.563795, 24.271731], [120.564024, 24.27183], [120.564394, 24.271698], [120.564539, 24.271693], [120.564563, 24.271754], [120.564308, 24.271957], [120.563812, 24.272116], [120.563332, 24.272491], [120.563187, 24.272977], [120.563285, 24.273162], [120.563121, 24.273153], [120.563036, 24.272989], [120.562896, 24.273062], [120.562974, 24.273518], [120.563115, 24.273372], [120.563366, 24.273338], [120.563373, 24.273688], [120.563037, 24.273882], [120.563317, 24.273969], [120.563512, 24.273949], [120.562725, 24.273732], [120.562715, 24.273565], [120.563543, 24.273129], [120.56347, 24.273044], [120.563879, 24.273098], [120.563886, 24.273037], [120.564103, 24.27304], [120.564124, 24.273099], [120.564085, 24.272948], [120.565176, 24.273086], [120.566248, 24.272997], [120.565707, 24.271582], [120.563146, 24.271957], [120.560984, 24.272705], [120.560435, 24.273219], [120.560647, 24.273365], [120.561913, 24.272508], [120.562466, 24.275109], [120.56257, 24.2751], [120.562558, 24.275353], [120.562861, 24.275336], [120.562911, 24.27526], [120.562833, 24.275214], [120.562827, 24.275064], [120.562739, 24.275076], [120.563072, 24.275121], [120.563361, 24.274958], [120.563291, 24.275352], [120.563741, 24.275377], [120.563915, 24.275206], [120.563869, 24.275894], [120.563361, 24.27588], [120.563225, 24.276084], [120.563139, 24.276029], [120.562766, 24.276095], [120.561715, 24.275692], [120.562306, 24.277401], [120.562589, 24.277606], [120.563027, 24.277517], [120.563359, 24.277598], [120.563699, 24.277995], [120.563714, 24.278292], [120.563601, 24.278612], [120.562934, 24.278704], [120.562895, 24.278389], [120.562591, 24.278443], [120.56243, 24.278347], [120.562738, 24.27826], [120.562322, 24.27801], [120.562169, 24.278707], [120.562298, 24.278661], [120.563082, 24.278847], [120.563042, 24.278959], [120.563382, 24.278909], [120.563488, 24.278248], [120.56329, 24.281679], [120.563208, 24.281836], [120.563655, 24.282154], [120.56466, 24.28408], [120.559061, 24.275147], [120.55871, 24.274806], [120.558576, 24.275371], [120.558639, 24.27545], [120.558934, 24.275373], [120.558134, 24.275514], [120.558285, 24.275274], [120.558061, 24.274824], [120.557894, 24.274601], [120.557607, 24.274496], [120.557395, 24.27424], [120.557358, 24.274366], [120.557455, 24.274557], [120.557665, 24.274282], [120.558479, 24.274025], [120.558349, 24.273786], [120.558169, 24.273782], [120.557214, 24.274104], [120.557602, 24.274128], [120.558884, 24.273684], [120.55898, 24.273962], [120.558914, 24.27356], [120.558408, 24.272897], [120.558349, 24.272586], [120.558448, 24.27226], [120.558609, 24.272543], [120.55789, 24.272387], [120.557694, 24.272514], [120.557612, 24.272283], [120.55733, 24.272298], [120.556742, 24.272121], [120.556592, 24.272144], [120.556886, 24.272536], [120.556998, 24.272492], [120.556686, 24.272575], [120.556467, 24.272497], [120.556531, 24.27279], [120.556694, 24.272793], [120.556694, 24.272884], [120.556385, 24.273292], [120.556447, 24.273446], [120.556219, 24.273498], [120.555806, 24.273492], [120.555865, 24.273167], [120.555538, 24.272644], [120.555322, 24.272713], [120.555226, 24.272349], [120.55554, 24.2723], [120.555472, 24.272142], [120.555316, 24.272196], [120.555878, 24.271969], [120.555547, 24.271833], [120.556271, 24.272949], [120.556852, 24.27284], [120.55729, 24.272586], [120.557396, 24.272431], [120.557364, 24.272047], [120.557301, 24.272018], [120.55745, 24.271781], [120.557626, 24.271729], [120.557653, 24.271827], [120.557828, 24.271767], [120.557858, 24.271861], [120.557993, 24.271818], [120.557965, 24.271978], [120.558177, 24.272055], [120.558154, 24.272114], [120.558281, 24.27175], [120.557891, 24.271558], [120.557832, 24.27162], [120.557686, 24.271473], [120.557579, 24.271551], [120.557356, 24.271538], [120.556791, 24.271388], [120.556734, 24.271521], [120.556875, 24.27162], [120.556803, 24.271903], [120.556883, 24.271932], [120.5571, 24.271965], [120.557206, 24.271717], [120.557394, 24.271592], [120.556705, 24.271889], [120.556677, 24.270936], [120.556747, 24.270828], [120.55482, 24.271286], [120.554778, 24.271179], [120.554471, 24.271308], [120.554623, 24.270848], [120.554866, 24.272457], [120.554776, 24.272568], [120.554502, 24.272658], [120.554492, 24.273095], [120.554395, 24.27318], [120.555154, 24.272933], [120.555126, 24.27325], [120.554741, 24.273375], [120.554765, 24.273562], [120.555187, 24.273407], [120.555337, 24.273662], [120.554853, 24.273813], [120.554993, 24.274028], [120.556794, 24.273544], [120.557568, 24.273097], [120.557709, 24.27282], [120.558032, 24.272792], [120.558223, 24.273099], [120.557858, 24.273144], [120.55889, 24.27216], [120.559351, 24.272345], [120.554073, 24.273085], [120.55286, 24.273733]]}}, {"type": "Feature", "properties": {"district": "6601200", "segment": 29, "total_segments": 40, "km": 14.97, "villages": ["秀水里", "南社里"]}, "geometry": {"type": "LineString", "coordinates": [[120.552875, 24.273933], [120.552637, 24.274035], [120.552625, 24.274132], [120.55282, 24.274391], [120.552884, 24.274625], [120.553074, 24.274735], [120.553112, 24.274902], [120.553596, 24.274715], [120.553454, 24.274529], [120.553659, 24.274813], [120.553798, 24.274119], [120.554991, 24.268112], [120.554691, 24.267601], [120.554919, 24.267491], [120.554714, 24.267141], [120.553737, 24.267585], [120.553602, 24.267239], [120.553624, 24.267077], [120.553829, 24.267097], [120.553815, 24.26698], [120.554505, 24.266762], [120.554657, 24.266827], [120.554598, 24.266989], [120.553547, 24.267402], [120.553624, 24.267605], [120.553524, 24.267634], [120.553249, 24.266949], [120.553354, 24.266844], [120.553409, 24.266585], [120.55383, 24.266534], [120.554376, 24.266288], [120.554511, 24.266342], [120.554481, 24.266541], [120.553875, 24.266755], [120.553958, 24.266295], [120.554215, 24.26619], [120.554729, 24.266437], [120.554913, 24.266446], [120.555032, 24.266518], [120.555065, 24.266665], [120.555161, 24.266679], [120.555393, 24.266595], [120.555517, 24.266459], [120.555178, 24.266362], [120.555355, 24.266084], [120.555102, 24.266014], [120.555599, 24.265883], [120.555777, 24.26621], [120.556537, 24.266341], [120.556579, 24.266149], [120.556991, 24.26618], [120.557457, 24.266325], [120.557448, 24.266207], [120.557304, 24.266137], [120.557404, 24.266031], [120.55737, 24.265961], [120.557572, 24.265916], [120.557596, 24.266568], [120.558323, 24.266739], [120.558226, 24.266479], [120.557979, 24.266447], [120.558111, 24.266174], [120.558765, 24.266313], [120.558606, 24.265891], [120.558475, 24.265918], [120.55853, 24.266127], [120.558317, 24.266101], [120.558217, 24.265804], [120.556823, 24.26588], [120.557111, 24.266091], [120.55701, 24.26643], [120.557182, 24.266469], [120.55686, 24.266395], [120.556287, 24.266735], [120.556211, 24.266896], [120.556349, 24.26722], [120.55655, 24.266792], [120.556124, 24.266498], [120.556157, 24.266452], [120.555895, 24.266367], [120.555824, 24.266527], [120.555896, 24.266556], [120.555706, 24.266493], [120.555923, 24.267423], [120.555842, 24.267885], [120.555278, 24.266948], [120.555002, 24.267072], [120.554885, 24.26693], [120.55599, 24.266054], [120.556107, 24.266054], [120.556301, 24.265749], [120.556461, 24.265724], [120.556517, 24.265299], [120.556835, 24.265221], [120.556762, 24.264956], [120.557098, 24.264883], [120.557193, 24.264994], [120.55741, 24.265043], [120.557434, 24.265124], [120.557352, 24.265136], [120.55731, 24.264559], [120.557241, 24.264348], [120.557141, 24.264305], [120.557695, 24.264183], [120.557641, 24.26401], [120.557337, 24.264098], [120.557295, 24.263986], [120.557759, 24.263843], [120.557738, 24.263767], [120.557244, 24.263845], [120.557279, 24.263716], [120.557636, 24.263551], [120.557476, 24.263464], [120.557184, 24.263584], [120.557008, 24.263572], [120.556869, 24.263485], [120.556768, 24.263747], [120.556697, 24.263681], [120.556603, 24.263967], [120.556743, 24.264435], [120.556566, 24.264741], [120.556128, 24.264843], [120.55611, 24.264769], [120.556168, 24.265044], [120.556279, 24.264947], [120.556601, 24.264879], [120.556141, 24.26397], [120.556043, 24.263576], [120.556193, 24.263379], [120.556115, 24.263116], [120.556476, 24.262935], [120.556415, 24.262711], [120.556501, 24.262683], [120.556327, 24.262325], [120.556425, 24.262293], [120.555886, 24.262466], [120.555993, 24.262714], [120.556314, 24.262551], [120.556104, 24.262864], [120.55536, 24.263096], [120.555455, 24.263343], [120.555106, 24.263486], [120.555177, 24.263645], [120.554481, 24.2638], [120.554512, 24.2639], [120.555577, 24.263681], [120.556266, 24.263911], [120.556402, 24.26382], [120.556294, 24.2635], [120.557084, 24.26378], [120.557243, 24.264004], [120.55778, 24.263999], [120.558145, 24.264283], [120.558139, 24.26454], [120.558245, 24.264571], [120.558667, 24.264393], [120.558729, 24.264493], [120.558675, 24.26451], [120.558836, 24.264463], [120.559001, 24.264588], [120.559258, 24.264517], [120.559358, 24.264648], [120.558874, 24.26489], [120.558556, 24.264895], [120.558481, 24.264683], [120.558338, 24.26473], [120.558292, 24.264951], [120.558761, 24.264689], [120.55897, 24.26424], [120.558914, 24.264144], [120.558986, 24.264058], [120.5591, 24.26413], [120.559268, 24.26402], [120.559314, 24.263889], [120.558811, 24.263904], [120.558738, 24.264181], [120.558538, 24.264226], [120.558337, 24.263723], [120.558188, 24.263761], [120.558184, 24.263606], [120.558412, 24.263544], [120.558378, 24.263435], [120.558433, 24.263684], [120.558247, 24.263327], [120.557878, 24.263228], [120.557849, 24.263136], [120.557223, 24.263204], [120.557836, 24.262445], [120.558718, 24.262155], [120.558807, 24.262347], [120.558337, 24.262465], [120.558979, 24.261838], [120.558918, 24.261406], [120.559754, 24.261118], [120.559548, 24.261064], [120.559423, 24.260837], [120.559288, 24.26093], [120.559374, 24.261122], [120.559305, 24.26114], [120.559171, 24.260859], [120.559234, 24.260844], [120.559263, 24.26089], [120.559063, 24.260983], [120.559128, 24.261159], [120.559076, 24.261174], [120.558971, 24.260908], [120.559046, 24.260949], [120.558994, 24.260713], [120.558689, 24.260816], [120.558806, 24.261273], [120.558558, 24.26123], [120.558647, 24.260677], [120.559281, 24.260468], [120.559282, 24.260611], [120.559078, 24.26068], [120.559382, 24.260613], [120.55951, 24.260438], [120.559733, 24.260393], [120.559848, 24.260192], [120.560022, 24.260533], [120.55974, 24.260765], [120.55989, 24.261368], [120.559079, 24.261547], [120.55911, 24.26172], [120.559946, 24.26155], [120.559865, 24.261789], [120.559393, 24.261983], [120.560672, 24.262021], [120.560829, 24.261809], [120.561064, 24.261965], [120.561141, 24.262174], [120.560968, 24.26278], [120.560547, 24.262923], [120.56065, 24.263058], [120.561047, 24.262923], [120.561012, 24.26285], [120.561103, 24.263098], [120.56066, 24.263235], [120.560701, 24.263313], [120.560887, 24.263352], [120.560912, 24.263725], [120.561249, 24.263577], [120.561475, 24.263567], [120.56152, 24.263379], [120.561755, 24.263329], [120.561731, 24.263247], [120.56184, 24.263713], [120.560399, 24.264067], [120.560443, 24.264178], [120.560895, 24.264056], [120.560946, 24.264178], [120.560392, 24.264306], [120.560506, 24.264461], [120.560303, 24.263851], [120.559991, 24.263813], [120.559956, 24.263688], [120.559688, 24.263723], [120.559441, 24.263969], [120.559504, 24.264118], [120.559306, 24.26443], [120.559701, 24.26457], [120.559669, 24.264744], [120.559778, 24.265182], [120.559669, 24.265202], [120.560247, 24.265072], [120.560262, 24.265243], [120.560389, 24.265205], [120.560455, 24.265393], [120.559932, 24.265574], [120.55986, 24.265383], [120.559993, 24.265333], [120.55951, 24.265356], [120.559577, 24.26569], [120.559139, 24.265794], [120.559121, 24.265714], [120.559118, 24.266059], [120.559507, 24.2661], [120.559646, 24.265891], [120.559492, 24.265854], [120.55964, 24.266136], [120.559459, 24.266358], [120.559016, 24.266238], [120.558874, 24.266106], [120.558716, 24.265597], [120.558772, 24.265385], [120.55891, 24.265328], [120.559131, 24.265293], [120.55939, 24.265617], [120.560042, 24.265829], [120.560173, 24.265786], [120.560248, 24.265973], [120.560115, 24.266016], [120.560667, 24.265776], [120.560624, 24.265666], [120.560433, 24.265694], [120.56099, 24.265944], [120.561563, 24.265687], [120.56196, 24.265762], [120.561984, 24.265665], [120.56213, 24.265689], [120.562148, 24.265873], [120.562478, 24.266027], [120.562784, 24.2656], [120.562925, 24.265594], [120.562908, 24.265501], [120.563166, 24.265415], [120.563176, 24.265272], [120.563288, 24.265153], [120.563565, 24.265446], [120.563025, 24.265561], [120.562827, 24.265229], [120.562958, 24.26506], [120.562853, 24.265007], [120.562543, 24.265082], [120.562507, 24.265502], [120.562373, 24.265408], [120.561553, 24.26603], [120.561223, 24.26615], [120.561557, 24.266955], [120.562057, 24.266871], [120.562146, 24.267107], [120.562259, 24.267058], [120.562898, 24.26713], [120.562881, 24.267332], [120.562176, 24.267225], [120.562279, 24.267408], [120.562198, 24.267531], [120.562437, 24.267588], [120.562466, 24.267452], [120.562855, 24.267557], [120.563146, 24.267524], [120.562986, 24.267328], [120.562927, 24.267339], [120.563712, 24.267568], [120.565752, 24.267755], [120.565749, 24.268379], [120.566188, 24.268351], [120.566844, 24.267903], [120.567316, 24.268057], [120.568282, 24.26868], [120.568433, 24.268659], [120.568724, 24.268904], [120.568772, 24.268679], [120.568892, 24.268699], [120.569183, 24.268467], [120.569142, 24.268253], [120.569437, 24.268242], [120.569404, 24.267878], [120.570245, 24.267469], [120.569952, 24.267042], [120.569677, 24.267148], [120.569624, 24.267087], [120.569426, 24.26716], [120.569297, 24.267124], [120.569399, 24.266974], [120.56985, 24.266946], [120.569884, 24.266704], [120.56959, 24.26633], [120.569205, 24.26645], [120.569237, 24.266568], [120.569105, 24.266535], [120.568789, 24.266648], [120.568572, 24.266042], [120.568759, 24.266158], [120.56905, 24.266032], [120.569091, 24.266157], [120.568801, 24.266258], [120.568868, 24.266406], [120.569127, 24.266286], [120.569315, 24.266889], [120.56928, 24.267159], [120.569246, 24.267224], [120.569027, 24.267095], [120.568718, 24.267184], [120.569058, 24.267486], [120.568876, 24.267877], [120.569085, 24.267909], [120.56916, 24.267716], [120.568609, 24.26759], [120.568383, 24.267684], [120.568314, 24.267948], [120.56852, 24.267942], [120.567979, 24.267756], [120.567957, 24.267685], [120.568043, 24.267621], [120.567805, 24.267603], [120.567866, 24.267364], [120.567987, 24.267275], [120.568321, 24.267412], [120.567882, 24.266711], [120.567605, 24.26677]]}}, {"type": "Feature", "properties": {"district": "6601200", "segment": 30, "total_segments": 40, "km": 14.98, "villages": ["南社里"]}, "geometry": {"type": "LineString", "coordinates": [[120.567266, 24.266398], [120.566912, 24.266479], [120.566962, 24.266018], [120.567081, 24.266], [120.566798, 24.265981], [120.56685, 24.265768], [120.566458, 24.265832], [120.566389, 24.265712], [120.56644, 24.26559], [120.566245, 24.265565], [120.566001, 24.265681], [120.566089, 24.265849], [120.566229, 24.265872], [120.566372, 24.266238], [120.566783, 24.266854], [120.566971, 24.266771], [120.567051, 24.266976], [120.566469, 24.266834], [120.56586, 24.265923], [120.565841, 24.266149], [120.566011, 24.266512], [120.566064, 24.266488], [120.565957, 24.26654], [120.566007, 24.266682], [120.566148, 24.266604], [120.566263, 24.266783], [120.566142, 24.266852], [120.565656, 24.266476], [120.565479, 24.266199], [120.565373, 24.266227], [120.565193, 24.265769], [120.564987, 24.265735], [120.564717, 24.265468], [120.56473, 24.265148], [120.564625, 24.264967], [120.564797, 24.264888], [120.564944, 24.265106], [120.565076, 24.265059], [120.564775, 24.264631], [120.564632, 24.264661], [120.564598, 24.264548], [120.564466, 24.264713], [120.564398, 24.26464], [120.564119, 24.264795], [120.564031, 24.264697], [120.564154, 24.264832], [120.56362, 24.264986], [120.563672, 24.265148], [120.563359, 24.264847], [120.562918, 24.264805], [120.562751, 24.264388], [120.562959, 24.264379], [120.562534, 24.264412], [120.562231, 24.264566], [120.561932, 24.264142], [120.561784, 24.264177], [120.561695, 24.263884], [120.561609, 24.263899], [120.561869, 24.263843], [120.562284, 24.263583], [120.562486, 24.263599], [120.562523, 24.26369], [120.5623, 24.263866], [120.56157, 24.2637], [120.561246, 24.263322], [120.561147, 24.263089], [120.561408, 24.263047], [120.561486, 24.263137], [120.561577, 24.262993], [120.562891, 24.263399], [120.563468, 24.26292], [120.563564, 24.263033], [120.56379, 24.262874], [120.563645, 24.262581], [120.563868, 24.262526], [120.56393, 24.262806], [120.564116, 24.262714], [120.564053, 24.262422], [120.564172, 24.262227], [120.564433, 24.262154], [120.564522, 24.262205], [120.564119, 24.262083], [120.564059, 24.261679], [120.564223, 24.261633], [120.563904, 24.26188], [120.563795, 24.262252], [120.563495, 24.261977], [120.563182, 24.262053], [120.562381, 24.261294], [120.562241, 24.261387], [120.562494, 24.26067], [120.56348, 24.260472], [120.563687, 24.260303], [120.563569, 24.26005], [120.563841, 24.260026], [120.563926, 24.259937], [120.563982, 24.260114], [120.563825, 24.260462], [120.563858, 24.260536], [120.563965, 24.260514], [120.563562, 24.260637], [120.563391, 24.260775], [120.563679, 24.25967], [120.56322, 24.259491], [120.563084, 24.258904], [120.562925, 24.258926], [120.562891, 24.258761], [120.56266, 24.25852], [120.562554, 24.258759], [120.561972, 24.258955], [120.562104, 24.259163], [120.562663, 24.258947], [120.562698, 24.259174], [120.562822, 24.259151], [120.562844, 24.259363], [120.562408, 24.259495], [120.562357, 24.259247], [120.562068, 24.259319], [120.562268, 24.25944], [120.562415, 24.259239], [120.562638, 24.259188], [120.563297, 24.258808], [120.563333, 24.258883], [120.563601, 24.258702], [120.563277, 24.258182], [120.563302, 24.258084], [120.563539, 24.258059], [120.563616, 24.258142], [120.563683, 24.258062], [120.563737, 24.258115], [120.564061, 24.25808], [120.564169, 24.25813], [120.564118, 24.258343], [120.563968, 24.258276], [120.56361, 24.258331], [120.56387, 24.258875], [120.56338, 24.259232], [120.562833, 24.258178], [120.562233, 24.25813], [120.561764, 24.258202], [120.561695, 24.259132], [120.561002, 24.25942], [120.560839, 24.259401], [120.560768, 24.259236], [120.561236, 24.25913], [120.561398, 24.25949], [120.561011, 24.259667], [120.560837, 24.259475], [120.56036, 24.259678], [120.560123, 24.259582], [120.560019, 24.259124], [120.560086, 24.258987], [120.559685, 24.258801], [120.559542, 24.258519], [120.559117, 24.258591], [120.559396, 24.259198], [120.55928, 24.259429], [120.559094, 24.259166], [120.558896, 24.259212], [120.55877, 24.259022], [120.558826, 24.25897], [120.558726, 24.25894], [120.55861, 24.258708], [120.558497, 24.258836], [120.558186, 24.258963], [120.558323, 24.259313], [120.558478, 24.259361], [120.558674, 24.259296], [120.558605, 24.258971], [120.559048, 24.259015], [120.55811, 24.259306], [120.557967, 24.259775], [120.558152, 24.259955], [120.558187, 24.260095], [120.558202, 24.259872], [120.55729, 24.258924], [120.557355, 24.258696], [120.557927, 24.258607], [120.557958, 24.258776], [120.557103, 24.258848], [120.55707, 24.258919], [120.556971, 24.258907], [120.557006, 24.258831], [120.557096, 24.259315], [120.556206, 24.259699], [120.55619, 24.25985], [120.555926, 24.259893], [120.555953, 24.260084], [120.556264, 24.259995], [120.556564, 24.260653], [120.555746, 24.260924], [120.555676, 24.260749], [120.555235, 24.260902], [120.555265, 24.260975], [120.555082, 24.260734], [120.555008, 24.260485], [120.555865, 24.260167], [120.55592, 24.260636], [120.555999, 24.260733], [120.555724, 24.260732], [120.555645, 24.260579], [120.554928, 24.260798], [120.554904, 24.260729], [120.555086, 24.261202], [120.554927, 24.261315], [120.554589, 24.261382], [120.554558, 24.261194], [120.554876, 24.261157], [120.554959, 24.261456], [120.554665, 24.261568], [120.554623, 24.261494], [120.554935, 24.262052], [120.555306, 24.261905], [120.555369, 24.261801], [120.555328, 24.261667], [120.55515, 24.261724], [120.555255, 24.261519], [120.555454, 24.261592], [120.555503, 24.261709], [120.556207, 24.261451], [120.556046, 24.26107], [120.555357, 24.261273], [120.555662, 24.261805], [120.556084, 24.261755], [120.556051, 24.261853], [120.556181, 24.262149], [120.555806, 24.262289], [120.555619, 24.262001], [120.555642, 24.26186], [120.555836, 24.261917], [120.55592, 24.262106], [120.555869, 24.262425], [120.555669, 24.262848], [120.555235, 24.262631], [120.555192, 24.262436], [120.555387, 24.262169], [120.556198, 24.261783], [120.556311, 24.262038], [120.556823, 24.261869], [120.556937, 24.261804], [120.556715, 24.261494], [120.556388, 24.261616], [120.556472, 24.261853], [120.556622, 24.261785], [120.556584, 24.261687], [120.556743, 24.262095], [120.55653, 24.262173], [120.556706, 24.262637], [120.557336, 24.262388], [120.557179, 24.261955], [120.556782, 24.26208], [120.556915, 24.262388], [120.557019, 24.262367], [120.556963, 24.262233], [120.557062, 24.2618], [120.556932, 24.261419], [120.556757, 24.261477], [120.556843, 24.261209], [120.556769, 24.26104], [120.556093, 24.261058], [120.556164, 24.260493], [120.555693, 24.260563], [120.554807, 24.260508], [120.554648, 24.260846], [120.554108, 24.261087], [120.554263, 24.261444], [120.554276, 24.261691], [120.553885, 24.261684], [120.554042, 24.262159], [120.553703, 24.262274], [120.553424, 24.261635], [120.552998, 24.261759], [120.553174, 24.262089], [120.552943, 24.262177], [120.55297, 24.262066], [120.552602, 24.261184], [120.552527, 24.261148], [120.552662, 24.261168], [120.553531, 24.260819], [120.553494, 24.261083], [120.553653, 24.261527], [120.554088, 24.261454], [120.554057, 24.261319], [120.553806, 24.261391], [120.553401, 24.261339], [120.553133, 24.261495], [120.553039, 24.261192], [120.553209, 24.261132], [120.553279, 24.261317], [120.552891, 24.261572], [120.552801, 24.261223], [120.552423, 24.261411], [120.551334, 24.261639], [120.551929, 24.261404], [120.551835, 24.260897], [120.552274, 24.260802], [120.552246, 24.260705], [120.55157, 24.260853], [120.551593, 24.260946], [120.551786, 24.260907], [120.551501, 24.261006], [120.551393, 24.260762], [120.551264, 24.260894], [120.55131, 24.261059], [120.5512, 24.260854], [120.550703, 24.261022], [120.55069, 24.261175], [120.550088, 24.261314], [120.550149, 24.261435], [120.550533, 24.261406], [120.550973, 24.261254], [120.551109, 24.261305], [120.551061, 24.261096], [120.55082, 24.261149], [120.550448, 24.261533], [120.550242, 24.261626], [120.550052, 24.261447], [120.550257, 24.260745], [120.551483, 24.260561], [120.551873, 24.260422], [120.551802, 24.260345], [120.551291, 24.260463], [120.55126, 24.260364], [120.551905, 24.260203], [120.552118, 24.260635], [120.551971, 24.260554], [120.551599, 24.260674], [120.553355, 24.260295], [120.553416, 24.260466], [120.552386, 24.260684], [120.552391, 24.259866], [120.552109, 24.259922], [120.552696, 24.259839], [120.552709, 24.259744], [120.553215, 24.259719], [120.553189, 24.259631], [120.553427, 24.25965], [120.55352, 24.259808], [120.554003, 24.259971], [120.554055, 24.260108], [120.554251, 24.260006], [120.554918, 24.259915], [120.554031, 24.259871], [120.553717, 24.26026], [120.553815, 24.260468], [120.553647, 24.260493], [120.55391, 24.260682], [120.553949, 24.260881], [120.554031, 24.260896], [120.553342, 24.261773], [120.553392, 24.262057], [120.553513, 24.262014], [120.553211, 24.262064], [120.553333, 24.262334], [120.553617, 24.262239], [120.55382, 24.262529], [120.553239, 24.262759], [120.553113, 24.262485], [120.553118, 24.262403], [120.553291, 24.262348], [120.553342, 24.262567], [120.553598, 24.262487], [120.553574, 24.262378], [120.553786, 24.262804], [120.553964, 24.262742], [120.554104, 24.263032], [120.554263, 24.2638], [120.553736, 24.264008], [120.553682, 24.263735], [120.554037, 24.26373], [120.553941, 24.263309], [120.553686, 24.263365], [120.553693, 24.263245], [120.553958, 24.263192], [120.553987, 24.263295], [120.554291, 24.263115], [120.554263, 24.263034], [120.554479, 24.263521], [120.555089, 24.263443], [120.554971, 24.263146], [120.55462, 24.263296], [120.554317, 24.263826], [120.554472, 24.26391], [120.554246, 24.264315], [120.553577, 24.263558], [120.553399, 24.263147], [120.55335, 24.262969], [120.553747, 24.262822], [120.55329, 24.262981], [120.553021, 24.262403]]}}, {"type": "Feature", "properties": {"district": "6601200", "segment": 31, "total_segments": 40, "km": 15.0, "villages": ["南社里"]}, "geometry": {"type": "LineString", "coordinates": [[120.552811, 24.262413], [120.551725, 24.262811], [120.551545, 24.26228], [120.551987, 24.262136], [120.551984, 24.261965], [120.55253, 24.261777], [120.552598, 24.262174], [120.551987, 24.262313], [120.552052, 24.262542], [120.551947, 24.262577], [120.551758, 24.26205], [120.55194, 24.261956], [120.551487, 24.262144], [120.551472, 24.261932], [120.55124, 24.262377], [120.551503, 24.26289], [120.550775, 24.263134], [120.550585, 24.262638], [120.551165, 24.262437], [120.551214, 24.262681], [120.55116, 24.26286], [120.550921, 24.262614], [120.550833, 24.262652], [120.551126, 24.263268], [120.550849, 24.263369], [120.550988, 24.263552], [120.551145, 24.26353], [120.5511, 24.263405], [120.551512, 24.263081], [120.55175, 24.26355], [120.55162, 24.263532], [120.550666, 24.263909], [120.550752, 24.263786], [120.550726, 24.263448], [120.550455, 24.262847], [120.550663, 24.261968], [120.551737, 24.263819], [120.551504, 24.26392], [120.551598, 24.263968], [120.551641, 24.264131], [120.551789, 24.264114], [120.551779, 24.2638], [120.552003, 24.264034], [120.55216, 24.26453], [120.551971, 24.264677], [120.551892, 24.264503], [120.551973, 24.264466], [120.55142, 24.264718], [120.550971, 24.264792], [120.550938, 24.26449], [120.551062, 24.264471], [120.551258, 24.26423], [120.551162, 24.263979], [120.551384, 24.263896], [120.551427, 24.264196], [120.551124, 24.263993], [120.551056, 24.265031], [120.551297, 24.265099], [120.551358, 24.265266], [120.551066, 24.265361], [120.551098, 24.26554], [120.551541, 24.265379], [120.551485, 24.265211], [120.551399, 24.265253], [120.551595, 24.266004], [120.551694, 24.265998], [120.551688, 24.265841], [120.552421, 24.265758], [120.552403, 24.265568], [120.552616, 24.265498], [120.552775, 24.265663], [120.552503, 24.265822], [120.55258, 24.265962], [120.552309, 24.266059], [120.551538, 24.266199], [120.551333, 24.266168], [120.551342, 24.265926], [120.552105, 24.26535], [120.552619, 24.265131], [120.552291, 24.264864], [120.553445, 24.265307], [120.552882, 24.26666], [120.552088, 24.266714], [120.552579, 24.267189], [120.552823, 24.267246], [120.549317, 24.265584], [120.552342, 24.262445], [120.552308, 24.262369], [120.552441, 24.262408], [120.552652, 24.262168], [120.552767, 24.262247], [120.556176, 24.261643], [120.556652, 24.262657], [120.555951, 24.264512], [120.559015, 24.26333], [120.559044, 24.263391], [120.56139, 24.261318], [120.561131, 24.260381], [120.561418, 24.260415], [120.561572, 24.260316], [120.562216, 24.260179], [120.562405, 24.260685], [120.56171, 24.259392], [120.561799, 24.259354], [120.561499, 24.259486], [120.562035, 24.259191], [120.560725, 24.258115], [120.560514, 24.258196], [120.560482, 24.258052], [120.560571, 24.258038], [120.559907, 24.258113], [120.560456, 24.260103], [120.557918, 24.258564], [120.555769, 24.259267], [120.555926, 24.259485], [120.563903, 24.261127], [120.563997, 24.261297], [120.564178, 24.261232], [120.564091, 24.26109], [120.564376, 24.261228], [120.56451, 24.261182], [120.564705, 24.261089], [120.564609, 24.26096], [120.565243, 24.260833], [120.566229, 24.260361], [120.56657, 24.26025], [120.566584, 24.2603], [120.566551, 24.260154], [120.566773, 24.260174], [120.566795, 24.26024], [120.567075, 24.260141], [120.567137, 24.260286], [120.566836, 24.260364], [120.56688, 24.260501], [120.568524, 24.260098], [120.568732, 24.260534], [120.568917, 24.260458], [120.568875, 24.260361], [120.569279, 24.260176], [120.569201, 24.260047], [120.568778, 24.260202], [120.568736, 24.260084], [120.56843, 24.259984], [120.568392, 24.259857], [120.568222, 24.259994], [120.567623, 24.260071], [120.567827, 24.260508], [120.56843, 24.260391], [120.568518, 24.260486], [120.567853, 24.260613], [120.567931, 24.260906], [120.568583, 24.260777], [120.568605, 24.260871], [120.567998, 24.260984], [120.567654, 24.261448], [120.567613, 24.26166], [120.567402, 24.261436], [120.566929, 24.261612], [120.568297, 24.261566], [120.568902, 24.261439], [120.568951, 24.261565], [120.568409, 24.261671], [120.568462, 24.261371], [120.568983, 24.261137], [120.568858, 24.260838], [120.56865, 24.260863], [120.569222, 24.260868], [120.569377, 24.260978], [120.5695, 24.260947], [120.569496, 24.260788], [120.569474, 24.261135], [120.569618, 24.261231], [120.569682, 24.261492], [120.569438, 24.261605], [120.569214, 24.261053], [120.569025, 24.261227], [120.569286, 24.261838], [120.568468, 24.262009], [120.568573, 24.262193], [120.569095, 24.262081], [120.569421, 24.262216], [120.569732, 24.262156], [120.569907, 24.262647], [120.569661, 24.262703], [120.569536, 24.262575], [120.569021, 24.26271], [120.569008, 24.263129], [120.569425, 24.263244], [120.569493, 24.263398], [120.569871, 24.263271], [120.569747, 24.263176], [120.570121, 24.263216], [120.570063, 24.262923], [120.569628, 24.262774], [120.569964, 24.263505], [120.569687, 24.263602], [120.569644, 24.263886], [120.569375, 24.263937], [120.569515, 24.264281], [120.570184, 24.264007], [120.570346, 24.264345], [120.570524, 24.264473], [120.570315, 24.264686], [120.570248, 24.264919], [120.5701, 24.264884], [120.569959, 24.264977], [120.5701, 24.26527], [120.569919, 24.265298], [120.569809, 24.265], [120.570397, 24.265077], [120.570688, 24.264705], [120.570664, 24.264948], [120.570257, 24.264429], [120.569959, 24.264586], [120.570043, 24.264771], [120.569937, 24.264545], [120.569662, 24.264569], [120.570168, 24.26397], [120.57001, 24.263612], [120.570175, 24.263518], [120.570529, 24.264233], [120.570565, 24.263976], [120.56915, 24.263576], [120.568332, 24.264285], [120.56776, 24.264471], [120.56782, 24.265224], [120.568315, 24.265234], [120.56832, 24.26501], [120.568444, 24.265017], [120.568453, 24.264925], [120.568443, 24.265233], [120.568693, 24.26524], [120.568753, 24.265452], [120.568575, 24.265434], [120.56839, 24.265568], [120.568436, 24.265679], [120.568281, 24.265773], [120.568116, 24.265579], [120.568032, 24.265723], [120.568257, 24.265897], [120.568248, 24.266024], [120.568511, 24.266473], [120.567883, 24.266251], [120.567809, 24.26561], [120.568062, 24.265423], [120.567583, 24.26542], [120.567583, 24.265606], [120.56728, 24.265396], [120.567004, 24.265469], [120.566972, 24.265396], [120.567011, 24.265517], [120.56758, 24.265364], [120.567566, 24.265175], [120.568251, 24.264903], [120.568157, 24.264665], [120.568448, 24.26457], [120.568505, 24.264798], [120.568118, 24.26468], [120.567907, 24.264751], [120.567469, 24.264569], [120.566388, 24.264955], [120.566303, 24.26478], [120.56639, 24.264756], [120.566514, 24.26513], [120.566391, 24.265389], [120.566063, 24.265172], [120.565866, 24.265176], [120.565707, 24.265376], [120.565577, 24.265233], [120.565462, 24.265444], [120.56548, 24.26573], [120.565668, 24.266208], [120.565071, 24.266609], [120.564898, 24.266499], [120.564642, 24.26605], [120.56434, 24.266134], [120.56438, 24.266223], [120.564292, 24.266406], [120.564516, 24.266427]]}}, {"type": "Feature", "properties": {"district": "6601200", "segment": 32, "total_segments": 40, "km": 14.93, "villages": ["南社里", "槺榔里"]}, "geometry": {"type": "LineString", "coordinates": [[120.564569, 24.266606], [120.564709, 24.266525], [120.564406, 24.265763], [120.56343, 24.265908], [120.562552, 24.266441], [120.562526, 24.266575], [120.562321, 24.26678], [120.561753, 24.267192], [120.561563, 24.267194], [120.561616, 24.267368], [120.562015, 24.267481], [120.561362, 24.26704], [120.560995, 24.266935], [120.560981, 24.267076], [120.560856, 24.267075], [120.560516, 24.266983], [120.560498, 24.266891], [120.559998, 24.266953], [120.558685, 24.266622], [120.559193, 24.267061], [120.559297, 24.266946], [120.559803, 24.267072], [120.559754, 24.267236], [120.559982, 24.26712], [120.560489, 24.26725], [120.560241, 24.266686], [120.560026, 24.266565], [120.561249, 24.265641], [120.563326, 24.266726], [120.563871, 24.267958], [120.566523, 24.265973], [120.565588, 24.264674], [120.565741, 24.264252], [120.565876, 24.264152], [120.566507, 24.263774], [120.566611, 24.263906], [120.566906, 24.263788], [120.566458, 24.263945], [120.566502, 24.264026], [120.566352, 24.264077], [120.565562, 24.263637], [120.565459, 24.26343], [120.565517, 24.263293], [120.565312, 24.263075], [120.565043, 24.263141], [120.564861, 24.263031], [120.564875, 24.263174], [120.564368, 24.263223], [120.564361, 24.263091], [120.564263, 24.263007], [120.564428, 24.263526], [120.564527, 24.263437], [120.565137, 24.263311], [120.565079, 24.263486], [120.565217, 24.26366], [120.565083, 24.26378], [120.564586, 24.263795], [120.564475, 24.263677], [120.564748, 24.263632], [120.564311, 24.26364], [120.564242, 24.263527], [120.56382, 24.26392], [120.564037, 24.26391], [120.564143, 24.264171], [120.564299, 24.264226], [120.564619, 24.264148], [120.564608, 24.264081], [120.563892, 24.264245], [120.563852, 24.264387], [120.563675, 24.264204], [120.563675, 24.263996], [120.563471, 24.263962], [120.564997, 24.26287], [120.565581, 24.263869], [120.567243, 24.264159], [120.56745, 24.263626], [120.567404, 24.263469], [120.567887, 24.263325], [120.567734, 24.26291], [120.56895, 24.260491], [120.569376, 24.260455], [120.569101, 24.259428], [120.568939, 24.259351], [120.568495, 24.259511], [120.56839, 24.259261], [120.56826, 24.259433], [120.568291, 24.259513], [120.568097, 24.259161], [120.566611, 24.259557], [120.566376, 24.259245], [120.566418, 24.258969], [120.566317, 24.258498], [120.566184, 24.258556], [120.566257, 24.258758], [120.566141, 24.258765], [120.566077, 24.258612], [120.566005, 24.258682], [120.566045, 24.258805], [120.565915, 24.258754], [120.565731, 24.258821], [120.565669, 24.258669], [120.565864, 24.258582], [120.565814, 24.258442], [120.565964, 24.258386], [120.566026, 24.258513], [120.566109, 24.258443], [120.565629, 24.258476], [120.565644, 24.258558], [120.565492, 24.258578], [120.565459, 24.258474], [120.565906, 24.258974], [120.566083, 24.259672], [120.566143, 24.26032], [120.565063, 24.260043], [120.564579, 24.260039], [120.568612, 24.265781], [120.569926, 24.265338], [120.569814, 24.267275], [120.569843, 24.268851], [120.570702, 24.269321], [120.570763, 24.269172], [120.570559, 24.269094], [120.570886, 24.269242], [120.570878, 24.26936], [120.571157, 24.269438], [120.570973, 24.269127], [120.567627, 24.267503], [120.567705, 24.26726], [120.556385, 24.267352], [120.553926, 24.26844], [120.553951, 24.268596], [120.554427, 24.268433], [120.554516, 24.268642], [120.553831, 24.268909], [120.553648, 24.268737], [120.553455, 24.268077], [120.553333, 24.268114], [120.553257, 24.268266], [120.553306, 24.268407], [120.553202, 24.268484], [120.553235, 24.268734], [120.553335, 24.268596], [120.553486, 24.268546], [120.553355, 24.268386], [120.553656, 24.268004], [120.553901, 24.267884], [120.553974, 24.268045], [120.554145, 24.268036], [120.554106, 24.26792], [120.554074, 24.267875], [120.553908, 24.26862], [120.554199, 24.269155], [120.554243, 24.269026], [120.554589, 24.268909], [120.553898, 24.26923], [120.553755, 24.269158], [120.552587, 24.269039], [120.5525, 24.26883], [120.5528, 24.268795], [120.552749, 24.268705], [120.552446, 24.268704], [120.55284, 24.268682], [120.552533, 24.267634], [120.552382, 24.267561], [120.552366, 24.267426], [120.552212, 24.267474], [120.552207, 24.267284], [120.552339, 24.267266], [120.552124, 24.267294], [120.551937, 24.267435], [120.55211, 24.267923], [120.552277, 24.267772], [120.552782, 24.267728], [120.552902, 24.268004], [120.552962, 24.267492], [120.552645, 24.267405], [120.551895, 24.268024], [120.552079, 24.268447], [120.551906, 24.268821], [120.551799, 24.268851], [120.551906, 24.268913], [120.552013, 24.26933], [120.551766, 24.26939], [120.551742, 24.269289], [120.551386, 24.269444], [120.551349, 24.26934], [120.551399, 24.26948], [120.551115, 24.269548], [120.551069, 24.269408], [120.550958, 24.269432], [120.551, 24.269576], [120.550748, 24.26963], [120.550765, 24.269408], [120.550499, 24.269496], [120.550634, 24.269638], [120.550912, 24.270269], [120.551231, 24.270501], [120.550896, 24.269838], [120.551199, 24.26911], [120.551618, 24.268932], [120.551687, 24.269174], [120.551459, 24.268796], [120.551052, 24.268924], [120.550856, 24.268194], [120.55113, 24.268132], [120.551527, 24.268744], [120.551275, 24.268614], [120.551156, 24.268674], [120.551045, 24.268417], [120.551548, 24.268232], [120.551531, 24.268183], [120.551597, 24.268408], [120.551645, 24.268062], [120.551303, 24.267597], [120.55141, 24.267654], [120.551562, 24.26756], [120.551492, 24.267284], [120.551013, 24.267666], [120.551043, 24.267777], [120.550721, 24.267723], [120.550559, 24.267509], [120.549036, 24.267837], [120.548993, 24.267681], [120.550232, 24.267406], [120.550358, 24.267791], [120.549897, 24.267981], [120.549877, 24.26791], [120.549987, 24.268179], [120.550379, 24.268045], [120.550404, 24.268438], [120.550494, 24.268418], [120.55028, 24.268465], [120.550315, 24.268591], [120.550528, 24.268548], [120.550561, 24.268806], [120.550785, 24.268751], [120.550805, 24.268833], [120.550654, 24.26844], [120.550141, 24.268363], [120.550124, 24.268291], [120.550064, 24.26842], [120.550201, 24.268751], [120.549938, 24.268781], [120.549744, 24.268143], [120.549292, 24.268277], [120.549212, 24.268428], [120.549649, 24.268405], [120.549709, 24.26862], [120.549412, 24.268679], [120.549386, 24.268878], [120.549837, 24.268727], [120.550085, 24.269001], [120.550146, 24.269217], [120.549631, 24.269306], [120.549597, 24.269081], [120.549541, 24.269088], [120.549071, 24.269263], [120.548716, 24.269543], [120.548782, 24.269916], [120.548314, 24.269704], [120.548091, 24.269955], [120.545924, 24.270683], [120.546223, 24.270361], [120.546488, 24.270292], [120.546389, 24.269947], [120.546212, 24.269705], [120.54604, 24.269757], [120.546144, 24.270016], [120.545697, 24.270089], [120.545746, 24.270224], [120.545605, 24.269886], [120.545722, 24.269933], [120.546515, 24.269627], [120.546596, 24.269826], [120.546478, 24.26986], [120.546755, 24.270174], [120.547304, 24.268946]]}}, {"type": "Feature", "properties": {"district": "6601200", "segment": 33, "total_segments": 40, "km": 14.99, "villages": ["槺榔里"]}, "geometry": {"type": "LineString", "coordinates": [[120.547947, 24.268451], [120.547733, 24.268269], [120.547757, 24.26808], [120.547635, 24.267749], [120.547719, 24.267759], [120.547754, 24.26761], [120.547582, 24.267356], [120.547513, 24.267323], [120.547406, 24.267451], [120.547567, 24.267623], [120.547423, 24.267667], [120.547507, 24.267815], [120.547392, 24.267894], [120.547258, 24.267775], [120.54718, 24.267533], [120.547062, 24.267577], [120.547156, 24.267812], [120.547005, 24.267677], [120.547027, 24.267472], [120.546906, 24.267501], [120.547349, 24.267395], [120.546816, 24.267733], [120.546556, 24.26768], [120.546557, 24.266952], [120.546711, 24.26694], [120.546851, 24.266825], [120.547011, 24.266429], [120.546927, 24.266282], [120.547035, 24.265985], [120.546992, 24.265867], [120.545106, 24.26669], [120.545188, 24.26676], [120.545366, 24.266694], [120.544875, 24.26673], [120.544358, 24.266978], [120.544127, 24.266818], [120.543833, 24.266917], [120.54406, 24.267069], [120.544108, 24.267438], [120.544612, 24.2675], [120.545586, 24.267175], [120.543681, 24.266382], [120.543546, 24.265839], [120.543274, 24.267037], [120.543154, 24.267098], [120.543334, 24.267176], [120.542991, 24.26738], [120.542878, 24.267179], [120.542303, 24.26702], [120.54219, 24.266724], [120.542273, 24.266702], [120.542099, 24.266474], [120.541754, 24.266595], [120.541594, 24.266576], [120.541432, 24.266163], [120.541502, 24.265852], [120.541319, 24.265518], [120.541406, 24.265399], [120.541623, 24.265333], [120.541858, 24.263888], [120.543043, 24.263062], [120.543232, 24.263314], [120.543716, 24.263375], [120.54386, 24.263316], [120.544178, 24.263058], [120.544058, 24.262929], [120.544505, 24.262745], [120.544381, 24.262579], [120.544606, 24.26251], [120.544835, 24.263187], [120.544968, 24.262937], [120.5448, 24.262426], [120.545545, 24.262159], [120.545584, 24.262411], [120.545738, 24.262434], [120.545707, 24.262644], [120.545163, 24.26287], [120.545046, 24.262786], [120.545219, 24.262677], [120.545146, 24.262482], [120.545248, 24.262446], [120.545496, 24.262995], [120.545428, 24.263044], [120.545886, 24.262806], [120.546238, 24.262893], [120.546229, 24.262221], [120.545974, 24.262266], [120.546316, 24.261641], [120.546273, 24.261509], [120.546474, 24.261541], [120.547139, 24.261331], [120.546995, 24.261237], [120.546795, 24.261935], [120.546644, 24.261971], [120.546704, 24.262214], [120.546626, 24.262783], [120.54671, 24.263032], [120.546825, 24.262886], [120.548157, 24.262406], [120.548083, 24.262266], [120.547975, 24.262382], [120.547929, 24.262295], [120.547748, 24.262354], [120.547779, 24.262454], [120.548178, 24.262461], [120.548352, 24.262687], [120.548071, 24.262731], [120.547911, 24.262949], [120.54795, 24.263149], [120.547769, 24.263249], [120.547047, 24.26341], [120.546988, 24.26326], [120.546992, 24.263171], [120.547664, 24.262921], [120.547725, 24.263125], [120.547106, 24.26325], [120.547051, 24.263513], [120.546896, 24.263527], [120.546744, 24.26325], [120.546642, 24.263637], [120.5465, 24.263698], [120.546445, 24.263585], [120.546141, 24.263609], [120.546135, 24.263504], [120.546494, 24.263571], [120.546752, 24.263761], [120.546691, 24.263944], [120.546546, 24.263993], [120.54623, 24.263833], [120.546125, 24.26386], [120.546372, 24.264396], [120.54712, 24.264107], [120.547214, 24.264396], [120.547393, 24.264312], [120.547509, 24.264582], [120.548267, 24.264343], [120.548578, 24.264553], [120.548524, 24.264259], [120.548802, 24.264327], [120.549024, 24.264247], [120.549067, 24.264339], [120.54865, 24.263523], [120.548661, 24.26337], [120.5484, 24.263518], [120.548671, 24.264138], [120.548391, 24.26418], [120.548139, 24.263598], [120.547938, 24.263582], [120.547852, 24.263379], [120.547876, 24.263651], [120.547496, 24.263797], [120.547193, 24.263865], [120.547115, 24.263689], [120.546965, 24.263707], [120.547361, 24.264266], [120.547468, 24.264127], [120.547658, 24.26418], [120.547733, 24.264029], [120.54811, 24.264111], [120.548081, 24.264269], [120.547837, 24.264231], [120.547862, 24.264339], [120.547587, 24.2644], [120.547266, 24.264591], [120.54733, 24.26501], [120.547209, 24.265043], [120.547354, 24.265536], [120.54719, 24.265553], [120.547141, 24.265378], [120.546887, 24.265624], [120.547268, 24.265804], [120.547564, 24.266371], [120.548645, 24.266093], [120.548771, 24.266224], [120.549694, 24.265902], [120.54982, 24.26631], [120.549703, 24.266462], [120.549664, 24.266416], [120.549412, 24.266559], [120.54935, 24.266459], [120.548344, 24.266739], [120.54828, 24.266642], [120.547677, 24.266856], [120.547726, 24.266689], [120.547638, 24.266447], [120.548679, 24.266278], [120.548565, 24.266437], [120.547824, 24.266614], [120.548128, 24.265985], [120.547975, 24.265639], [120.547816, 24.26571], [120.547844, 24.265842], [120.548175, 24.265642], [120.548511, 24.265572], [120.548408, 24.265376], [120.548042, 24.26548], [120.547896, 24.265379], [120.547674, 24.264888], [120.548224, 24.264672], [120.548403, 24.2652], [120.548176, 24.265283], [120.548008, 24.264932], [120.547522, 24.265108], [120.547683, 24.265466], [120.547474, 24.264971], [120.547041, 24.264907], [120.546702, 24.265057], [120.546613, 24.264934], [120.546903, 24.264379], [120.547871, 24.263807], [120.548043, 24.263776], [120.548102, 24.263933], [120.548237, 24.263432], [120.548163, 24.263014], [120.548409, 24.262946], [120.548447, 24.263122], [120.548894, 24.263019], [120.548907, 24.262915], [120.548921, 24.263102], [120.549297, 24.263369], [120.549587, 24.264253], [120.549571, 24.264421], [120.549804, 24.264526], [120.549831, 24.264466], [120.549715, 24.26441], [120.549958, 24.264344], [120.549988, 24.264414], [120.550165, 24.264367], [120.550213, 24.264476], [120.549955, 24.263641], [120.550448, 24.263473], [120.550344, 24.263226], [120.549887, 24.26341], [120.549818, 24.263263], [120.54992, 24.26315], [120.550274, 24.263074], [120.550384, 24.2632], [120.55013, 24.262924], [120.550022, 24.262524], [120.549469, 24.262649], [120.549451, 24.262573], [120.549484, 24.262687], [120.549309, 24.262412], [120.549439, 24.262291], [120.55009, 24.262074], [120.550105, 24.262271], [120.54955, 24.262399], [120.549246, 24.262097], [120.549091, 24.262362], [120.549099, 24.262541], [120.549891, 24.264236], [120.550554, 24.263947], [120.5506, 24.264168], [120.550341, 24.264271], [120.550398, 24.264397], [120.550673, 24.264308], [120.550183, 24.264809], [120.549877, 24.264862], [120.549891, 24.265276], [120.549936, 24.265383], [120.550363, 24.265144], [120.550405, 24.265263], [120.550599, 24.265209], [120.550568, 24.265084], [120.550878, 24.265038], [120.550839, 24.265261], [120.550304, 24.265963], [120.550816, 24.266121], [120.549637, 24.266225], [120.548832, 24.266437], [120.549061, 24.265931], [120.549595, 24.265818], [120.549716, 24.264867], [120.548949, 24.264509], [120.549913, 24.263654], [120.550102, 24.262503], [120.550183, 24.262481], [120.548831, 24.262153], [120.548654, 24.262289], [120.548436, 24.261814], [120.547865, 24.261823], [120.548727, 24.261294], [120.548873, 24.261263], [120.549014, 24.261363], [120.549442, 24.261184], [120.549496, 24.261243], [120.549694, 24.261156], [120.549677, 24.261076], [120.549706, 24.261196], [120.548733, 24.262553], [120.545635, 24.263275], [120.545658, 24.263322], [120.5452, 24.263182], [120.544725, 24.263435], [120.544554, 24.263436], [120.544684, 24.26324], [120.544613, 24.263193], [120.544551, 24.262797], [120.544084, 24.262688], [120.544005, 24.262056], [120.544754, 24.261943], [120.545153, 24.262042], [120.545295, 24.261985], [120.545406, 24.261792], [120.545973, 24.261661], [120.544856, 24.261691], [120.544689, 24.261636], [120.544635, 24.262205], [120.544852, 24.26228], [120.545076, 24.263507], [120.545247, 24.263586], [120.54514, 24.263908], [120.544257, 24.263663], [120.543454, 24.263769], [120.540332, 24.262846], [120.541491, 24.267197], [120.540927, 24.267331], [120.540761, 24.266942], [120.540994, 24.267673], [120.539628, 24.268152], [120.539342, 24.268733], [120.538707, 24.26878], [120.538584, 24.268529], [120.538731, 24.269008], [120.537944, 24.269292], [120.537767, 24.269002]]}}, {"type": "Feature", "properties": {"district": "6601200", "segment": 34, "total_segments": 40, "km": 14.83, "villages": ["槺榔里"]}, "geometry": {"type": "LineString", "coordinates": [[120.537367, 24.268666], [120.537302, 24.268524], [120.537283, 24.26873], [120.536566, 24.26894], [120.536267, 24.268273], [120.536284, 24.268115], [120.535952, 24.267513], [120.536079, 24.267528], [120.536036, 24.267389], [120.536247, 24.267311], [120.536262, 24.267467], [120.536756, 24.267343], [120.537188, 24.268305], [120.536711, 24.267608], [120.536719, 24.267268], [120.536602, 24.26719], [120.536446, 24.267236], [120.536278, 24.267725], [120.536976, 24.26912], [120.537095, 24.269501], [120.536872, 24.269562], [120.536733, 24.269518], [120.536698, 24.269427], [120.537159, 24.269877], [120.536414, 24.270176], [120.537088, 24.27154], [120.536625, 24.271686], [120.536871, 24.272112], [120.537226, 24.272295], [120.537269, 24.272014], [120.537353, 24.271999], [120.537216, 24.271116], [120.537094, 24.271156], [120.537984, 24.270852], [120.537399, 24.271164], [120.537469, 24.271429], [120.536488, 24.271385], [120.536742, 24.272733], [120.537082, 24.272901], [120.537157, 24.273114], [120.537346, 24.273279], [120.537436, 24.272992], [120.537388, 24.272811], [120.537566, 24.272494], [120.537666, 24.273266], [120.537891, 24.273302], [120.537405, 24.273692], [120.53794, 24.273723], [120.538003, 24.274013], [120.53827, 24.273782], [120.538199, 24.273656], [120.538452, 24.273973], [120.536381, 24.273779], [120.536238, 24.273348], [120.536007, 24.27343], [120.536165, 24.273831], [120.535779, 24.27399], [120.535835, 24.273824], [120.535768, 24.273657], [120.535886, 24.273623], [120.535945, 24.273785], [120.535773, 24.273506], [120.535851, 24.273474], [120.535553, 24.273586], [120.535406, 24.273165], [120.534711, 24.273451], [120.534737, 24.27352], [120.534692, 24.273417], [120.534169, 24.273663], [120.534031, 24.273235], [120.533881, 24.273286], [120.533819, 24.273113], [120.534451, 24.272889], [120.534429, 24.272823], [120.53455, 24.273089], [120.533502, 24.273381], [120.533103, 24.27246], [120.533234, 24.272356], [120.533333, 24.272704], [120.533419, 24.272678], [120.533597, 24.273723], [120.534355, 24.275465], [120.535127, 24.275117], [120.535092, 24.275294], [120.53499, 24.274914], [120.534553, 24.275089], [120.534389, 24.27473], [120.534911, 24.274535], [120.534954, 24.274687], [120.534576, 24.274839], [120.534659, 24.276372], [120.536019, 24.276978], [120.536525, 24.276388], [120.536168, 24.274222], [120.536251, 24.27411], [120.535563, 24.273105], [120.53545, 24.273154], [120.534856, 24.272949], [120.534751, 24.273002], [120.534763, 24.272637], [120.535111, 24.272515], [120.535052, 24.272407], [120.534697, 24.272536], [120.534576, 24.272262], [120.534918, 24.272126], [120.535126, 24.272378], [120.534369, 24.27006], [120.534632, 24.269559], [120.534233, 24.268678], [120.533691, 24.268878], [120.533898, 24.269328], [120.534922, 24.268911], [120.538222, 24.269855], [120.539, 24.269742], [120.54004, 24.269352], [120.539899, 24.268916], [120.539778, 24.268956], [120.540471, 24.268708], [120.540565, 24.268749], [120.540549, 24.268894], [120.540656, 24.268933], [120.540589, 24.268994], [120.540632, 24.269052], [120.540941, 24.269016], [120.540871, 24.268894], [120.541099, 24.26881], [120.541198, 24.268933], [120.541104, 24.268969], [120.542161, 24.268597], [120.541212, 24.268444], [120.541037, 24.26862], [120.540742, 24.2687], [120.541699, 24.269523], [120.540632, 24.270513], [120.540454, 24.270976], [120.5404, 24.271387], [120.540265, 24.271494], [120.540027, 24.271322], [120.539519, 24.271584], [120.539044, 24.271706], [120.539149, 24.271975], [120.539645, 24.2718], [120.53961, 24.27172], [120.53919, 24.271859], [120.538474, 24.271703], [120.540659, 24.271444], [120.541839, 24.271877], [120.5424, 24.271841], [120.542606, 24.271919], [120.542694, 24.272372], [120.543431, 24.272061], [120.543404, 24.272009], [120.543504, 24.272228], [120.543036, 24.272408], [120.542999, 24.272107], [120.543655, 24.27172], [120.543667, 24.271985], [120.543744, 24.271944], [120.543709, 24.271854], [120.54367, 24.272091], [120.543689, 24.272144], [120.543793, 24.272086], [120.543806, 24.272252], [120.544263, 24.272236], [120.544423, 24.272157], [120.544501, 24.272372], [120.544298, 24.272449], [120.544379, 24.272629], [120.545071, 24.272383], [120.544994, 24.272193], [120.544543, 24.272358], [120.544498, 24.271862], [120.544586, 24.271832], [120.544939, 24.271997], [120.544422, 24.271515], [120.544029, 24.271601], [120.542976, 24.271399], [120.542959, 24.270694], [120.543086, 24.270535], [120.542685, 24.270895], [120.543986, 24.272835], [120.54187, 24.273601], [120.539965, 24.27002], [120.539061, 24.269271], [120.539489, 24.26746], [120.54171, 24.266986], [120.541822, 24.267262], [120.541999, 24.267127], [120.541898, 24.266841], [120.541707, 24.266907], [120.542066, 24.267428], [120.543137, 24.268218], [120.544778, 24.268992], [120.546471, 24.271936], [120.546653, 24.271867], [120.546512, 24.271541], [120.546763, 24.271519], [120.546873, 24.271782], [120.549167, 24.270818], [120.549264, 24.27037], [120.548505, 24.268739], [120.548564, 24.268507], [120.548953, 24.268419], [120.548825, 24.268158], [120.548314, 24.26834], [120.548378, 24.268499], [120.548506, 24.26847], [120.549047, 24.267877], [120.549325, 24.26808], [120.549626, 24.268033], [120.549603, 24.267956], [120.550546, 24.267774], [120.550603, 24.267885], [120.550317, 24.269114], [120.55036, 24.269197], [120.549067, 24.268736], [120.548064, 24.268088], [120.548293, 24.265932], [120.548589, 24.265853], [120.551403, 24.273387]]}}, {"type": "Feature", "properties": {"district": "6601200", "segment": 35, "total_segments": 40, "km": 14.97, "villages": ["槺榔里", "中社里"]}, "geometry": {"type": "LineString", "coordinates": [[120.53761, 24.279959], [120.536748, 24.280282], [120.536855, 24.280417], [120.536661, 24.2805], [120.536569, 24.280343], [120.536425, 24.280297], [120.536413, 24.280393], [120.536683, 24.280817], [120.536965, 24.280914], [120.537024, 24.280898], [120.536967, 24.280717], [120.536755, 24.280667], [120.53721, 24.280781], [120.535923, 24.278699], [120.532219, 24.279659], [120.531832, 24.279106], [120.531111, 24.279563], [120.530912, 24.279935], [120.530463, 24.279535], [120.529699, 24.279721], [120.528904, 24.280588], [120.530506, 24.278326], [120.531503, 24.278078], [120.53157, 24.27844], [120.540863, 24.276456], [120.543201, 24.275171], [120.543516, 24.275244], [120.543414, 24.275554], [120.544035, 24.275295], [120.544198, 24.275111], [120.544563, 24.275098], [120.544156, 24.274656], [120.543834, 24.27497], [120.545318, 24.274461], [120.545275, 24.27468], [120.545109, 24.274668], [120.545017, 24.274428], [120.545267, 24.274339], [120.545223, 24.274241], [120.544979, 24.274333], [120.544886, 24.274107], [120.545256, 24.273986], [120.545177, 24.273826], [120.544858, 24.273967], [120.544792, 24.273839], [120.545141, 24.273698], [120.544937, 24.27356], [120.544803, 24.273016], [120.544643, 24.273094], [120.54491, 24.27284], [120.545117, 24.272938], [120.545122, 24.272717], [120.545711, 24.272708], [120.546302, 24.272553], [120.546729, 24.27264], [120.546774, 24.272751], [120.546728, 24.272478], [120.547575, 24.272165], [120.547447, 24.271846], [120.548179, 24.271678], [120.548645, 24.271455], [120.548712, 24.271689], [120.548202, 24.271851], [120.54832, 24.272074], [120.548428, 24.272036], [120.548452, 24.272139], [120.548647, 24.272075], [120.548539, 24.272003], [120.549376, 24.271765], [120.549352, 24.271707], [120.54946, 24.271962], [120.548987, 24.272074], [120.547869, 24.272529], [120.547716, 24.271967], [120.547338, 24.272094], [120.547244, 24.271956], [120.547044, 24.272039], [120.547085, 24.272186], [120.547138, 24.272168], [120.546647, 24.27234], [120.546737, 24.272174], [120.547024, 24.272], [120.547165, 24.272571], [120.547468, 24.27248], [120.547533, 24.272644], [120.547225, 24.272752], [120.547036, 24.27261], [120.547688, 24.272582], [120.547715, 24.272653], [120.547951, 24.2727], [120.547981, 24.273103], [120.548109, 24.273056], [120.548285, 24.273445], [120.548109, 24.27344], [120.548051, 24.273288], [120.547212, 24.273695], [120.547011, 24.273306], [120.547245, 24.273297], [120.548368, 24.272931], [120.548396, 24.273004], [120.548826, 24.272833], [120.548748, 24.272489], [120.548947, 24.272383], [120.548915, 24.27252], [120.549137, 24.273031], [120.548479, 24.273214], [120.548543, 24.27278], [120.548316, 24.27275], [120.548238, 24.272655], [120.548443, 24.272579], [120.548334, 24.272191], [120.548386, 24.272163], [120.548195, 24.272227], [120.548156, 24.272124], [120.548105, 24.272144], [120.548212, 24.272109], [120.548061, 24.272271], [120.547684, 24.272409], [120.549224, 24.27228], [120.549245, 24.272349], [120.550096, 24.271635], [120.550083, 24.271502], [120.550119, 24.273758], [120.549624, 24.273975], [120.549713, 24.274248], [120.549571, 24.274305], [120.548978, 24.274508], [120.548864, 24.274232], [120.548702, 24.274273], [120.54882, 24.274561], [120.548552, 24.27402], [120.5487, 24.273857], [120.54894, 24.273779], [120.549231, 24.274225], [120.549361, 24.274185], [120.549324, 24.274066], [120.548376, 24.274293], [120.547643, 24.274549], [120.547685, 24.274636], [120.547589, 24.274374], [120.547467, 24.274319], [120.547412, 24.274188], [120.547663, 24.274147], [120.547748, 24.2744], [120.547899, 24.274341], [120.5477, 24.274059], [120.548246, 24.27382], [120.547112, 24.274358], [120.547175, 24.274662], [120.545427, 24.274438], [120.545345, 24.274203], [120.545265, 24.274226], [120.55234, 24.270563], [120.552235, 24.27033], [120.552406, 24.270347], [120.552887, 24.270181], [120.55294, 24.270315], [120.552458, 24.270483], [120.553239, 24.270354], [120.553346, 24.270172], [120.553899, 24.270014], [120.554027, 24.27007], [120.554004, 24.26971], [120.554514, 24.269512], [120.554651, 24.269855], [120.555022, 24.269693], [120.554954, 24.26937], [120.554833, 24.269246], [120.556049, 24.269571], [120.556229, 24.269762], [120.556427, 24.26969], [120.556315, 24.269631], [120.556168, 24.269789], [120.556382, 24.27007], [120.556541, 24.269992], [120.556442, 24.269855], [120.556681, 24.269788], [120.556888, 24.269873], [120.556989, 24.26968], [120.556854, 24.270266], [120.556614, 24.270423], [120.55653, 24.270203], [120.556308, 24.270299], [120.556235, 24.270476], [120.556063, 24.270371], [120.556035, 24.270543], [120.55577, 24.270469], [120.555793, 24.270274], [120.555979, 24.270043], [120.556162, 24.270158], [120.555605, 24.270728], [120.556451, 24.269368], [120.556563, 24.268405], [120.556974, 24.268437], [120.557134, 24.268243], [120.556829, 24.267965], [120.556898, 24.267488], [120.556766, 24.267344], [120.557239, 24.267177], [120.557102, 24.266982], [120.557223, 24.26692], [120.557732, 24.267225], [120.557802, 24.26717], [120.557843, 24.267616], [120.558264, 24.267954], [120.558332, 24.267424], [120.55771, 24.268175], [120.558099, 24.268645], [120.558342, 24.268544], [120.558425, 24.268588], [120.558814, 24.268381], [120.558937, 24.268422], [120.559105, 24.2687], [120.558984, 24.268809], [120.558808, 24.2688], [120.558155, 24.269039], [120.558029, 24.269011], [120.557762, 24.269144], [120.557656, 24.269161], [120.557595, 24.26897], [120.557939, 24.268783], [120.558004, 24.26955], [120.558253, 24.269725], [120.558972, 24.269967], [120.558734, 24.270768], [120.558622, 24.27088], [120.558685, 24.27093], [120.558537, 24.271399], [120.55888, 24.271515], [120.558841, 24.271666], [120.559088, 24.271711], [120.559423, 24.271499], [120.559326, 24.271082], [120.55895, 24.271068], [120.558909, 24.271218], [120.559396, 24.270606], [120.559146, 24.270468], [120.559529, 24.270006], [120.559735, 24.270163], [120.559664, 24.270355], [120.560084, 24.270451], [120.56014, 24.270255], [120.560363, 24.270369], [120.560413, 24.270222], [120.560173, 24.270723], [120.560304, 24.27076], [120.560259, 24.270918], [120.56012, 24.270883], [120.559991, 24.271385], [120.560044, 24.271494], [120.559935, 24.271545], [120.560288, 24.271706], [120.559986, 24.271926], [120.559821, 24.271896], [120.559784, 24.272043], [120.559947, 24.272081], [120.559239, 24.272257], [120.558346, 24.270468], [120.556974, 24.271954], [120.55935, 24.268506], [120.560198, 24.268084], [120.560036, 24.267647], [120.560582, 24.267496], [120.560743, 24.267321], [120.560755, 24.26773], [120.560349, 24.268229], [120.561307, 24.267502], [120.561585, 24.269194], [120.561143, 24.269347], [120.561197, 24.269499], [120.561642, 24.26934], [120.561671, 24.269458], [120.561256, 24.269615], [120.561325, 24.269763]]}}, {"type": "Feature", "properties": {"district": "6601200", "segment": 36, "total_segments": 40, "km": 14.96, "villages": ["中社里", "武鹿里"]}, "geometry": {"type": "LineString", "coordinates": [[120.561741, 24.269609], [120.561733, 24.270056], [120.556961, 24.274202], [120.556472, 24.274369], [120.556638, 24.274495], [120.556885, 24.274428], [120.557017, 24.274709], [120.556652, 24.274847], [120.557251, 24.274623], [120.557484, 24.275231], [120.557576, 24.275208], [120.557104, 24.275353], [120.557136, 24.275534], [120.556914, 24.275587], [120.556891, 24.275446], [120.556701, 24.275667], [120.556297, 24.275728], [120.557039, 24.275887], [120.557664, 24.277451], [120.557831, 24.27758], [120.557769, 24.277718], [120.558013, 24.278049], [120.557644, 24.278124], [120.557416, 24.278338], [120.557014, 24.278392], [120.556656, 24.278577], [120.555827, 24.278817], [120.555742, 24.278667], [120.555861, 24.278573], [120.556167, 24.278573], [120.556394, 24.27844], [120.556491, 24.277887], [120.556679, 24.277772], [120.556663, 24.277844], [120.556755, 24.27783], [120.55693, 24.277643], [120.556917, 24.277525], [120.556617, 24.277617], [120.55655, 24.277569], [120.556458, 24.277676], [120.556383, 24.277616], [120.55639, 24.27748], [120.557368, 24.277156], [120.557264, 24.277488], [120.557378, 24.277721], [120.55736, 24.277969], [120.55749, 24.278076], [120.558074, 24.277485], [120.557813, 24.27679], [120.557743, 24.276803], [120.558206, 24.276657], [120.558344, 24.276441], [120.558107, 24.276023], [120.558207, 24.275986], [120.557978, 24.275566], [120.558074, 24.275538], [120.557291, 24.275777], [120.557422, 24.276128], [120.55789, 24.275975], [120.55793, 24.276084], [120.557463, 24.276212], [120.557689, 24.276656], [120.557832, 24.27631], [120.55695, 24.276316], [120.557363, 24.275446], [120.557845, 24.275282], [120.555331, 24.275795], [120.55527, 24.275619], [120.555016, 24.275667], [120.555101, 24.275942], [120.55488, 24.276013], [120.554836, 24.275874], [120.554452, 24.276019], [120.554501, 24.27613], [120.554749, 24.276044], [120.554513, 24.27573], [120.555236, 24.275465], [120.555313, 24.2756], [120.555466, 24.275618], [120.555387, 24.275403], [120.555347, 24.275844], [120.554239, 24.277026], [120.554351, 24.277281], [120.553659, 24.276425], [120.553227, 24.275603], [120.551876, 24.276122], [120.551794, 24.276308], [120.551554, 24.276414], [120.551606, 24.276274], [120.551333, 24.275246], [120.551635, 24.275091], [120.551706, 24.274554], [120.551489, 24.274026], [120.551173, 24.274236], [120.551361, 24.274284], [120.551427, 24.274508], [120.551892, 24.274269], [120.551722, 24.273886], [120.551987, 24.273848], [120.55217, 24.274253], [120.552292, 24.274253], [120.552344, 24.274363], [120.552273, 24.274556], [120.552417, 24.274669], [120.552469, 24.274613], [120.552673, 24.274684], [120.552786, 24.274916], [120.552554, 24.274893], [120.552361, 24.275062], [120.552101, 24.274642], [120.550874, 24.274786], [120.55055, 24.274703], [120.550421, 24.274423], [120.550174, 24.275023], [120.549981, 24.274961], [120.550044, 24.27514], [120.549424, 24.275265], [120.549022, 24.275405], [120.549051, 24.275479], [120.548986, 24.275327], [120.549348, 24.276046], [120.550151, 24.275799], [120.549826, 24.276121], [120.550087, 24.276791], [120.550168, 24.276762], [120.549771, 24.2769], [120.549342, 24.277638], [120.549985, 24.277844], [120.550326, 24.277872], [120.550403, 24.277666], [120.550135, 24.278045], [120.549616, 24.278183], [120.54957, 24.278274], [120.549491, 24.278205], [120.549211, 24.278812], [120.550208, 24.279093], [120.550786, 24.279381], [120.551394, 24.279481], [120.551359, 24.280006], [120.550802, 24.280233], [120.550677, 24.280176], [120.550805, 24.280435], [120.55158, 24.280162], [120.55167, 24.28041], [120.551576, 24.280508], [120.551515, 24.280311], [120.551238, 24.280513], [120.551267, 24.280574], [120.551057, 24.280575], [120.551081, 24.280497], [120.55098, 24.280474], [120.550689, 24.280608], [120.550743, 24.280468], [120.550507, 24.280683], [120.550406, 24.280574], [120.550135, 24.280678], [120.55055, 24.281016], [120.550883, 24.280731], [120.550953, 24.280807], [120.551358, 24.280705], [120.551593, 24.28101], [120.551468, 24.281238], [120.55132, 24.281196], [120.551028, 24.281355], [120.550967, 24.281274], [120.550857, 24.281381], [120.550851, 24.28152], [120.550733, 24.281588], [120.551057, 24.281824], [120.551242, 24.28167], [120.551829, 24.281854], [120.552073, 24.281137], [120.552287, 24.281071], [120.552303, 24.281235], [120.552684, 24.28102], [120.552952, 24.280952], [120.552984, 24.281023], [120.552769, 24.280575], [120.552396, 24.280714], [120.552495, 24.28088], [120.552681, 24.280804], [120.552263, 24.280893], [120.552242, 24.280337], [120.552429, 24.28026], [120.552826, 24.280551], [120.55297, 24.280027], [120.553235, 24.279972], [120.553391, 24.279746], [120.553875, 24.279679], [120.554396, 24.279485], [120.554705, 24.279745], [120.555168, 24.279626], [120.555443, 24.279703], [120.555722, 24.279637], [120.555834, 24.2797], [120.555831, 24.27985], [120.555734, 24.279856], [120.555836, 24.280059], [120.556069, 24.279988], [120.556282, 24.280591], [120.556132, 24.280597], [120.556054, 24.280378], [120.555862, 24.280398], [120.555885, 24.280466], [120.555836, 24.280323], [120.555544, 24.280299], [120.555574, 24.28045], [120.555362, 24.280465], [120.555556, 24.281024], [120.555481, 24.281241], [120.555608, 24.281465], [120.555737, 24.281386], [120.555837, 24.281672], [120.556449, 24.281421], [120.556548, 24.28165], [120.555745, 24.281977], [120.555744, 24.282079], [120.55589, 24.282088], [120.555953, 24.282251], [120.556084, 24.282168], [120.556182, 24.281858], [120.556425, 24.282001], [120.555796, 24.281688], [120.554291, 24.282259], [120.5546, 24.282414], [120.554728, 24.2827], [120.55486, 24.282652], [120.554759, 24.282384], [120.55484, 24.282317], [120.555413, 24.282111], [120.555379, 24.282253], [120.55545, 24.282419], [120.555275, 24.282471], [120.555211, 24.282305], [120.554954, 24.282427], [120.555003, 24.282564], [120.555656, 24.282339], [120.555537, 24.281988], [120.555683, 24.281941], [120.555339, 24.281516], [120.555391, 24.281462], [120.555061, 24.280867], [120.55467, 24.280978], [120.554409, 24.280491], [120.554748, 24.28041], [120.554813, 24.280517], [120.555031, 24.280341], [120.555228, 24.280652], [120.555245, 24.280418], [120.555372, 24.280364], [120.555568, 24.280061], [120.555368, 24.279894], [120.554633, 24.279979], [120.554332, 24.280077], [120.554264, 24.280027], [120.553668, 24.280301], [120.5539, 24.280441], [120.554124, 24.280355], [120.554083, 24.280213], [120.554674, 24.280168], [120.555421, 24.279398], [120.55555, 24.279466], [120.555762, 24.279345], [120.555851, 24.279515], [120.555544, 24.278977], [120.55545, 24.279015], [120.555604, 24.278947], [120.55551, 24.278804], [120.555835, 24.278874], [120.556275, 24.280029], [120.55657, 24.280049], [120.556536, 24.280525], [120.55639, 24.280739], [120.556547, 24.28111], [120.556174, 24.281233], [120.556048, 24.280873], [120.555902, 24.280947], [120.555839, 24.280711], [120.555975, 24.280671], [120.55623, 24.280881], [120.556683, 24.280795], [120.556779, 24.281046], [120.556941, 24.280963], [120.556804, 24.280667], [120.556837, 24.280229], [120.556762, 24.280124], [120.557291, 24.279914], [120.557994, 24.279795], [120.558181, 24.279618], [120.558206, 24.279489], [120.558257, 24.279886], [120.558367, 24.279935], [120.558502, 24.280381], [120.558012, 24.280494], [120.557732, 24.280321], [120.557691, 24.279984], [120.557806, 24.279949], [120.557876, 24.28014], [120.558119, 24.280076], [120.558241, 24.280327], [120.558636, 24.280194], [120.55875, 24.280302], [120.559066, 24.28018], [120.559316, 24.280534], [120.559049, 24.280937], [120.558705, 24.280786], [120.558698, 24.280573], [120.55887, 24.280523], [120.558144, 24.280882], [120.558077, 24.28082], [120.558182, 24.280948], [120.558393, 24.280858], [120.558538, 24.281087], [120.558651, 24.281034], [120.558317, 24.281236], [120.558367, 24.281304], [120.558054, 24.281178], [120.557876, 24.280927], [120.557655, 24.281009], [120.557368, 24.280611], [120.557267, 24.279427], [120.558481, 24.279825], [120.558563, 24.280018], [120.559043, 24.279935], [120.559136, 24.279477], [120.559215, 24.279552], [120.559334, 24.279514], [120.559328, 24.279395], [120.558793, 24.279539], [120.559214, 24.279169], [120.55916, 24.279055], [120.559479, 24.279349], [120.559473, 24.279811], [120.560166, 24.27981], [120.56089, 24.280093], [120.560683, 24.280316], [120.560864, 24.280416], [120.561051, 24.280152], [120.561001, 24.280132], [120.561104, 24.280174], [120.559706, 24.280449], [120.558826, 24.281301], [120.558581, 24.282108], [120.55811, 24.281991], [120.558879, 24.282479], [120.559119, 24.28225], [120.559638, 24.282514], [120.559741, 24.282758], [120.559962, 24.282851], [120.560193, 24.283113], [120.56018, 24.283982], [120.559614, 24.284553], [120.559144, 24.284826]]}}, {"type": "Feature", "properties": {"district": "6601200", "segment": 37, "total_segments": 40, "km": 10.11, "villages": ["武鹿里"]}, "geometry": {"type": "LineString", "coordinates": [[120.558918, 24.285222], [120.558506, 24.285346], [120.55798, 24.283955], [120.558123, 24.283606], [120.557455, 24.283821], [120.557135, 24.284385], [120.557583, 24.284734], [120.556854, 24.285123], [120.556539, 24.284191], [120.554751, 24.284667], [120.554557, 24.284529], [120.555467, 24.286614], [120.557874, 24.286133], [120.558235, 24.28723], [120.559008, 24.287045], [120.559252, 24.286906], [120.559404, 24.286923], [120.55944, 24.286839], [120.559805, 24.286855], [120.559905, 24.2867], [120.559818, 24.286622], [120.559923, 24.28636], [120.560122, 24.286319], [120.560409, 24.286434], [120.560582, 24.286368], [120.560474, 24.285982], [120.560284, 24.285865], [120.559558, 24.286109], [120.5596, 24.286483], [120.56022, 24.28676], [120.561034, 24.286606], [120.561094, 24.286076], [120.561683, 24.286225], [120.558846, 24.283917], [120.559092, 24.282823], [120.555218, 24.281614], [120.55493, 24.281715], [120.554881, 24.281496], [120.55507, 24.281383], [120.555014, 24.281231], [120.555148, 24.281546], [120.555689, 24.28066], [120.553331, 24.281775], [120.553278, 24.281699], [120.552895, 24.281832], [120.552978, 24.281946], [120.552799, 24.281362], [120.553369, 24.281909], [120.553578, 24.282239], [120.553029, 24.282284], [120.552025, 24.282636], [120.551786, 24.282779], [120.551708, 24.28308], [120.551257, 24.2833], [120.550945, 24.283235], [120.550876, 24.283468], [120.550766, 24.283222], [120.550798, 24.283055], [120.550696, 24.283035], [120.550972, 24.283141], [120.55113, 24.282579], [120.550999, 24.282289], [120.551638, 24.282313], [120.551807, 24.281889], [120.549918, 24.281605], [120.54927, 24.280186], [120.54913, 24.280219], [120.549438, 24.280126], [120.549867, 24.279812], [120.550192, 24.279905], [120.551637, 24.279968], [120.550655, 24.278185], [120.550639, 24.276554], [120.550473, 24.275163], [120.548895, 24.275736], [120.548977, 24.275974], [120.548618, 24.275845], [120.54671, 24.275929], [120.546082, 24.276099], [120.54676, 24.278459], [120.54691, 24.278774], [120.547516, 24.278566], [120.546862, 24.278811], [120.546867, 24.279217], [120.546629, 24.279298], [120.54645, 24.279887], [120.550384, 24.285012], [120.550129, 24.285196], [120.551058, 24.285997], [120.550686, 24.287532], [120.55151, 24.289805], [120.556507, 24.277803], [120.561214, 24.277007]]}}, {"type": "Feature", "properties": {"district": "6601200", "segment": 38, "total_segments": 40, "km": 14.93, "villages": ["海濱里"]}, "geometry": {"type": "LineString", "coordinates": [[120.549443, 24.281083], [120.549369, 24.280953], [120.549297, 24.280972], [120.549186, 24.281044], [120.549166, 24.281199], [120.549522, 24.281313], [120.549142, 24.280845], [120.548449, 24.281305], [120.548033, 24.28115], [120.546614, 24.281369], [120.545522, 24.280179], [120.545351, 24.280152], [120.545301, 24.28002], [120.544774, 24.280218], [120.544828, 24.28034], [120.545018, 24.280371], [120.545307, 24.28027], [120.544625, 24.280287], [120.544408, 24.280357], [120.544653, 24.28049], [120.543113, 24.280954], [120.543125, 24.280792], [120.542906, 24.28089], [120.542967, 24.281033], [120.542813, 24.281073], [120.542749, 24.280919], [120.542609, 24.281], [120.542674, 24.281127], [120.542518, 24.281173], [120.542448, 24.281044], [120.542274, 24.281075], [120.542345, 24.281227], [120.542128, 24.281739], [120.542185, 24.281887], [120.542019, 24.281777], [120.541208, 24.282072], [120.542396, 24.28228], [120.542952, 24.282478], [120.54509, 24.285058], [120.545437, 24.285127], [120.5457, 24.284844], [120.546116, 24.28458], [120.546722, 24.283782], [120.547338, 24.284975], [120.547568, 24.285804], [120.547461, 24.285897], [120.547607, 24.286321], [120.547406, 24.286463], [120.54742, 24.286564], [120.547075, 24.286789], [120.547004, 24.286652], [120.547059, 24.286591], [120.546858, 24.286737], [120.546897, 24.286918], [120.546692, 24.287039], [120.54658, 24.286946], [120.546085, 24.2871], [120.545956, 24.287075], [120.545904, 24.286865], [120.545995, 24.28683], [120.54605, 24.286897], [120.546135, 24.286703], [120.546446, 24.286744], [120.546578, 24.286636], [120.546595, 24.286505], [120.546171, 24.286614], [120.546086, 24.286315], [120.54586, 24.286096], [120.545694, 24.286277], [120.545658, 24.286457], [120.545527, 24.286382], [120.545371, 24.286409], [120.545428, 24.286569], [120.545266, 24.286641], [120.545373, 24.286815], [120.545199, 24.286929], [120.544827, 24.28693], [120.544806, 24.287202], [120.544677, 24.287183], [120.544462, 24.287305], [120.544649, 24.287417], [120.544678, 24.287553], [120.544178, 24.287459], [120.544182, 24.287683], [120.544014, 24.287688], [120.544094, 24.287891], [120.544238, 24.287924], [120.544223, 24.288094], [120.544078, 24.288078], [120.543625, 24.288667], [120.543806, 24.289222], [120.542961, 24.288439], [120.542509, 24.288302], [120.542083, 24.288052], [120.542028, 24.287846], [120.541949, 24.287806], [120.542075, 24.287544], [120.542283, 24.287374], [120.542125, 24.287204], [120.54255, 24.286823], [120.542489, 24.286719], [120.541957, 24.287074], [120.541903, 24.287136], [120.542026, 24.287287], [120.54209, 24.287233], [120.541411, 24.287919], [120.541244, 24.287734], [120.541097, 24.287775], [120.541492, 24.288245], [120.54147, 24.288144], [120.541574, 24.288013], [120.541939, 24.287919], [120.541998, 24.288075], [120.541611, 24.288186], [120.54106, 24.288628], [120.540433, 24.288849], [120.540538, 24.289107], [120.540318, 24.288656], [120.540192, 24.288597], [120.539952, 24.288254], [120.540076, 24.288125], [120.540338, 24.288416], [120.540508, 24.288299], [120.540448, 24.288191], [120.540832, 24.288104], [120.540549, 24.288381], [120.540347, 24.287755], [120.540406, 24.287601], [120.540568, 24.287518], [120.540542, 24.287697], [120.539962, 24.287883], [120.539783, 24.287609], [120.539684, 24.287709], [120.539599, 24.287647], [120.539752, 24.287944], [120.539476, 24.287374], [120.540595, 24.286498], [120.539832, 24.285683], [120.539792, 24.285527], [120.539217, 24.285786], [120.539249, 24.285879], [120.539144, 24.28558], [120.539197, 24.285524], [120.539724, 24.285357], [120.540099, 24.285466], [120.539492, 24.284756], [120.538892, 24.284931], [120.53875, 24.285554], [120.538856, 24.28601], [120.541149, 24.285164], [120.542563, 24.286118], [120.542824, 24.286657], [120.543198, 24.2863], [120.543288, 24.286535], [120.543057, 24.286715], [120.543817, 24.286518], [120.543773, 24.286282], [120.543439, 24.286404], [120.543599, 24.286713], [120.544151, 24.286224], [120.544034, 24.285971], [120.544306, 24.285883], [120.544456, 24.285956], [120.544464, 24.285597], [120.544117, 24.285512], [120.544197, 24.285291], [120.544784, 24.286494], [120.544615, 24.286645], [120.544962, 24.286641], [120.544946, 24.287242], [120.545322, 24.287388], [120.545285, 24.287504], [120.545468, 24.287612], [120.545491, 24.287422], [120.545359, 24.287257], [120.545527, 24.287204], [120.545312, 24.287016], [120.545659, 24.2869], [120.545704, 24.286807], [120.545802, 24.286871], [120.545698, 24.287111], [120.545723, 24.287395], [120.545902, 24.287241], [120.546283, 24.287293], [120.54639, 24.286903], [120.545919, 24.286685], [120.545737, 24.286685], [120.545427, 24.286129], [120.545617, 24.28578], [120.546061, 24.285818], [120.546227, 24.285744], [120.546872, 24.286364], [120.547516, 24.286548], [120.547695, 24.286429], [120.547664, 24.286305], [120.547894, 24.286236], [120.54766, 24.286601], [120.547682, 24.286676], [120.547467, 24.286796], [120.547501, 24.286952], [120.548474, 24.286651], [120.548922, 24.286217], [120.549448, 24.286313], [120.549651, 24.286238], [120.549659, 24.286052], [120.549434, 24.285349], [120.549087, 24.284945], [120.54888, 24.285018], [120.549342, 24.284645], [120.548452, 24.283852], [120.548884, 24.283123], [120.548767, 24.282958], [120.548092, 24.285579], [120.548199, 24.287963], [120.548409, 24.287962], [120.548572, 24.288594], [120.548843, 24.288859], [120.549305, 24.288789], [120.548287, 24.289028], [120.546953, 24.289576], [120.546766, 24.289139], [120.546863, 24.289108], [120.546623, 24.289049], [120.546604, 24.288587], [120.546704, 24.288565], [120.546098, 24.288636], [120.546287, 24.288254], [120.546142, 24.287985], [120.546224, 24.287822], [120.546285, 24.287845], [120.545931, 24.287681], [120.546067, 24.287535], [120.546018, 24.28746], [120.545934, 24.287438], [120.546158, 24.287581], [120.545691, 24.288126], [120.545537, 24.287882], [120.545571, 24.287812], [120.545452, 24.287759], [120.545646, 24.287605], [120.545704, 24.287833], [120.545439, 24.287926], [120.545433, 24.288036], [120.545145, 24.288087], [120.545039, 24.287946], [120.545323, 24.287693], [120.545137, 24.287501], [120.544978, 24.287692], [120.544778, 24.287691], [120.544592, 24.287887], [120.544583, 24.288033], [120.544741, 24.288097], [120.5446, 24.287707], [120.544792, 24.287333], [120.544895, 24.287369], [120.542911, 24.287234], [120.542729, 24.287088], [120.542555, 24.287234], [120.542764, 24.287053], [120.542084, 24.286761], [120.541823, 24.286907], [120.542977, 24.286218], [120.542899, 24.28604], [120.5429, 24.289984], [120.542192, 24.290251], [120.542186, 24.290334], [120.542444, 24.290485], [120.542607, 24.290319], [120.542964, 24.290154], [120.542544, 24.290804], [120.544281, 24.290928], [120.544963, 24.290724], [120.54485, 24.291193], [120.544678, 24.291397], [120.544351, 24.290425], [120.545957, 24.291577], [120.546183, 24.291371], [120.546674, 24.291848], [120.547212, 24.292203], [120.547649, 24.292324], [120.547601, 24.292009], [120.548013, 24.292212], [120.548607, 24.292358], [120.54907, 24.293634], [120.548377, 24.293874], [120.546577, 24.293407], [120.547534, 24.291391], [120.547797, 24.291305], [120.547478, 24.29114], [120.547143, 24.291077], [120.546798, 24.290403], [120.549181, 24.291023], [120.549853, 24.29026], [120.550479, 24.289005], [120.550061, 24.287271]]}}, {"type": "Feature", "properties": {"district": "6601200", "segment": 39, "total_segments": 40, "km": 14.82, "villages": ["海濱里"]}, "geometry": {"type": "LineString", "coordinates": [[120.55159, 24.293032], [120.554794, 24.294267], [120.557749, 24.295086], [120.562195, 24.296101], [120.563056, 24.296533], [120.562979, 24.295096], [120.563326, 24.295], [120.563798, 24.295054], [120.564021, 24.294976], [120.563466, 24.294505], [120.563527, 24.294256], [120.563708, 24.294016], [120.563715, 24.293781], [120.541812, 24.292752], [120.540905, 24.291425], [120.540434, 24.291138], [120.539365, 24.291293], [120.539262, 24.291383], [120.53907, 24.290427], [120.538839, 24.289996], [120.539032, 24.289867], [120.54015, 24.289703], [120.540177, 24.290029], [120.538476, 24.288511], [120.537376, 24.288413], [120.534969, 24.290813], [120.533367, 24.289745], [120.531498, 24.290555], [120.530711, 24.291055], [120.530076, 24.291194], [120.530491, 24.290337], [120.530379, 24.289602], [120.530942, 24.289706], [120.531453, 24.288987], [120.531051, 24.288607], [120.531521, 24.287953], [120.532032, 24.287935], [120.529588, 24.287909], [120.529883, 24.289145], [120.528583, 24.289009], [120.527598, 24.290387], [120.5263, 24.291191], [120.524373, 24.291591], [120.523866, 24.292276], [120.52452, 24.292882], [120.521731, 24.293672], [120.521047, 24.293067], [120.520611, 24.294083], [120.518185, 24.29317], [120.517415, 24.292749], [120.517084, 24.293065], [120.516705, 24.293174], [120.516925, 24.289894], [120.517032, 24.289854], [120.516334, 24.289238], [120.518233, 24.289377], [120.519383, 24.288608], [120.520062, 24.287989], [120.520512, 24.288763], [120.52161, 24.288301], [120.521749, 24.287965], [120.522136, 24.288186], [120.523892, 24.288495], [120.522326, 24.290461], [120.522498, 24.290718], [120.520536, 24.290017], [120.519935, 24.290122], [120.5201, 24.287003], [120.524931, 24.282634], [120.524705, 24.281964], [120.525989, 24.282588], [120.52668, 24.281906], [120.526722, 24.283419], [120.528728, 24.283655], [120.528787, 24.283057], [120.528304, 24.28222], [120.530332, 24.283045], [120.530427, 24.283512], [120.530263, 24.283842], [120.530804, 24.282398], [120.530551, 24.281848], [120.531966, 24.282146], [120.532146, 24.281928], [120.535996, 24.282068], [120.537262, 24.281459], [120.537368, 24.282645], [120.538017, 24.282994], [120.538575, 24.282826], [120.538472, 24.281801], [120.539556, 24.281462], [120.539115, 24.28072], [120.538157, 24.280991], [120.537099, 24.280618], [120.539456, 24.280575]]}}, {"type": "Feature", "properties": {"district": "6601200", "segment": 40, "total_segments": 40, "km": 4.9, "villages": ["海濱里"]}, "geometry": {"type": "LineString", "coordinates": [[120.541302, 24.279908], [120.540495, 24.28088], [120.540588, 24.281022], [120.537986, 24.291656], [120.538449, 24.292547], [120.538075, 24.293823], [120.536406, 24.292628], [120.542079, 24.297539], [120.51973, 24.29667]]}}]}