{"type": "FeatureCollection", "features": [{"type": "Feature", "properties": {"district": "6602800", "segment": 1, "total_segments": 47, "km": 11.74, "villages": ["中新里"]}, "geometry": {"type": "LineString", "coordinates": [[120.688637, 24.102744], [120.688457, 24.102035], [120.689515, 24.101376], [120.689861, 24.101768], [120.690159, 24.101659], [120.690664, 24.102291], [120.690807, 24.102205], [120.690977, 24.102439], [120.691371, 24.102184], [120.691411, 24.102135], [120.690991, 24.101553], [120.691112, 24.101433], [120.691008, 24.101349], [120.691001, 24.101202], [120.691136, 24.101121], [120.691172, 24.101193], [120.690915, 24.10121], [120.690861, 24.101338], [120.690684, 24.101444], [120.690767, 24.101505], [120.6909, 24.101448], [120.69068, 24.101634], [120.690574, 24.101474], [120.690377, 24.101601], [120.69012, 24.10127], [120.689968, 24.101343], [120.689839, 24.101186], [120.689674, 24.101266], [120.690068, 24.10148], [120.69011, 24.101804], [120.690245, 24.102004], [120.690152, 24.102177], [120.690278, 24.102373], [120.690342, 24.102334], [120.690255, 24.102218], [120.689981, 24.102186], [120.689946, 24.102342], [120.690177, 24.10263], [120.69052, 24.102423], [120.690347, 24.102634], [120.690025, 24.102732], [120.690303, 24.103146], [120.690424, 24.103203], [120.690491, 24.103152], [120.69033, 24.102859], [120.690626, 24.102711], [120.690877, 24.102698], [120.691006, 24.102779], [120.691587, 24.103622], [120.690688, 24.104194], [120.690114, 24.104356], [120.689967, 24.103952], [120.689863, 24.103992], [120.689761, 24.103844], [120.68929, 24.10387], [120.689291, 24.103703], [120.689674, 24.103684], [120.689652, 24.10361], [120.689774, 24.103603], [120.689855, 24.10377], [120.690039, 24.103614], [120.690168, 24.103776], [120.690317, 24.103815], [120.690504, 24.104086], [120.69037, 24.104115], [120.690211, 24.103904], [120.690354, 24.103669], [120.689851, 24.102958], [120.689937, 24.102902], [120.689609, 24.102478], [120.689531, 24.102526], [120.689786, 24.102873], [120.689545, 24.103103], [120.688946, 24.103201], [120.688789, 24.103301], [120.689276, 24.104919], [120.689525, 24.104937], [120.689991, 24.104812], [120.690028, 24.104914], [120.689545, 24.105014], [120.689517, 24.105189], [120.689733, 24.105217], [120.689719, 24.105282], [120.689817, 24.105303], [120.689958, 24.105177], [120.690123, 24.105229], [120.690163, 24.105595], [120.690046, 24.10562], [120.690064, 24.1061], [120.689658, 24.106168], [120.689326, 24.105073], [120.68967, 24.105279], [120.689778, 24.105514], [120.689938, 24.105579], [120.690013, 24.10553], [120.689972, 24.105386], [120.690221, 24.105222], [120.690377, 24.104608], [120.69026, 24.104641], [120.690277, 24.104701], [120.690202, 24.10451], [120.689353, 24.104704], [120.689421, 24.104503], [120.689806, 24.104438], [120.689922, 24.104174], [120.689877, 24.104039], [120.689648, 24.104074], [120.689664, 24.104143], [120.689371, 24.10413], [120.68942, 24.104043], [120.689571, 24.104071], [120.689527, 24.103619], [120.689104, 24.103646], [120.689063, 24.10346], [120.689565, 24.10343], [120.689644, 24.103399], [120.689604, 24.103255], [120.689932, 24.103467], [120.689992, 24.103426], [120.689934, 24.103346], [120.690144, 24.103178], [120.690444, 24.103723], [120.690557, 24.103769], [120.690683, 24.103978], [120.690803, 24.103949], [120.690588, 24.103659], [120.690689, 24.103584], [120.690595, 24.103542], [120.690702, 24.103433], [120.690517, 24.103187], [120.690521, 24.103341], [120.690755, 24.103193], [120.690871, 24.103345], [120.691085, 24.103233], [120.691121, 24.103326], [120.691197, 24.103286], [120.690827, 24.103494], [120.690934, 24.10361], [120.69128, 24.1034], [120.691364, 24.103546], [120.69105, 24.103718], [120.691097, 24.103776], [120.691012, 24.103649], [120.691417, 24.103994], [120.691632, 24.10386], [120.691695, 24.10396], [120.691575, 24.104049], [120.69189, 24.103945], [120.691789, 24.103797], [120.691753, 24.103943], [120.691929, 24.104002], [120.69208, 24.10389], [120.692212, 24.104121], [120.692443, 24.10401], [120.692284, 24.103767], [120.692139, 24.103689], [120.691944, 24.103785], [120.691792, 24.103538], [120.692064, 24.10341], [120.692203, 24.103601], [120.692533, 24.103507], [120.692624, 24.103471], [120.692598, 24.103383], [120.692449, 24.103427], [120.692582, 24.103293], [120.692676, 24.103319], [120.692724, 24.103443], [120.692651, 24.103592], [120.692749, 24.103786], [120.692603, 24.103818], [120.69265, 24.103957], [120.692828, 24.103986], [120.692944, 24.104467], [120.69265, 24.104523], [120.692677, 24.104607], [120.692546, 24.10423], [120.692342, 24.10434], [120.692442, 24.104727], [120.692316, 24.104782], [120.692281, 24.104631], [120.692153, 24.104625], [120.692107, 24.104472], [120.692249, 24.104499], [120.692215, 24.104405], [120.691971, 24.104401], [120.691558, 24.104623], [120.691466, 24.10449], [120.691932, 24.104229], [120.691841, 24.104635], [120.691975, 24.104817], [120.691901, 24.104857], [120.691742, 24.10469], [120.692015, 24.10502], [120.692052, 24.104915], [120.692206, 24.104847], [120.692134, 24.104675], [120.691084, 24.104323], [120.69097, 24.104374], [120.69102, 24.10444], [120.690902, 24.104265], [120.690719, 24.104395], [120.690316, 24.104491], [120.690611, 24.104555], [120.690686, 24.104653], [120.690686, 24.104518], [120.690789, 24.104471], [120.690839, 24.104548], [120.691081, 24.104168], [120.690981, 24.103114], [120.690807, 24.102922], [120.690638, 24.103022], [120.690729, 24.103159], [120.691253, 24.102828], [120.691382, 24.103003], [120.691688, 24.102862], [120.691935, 24.10264], [120.691591, 24.102181], [120.691672, 24.102143], [120.691857, 24.10232], [120.692044, 24.102645], [120.691967, 24.10268], [120.692224, 24.103111], [120.691765, 24.103294], [120.691673, 24.103172], [120.691922, 24.103027], [120.691863, 24.102984], [120.691963, 24.102925], [120.692021, 24.103009], [120.691785, 24.102967], [120.691634, 24.103056], [120.691493, 24.10272], [120.691724, 24.10256], [120.691646, 24.102499], [120.691224, 24.102791], [120.691095, 24.102606], [120.6912, 24.102422], [120.691486, 24.102238], [120.691529, 24.102087], [120.691463, 24.101991], [120.691651, 24.101854], [120.691579, 24.101805], [120.691449, 24.101889], [120.691383, 24.101821], [120.691177, 24.101527], [120.691254, 24.10141], [120.691487, 24.101411], [120.691655, 24.101711], [120.691827, 24.101669], [120.691642, 24.101271], [120.691809, 24.101271], [120.692346, 24.102511], [120.692513, 24.103146], [120.692296, 24.103269], [120.69193, 24.10198], [120.691667, 24.102034], [120.691761, 24.10199], [120.691462, 24.101595], [120.691374, 24.10158], [120.691804, 24.101224], [120.690861, 24.100979], [120.690049, 24.101101], [120.690525, 24.101139], [120.690588, 24.101222], [120.690463, 24.101732], [120.690592, 24.101908], [120.690686, 24.101921], [120.690658, 24.102001], [120.69078, 24.102169], [120.69087, 24.10184], [120.689836, 24.102214], [120.689714, 24.102307], [120.68983, 24.102522], [120.689554, 24.102395], [120.689421, 24.102213], [120.689395, 24.102102], [120.689509, 24.102007], [120.689388, 24.101838], [120.689233, 24.101919], [120.689185, 24.101851], [120.689507, 24.101657], [120.689473, 24.101601], [120.689616, 24.101799], [120.689155, 24.102239], [120.689468, 24.102443], [120.689228, 24.102613], [120.689378, 24.102609], [120.689284, 24.102703], [120.689434, 24.102788], [120.689497, 24.102748], [120.689381, 24.10284], [120.689293, 24.103185], [120.688754, 24.103165], [120.688764, 24.102994], [120.688679, 24.102877], [120.688979, 24.102758], [120.689104, 24.102344], [120.688851, 24.101967], [120.688745, 24.102048], [120.688917, 24.102211], [120.689121, 24.101974], [120.688533, 24.101486], [120.688439, 24.101545], [120.688261, 24.101418], [120.687988, 24.100398], [120.689, 24.100148], [120.688882, 24.1], [120.688588, 24.100063], [120.688734, 24.100308], [120.688837, 24.100343], [120.688876, 24.100486], [120.689176, 24.100271], [120.689536, 24.100878], [120.689043, 24.100834], [120.688906, 24.100891], [120.68869, 24.100618], [120.688967, 24.100571], [120.68896, 24.100711], [120.688675, 24.100457], [120.688607, 24.100501], [120.688528, 24.100409], [120.688612, 24.100353], [120.688555, 24.100691], [120.688292, 24.100832], [120.688574, 24.101193], [120.688152, 24.100159], [120.687873, 24.100184], [120.687736, 24.099744], [120.690291, 24.100542], [120.689566, 24.103617], [120.690246, 24.104957], [120.689918, 24.105846], [120.689806, 24.105874], [120.691044, 24.105562], [120.691264, 24.106014], [120.693155, 24.105664], [120.693146, 24.1056], [120.693342, 24.105504], [120.693282, 24.105316], [120.693523, 24.105814]]}}, {"type": "Feature", "properties": {"district": "6602800", "segment": 2, "total_segments": 47, "km": 14.99, "villages": ["大元里"]}, "geometry": {"type": "LineString", "coordinates": [[120.691417, 24.101151], [120.691401, 24.101094], [120.691588, 24.101071], [120.68981, 24.100445], [120.68936, 24.100203], [120.689222, 24.099833], [120.688995, 24.099856], [120.688714, 24.099763], [120.688676, 24.09971], [120.688963, 24.099619], [120.689225, 24.099727], [120.689258, 24.099553], [120.689136, 24.099587], [120.689094, 24.0994], [120.688459, 24.099617], [120.68858, 24.099883], [120.688635, 24.099724], [120.688231, 24.099958], [120.688183, 24.099843], [120.688294, 24.099804], [120.688038, 24.099704], [120.687861, 24.098776], [120.687675, 24.098746], [120.687651, 24.098645], [120.688717, 24.098728], [120.68869, 24.098824], [120.688558, 24.098847], [120.687939, 24.098752], [120.687655, 24.098401], [120.687364, 24.098482], [120.687468, 24.098821], [120.68717, 24.09881], [120.687272, 24.099169], [120.685021, 24.098939], [120.685107, 24.0984], [120.684926, 24.0984], [120.684868, 24.098895], [120.683308, 24.098755], [120.683341, 24.098549], [120.683704, 24.098404], [120.683521, 24.098155], [120.684343, 24.097571], [120.684436, 24.097392], [120.684556, 24.097357], [120.68495, 24.09768], [120.685499, 24.097444], [120.686008, 24.097439], [120.685986, 24.097355], [120.685486, 24.097349], [120.685122, 24.096994], [120.685171, 24.096864], [120.684924, 24.097109], [120.6846, 24.096781], [120.683742, 24.097386], [120.683293, 24.097482], [120.682948, 24.098145], [120.682751, 24.098372], [120.682797, 24.098524], [120.682527, 24.098621], [120.682339, 24.098538], [120.681491, 24.097834], [120.681934, 24.097398], [120.681802, 24.097281], [120.681355, 24.097713], [120.6811, 24.097489], [120.681539, 24.097056], [120.682002, 24.096811], [120.682368, 24.09645], [120.682432, 24.096547], [120.682635, 24.09633], [120.682198, 24.09622], [120.682014, 24.096343], [120.681697, 24.096306], [120.681783, 24.095955], [120.681588, 24.095956], [120.681614, 24.095861], [120.681438, 24.095948], [120.68111, 24.095836], [120.680952, 24.095861], [120.68084, 24.095715], [120.680294, 24.095573], [120.680164, 24.095717], [120.680688, 24.095973], [120.681194, 24.096387], [120.681283, 24.096195], [120.682443, 24.09581], [120.683314, 24.09598], [120.683556, 24.096137], [120.683698, 24.096109], [120.683777, 24.096442], [120.683293, 24.0966], [120.682796, 24.096469], [120.682825, 24.09616], [120.683082, 24.096295], [120.683377, 24.09697], [120.682643, 24.097435], [120.682174, 24.097945], [120.68237, 24.098108], [120.682322, 24.098195], [120.682703, 24.097656], [120.682089, 24.097103], [120.68214, 24.096901], [120.682364, 24.096613], [120.681416, 24.09696], [120.680973, 24.097392], [120.679898, 24.096524], [120.679779, 24.09632], [120.679641, 24.096302], [120.679523, 24.096113], [120.679667, 24.096008], [120.679558, 24.095737], [120.679372, 24.095655], [120.67923, 24.095886], [120.679099, 24.095913], [120.67845, 24.095276], [120.67859, 24.095168], [120.677462, 24.094141], [120.67729, 24.094304], [120.677471, 24.094498], [120.678349, 24.095177], [120.678397, 24.095304], [120.678771, 24.095249], [120.679888, 24.095663], [120.679904, 24.095439], [120.679701, 24.095404], [120.680618, 24.09496], [120.680591, 24.094823], [120.681402, 24.094096], [120.68124, 24.093858], [120.681131, 24.093835], [120.681124, 24.093941], [120.681002, 24.093807], [120.680926, 24.0939], [120.680867, 24.093777], [120.680595, 24.093715], [120.680549, 24.093876], [120.680724, 24.09392], [120.680312, 24.093829], [120.680022, 24.0936], [120.681037, 24.093141], [120.681209, 24.093491], [120.681595, 24.093851], [120.681926, 24.093585], [120.682051, 24.093711], [120.68211, 24.093322], [120.682236, 24.093192], [120.682312, 24.093379], [120.682733, 24.0929], [120.682649, 24.092754], [120.682713, 24.092667], [120.682867, 24.092752], [120.68295, 24.092667], [120.68287, 24.092501], [120.683185, 24.09245], [120.683205, 24.092756], [120.683409, 24.092865], [120.683438, 24.093052], [120.683962, 24.093584], [120.684084, 24.093597], [120.684266, 24.093857], [120.684163, 24.094052], [120.683953, 24.094011], [120.683915, 24.093898], [120.683754, 24.093844], [120.683675, 24.093973], [120.683557, 24.093984], [120.683495, 24.093741], [120.683589, 24.093645], [120.683313, 24.093563], [120.683216, 24.093713], [120.682937, 24.093648], [120.682891, 24.093836], [120.682989, 24.09386], [120.682948, 24.094096], [120.682833, 24.094078], [120.683347, 24.094102], [120.683365, 24.09396], [120.683792, 24.094009], [120.684166, 24.094256], [120.684292, 24.094413], [120.68413, 24.094559], [120.684445, 24.09469], [120.684498, 24.094958], [120.684669, 24.09492], [120.684725, 24.095238], [120.684847, 24.095365], [120.684932, 24.095344], [120.685209, 24.095704], [120.685461, 24.095485], [120.685652, 24.095459], [120.6861, 24.095604], [120.685444, 24.096117], [120.68525, 24.095847], [120.684841, 24.095637], [120.684705, 24.095785], [120.684422, 24.095816], [120.684208, 24.095726], [120.683896, 24.095787], [120.683859, 24.095312], [120.68403, 24.095242], [120.684135, 24.095306], [120.684496, 24.095144], [120.684527, 24.095548], [120.684213, 24.09619], [120.684834, 24.096548], [120.685077, 24.096297], [120.685491, 24.096659], [120.685779, 24.09641], [120.686172, 24.096243], [120.686711, 24.096506], [120.686766, 24.097354], [120.687031, 24.097193], [120.686948, 24.096715], [120.687305, 24.095579], [120.68828, 24.095669], [120.688313, 24.095526], [120.688241, 24.095503], [120.688435, 24.095551], [120.688501, 24.095451], [120.688313, 24.095134], [120.688603, 24.095527], [120.688497, 24.095733], [120.688609, 24.095888], [120.688578, 24.096728], [120.6887, 24.096715], [120.688663, 24.097218], [120.688413, 24.097041], [120.688205, 24.097112], [120.688285, 24.096841], [120.688426, 24.096682], [120.688282, 24.096683], [120.688319, 24.096571], [120.688146, 24.096549], [120.68809, 24.096405], [120.687787, 24.096438], [120.687867, 24.096582], [120.687945, 24.096582], [120.687916, 24.096705], [120.687202, 24.096655], [120.687386, 24.096507], [120.687676, 24.096571], [120.687761, 24.096829], [120.687682, 24.097431], [120.687816, 24.097369], [120.687826, 24.097207], [120.687561, 24.09706], [120.68727, 24.097043], [120.687271, 24.096966], [120.687558, 24.096974], [120.6875, 24.097358], [120.687392, 24.097354], [120.687354, 24.097579], [120.687662, 24.097568], [120.687677, 24.097707], [120.688653, 24.097743], [120.688645, 24.098241], [120.689514, 24.098284], [120.689365, 24.098481], [120.689256, 24.098394], [120.689055, 24.098388], [120.689033, 24.098584], [120.689122, 24.098696], [120.688968, 24.098973], [120.689073, 24.099253], [120.689165, 24.09923], [120.6891, 24.09897], [120.689279, 24.098994], [120.68961, 24.098894], [120.689491, 24.09873], [120.689223, 24.098716], [120.689192, 24.098606], [120.689299, 24.098629], [120.688861, 24.098701], [120.688771, 24.098962], [120.688696, 24.098977], [120.688835, 24.099089], [120.688906, 24.099306], [120.68884, 24.099318], [120.689485, 24.099333], [120.689724, 24.099267], [120.689652, 24.099152], [120.689366, 24.099223], [120.6895, 24.099603], [120.689568, 24.099566], [120.689805, 24.099698], [120.68977, 24.099917], [120.689598, 24.099935], [120.689584, 24.099864], [120.689381, 24.099836], [120.6898, 24.099558], [120.689768, 24.099433], [120.689997, 24.099349], [120.689893, 24.09923], [120.690012, 24.099387], [120.690058, 24.099774], [120.690472, 24.099033], [120.690064, 24.098873], [120.690039, 24.098707], [120.689956, 24.098697], [120.689985, 24.098802], [120.689834, 24.098795], [120.689764, 24.098547], [120.689899, 24.098505], [120.68993, 24.098607], [120.690253, 24.098477], [120.690205, 24.098642], [120.690564, 24.098761], [120.690745, 24.099107], [120.690556, 24.099042], [120.690552, 24.098624], [120.690424, 24.098477], [120.69039, 24.098185], [120.690033, 24.098072], [120.690065, 24.097979], [120.690196, 24.097952], [120.690183, 24.097771], [120.689654, 24.097629], [120.689875, 24.097463], [120.689921, 24.097324], [120.689795, 24.097241], [120.689772, 24.097345], [120.689604, 24.097301], [120.689604, 24.097399], [120.689467, 24.097346], [120.689718, 24.097117], [120.689443, 24.096948], [120.689566, 24.096801], [120.68952, 24.09672], [120.689357, 24.09663], [120.689277, 24.096706], [120.689302, 24.096787], [120.689171, 24.096814], [120.689054, 24.09729], [120.689121, 24.097335], [120.689028, 24.097368], [120.689162, 24.097254], [120.689246, 24.097004], [120.688753, 24.096445], [120.688772, 24.096058], [120.688956, 24.095951], [120.688925, 24.095886], [120.689007, 24.096073], [120.689135, 24.096137], [120.689028, 24.096269], [120.689219, 24.096448], [120.689204, 24.096572], [120.689242, 24.096276], [120.688935, 24.096307], [120.688792, 24.095824], [120.688438, 24.095725], [120.688163, 24.095787], [120.688128, 24.096057], [120.688043, 24.096021], [120.688077, 24.095782], [120.687791, 24.095818], [120.687843, 24.096032], [120.687754, 24.096051], [120.687669, 24.095764], [120.68778, 24.095773], [120.687869, 24.096113], [120.68752, 24.096166], [120.687526, 24.096078], [120.688286, 24.096273], [120.68819, 24.096158], [120.688298, 24.096098], [120.688318, 24.095973], [120.687821, 24.09529], [120.687619, 24.095358], [120.687031, 24.094864], [120.687201, 24.094711], [120.687337, 24.094098], [120.687095, 24.094068], [120.687082, 24.093897], [120.686869, 24.093957], [120.686705, 24.094259], [120.686961, 24.094228], [120.686551, 24.094065], [120.686628, 24.093738], [120.68652, 24.093662], [120.686338, 24.093846], [120.686215, 24.09365], [120.686593, 24.093385], [120.686728, 24.093458], [120.686641, 24.093592], [120.68695, 24.09371], [120.686148, 24.093048], [120.685999, 24.093097], [120.685943, 24.092854], [120.685576, 24.093043], [120.685587, 24.093234], [120.68527, 24.093515], [120.685395, 24.093567], [120.685691, 24.093318], [120.685987, 24.093618], [120.685654, 24.09389], [120.685744, 24.093965], [120.685494, 24.094122], [120.685505, 24.094001], [120.686083, 24.093749], [120.686142, 24.093395], [120.686093, 24.09432], [120.686449, 24.094873], [120.686172, 24.094698], [120.685935, 24.094289], [120.685142, 24.094177], [120.684923, 24.094237], [120.684575, 24.094591], [120.684682, 24.094714], [120.684484, 24.094429]]}}, {"type": "Feature", "properties": {"district": "6602800", "segment": 3, "total_segments": 47, "km": 9.92, "villages": ["大元里"]}, "geometry": {"type": "LineString", "coordinates": [[120.684415, 24.09414], [120.684545, 24.094132], [120.684559, 24.093826], [120.684294, 24.093413], [120.684622, 24.093272], [120.684804, 24.093641], [120.684961, 24.093678], [120.684891, 24.093847], [120.685087, 24.093886], [120.684825, 24.093167], [120.685011, 24.092958], [120.68503, 24.092661], [120.684928, 24.092607], [120.685418, 24.09283], [120.685255, 24.092559], [120.685481, 24.092398], [120.685089, 24.092226], [120.684667, 24.092522], [120.684444, 24.092536], [120.68435, 24.092741], [120.684501, 24.093059], [120.683638, 24.092817], [120.683539, 24.092345], [120.683614, 24.092111], [120.683311, 24.092049], [120.683873, 24.091185], [120.683761, 24.090893], [120.684301, 24.091475], [120.684708, 24.09179], [120.684552, 24.092159], [120.683171, 24.093191], [120.683138, 24.093297], [120.683006, 24.093285], [120.682942, 24.093523], [120.683073, 24.093543], [120.683049, 24.093101], [120.682499, 24.093667], [120.682214, 24.092795], [120.68166, 24.092987], [120.681271, 24.094459], [120.68129, 24.094675], [120.68095, 24.094778], [120.680526, 24.095291], [120.681196, 24.095213], [120.681422, 24.095394], [120.681494, 24.095286], [120.681221, 24.095014], [120.680097, 24.095946], [120.680033, 24.096125], [120.680211, 24.096273], [120.678575, 24.094516], [120.677803, 24.093265], [120.677949, 24.09312], [120.677867, 24.092879], [120.677982, 24.092375], [120.679013, 24.091372], [120.679147, 24.091012], [120.679012, 24.090875], [120.67869, 24.090808], [120.678557, 24.091046], [120.678318, 24.090907], [120.67824, 24.090517], [120.678343, 24.089532], [120.678873, 24.08947], [120.67895, 24.089872], [120.678876, 24.089954], [120.678987, 24.090137], [120.679174, 24.089957], [120.679382, 24.090012], [120.679243, 24.089845], [120.679385, 24.089687], [120.679372, 24.089486], [120.679902, 24.089508], [120.679916, 24.089371], [120.679363, 24.090411], [120.679143, 24.090432], [120.67881, 24.091194], [120.680524, 24.090867], [120.680529, 24.090751], [120.680881, 24.090958], [120.681013, 24.091265], [120.681617, 24.090714], [120.681734, 24.090065], [120.681848, 24.089965], [120.682595, 24.090587], [120.679253, 24.08811], [120.67892, 24.088066], [120.683241, 24.094615], [120.683447, 24.09477], [120.683574, 24.094768], [120.68363, 24.094884], [120.683515, 24.094978], [120.683715, 24.095139], [120.683807, 24.094974], [120.682936, 24.094881], [120.68459, 24.094262], [120.685373, 24.095208], [120.686424, 24.095331], [120.687581, 24.094401], [120.688569, 24.096859], [120.688107, 24.096978], [120.68814, 24.097283], [120.688355, 24.097301], [120.688336, 24.097581], [120.687824, 24.097577], [120.687633, 24.097708], [120.687157, 24.09773], [120.687341, 24.098411], [120.687122, 24.09846], [120.687079, 24.098291], [120.687152, 24.098696], [120.686861, 24.098667], [120.686744, 24.098748], [120.68665, 24.098639], [120.686222, 24.098688], [120.686214, 24.098592], [120.686278, 24.098594], [120.685976, 24.09844], [120.685993, 24.098044], [120.686136, 24.098046], [120.686123, 24.097916], [120.685124, 24.097944], [120.685128, 24.098034], [120.685943, 24.098042], [120.686007, 24.097626], [120.686165, 24.097441], [120.686119, 24.097352], [120.686441, 24.097352], [120.686116, 24.097193], [120.686142, 24.097086], [120.685979, 24.097137], [120.687084, 24.097321], [120.687086, 24.097498], [120.686865, 24.098042], [120.686708, 24.098187], [120.686724, 24.098357], [120.687445, 24.098125], [120.688317, 24.098004], [120.688452, 24.098102], [120.688524, 24.097928], [120.688864, 24.097865], [120.68901, 24.098109], [120.688882, 24.098109], [120.688906, 24.098401], [120.689678, 24.098254], [120.68962, 24.098004], [120.68974, 24.097928], [120.689696, 24.097784], [120.689462, 24.097611], [120.689246, 24.097594], [120.689256, 24.097505], [120.689225, 24.097735], [120.689278, 24.097741], [120.688748, 24.097583], [120.688407, 24.097583], [120.68987, 24.098332], [120.689858, 24.098996], [120.688359, 24.100113], [120.685074, 24.098039], [120.684939, 24.098022], [120.68492, 24.097823], [120.684725, 24.097906], [120.684784, 24.09815], [120.68425, 24.098252], [120.684074, 24.098489], [120.684241, 24.097985]]}}, {"type": "Feature", "properties": {"district": "6602800", "segment": 4, "total_segments": 47, "km": 14.98, "villages": ["大里里"]}, "geometry": {"type": "LineString", "coordinates": [[120.680879, 24.097898], [120.680819, 24.097954], [120.680629, 24.097808], [120.680282, 24.098147], [120.680191, 24.098031], [120.68043, 24.097804], [120.679878, 24.097319], [120.680107, 24.097054], [120.679857, 24.096836], [120.679682, 24.096997], [120.679853, 24.097153], [120.679731, 24.097185], [120.679523, 24.096986], [120.679652, 24.096968], [120.67953, 24.096853], [120.679302, 24.096867], [120.67912, 24.097415], [120.67902, 24.097336], [120.67896, 24.097505], [120.678943, 24.097585], [120.679129, 24.097641], [120.679002, 24.09802], [120.679109, 24.098127], [120.679193, 24.097974], [120.679775, 24.098154], [120.679818, 24.09804], [120.679452, 24.097733], [120.679519, 24.097631], [120.680143, 24.098132], [120.679336, 24.098916], [120.678842, 24.098048], [120.678856, 24.097901], [120.67855, 24.097835], [120.678409, 24.097923], [120.677874, 24.097988], [120.677383, 24.097821], [120.677343, 24.097658], [120.677887, 24.097531], [120.677946, 24.097611], [120.678011, 24.097527], [120.678064, 24.09735], [120.677944, 24.09723], [120.677973, 24.097169], [120.677872, 24.097248], [120.67775, 24.097214], [120.677893, 24.096797], [120.67806, 24.096898], [120.678005, 24.096977], [120.678074, 24.097086], [120.67841, 24.097226], [120.678647, 24.097222], [120.679022, 24.096594], [120.678881, 24.096511], [120.678699, 24.096733], [120.678357, 24.096601], [120.678322, 24.096696], [120.67807, 24.096714], [120.67803, 24.096609], [120.678244, 24.096573], [120.678439, 24.096309], [120.678525, 24.096347], [120.678458, 24.096436], [120.678597, 24.096357], [120.678637, 24.096141], [120.678826, 24.095947], [120.678739, 24.095899], [120.678398, 24.09622], [120.678135, 24.09621], [120.677895, 24.096439], [120.677818, 24.096399], [120.677992, 24.096225], [120.6777, 24.096512], [120.677953, 24.096626], [120.67783, 24.096741], [120.677588, 24.096707], [120.677641, 24.096804], [120.677594, 24.096959], [120.677522, 24.096978], [120.677409, 24.096839], [120.677244, 24.096938], [120.67727, 24.097365], [120.677207, 24.097476], [120.677362, 24.09745], [120.677331, 24.097303], [120.677583, 24.097424], [120.677773, 24.097388], [120.677822, 24.097806], [120.678645, 24.097617], [120.679045, 24.097258], [120.679315, 24.096581], [120.679428, 24.096622], [120.679491, 24.096523], [120.679401, 24.096668], [120.679137, 24.09641], [120.679198, 24.096308], [120.679055, 24.096232], [120.679105, 24.096157], [120.678901, 24.096475], [120.678537, 24.096786], [120.678367, 24.096714], [120.67865, 24.096871], [120.67856, 24.097026], [120.679445, 24.097462], [120.679634, 24.097348], [120.679699, 24.09744], [120.679639, 24.097494], [120.680053, 24.097349], [120.680493, 24.097746], [120.68066, 24.097633], [120.680728, 24.097704], [120.680786, 24.097648], [120.680698, 24.097732], [120.68019, 24.097196], [120.680414, 24.098193], [120.680511, 24.098241], [120.680046, 24.098455], [120.679966, 24.098668], [120.679576, 24.098431], [120.679375, 24.098367], [120.679351, 24.098431], [120.679469, 24.098468], [120.679281, 24.098429], [120.679339, 24.098307], [120.679266, 24.09825], [120.679398, 24.099156], [120.67952, 24.099004], [120.677376, 24.097865], [120.67712, 24.097995], [120.677137, 24.097676], [120.677224, 24.097633], [120.677011, 24.097695], [120.676766, 24.097553], [120.676325, 24.097601], [120.676293, 24.097353], [120.676417, 24.09739], [120.676409, 24.097449], [120.676547, 24.097359], [120.676419, 24.097077], [120.676728, 24.096979], [120.677084, 24.096988], [120.677071, 24.096936], [120.677195, 24.097059], [120.677116, 24.096686], [120.677201, 24.096672], [120.677214, 24.096797], [120.677215, 24.096564], [120.677075, 24.096561], [120.677033, 24.096417], [120.676745, 24.096215], [120.676718, 24.096453], [120.676619, 24.096455], [120.676497, 24.09622], [120.676563, 24.096148], [120.676406, 24.096119], [120.676408, 24.096186], [120.676199, 24.09628], [120.676301, 24.096459], [120.676235, 24.096619], [120.676611, 24.096746], [120.676603, 24.096884], [120.67648, 24.096927], [120.676361, 24.096868], [120.676233, 24.096957], [120.676167, 24.096805], [120.675954, 24.096789], [120.676032, 24.096544], [120.675994, 24.096425], [120.675578, 24.096101], [120.675277, 24.096419], [120.675185, 24.096251], [120.675483, 24.096538], [120.675666, 24.09636], [120.675766, 24.095914], [120.677111, 24.094497], [120.67735, 24.094699], [120.677404, 24.094881], [120.677723, 24.095111], [120.677638, 24.095202], [120.6773, 24.094949], [120.677468, 24.095042], [120.677275, 24.095209], [120.677701, 24.095576], [120.677887, 24.095293], [120.677842, 24.095211], [120.677416, 24.095625], [120.677494, 24.095691], [120.677146, 24.095425], [120.677237, 24.095182], [120.677063, 24.095056], [120.67719, 24.095052], [120.67715, 24.094786], [120.677241, 24.094866], [120.676256, 24.095855], [120.676257, 24.095988], [120.676354, 24.096007], [120.676038, 24.096114], [120.675991, 24.096047], [120.676101, 24.095942], [120.676634, 24.095906], [120.676552, 24.095661], [120.676723, 24.095494], [120.67693, 24.095676], [120.67703, 24.096141], [120.677305, 24.096349], [120.677698, 24.096034], [120.677614, 24.09594], [120.678159, 24.095424], [120.678507, 24.095776], [120.677573, 24.095981], [120.677458, 24.096067], [120.677434, 24.096474], [120.677559, 24.09652], [120.676867, 24.096877], [120.676742, 24.096864], [120.676737, 24.096666], [120.676625, 24.096571], [120.676749, 24.097084], [120.676226, 24.097232], [120.676072, 24.0974], [120.676162, 24.097637], [120.675891, 24.097655], [120.675888, 24.097177], [120.67598, 24.097088], [120.675669, 24.09689], [120.675543, 24.097197], [120.675567, 24.097556], [120.675489, 24.097725], [120.67506, 24.097707], [120.674992, 24.097503], [120.674849, 24.097518], [120.674868, 24.097646], [120.674755, 24.097667], [120.674704, 24.097595], [120.674987, 24.097316], [120.67478, 24.097298], [120.674939, 24.096932], [120.674916, 24.096807], [120.674462, 24.096313], [120.67449, 24.096012], [120.674585, 24.096029], [120.674335, 24.095745], [120.674571, 24.095707], [120.673897, 24.095858], [120.673332, 24.095156], [120.673104, 24.09515], [120.673076, 24.095056], [120.672585, 24.095396], [120.672568, 24.095494], [120.672297, 24.095335], [120.671836, 24.095417], [120.671708, 24.095327], [120.671889, 24.095565], [120.67163, 24.095812], [120.671515, 24.095795], [120.672217, 24.0965], [120.672076, 24.097262], [120.672575, 24.097291], [120.672846, 24.097399], [120.672867, 24.097177], [120.673219, 24.097196], [120.673269, 24.097259], [120.673449, 24.097239], [120.673313, 24.097471], [120.673142, 24.097447], [120.674114, 24.097583], [120.674292, 24.097501], [120.674363, 24.097623], [120.675527, 24.095991], [120.675395, 24.095756], [120.676826, 24.094523], [120.676643, 24.094407], [120.676694, 24.094192], [120.675931, 24.093485], [120.675504, 24.09363], [120.675525, 24.093934], [120.673717, 24.092401], [120.673473, 24.091927], [120.672721, 24.091983], [120.672546, 24.092138], [120.67249, 24.092058], [120.672655, 24.09241], [120.672007, 24.092141], [120.672135, 24.091564], [120.670506, 24.09165], [120.669752, 24.091567], [120.669719, 24.091756], [120.668557, 24.092162], [120.667741, 24.091795], [120.667488, 24.092516], [120.667169, 24.092903], [120.667135, 24.092998], [120.667211, 24.09304], [120.666998, 24.093299], [120.667004, 24.093072], [120.666798, 24.093079], [120.666879, 24.093227], [120.666651, 24.093576], [120.666705, 24.093655], [120.667023, 24.09341], [120.667193, 24.093543], [120.666997, 24.093748], [120.667099, 24.093818], [120.667328, 24.093573], [120.66722, 24.093504], [120.667306, 24.093311], [120.667443, 24.093238], [120.667358, 24.093188], [120.667405, 24.093083], [120.667584, 24.093296], [120.667794, 24.093106], [120.667914, 24.093176], [120.667807, 24.09323], [120.667582, 24.093627], [120.667334, 24.093809], [120.667509, 24.093952], [120.667328, 24.093876], [120.667056, 24.09405], [120.667373, 24.094545], [120.667552, 24.094555], [120.667449, 24.094729], [120.667556, 24.094815], [120.667499, 24.094932], [120.667661, 24.095127], [120.668061, 24.094777], [120.667292, 24.094772], [120.667213, 24.09498], [120.66701, 24.094797], [120.666869, 24.094355], [120.666645, 24.09442], [120.666415, 24.093791], [120.666295, 24.093707], [120.666095, 24.093874], [120.666015, 24.093372], [120.666517, 24.093172], [120.666742, 24.092866], [120.666689, 24.092727], [120.666402, 24.092711], [120.667039, 24.0928], [120.667078, 24.092749], [120.666595, 24.093258], [120.665958, 24.093063], [120.665736, 24.093509], [120.665804, 24.093643], [120.665485, 24.093389], [120.665322, 24.093441], [120.665137, 24.093965], [120.664627, 24.094407], [120.664787, 24.094789], [120.663624, 24.095034], [120.663569, 24.095475], [120.664105, 24.095675], [120.663999, 24.095826], [120.663148, 24.095748], [120.663222, 24.096366], [120.663436, 24.096549], [120.663824, 24.096677], [120.664095, 24.096366], [120.664148, 24.09619], [120.66426, 24.096723], [120.664437, 24.096857], [120.665031, 24.09692], [120.665208, 24.096828], [120.665575, 24.096919], [120.66528, 24.097171], [120.664825, 24.097327], [120.664836, 24.097991], [120.663374, 24.098367], [120.663413, 24.097034], [120.662936, 24.096953], [120.662746, 24.096773], [120.662526, 24.096942], [120.662196, 24.096916], [120.661974, 24.096659], [120.662327, 24.096608], [120.662423, 24.095727], [120.66232, 24.095629], [120.662571, 24.09542], [120.662989, 24.094461], [120.663029, 24.094299], [120.662878, 24.094141], [120.663333, 24.093237], [120.664569, 24.095608], [120.664392, 24.095725], [120.664367, 24.095946], [120.665025, 24.096011], [120.665014, 24.096648], [120.665211, 24.096591], [120.66488, 24.096454], [120.665347, 24.095931]]}}, {"type": "Feature", "properties": {"district": "6602800", "segment": 5, "total_segments": 47, "km": 14.82, "villages": ["大里里", "夏田里"]}, "geometry": {"type": "LineString", "coordinates": [[120.665599, 24.095991], [120.6657, 24.095863], [120.665853, 24.09601], [120.665894, 24.096218], [120.66584, 24.096224], [120.666206, 24.096553], [120.666199, 24.096792], [120.667278, 24.096446], [120.668215, 24.096669], [120.668409, 24.096928], [120.668638, 24.096263], [120.668848, 24.096065], [120.669317, 24.096605], [120.669439, 24.096647], [120.669589, 24.096922], [120.670115, 24.096923], [120.669804, 24.096575], [120.670969, 24.096986], [120.671416, 24.096919], [120.671887, 24.097109], [120.669697, 24.095009], [120.669378, 24.094496], [120.66939, 24.094336], [120.668928, 24.095153], [120.66877, 24.09514], [120.668646, 24.095763], [120.66838, 24.096005], [120.668056, 24.095748], [120.667963, 24.095573], [120.666949, 24.096], [120.666186, 24.094999], [120.666012, 24.094876], [120.666103, 24.094399], [120.666208, 24.094308], [120.665778, 24.094397], [120.666817, 24.093998], [120.666913, 24.094072], [120.666784, 24.093932], [120.66748, 24.093478], [120.667555, 24.093351], [120.668037, 24.09328], [120.668364, 24.093341], [120.668538, 24.093492], [120.668921, 24.093289], [120.668882, 24.090459], [120.669196, 24.090274], [120.665427, 24.095569], [120.665573, 24.095664], [120.66505, 24.095783], [120.66411, 24.096953], [120.666306, 24.098648], [120.661143, 24.095385], [120.660863, 24.095611], [120.658121, 24.094161], [120.658966, 24.093103], [120.678045, 24.095287], [120.677552, 24.093673], [120.67679, 24.09302], [120.676507, 24.092638], [120.675808, 24.092647], [120.675926, 24.092202], [120.675676, 24.092039], [120.675328, 24.092105], [120.674094, 24.090973], [120.673597, 24.090322], [120.673305, 24.090193], [120.67332, 24.089968], [120.673124, 24.089855], [120.672949, 24.089921], [120.672713, 24.089877], [120.672986, 24.090087], [120.673033, 24.089495], [120.673253, 24.089358], [120.673655, 24.089724], [120.673626, 24.08997], [120.673802, 24.089651], [120.672712, 24.089328], [120.672616, 24.089155], [120.6728, 24.088868], [120.671665, 24.088428], [120.671859, 24.08822], [120.672306, 24.088192], [120.673224, 24.088542], [120.672511, 24.089339], [120.672619, 24.089428], [120.670996, 24.08825], [120.67099, 24.088021], [120.670228, 24.087472], [120.669924, 24.08744], [120.669839, 24.087584], [120.669915, 24.087599], [120.669944, 24.087407], [120.66963, 24.087204], [120.669007, 24.086897], [120.668712, 24.086919], [120.668649, 24.086812], [120.668563, 24.086832], [120.668392, 24.086528], [120.668056, 24.086558], [120.668049, 24.086472], [120.668472, 24.086394], [120.668397, 24.086171], [120.668448, 24.085995], [120.668501, 24.086071], [120.668649, 24.086009], [120.668713, 24.086181], [120.668951, 24.086134], [120.668888, 24.085855], [120.669116, 24.085987], [120.668718, 24.086444], [120.668801, 24.086514], [120.668654, 24.086576], [120.668601, 24.086699], [120.66849, 24.086463], [120.668261, 24.086332], [120.667939, 24.086299], [120.667841, 24.086388], [120.667749, 24.086754], [120.667822, 24.086839], [120.667854, 24.087206], [120.667415, 24.087122], [120.667384, 24.086905], [120.667155, 24.0867], [120.667039, 24.086769], [120.666942, 24.086645], [120.666804, 24.086617], [120.666554, 24.086869], [120.66477, 24.087212], [120.664635, 24.086923], [120.664859, 24.086367], [120.664705, 24.085851], [120.663806, 24.085408], [120.663511, 24.086044], [120.663532, 24.086861], [120.663093, 24.087152], [120.662989, 24.087624], [120.662721, 24.088174], [120.662444, 24.088163], [120.662298, 24.088379], [120.66259, 24.088402], [120.662605, 24.088276], [120.662837, 24.088348], [120.663321, 24.087899], [120.663519, 24.087946], [120.663505, 24.088128], [120.663567, 24.088177], [120.663984, 24.088163], [120.663973, 24.088064], [120.663945, 24.089514], [120.664082, 24.090442], [120.663761, 24.090809], [120.664139, 24.091527], [120.664838, 24.092196], [120.66532, 24.090961], [120.66565, 24.090468], [120.665051, 24.090202], [120.664838, 24.090232], [120.664781, 24.089823], [120.666028, 24.090419], [120.665788, 24.090522], [120.666677, 24.09037], [120.66731, 24.087594], [120.667672, 24.087615], [120.667675, 24.087487], [120.667886, 24.087456], [120.66817, 24.087684], [120.66808, 24.087808], [120.667505, 24.087349], [120.668042, 24.087091], [120.668009, 24.086725], [120.668404, 24.086781], [120.668412, 24.086884], [120.668578, 24.086975], [120.668858, 24.086775], [120.669062, 24.086785], [120.669125, 24.086687], [120.668282, 24.085986], [120.668297, 24.085799], [120.667951, 24.085728], [120.667889, 24.086066], [120.66812, 24.085862], [120.668412, 24.085801], [120.668412, 24.085681], [120.6682, 24.085499], [120.668284, 24.085257], [120.667965, 24.08513], [120.668014, 24.085023], [120.668392, 24.085056], [120.66856, 24.085497], [120.6688, 24.085395], [120.668027, 24.085455], [120.667922, 24.08538], [120.667842, 24.085192], [120.66787, 24.085036], [120.66827, 24.084849], [120.667609, 24.084928], [120.66768, 24.085381], [120.666951, 24.085698], [120.666721, 24.085591], [120.666031, 24.085577], [120.665774, 24.085729], [120.667597, 24.086358], [120.668661, 24.08417], [120.668066, 24.083982], [120.668114, 24.08371]]}}, {"type": "Feature", "properties": {"district": "6602800", "segment": 6, "total_segments": 47, "km": 10.84, "villages": ["夏田里"]}, "geometry": {"type": "LineString", "coordinates": [[120.669807, 24.084627], [120.669807, 24.084921], [120.670015, 24.084945], [120.670046, 24.085067], [120.670139, 24.084978], [120.669886, 24.085169], [120.670165, 24.084589], [120.670057, 24.084249], [120.670581, 24.084005], [120.670951, 24.084184], [120.671782, 24.084285], [120.672127, 24.084464], [120.67167, 24.08477], [120.672628, 24.085381], [120.672627, 24.085644], [120.673092, 24.08582], [120.672928, 24.086188], [120.672757, 24.086319], [120.672455, 24.085961], [120.671233, 24.085819], [120.670815, 24.085657], [120.6709, 24.086709], [120.670856, 24.086782], [120.670663, 24.086763], [120.670448, 24.087242], [120.670812, 24.087258], [120.671219, 24.086798], [120.671523, 24.086779], [120.671247, 24.086992], [120.671897, 24.08703], [120.6721, 24.087325], [120.672468, 24.087216], [120.672218, 24.086711], [120.672408, 24.086635], [120.671924, 24.086506], [120.673753, 24.086149], [120.673727, 24.085962], [120.673877, 24.086412], [120.674185, 24.086496], [120.674536, 24.086406], [120.674487, 24.086696], [120.674898, 24.086476], [120.674894, 24.085403], [120.676561, 24.086236], [120.676057, 24.087163], [120.675897, 24.087855], [120.675726, 24.087774], [120.675672, 24.087535], [120.675794, 24.087058], [120.675594, 24.087139], [120.675511, 24.087458], [120.675047, 24.087383], [120.676517, 24.087837], [120.676467, 24.088262], [120.676861, 24.088332], [120.676914, 24.088412], [120.676644, 24.088642], [120.67644, 24.08871], [120.676634, 24.088851], [120.676577, 24.088997], [120.677409, 24.090295], [120.678074, 24.090131], [120.677927, 24.090808], [120.678005, 24.091198], [120.677754, 24.091545], [120.678039, 24.0916], [120.678056, 24.091516], [120.678208, 24.091819], [120.678499, 24.091393], [120.677322, 24.091181], [120.677391, 24.091037], [120.677124, 24.091024], [120.677907, 24.09256], [120.677815, 24.092609], [120.677374, 24.092539], [120.677615, 24.093049], [120.678071, 24.087096], [120.664531, 24.084318], [120.662507, 24.087382], [120.661935, 24.087451], [120.660439, 24.088113], [120.660175, 24.087808], [120.659851, 24.087965], [120.65978, 24.087751], [120.659042, 24.088336], [120.658947, 24.088609], [120.659904, 24.088694], [120.659947, 24.089241], [120.660272, 24.089447], [120.660595, 24.089425], [120.660719, 24.089653], [120.660956, 24.089291], [120.660895, 24.089115], [120.660511, 24.088948], [120.660413, 24.089206], [120.6592, 24.089158], [120.658883, 24.08967], [120.65845, 24.088521], [120.658498, 24.088372], [120.659034, 24.087841], [120.659237, 24.086674], [120.659662, 24.086524], [120.661824, 24.089256], [120.661672, 24.089857], [120.663008, 24.089504], [120.661593, 24.091418], [120.661109, 24.091062], [120.660258, 24.091833], [120.660305, 24.091986], [120.660224, 24.092072], [120.659883, 24.092106], [120.659764, 24.092692], [120.659545, 24.092671], [120.659219, 24.092276], [120.65886, 24.092277], [120.662123, 24.092688], [120.656481, 24.08866], [120.655736, 24.088706], [120.6558, 24.088935], [120.654685, 24.089113], [120.654453, 24.089291], [120.655939, 24.088341]]}}, {"type": "Feature", "properties": {"district": "6602800", "segment": 7, "total_segments": 47, "km": 14.97, "villages": ["西湖里"]}, "geometry": {"type": "LineString", "coordinates": [[120.673196, 24.081427], [120.67312, 24.08127], [120.673152, 24.081086], [120.673493, 24.080902], [120.673867, 24.081053], [120.673783, 24.081153], [120.673931, 24.0812], [120.674015, 24.081109], [120.674158, 24.081159], [120.67407, 24.081245], [120.674335, 24.081337], [120.674335, 24.081218], [120.67459, 24.081303], [120.674541, 24.081421], [120.674725, 24.08134], [120.674857, 24.081378], [120.674803, 24.081485], [120.674992, 24.081536], [120.675023, 24.08143], [120.675395, 24.081425], [120.675304, 24.081193], [120.675358, 24.081677], [120.675555, 24.081774], [120.675662, 24.081561], [120.675857, 24.081645], [120.675997, 24.081837], [120.676161, 24.081731], [120.676511, 24.081858], [120.676447, 24.081985], [120.676666, 24.081904], [120.676225, 24.082311], [120.676107, 24.08216], [120.675919, 24.082234], [120.675857, 24.082095], [120.675665, 24.082164], [120.675605, 24.082024], [120.675276, 24.082175], [120.67334, 24.081584], [120.673958, 24.080705], [120.675127, 24.079972], [120.675361, 24.079956], [120.675968, 24.080375], [120.676151, 24.080649], [120.676497, 24.080835], [120.676556, 24.080712], [120.676716, 24.080778], [120.677113, 24.08113], [120.678422, 24.081683], [120.678317, 24.081912], [120.677683, 24.081853], [120.676583, 24.081005], [120.677111, 24.080231], [120.676863, 24.080251], [120.676571, 24.080028], [120.676371, 24.080127], [120.676056, 24.079911], [120.67623, 24.079805], [120.676349, 24.079882], [120.676039, 24.079622], [120.675866, 24.079792], [120.675703, 24.079699], [120.676551, 24.080238], [120.677419, 24.079859], [120.677384, 24.079446], [120.677259, 24.079179], [120.676597, 24.078947], [120.676445, 24.079015], [120.676873, 24.078837], [120.676996, 24.07855], [120.677058, 24.078909], [120.677705, 24.079222], [120.677803, 24.079549], [120.678148, 24.079525], [120.678246, 24.079634], [120.679065, 24.079766], [120.679067, 24.079613], [120.679408, 24.079699], [120.679495, 24.079951], [120.678993, 24.079995], [120.678889, 24.081498], [120.679131, 24.08141], [120.67916, 24.08107], [120.679303, 24.080851], [120.679156, 24.08068], [120.679154, 24.080331], [120.678516, 24.080156], [120.678297, 24.080842], [120.678609, 24.081107], [120.678611, 24.081233], [120.678502, 24.081197], [120.678194, 24.080472], [120.678131, 24.079876], [120.677946, 24.079826], [120.677539, 24.080616], [120.677732, 24.080797], [120.677339, 24.080568], [120.675928, 24.080932], [120.675763, 24.080804], [120.677174, 24.083266], [120.677839, 24.083255], [120.678239, 24.083475], [120.678132, 24.083699], [120.677839, 24.083669], [120.677573, 24.083516], [120.678405, 24.083905], [120.679061, 24.083896], [120.67912, 24.083673], [120.678873, 24.083457], [120.678833, 24.08281], [120.678924, 24.082404], [120.678649, 24.082391], [120.678937, 24.082081], [120.679001, 24.081877], [120.679414, 24.081723], [120.679511, 24.082087], [120.679352, 24.08248], [120.679387, 24.082802], [120.67825, 24.08282], [120.679029, 24.084381], [120.680391, 24.085109], [120.680818, 24.084811], [120.680328, 24.084357], [120.680361, 24.084211], [120.680522, 24.084074], [120.680401, 24.084035], [120.680568, 24.083906], [120.680628, 24.083981], [120.680237, 24.084172], [120.680106, 24.0844], [120.680729, 24.08518], [120.680976, 24.085339], [120.681225, 24.085258], [120.681328, 24.085401], [120.681089, 24.085017], [120.681624, 24.084863], [120.681856, 24.084937], [120.681775, 24.084666], [120.681376, 24.084143], [120.681172, 24.083668], [120.680999, 24.083576], [120.680945, 24.083645], [120.682033, 24.082643], [120.682005, 24.081966], [120.68163, 24.081987], [120.681628, 24.081512], [120.681711, 24.08126], [120.6814, 24.081321], [120.681373, 24.081446], [120.680835, 24.081382], [120.680481, 24.081553], [120.680772, 24.081734], [120.681016, 24.081674], [120.681095, 24.080888], [120.680869, 24.080893], [120.681171, 24.080457], [120.6817, 24.08038], [120.681848, 24.080177], [120.681617, 24.080132], [120.68199, 24.080761], [120.6819, 24.080848], [120.682658, 24.080684], [120.682749, 24.080443], [120.682857, 24.080495], [120.682742, 24.080759], [120.683129, 24.080799], [120.683515, 24.080524], [120.683738, 24.08048], [120.683731, 24.080393], [120.684047, 24.080478], [120.683734, 24.080697], [120.68374, 24.08076], [120.683619, 24.0807], [120.683466, 24.080844], [120.683698, 24.080963], [120.683374, 24.081153], [120.683301, 24.080496], [120.683076, 24.080405], [120.682577, 24.080428], [120.68269, 24.079035], [120.68306, 24.079438], [120.683183, 24.079451], [120.683017, 24.078409], [120.682905, 24.078359], [120.683003, 24.078], [120.683132, 24.077978], [120.683157, 24.07787], [120.68345, 24.077717], [120.683285, 24.077575], [120.683499, 24.077505], [120.683644, 24.077268], [120.683495, 24.077165], [120.683492, 24.076923], [120.68338, 24.076905], [120.683987, 24.077068], [120.684487, 24.077073], [120.684657, 24.077197], [120.684523, 24.077333], [120.684242, 24.077364], [120.684494, 24.077713], [120.684841, 24.077552], [120.685075, 24.077545], [120.684906, 24.077185], [120.685316, 24.07716], [120.685708, 24.077354], [120.686144, 24.077349], [120.686371, 24.077437], [120.686153, 24.077586], [120.685891, 24.077497], [120.686046, 24.07771], [120.686597, 24.077851], [120.686598, 24.077987], [120.686346, 24.078058], [120.687118, 24.077772], [120.686671, 24.077243], [120.686531, 24.0768], [120.686286, 24.076686], [120.686114, 24.076476], [120.685878, 24.076615], [120.685734, 24.076521], [120.685655, 24.076639], [120.685668, 24.07676], [120.685916, 24.076985], [120.685592, 24.077552], [120.685823, 24.077725], [120.686921, 24.078152], [120.687254, 24.078357], [120.687506, 24.078241], [120.687984, 24.078252], [120.688099, 24.078577], [120.687981, 24.078833], [120.687572, 24.078728], [120.687832, 24.079106], [120.68807, 24.079246], [120.688087, 24.0794], [120.687652, 24.079374], [120.687388, 24.079527], [120.687346, 24.079685], [120.68743, 24.07991], [120.687655, 24.079881], [120.688204, 24.080366], [120.68847, 24.080348], [120.688607, 24.079929], [120.688946, 24.079969], [120.689031, 24.079779], [120.689051, 24.079634], [120.688519, 24.079563], [120.688773, 24.07899], [120.688515, 24.07854], [120.688831, 24.078632], [120.688634, 24.078129], [120.688429, 24.07808], [120.688926, 24.078068], [120.688982, 24.077385], [120.688544, 24.077391], [120.68846, 24.077214], [120.688092, 24.077233], [120.687959, 24.077462], [120.687678, 24.076976], [120.688187, 24.076186], [120.688318, 24.076216], [120.68948, 24.075394], [120.689975, 24.075525], [120.690337, 24.075148], [120.690266, 24.074692], [120.689695, 24.074963], [120.689765, 24.075907], [120.690254, 24.076134], [120.690231, 24.076229], [120.690409, 24.076306], [120.690277, 24.076522], [120.69026, 24.076844], [120.691214, 24.076864], [120.691215, 24.077256], [120.691337, 24.077258], [120.691365, 24.076919], [120.691477, 24.076871], [120.691674, 24.076873], [120.691721, 24.077093], [120.691564, 24.07758], [120.691316, 24.077593], [120.691324, 24.077347], [120.69139, 24.077304], [120.691188, 24.077406], [120.691218, 24.077774], [120.690845, 24.077542], [120.690855, 24.077409], [120.691039, 24.077387], [120.690983, 24.077288], [120.690816, 24.077279], [120.690604, 24.077273], [120.690619, 24.077378], [120.690716, 24.077396], [120.690549, 24.077426], [120.690566, 24.077616], [120.690713, 24.077603], [120.690649, 24.077724], [120.690029, 24.077721], [120.690031, 24.077613], [120.690189, 24.077619], [120.690175, 24.077347], [120.690041, 24.077344], [120.690071, 24.077246], [120.690159, 24.077248], [120.689844, 24.077237], [120.689874, 24.077951], [120.689338, 24.077896], [120.68953, 24.077622], [120.689725, 24.077585], [120.689721, 24.077696], [120.689614, 24.077697], [120.689611, 24.077385], [120.68977, 24.077346], [120.689437, 24.077349], [120.689531, 24.077168], [120.68953, 24.076762], [120.689999, 24.077019], [120.689782, 24.077135], [120.690036, 24.07685], [120.690167, 24.076845], [120.690328, 24.077018], [120.690327, 24.077133], [120.69044, 24.077131], [120.690441, 24.077016], [120.690675, 24.077024], [120.690673, 24.077136], [120.690782, 24.077141], [120.690598, 24.076645], [120.690125, 24.076435], [120.690033, 24.076734], [120.68913, 24.076847], [120.690037, 24.077948], [120.690609, 24.078007], [120.690732, 24.077925], [120.690732, 24.077754], [120.691023, 24.078046], [120.691143, 24.078046], [120.691132, 24.078182], [120.690687, 24.078214], [120.690963, 24.078442], [120.690787, 24.0786], [120.690919, 24.079083], [120.690731, 24.079117], [120.690619, 24.079301], [120.690436, 24.079305], [120.690528, 24.07919], [120.690606, 24.07942], [120.690843, 24.079412], [120.69091, 24.07962], [120.690808, 24.079819], [120.691042, 24.079724], [120.691175, 24.079771], [120.691113, 24.079975], [120.691199, 24.080088], [120.691469, 24.08017], [120.691497, 24.080269], [120.691366, 24.080521], [120.691052, 24.080445], [120.691095, 24.080232], [120.691292, 24.079951], [120.691431, 24.079981], [120.691528, 24.079807], [120.691563, 24.079235], [120.69148, 24.078184], [120.691188, 24.078206], [120.691501, 24.077975]]}}, {"type": "Feature", "properties": {"district": "6602800", "segment": 8, "total_segments": 47, "km": 14.99, "villages": ["西湖里"]}, "geometry": {"type": "LineString", "coordinates": [[120.691277, 24.078594], [120.691164, 24.078614], [120.691006, 24.078809], [120.690989, 24.079089], [120.691112, 24.079039], [120.691215, 24.07914], [120.691295, 24.079021], [120.691244, 24.07899], [120.69123, 24.079491], [120.691403, 24.079496], [120.691383, 24.079635], [120.69124, 24.0796], [120.691188, 24.079718], [120.691178, 24.07949], [120.690686, 24.079556], [120.690396, 24.079464], [120.691516, 24.080061], [120.69133, 24.080654], [120.691136, 24.080941], [120.690208, 24.080825], [120.689958, 24.0812], [120.690052, 24.081457], [120.689916, 24.081438], [120.689892, 24.081551], [120.690084, 24.081584], [120.690529, 24.081847], [120.690371, 24.082129], [120.690089, 24.082366], [120.689965, 24.082231], [120.690006, 24.082742], [120.689916, 24.082742], [120.689631, 24.083337], [120.689354, 24.083309], [120.689296, 24.083416], [120.689439, 24.083644], [120.689355, 24.083825], [120.68902, 24.083931], [120.68889, 24.083815], [120.688918, 24.083696], [120.688582, 24.083459], [120.688395, 24.083418], [120.688403, 24.083338], [120.688202, 24.084758], [120.687939, 24.085492], [120.687641, 24.085434], [120.687551, 24.085668], [120.687259, 24.085724], [120.686869, 24.085509], [120.686813, 24.085591], [120.68713, 24.085756], [120.687227, 24.085907], [120.687262, 24.086124], [120.687146, 24.086272], [120.687269, 24.086396], [120.687129, 24.086504], [120.686947, 24.086521], [120.686856, 24.086192], [120.686703, 24.086217], [120.686276, 24.085643], [120.686133, 24.08604], [120.686417, 24.086188], [120.686349, 24.086587], [120.686055, 24.086581], [120.686306, 24.086749], [120.686328, 24.087003], [120.687233, 24.087085], [120.687525, 24.085966], [120.687342, 24.085866], [120.687078, 24.085927], [120.686738, 24.085731], [120.687003, 24.086139], [120.687894, 24.086233], [120.687913, 24.085835], [120.688094, 24.085874], [120.689115, 24.084172], [120.68876, 24.084171], [120.688606, 24.083792], [120.688743, 24.083253], [120.688579, 24.083083], [120.68887, 24.082874], [120.688143, 24.08243], [120.687841, 24.082967], [120.687547, 24.082971], [120.687564, 24.083117], [120.688, 24.083174], [120.687645, 24.085088], [120.686133, 24.083618], [120.686151, 24.083207], [120.685975, 24.08292], [120.686231, 24.082157], [120.686058, 24.081978], [120.686162, 24.081808], [120.68642, 24.081737], [120.686421, 24.08154], [120.686662, 24.081582], [120.68762, 24.081411], [120.687638, 24.081105], [120.686743, 24.081186], [120.6859, 24.081528], [120.685523, 24.081546], [120.684615, 24.082516], [120.684514, 24.082548], [120.684365, 24.082458], [120.684261, 24.082523], [120.684566, 24.082779], [120.684549, 24.082985], [120.683977, 24.08278], [120.684298, 24.0832], [120.684908, 24.082897], [120.684988, 24.082984], [120.685054, 24.082907], [120.685058, 24.082704], [120.684861, 24.082677], [120.68487, 24.082862], [120.684734, 24.082631], [120.685253, 24.083072], [120.685484, 24.082593], [120.686766, 24.083089], [120.68692, 24.083028], [120.68701, 24.083113], [120.687086, 24.082841], [120.68717, 24.082864], [120.687495, 24.083152], [120.687542, 24.081903], [120.688154, 24.081419], [120.688402, 24.080991], [120.688367, 24.080765], [120.688159, 24.08071], [120.688801, 24.080831], [120.688646, 24.081855], [120.687139, 24.079359], [120.686719, 24.079403], [120.686721, 24.079563], [120.685717, 24.079767], [120.685271, 24.079706], [120.6851, 24.07925], [120.684957, 24.079941], [120.685148, 24.079972], [120.685169, 24.080219], [120.684288, 24.080348], [120.684202, 24.08016], [120.68532, 24.080422], [120.685434, 24.080147], [120.68584, 24.080141], [120.684015, 24.081826], [120.683419, 24.082019], [120.683821, 24.082361], [120.684068, 24.082376], [120.683749, 24.08258], [120.683438, 24.083841], [120.683336, 24.083935], [120.68313, 24.083791], [120.682557, 24.083826], [120.683751, 24.083899], [120.684364, 24.084196], [120.684569, 24.083728], [120.684974, 24.084797], [120.685101, 24.084858], [120.684396, 24.085108], [120.684452, 24.085641], [120.684798, 24.085977], [120.685035, 24.085643], [120.685692, 24.085329], [120.684437, 24.086301], [120.684078, 24.086363], [120.684189, 24.087206], [120.684276, 24.087384], [120.684814, 24.087237], [120.684868, 24.087447], [120.685087, 24.087449], [120.685018, 24.087622], [120.685268, 24.0878], [120.684034, 24.086114], [120.682358, 24.085076], [120.681819, 24.085583], [120.682054, 24.085662], [120.681972, 24.085832], [120.681639, 24.085754], [120.681359, 24.082136], [120.679747, 24.081288], [120.679649, 24.081355], [120.679621, 24.081159], [120.680616, 24.080322], [120.680755, 24.079898], [120.680698, 24.079636], [120.680763, 24.078673], [120.680923, 24.078068], [120.681254, 24.078242], [120.681724, 24.078333], [120.68149, 24.078032], [120.681545, 24.077819], [120.681422, 24.077793], [120.681459, 24.077685], [120.681927, 24.077817], [120.681984, 24.077643], [120.68152, 24.077522], [120.681599, 24.077406], [120.682026, 24.077513], [120.682043, 24.077452], [120.681805, 24.077884], [120.68159, 24.077833], [120.681884, 24.077916], [120.681865, 24.077965], [120.681365, 24.077046], [120.681104, 24.077082], [120.680936, 24.077294], [120.680694, 24.077297], [120.680602, 24.077605], [120.680792, 24.077884], [120.680689, 24.077999], [120.680191, 24.077906], [120.68, 24.077744], [120.679813, 24.077829], [120.679765, 24.077698], [120.679548, 24.077813], [120.679328, 24.077778], [120.679326, 24.077913], [120.679134, 24.077986], [120.679279, 24.078112], [120.67901, 24.078291], [120.679077, 24.078463], [120.678866, 24.078574], [120.678277, 24.078554], [120.678047, 24.078648], [120.677948, 24.07876], [120.678047, 24.078947], [120.677907, 24.078528], [120.67804, 24.078298], [120.678303, 24.078219], [120.678382, 24.078104], [120.677749, 24.077813], [120.677415, 24.078303], [120.678153, 24.077747], [120.678224, 24.077623], [120.678069, 24.077499], [120.678463, 24.077278], [120.679068, 24.077185], [120.67937, 24.077303], [120.679342, 24.077517], [120.67941, 24.077561], [120.679492, 24.077305], [120.679614, 24.077325], [120.6796, 24.077463], [120.679176, 24.077417], [120.679148, 24.077727], [120.678755, 24.07766], [120.678655, 24.077916], [120.678534, 24.077858], [120.678661, 24.077398], [120.678811, 24.077363], [120.678809, 24.076815], [120.679283, 24.076577], [120.679317, 24.076085], [120.679453, 24.076052], [120.679333, 24.075931], [120.679475, 24.075838], [120.679504, 24.075469], [120.680179, 24.075627], [120.680139, 24.075991], [120.679988, 24.075969], [120.680105, 24.07625], [120.67998, 24.076181], [120.679458, 24.07646], [120.679658, 24.076972], [120.67988, 24.077083], [120.680084, 24.076907], [120.679944, 24.076817], [120.680029, 24.076743], [120.680541, 24.076816], [120.680533, 24.076585], [120.680878, 24.076329], [120.680919, 24.076202], [120.680866, 24.076191], [120.680863, 24.076376], [120.68106, 24.07655], [120.681244, 24.076467], [120.681362, 24.076499], [120.681266, 24.076679], [120.681679, 24.076839], [120.681745, 24.076416], [120.681917, 24.076604], [120.683189, 24.076511], [120.682965, 24.076817], [120.682763, 24.076771], [120.682722, 24.07726], [120.683567, 24.078], [120.684168, 24.078314], [120.68416, 24.076834], [120.684036, 24.076801], [120.684453, 24.076473], [120.684716, 24.076359], [120.685026, 24.076547], [120.685293, 24.076343], [120.685796, 24.076289], [120.685987, 24.075905], [120.685662, 24.07586], [120.686108, 24.076301], [120.686379, 24.076285], [120.686396, 24.076373], [120.686767, 24.076562], [120.686767, 24.076116], [120.686551, 24.076102], [120.686755, 24.075594], [120.686633, 24.07553], [120.686463, 24.075203], [120.686691, 24.074781], [120.686549, 24.074602], [120.687018, 24.075055], [120.687054, 24.075235], [120.686913, 24.075254], [120.686979, 24.075528], [120.687129, 24.075538], [120.687224, 24.075271], [120.687344, 24.075266], [120.687324, 24.075137]]}}, {"type": "Feature", "properties": {"district": "6602800", "segment": 9, "total_segments": 47, "km": 12.36, "villages": ["西湖里"]}, "geometry": {"type": "LineString", "coordinates": [[120.687062, 24.075817], [120.684849, 24.075167], [120.684387, 24.075383], [120.684008, 24.075341], [120.683838, 24.075247], [120.684034, 24.074973], [120.684363, 24.075125], [120.684458, 24.074596], [120.684282, 24.074532], [120.684154, 24.074243], [120.683569, 24.074433], [120.683316, 24.074346], [120.683467, 24.074112], [120.683097, 24.074006], [120.68296, 24.074312], [120.683031, 24.074528], [120.682731, 24.074836], [120.682577, 24.074513], [120.682414, 24.074641], [120.682319, 24.075152], [120.682537, 24.075276], [120.682891, 24.075323], [120.682921, 24.074982], [120.683801, 24.074731], [120.683333, 24.075479], [120.683133, 24.075511], [120.683294, 24.075744], [120.683195, 24.07592], [120.683492, 24.07607], [120.68297, 24.075801], [120.682681, 24.075755], [120.682771, 24.075591], [120.682183, 24.075419], [120.681848, 24.075604], [120.681972, 24.075738], [120.681871, 24.075947], [120.681727, 24.075895], [120.681707, 24.076017], [120.681982, 24.076117], [120.682044, 24.076014], [120.681506, 24.075878], [120.681289, 24.075901], [120.681214, 24.076085], [120.680999, 24.076064], [120.681042, 24.075894], [120.68145, 24.076084], [120.68155, 24.075554], [120.681751, 24.07524], [120.681752, 24.074957], [120.681987, 24.075043], [120.681999, 24.074868], [120.681818, 24.074517], [120.681542, 24.07471], [120.681238, 24.074706], [120.681186, 24.0746], [120.681125, 24.074889], [120.680877, 24.075027], [120.681074, 24.075192], [120.680879, 24.075502], [120.680672, 24.075504], [120.680671, 24.075614], [120.68063, 24.075233], [120.680412, 24.074951], [120.680698, 24.074768], [120.680481, 24.074293], [120.681086, 24.074249], [120.681704, 24.073974], [120.681808, 24.073596], [120.682515, 24.073688], [120.682642, 24.073592], [120.682751, 24.073677], [120.682617, 24.073948], [120.682885, 24.074035], [120.683366, 24.073376], [120.683514, 24.07352], [120.68309, 24.073285], [120.682775, 24.073643], [120.682484, 24.073804], [120.682565, 24.07393], [120.683113, 24.073967], [120.68368, 24.072673], [120.683943, 24.072586], [120.683966, 24.072389], [120.684667, 24.072237], [120.684705, 24.072571], [120.684838, 24.072586], [120.684186, 24.072592], [120.684333, 24.07282], [120.684176, 24.07292], [120.684324, 24.073189], [120.684716, 24.073253], [120.684569, 24.073516], [120.684751, 24.07372], [120.685037, 24.073855], [120.684859, 24.074198], [120.684811, 24.074569], [120.68494, 24.074823], [120.685316, 24.073758], [120.685717, 24.073725], [120.685783, 24.07342], [120.685324, 24.073423], [120.685515, 24.072876], [120.685457, 24.072593], [120.686269, 24.072533], [120.686328, 24.072158], [120.686239, 24.072077], [120.685798, 24.072258], [120.685434, 24.071617], [120.685197, 24.071889], [120.68538, 24.072321], [120.685019, 24.071965], [120.684916, 24.071743], [120.683722, 24.072189], [120.68355, 24.071809], [120.683269, 24.071834], [120.683081, 24.071677], [120.682825, 24.071923], [120.682532, 24.071986], [120.682891, 24.072656], [120.682325, 24.072814], [120.681525, 24.072728], [120.681461, 24.073028], [120.683412, 24.072394], [120.683831, 24.072408], [120.683896, 24.071856], [120.683822, 24.071498], [120.684522, 24.071491], [120.684257, 24.071652], [120.685049, 24.071552], [120.686662, 24.071819], [120.687695, 24.073531], [120.687822, 24.073577], [120.688082, 24.07328], [120.689935, 24.073307], [120.691709, 24.074273], [120.692102, 24.074942], [120.692127, 24.075258], [120.691773, 24.075349], [120.692114, 24.075615], [120.692063, 24.075779], [120.691015, 24.07619], [120.690746, 24.07612], [120.690373, 24.075726], [120.691384, 24.076713], [120.690217, 24.078262], [120.68392, 24.075687], [120.680048, 24.074767], [120.679606, 24.077988], [120.679493, 24.078379], [120.678548, 24.079122], [120.687103, 24.08746], [120.68704, 24.087529], [120.686669, 24.069355], [120.686056, 24.069234]]}}, {"type": "Feature", "properties": {"district": "6602800", "segment": 10, "total_segments": 47, "km": 14.98, "villages": ["東湖里"]}, "geometry": {"type": "LineString", "coordinates": [[120.692611, 24.075182], [120.69338, 24.075666], [120.693428, 24.076044], [120.693364, 24.076386], [120.693131, 24.076929], [120.693319, 24.077104], [120.692912, 24.077165], [120.692543, 24.076998], [120.692241, 24.077347], [120.692284, 24.078001], [120.691924, 24.077895], [120.691951, 24.077712], [120.691765, 24.077882], [120.691844, 24.078066], [120.692001, 24.078078], [120.691666, 24.078116], [120.691696, 24.078822], [120.691939, 24.078682], [120.691994, 24.078795], [120.692147, 24.078801], [120.691944, 24.078389], [120.692503, 24.078112], [120.692971, 24.078399], [120.693032, 24.077957], [120.69328, 24.077993], [120.693331, 24.078179], [120.693219, 24.078553], [120.693359, 24.078617], [120.69338, 24.078541], [120.693346, 24.078679], [120.693516, 24.078837], [120.693676, 24.078929], [120.693823, 24.078879], [120.693818, 24.078967], [120.693858, 24.078478], [120.693755, 24.078485], [120.693746, 24.078627], [120.694164, 24.078603], [120.694254, 24.078753], [120.694335, 24.078711], [120.694654, 24.07881], [120.694721, 24.07891], [120.694647, 24.079081], [120.694577, 24.079026], [120.694612, 24.078948], [120.694547, 24.079092], [120.694317, 24.079223], [120.694451, 24.079341], [120.694401, 24.07946], [120.694136, 24.07935], [120.694101, 24.079467], [120.694203, 24.079721], [120.694117, 24.07971], [120.694142, 24.079885], [120.694327, 24.079912], [120.694433, 24.079531], [120.694838, 24.079699], [120.694797, 24.079922], [120.694924, 24.079927], [120.694973, 24.07973], [120.695249, 24.079757], [120.695217, 24.079552], [120.695617, 24.079522], [120.696161, 24.07968], [120.696232, 24.079517], [120.696058, 24.079374], [120.696027, 24.079171], [120.695649, 24.079123], [120.695531, 24.07882], [120.695566, 24.078408], [120.695654, 24.078309], [120.695996, 24.078292], [120.696039, 24.078873], [120.695985, 24.078965], [120.695872, 24.078965], [120.695855, 24.078421], [120.695761, 24.078414], [120.69572, 24.07897], [120.695495, 24.079163], [120.695521, 24.07937], [120.695352, 24.07937], [120.695425, 24.078322], [120.695296, 24.078269], [120.695166, 24.079062], [120.695051, 24.079035], [120.694986, 24.07919], [120.694906, 24.079201], [120.69501, 24.079298], [120.695145, 24.079271], [120.695138, 24.079555], [120.694501, 24.079731], [120.694478, 24.079904], [120.69459, 24.080056], [120.694429, 24.080052], [120.694404, 24.080221], [120.694317, 24.080224], [120.694296, 24.080053], [120.693797, 24.079951], [120.693769, 24.079829], [120.69398, 24.079853], [120.693869, 24.079588], [120.693913, 24.079482], [120.693767, 24.079355], [120.693855, 24.079211], [120.694062, 24.07928], [120.694128, 24.079166], [120.694039, 24.07912], [120.69422, 24.079212], [120.694018, 24.078845], [120.69441, 24.07861], [120.694586, 24.078394], [120.694557, 24.078324], [120.695173, 24.078145], [120.695862, 24.078127], [120.695459, 24.078013], [120.695449, 24.077779], [120.695192, 24.077691], [120.694976, 24.077892], [120.69426, 24.077898], [120.693982, 24.078033], [120.69385, 24.077906], [120.694127, 24.078048], [120.694239, 24.078239], [120.693936, 24.078344], [120.694495, 24.078342], [120.694479, 24.07865], [120.69478, 24.078751], [120.694918, 24.078392], [120.695028, 24.078374], [120.694837, 24.078854], [120.695003, 24.079005], [120.695118, 24.078847], [120.695158, 24.078268], [120.694735, 24.078355], [120.694232, 24.077781], [120.693442, 24.077813], [120.692918, 24.077941], [120.692798, 24.07854], [120.693616, 24.079092], [120.69359, 24.079269], [120.693372, 24.079582], [120.693468, 24.079672], [120.693138, 24.079667], [120.693037, 24.079573], [120.693167, 24.079496], [120.692837, 24.079756], [120.692622, 24.079682], [120.692595, 24.079542], [120.692736, 24.079567], [120.69241, 24.079506], [120.692385, 24.079624], [120.692194, 24.079604], [120.692111, 24.079706], [120.69204, 24.079615], [120.691659, 24.07959], [120.691652, 24.080108], [120.691886, 24.080154], [120.691909, 24.079995], [120.691793, 24.079991], [120.691811, 24.079879], [120.69208, 24.079864], [120.692242, 24.079973], [120.692237, 24.080082], [120.692065, 24.080086], [120.692082, 24.080263], [120.692569, 24.080432], [120.692584, 24.080366], [120.69275, 24.080395], [120.692634, 24.080665], [120.692462, 24.080558], [120.692477, 24.08073], [120.692752, 24.080896], [120.693114, 24.080933], [120.693342, 24.081096], [120.693593, 24.081125], [120.693784, 24.081343], [120.693653, 24.081304], [120.693858, 24.081162], [120.693988, 24.081187], [120.693986, 24.081011], [120.694621, 24.081051], [120.694887, 24.081168], [120.694903, 24.080891], [120.6947, 24.080853], [120.694571, 24.080732], [120.69453, 24.080892], [120.694425, 24.080954], [120.69438, 24.080753], [120.693978, 24.080631], [120.693991, 24.080558], [120.694376, 24.080636], [120.694394, 24.080308], [120.693777, 24.080251], [120.693741, 24.080189], [120.693762, 24.080337], [120.693501, 24.080336], [120.693616, 24.079954], [120.693307, 24.079879], [120.692864, 24.080026], [120.692826, 24.080134], [120.69243, 24.07975], [120.692464, 24.079385], [120.692003, 24.079317], [120.691967, 24.079123], [120.691672, 24.079116], [120.691672, 24.079189], [120.691651, 24.078988], [120.691828, 24.080355], [120.692179, 24.080532], [120.692249, 24.080256], [120.691733, 24.081005], [120.691641, 24.08075], [120.692472, 24.081069], [120.692569, 24.080969], [120.692665, 24.081018], [120.692647, 24.081286], [120.692386, 24.081228], [120.692287, 24.08132], [120.692527, 24.08158], [120.692734, 24.082069], [120.69272, 24.082243], [120.692647, 24.082224], [120.693022, 24.082301], [120.693084, 24.082173], [120.692878, 24.082126], [120.693632, 24.082266], [120.69397, 24.082667], [120.694179, 24.082704], [120.694037, 24.083547], [120.693805, 24.0835], [120.693884, 24.083148], [120.693746, 24.08311], [120.693887, 24.082902], [120.693643, 24.083207], [120.693577, 24.083418], [120.693685, 24.083467], [120.693267, 24.083245], [120.692636, 24.083198], [120.692545, 24.083371], [120.692625, 24.083447], [120.692585, 24.083648], [120.693086, 24.083515], [120.693596, 24.083788], [120.693963, 24.083782], [120.693858, 24.084294], [120.694259, 24.084231], [120.694649, 24.084008], [120.694853, 24.084039], [120.694828, 24.08416], [120.69487, 24.083936], [120.694974, 24.083931], [120.695454, 24.084018], [120.695423, 24.084194], [120.695646, 24.084315], [120.69618, 24.084342], [120.696156, 24.084442], [120.695622, 24.084408], [120.695509, 24.084805], [120.695485, 24.084902], [120.695611, 24.085037], [120.69549, 24.085138], [120.695941, 24.085235], [120.695979, 24.085069], [120.695713, 24.085037], [120.695705, 24.084888], [120.695858, 24.084814], [120.695901, 24.084594], [120.695257, 24.084519], [120.694991, 24.083661], [120.694199, 24.083546], [120.694225, 24.083354], [120.694347, 24.083205], [120.694254, 24.083169], [120.694372, 24.082967], [120.694577, 24.083118], [120.69482, 24.083172], [120.69494, 24.082914], [120.694656, 24.082815], [120.694513, 24.082656], [120.694465, 24.082771], [120.69428, 24.082412], [120.694841, 24.081822], [120.695068, 24.081383], [120.695267, 24.081535], [120.695072, 24.081904], [120.695255, 24.081893], [120.695422, 24.081662], [120.695794, 24.081963], [120.695674, 24.082225], [120.69522, 24.0821], [120.695263, 24.082223], [120.695638, 24.082321], [120.695556, 24.082504], [120.695298, 24.082433], [120.695168, 24.082183], [120.695183, 24.082678], [120.695304, 24.082713], [120.69567, 24.082563], [120.695972, 24.082647], [120.69599, 24.082594], [120.695707, 24.082515], [120.696087, 24.082673], [120.696402, 24.082703], [120.696282, 24.082609], [120.69642, 24.082332], [120.696183, 24.082114], [120.696501, 24.082139], [120.696578, 24.081584], [120.696664, 24.081591], [120.696703, 24.081394], [120.696624, 24.081377], [120.696593, 24.081503], [120.696695, 24.081675], [120.696645, 24.082181], [120.696559, 24.082303], [120.696662, 24.082477], [120.69694, 24.082638], [120.697422, 24.082566], [120.697693, 24.081939], [120.698264, 24.080122], [120.698322, 24.079737], [120.698089, 24.079718], [120.698044, 24.079861], [120.698131, 24.079573], [120.697782, 24.079479], [120.697677, 24.079811], [120.697765, 24.080065], [120.697559, 24.080213], [120.697357, 24.080152], [120.697245, 24.080258], [120.697852, 24.080514], [120.697417, 24.081868], [120.697278, 24.081852], [120.697293, 24.08148], [120.697463, 24.081451], [120.697474, 24.081174], [120.697704, 24.080634], [120.697451, 24.08076], [120.697441, 24.080856], [120.697413, 24.080602], [120.697281, 24.080591], [120.697244, 24.080924], [120.696202, 24.080784], [120.696219, 24.080463], [120.696058, 24.080465], [120.696058, 24.08035], [120.695947, 24.080436], [120.695686, 24.08044], [120.695699, 24.080314], [120.695897, 24.080307], [120.696006, 24.080503], [120.696264, 24.080303], [120.69625, 24.08013], [120.696138, 24.080101], [120.696158, 24.079883], [120.695918, 24.079758], [120.695642, 24.079789], [120.695507, 24.079716], [120.695439, 24.079947], [120.695962, 24.079988], [120.696381, 24.080347], [120.69704, 24.080546], [120.696907, 24.080603], [120.696391, 24.080465], [120.696197, 24.080925], [120.696221, 24.081204], [120.697037, 24.081288], [120.697211, 24.08126], [120.697224, 24.081143], [120.696875, 24.08099], [120.696368, 24.080975], [120.697115, 24.080728], [120.697134, 24.080216], [120.696327, 24.079895], [120.696536, 24.079838], [120.697032, 24.080014], [120.696843, 24.079589], [120.696693, 24.079445], [120.696638, 24.079177], [120.696218, 24.079043], [120.69628, 24.07885], [120.696203, 24.078721], [120.696215, 24.07838], [120.69657, 24.078631], [120.696188, 24.079204], [120.69581, 24.079299], [120.695804, 24.079359], [120.695727, 24.079303], [120.694761, 24.080146], [120.694691, 24.080529], [120.694574, 24.080582], [120.69452, 24.080514], [120.694565, 24.08026], [120.694512, 24.080257], [120.694194, 24.080393], [120.694011, 24.080367], [120.693887, 24.080517], [120.693726, 24.08053], [120.693641, 24.080742], [120.693817, 24.080789], [120.693887, 24.081006], [120.694099, 24.080846], [120.69433, 24.080874], [120.694339, 24.08118], [120.694237, 24.081187], [120.694636, 24.0812], [120.694874, 24.081325], [120.694741, 24.081613], [120.695278, 24.081972], [120.695516, 24.082031], [120.695423, 24.081141], [120.693367, 24.080612], [120.693298, 24.080852], [120.69283, 24.080762], [120.692834, 24.0811], [120.693195, 24.081205], [120.693024, 24.081742], [120.692348, 24.081939], [120.691816, 24.081999], [120.691315, 24.082835], [120.691615, 24.083123], [120.691465, 24.083183], [120.691286, 24.083497], [120.691612, 24.083712], [120.691483, 24.083807], [120.691206, 24.083576], [120.690916, 24.083931], [120.691214, 24.084266], [120.69109, 24.084512], [120.69122, 24.084795], [120.69111, 24.084836], [120.691288, 24.085105], [120.691864, 24.085382]]}}, {"type": "Feature", "properties": {"district": "6602800", "segment": 11, "total_segments": 47, "km": 15.0, "villages": ["東湖里"]}, "geometry": {"type": "LineString", "coordinates": [[120.691435, 24.085414], [120.691467, 24.085356], [120.691209, 24.085216], [120.691168, 24.085293], [120.690679, 24.084872], [120.690421, 24.084784], [120.690261, 24.084239], [120.690487, 24.084122], [120.690611, 24.083705], [120.690237, 24.083571], [120.689868, 24.083806], [120.689736, 24.084004], [120.689854, 24.084156], [120.690033, 24.083905], [120.68952, 24.084087], [120.689237, 24.084685], [120.69015, 24.085208], [120.689774, 24.085853], [120.689346, 24.086082], [120.688865, 24.086712], [120.689141, 24.086948], [120.689008, 24.087201], [120.689094, 24.087309], [120.688955, 24.08731], [120.688963, 24.087531], [120.6892, 24.087813], [120.689326, 24.087812], [120.689384, 24.08763], [120.68929, 24.08761], [120.689368, 24.087288], [120.689527, 24.087312], [120.689521, 24.087556], [120.689748, 24.087799], [120.689654, 24.087854], [120.689544, 24.087729], [120.689278, 24.087656], [120.689321, 24.087984], [120.690178, 24.088983], [120.690331, 24.088832], [120.690573, 24.089034], [120.690631, 24.088926], [120.690524, 24.088746], [120.69081, 24.088417], [120.69072, 24.088352], [120.690824, 24.088182], [120.691709, 24.088854], [120.691649, 24.089021], [120.691247, 24.089466], [120.69101, 24.089312], [120.690991, 24.089212], [120.691398, 24.088985], [120.69134, 24.08916], [120.691139, 24.088804], [120.690862, 24.088605], [120.690757, 24.088711], [120.690922, 24.088799], [120.690686, 24.088946], [120.690548, 24.089288], [120.690334, 24.089132], [120.690094, 24.089256], [120.690275, 24.089648], [120.690545, 24.089624], [120.690611, 24.089915], [120.690852, 24.0899], [120.690965, 24.090052], [120.690909, 24.090163], [120.690986, 24.090304], [120.691413, 24.090633], [120.691794, 24.090808], [120.691554, 24.091051], [120.691068, 24.091345], [120.691268, 24.091637], [120.693548, 24.089926], [120.693305, 24.089599], [120.693627, 24.089228], [120.693219, 24.088909], [120.693139, 24.088864], [120.69297, 24.089003], [120.693383, 24.089307], [120.69324, 24.089358], [120.692885, 24.089117], [120.692742, 24.089199], [120.692626, 24.08912], [120.692983, 24.088756], [120.692703, 24.088843], [120.69232, 24.088575], [120.692138, 24.088818], [120.691984, 24.088888], [120.691923, 24.088845], [120.691871, 24.08899], [120.693016, 24.089845], [120.692768, 24.089931], [120.692327, 24.089635], [120.692266, 24.089721], [120.692856, 24.09017], [120.692142, 24.090608], [120.692229, 24.090719], [120.692152, 24.090762], [120.691985, 24.09063], [120.691908, 24.090707], [120.691677, 24.090559], [120.691011, 24.090013], [120.690764, 24.090183], [120.690836, 24.09031], [120.691549, 24.090848], [120.692053, 24.090524], [120.692263, 24.090262], [120.69204, 24.090084], [120.692131, 24.089975], [120.692394, 24.090171], [120.692454, 24.090102], [120.692614, 24.090221], [120.692144, 24.089868], [120.692092, 24.089944], [120.691936, 24.089887], [120.691851, 24.089788], [120.691903, 24.089713], [120.691598, 24.089487], [120.691562, 24.089426], [120.69174, 24.089261], [120.69167, 24.089208], [120.691764, 24.089091], [120.691791, 24.0893], [120.692064, 24.089379], [120.692009, 24.089474], [120.692173, 24.08963], [120.692238, 24.089562], [120.691888, 24.089406], [120.692013, 24.089792], [120.691743, 24.089786], [120.692318, 24.089135], [120.693128, 24.089711], [120.693841, 24.089583], [120.694392, 24.089208], [120.694328, 24.088983], [120.694221, 24.089134], [120.694102, 24.089047], [120.694048, 24.089107], [120.694162, 24.089196], [120.694532, 24.088936], [120.69491, 24.088218], [120.695035, 24.088252], [120.694977, 24.088454], [120.695199, 24.088538], [120.695607, 24.088019], [120.695504, 24.087913], [120.695128, 24.087808], [120.695022, 24.088075], [120.694923, 24.088065], [120.694232, 24.087766], [120.694251, 24.087667], [120.694366, 24.087645], [120.694984, 24.087901], [120.695027, 24.087722], [120.694334, 24.087487], [120.694157, 24.087502], [120.694077, 24.087732], [120.693824, 24.087472], [120.694128, 24.087333], [120.694215, 24.087398], [120.694469, 24.087322], [120.695164, 24.087561], [120.695217, 24.087977], [120.69514, 24.088181], [120.694773, 24.088154], [120.694751, 24.088337], [120.695662, 24.087683], [120.695062, 24.086719], [120.695477, 24.086112], [120.695929, 24.086397], [120.696258, 24.085248], [120.696413, 24.085262], [120.696427, 24.08513], [120.69651, 24.085133], [120.696596, 24.084704], [120.696469, 24.084829], [120.696317, 24.084824], [120.69636, 24.084378], [120.696671, 24.084292], [120.69672, 24.084198], [120.696652, 24.08424], [120.696878, 24.08425], [120.696822, 24.084624], [120.696309, 24.084878], [120.696287, 24.085035], [120.696996, 24.084089], [120.697365, 24.08287], [120.69607, 24.082892], [120.696656, 24.083075], [120.69698, 24.083041], [120.696565, 24.083272], [120.696661, 24.08387], [120.697024, 24.082107], [120.697121, 24.082141], [120.697073, 24.082445], [120.696863, 24.081952], [120.696929, 24.081417], [120.697781, 24.080309], [120.697984, 24.080357], [120.697308, 24.079104], [120.694317, 24.076483], [120.692116, 24.076572], [120.691955, 24.076953], [120.693427, 24.080937], [120.693169, 24.082551], [120.692919, 24.082565], [120.692873, 24.082672], [120.692744, 24.082492], [120.69237, 24.082754], [120.69238, 24.083024], [120.692737, 24.082969], [120.692364, 24.083359], [120.691935, 24.083208], [120.693356, 24.08314], [120.692527, 24.085224], [120.693144, 24.085564], [120.693018, 24.085774], [120.692691, 24.085589], [120.692618, 24.085744], [120.692462, 24.08567], [120.692307, 24.08597], [120.692159, 24.085906], [120.692153, 24.0861], [120.692743, 24.086315], [120.692673, 24.086414], [120.692731, 24.086468], [120.692636, 24.086563], [120.692454, 24.086565], [120.692383, 24.086427], [120.692012, 24.086372], [120.691956, 24.086261], [120.691925, 24.086308], [120.692067, 24.086045], [120.692033, 24.086236], [120.69219, 24.086343], [120.692053, 24.086512], [120.692198, 24.08657], [120.692033, 24.086924], [120.69182, 24.087231], [120.691784, 24.087125], [120.691489, 24.08694], [120.691154, 24.087482], [120.691485, 24.087688], [120.691679, 24.087447], [120.691541, 24.086873], [120.691756, 24.086519], [120.691899, 24.086435], [120.692018, 24.086497], [120.691815, 24.086748], [120.691884, 24.086799], [120.691732, 24.086787], [120.691681, 24.086855], [120.692185, 24.086908], [120.692396, 24.086668], [120.692518, 24.086761], [120.692815, 24.086374], [120.692519, 24.086301], [120.69261, 24.086101], [120.692797, 24.086183], [120.692891, 24.086136], [120.692989, 24.085924], [120.692668, 24.085767], [120.692571, 24.086084], [120.692391, 24.086], [120.692194, 24.085756], [120.692276, 24.085603], [120.692082, 24.085586], [120.692419, 24.085457], [120.692491, 24.085348], [120.692205, 24.085173], [120.693358, 24.085704], [120.692544, 24.08745], [120.69199, 24.087262], [120.691268, 24.087892], [120.691095, 24.087897], [120.690809, 24.08741], [120.690706, 24.087389], [120.690591, 24.087517], [120.690556, 24.087581], [120.690631, 24.087632], [120.690684, 24.087563], [120.690498, 24.087714], [120.690748, 24.087986], [120.690687, 24.088115], [120.690791, 24.088158], [120.690892, 24.088077], [120.69117, 24.088277], [120.691332, 24.088042], [120.691528, 24.088078], [120.691515, 24.088341], [120.691633, 24.088432], [120.691569, 24.088516], [120.691615, 24.088639], [120.69171, 24.088579], [120.691451, 24.088411], [120.690689, 24.08846], [120.690451, 24.088729], [120.690294, 24.088791], [120.689878, 24.088177], [120.690073, 24.088111], [120.690291, 24.088407], [120.690318, 24.088571], [120.690508, 24.088346], [120.690534, 24.087995], [120.690294, 24.087767], [120.690384, 24.087635], [120.690432, 24.087711], [120.690087, 24.087452], [120.690237, 24.087112], [120.690559, 24.087274], [120.690838, 24.087767], [120.690004, 24.087638], [120.68985, 24.087977], [120.689916, 24.087498], [120.689379, 24.08711], [120.68937, 24.086903], [120.688717, 24.086613], [120.688474, 24.086411], [120.688536, 24.086096], [120.688394, 24.085869], [120.688536, 24.085628], [120.688418, 24.08557], [120.688463, 24.085496], [120.688082, 24.086176], [120.688904, 24.086098], [120.689322, 24.085503], [120.690221, 24.086134], [120.690715, 24.08434], [120.690916, 24.084337], [120.690302, 24.082551], [120.690785, 24.081767], [120.691359, 24.081244]]}}, {"type": "Feature", "properties": {"district": "6602800", "segment": 12, "total_segments": 47, "km": 14.97, "villages": ["東湖里", "金城里"]}, "geometry": {"type": "LineString", "coordinates": [[120.688603, 24.087466], [120.688793, 24.088513], [120.689449, 24.088507], [120.688177, 24.088721], [120.687609, 24.089027], [120.687485, 24.088635], [120.687267, 24.088675], [120.687277, 24.088739], [120.686964, 24.088507], [120.687244, 24.088397], [120.687231, 24.088035], [120.687046, 24.087885], [120.687191, 24.087627], [120.687578, 24.087535], [120.687516, 24.08817], [120.687176, 24.089265], [120.687572, 24.089443], [120.687935, 24.090285], [120.688343, 24.090696], [120.688853, 24.090286], [120.688991, 24.090438], [120.689134, 24.090294], [120.689397, 24.09024], [120.689425, 24.090346], [120.689138, 24.090467], [120.68866, 24.090916], [120.688768, 24.091011], [120.688904, 24.090894], [120.688991, 24.090963], [120.688842, 24.091088], [120.688941, 24.09119], [120.689198, 24.091006], [120.689016, 24.090755], [120.689075, 24.090708], [120.689292, 24.090941], [120.689474, 24.090811], [120.689537, 24.090879], [120.689068, 24.091305], [120.689349, 24.091569], [120.6896, 24.091435], [120.689643, 24.091518], [120.689481, 24.091693], [120.689699, 24.09189], [120.690068, 24.091556], [120.689978, 24.091484], [120.689916, 24.091536], [120.690157, 24.09134], [120.690091, 24.091249], [120.689805, 24.091407], [120.689706, 24.091299], [120.689849, 24.091193], [120.689628, 24.090963], [120.689662, 24.090822], [120.689838, 24.090771], [120.689789, 24.090678], [120.689541, 24.09074], [120.689355, 24.090495], [120.689248, 24.090565], [120.68934, 24.090663], [120.689603, 24.090576], [120.689578, 24.090452], [120.689677, 24.09044], [120.689708, 24.09056], [120.689923, 24.090655], [120.690093, 24.091085], [120.690234, 24.091066], [120.690108, 24.090584], [120.690295, 24.090489], [120.690281, 24.09042], [120.690047, 24.09048], [120.690014, 24.090361], [120.690035, 24.090281], [120.690177, 24.090299], [120.690387, 24.090186], [120.690521, 24.090781], [120.690861, 24.091485], [120.690579, 24.091555], [120.690343, 24.090877], [120.690274, 24.091202], [120.690447, 24.091763], [120.689984, 24.092095], [120.689904, 24.092], [120.690255, 24.091757], [120.690209, 24.091472], [120.690582, 24.091637], [120.690379, 24.092104], [120.690127, 24.092248], [120.690095, 24.092189], [120.690159, 24.092318], [120.690273, 24.09243], [120.690794, 24.09205], [120.690245, 24.092458], [120.689671, 24.091748], [120.689786, 24.091664], [120.689674, 24.091324], [120.689451, 24.091107], [120.689373, 24.091178], [120.689513, 24.091331], [120.689202, 24.091672], [120.689259, 24.091696], [120.689025, 24.091561], [120.688226, 24.090796], [120.68831, 24.090725], [120.688497, 24.090854], [120.688899, 24.090522], [120.689126, 24.090157], [120.689099, 24.090053], [120.68947, 24.090337], [120.689839, 24.090289], [120.689916, 24.090513], [120.689803, 24.090913], [120.689959, 24.091157], [120.690297, 24.089899], [120.69054, 24.089586], [120.692161, 24.089], [120.692283, 24.089109], [120.69249, 24.088859], [120.692363, 24.088722], [120.692629, 24.088909], [120.692255, 24.088422], [120.692318, 24.088345], [120.692447, 24.088421], [120.692601, 24.088382], [120.692277, 24.08832], [120.686547, 24.089358], [120.686258, 24.08915], [120.691961, 24.09158], [120.692102, 24.091514], [120.692067, 24.091471], [120.692458, 24.091799], [120.69236, 24.091861], [120.693, 24.092239], [120.693072, 24.092097], [120.693248, 24.09219], [120.692899, 24.092558], [120.69276, 24.092652], [120.692674, 24.092611], [120.69246, 24.092113], [120.692719, 24.091867], [120.693024, 24.092071], [120.693137, 24.091844], [120.693488, 24.092077], [120.693452, 24.091894], [120.693573, 24.091698], [120.693602, 24.091844], [120.693397, 24.091709], [120.693336, 24.091817], [120.692936, 24.091578], [120.692842, 24.091378], [120.693034, 24.091162], [120.692963, 24.091127], [120.692558, 24.091449], [120.69233, 24.091215], [120.692949, 24.090752], [120.693663, 24.090885], [120.69367, 24.090766], [120.693175, 24.090669], [120.693211, 24.09055], [120.694813, 24.089287], [120.694822, 24.08955], [120.695043, 24.089787], [120.695035, 24.089962], [120.695148, 24.090017], [120.695272, 24.089934], [120.695449, 24.089467], [120.695574, 24.089394], [120.695738, 24.088866], [120.695553, 24.088818], [120.69546, 24.089095], [120.695751, 24.089167], [120.69579, 24.08905], [120.695702, 24.089322], [120.695769, 24.089442], [120.696028, 24.089278], [120.695971, 24.089229], [120.696187, 24.089069], [120.696584, 24.088991], [120.696614, 24.089045], [120.696091, 24.089227], [120.696136, 24.089344], [120.695944, 24.089256], [120.695429, 24.089751], [120.695554, 24.089877], [120.69587, 24.089644], [120.695809, 24.090052], [120.695915, 24.0903], [120.696195, 24.090098], [120.696245, 24.090168], [120.695902, 24.090465], [120.696248, 24.090478], [120.696408, 24.090346], [120.696505, 24.090605], [120.699042, 24.089347], [120.699065, 24.089519], [120.698666, 24.089693], [120.699198, 24.09065], [120.698745, 24.090903], [120.698779, 24.090986], [120.699514, 24.090615], [120.69961, 24.090797], [120.699488, 24.090899], [120.699529, 24.090975], [120.699002, 24.091268], [120.698937, 24.091187], [120.699379, 24.090959], [120.699707, 24.091038], [120.699828, 24.090898], [120.699716, 24.090631], [120.699743, 24.090432], [120.700388, 24.090438], [120.700432, 24.090253], [120.699621, 24.090257], [120.699623, 24.090403], [120.699359, 24.090563], [120.699257, 24.090391], [120.699419, 24.090356], [120.699112, 24.089682], [120.698931, 24.089816], [120.699079, 24.090059], [120.698828, 24.090199], [120.698728, 24.090034], [120.69815, 24.090328], [120.698063, 24.09019], [120.69795, 24.09023], [120.69811, 24.090488], [120.698224, 24.090438], [120.698401, 24.090704], [120.698578, 24.090989], [120.698464, 24.091041], [120.698185, 24.090599], [120.698176, 24.090366], [120.698443, 24.090404], [120.698658, 24.09028], [120.698711, 24.090345], [120.698476, 24.090459], [120.698594, 24.090637], [120.698819, 24.09053], [120.698872, 24.09061], [120.698645, 24.090719], [120.698652, 24.091093], [120.699224, 24.092019], [120.699439, 24.092212], [120.699909, 24.0922], [120.699886, 24.092108], [120.699599, 24.092075], [120.699477, 24.091624], [120.699551, 24.091456], [120.699333, 24.091466], [120.699416, 24.091899], [120.699128, 24.092137], [120.699156, 24.09219], [120.698486, 24.092505], [120.698455, 24.092604], [120.698701, 24.092619], [120.699188, 24.092326], [120.699385, 24.092643], [120.698774, 24.092908], [120.699478, 24.092483], [120.699427, 24.092412], [120.699956, 24.092335], [120.700581, 24.092123], [120.700411, 24.092056], [120.700103, 24.092145], [120.700192, 24.09163], [120.700009, 24.091662], [120.699948, 24.091266], [120.699951, 24.091039], [120.700246, 24.091027], [120.700231, 24.091121], [120.700112, 24.091163], [120.700338, 24.091121], [120.700414, 24.091017], [120.700401, 24.09059], [120.69994, 24.09057], [120.699962, 24.090758], [120.6999, 24.090758], [120.699982, 24.090838], [120.700218, 24.090849], [120.700151, 24.09075], [120.700026, 24.090759], [120.70023, 24.090733], [120.699898, 24.090949], [120.699757, 24.091222], [120.699905, 24.09189], [120.700028, 24.091774], [120.70046, 24.091766], [120.700443, 24.091395], [120.700468, 24.091951], [120.69964, 24.091216], [120.69944, 24.091309], [120.69937, 24.091231], [120.699534, 24.091158], [120.699082, 24.091422], [120.699278, 24.091424], [120.698805, 24.091557], [120.698544, 24.091149], [120.697624, 24.091616], [120.697675, 24.091468], [120.697781, 24.091413], [120.69761, 24.091207], [120.69755, 24.091248], [120.697896, 24.091057], [120.697986, 24.091307], [120.697933, 24.091331], [120.698296, 24.091137], [120.697878, 24.090926], [120.69746, 24.091122], [120.697414, 24.091044], [120.697894, 24.090763], [120.697945, 24.090798], [120.697797, 24.090471], [120.697666, 24.090449], [120.697572, 24.090577], [120.696856, 24.090866], [120.696901, 24.090919], [120.69714, 24.090803], [120.697207, 24.090922], [120.697706, 24.090721], [120.697468, 24.090569], [120.697273, 24.090666], [120.697113, 24.090451], [120.698539, 24.089743], [120.698331, 24.089386], [120.698431, 24.089342], [120.69849, 24.089436], [120.69856, 24.089249], [120.698741, 24.089164], [120.698716, 24.089105], [120.698378, 24.089257], [120.698333, 24.089179], [120.698194, 24.089442], [120.698082, 24.089381], [120.697751, 24.089599], [120.697801, 24.089716], [120.698, 24.089615], [120.697951, 24.089208], [120.697826, 24.089182], [120.697854, 24.089043], [120.698194, 24.088846], [120.698261, 24.088932], [120.698017, 24.089107], [120.69865, 24.088795], [120.698818, 24.088956], [120.698986, 24.088881], [120.698529, 24.088144], [120.698706, 24.088018], [120.698925, 24.088011], [120.699139, 24.087765], [120.699883, 24.087297], [120.69995, 24.087281], [120.700001, 24.087427], [120.699976, 24.087601], [120.699446, 24.087901], [120.699389, 24.087819], [120.699907, 24.087564], [120.700303, 24.087581], [120.700346, 24.087323], [120.700306, 24.087256], [120.700155, 24.087274], [120.700151, 24.087176], [120.700311, 24.087642], [120.700489, 24.087803], [120.700653, 24.087821], [120.701195, 24.087769], [120.701118, 24.087158], [120.700995, 24.087193], [120.701007, 24.087687], [120.700716, 24.087685], [120.70069, 24.087129], [120.700569, 24.087278], [120.700641, 24.088054], [120.701204, 24.088025], [120.701219, 24.088104], [120.701015, 24.088157], [120.70111, 24.088428], [120.701229, 24.088444], [120.701213, 24.088353], [120.70177, 24.088316], [120.701757, 24.088398], [120.701473, 24.088429], [120.701492, 24.08866], [120.702088, 24.088574]]}}, {"type": "Feature", "properties": {"district": "6602800", "segment": 13, "total_segments": 47, "km": 14.94, "villages": ["金城里"]}, "geometry": {"type": "LineString", "coordinates": [[120.702578, 24.088237], [120.702605, 24.08803], [120.702902, 24.088051], [120.70266, 24.088359], [120.701862, 24.088392], [120.701714, 24.087659], [120.701934, 24.087646], [120.702054, 24.08813], [120.702011, 24.088189], [120.701594, 24.088116], [120.701603, 24.088019], [120.701346, 24.088025], [120.70139, 24.088129], [120.701471, 24.088127], [120.701339, 24.087844], [120.701522, 24.087751], [120.701513, 24.087218], [120.701854, 24.087199], [120.702106, 24.087039], [120.702287, 24.087211], [120.702431, 24.08763], [120.701693, 24.086639], [120.700462, 24.08582], [120.699821, 24.085572], [120.699882, 24.085921], [120.700068, 24.086137], [120.700219, 24.086092], [120.700267, 24.086184], [120.700306, 24.086347], [120.700201, 24.086375], [120.700249, 24.0865], [120.70054, 24.086415], [120.700844, 24.086631], [120.700913, 24.086544], [120.700648, 24.086349], [120.700736, 24.08626], [120.70082, 24.086291], [120.700565, 24.086201], [120.70047, 24.086283], [120.700402, 24.086083], [120.699959, 24.086281], [120.700027, 24.086457], [120.700122, 24.086539], [120.700211, 24.086512], [120.700263, 24.086682], [120.700207, 24.086699], [120.700967, 24.086586], [120.700977, 24.08714], [120.700042, 24.086772], [120.700034, 24.086619], [120.69949, 24.086496], [120.698855, 24.08654], [120.698772, 24.086289], [120.698663, 24.086347], [120.698461, 24.086224], [120.698298, 24.086379], [120.698294, 24.086572], [120.698599, 24.086553], [120.698522, 24.086684], [120.698343, 24.086691], [120.698245, 24.086574], [120.698138, 24.086578], [120.69818, 24.086709], [120.697631, 24.086846], [120.697538, 24.086759], [120.697204, 24.086768], [120.69714, 24.086594], [120.697506, 24.08655], [120.697883, 24.086193], [120.697876, 24.085645], [120.697714, 24.085792], [120.697754, 24.086021], [120.697347, 24.086169], [120.697299, 24.086042], [120.69714, 24.08598], [120.696891, 24.086057], [120.696892, 24.086002], [120.696688, 24.085975], [120.696996, 24.085008], [120.697086, 24.084939], [120.697155, 24.08449], [120.697432, 24.084586], [120.697419, 24.084872], [120.697286, 24.084883], [120.697302, 24.085039], [120.697231, 24.085034], [120.698071, 24.084985], [120.69808, 24.085082], [120.698218, 24.085071], [120.698272, 24.084946], [120.698205, 24.084917], [120.698069, 24.084933], [120.698516, 24.084999], [120.699288, 24.085337], [120.698991, 24.085512], [120.699027, 24.085918], [120.699113, 24.085906], [120.699101, 24.085581], [120.698857, 24.085395], [120.698731, 24.085524], [120.698786, 24.085893], [120.698654, 24.085872], [120.698663, 24.08564], [120.698482, 24.08533], [120.69707, 24.085402], [120.698759, 24.085211], [120.698219, 24.085532], [120.698817, 24.086161], [120.699422, 24.086138], [120.699473, 24.086019], [120.698864, 24.086066], [120.699034, 24.086287], [120.699033, 24.086406], [120.699138, 24.08628], [120.699181, 24.086645], [120.69935, 24.086629], [120.699492, 24.086819], [120.699525, 24.086933], [120.699272, 24.086982], [120.699252, 24.086881], [120.699176, 24.08689], [120.699349, 24.087507], [120.699537, 24.087366], [120.699074, 24.087393], [120.699037, 24.087229], [120.69897, 24.087242], [120.699019, 24.087471], [120.698832, 24.087503], [120.698713, 24.087073], [120.69864, 24.08709], [120.698602, 24.086725], [120.699062, 24.086646], [120.699149, 24.08679], [120.698936, 24.086811], [120.699014, 24.087121], [120.698753, 24.087], [120.698761, 24.086847], [120.69816, 24.086959], [120.698233, 24.087015], [120.698399, 24.086962], [120.698461, 24.087228], [120.698179, 24.087045], [120.698018, 24.087115], [120.698043, 24.08699], [120.697893, 24.087025], [120.697868, 24.086958], [120.697741, 24.087105], [120.69802, 24.087327], [120.697748, 24.087655], [120.697661, 24.087575], [120.697353, 24.087541], [120.697284, 24.087975], [120.696283, 24.088016], [120.696253, 24.0881], [120.697417, 24.088102], [120.697514, 24.087966], [120.697571, 24.088116], [120.697815, 24.088262], [120.697388, 24.088399], [120.697281, 24.088345], [120.697372, 24.088236], [120.69757, 24.088261], [120.697649, 24.088511], [120.697412, 24.08854], [120.697433, 24.088731], [120.697273, 24.088803], [120.697217, 24.088637], [120.697095, 24.088649], [120.697132, 24.088462], [120.69727, 24.088482], [120.69706, 24.088363], [120.696812, 24.088586], [120.696265, 24.088691], [120.696316, 24.08885], [120.696925, 24.088774], [120.696946, 24.088625], [120.697016, 24.088888], [120.696697, 24.089043], [120.696656, 24.088914], [120.696265, 24.088867], [120.696281, 24.088514], [120.696512, 24.088535], [120.696551, 24.088288], [120.696621, 24.088276], [120.696615, 24.088489], [120.696922, 24.088265], [120.696249, 24.088289], [120.69625, 24.088444], [120.696181, 24.088422], [120.696185, 24.088278], [120.696152, 24.088514], [120.695788, 24.088404], [120.695755, 24.08846], [120.696073, 24.087973], [120.696196, 24.087376], [120.696362, 24.087173], [120.696643, 24.087127], [120.696641, 24.08696], [120.696469, 24.086654], [120.696671, 24.086105], [120.69701, 24.086345], [120.697191, 24.086332], [120.697127, 24.086193], [120.697027, 24.086588], [120.696714, 24.086504], [120.697335, 24.087321], [120.697444, 24.087398], [120.697549, 24.087262], [120.697834, 24.087394], [120.697778, 24.087428], [120.697443, 24.087112], [120.697416, 24.087165], [120.697506, 24.08723], [120.697649, 24.087038], [120.697692, 24.087067], [120.697558, 24.086973], [120.698267, 24.087378], [120.697936, 24.087796], [120.698001, 24.087847], [120.698372, 24.087479], [120.698559, 24.087604], [120.698523, 24.087722], [120.698315, 24.087882], [120.698372, 24.087968], [120.698207, 24.088082], [120.698091, 24.088324], [120.697898, 24.088164], [120.698023, 24.08797], [120.697571, 24.087657], [120.69659, 24.087605], [120.697177, 24.088871], [120.697532, 24.088932], [120.697845, 24.088677], [120.699109, 24.088047], [120.699329, 24.087847], [120.699313, 24.08816], [120.699469, 24.088242], [120.700169, 24.087861], [120.700113, 24.087806], [120.699521, 24.088131], [120.699418, 24.088288], [120.699234, 24.088304], [120.698904, 24.088514], [120.698856, 24.088428], [120.699132, 24.08829], [120.699147, 24.08817], [120.699671, 24.089033], [120.699237, 24.089242], [120.69901, 24.088918], [120.699314, 24.088783], [120.699272, 24.088719], [120.699091, 24.088813], [120.700247, 24.088156], [120.700177, 24.088116], [120.700241, 24.08808], [120.700326, 24.088124], [120.700299, 24.087934], [120.70011, 24.088151], [120.699536, 24.088466], [120.700063, 24.088489], [120.700239, 24.08874], [120.700326, 24.088687], [120.70012, 24.088439], [120.700255, 24.088458], [120.700553, 24.088795], [120.700844, 24.088735], [120.700453, 24.088226], [120.700247, 24.088376], [120.700585, 24.088736], [120.700749, 24.088698], [120.700873, 24.088355], [120.700965, 24.088362], [120.701108, 24.088689], [120.701448, 24.088661], [120.700299, 24.088828], [120.7003, 24.088986], [120.699812, 24.089103], [120.699202, 24.089451], [120.699425, 24.08989], [120.698869, 24.090275], [120.699049, 24.090555], [120.698464, 24.090052], [120.697458, 24.089978], [120.697407, 24.089865], [120.697127, 24.089737], [120.696886, 24.090161], [120.696944, 24.090262], [120.69667, 24.090025], [120.696956, 24.090534], [120.697071, 24.090475], [120.696574, 24.090718], [120.696467, 24.090623], [120.695519, 24.090946], [120.694689, 24.090987], [120.694701, 24.091095], [120.694781, 24.091117], [120.694305, 24.091013], [120.694323, 24.090911], [120.694486, 24.090941], [120.694661, 24.090824], [120.694778, 24.090428], [120.694412, 24.090583], [120.694631, 24.09067], [120.694372, 24.090602], [120.694287, 24.09066], [120.69389, 24.090216], [120.69394, 24.090168], [120.694208, 24.090456], [120.693993, 24.090595], [120.693983, 24.090833], [120.693715, 24.090776], [120.693397, 24.091547], [120.693093, 24.091339], [120.69318, 24.091266], [120.693319, 24.091355], [120.693268, 24.091107], [120.693371, 24.091041], [120.693163, 24.091073], [120.693088, 24.091189], [120.692962, 24.090872], [120.692573, 24.091493], [120.69281, 24.091739], [120.693081, 24.091811], [120.692664, 24.091811], [120.692167, 24.091374], [120.692275, 24.091261], [120.692079, 24.09168], [120.6937, 24.091595], [120.693744, 24.091454], [120.694053, 24.091509], [120.694139, 24.091403], [120.694179, 24.090874], [120.694544, 24.091258], [120.694431, 24.091581], [120.694532, 24.091615], [120.694508, 24.091699], [120.694638, 24.091286], [120.695542, 24.09109], [120.695815, 24.091215], [120.695926, 24.091193], [120.696908, 24.09176], [120.697424, 24.092244], [120.697206, 24.091807], [120.697049, 24.091747], [120.697206, 24.091522], [120.696745, 24.091315], [120.696714, 24.091356], [120.696985, 24.091518], [120.697353, 24.091673], [120.697554, 24.092037], [120.697637, 24.091828], [120.698265, 24.091553], [120.698315, 24.09162], [120.698261, 24.091647], [120.698542, 24.091508], [120.698484, 24.091423], [120.698336, 24.091501], [120.698804, 24.091607], [120.698877, 24.091752], [120.697225, 24.091248], [120.696416, 24.090776], [120.695714, 24.091025], [120.69531, 24.091735], [120.695244, 24.091703], [120.695512, 24.091316], [120.695816, 24.091313], [120.696725, 24.091937], [120.696654, 24.091321], [120.696135, 24.091026], [120.696682, 24.091276], [120.697022, 24.091062], [120.696774, 24.090888], [120.697474, 24.090452], [120.697505, 24.090498], [120.6976, 24.08918], [120.698407, 24.087945], [120.698679, 24.087795], [120.698725, 24.087681], [120.698947, 24.087673], [120.698512, 24.087318], [120.698663, 24.087189], [120.699427, 24.085633], [120.69725, 24.085668], [120.697271, 24.085773], [120.697711, 24.084811]]}}, {"type": "Feature", "properties": {"district": "6602800", "segment": 14, "total_segments": 47, "km": 14.94, "villages": ["金城里", "瑞城里"]}, "geometry": {"type": "LineString", "coordinates": [[120.695274, 24.088932], [120.695187, 24.089114], [120.695242, 24.089431], [120.695098, 24.089849], [120.694868, 24.089733], [120.694613, 24.089953], [120.694923, 24.090191], [120.694833, 24.090401], [120.694759, 24.090341], [120.694822, 24.090289], [120.694397, 24.090264], [120.694155, 24.090004], [120.694405, 24.090114], [120.694752, 24.089626], [120.695217, 24.090148], [120.695051, 24.090708], [120.695288, 24.09072], [120.69534, 24.090863], [120.695379, 24.090713], [120.695603, 24.090644], [120.695429, 24.090621], [120.695673, 24.09053], [120.695643, 24.090454], [120.695743, 24.090422], [120.695812, 24.090586], [120.695854, 24.090694], [120.695757, 24.090729], [120.695714, 24.090615], [120.695935, 24.090552], [120.695725, 24.09036], [120.695425, 24.090372], [120.695346, 24.090058], [120.695525, 24.089944], [120.694427, 24.090294], [120.69502, 24.091368], [120.695195, 24.091474], [120.695005, 24.091424], [120.69409, 24.091746], [120.695877, 24.092931], [120.696237, 24.092913], [120.696426, 24.092638], [120.695332, 24.093799], [120.700601, 24.091951], [120.700628, 24.09095], [120.700557, 24.09078], [120.701009, 24.090653], [120.701969, 24.0905], [120.70231, 24.090539], [120.7024, 24.091225], [120.702803, 24.09118], [120.702853, 24.091325], [120.70279, 24.091338], [120.703062, 24.091285], [120.702996, 24.091145], [120.702875, 24.091125], [120.702987, 24.091076], [120.702924, 24.090782], [120.702819, 24.090832], [120.702867, 24.090909], [120.702863, 24.090664], [120.702737, 24.090608], [120.70278, 24.090507], [120.702692, 24.090354], [120.702591, 24.090366], [120.702641, 24.090681], [120.701842, 24.090909], [120.701849, 24.091017], [120.702112, 24.090978], [120.702159, 24.090958], [120.702056, 24.090726], [120.700793, 24.090965], [120.700818, 24.091193], [120.701146, 24.091129], [120.701232, 24.091374], [120.701207, 24.091471], [120.700962, 24.091605], [120.701053, 24.091731], [120.70104, 24.091938], [120.700621, 24.091998], [120.700801, 24.09145], [120.700895, 24.091452], [120.701127, 24.091023], [120.701452, 24.090988], [120.701498, 24.091337], [120.701686, 24.091329], [120.701791, 24.091728], [120.703115, 24.091507], [120.703128, 24.091632], [120.702786, 24.09171], [120.703344, 24.091629], [120.703331, 24.091963], [120.703589, 24.091875], [120.703549, 24.091566], [120.704422, 24.091405], [120.704278, 24.091244], [120.704185, 24.090315], [120.703964, 24.09035], [120.703893, 24.090536], [120.703974, 24.090641], [120.704012, 24.091059], [120.704221, 24.091778], [120.704315, 24.091862], [120.703302, 24.09142], [120.702692, 24.088391], [120.702286, 24.088612], [120.702221, 24.0888], [120.701393, 24.088781], [120.70049, 24.088958], [120.700649, 24.089497], [120.700653, 24.089973], [120.700535, 24.090396], [120.700627, 24.090528], [120.702087, 24.090311], [120.702061, 24.090149], [120.700778, 24.090394], [120.700827, 24.090211], [120.700916, 24.090214], [120.700894, 24.090088], [120.700809, 24.090085], [120.700893, 24.089939], [120.701657, 24.089802], [120.701618, 24.089685], [120.700826, 24.089839], [120.700813, 24.0897], [120.701257, 24.089639], [120.701276, 24.089545], [120.701613, 24.089457], [120.701798, 24.089784], [120.70197, 24.08979], [120.702113, 24.09004], [120.702242, 24.090006], [120.702236, 24.090118], [120.702194, 24.089851], [120.702643, 24.089643], [120.702578, 24.089176], [120.702479, 24.089253], [120.702512, 24.089509], [120.702255, 24.089546], [120.702202, 24.089247], [120.702396, 24.089216], [120.702559, 24.088994], [120.702506, 24.088803], [120.702605, 24.088806], [120.702587, 24.088739], [120.702639, 24.088935], [120.702963, 24.088778], [120.702856, 24.08824], [120.703088, 24.088158], [120.70334, 24.088246], [120.703289, 24.088336], [120.703372, 24.088678], [120.703256, 24.088698], [120.70314, 24.088333], [120.703185, 24.088005], [120.703383, 24.087987], [120.703558, 24.088082], [120.703747, 24.088042], [120.70377, 24.088188], [120.703503, 24.088383], [120.703713, 24.08898], [120.703368, 24.089038], [120.703394, 24.088802], [120.703475, 24.088802], [120.703509, 24.089199], [120.703292, 24.089272], [120.703312, 24.08937], [120.703569, 24.089474], [120.703627, 24.089766], [120.703721, 24.089727], [120.70376, 24.089579], [120.703692, 24.089553], [120.703716, 24.089351], [120.703643, 24.08928], [120.70379, 24.089132], [120.703983, 24.089308], [120.704073, 24.08919], [120.70425, 24.089188], [120.704641, 24.088701], [120.704338, 24.088072], [120.704207, 24.088093], [120.704166, 24.087949], [120.703938, 24.087996], [120.703731, 24.087234], [120.703887, 24.087159], [120.703977, 24.087599], [120.704116, 24.087578], [120.704023, 24.087072], [120.704112, 24.087086], [120.704316, 24.087352], [120.704534, 24.087416], [120.704624, 24.087685], [120.704756, 24.087651], [120.704714, 24.087497], [120.704788, 24.087357], [120.704566, 24.08657], [120.704656, 24.086556], [120.704917, 24.087428], [120.705245, 24.087402], [120.70499, 24.086432], [120.70489, 24.086505], [120.705128, 24.08732], [120.70549, 24.087253], [120.705235, 24.086406], [120.705424, 24.086378], [120.705763, 24.087493], [120.70802, 24.086846], [120.708194, 24.086948], [120.708762, 24.086794], [120.708673, 24.086671], [120.708262, 24.086787], [120.708181, 24.086511], [120.708345, 24.086446], [120.708274, 24.086369], [120.708146, 24.086403], [120.708254, 24.086161], [120.708522, 24.08613], [120.708324, 24.085377], [120.708413, 24.085273], [120.708409, 24.084968], [120.708495, 24.084893], [120.708105, 24.085283], [120.707106, 24.085441], [120.707045, 24.085274], [120.70778, 24.085078], [120.707733, 24.084922], [120.707, 24.085116], [120.706819, 24.084662], [120.706932, 24.084685], [120.70699, 24.084795], [120.707072, 24.084654], [120.707326, 24.084645], [120.707374, 24.084573], [120.707578, 24.084653], [120.707613, 24.084785], [120.707151, 24.084914], [120.706998, 24.085172], [120.70683, 24.085219], [120.706705, 24.084863], [120.706584, 24.08486], [120.706544, 24.084743], [120.706389, 24.084929], [120.706439, 24.085039], [120.7063, 24.08507], [120.706272, 24.084873], [120.70618, 24.084999], [120.706484, 24.085926], [120.706837, 24.085744], [120.70682, 24.08566], [120.706559, 24.085745], [120.706314, 24.085106], [120.706053, 24.084908], [120.705927, 24.084319], [120.706116, 24.084311], [120.706056, 24.084479], [120.706119, 24.084784], [120.705707, 24.084837], [120.705745, 24.085007], [120.705585, 24.085075], [120.70547, 24.084517], [120.70562, 24.084488], [120.705602, 24.084402], [120.705698, 24.084798], [120.705306, 24.084923], [120.705205, 24.084801], [120.705262, 24.0847], [120.705225, 24.085009], [120.705384, 24.085173], [120.705337, 24.085243], [120.705624, 24.085406], [120.705748, 24.085377], [120.70581, 24.085546], [120.706039, 24.085566], [120.706086, 24.085789], [120.705921, 24.085815], [120.705977, 24.085985], [120.706137, 24.085947], [120.706513, 24.087085], [120.706429, 24.087113], [120.70618, 24.086312], [120.705858, 24.086404], [120.705824, 24.086328], [120.706004, 24.086291], [120.705727, 24.086362], [120.705956, 24.087284], [120.706062, 24.087062], [120.706241, 24.087019], [120.706216, 24.086949], [120.706027, 24.086992], [120.705961, 24.086735], [120.706137, 24.086693], [120.706106, 24.086621], [120.705924, 24.086663], [120.705689, 24.086265], [120.705415, 24.08633], [120.705585, 24.087579], [120.705339, 24.0876], [120.705434, 24.08777], [120.707787, 24.08708], [120.7076, 24.087273], [120.70766, 24.087597], [120.707075, 24.087741], [120.707232, 24.08811], [120.706889, 24.088235], [120.706699, 24.088179], [120.70624, 24.088386], [120.706133, 24.088112], [120.706074, 24.087784], [120.707387, 24.087331], [120.707644, 24.087855], [120.707567, 24.087985], [120.707517, 24.087948], [120.707479, 24.087804], [120.707604, 24.088068], [120.707729, 24.088043], [120.707878, 24.088165], [120.707456, 24.088589], [120.707386, 24.088367], [120.707553, 24.088231], [120.70803, 24.088947], [120.708757, 24.088684], [120.708832, 24.089105], [120.708575, 24.089256], [120.708392, 24.089479], [120.708496, 24.089649], [120.707997, 24.089517], [120.707357, 24.089982], [120.706798, 24.089745], [120.70634, 24.089872], [120.706315, 24.089796], [120.706419, 24.089731], [120.706773, 24.089669], [120.706571, 24.089485], [120.706257, 24.089575], [120.70632, 24.089474], [120.706654, 24.089381], [120.7067, 24.089453], [120.706523, 24.089214], [120.706044, 24.089279], [120.705993, 24.089356], [120.705831, 24.089329], [120.705787, 24.089037], [120.705717, 24.089188], [120.705167, 24.08941], [120.70513, 24.089338], [120.705332, 24.089269], [120.705524, 24.089363], [120.705692, 24.089309], [120.70557, 24.08953], [120.705691, 24.089843], [120.706153, 24.089687], [120.706189, 24.089807], [120.705305, 24.09009], [120.705188, 24.090043], [120.70517, 24.090135], [120.705287, 24.08998], [120.705604, 24.089881], [120.705329, 24.089718], [120.705481, 24.089629], [120.705462, 24.089536], [120.70482, 24.089829], [120.70491, 24.089947], [120.705249, 24.089807], [120.705066, 24.08951], [120.704777, 24.08962], [120.704647, 24.089438], [120.704499, 24.089488], [120.704545, 24.089569], [120.704178, 24.089728], [120.704103, 24.089429], [120.703977, 24.089504], [120.704038, 24.089859], [120.703827, 24.089895], [120.703839, 24.090015], [120.704165, 24.089964], [120.704181, 24.089805], [120.704203, 24.090168], [120.703889, 24.090218], [120.7038, 24.090052], [120.703651, 24.090079]]}}, {"type": "Feature", "properties": {"district": "6602800", "segment": 15, "total_segments": 47, "km": 14.99, "villages": ["瑞城里"]}, "geometry": {"type": "LineString", "coordinates": [[120.703778, 24.090693], [120.70341, 24.090756], [120.703368, 24.090192], [120.703062, 24.089174], [120.703092, 24.088935], [120.703268, 24.088738], [120.703804, 24.088484], [120.703906, 24.088608], [120.703779, 24.088433], [120.703819, 24.088194], [120.70403, 24.088216], [120.704204, 24.087939], [120.705156, 24.087716], [120.705172, 24.087862], [120.705386, 24.087791], [120.70559, 24.088139], [120.705959, 24.088064], [120.705978, 24.088154], [120.705605, 24.088288], [120.705507, 24.08822], [120.705379, 24.088363], [120.705494, 24.088503], [120.705426, 24.088584], [120.705136, 24.088572], [120.705132, 24.08832], [120.705235, 24.088307], [120.704905, 24.088356], [120.704858, 24.088172], [120.704753, 24.088152], [120.704823, 24.088423], [120.704916, 24.088405], [120.704817, 24.087952], [120.704939, 24.087918], [120.704667, 24.087968], [120.704396, 24.088041], [120.704262, 24.088508], [120.70373, 24.087844], [120.703395, 24.08762], [120.703416, 24.087504], [120.703201, 24.087354], [120.703086, 24.088005], [120.702717, 24.087719], [120.702602, 24.087149], [120.702841, 24.087007], [120.702912, 24.087111], [120.702869, 24.087295], [120.703187, 24.086989], [120.703535, 24.087031], [120.703686, 24.08694], [120.703641, 24.08666], [120.703864, 24.08652], [120.703859, 24.086382], [120.704052, 24.086438], [120.703786, 24.086715], [120.70378, 24.086987], [120.703924, 24.087039], [120.703431, 24.086815], [120.70267, 24.086768], [120.702411, 24.086866], [120.7025, 24.086258], [120.702066, 24.085799], [120.70242, 24.085588], [120.702443, 24.085357], [120.702089, 24.08532], [120.701958, 24.085196], [120.701778, 24.085208], [120.701331, 24.08341], [120.701182, 24.083524], [120.701756, 24.085958], [120.701546, 24.086151], [120.701649, 24.086251], [120.701749, 24.086172], [120.701592, 24.086312], [120.701394, 24.086275], [120.701022, 24.086004], [120.701171, 24.085902], [120.70122, 24.08571], [120.701157, 24.085401], [120.70102, 24.085384], [120.700927, 24.084948], [120.701116, 24.084795], [120.701058, 24.084], [120.700959, 24.084016], [120.701011, 24.084268], [120.700071, 24.084357], [120.700099, 24.084482], [120.700558, 24.08448], [120.700564, 24.084599], [120.700388, 24.084633], [120.700408, 24.08474], [120.700288, 24.084758], [120.700265, 24.084644], [120.700383, 24.084595], [120.69998, 24.084648], [120.699962, 24.084515], [120.700054, 24.084519], [120.699656, 24.084539], [120.699681, 24.084905], [120.700546, 24.084869], [120.700682, 24.085099], [120.700633, 24.085155], [120.70071, 24.085605], [120.700545, 24.085264], [120.700362, 24.08515], [120.700349, 24.085065], [120.70018, 24.085573], [120.699715, 24.085378], [120.699411, 24.08496], [120.699428, 24.084537], [120.699338, 24.084331], [120.699178, 24.084396], [120.699438, 24.084322], [120.69942, 24.08415], [120.699263, 24.084163], [120.699262, 24.084035], [120.698593, 24.084096], [120.698571, 24.083991], [120.699297, 24.083928], [120.699325, 24.084029], [120.69946, 24.084046], [120.699437, 24.084102], [120.699433, 24.083701], [120.699353, 24.083641], [120.697795, 24.083716], [120.697797, 24.083589], [120.697681, 24.083603], [120.697653, 24.083766], [120.697393, 24.083728], [120.697214, 24.084261], [120.697292, 24.084359], [120.697593, 24.0845], [120.698346, 24.084412], [120.698343, 24.08447], [120.697766, 24.08452], [120.699051, 24.08511], [120.699014, 24.084732], [120.699286, 24.084715], [120.699272, 24.084629], [120.698481, 24.084694], [120.698471, 24.084496], [120.699122, 24.084348], [120.69859, 24.084382], [120.698575, 24.084228], [120.698501, 24.084221], [120.698518, 24.084383], [120.698403, 24.084466], [120.698371, 24.084103], [120.698463, 24.084103], [120.697744, 24.084158], [120.697734, 24.084103], [120.697947, 24.084088], [120.698017, 24.084004], [120.698384, 24.08398], [120.698371, 24.083897], [120.698449, 24.083892], [120.697991, 24.08392], [120.697918, 24.083582], [120.697864, 24.083588], [120.698909, 24.083443], [120.699175, 24.083548], [120.69928, 24.08316], [120.699162, 24.082776], [120.699554, 24.082551], [120.699801, 24.082586], [120.701007, 24.083024], [120.700848, 24.08317], [120.700701, 24.083106], [120.701084, 24.083374], [120.700963, 24.083565], [120.701026, 24.083838], [120.700925, 24.083862], [120.700779, 24.083453], [120.700567, 24.083535], [120.700728, 24.084145], [120.700509, 24.084177], [120.700512, 24.083947], [120.700277, 24.083987], [120.700385, 24.084157], [120.700046, 24.084216], [120.700153, 24.08399], [120.700012, 24.083999], [120.700182, 24.08384], [120.700083, 24.083353], [120.700403, 24.083395], [120.700515, 24.083485], [120.700366, 24.083555], [120.700458, 24.083709], [120.700434, 24.083855], [120.700959, 24.083933], [120.701218, 24.08479], [120.700854, 24.084672], [120.700738, 24.084464], [120.700096, 24.084732], [120.699773, 24.084766], [120.69978, 24.084657], [120.699849, 24.084649], [120.699782, 24.08422], [120.700019, 24.083347], [120.699884, 24.082834], [120.700158, 24.082329], [120.701208, 24.082683], [120.701253, 24.082534], [120.70159, 24.082643], [120.701659, 24.082487], [120.701798, 24.082532], [120.701869, 24.082402], [120.701656, 24.082255], [120.701637, 24.082081], [120.70189, 24.081817], [120.701933, 24.081398], [120.701792, 24.081291], [120.701957, 24.081188], [120.701738, 24.081093], [120.701644, 24.081754], [120.700878, 24.081764], [120.700849, 24.081904], [120.701217, 24.081938], [120.701053, 24.082474], [120.70113, 24.082507], [120.700944, 24.082441], [120.701464, 24.082847], [120.701623, 24.083102], [120.701428, 24.0832], [120.70152, 24.083305], [120.701771, 24.083198], [120.701759, 24.083043], [120.701886, 24.08275], [120.70181, 24.082719], [120.702323, 24.082891], [120.70243, 24.082625], [120.702554, 24.082636], [120.702576, 24.082297], [120.702422, 24.082249], [120.70241, 24.082167], [120.702585, 24.082147], [120.702662, 24.081411], [120.702366, 24.081474], [120.702376, 24.081908], [120.702448, 24.081992], [120.703036, 24.081976], [120.703019, 24.0819], [120.70284, 24.081887], [120.703319, 24.081932], [120.703317, 24.08201], [120.703151, 24.082006], [120.703653, 24.082005], [120.703892, 24.082119], [120.703862, 24.082263], [120.703965, 24.082289], [120.703994, 24.082148], [120.704747, 24.082303], [120.704854, 24.082386], [120.704905, 24.082289], [120.704902, 24.082451], [120.704688, 24.082178], [120.703888, 24.082016], [120.703991, 24.08186], [120.702939, 24.081582], [120.702993, 24.082163], [120.702936, 24.082581], [120.703105, 24.082373], [120.703114, 24.082199], [120.702424, 24.082434], [120.70234, 24.08329], [120.702766, 24.083243], [120.702483, 24.083704], [120.702489, 24.083937], [120.70212, 24.08399], [120.702091, 24.084096], [120.702504, 24.084078], [120.702529, 24.084141], [120.702539, 24.084215], [120.702425, 24.084262], [120.702528, 24.084333], [120.702448, 24.084497], [120.702453, 24.085186], [120.702274, 24.085225], [120.702184, 24.0851], [120.702087, 24.084297], [120.701977, 24.08431], [120.701904, 24.084196], [120.701954, 24.08415], [120.70187, 24.08339], [120.702025, 24.083774], [120.701991, 24.08435], [120.70193, 24.084394], [120.70209, 24.085119], [120.70186, 24.084965], [120.701862, 24.084721], [120.701799, 24.085299], [120.701908, 24.085821], [120.702042, 24.085473], [120.701544, 24.085647], [120.701542, 24.085555], [120.701356, 24.085557], [120.701332, 24.085454], [120.7015, 24.085352], [120.701465, 24.085292], [120.701037, 24.085462], [120.70106, 24.085691], [120.700839, 24.085806], [120.700224, 24.085592], [120.701323, 24.085782], [120.701375, 24.086024], [120.701466, 24.08603], [120.701397, 24.085718], [120.703794, 24.085621], [120.704394, 24.08526], [120.704335, 24.085178], [120.703826, 24.085471], [120.703834, 24.085052], [120.704049, 24.085023], [120.704121, 24.084911], [120.704079, 24.084525], [120.704178, 24.084517], [120.704157, 24.084323], [120.703734, 24.08435], [120.703894, 24.084232], [120.704147, 24.084213], [120.704146, 24.083928], [120.70436, 24.083906], [120.704393, 24.084105], [120.704753, 24.084054], [120.704742, 24.084162], [120.704441, 24.084265], [120.704549, 24.084716], [120.704652, 24.084616], [120.70455, 24.084349], [120.70482, 24.084297], [120.704845, 24.084408], [120.704957, 24.08426], [120.704975, 24.084114], [120.704894, 24.084022], [120.705139, 24.083982], [120.705159, 24.084073], [120.704802, 24.084196], [120.704878, 24.083895], [120.704769, 24.083486], [120.704655, 24.083515], [120.704727, 24.083885], [120.704482, 24.083946], [120.704461, 24.083706], [120.704366, 24.083617], [120.70434, 24.083831], [120.703855, 24.083948], [120.703741, 24.084548], [120.703778, 24.084945], [120.704218, 24.084863], [120.70418, 24.084584], [120.704613, 24.08487], [120.704412, 24.085089], [120.704552, 24.085114], [120.704543, 24.085543], [120.703822, 24.085906], [120.703842, 24.085771], [120.704417, 24.085442], [120.704504, 24.085696], [120.704598, 24.085083], [120.704729, 24.084892], [120.704659, 24.084816], [120.705125, 24.083815], [120.705043, 24.083435], [120.705161, 24.083398], [120.70525, 24.083741], [120.705367, 24.08372], [120.705276, 24.083291], [120.705152, 24.083295], [120.705159, 24.083357], [120.705454, 24.0833], [120.70553, 24.083734], [120.705741, 24.083762], [120.705801, 24.083345], [120.705901, 24.083293], [120.705914, 24.083133], [120.705812, 24.083147], [120.70581, 24.083212], [120.705892, 24.082364], [120.70598, 24.082371], [120.705998, 24.082239], [120.705893, 24.082278], [120.705981, 24.082441], [120.70593, 24.082978], [120.706154, 24.083156], [120.706211, 24.083333], [120.706319, 24.083362], [120.70645, 24.082425], [120.706417, 24.082286], [120.706307, 24.082273], [120.706211, 24.082738], [120.706234, 24.08302], [120.706642, 24.083047], [120.706667, 24.082305], [120.706835, 24.082317], [120.706783, 24.083043], [120.706908, 24.083177], [120.707037, 24.083127], [120.707045, 24.082541], [120.70712, 24.082341], [120.707384, 24.082328], [120.707391, 24.082818], [120.707265, 24.082818], [120.707267, 24.082942], [120.707659, 24.08293], [120.707714, 24.082828], [120.70856, 24.082731], [120.70889, 24.082775], [120.708683, 24.083871], [120.708513, 24.083742], [120.708538, 24.083659], [120.708109, 24.083679], [120.708115, 24.08376]]}}, {"type": "Feature", "properties": {"district": "6602800", "segment": 16, "total_segments": 47, "km": 12.7, "villages": ["瑞城里"]}, "geometry": {"type": "LineString", "coordinates": [[120.708409, 24.083744], [120.708387, 24.083372], [120.708449, 24.083366], [120.708431, 24.083288], [120.708053, 24.083296], [120.706967, 24.083417], [120.707051, 24.083532], [120.706985, 24.084041], [120.707107, 24.08398], [120.707134, 24.083681], [120.707291, 24.083523], [120.708558, 24.083366], [120.708474, 24.083042], [120.707155, 24.083143], [120.707147, 24.083283], [120.706879, 24.083204], [120.706727, 24.083384], [120.706673, 24.084022], [120.706568, 24.084016], [120.706625, 24.083192], [120.706317, 24.083477], [120.70626, 24.084027], [120.706164, 24.083811], [120.706203, 24.083462], [120.705923, 24.083418], [120.705883, 24.083817], [120.705742, 24.083814], [120.705726, 24.08392], [120.705867, 24.084148], [120.706557, 24.08408], [120.706905, 24.08456], [120.707263, 24.084461], [120.707411, 24.083804], [120.707961, 24.083705], [120.70797, 24.083825], [120.707506, 24.083914], [120.70749, 24.084018], [120.707925, 24.085416], [120.708145, 24.085386], [120.707256, 24.085613], [120.707467, 24.086207], [120.707566, 24.086178], [120.707619, 24.086248], [120.70778, 24.086678], [120.707383, 24.086792], [120.706947, 24.085716], [120.707079, 24.085668], [120.706618, 24.084948], [120.706046, 24.085298], [120.70593, 24.085134], [120.706851, 24.085885], [120.707195, 24.086805], [120.706782, 24.086953], [120.706956, 24.087878], [120.707238, 24.088363], [120.70691, 24.088555], [120.706471, 24.088555], [120.706609, 24.088941], [120.706485, 24.088981], [120.706517, 24.089075], [120.706368, 24.088647], [120.706078, 24.088717], [120.706032, 24.088616], [120.70587, 24.088635], [120.705953, 24.088708], [120.706116, 24.088577], [120.706304, 24.088573], [120.706238, 24.088845], [120.706307, 24.089144], [120.706029, 24.089162], [120.705945, 24.088913], [120.706133, 24.090393], [120.705092, 24.090902], [120.70552, 24.091329], [120.705527, 24.091632], [120.704941, 24.091756], [120.704222, 24.09031], [120.703731, 24.089769], [120.703629, 24.089905], [120.70347, 24.089933], [120.703455, 24.089578], [120.702836, 24.090061], [120.702747, 24.090057], [120.702657, 24.089719], [120.702553, 24.089774], [120.702589, 24.090034], [120.702431, 24.090109], [120.702458, 24.090259], [120.702296, 24.090329], [120.702838, 24.090179], [120.702927, 24.090654], [120.702582, 24.091078], [120.70232, 24.091247], [120.702238, 24.091539], [120.702083, 24.091449], [120.702155, 24.091217], [120.701905, 24.091155], [120.701661, 24.091229], [120.701645, 24.09117], [120.701795, 24.091355], [120.701894, 24.091313], [120.701531, 24.09161], [120.701587, 24.091775], [120.701323, 24.091859], [120.701484, 24.091985], [120.701646, 24.091923], [120.701767, 24.09214], [120.701921, 24.091996], [120.702048, 24.092095], [120.701712, 24.089949], [120.701799, 24.08995], [120.701821, 24.090074], [120.701545, 24.090118], [120.701524, 24.089978], [120.701389, 24.090005], [120.70141, 24.090137], [120.701191, 24.090173], [120.701173, 24.090038], [120.701081, 24.090056], [120.701112, 24.090182], [120.701032, 24.089579], [120.701188, 24.08956], [120.701204, 24.089413], [120.701579, 24.089403], [120.70145, 24.089262], [120.700825, 24.089326], [120.700842, 24.089456], [120.700776, 24.089467], [120.701127, 24.089421], [120.700953, 24.089589], [120.700796, 24.089612], [120.700856, 24.089134], [120.701148, 24.089071], [120.701344, 24.089149], [120.701392, 24.089052], [120.701275, 24.088981], [120.701643, 24.089192], [120.702163, 24.089704], [120.702108, 24.089279], [120.701996, 24.089125], [120.701664, 24.089679], [120.701453, 24.089613], [120.704852, 24.08948], [120.705029, 24.089407], [120.704933, 24.089156], [120.706339, 24.088191], [120.706683, 24.088513], [120.706862, 24.088471], [120.707152, 24.088865], [120.707938, 24.088115], [120.708212, 24.088362], [120.708436, 24.087494], [120.708844, 24.087323], [120.708867, 24.087408], [120.708762, 24.087168], [120.708883, 24.087132], [120.708811, 24.087073], [120.70866, 24.087115], [120.708645, 24.08721], [120.708701, 24.087187], [120.708562, 24.087264], [120.70848, 24.087057], [120.708296, 24.087249], [120.708397, 24.087296], [120.708629, 24.086522], [120.708528, 24.086171], [120.707552, 24.086135], [120.707424, 24.085751], [120.708427, 24.08414], [120.708549, 24.083039], [120.708907, 24.082684], [120.708933, 24.082519], [120.708707, 24.082418], [120.708015, 24.082359], [120.70797, 24.082672], [120.707874, 24.082703], [120.707901, 24.082539], [120.707749, 24.08236], [120.70763, 24.082353], [120.707497, 24.082527], [120.707517, 24.082819], [120.707582, 24.082815], [120.706978, 24.082317], [120.705585, 24.082432], [120.705283, 24.082182], [120.704112, 24.08191], [120.700743, 24.080863], [120.700518, 24.081554], [120.700303, 24.08159], [120.700292, 24.081343], [120.700447, 24.081181], [120.700603, 24.080627], [120.699709, 24.080339], [120.699689, 24.080414], [120.69972, 24.080261], [120.699216, 24.080065], [120.69905, 24.080097], [120.698949, 24.079939], [120.698699, 24.079939], [120.698552, 24.080141], [120.69804, 24.081754], [120.698109, 24.081822], [120.698004, 24.081893], [120.697825, 24.082425], [120.698219, 24.082407], [120.697462, 24.083551], [120.697538, 24.084117], [120.697653, 24.08417], [120.697422, 24.0842], [120.697398, 24.084134], [120.698694, 24.084759], [120.69897, 24.084737], [120.700091, 24.0823], [120.699641, 24.082116], [120.699873, 24.082069], [120.700397, 24.082252], [120.699701, 24.081452], [120.699835, 24.080751], [120.699616, 24.080647], [120.699507, 24.081101], [120.698972, 24.08106], [120.698833, 24.080936], [120.698936, 24.080752], [120.698708, 24.080752], [120.699412, 24.08146], [120.705554, 24.083315], [120.708481, 24.082576], [120.705716, 24.087509], [120.704559, 24.087242], [120.704366, 24.087546]]}}, {"type": "Feature", "properties": {"district": "6602800", "segment": 17, "total_segments": 47, "km": 14.98, "villages": ["塗城里"]}, "geometry": {"type": "LineString", "coordinates": [[120.708751, 24.086283], [120.708878, 24.086618], [120.710382, 24.086112], [120.710716, 24.086126], [120.710662, 24.08628], [120.710313, 24.086305], [120.708964, 24.086732], [120.709085, 24.087076], [120.709447, 24.086962], [120.709475, 24.087066], [120.709555, 24.087042], [120.709104, 24.087177], [120.709044, 24.08709], [120.709211, 24.087554], [120.709682, 24.087411], [120.709719, 24.087509], [120.709277, 24.08766], [120.709908, 24.087462], [120.71001, 24.087667], [120.710289, 24.087587], [120.710318, 24.087661], [120.710417, 24.087628], [120.710243, 24.087133], [120.71013, 24.087169], [120.71026, 24.08751], [120.710482, 24.087713], [120.710743, 24.087568], [120.710536, 24.087034], [120.710622, 24.087026], [120.710772, 24.087447], [120.711059, 24.087352], [120.710921, 24.086947], [120.710822, 24.086868], [120.710191, 24.086992], [120.710064, 24.086682], [120.709961, 24.086711], [120.710114, 24.08713], [120.709845, 24.087218], [120.709685, 24.086876], [120.70949, 24.085981], [120.709216, 24.08536], [120.709104, 24.085391], [120.70936, 24.085987], [120.708939, 24.086136], [120.70899, 24.086209], [120.709311, 24.086112], [120.709348, 24.086204], [120.709455, 24.086219], [120.709809, 24.086104], [120.709488, 24.085334], [120.709584, 24.085226], [120.709942, 24.086099], [120.709841, 24.086177], [120.710031, 24.085982], [120.710328, 24.085935], [120.710234, 24.085742], [120.710011, 24.085858], [120.710234, 24.085686], [120.710172, 24.085606], [120.710338, 24.085466], [120.7106, 24.085421], [120.710641, 24.085515], [120.710434, 24.085566], [120.710643, 24.08579], [120.710735, 24.085758], [120.710759, 24.085841], [120.710867, 24.085847], [120.71157, 24.085607], [120.711495, 24.085501], [120.711097, 24.0856], [120.710706, 24.085863], [120.71092, 24.086108], [120.711676, 24.08586], [120.711802, 24.085734], [120.711826, 24.08557], [120.711989, 24.085584], [120.712413, 24.084196], [120.71231, 24.084148], [120.71188, 24.085421], [120.711527, 24.08545], [120.711391, 24.085276], [120.71169, 24.085136], [120.7117, 24.085041], [120.710829, 24.0853], [120.71074, 24.085375], [120.71077, 24.085454], [120.711337, 24.085295], [120.711191, 24.084917], [120.7116, 24.084779], [120.711489, 24.084685], [120.710588, 24.085031], [120.710686, 24.085129], [120.71111, 24.084948], [120.710964, 24.084641], [120.711502, 24.084434], [120.711414, 24.084359], [120.711211, 24.084358], [120.711179, 24.084438], [120.710935, 24.084524], [120.710883, 24.084636], [120.710369, 24.084833], [120.709974, 24.084925], [120.709922, 24.084826], [120.709987, 24.08475], [120.710372, 24.084719], [120.7108, 24.084573], [120.71082, 24.084441], [120.711602, 24.084267], [120.711962, 24.084324], [120.711913, 24.084456], [120.711625, 24.084404], [120.711674, 24.084618], [120.71188, 24.084705], [120.711759, 24.084829], [120.711573, 24.084658], [120.711951, 24.084477], [120.712041, 24.084089], [120.711604, 24.08406], [120.711915, 24.083967], [120.712326, 24.084052], [120.712417, 24.083709], [120.712558, 24.083748], [120.712452, 24.084081], [120.712605, 24.084226], [120.713349, 24.084423], [120.713371, 24.084338], [120.7127, 24.084167], [120.712787, 24.083929], [120.713445, 24.084085], [120.713452, 24.083996], [120.713271, 24.083955], [120.713245, 24.083884], [120.71287, 24.08385], [120.712734, 24.083916], [120.712542, 24.084459], [120.713312, 24.084664], [120.713189, 24.084746], [120.712494, 24.084589], [120.712558, 24.084831], [120.71243, 24.084833], [120.712403, 24.084907], [120.713098, 24.085076], [120.713118, 24.085003], [120.712629, 24.08488], [120.712577, 24.085248], [120.712428, 24.085299], [120.712497, 24.085095], [120.712748, 24.085162], [120.712615, 24.085442], [120.712663, 24.08548], [120.713013, 24.085431], [120.713066, 24.08535], [120.712969, 24.085332], [120.712919, 24.085358], [120.71322, 24.085459], [120.713641, 24.084143], [120.713748, 24.084172], [120.713337, 24.085535], [120.71321, 24.085503], [120.713057, 24.085708], [120.712623, 24.085722], [120.712435, 24.085641], [120.712466, 24.08542], [120.712388, 24.085408], [120.712262, 24.085952], [120.711934, 24.085897], [120.711945, 24.086048], [120.712209, 24.086076], [120.71226, 24.086191], [120.71227, 24.086491], [120.712048, 24.086586], [120.712043, 24.086666], [120.711778, 24.086632], [120.711676, 24.086446], [120.711453, 24.086702], [120.711365, 24.086666], [120.711199, 24.086242], [120.710958, 24.086242], [120.711184, 24.086775], [120.711092, 24.086848], [120.711263, 24.087227], [120.711373, 24.086869], [120.711575, 24.087005], [120.711732, 24.086975], [120.712007, 24.08739], [120.71194, 24.08751], [120.711599, 24.08739], [120.711547, 24.087527], [120.7116, 24.088495], [120.711762, 24.088386], [120.71264, 24.088327], [120.712603, 24.088258], [120.711732, 24.088306], [120.711926, 24.08814], [120.711981, 24.087817], [120.712667, 24.087746], [120.712702, 24.087905], [120.71255, 24.087926], [120.712627, 24.088012], [120.713027, 24.087996], [120.712954, 24.087855], [120.712746, 24.087899], [120.712535, 24.088056], [120.712674, 24.088246], [120.712246, 24.088018], [120.712101, 24.087588], [120.711979, 24.087542], [120.712493, 24.087472], [120.712752, 24.087522], [120.71284, 24.087678], [120.713021, 24.087563], [120.713051, 24.087606], [120.712935, 24.087491], [120.713081, 24.087719], [120.713313, 24.087582], [120.713217, 24.087413], [120.713389, 24.087189], [120.713372, 24.087107], [120.713164, 24.087136], [120.713278, 24.086945], [120.713233, 24.086715], [120.713355, 24.086636], [120.713407, 24.086784], [120.713394, 24.086934], [120.712861, 24.086919], [120.712821, 24.086859], [120.713001, 24.086666], [120.713034, 24.086484], [120.713216, 24.086533], [120.71328, 24.086285], [120.713085, 24.086194], [120.713082, 24.086028], [120.71299, 24.086052], [120.712935, 24.086405], [120.712741, 24.086434], [120.712367, 24.086808], [120.712279, 24.086676], [120.712236, 24.086929], [120.712025, 24.08702], [120.711693, 24.086754], [120.711911, 24.086276], [120.711739, 24.086238], [120.71163, 24.086035], [120.711293, 24.086137], [120.711789, 24.085988], [120.712408, 24.086069], [120.712393, 24.086276], [120.712626, 24.08599], [120.712978, 24.085833], [120.714124, 24.086239], [120.714175, 24.086092], [120.71481, 24.086154], [120.716299, 24.085862], [120.716029, 24.084741], [120.716197, 24.084894], [120.716428, 24.085836], [120.716981, 24.085725], [120.716546, 24.085518], [120.716489, 24.084522], [120.716058, 24.084399], [120.715931, 24.084465], [120.715735, 24.084312], [120.715565, 24.08437], [120.715277, 24.084303], [120.715176, 24.084156], [120.714802, 24.08405], [120.71456, 24.084023], [120.714496, 24.084264], [120.713929, 24.084123], [120.713919, 24.0842], [120.714551, 24.084399], [120.714947, 24.084397], [120.715046, 24.084792], [120.715154, 24.084759], [120.715011, 24.084276], [120.714888, 24.084268], [120.714731, 24.084772], [120.713817, 24.084543], [120.713846, 24.084451], [120.714632, 24.084653], [120.714937, 24.084861], [120.715152, 24.085867], [120.714989, 24.0859], [120.714806, 24.085], [120.713746, 24.084794], [120.713814, 24.084907], [120.714349, 24.085093], [120.714526, 24.085952], [120.714619, 24.085978], [120.714448, 24.085059], [120.713999, 24.085164], [120.714139, 24.08608], [120.713257, 24.085741], [120.71299, 24.085993], [120.713595, 24.086324], [120.71365, 24.0869], [120.713736, 24.086928], [120.71372, 24.086489], [120.713785, 24.086391], [120.713874, 24.086525], [120.71412, 24.086549], [120.714056, 24.086866], [120.713945, 24.086854], [120.713898, 24.086615], [120.713973, 24.087139], [120.713723, 24.087251], [120.71367, 24.087148], [120.713607, 24.087376], [120.713681, 24.08739], [120.713609, 24.087479], [120.713481, 24.087412], [120.71339, 24.087491], [120.713486, 24.087713], [120.713384, 24.087819], [120.713769, 24.088054], [120.714041, 24.087703], [120.714247, 24.087642], [120.71436, 24.087797], [120.714303, 24.087427], [120.715339, 24.087392], [120.715675, 24.087463], [120.715816, 24.087621], [120.715704, 24.087793], [120.715465, 24.087845], [120.715908, 24.087189], [120.716567, 24.087253], [120.716758, 24.087171], [120.717006, 24.087188], [120.717115, 24.087036], [120.717115, 24.086839], [120.717913, 24.085926], [120.717796, 24.085653], [120.71829, 24.085674], [120.718299, 24.085765], [120.718259, 24.085301], [120.717158, 24.084704], [120.715847, 24.08496], [120.715805, 24.084756], [120.715516, 24.084885], [120.715458, 24.084772], [120.715326, 24.084794], [120.71532, 24.084981], [120.715544, 24.085559], [120.715475, 24.085729], [120.715604, 24.085799], [120.715932, 24.085765], [120.715806, 24.085231], [120.715911, 24.085217], [120.715859, 24.085012], [120.715686, 24.085115], [120.71569, 24.085054], [120.715561, 24.085077], [120.715542, 24.085142], [120.71592, 24.085268], [120.716024, 24.085731], [120.715081, 24.086229], [120.714396, 24.086329], [120.714256, 24.086566], [120.714256, 24.086734], [120.71464, 24.086775], [120.714611, 24.086572], [120.714478, 24.087042], [120.713935, 24.087416], [120.713788, 24.087441], [120.712836, 24.087189], [120.712486, 24.087201], [120.712522, 24.086925], [120.711362, 24.087412], [120.7113, 24.087541], [120.711177, 24.087335], [120.71108, 24.087725], [120.710951, 24.087881], [120.711379, 24.088004], [120.711421, 24.087792], [120.710994, 24.08677], [120.710765, 24.086463], [120.710645, 24.086484], [120.710544, 24.086678], [120.710352, 24.08668], [120.710377, 24.086767], [120.7103, 24.086583], [120.709858, 24.087261], [120.709869, 24.087343], [120.709076, 24.08836], [120.709647, 24.088706]]}}, {"type": "Feature", "properties": {"district": "6602800", "segment": 18, "total_segments": 47, "km": 14.99, "villages": ["塗城里"]}, "geometry": {"type": "LineString", "coordinates": [[120.709822, 24.088894], [120.709868, 24.089134], [120.710055, 24.08902], [120.710443, 24.089051], [120.710486, 24.088832], [120.709986, 24.089428], [120.709499, 24.089035], [120.709756, 24.090408], [120.710098, 24.090588], [120.710208, 24.090372], [120.710151, 24.09031], [120.710548, 24.090278], [120.7115, 24.090784], [120.711674, 24.091107], [120.712509, 24.090399], [120.712933, 24.090399], [120.71308, 24.090309], [120.713132, 24.090367], [120.713822, 24.090221], [120.714056, 24.090014], [120.714972, 24.089869], [120.715027, 24.090097], [120.714831, 24.090139], [120.714814, 24.090215], [120.714742, 24.090229], [120.71473, 24.09016], [120.714515, 24.090264], [120.71458, 24.090185], [120.714307, 24.090305], [120.714279, 24.090239], [120.714349, 24.090229], [120.714119, 24.090289], [120.714092, 24.090213], [120.713948, 24.090293], [120.714147, 24.090383], [120.714269, 24.090867], [120.714625, 24.091062], [120.714597, 24.091473], [120.714787, 24.092193], [120.71468, 24.092215], [120.714911, 24.093175], [120.71476, 24.093338], [120.714531, 24.093393], [120.71442, 24.09277], [120.714516, 24.092746], [120.71458, 24.092845], [120.714642, 24.093252], [120.714986, 24.093379], [120.715069, 24.093757], [120.715195, 24.093666], [120.715192, 24.093218], [120.714812, 24.092294], [120.717305, 24.091652], [120.717405, 24.092055], [120.717271, 24.091989], [120.715951, 24.092328], [120.71594, 24.092169], [120.71723, 24.091867], [120.717156, 24.091587], [120.717405, 24.091522], [120.715468, 24.091945], [120.715164, 24.092026], [120.715062, 24.092136], [120.71497, 24.092063], [120.714656, 24.092115], [120.714629, 24.092024], [120.714447, 24.092176], [120.713921, 24.092298], [120.713115, 24.092357], [120.713818, 24.092427], [120.714518, 24.092234], [120.714515, 24.092486], [120.713813, 24.092647], [120.713854, 24.09274], [120.714587, 24.092551], [120.71399, 24.092084], [120.713783, 24.092123], [120.713894, 24.091872], [120.713655, 24.091675], [120.713784, 24.091543], [120.713811, 24.091334], [120.713601, 24.09138], [120.713724, 24.090684], [120.713584, 24.089996], [120.714019, 24.089887], [120.713921, 24.089471], [120.713854, 24.089657], [120.717689, 24.088918], [120.717419, 24.088375], [120.718717, 24.088299], [120.719738, 24.088494], [120.718878, 24.088794], [120.7195, 24.089889], [120.718218, 24.090192], [120.717647, 24.089667], [120.715069, 24.090091], [120.715063, 24.090167], [120.714889, 24.090201], [120.717491, 24.089765], [120.716791, 24.089223], [120.715599, 24.089438], [120.715519, 24.089513], [120.715399, 24.089475], [120.714262, 24.089693], [120.71403, 24.089934], [120.713888, 24.089153], [120.713682, 24.089164], [120.713489, 24.088903], [120.713294, 24.088929], [120.713672, 24.088728], [120.713658, 24.088587], [120.714294, 24.088442], [120.714313, 24.088516], [120.714475, 24.088481], [120.714862, 24.088391], [120.714839, 24.088323], [120.713818, 24.088624], [120.71407, 24.088774], [120.713993, 24.088923], [120.714883, 24.088314], [120.715392, 24.088551], [120.714524, 24.090757], [120.713069, 24.090105], [120.711816, 24.090139], [120.711304, 24.089302], [120.713476, 24.092615], [120.713698, 24.092648], [120.713798, 24.092753], [120.714012, 24.085782], [120.713903, 24.085158], [120.713735, 24.085158], [120.713821, 24.083926], [120.713709, 24.083899], [120.713666, 24.084038], [120.713789, 24.083765], [120.713476, 24.083681], [120.714075, 24.083849], [120.715362, 24.084487], [120.715335, 24.084567], [120.715446, 24.084621], [120.715485, 24.084497], [120.715628, 24.084798], [120.717341, 24.082251], [120.718235, 24.08275], [120.718997, 24.081799], [120.720398, 24.083478], [120.722398, 24.083477], [120.722734, 24.083907], [120.723799, 24.08354], [120.724281, 24.083578], [120.72487, 24.0835], [120.72414, 24.084168], [120.724336, 24.084514], [120.721221, 24.085755], [120.720931, 24.085667], [120.720921, 24.085814], [120.720838, 24.085831], [120.72084, 24.085671], [120.720584, 24.08565], [120.720576, 24.085938], [120.721164, 24.085947], [120.721104, 24.086139], [120.72143, 24.08624], [120.720585, 24.085603], [120.720135, 24.085523], [120.719894, 24.085861], [120.719612, 24.085411], [120.719375, 24.086084], [120.722588, 24.089258], [120.722847, 24.089145], [120.722228, 24.080124], [120.711356, 24.083102], [120.711343, 24.083172], [120.711208, 24.083137], [120.711259, 24.083066], [120.711143, 24.083271], [120.710952, 24.08322], [120.710894, 24.082939], [120.710995, 24.082992], [120.710859, 24.08325], [120.710568, 24.083203], [120.710626, 24.082891], [120.710533, 24.082896], [120.710467, 24.083292], [120.710556, 24.083267], [120.709962, 24.083166], [120.709966, 24.083259], [120.70949, 24.083219], [120.709442, 24.083105], [120.709846, 24.083161], [120.71009, 24.083289], [120.709824, 24.083441], [120.709179, 24.083492]]}}, {"type": "Feature", "properties": {"district": "6602800", "segment": 19, "total_segments": 47, "km": 14.98, "villages": ["塗城里", "健民里"]}, "geometry": {"type": "LineString", "coordinates": [[120.709157, 24.083641], [120.708964, 24.08361], [120.708985, 24.083467], [120.708896, 24.083455], [120.708848, 24.083781], [120.708941, 24.083714], [120.709035, 24.083342], [120.709115, 24.083356], [120.709124, 24.083286], [120.709109, 24.083391], [120.708927, 24.083365], [120.709, 24.083122], [120.709321, 24.083169], [120.709327, 24.083086], [120.709009, 24.083043], [120.709119, 24.082805], [120.709371, 24.082841], [120.709375, 24.082765], [120.709075, 24.082722], [120.709173, 24.082451], [120.709114, 24.082436], [120.709832, 24.082595], [120.710101, 24.082698], [120.71004, 24.08286], [120.710327, 24.082894], [120.710314, 24.082989], [120.709542, 24.082889], [120.709496, 24.082781], [120.710546, 24.082827], [120.70952, 24.084033], [120.709237, 24.084472], [120.708892, 24.084582], [120.708704, 24.084554], [120.70875, 24.084858], [120.708845, 24.084834], [120.70887, 24.084897], [120.708667, 24.08496], [120.708752, 24.08517], [120.708953, 24.085139], [120.70898, 24.08521], [120.708616, 24.085355], [120.708728, 24.086186], [120.708933, 24.085979], [120.708882, 24.085792], [120.709005, 24.085735], [120.709083, 24.085915], [120.708921, 24.085459], [120.708707, 24.085217], [120.709678, 24.084898], [120.709705, 24.084989], [120.709108, 24.085174], [120.709001, 24.084864], [120.709602, 24.08469], [120.70956, 24.084591], [120.709612, 24.084574], [120.70897, 24.084797], [120.709563, 24.085188], [120.709871, 24.084837], [120.710156, 24.085122], [120.710463, 24.085071], [120.710504, 24.085156], [120.710245, 24.085287], [120.710096, 24.085197], [120.715392, 24.092438], [120.716349, 24.0941], [120.716508, 24.093993], [120.71604, 24.093127], [120.716078, 24.092911], [120.716017, 24.092836], [120.71612, 24.092689], [120.715818, 24.09272], [120.715614, 24.092388], [120.717179, 24.093346], [120.717709, 24.094093], [120.717671, 24.094332], [120.717362, 24.094258], [120.717184, 24.094375], [120.716837, 24.094328], [120.716536, 24.094565], [120.715991, 24.094547], [120.716027, 24.094319], [120.716418, 24.094339], [120.715938, 24.094799], [120.715972, 24.094911], [120.716373, 24.095145], [120.717773, 24.095237], [120.717944, 24.094534], [120.719304, 24.094377], [120.719387, 24.093953], [120.719761, 24.093444], [120.719658, 24.092982], [120.720034, 24.092982], [120.720205, 24.093165], [120.719976, 24.092598], [120.719512, 24.092404], [120.719949, 24.091986], [120.719724, 24.091283], [120.71941, 24.091866], [120.720718, 24.091464], [120.720774, 24.091561], [120.720884, 24.09153], [120.720846, 24.091426], [120.721029, 24.091371], [120.721154, 24.091498], [120.721273, 24.0919], [120.720761, 24.092009], [120.720705, 24.091899], [120.720966, 24.091789], [120.720649, 24.091596], [120.72094, 24.091102], [120.720147, 24.09067], [120.721638, 24.091856], [120.72188, 24.091954], [120.723343, 24.091652], [120.723583, 24.09116], [120.7242, 24.091403], [120.724251, 24.091717], [120.724766, 24.091703], [120.7251, 24.091526], [120.72616, 24.091419], [120.725945, 24.091145], [120.72619, 24.091078], [120.726752, 24.091065], [120.726915, 24.091269], [120.726544, 24.09131], [120.726379, 24.090601], [120.726637, 24.090564], [120.72653, 24.090103], [120.726924, 24.090067], [120.726823, 24.089563], [120.726466, 24.089687], [120.72573, 24.089737], [120.725788, 24.089205], [120.725242, 24.089213], [120.725002, 24.08856], [120.726298, 24.088429], [120.726418, 24.08877], [120.726798, 24.088451], [120.727124, 24.088984], [120.728098, 24.089685], [120.72793, 24.090044], [120.728074, 24.090813], [120.728187, 24.090843], [120.728246, 24.091187], [120.728329, 24.091165], [120.728244, 24.090685], [120.728936, 24.090707], [120.729058, 24.090504], [120.728971, 24.090229], [120.729114, 24.090233], [120.729099, 24.090058], [120.729168, 24.090049], [120.72933, 24.0896], [120.729714, 24.089681], [120.729838, 24.089626], [120.730215, 24.089761], [120.730209, 24.089698], [120.730463, 24.089737], [120.730487, 24.089664], [120.730585, 24.089672], [120.730667, 24.089444], [120.730569, 24.089438], [120.730521, 24.089579], [120.730386, 24.089449], [120.73031, 24.089524], [120.730215, 24.089491], [120.730218, 24.08929], [120.730315, 24.08911], [120.730703, 24.089033], [120.730692, 24.088921], [120.730797, 24.088933], [120.730791, 24.089085], [120.730701, 24.089071], [120.730578, 24.089388], [120.731749, 24.088616], [120.731958, 24.088593], [120.731962, 24.088694], [120.732066, 24.088709], [120.732585, 24.088632], [120.732526, 24.088556], [120.732163, 24.088553], [120.732136, 24.088884], [120.73234, 24.088977], [120.732411, 24.088895], [120.732576, 24.088894], [120.732538, 24.089066], [120.73282, 24.088948], [120.732888, 24.089023], [120.732884, 24.088857], [120.7327, 24.088665], [120.733205, 24.088598], [120.733176, 24.088512], [120.732705, 24.088535], [120.732862, 24.088209], [120.732775, 24.088242], [120.732643, 24.088155], [120.732644, 24.087958], [120.732314, 24.0879], [120.73244, 24.087706], [120.732096, 24.087678], [120.732309, 24.088042], [120.732278, 24.088136], [120.73212, 24.08819], [120.731458, 24.087941], [120.731344, 24.087957], [120.731301, 24.088072], [120.731078, 24.088043], [120.731182, 24.087954], [120.731113, 24.087733], [120.730954, 24.087684], [120.730716, 24.087763], [120.730668, 24.087873], [120.730687, 24.087746], [120.730191, 24.087714], [120.730007, 24.087617], [120.730036, 24.087331], [120.730169, 24.087267], [120.730376, 24.087301], [120.730635, 24.08686], [120.730748, 24.086913], [120.730476, 24.086829], [120.731347, 24.086824], [120.731266, 24.086966], [120.731731, 24.086914], [120.731802, 24.087363], [120.732437, 24.086905], [120.733075, 24.08699], [120.733158, 24.086926], [120.732848, 24.087215], [120.732779, 24.087429], [120.733561, 24.087392], [120.733718, 24.087582], [120.733512, 24.087765], [120.733845, 24.087839], [120.734106, 24.087831], [120.734106, 24.087715], [120.734355, 24.087632], [120.734363, 24.08777], [120.734632, 24.087741], [120.734758, 24.087825], [120.734745, 24.087898], [120.734502, 24.087904], [120.734494, 24.088044], [120.734517, 24.088115], [120.73481, 24.088152], [120.734669, 24.088285], [120.734809, 24.088461], [120.734908, 24.088412], [120.734967, 24.088483], [120.733805, 24.088504], [120.733877, 24.08859], [120.733704, 24.088403], [120.732959, 24.088264], [120.732971, 24.088831], [120.73223, 24.089258], [120.732285, 24.089353], [120.731986, 24.08937], [120.731769, 24.089538], [120.731781, 24.089365], [120.731612, 24.089377], [120.731467, 24.089667], [120.73137, 24.089596], [120.731024, 24.089679], [120.731033, 24.089864], [120.73119, 24.089859], [120.731132, 24.09016], [120.731241, 24.09028], [120.730967, 24.090193], [120.730916, 24.089965], [120.730745, 24.090028], [120.730745, 24.090196], [120.730665, 24.090107], [120.730611, 24.090186], [120.730425, 24.090193], [120.730559, 24.089749], [120.730422, 24.089851], [120.730197, 24.090433], [120.730048, 24.09047], [120.729934, 24.090396], [120.729862, 24.090619], [120.729679, 24.090596], [120.729377, 24.090227], [120.729752, 24.089918], [120.730125, 24.09002], [120.73014, 24.08992], [120.730246, 24.089998], [120.730118, 24.089685], [120.730156, 24.089544], [120.729997, 24.089417], [120.73013, 24.089287], [120.730266, 24.088787], [120.730495, 24.088806], [120.730618, 24.088731], [120.730572, 24.088625], [120.729562, 24.088781], [120.729537, 24.08866], [120.730546, 24.088509], [120.730449, 24.088065], [120.73092, 24.087941], [120.730142, 24.088363], [120.729966, 24.088182], [120.72983, 24.088195], [120.729822, 24.088089], [120.729994, 24.088083], [120.729702, 24.087912], [120.729564, 24.087979], [120.7296, 24.088343], [120.729732, 24.088394], [120.728415, 24.088566], [120.728434, 24.088658], [120.729398, 24.088508], [120.729436, 24.088682], [120.729002, 24.088723], [120.72873, 24.088902], [120.728715, 24.088791], [120.728611, 24.088806], [120.728606, 24.088915], [120.729869, 24.088869], [120.729928, 24.088974], [120.730154, 24.088793], [120.729803, 24.089162], [120.729862, 24.089281], [120.729695, 24.089439], [120.729627, 24.08901], [120.729765, 24.089019], [120.729331, 24.089304], [120.729242, 24.089172], [120.729931, 24.089709], [120.729709, 24.090056], [120.729731, 24.090202], [120.729823, 24.090282], [120.729914, 24.090154], [120.730078, 24.09062], [120.729862, 24.091351], [120.729752, 24.091452], [120.72925, 24.09138], [120.729018, 24.09126], [120.728808, 24.09132], [120.728586, 24.091251], [120.728379, 24.091333], [120.728351, 24.091219], [120.728246, 24.091352], [120.727841, 24.091364], [120.727744, 24.090857], [120.727871, 24.090841], [120.727886, 24.090652], [120.72748, 24.090644], [120.727547, 24.090805], [120.727682, 24.090864], [120.727605, 24.090432], [120.727368, 24.090429], [120.727243, 24.090828], [120.728208, 24.09032], [120.72884, 24.090346], [120.728671, 24.090226], [120.728161, 24.090225], [120.729397, 24.089976], [120.729296, 24.090673], [120.729154, 24.090712], [120.729174, 24.090956], [120.729076, 24.090983], [120.729107, 24.091051], [120.729634, 24.091097], [120.729596, 24.091208], [120.729606, 24.09089], [120.729448, 24.090879], [120.729485, 24.090718]]}}, {"type": "Feature", "properties": {"district": "6602800", "segment": 20, "total_segments": 47, "km": 14.99, "villages": ["健民里"]}, "geometry": {"type": "LineString", "coordinates": [[120.729163, 24.090645], [120.729815, 24.090787], [120.729736, 24.091691], [120.729616, 24.09168], [120.729699, 24.091835], [120.729638, 24.092049], [120.729471, 24.091976], [120.729505, 24.091861], [120.7294, 24.091759], [120.729273, 24.091825], [120.729278, 24.091765], [120.729314, 24.091962], [120.729625, 24.091947], [120.729327, 24.093069], [120.728884, 24.092978], [120.728914, 24.092828], [120.729271, 24.092872], [120.72921, 24.092731], [120.729252, 24.092545], [120.728995, 24.092532], [120.728968, 24.092669], [120.729081, 24.092687], [120.728072, 24.092491], [120.728115, 24.092356], [120.728762, 24.092476], [120.728694, 24.092779], [120.728213, 24.092679], [120.728154, 24.092814], [120.728041, 24.092799], [120.728055, 24.092654], [120.728287, 24.092855], [120.72867, 24.092919], [120.728514, 24.093333], [120.728409, 24.093316], [120.728379, 24.093431], [120.728739, 24.09349], [120.728766, 24.093385], [120.728672, 24.09337], [120.72893, 24.093535], [120.728923, 24.093687], [120.729101, 24.093915], [120.728942, 24.094509], [120.728896, 24.094193], [120.728748, 24.094172], [120.72878, 24.094081], [120.728911, 24.094103], [120.728673, 24.094088], [120.729274, 24.094126], [120.729345, 24.093687], [120.729951, 24.093615], [120.728168, 24.093422], [120.728165, 24.093262], [120.728227, 24.093269], [120.727772, 24.093925], [120.727871, 24.094182], [120.727792, 24.094212], [120.727668, 24.093919], [120.727314, 24.093929], [120.727404, 24.094337], [120.727313, 24.094373], [120.727167, 24.094006], [120.727286, 24.093747], [120.726811, 24.093985], [120.726378, 24.09363], [120.726243, 24.093804], [120.72603, 24.09315], [120.726234, 24.093127], [120.726189, 24.09299], [120.726017, 24.093011], [120.726237, 24.09298], [120.726216, 24.092794], [120.725983, 24.092801], [120.725902, 24.091933], [120.726078, 24.091958], [120.72615, 24.092568], [120.726543, 24.092956], [120.726606, 24.093482], [120.725888, 24.093496], [120.725869, 24.093349], [120.725218, 24.09326], [120.72518, 24.093082], [120.725261, 24.093056], [120.725184, 24.09289], [120.725018, 24.092994], [120.724796, 24.092692], [120.723875, 24.092539], [120.723852, 24.092286], [120.723963, 24.092978], [120.723212, 24.093026], [120.723178, 24.092677], [120.722221, 24.0926], [120.721628, 24.09299], [120.72141, 24.093205], [120.721701, 24.093835], [120.721675, 24.094073], [120.721183, 24.093958], [120.72085, 24.093761], [120.721165, 24.09358], [120.720326, 24.093939], [120.720675, 24.09448], [120.72079, 24.09482], [120.721067, 24.094909], [120.721413, 24.094688], [120.722286, 24.094553], [120.722388, 24.093893], [120.722526, 24.093892], [120.72256, 24.093224], [120.723165, 24.093467], [120.723258, 24.093672], [120.721559, 24.095221], [120.720939, 24.095348], [120.721602, 24.09633], [120.721821, 24.096269], [120.721221, 24.096642], [120.721591, 24.097611], [120.722396, 24.098782], [120.723008, 24.098051], [120.722617, 24.097391], [120.722111, 24.09758], [120.721858, 24.097503], [120.721951, 24.097277], [120.721725, 24.097224], [120.721656, 24.09712], [120.721174, 24.097178], [120.720923, 24.097304], [120.720994, 24.097435], [120.720867, 24.09747], [120.721235, 24.097505], [120.721041, 24.096828], [120.721039, 24.096549], [120.722205, 24.097219], [120.722654, 24.095937], [120.720205, 24.097802], [120.719784, 24.097966], [120.719706, 24.09787], [120.719938, 24.097765], [120.719563, 24.097928], [120.719445, 24.097716], [120.720655, 24.099885], [120.720496, 24.099938], [120.720157, 24.099344], [120.72051, 24.09915], [120.720914, 24.099745], [120.720939, 24.099544], [120.721119, 24.099492], [120.721042, 24.099251], [120.721176, 24.099283], [120.72128, 24.099211], [120.721376, 24.099327], [120.721255, 24.099422], [120.720884, 24.099471], [120.720757, 24.099253], [120.720922, 24.099139], [120.72048, 24.099106], [120.720351, 24.098972], [120.720723, 24.098801], [120.720693, 24.09871], [120.720304, 24.098887], [120.720156, 24.098637], [120.720241, 24.098586], [120.720113, 24.09854], [120.720663, 24.098272], [120.720682, 24.098174], [120.720738, 24.098361], [120.720486, 24.098532], [120.720394, 24.098527], [120.720231, 24.098223], [120.720367, 24.098131], [120.72028, 24.098042], [120.720387, 24.097961], [120.71992, 24.098194], [120.719992, 24.098281], [120.720141, 24.098212], [120.720757, 24.098678], [120.720913, 24.098568], [120.72099, 24.098709], [120.720883, 24.098754], [120.721202, 24.099046], [120.720826, 24.099032], [120.719232, 24.097069], [120.718924, 24.096847], [120.71835, 24.096939], [120.718704, 24.095883], [120.718707, 24.093926], [120.721273, 24.092428], [120.723365, 24.090216], [120.723277, 24.089931], [120.72421, 24.089198], [120.72388, 24.088935], [120.724579, 24.088707], [120.722834, 24.088809], [120.724535, 24.091261], [120.725241, 24.091031], [120.72582, 24.090728], [120.725704, 24.090286], [120.72608, 24.0919], [120.727243, 24.094564], [120.727577, 24.094541], [120.727589, 24.094442], [120.72747, 24.094481], [120.727839, 24.094362], [120.727868, 24.094439], [120.727711, 24.094497], [120.727668, 24.0947], [120.727808, 24.095081], [120.72762, 24.09504], [120.727498, 24.094749], [120.727386, 24.094807], [120.727514, 24.095144], [120.72731, 24.094626], [120.727233, 24.094656], [120.727201, 24.094584], [120.72795, 24.094595], [120.728023, 24.094775], [120.728106, 24.09475], [120.727981, 24.094407], [120.728105, 24.094358], [120.728071, 24.09428], [120.727936, 24.094323], [120.728242, 24.094915], [120.732546, 24.094625], [120.7326, 24.09441], [120.73286, 24.094652], [120.73263, 24.094891], [120.733364, 24.095181], [120.733938, 24.094567], [120.734199, 24.094453], [120.734446, 24.09421], [120.734306, 24.093982], [120.734208, 24.093551], [120.733374, 24.093713], [120.733208, 24.09386], [120.733062, 24.094194], [120.732715, 24.093584], [120.734913, 24.094086], [120.735217, 24.094268], [120.734925, 24.094894], [120.738531, 24.091674], [120.739663, 24.090924], [120.739442, 24.088299], [120.738476, 24.088146], [120.738073, 24.088336], [120.73785, 24.088259], [120.737572, 24.088453], [120.7369, 24.08755], [120.736629, 24.087317], [120.736325, 24.08729], [120.736111, 24.08751], [120.736077, 24.08743], [120.73596, 24.087553], [120.735787, 24.087896], [120.735843, 24.087975], [120.735905, 24.087904], [120.735914, 24.087853], [120.735706, 24.087989], [120.735753, 24.088041], [120.735439, 24.088112], [120.734626, 24.088601], [120.734347, 24.088316], [120.734888, 24.087723], [120.734985, 24.087721], [120.734874, 24.087599], [120.734904, 24.087279], [120.735307, 24.087584], [120.735898, 24.087287], [120.735923, 24.087117], [120.735335, 24.086829], [120.735334, 24.086671], [120.735821, 24.086366]]}}, {"type": "Feature", "properties": {"district": "6602800", "segment": 21, "total_segments": 47, "km": 15.0, "villages": ["健民里", "仁化里"]}, "geometry": {"type": "LineString", "coordinates": [[120.736101, 24.086381], [120.736413, 24.086634], [120.736217, 24.086781], [120.736323, 24.086925], [120.736242, 24.087125], [120.736588, 24.086939], [120.736684, 24.086957], [120.736743, 24.087227], [120.736938, 24.08707], [120.7368, 24.08681], [120.737019, 24.086707], [120.737284, 24.08698], [120.737437, 24.086934], [120.737329, 24.087217], [120.737463, 24.086418], [120.736863, 24.085607], [120.737231, 24.085389], [120.737457, 24.08569], [120.73751, 24.085617], [120.737331, 24.085363], [120.736855, 24.085128], [120.737009, 24.084839], [120.737659, 24.084466], [120.73737, 24.083689], [120.737481, 24.08345], [120.737317, 24.083381], [120.736914, 24.083885], [120.737735, 24.085092], [120.737544, 24.08565], [120.737971, 24.08623], [120.737843, 24.086223], [120.737527, 24.085776], [120.738046, 24.086466], [120.738129, 24.08682], [120.739024, 24.087116], [120.736628, 24.087783], [120.735587, 24.087844], [120.735547, 24.087954], [120.735388, 24.087959], [120.73537, 24.087851], [120.735173, 24.087816], [120.734525, 24.087186], [120.734397, 24.086922], [120.734118, 24.086958], [120.733925, 24.08729], [120.733397, 24.086948], [120.733575, 24.084974], [120.731344, 24.084731], [120.730384, 24.084748], [120.729613, 24.084572], [120.728902, 24.086932], [120.728654, 24.087003], [120.728609, 24.08781], [120.727583, 24.087318], [120.726965, 24.08721], [120.729657, 24.087356], [120.729805, 24.087173], [120.730644, 24.088808], [120.730926, 24.089049], [120.731398, 24.088781], [120.731617, 24.088785], [120.731565, 24.089103], [120.73143, 24.089077], [120.731371, 24.089203], [120.731438, 24.089342], [120.731311, 24.089493], [120.731104, 24.089382], [120.73103, 24.089473], [120.730841, 24.089479], [120.73082, 24.089595], [120.730855, 24.089779], [120.73134, 24.089798], [120.731491, 24.090108], [120.731666, 24.089205], [120.731727, 24.089085], [120.732008, 24.089133], [120.731978, 24.088862], [120.731814, 24.088714], [120.731715, 24.088723], [120.730573, 24.091454], [120.736544, 24.086037], [120.735807, 24.085196], [120.73235, 24.082712], [120.723045, 24.084177], [120.721724, 24.08293], [120.72149, 24.082935], [120.715313, 24.094495], [120.714831, 24.094472], [120.714717, 24.09455], [120.714679, 24.094777], [120.714703, 24.094909], [120.715172, 24.095033], [120.715118, 24.095141], [120.715204, 24.095161], [120.714691, 24.095056], [120.714826, 24.094746], [120.715231, 24.094832], [120.715261, 24.094734], [120.714432, 24.094607], [120.714177, 24.094958], [120.714245, 24.095627], [120.714853, 24.095779], [120.714707, 24.096129], [120.714629, 24.096118], [120.714607, 24.096192], [120.714709, 24.096245], [120.715551, 24.096536], [120.715736, 24.096425], [120.715817, 24.096451], [120.715854, 24.096602], [120.715984, 24.096649], [120.715996, 24.096532], [120.716103, 24.096576], [120.716174, 24.096481], [120.716071, 24.096441], [120.716143, 24.096269], [120.716468, 24.096495], [120.716519, 24.096742], [120.716625, 24.096743], [120.716639, 24.096921], [120.716795, 24.096906], [120.716878, 24.096555], [120.717249, 24.095901], [120.717224, 24.095805], [120.716852, 24.095573], [120.716641, 24.095886], [120.716366, 24.095796], [120.716482, 24.095629], [120.716443, 24.095583], [120.716368, 24.095541], [120.716135, 24.095643], [120.715893, 24.095478], [120.715936, 24.095337], [120.716177, 24.095444], [120.715823, 24.095296], [120.71552, 24.095313], [120.715396, 24.095573], [120.714957, 24.095487], [120.714984, 24.095821], [120.715432, 24.096001], [120.715202, 24.096205], [120.714654, 24.096033], [120.714712, 24.095865], [120.714007, 24.095679], [120.713595, 24.095448], [120.714001, 24.096271], [120.713238, 24.096583], [120.712663, 24.096972], [120.712698, 24.097227], [120.712929, 24.097191], [120.7123, 24.097317], [120.712538, 24.097126], [120.712499, 24.096994], [120.711792, 24.097441], [120.712062, 24.097822], [120.711983, 24.098118], [120.711099, 24.098012], [120.710557, 24.099063], [120.709538, 24.099216], [120.70953, 24.099089], [120.709885, 24.098922], [120.709962, 24.099414], [120.709829, 24.099497], [120.70994, 24.099591], [120.710104, 24.099533], [120.709494, 24.099494], [120.709305, 24.099047], [120.708878, 24.099203], [120.708607, 24.098996], [120.708293, 24.098594], [120.707212, 24.098896], [120.70727, 24.099125], [120.708219, 24.098877], [120.708272, 24.09895], [120.707878, 24.099096], [120.707028, 24.099331], [120.706916, 24.098982], [120.706836, 24.099022], [120.706957, 24.099372], [120.706612, 24.099488], [120.706493, 24.099118], [120.706416, 24.099158], [120.706517, 24.099485], [120.706468, 24.099539], [120.7064, 24.09911], [120.705989, 24.099202], [120.705909, 24.099011], [120.706205, 24.098923], [120.706158, 24.098834], [120.705516, 24.099136], [120.70548, 24.099053], [120.705772, 24.098969], [120.705596, 24.098697], [120.705856, 24.098616], [120.705876, 24.098674], [120.706019, 24.098569], [120.705994, 24.098461], [120.706101, 24.098429], [120.706044, 24.098279], [120.706163, 24.098057], [120.707688, 24.097612], [120.707717, 24.097551], [120.707616, 24.097437], [120.706018, 24.097937], [120.705968, 24.097796], [120.705843, 24.097815], [120.705906, 24.097988], [120.705156, 24.098222], [120.705222, 24.098355], [120.705313, 24.098373], [120.70599, 24.098136], [120.705949, 24.098475], [120.705356, 24.098662], [120.705302, 24.098549], [120.705195, 24.098636], [120.70542, 24.098833], [120.705422, 24.098755], [120.705528, 24.098714], [120.705289, 24.098913], [120.705331, 24.099081], [120.705172, 24.099144], [120.704937, 24.099096], [120.705123, 24.098911], [120.704754, 24.09844], [120.704851, 24.098319], [120.70483, 24.098165], [120.704653, 24.09813], [120.704499, 24.098247], [120.704462, 24.097996], [120.704952, 24.097836], [120.705052, 24.097952], [120.707533, 24.097156], [120.707816, 24.097727], [120.708, 24.097804], [120.707936, 24.098119], [120.7084, 24.097952], [120.708447, 24.098391], [120.708641, 24.09879], [120.708348, 24.098938], [120.708238, 24.099267], [120.708051, 24.099332]]}}, {"type": "Feature", "properties": {"district": "6602800", "segment": 22, "total_segments": 47, "km": 14.96, "villages": ["仁化里"]}, "geometry": {"type": "LineString", "coordinates": [[120.708489, 24.09926], [120.709211, 24.099801], [120.70953, 24.099873], [120.709755, 24.101056], [120.71023, 24.101176], [120.709942, 24.101512], [120.710217, 24.101903], [120.710532, 24.101983], [120.710536, 24.102137], [120.709474, 24.102006], [120.708528, 24.102238], [120.708272, 24.10221], [120.708621, 24.101888], [120.708931, 24.101728], [120.709241, 24.101731], [120.709416, 24.101592], [120.708436, 24.101315], [120.708089, 24.101417], [120.707069, 24.10055], [120.70702, 24.10037], [120.706527, 24.100272], [120.705788, 24.10044], [120.705725, 24.099386], [120.70558, 24.099294], [120.70522, 24.099364], [120.705021, 24.09994], [120.70486, 24.099895], [120.704691, 24.100123], [120.704771, 24.100167], [120.704874, 24.100047], [120.704905, 24.100282], [120.704991, 24.100299], [120.704842, 24.100342], [120.704449, 24.100069], [120.704573, 24.09987], [120.704488, 24.099839], [120.704348, 24.099998], [120.704263, 24.099978], [120.704261, 24.099842], [120.704075, 24.099812], [120.704204, 24.099647], [120.703897, 24.100031], [120.704076, 24.100239], [120.704153, 24.100171], [120.704073, 24.10012], [120.704299, 24.100324], [120.704346, 24.100294], [120.704386, 24.100344], [120.704317, 24.100381], [120.704524, 24.100294], [120.7048, 24.100598], [120.704079, 24.100462], [120.703993, 24.100548], [120.703759, 24.100358], [120.703828, 24.100281], [120.703965, 24.100378], [120.7035, 24.10006], [120.703441, 24.100144], [120.703647, 24.100289], [120.703374, 24.100653], [120.703458, 24.100681], [120.703402, 24.100761], [120.703312, 24.100722], [120.703112, 24.100963], [120.703171, 24.10103], [120.703324, 24.100846], [120.703645, 24.100848], [120.703819, 24.10064], [120.703895, 24.100664], [120.70358, 24.100573], [120.703257, 24.100305], [120.702875, 24.100774], [120.702831, 24.100697], [120.703162, 24.100277], [120.703296, 24.100255], [120.703336, 24.100064], [120.702802, 24.099692], [120.702868, 24.099621], [120.703394, 24.09999], [120.703565, 24.099925], [120.70382, 24.099631], [120.703903, 24.099635], [120.703924, 24.099514], [120.703818, 24.099501], [120.703546, 24.099818], [120.703419, 24.099509], [120.70355, 24.099363], [120.703413, 24.099394], [120.703239, 24.099605], [120.703294, 24.099659], [120.703354, 24.099581], [120.703054, 24.099349], [120.702992, 24.099434], [120.702912, 24.099402], [120.703033, 24.099255], [120.70313, 24.099264], [120.703176, 24.099096], [120.703044, 24.098994], [120.702612, 24.098919], [120.702715, 24.098828], [120.702916, 24.098878], [120.703279, 24.098754], [120.703206, 24.09854], [120.702987, 24.098651], [120.703018, 24.09837], [120.703111, 24.09835], [120.703025, 24.098171], [120.702447, 24.098231], [120.702419, 24.098465], [120.702244, 24.098567], [120.701648, 24.098392], [120.701647, 24.098459], [120.702512, 24.098732], [120.702631, 24.098489], [120.702368, 24.09895], [120.702244, 24.09886], [120.702276, 24.098819], [120.702164, 24.099113], [120.702785, 24.099562], [120.702875, 24.099451], [120.702594, 24.099555], [120.702666, 24.099652], [120.702053, 24.099182], [120.701996, 24.099003], [120.701764, 24.09924], [120.700346, 24.098546], [120.700175, 24.098582], [120.700214, 24.098817], [120.700361, 24.098737], [120.701035, 24.099027], [120.702343, 24.099843], [120.702518, 24.100031], [120.702247, 24.100412], [120.701383, 24.099806], [120.701625, 24.099541], [120.701655, 24.099676], [120.7019, 24.099843], [120.70184, 24.099889], [120.701994, 24.100034], [120.702065, 24.09996], [120.702022, 24.099922], [120.701603, 24.099735], [120.701341, 24.099857], [120.701215, 24.100025], [120.70094, 24.100083], [120.699435, 24.099249], [120.699303, 24.099031], [120.699213, 24.099109], [120.698798, 24.098824], [120.698949, 24.098782], [120.699219, 24.098937], [120.699329, 24.098755], [120.698939, 24.098559], [120.698861, 24.098676], [120.698995, 24.09848], [120.699467, 24.098765], [120.699466, 24.098988], [120.699603, 24.098827], [120.700361, 24.099275], [120.700369, 24.099347], [120.700614, 24.0994], [120.700761, 24.099499], [120.700598, 24.099753], [120.700734, 24.099769], [120.701086, 24.099231], [120.700659, 24.0993], [120.699649, 24.098727], [120.699676, 24.09909], [120.699811, 24.09911], [120.699889, 24.099264], [120.700418, 24.099652], [120.701126, 24.099579], [120.701283, 24.099344], [120.701364, 24.099392], [120.70103, 24.099948], [120.70153, 24.100269], [120.702102, 24.100097], [120.702251, 24.100191], [120.702293, 24.100108], [120.702201, 24.10001], [120.702409, 24.099757], [120.701886, 24.099379], [120.701589, 24.098912], [120.70155, 24.098977], [120.70164, 24.098829], [120.701727, 24.098884], [120.701734, 24.098686], [120.701796, 24.098745], [120.701902, 24.098663], [120.701545, 24.098422], [120.701497, 24.098614], [120.701374, 24.098562], [120.701377, 24.098486], [120.701237, 24.098659], [120.700728, 24.098467], [120.700438, 24.098187], [120.700257, 24.09825], [120.700238, 24.098132], [120.701431, 24.097702], [120.701488, 24.097799], [120.701116, 24.097937], [120.701236, 24.098238], [120.701726, 24.098103], [120.701668, 24.097988], [120.701726, 24.098154], [120.702234, 24.098184], [120.702248, 24.098123], [120.701891, 24.098096], [120.70193, 24.097807], [120.702094, 24.097611], [120.702326, 24.097572], [120.702323, 24.097684], [120.70217, 24.097715], [120.702521, 24.097662], [120.702628, 24.098012], [120.702464, 24.098007], [120.702453, 24.098131], [120.702397, 24.097815], [120.70246, 24.097505], [120.702817, 24.097463], [120.702817, 24.097849], [120.702935, 24.097852], [120.702937, 24.097591], [120.703127, 24.097637], [120.703071, 24.097744], [120.703428, 24.097637], [120.703476, 24.097359], [120.703939, 24.097389], [120.703886, 24.096828], [120.704521, 24.096691], [120.704604, 24.097151], [120.704272, 24.097485], [120.703887, 24.097588], [120.703958, 24.097786], [120.703705, 24.097847], [120.703601, 24.097796], [120.703625, 24.097929], [120.703347, 24.098051], [120.703123, 24.097997], [120.703135, 24.097911], [120.703403, 24.097801], [120.70321, 24.097586], [120.703169, 24.097402], [120.703253, 24.09739], [120.703027, 24.097423], [120.703429, 24.097362], [120.703405, 24.097204], [120.703722, 24.097155], [120.703566, 24.096291], [120.70372, 24.096293], [120.703802, 24.096706], [120.704077, 24.09667], [120.703964, 24.096153], [120.704649, 24.096121], [120.705384, 24.095691], [120.705823, 24.095608], [120.70599, 24.095973], [120.706111, 24.095875], [120.706025, 24.095562], [120.706882, 24.095385], [120.707134, 24.0954], [120.707541, 24.09524], [120.707734, 24.095673], [120.706783, 24.095603], [120.706811, 24.095847], [120.706747, 24.095992], [120.706594, 24.095943], [120.706669, 24.095792], [120.706503, 24.096137], [120.706224, 24.096017], [120.70617, 24.0961], [120.706747, 24.096353], [120.706764, 24.096245], [120.706595, 24.096174], [120.706405, 24.096426], [120.705776, 24.096671], [120.705717, 24.096578], [120.706261, 24.096359], [120.706109, 24.096076], [120.705805, 24.096273], [120.705764, 24.096069], [120.705621, 24.096569], [120.705377, 24.096583], [120.705224, 24.096739], [120.705347, 24.096847], [120.705466, 24.096709], [120.705541, 24.096785], [120.705619, 24.096747], [120.705395, 24.096924], [120.70549, 24.097135], [120.705828, 24.096995], [120.705876, 24.097091], [120.70715, 24.096558], [120.707088, 24.096505], [120.706888, 24.096594], [120.706769, 24.096472], [120.706696, 24.09661], [120.705976, 24.096881], [120.705752, 24.097155], [120.705715, 24.097398], [120.705569, 24.097498], [120.705608, 24.097604], [120.705859, 24.097413], [120.70547, 24.097563], [120.705526, 24.097654], [120.70526, 24.097738], [120.705414, 24.097623], [120.705369, 24.097517], [120.705426, 24.097464], [120.705455, 24.097528], [120.705265, 24.097203], [120.70512, 24.097229], [120.705163, 24.097314], [120.704991, 24.097401], [120.704925, 24.097301], [120.704742, 24.097518], [120.704245, 24.097708], [120.704162, 24.097888], [120.704485, 24.097387], [120.704133, 24.097247], [120.704317, 24.097083], [120.704291, 24.096924], [120.70475, 24.096698], [120.70472, 24.096551], [120.705085, 24.096905], [120.706498, 24.09737], [120.707273, 24.097113], [120.707497, 24.097015], [120.707261, 24.096703], [120.707314, 24.096489], [120.707236, 24.096182], [120.706897, 24.096406], [120.708431, 24.096185], [120.708457, 24.096321], [120.70879, 24.096152], [120.708705, 24.096061], [120.708734, 24.095749], [120.708352, 24.095072], [120.708472, 24.09502], [120.708856, 24.095751], [120.709243, 24.095944], [120.709168, 24.096181], [120.709987, 24.095408], [120.709831, 24.095195], [120.709624, 24.095357], [120.709106, 24.095228], [120.708391, 24.094911], [120.708193, 24.094981], [120.709975, 24.094488], [120.710718, 24.09514], [120.710739, 24.09536], [120.710882, 24.095321], [120.710269, 24.095447], [120.710193, 24.095735], [120.708534, 24.096982], [120.710949, 24.099311], [120.71108, 24.099288], [120.71115, 24.099437], [120.711072, 24.099551], [120.711227, 24.099615], [120.711189, 24.09981], [120.711315, 24.099807], [120.711457, 24.100119], [120.711363, 24.100176], [120.711538, 24.100294], [120.711833, 24.100336], [120.712061, 24.100274], [120.712209, 24.100722], [120.712736, 24.100493], [120.713996, 24.100166], [120.714706, 24.099729], [120.714957, 24.099706], [120.715504, 24.099415], [120.716196, 24.099193], [120.71603, 24.098789], [120.716479, 24.098508], [120.717241, 24.098449], [120.717842, 24.097986], [120.71819, 24.097857], [120.718754, 24.097823], [120.718956, 24.097989], [120.71918, 24.097905], [120.719084, 24.09773], [120.719062, 24.098323], [120.719178, 24.098655], [120.718788, 24.099062], [120.71882, 24.099331], [120.718616, 24.099431], [120.718461, 24.099657]]}}, {"type": "Feature", "properties": {"district": "6602800", "segment": 23, "total_segments": 47, "km": 14.99, "villages": ["仁化里"]}, "geometry": {"type": "LineString", "coordinates": [[120.71787, 24.099768], [120.716623, 24.100279], [120.715074, 24.100748], [120.714415, 24.101111], [120.713916, 24.101213], [120.713881, 24.100943], [120.714458, 24.100527], [120.715527, 24.100244], [120.715876, 24.099896], [120.717198, 24.099604], [120.71849, 24.09914], [120.719114, 24.099298], [120.719344, 24.099536], [120.719576, 24.099381], [120.719439, 24.099123], [120.71891, 24.099793], [120.719047, 24.100066], [120.717702, 24.100642], [120.717702, 24.100764], [120.719003, 24.100226], [120.719119, 24.100221], [120.719297, 24.100587], [120.717933, 24.10117], [120.717735, 24.101113], [120.717427, 24.101222], [120.717068, 24.101364], [120.717101, 24.101436], [120.716942, 24.101116], [120.717543, 24.100826], [120.717506, 24.100751], [120.716874, 24.100971], [120.716731, 24.100695], [120.716854, 24.100718], [120.718843, 24.0999], [120.718876, 24.099964], [120.716898, 24.100791], [120.716531, 24.100864], [120.716498, 24.100796], [120.716734, 24.101207], [120.716826, 24.101555], [120.717111, 24.101244], [120.717758, 24.10093], [120.719079, 24.100379], [120.719125, 24.100459], [120.717806, 24.101017], [120.716338, 24.101487], [120.715894, 24.101483], [120.715702, 24.101314], [120.716191, 24.100989], [120.715457, 24.101711], [120.715436, 24.101393], [120.715186, 24.101474], [120.715071, 24.101803], [120.714865, 24.101845], [120.714847, 24.10163], [120.714394, 24.101728], [120.714109, 24.101858], [120.714274, 24.102118], [120.714526, 24.101996], [120.714808, 24.102741], [120.715327, 24.102551], [120.715569, 24.102374], [120.715855, 24.102422], [120.714526, 24.102824], [120.713029, 24.103398], [120.712469, 24.101759], [120.712042, 24.101599], [120.711838, 24.101692], [120.711426, 24.101661], [120.712446, 24.101287], [120.712804, 24.101328], [120.713646, 24.100975], [120.713209, 24.099913], [120.71337, 24.099768], [120.713723, 24.099633], [120.714616, 24.099446], [120.713903, 24.098803], [120.713411, 24.098695], [120.713538, 24.097909], [120.712514, 24.098804], [120.712208, 24.099334], [120.712422, 24.099793], [120.71283, 24.099893], [120.711904, 24.100765], [120.71145, 24.100783], [120.711125, 24.100307], [120.710673, 24.100539], [120.710814, 24.101018], [120.710377, 24.102837], [120.710091, 24.102834], [120.709621, 24.103258], [120.709415, 24.103146], [120.709351, 24.103306], [120.709219, 24.103026], [120.709042, 24.102916], [120.70886, 24.103035], [120.708995, 24.103128], [120.708931, 24.103422], [120.70945, 24.103699], [120.70956, 24.103559], [120.709867, 24.104048], [120.708616, 24.102941], [120.708669, 24.10262], [120.708233, 24.102747], [120.708181, 24.102871], [120.704988, 24.101453], [120.704403, 24.101382], [120.703782, 24.100073], [120.704651, 24.099821], [120.704339, 24.099186], [120.704433, 24.09914], [120.704535, 24.099305], [120.704413, 24.099101], [120.704212, 24.099158], [120.704106, 24.099288], [120.703848, 24.098913], [120.703453, 24.098985], [120.703481, 24.098837], [120.703361, 24.098837], [120.70345, 24.098689], [120.703501, 24.099139], [120.703556, 24.099145], [120.702744, 24.099154], [120.702613, 24.099275], [120.702536, 24.099225], [120.702578, 24.099176], [120.702463, 24.099795], [120.702612, 24.099917], [120.702654, 24.099868], [120.702569, 24.09997], [120.702791, 24.100141], [120.70288, 24.10004], [120.70295, 24.100081], [120.70287, 24.100258], [120.702792, 24.100291], [120.702737, 24.100206], [120.70241, 24.100611], [120.702587, 24.100567], [120.702707, 24.100394], [120.702807, 24.10086], [120.701328, 24.098836], [120.701411, 24.098717], [120.701207, 24.0983], [120.70017, 24.098492], [120.699858, 24.098452], [120.699856, 24.098141], [120.699996, 24.098093], [120.700101, 24.09818], [120.699887, 24.097897], [120.699916, 24.097668], [120.700021, 24.097602], [120.699984, 24.097557], [120.699721, 24.097659], [120.699641, 24.097502], [120.69983, 24.097401], [120.699879, 24.097445], [120.699958, 24.097288], [120.699899, 24.097199], [120.699739, 24.097247], [120.699702, 24.097192], [120.699819, 24.09708], [120.69962, 24.096929], [120.699501, 24.096999], [120.699536, 24.097063], [120.699375, 24.097072], [120.699546, 24.097351], [120.699675, 24.097283], [120.699641, 24.097221], [120.699771, 24.097504], [120.700026, 24.097396], [120.700333, 24.097866], [120.700386, 24.097713], [120.701317, 24.097384], [120.701254, 24.097262], [120.700353, 24.097625], [120.700176, 24.097364], [120.700198, 24.097189], [120.70068, 24.097016], [120.700733, 24.097127], [120.700548, 24.097189], [120.700313, 24.09725], [120.700064, 24.09721], [120.69969, 24.096655], [120.699568, 24.096664], [120.699657, 24.096851], [120.700581, 24.096607], [120.700591, 24.0967], [120.700322, 24.096778], [120.700047, 24.096798], [120.699985, 24.096423], [120.701489, 24.096205], [120.70177, 24.096743], [120.701879, 24.09666], [120.702079, 24.096984], [120.702515, 24.096878], [120.702512, 24.096997], [120.702152, 24.097164], [120.702316, 24.097401], [120.702465, 24.0974], [120.702632, 24.097307], [120.702615, 24.096875], [120.702938, 24.096887], [120.702896, 24.096797], [120.703056, 24.09675], [120.703014, 24.096514], [120.703125, 24.096485], [120.703284, 24.097069], [120.703125, 24.097032], [120.703345, 24.097218], [120.702638, 24.096738], [120.702144, 24.096794], [120.702108, 24.096631], [120.702056, 24.096641], [120.702468, 24.096579], [120.7025, 24.096267], [120.702106, 24.096186], [120.701787, 24.096901], [120.701946, 24.09704], [120.701487, 24.097111], [120.701288, 24.096499], [120.70078, 24.096706], [120.700681, 24.096552], [120.701074, 24.096511], [120.701236, 24.096852], [120.700812, 24.097006], [120.700826, 24.0971], [120.701279, 24.096972], [120.701617, 24.097619], [120.701546, 24.097659], [120.701592, 24.097771], [120.7018, 24.097695], [120.701709, 24.097589], [120.701934, 24.097518], [120.702807, 24.098042], [120.702943, 24.098045], [120.703101, 24.096253], [120.70332, 24.096309], [120.703483, 24.096121], [120.703975, 24.095967], [120.703714, 24.096249], [120.702693, 24.096312], [120.700734, 24.096828], [120.700747, 24.096877], [120.700584, 24.096868], [120.700783, 24.097115], [120.699939, 24.096431], [120.699064, 24.096586], [120.699264, 24.096992], [120.698643, 24.096673], [120.698429, 24.096784], [120.699192, 24.097668], [120.697928, 24.09804], [120.697631, 24.097988], [120.697672, 24.097844], [120.697991, 24.098409], [120.696951, 24.097068], [120.696659, 24.097101], [120.695846, 24.096803], [120.694894, 24.095997], [120.69464, 24.09609], [120.694507, 24.095991], [120.694356, 24.096107], [120.694002, 24.095605], [120.694492, 24.095354], [120.693866, 24.094801], [120.693431, 24.095198], [120.693299, 24.095164], [120.692453, 24.094398], [120.692407, 24.094502], [120.692053, 24.094206], [120.692675, 24.093981], [120.692717, 24.094048], [120.692329, 24.094193], [120.69195, 24.093825], [120.692154, 24.09365], [120.69199, 24.093583], [120.691656, 24.093877], [120.691596, 24.093857], [120.6919, 24.094118], [120.692088, 24.093497], [120.692245, 24.093363], [120.692345, 24.093479], [120.692539, 24.093347], [120.692913, 24.093813], [120.693474, 24.094316]]}}, {"type": "Feature", "properties": {"district": "6602800", "segment": 24, "total_segments": 47, "km": 14.95, "villages": ["仁化里", "仁德里"]}, "geometry": {"type": "LineString", "coordinates": [[120.692006, 24.092798], [120.691776, 24.092645], [120.691913, 24.093047], [120.69175, 24.093197], [120.691831, 24.093265], [120.691565, 24.093511], [120.69127, 24.093584], [120.691026, 24.093373], [120.691229, 24.093224], [120.691021, 24.092983], [120.690922, 24.09299], [120.690994, 24.092886], [120.690872, 24.093035], [120.690925, 24.093069], [120.690769, 24.093125], [120.690823, 24.093169], [120.69053, 24.092917], [120.690763, 24.092706], [120.6906, 24.092542], [120.691124, 24.092138], [120.691296, 24.092089], [120.691404, 24.092308], [120.690574, 24.092566], [120.690337, 24.092757], [120.69189, 24.093216], [120.692001, 24.093122], [120.704646, 24.098706], [120.705008, 24.098452], [120.705156, 24.098602], [120.705173, 24.098407], [120.711809, 24.094247], [120.71541, 24.094639], [120.715669, 24.09477], [120.715556, 24.095085], [120.715659, 24.095752], [120.716842, 24.096205], [120.717069, 24.095938], [120.716698, 24.09539], [120.7165, 24.09531], [120.715982, 24.096214], [120.715672, 24.09613], [120.714912, 24.096729], [120.715205, 24.097253], [120.715201, 24.097548], [120.715609, 24.09761], [120.716122, 24.097402], [120.716504, 24.097565], [120.716375, 24.097861], [120.717399, 24.097394], [120.717684, 24.097176], [120.717922, 24.097221], [120.718068, 24.097037], [120.718345, 24.098317], [120.718166, 24.098455], [120.717395, 24.098717], [120.716892, 24.099031], [120.715212, 24.098334], [120.715055, 24.097993], [120.715435, 24.097965], [120.719985, 24.099962], [120.715621, 24.094006], [120.714978, 24.094275], [120.714765, 24.094049], [120.713602, 24.093802], [120.712312, 24.093867], [120.711243, 24.093277], [120.710764, 24.093524], [120.710308, 24.094129], [120.708994, 24.094524], [120.708117, 24.094652], [120.70777, 24.094923], [120.707592, 24.094968], [120.707392, 24.094574], [120.707391, 24.094119], [120.707901, 24.093234], [120.708099, 24.093294], [120.706592, 24.09333], [120.706402, 24.092422], [120.705766, 24.092482], [120.705875, 24.093569], [120.705689, 24.09358], [120.705593, 24.092587], [120.705557, 24.092527], [120.705321, 24.092549], [120.70537, 24.092822], [120.705288, 24.092835], [120.705261, 24.092735], [120.70526, 24.092568], [120.705381, 24.09313], [120.705325, 24.093288], [120.705431, 24.093615], [120.705371, 24.093613], [120.705342, 24.093392], [120.705161, 24.093293], [120.704761, 24.093342], [120.704689, 24.093269], [120.70515, 24.093214], [120.705308, 24.093099], [120.705301, 24.092987], [120.705111, 24.093445], [120.70516, 24.093674], [120.704625, 24.093811], [120.704562, 24.093724], [120.70476, 24.093674], [120.704709, 24.093528], [120.704433, 24.093607], [120.704423, 24.093486], [120.704741, 24.093429], [120.704885, 24.093648], [120.705022, 24.093618], [120.704983, 24.093461], [120.70459, 24.09331], [120.704499, 24.093015], [120.704043, 24.093121], [120.703989, 24.092967], [120.703761, 24.092962], [120.703686, 24.092467], [120.703776, 24.092617], [120.704321, 24.09252], [120.70437, 24.092635], [120.703875, 24.092712], [120.704039, 24.092958], [120.704277, 24.092898], [120.704179, 24.092386], [120.704392, 24.092322], [120.704286, 24.092181], [120.703854, 24.092264], [120.703779, 24.092204], [120.7042, 24.092052], [120.704276, 24.092062], [120.703973, 24.092438], [120.703642, 24.092289], [120.703615, 24.092139], [120.703439, 24.092166], [120.703456, 24.092734], [120.703219, 24.092607], [120.703159, 24.092218], [120.703036, 24.092362], [120.702261, 24.092435], [120.702341, 24.092773], [120.702512, 24.092708], [120.702479, 24.092583], [120.702526, 24.092756], [120.703104, 24.092627], [120.703081, 24.092485], [120.702441, 24.093021], [120.702481, 24.093311], [120.700794, 24.093686], [120.700867, 24.093839], [120.701393, 24.093719], [120.701441, 24.093943], [120.702088, 24.093845], [120.702117, 24.093938], [120.702327, 24.093936], [120.702465, 24.09405], [120.702532, 24.094253], [120.702743, 24.0942], [120.702535, 24.093458], [120.703391, 24.093272], [120.703358, 24.093114], [120.703521, 24.093075], [120.703575, 24.092983], [120.70367, 24.093853], [120.703088, 24.094006], [120.703109, 24.094106], [120.703735, 24.094002], [120.704135, 24.095154], [120.704309, 24.095125], [120.704535, 24.095664], [120.703882, 24.095816], [120.70349, 24.095784], [120.703532, 24.095899], [120.703044, 24.096066], [120.703101, 24.095985], [120.702959, 24.095512], [120.703114, 24.095576], [120.70339, 24.095505], [120.703342, 24.095315], [120.70352, 24.095215], [120.703203, 24.094416], [120.703059, 24.094478], [120.703013, 24.094375], [120.703109, 24.094695], [120.702737, 24.094713], [120.70264, 24.094682], [120.70263, 24.094481], [120.702795, 24.094431], [120.702424, 24.094415], [120.702255, 24.094318], [120.70222, 24.094227], [120.702369, 24.09417], [120.701463, 24.094503], [120.701247, 24.094068], [120.701265, 24.093957], [120.701059, 24.093998], [120.701071, 24.09416], [120.700969, 24.094192], [120.70115, 24.094283], [120.700999, 24.094484], [120.700859, 24.094529], [120.701066, 24.094995], [120.701241, 24.094893], [120.701125, 24.094577], [120.701491, 24.09466], [120.70158, 24.094927], [120.701457, 24.094938], [120.701487, 24.095579], [120.701678, 24.095544], [120.70161, 24.095221], [120.701818, 24.09504], [120.703033, 24.094861], [120.702995, 24.095121], [120.702912, 24.095142], [120.702885, 24.09502], [120.702512, 24.095074], [120.702391, 24.095195], [120.702342, 24.095141], [120.702441, 24.095334], [120.702928, 24.095214], [120.702949, 24.095289], [120.703121, 24.095286], [120.703038, 24.095192], [120.702648, 24.095385], [120.702779, 24.095551], [120.702882, 24.096057], [120.7025, 24.096082], [120.702439, 24.095834], [120.702706, 24.095841], [120.702549, 24.09569], [120.702317, 24.095935], [120.702093, 24.095888], [120.70213, 24.096003], [120.702019, 24.096026], [120.701516, 24.095955], [120.701536, 24.095828], [120.701592, 24.095921], [120.701618, 24.095761], [120.701762, 24.095819], [120.701767, 24.095962], [120.700998, 24.096041], [120.700999, 24.096092], [120.700909, 24.096034], [120.700947, 24.095998], [120.700782, 24.096122], [120.699648, 24.096325], [120.699583, 24.096108], [120.699464, 24.096145], [120.699264, 24.095577], [120.700794, 24.094849], [120.700522, 24.094079], [120.700675, 24.09406], [120.700758, 24.094279], [120.700208, 24.094441], [120.70029, 24.094656], [120.700154, 24.094691], [120.700073, 24.094493], [120.699086, 24.094777], [120.699008, 24.094907], [120.699076, 24.095102], [120.698968, 24.095113], [120.698718, 24.09444], [120.698436, 24.094536], [120.698432, 24.094757], [120.698788, 24.095653], [120.698912, 24.09559], [120.698865, 24.095369], [120.698974, 24.095366], [120.699031, 24.09549], [120.698853, 24.095927], [120.69906, 24.096416], [120.69944, 24.096347], [120.699108, 24.096068]]}}, {"type": "Feature", "properties": {"district": "6602800", "segment": 25, "total_segments": 47, "km": 14.96, "villages": ["仁德里"]}, "geometry": {"type": "LineString", "coordinates": [[120.699893, 24.095861], [120.700041, 24.095857], [120.700082, 24.095953], [120.700333, 24.095925], [120.700095, 24.095682], [120.700311, 24.095691], [120.7004, 24.095593], [120.69994, 24.095401], [120.69969, 24.095519], [120.699463, 24.095136], [120.699237, 24.095252], [120.699188, 24.095433], [120.698983, 24.095155], [120.698803, 24.095258], [120.699768, 24.094894], [120.699788, 24.094989], [120.69951, 24.095115], [120.699373, 24.094844], [120.69932, 24.094926], [120.69925, 24.094886], [120.699143, 24.094662], [120.699769, 24.09447], [120.70002, 24.094309], [120.699995, 24.09423], [120.700117, 24.094196], [120.700169, 24.094333], [120.700326, 24.094302], [120.700395, 24.094225], [120.700332, 24.093955], [120.700444, 24.093928], [120.698827, 24.094411], [120.699089, 24.094619], [120.698335, 24.09502], [120.698336, 24.095319], [120.698486, 24.095472], [120.698114, 24.095634], [120.697943, 24.095362], [120.697803, 24.095415], [120.698013, 24.095796], [120.698172, 24.09573], [120.698253, 24.095984], [120.697819, 24.096055], [120.697739, 24.095932], [120.697562, 24.095975], [120.697309, 24.096385], [120.697535, 24.096281], [120.697563, 24.096671], [120.696433, 24.096845], [120.696159, 24.096706], [120.696029, 24.096546], [120.695914, 24.096197], [120.696611, 24.095586], [120.696721, 24.095537], [120.696856, 24.095667], [120.696264, 24.096174], [120.695775, 24.096334], [120.695015, 24.095542], [120.695225, 24.095281], [120.694457, 24.094593], [120.69459, 24.094575], [120.695361, 24.095274], [120.695303, 24.095335], [120.695462, 24.095331], [120.695405, 24.095502], [120.695617, 24.095463], [120.695957, 24.095244], [120.696144, 24.095077], [120.696117, 24.094883], [120.695846, 24.094639], [120.695945, 24.094513], [120.695381, 24.094], [120.695625, 24.093774], [120.696246, 24.094434], [120.696408, 24.09441], [120.696378, 24.09427], [120.696171, 24.094161], [120.695741, 24.093697], [120.695926, 24.093507], [120.696609, 24.094258], [120.696687, 24.094111], [120.696035, 24.093402], [120.696207, 24.093242], [120.696931, 24.094015], [120.697098, 24.0939], [120.697146, 24.093775], [120.696858, 24.09358], [120.696857, 24.093494], [120.696732, 24.093521], [120.696727, 24.093355], [120.69658, 24.093384], [120.69636, 24.093136], [120.696478, 24.092962], [120.696831, 24.092774], [120.696892, 24.093165], [120.697068, 24.093358], [120.697416, 24.09367], [120.697574, 24.093544], [120.697364, 24.093225], [120.697114, 24.093104], [120.697708, 24.093007], [120.697305, 24.09239], [120.697197, 24.092368], [120.697727, 24.093069], [120.697835, 24.093575], [120.697259, 24.094025], [120.697353, 24.094151], [120.697692, 24.09391], [120.69795, 24.093866], [120.698088, 24.094481], [120.697776, 24.094655], [120.697897, 24.09479], [120.698167, 24.094666], [120.697634, 24.095085], [120.697433, 24.095172], [120.697258, 24.095057], [120.696923, 24.095355], [120.696352, 24.094851], [120.696679, 24.094607], [120.696613, 24.094479], [120.696553, 24.094518], [120.696746, 24.094395], [120.696856, 24.094507], [120.697164, 24.094282], [120.697068, 24.094164], [120.696883, 24.09429], [120.696765, 24.094135], [120.697043, 24.094605], [120.69737, 24.094954], [120.697313, 24.095007], [120.697591, 24.09476], [120.697339, 24.09441], [120.697451, 24.094308], [120.697633, 24.094527], [120.69699, 24.094986], [120.697035, 24.095036], [120.696834, 24.094832], [120.696401, 24.094626], [120.696241, 24.09473], [120.695598, 24.094422], [120.695381, 24.094556], [120.695403, 24.094936], [120.694949, 24.094481], [120.694664, 24.093911], [120.69429, 24.093799], [120.69434, 24.093523], [120.694714, 24.093025], [120.694234, 24.092918], [120.694076, 24.093424], [120.693429, 24.093923], [120.692815, 24.093303], [120.692862, 24.093187], [120.693366, 24.092778], [120.693894, 24.093383], [120.693816, 24.09344], [120.693377, 24.092977], [120.693211, 24.093116], [120.693647, 24.093629], [120.693559, 24.093651], [120.69291, 24.093034], [120.692965, 24.092984], [120.692818, 24.093107], [120.692616, 24.093093], [120.692403, 24.092905], [120.692218, 24.092698], [120.692278, 24.092618], [120.69255, 24.092908], [120.692621, 24.092865], [120.69205, 24.092296], [120.692161, 24.09219], [120.692653, 24.092674], [120.692632, 24.092554], [120.692095, 24.091991], [120.691847, 24.092196], [120.69181, 24.092123], [120.692034, 24.09192], [120.69179, 24.091663], [120.691478, 24.091903], [120.692013, 24.092476], [120.692116, 24.092461], [120.692235, 24.092575], [120.692943, 24.092856], [120.69356, 24.092336], [120.693684, 24.092339], [120.693734, 24.092388], [120.693679, 24.092441], [120.694087, 24.092908], [120.693938, 24.092992], [120.693533, 24.092591], [120.693459, 24.092647], [120.693978, 24.093175], [120.693981, 24.093037], [120.694266, 24.092827], [120.6944, 24.092289], [120.694011, 24.092618], [120.69405, 24.092681], [120.693791, 24.092442], [120.693846, 24.092085], [120.693903, 24.093895], [120.693641, 24.094083], [120.693715, 24.094176], [120.694674, 24.095191], [120.694249, 24.094261], [120.694643, 24.093654], [120.694932, 24.093737], [120.695995, 24.095634], [120.696947, 24.09559], [120.697123, 24.095435], [120.6976, 24.095468], [120.69717, 24.095893], [120.696886, 24.096341], [120.697899, 24.096616], [120.698831, 24.096435], [120.698664, 24.095938], [120.698399, 24.095992], [120.698215, 24.096475], [120.699825, 24.096001], [120.701143, 24.095711], [120.701067, 24.095275], [120.701844, 24.095402], [120.702022, 24.095366], [120.702016, 24.0953], [120.702197, 24.095421], [120.702308, 24.094774], [120.702402, 24.094722], [120.702192, 24.094525], [120.701674, 24.094611], [120.701567, 24.094128], [120.701596, 24.094043], [120.702072, 24.093948], [120.702091, 24.093741], [120.702335, 24.093699], [120.702332, 24.093593], [120.701796, 24.093618], [120.70203, 24.093549], [120.701905, 24.093085], [120.7024, 24.092978], [120.70209, 24.092808], [120.701946, 24.092284], [120.701698, 24.092331], [120.701888, 24.093019], [120.701784, 24.093052], [120.701806, 24.093112], [120.701952, 24.093], [120.702244, 24.092394], [120.702201, 24.092231], [120.702672, 24.093268], [120.7033, 24.093122], [120.703225, 24.093569], [120.702978, 24.093627], [120.703015, 24.093739], [120.703483, 24.093673], [120.703507, 24.093623], [120.703281, 24.093579], [120.702778, 24.093561], [120.702784, 24.093801], [120.703348, 24.094246], [120.703394, 24.094407], [120.703585, 24.094362], [120.703838, 24.095112], [120.703726, 24.095135], [120.703507, 24.09457], [120.703594, 24.094297], [120.703552, 24.094188], [120.703942, 24.094071], [120.704278, 24.095013], [120.704781, 24.0949], [120.704633, 24.095222], [120.705431, 24.094893], [120.70525, 24.094596], [120.704572, 24.094647], [120.704389, 24.094738], [120.704327, 24.094585], [120.7045, 24.094531], [120.704467, 24.094342], [120.70429, 24.094415], [120.704197, 24.094269], [120.70454, 24.094097], [120.704514, 24.093733], [120.704304, 24.093519], [120.703829, 24.093531], [120.703805, 24.093186], [120.703866, 24.093787], [120.704125, 24.094061], [120.704359, 24.093994], [120.706285, 24.094177], [120.706364, 24.094614], [120.706457, 24.094745], [120.706274, 24.094901], [120.706365, 24.095028], [120.70621, 24.095082], [120.706177, 24.094999], [120.706042, 24.095007], [120.706022, 24.094909], [120.706038, 24.095379], [120.705652, 24.095436], [120.706923, 24.095188], [120.707007, 24.09508], [120.706503, 24.092404], [120.706804, 24.092353], [120.706636, 24.092204], [120.707, 24.09177], [120.706221, 24.092334], [120.705142, 24.092115], [120.702215, 24.094436], [120.702044, 24.094349], [120.702139, 24.09469], [120.703135, 24.095656], [120.703338, 24.095624], [120.703489, 24.095693], [120.703217, 24.095907], [120.702324, 24.096066], [120.701169, 24.095813], [120.700015, 24.09473], [120.699792, 24.094796], [120.699966, 24.093887], [120.70037, 24.093773], [120.700191, 24.093166], [120.699929, 24.093328], [120.699947, 24.093401], [120.700076, 24.093363], [120.700154, 24.093583], [120.699883, 24.093689]]}}, {"type": "Feature", "properties": {"district": "6602800", "segment": 26, "total_segments": 47, "km": 14.99, "villages": ["仁德里", "立德里"]}, "geometry": {"type": "LineString", "coordinates": [[120.699738, 24.093173], [120.699985, 24.093057], [120.699914, 24.092921], [120.699632, 24.092954], [120.699607, 24.092866], [120.699727, 24.092689], [120.700005, 24.092724], [120.699967, 24.0926], [120.700139, 24.092371], [120.700437, 24.093058], [120.700798, 24.093489], [120.701265, 24.09334], [120.700848, 24.093925], [120.700656, 24.093999], [120.700492, 24.093583], [120.69953, 24.093432], [120.697925, 24.093794], [120.708988, 24.091411], [120.709146, 24.091608], [120.709448, 24.091544], [120.709275, 24.091323], [120.709593, 24.091257], [120.709748, 24.091234], [120.709789, 24.091471], [120.710875, 24.091229], [120.711, 24.091321], [120.711234, 24.09118], [120.711348, 24.091292], [120.7098, 24.089527], [120.704327, 24.103835], [120.704204, 24.103939], [120.70439, 24.104035], [120.704691, 24.104443], [120.704782, 24.104191], [120.704806, 24.104494], [120.70537, 24.105093], [120.705322, 24.105138], [120.70511, 24.104992], [120.704728, 24.104565], [120.704506, 24.104747], [120.705061, 24.105333], [120.704329, 24.105968], [120.703005, 24.10415], [120.703093, 24.104111], [120.703206, 24.104227], [120.704314, 24.105762], [120.70459, 24.105525], [120.704056, 24.104963], [120.70348, 24.104185], [120.703517, 24.104046], [120.703319, 24.103773], [120.703258, 24.103844], [120.703098, 24.103645], [120.70286, 24.103769], [120.703072, 24.104079], [120.702943, 24.104055], [120.702688, 24.103678], [120.702376, 24.103406], [120.702231, 24.103677], [120.701362, 24.103343], [120.700989, 24.103161], [120.701026, 24.10309], [120.700882, 24.10302], [120.700718, 24.103291], [120.700617, 24.103281], [120.700851, 24.102846], [120.700555, 24.102723], [120.700411, 24.102713], [120.700153, 24.103192], [120.700268, 24.103202], [120.700454, 24.102853], [120.700214, 24.102621], [120.699999, 24.102591], [120.699812, 24.102905], [120.699906, 24.102945], [120.699745, 24.103223], [120.699527, 24.103162], [120.699261, 24.103623], [120.699378, 24.103688], [120.699442, 24.10348], [120.700107, 24.103766], [120.699995, 24.103847], [120.699556, 24.103612], [120.699544, 24.10384], [120.699886, 24.104037], [120.699911, 24.104173], [120.700043, 24.104263], [120.699861, 24.104595], [120.698585, 24.104196], [120.698513, 24.104012], [120.698521, 24.103221], [120.698349, 24.103203], [120.69835, 24.102742], [120.698574, 24.102747], [120.698528, 24.102512], [120.698632, 24.102386], [120.699298, 24.10244], [120.699287, 24.102532], [120.699406, 24.102541], [120.699533, 24.102728], [120.699621, 24.102691], [120.699548, 24.102552], [120.699806, 24.102516], [120.699957, 24.102279], [120.700151, 24.102318], [120.700075, 24.102744], [120.699545, 24.103123], [120.699569, 24.103253], [120.699742, 24.103368], [120.700324, 24.103611], [120.700054, 24.10406], [120.700274, 24.104098], [120.700488, 24.103807], [120.701004, 24.104016], [120.701734, 24.104181], [120.701929, 24.104149], [120.702104, 24.104426], [120.702402, 24.104272], [120.702429, 24.104134], [120.702684, 24.104082], [120.70256, 24.104029], [120.7022, 24.104115], [120.702122, 24.104085], [120.702104, 24.103924], [120.700809, 24.103496], [120.70073, 24.103547], [120.701801, 24.103941], [120.70221, 24.103908], [120.702288, 24.103701], [120.702349, 24.10372], [120.701058, 24.103106], [120.701146, 24.102882], [120.701559, 24.103153], [120.702099, 24.103221], [120.702752, 24.103612], [120.702832, 24.103737], [120.703276, 24.103879], [120.704008, 24.104598], [120.704351, 24.105152], [120.704701, 24.105434], [120.704881, 24.105277], [120.70456, 24.104991], [120.703639, 24.103784], [120.703925, 24.103943], [120.704417, 24.10461], [120.705112, 24.104342], [120.705221, 24.10447], [120.705334, 24.104452], [120.705828, 24.104719], [120.704275, 24.106177], [120.704026, 24.106693], [120.703791, 24.10683], [120.703679, 24.107308], [120.703528, 24.10759], [120.70219, 24.106944], [120.70088, 24.106172], [120.699824, 24.105714], [120.699965, 24.105001], [120.700179, 24.105083], [120.700391, 24.104947], [120.700249, 24.10489], [120.700165, 24.104736], [120.700216, 24.104685], [120.700259, 24.104798], [120.700436, 24.10464], [120.700311, 24.104475], [120.700428, 24.104454], [120.700662, 24.104693], [120.70095, 24.104397], [120.701121, 24.104382], [120.701104, 24.104498], [120.701322, 24.104903], [120.701223, 24.104903], [120.701308, 24.105014], [120.701408, 24.104967], [120.701638, 24.105243], [120.701853, 24.105365], [120.702368, 24.10505], [120.702323, 24.104977], [120.701893, 24.10522], [120.701735, 24.104989], [120.701595, 24.104967], [120.702116, 24.104675], [120.702172, 24.104751], [120.701786, 24.104963], [120.701592, 24.104666], [120.701453, 24.104744], [120.701387, 24.104651], [120.701919, 24.10436], [120.701978, 24.104454], [120.701641, 24.104638], [120.701577, 24.104358], [120.701461, 24.104359], [120.700849, 24.104898], [120.701085, 24.105153], [120.701971, 24.105612], [120.703924, 24.10645], [120.703773, 24.106576], [120.703074, 24.106184], [120.702468, 24.106116], [120.702441, 24.10617], [120.702356, 24.106109], [120.702465, 24.105924], [120.701765, 24.105603], [120.701607, 24.105684], [120.702191, 24.106372], [120.703741, 24.106701], [120.703551, 24.106957], [120.702853, 24.106782], [120.702663, 24.106826], [120.701937, 24.106496], [120.702127, 24.10641], [120.702237, 24.106251], [120.701912, 24.105897], [120.70157, 24.106035], [120.701758, 24.1063], [120.701687, 24.106346], [120.701802, 24.106423], [120.701857, 24.106353], [120.701638, 24.106293], [120.701382, 24.105999], [120.701509, 24.106011], [120.701149, 24.105474], [120.701103, 24.105564], [120.701319, 24.105911], [120.701289, 24.105973], [120.701059, 24.105879], [120.700987, 24.105957], [120.700103, 24.105532], [120.700172, 24.105432], [120.700158, 24.105197], [120.700347, 24.105265], [120.700554, 24.105114], [120.700819, 24.1055], [120.701106, 24.105291], [120.700746, 24.104973], [120.700649, 24.105046], [120.700676, 24.105147], [120.700857, 24.105348], [120.70076, 24.105547], [120.700548, 24.105636], [120.700877, 24.105772], [120.70035, 24.105438], [120.700485, 24.105414], [120.700619, 24.104825], [120.700485, 24.104667], [120.700681, 24.10436], [120.700632, 24.104342], [120.700912, 24.104351], [120.70079, 24.104445], [120.700297, 24.104282], [120.700084, 24.104478], [120.699998, 24.104711], [120.699608, 24.104349], [120.699625, 24.104158], [120.699731, 24.104097], [120.699523, 24.104348], [120.699354, 24.104147], [120.699466, 24.103933], [120.699407, 24.103867], [120.69927, 24.104156], [120.69916, 24.104202], [120.698957, 24.104126], [120.699153, 24.103765], [120.698857, 24.103512], [120.698711, 24.103512], [120.698818, 24.103234], [120.698988, 24.103134], [120.69928, 24.103244], [120.699322, 24.10319], [120.698885, 24.102974], [120.698901, 24.102727], [120.699326, 24.102863], [120.699027, 24.102811], [120.699069, 24.102515], [120.699242, 24.102525], [120.698771, 24.102492], [120.698517, 24.102184], [120.698525, 24.101753], [120.698785, 24.101803], [120.69875, 24.101866], [120.698646, 24.101806], [120.698805, 24.101933], [120.698925, 24.101777], [120.699025, 24.10183], [120.698916, 24.102095], [120.69878, 24.102094], [120.699057, 24.10206], [120.699159, 24.101914], [120.699239, 24.101956], [120.699163, 24.10207], [120.699308, 24.101863], [120.699435, 24.10194], [120.69944, 24.102162], [120.699362, 24.10227]]}}, {"type": "Feature", "properties": {"district": "6602800", "segment": 27, "total_segments": 47, "km": 11.16, "villages": ["立德里"]}, "geometry": {"type": "LineString", "coordinates": [[120.699209, 24.101809], [120.69877, 24.101559], [120.698544, 24.101615], [120.698272, 24.102236], [120.697918, 24.102238], [120.697913, 24.102051], [120.698211, 24.102112], [120.697562, 24.102321], [120.697306, 24.102316], [120.6973, 24.101975], [120.697102, 24.101999], [120.697051, 24.1025], [120.696483, 24.102526], [120.696458, 24.102332], [120.69687, 24.10234], [120.697097, 24.102526], [120.6971, 24.102863], [120.697277, 24.102936], [120.697314, 24.102607], [120.697654, 24.102575], [120.697863, 24.102748], [120.697852, 24.103938], [120.697721, 24.10385], [120.697687, 24.103641], [120.697615, 24.103711], [120.697729, 24.103115], [120.697676, 24.1029], [120.698028, 24.102883], [120.698025, 24.102807], [120.697972, 24.10281], [120.697953, 24.103185], [120.698056, 24.103466], [120.698345, 24.103473], [120.698348, 24.103244], [120.698347, 24.103941], [120.6982, 24.104093], [120.697889, 24.104162], [120.697273, 24.104081], [120.697098, 24.104028], [120.697093, 24.103716], [120.696517, 24.103695], [120.696514, 24.103508], [120.696267, 24.103509], [120.696272, 24.103423], [120.696498, 24.103425], [120.696466, 24.103251], [120.696904, 24.103094], [120.69684, 24.102965], [120.696694, 24.102967], [120.696765, 24.102683], [120.696666, 24.102721], [120.696638, 24.102656], [120.696317, 24.102818], [120.696237, 24.102955], [120.696042, 24.10294], [120.695959, 24.102502], [120.696063, 24.102499], [120.696218, 24.102561], [120.69633, 24.102984], [120.696607, 24.103086], [120.696143, 24.103088], [120.696167, 24.103253], [120.696414, 24.103249], [120.696111, 24.10347], [120.696268, 24.103899], [120.696253, 24.104174], [120.695778, 24.104135], [120.695272, 24.102586], [120.695469, 24.102675], [120.695653, 24.103153], [120.695736, 24.103056], [120.695583, 24.102633], [120.695773, 24.102586], [120.695993, 24.103397], [120.695885, 24.103384], [120.69582, 24.103149], [120.695668, 24.103304], [120.695925, 24.103914], [120.696027, 24.103916], [120.695882, 24.10352], [120.696421, 24.103983], [120.696525, 24.104167], [120.697053, 24.104179], [120.697289, 24.103729], [120.697243, 24.10331], [120.697356, 24.103243], [120.697284, 24.103014], [120.697102, 24.103126], [120.697031, 24.103489], [120.696787, 24.103551], [120.696304, 24.104181], [120.698055, 24.103619], [120.698936, 24.103849], [120.69888, 24.103951], [120.698998, 24.103436], [120.699073, 24.103458], [120.699338, 24.102929], [120.70012, 24.103408], [120.700673, 24.103385], [120.700544, 24.103602], [120.700612, 24.103662], [120.700368, 24.103541], [120.700398, 24.1035], [120.70086, 24.103809], [120.700947, 24.10379], [120.700911, 24.104088], [120.701207, 24.10423], [120.70074, 24.104043], [120.700581, 24.104164], [120.70067, 24.104012], [120.701126, 24.104783], [120.701019, 24.104848], [120.701391, 24.105112], [120.701418, 24.105412], [120.701577, 24.105512], [120.70158, 24.105639], [120.702137, 24.10549], [120.702516, 24.105271], [120.702568, 24.105351], [120.702268, 24.105516], [120.702548, 24.105611], [120.703023, 24.105294], [120.702922, 24.105158], [120.702684, 24.105293], [120.702615, 24.105192], [120.703047, 24.104959], [120.703527, 24.10538], [120.703472, 24.105445], [120.702863, 24.104779], [120.702485, 24.104989], [120.702417, 24.104891], [120.703054, 24.104574], [120.703098, 24.104648], [120.702911, 24.104752], [120.702705, 24.104457], [120.702283, 24.104688], [120.702211, 24.104602], [120.702583, 24.104408], [120.702751, 24.104433], [120.702898, 24.10435], [120.702856, 24.104273], [120.703174, 24.105501], [120.702971, 24.105718], [120.704122, 24.106185], [120.704115, 24.106085], [120.703247, 24.105699], [120.703245, 24.105546], [120.703503, 24.105476], [120.70361, 24.105545], [120.703524, 24.105644], [120.703587, 24.105758], [120.703787, 24.105616], [120.703719, 24.10554], [120.702932, 24.105702], [120.702754, 24.105666], [120.702865, 24.10555], [120.702564, 24.105968], [120.702497, 24.106354], [120.703306, 24.106471], [120.703173, 24.10695], [120.703515, 24.107037], [120.702825, 24.106956], [120.702772, 24.106699], [120.702672, 24.106673], [120.702418, 24.10634], [120.698572, 24.103058], [120.69753, 24.10206], [120.697687, 24.101793], [120.697695, 24.101568], [120.69729, 24.101572], [120.69729, 24.101791], [120.697096, 24.101681], [120.697035, 24.101801], [120.696845, 24.101838], [120.695778, 24.101834], [120.695914, 24.101756], [120.695954, 24.101931], [120.696849, 24.101934], [120.696742, 24.101753], [120.696943, 24.101691], [120.697097, 24.101494], [120.697098, 24.100979], [120.69606, 24.100919], [120.695353, 24.10097], [120.695158, 24.101024], [120.695229, 24.101298], [120.694784, 24.10126], [120.694621, 24.100853], [120.694784, 24.100783], [120.694617, 24.100417], [120.694771, 24.100323], [120.694678, 24.100075], [120.69477, 24.100028], [120.695003, 24.100607], [120.694898, 24.100637], [120.694811, 24.100424], [120.695058, 24.100297], [120.694918, 24.099973], [120.695183, 24.09985], [120.695252, 24.100005], [120.69532, 24.099952], [120.695303, 24.099786], [120.695589, 24.099689], [120.696843, 24.10045], [120.696843, 24.100602], [120.696979, 24.100666], [120.696421, 24.100788], [120.696358, 24.100531], [120.696044, 24.100382], [120.696022, 24.100272], [120.695212, 24.100257], [120.695242, 24.100118], [120.695363, 24.10008], [120.695343, 24.09999], [120.695579, 24.099981], [120.695583, 24.100057], [120.695587, 24.099845], [120.695716, 24.099914], [120.695752, 24.100446], [120.695972, 24.100464], [120.696215, 24.100645], [120.69617, 24.100796], [120.695925, 24.100836], [120.695733, 24.100767], [120.695642, 24.100834], [120.695464, 24.10077], [120.695279, 24.100829], [120.695172, 24.100691], [120.695041, 24.100755], [120.695144, 24.100983], [120.694813, 24.101024], [120.694769, 24.10091], [120.694949, 24.100884], [120.694953, 24.100703], [120.695114, 24.100457], [120.695678, 24.100444], [120.696221, 24.100834], [120.696273, 24.100803], [120.696253, 24.101313], [120.696206, 24.101244], [120.696156, 24.101308], [120.695538, 24.101315], [120.69539, 24.101284], [120.69538, 24.101144], [120.695301, 24.101424], [120.695111, 24.101421], [120.69534, 24.101989], [120.695549, 24.102025], [120.695592, 24.102147], [120.695526, 24.102297], [120.696334, 24.102319], [120.695901, 24.102506], [120.695804, 24.102009], [120.695915, 24.102006], [120.695586, 24.101808], [120.695492, 24.101461], [120.696379, 24.101494], [120.696659, 24.101431], [120.696636, 24.101315], [120.696347, 24.101316], [120.696754, 24.101312], [120.696951, 24.101212], [120.696809, 24.101435], [120.697096, 24.10195], [120.695442, 24.101896], [120.695317, 24.101538], [120.694943, 24.101741], [120.695167, 24.102302], [120.695233, 24.102155], [120.695168, 24.101951], [120.694858, 24.101536], [120.694849, 24.101454], [120.695014, 24.101533], [120.694922, 24.101132], [120.694861, 24.101146], [120.69454, 24.100733], [120.694381, 24.100333], [120.694502, 24.100145], [120.695127, 24.099629], [120.694063, 24.099368]]}}, {"type": "Feature", "properties": {"district": "6602800", "segment": 28, "total_segments": 47, "km": 14.99, "villages": ["新仁里"]}, "geometry": {"type": "LineString", "coordinates": [[120.704503, 24.105943], [120.70524, 24.105433], [120.706279, 24.105835], [120.706463, 24.105991], [120.706539, 24.105947], [120.706693, 24.106014], [120.706721, 24.105912], [120.705323, 24.10535], [120.705536, 24.105132], [120.705682, 24.105106], [120.706416, 24.105417], [120.70641, 24.105491], [120.706625, 24.105654], [120.707019, 24.105759], [120.70706, 24.105869], [120.706685, 24.106191], [120.706641, 24.106502], [120.705588, 24.106381], [120.705555, 24.106499], [120.705812, 24.106589], [120.705798, 24.106873], [120.705887, 24.106898], [120.705938, 24.106549], [120.706212, 24.106575], [120.706183, 24.107025], [120.706265, 24.107023], [120.706271, 24.107109], [120.706207, 24.107291], [120.706317, 24.107324], [120.7064, 24.107106], [120.706584, 24.107061], [120.706573, 24.10674], [120.706712, 24.106781], [120.706654, 24.107377], [120.70658, 24.107369], [120.706602, 24.107149], [120.706867, 24.107297], [120.706836, 24.107622], [120.706908, 24.107633], [120.706917, 24.107521], [120.707796, 24.107687], [120.70807, 24.107671], [120.70808, 24.107569], [120.707109, 24.107415], [120.707325, 24.107022], [120.707219, 24.106959], [120.707058, 24.107134], [120.707259, 24.106822], [120.706841, 24.106304], [120.706854, 24.106519], [120.70709, 24.106765], [120.707324, 24.10683], [120.70779, 24.107273], [120.707583, 24.107262], [120.707465, 24.107113], [120.7077, 24.106836], [120.707973, 24.107041], [120.708023, 24.106972], [120.708263, 24.107155], [120.707845, 24.107251], [120.708094, 24.10741], [120.708182, 24.107362], [120.708187, 24.107578], [120.708473, 24.107585], [120.708471, 24.107672], [120.708201, 24.10767], [120.708176, 24.108358], [120.708079, 24.108373], [120.708083, 24.107826], [120.707894, 24.107959], [120.707076, 24.107774], [120.706316, 24.107774], [120.705614, 24.107924], [120.705698, 24.108095], [120.705525, 24.108431], [120.705643, 24.108773], [120.705636, 24.109051], [120.705752, 24.109115], [120.705788, 24.109019], [120.706218, 24.109123], [120.706441, 24.109324], [120.706359, 24.109416], [120.706166, 24.109237], [120.705969, 24.109263], [120.705869, 24.109189], [120.705724, 24.109486], [120.705423, 24.109477], [120.705425, 24.109556], [120.70562, 24.109589], [120.705603, 24.109768], [120.704778, 24.109718], [120.704743, 24.110155], [120.704374, 24.11026], [120.704334, 24.110078], [120.703859, 24.110069], [120.703876, 24.109982], [120.704082, 24.109994], [120.703878, 24.109826], [120.703896, 24.109669], [120.70379, 24.109653], [120.703667, 24.110093], [120.703735, 24.110137], [120.703656, 24.110696], [120.703761, 24.1107], [120.703723, 24.110942], [120.70339, 24.110769], [120.70331, 24.111098], [120.704489, 24.111259], [120.704418, 24.111063], [120.704473, 24.110457], [120.704374, 24.110454], [120.704325, 24.111053], [120.704128, 24.111002], [120.70413, 24.110879], [120.704036, 24.110871], [120.704037, 24.111009], [120.704077, 24.110472], [120.704042, 24.110512], [120.704125, 24.110276], [120.703816, 24.110277], [120.703769, 24.110662], [120.702875, 24.110343], [120.702905, 24.110275], [120.70336, 24.110427], [120.703439, 24.110123], [120.70352, 24.110147], [120.703532, 24.110078], [120.703033, 24.109946], [120.703009, 24.110008], [120.703228, 24.1101], [120.70382, 24.110236], [120.703587, 24.109674], [120.703259, 24.109689], [120.703126, 24.109617], [120.703165, 24.109516], [120.70336, 24.109522], [120.703368, 24.109589], [120.703461, 24.109517], [120.703804, 24.109557], [120.703834, 24.109295], [120.703938, 24.109302], [120.703909, 24.109569], [120.704623, 24.109653], [120.704612, 24.109729], [120.704361, 24.109709], [120.704473, 24.109392], [120.704645, 24.109391], [120.704618, 24.109268], [120.704215, 24.109183], [120.704136, 24.109316], [120.704357, 24.10935], [120.704456, 24.109026], [120.704694, 24.108991], [120.704602, 24.108903], [120.704014, 24.108787], [120.704038, 24.108526], [120.703926, 24.108584], [120.703848, 24.10919], [120.70395, 24.109195], [120.704009, 24.108824], [120.704231, 24.109002], [120.704417, 24.108968], [120.704396, 24.10856], [120.704562, 24.108555], [120.704561, 24.108472], [120.704299, 24.108445], [120.704476, 24.108282], [120.704502, 24.108129], [120.704571, 24.108143], [120.704542, 24.108289], [120.70466, 24.108461], [120.705187, 24.108525], [120.7051, 24.108619], [120.704666, 24.108619], [120.704938, 24.108336], [120.704967, 24.108187], [120.705016, 24.108277], [120.70507, 24.108026], [120.705319, 24.108056], [120.70522, 24.107937], [120.703799, 24.107752], [120.703847, 24.107877], [120.704983, 24.108019], [120.70516, 24.10766], [120.705545, 24.107739], [120.705741, 24.10727], [120.705826, 24.107296], [120.705647, 24.107692], [120.705902, 24.107645], [120.706, 24.107353], [120.706071, 24.107373], [120.705987, 24.107627], [120.706257, 24.107536], [120.706456, 24.107591], [120.706448, 24.107465], [120.706516, 24.107474], [120.706286, 24.107427], [120.705988, 24.107219], [120.706039, 24.107079], [120.705924, 24.107037], [120.705881, 24.107188], [120.705728, 24.107149], [120.705789, 24.106982], [120.70547, 24.107087], [120.705324, 24.10704], [120.705306, 24.107108], [120.704354, 24.106807], [120.70441, 24.106723], [120.705185, 24.10697], [120.705252, 24.106824], [120.704489, 24.106565], [120.704548, 24.106467], [120.705393, 24.106702], [120.705504, 24.105731], [120.705619, 24.10575], [120.705632, 24.105848], [120.705558, 24.106255], [120.705846, 24.106205], [120.705919, 24.10589], [120.706028, 24.106008], [120.705979, 24.106307], [120.705872, 24.106298], [120.706214, 24.10631], [120.706295, 24.106054], [120.706417, 24.10611], [120.706385, 24.106339], [120.706468, 24.106595], [120.706716, 24.106684], [120.706348, 24.106676], [120.706308, 24.106947], [120.706729, 24.107501], [120.706729, 24.107998], [120.707076, 24.108015], [120.707082, 24.108134], [120.706318, 24.108132], [120.706317, 24.107997], [120.706669, 24.107998], [120.706538, 24.108482], [120.706973, 24.108497], [120.706987, 24.108413], [120.70681, 24.108409], [120.706859, 24.108702], [120.70694, 24.108685], [120.707245, 24.108943], [120.707168, 24.108975], [120.706923, 24.108771], [120.706714, 24.109073], [120.706629, 24.108982], [120.706683, 24.108904], [120.706595, 24.108826], [120.706525, 24.108883], [120.706521, 24.108758], [120.705813, 24.108644], [120.705829, 24.108548], [120.705992, 24.108545], [120.70628, 24.108638], [120.706295, 24.108423], [120.706134, 24.108414], [120.706395, 24.108383], [120.706204, 24.107938], [120.706075, 24.107955], [120.705369, 24.10755], [120.704086, 24.107359], [120.704011, 24.107426], [120.704881, 24.107589], [120.704975, 24.107295], [120.704836, 24.107263], [120.704901, 24.107186], [120.704261, 24.107007], [120.704162, 24.10709], [120.704725, 24.107233], [120.704996, 24.107211], [120.70528, 24.107381], [120.70527, 24.107287], [120.705411, 24.107322], [120.705392, 24.107409], [120.705455, 24.107157], [120.705525, 24.107175], [120.705377, 24.107136], [120.705511, 24.106663], [120.705247, 24.106348], [120.70461, 24.10622], [120.70445, 24.106128], [120.704473, 24.106042], [120.704228, 24.106616], [120.703911, 24.107028], [120.703624, 24.107796], [120.703174, 24.10846], [120.703107, 24.108874], [120.701912, 24.110753], [120.701919, 24.110909], [120.703245, 24.111088], [120.703145, 24.11078], [120.703078, 24.110897], [120.70309, 24.110687], [120.702771, 24.110649], [120.702736, 24.110858], [120.702648, 24.110845], [120.702695, 24.110458], [120.702988, 24.109688], [120.702961, 24.109523], [120.703092, 24.109513], [120.703107, 24.109198], [120.703648, 24.109262], [120.703674, 24.109174], [120.70322, 24.109123], [120.703436, 24.108879], [120.703483, 24.10855], [120.703576, 24.108549], [120.703544, 24.108874], [120.703629, 24.108386], [120.70394, 24.108409], [120.704001, 24.108077], [120.704103, 24.108087], [120.704086, 24.108235], [120.704817, 24.109217], [120.704779, 24.10968], [120.704868, 24.109837], [120.705587, 24.109912], [120.705465, 24.110433], [120.705378, 24.11147], [120.704914, 24.111376], [120.704772, 24.111239], [120.705066, 24.111201], [120.705098, 24.110332], [120.705218, 24.110245], [120.705135, 24.11127], [120.705857, 24.111579], [120.706098, 24.111611], [120.706145, 24.110984], [120.70603, 24.110728], [120.706094, 24.110586], [120.706211, 24.110592], [120.706177, 24.109752], [120.706074, 24.109755], [120.706022, 24.110083], [120.705695, 24.110049], [120.705731, 24.109596], [120.704888, 24.109505], [120.704907, 24.109419], [120.70513, 24.109432], [120.705474, 24.109229], [120.705534, 24.108802], [120.705257, 24.108769], [120.706155, 24.109595], [120.706529, 24.109413], [120.706671, 24.109582], [120.706573, 24.109655], [120.706693, 24.109745], [120.706791, 24.109676], [120.706857, 24.109723], [120.706858, 24.109893], [120.707014, 24.109856], [120.707389, 24.11012], [120.70731, 24.110256], [120.707425, 24.110357], [120.707604, 24.110342], [120.707493, 24.110253], [120.707755, 24.110358], [120.707805, 24.110656], [120.707932, 24.110759], [120.707928, 24.110613], [120.70813, 24.110789], [120.707926, 24.110994], [120.70807, 24.111074], [120.708116, 24.111012], [120.708378, 24.111157], [120.708509, 24.111029], [120.708448, 24.110976], [120.708637, 24.1113], [120.709619, 24.111128], [120.709735, 24.110983], [120.709263, 24.110588], [120.709179, 24.110656], [120.709415, 24.110857], [120.709131, 24.111028], [120.708061, 24.110111], [120.70798, 24.110175], [120.708791, 24.110868], [120.708963, 24.111008], [120.709137, 24.110622], [120.707449, 24.109179], [120.707496, 24.109084], [120.707435, 24.109026], [120.709178, 24.110496], [120.709465, 24.110236], [120.709616, 24.110359], [120.709772, 24.110206], [120.709664, 24.110466], [120.709845, 24.110635], [120.709772, 24.110661], [120.709601, 24.110514], [120.709948, 24.110922], [120.7103, 24.11084], [120.710027, 24.110786], [120.709777, 24.111014], [120.709354, 24.109931], [120.708686, 24.109805], [120.707741, 24.109914], [120.707808, 24.110057], [120.707644, 24.109838], [120.707718, 24.10978], [120.707478, 24.109586], [120.707411, 24.109654], [120.707466, 24.109752], [120.707545, 24.109806], [120.70696, 24.109281], [120.707022, 24.109208]]}}, {"type": "Feature", "properties": {"district": "6602800", "segment": 29, "total_segments": 47, "km": 10.32, "villages": ["新仁里"]}, "geometry": {"type": "LineString", "coordinates": [[120.706887, 24.109087], [120.706815, 24.109149], [120.70722, 24.109018], [120.707401, 24.108788], [120.70749, 24.108808], [120.707479, 24.108399], [120.707363, 24.108318], [120.707381, 24.108211], [120.70721, 24.108178], [120.707822, 24.108312], [120.707769, 24.108399], [120.707594, 24.108417], [120.707865, 24.108438], [120.708452, 24.108366], [120.708469, 24.1082], [120.708556, 24.1082], [120.708629, 24.108466], [120.708848, 24.108371], [120.708849, 24.108205], [120.708949, 24.108195], [120.708991, 24.108541], [120.709215, 24.108468], [120.709228, 24.107853], [120.709331, 24.107857], [120.709338, 24.108494], [120.709614, 24.108494], [120.709629, 24.107861], [120.709747, 24.107861], [120.709811, 24.107636], [120.71006, 24.107701], [120.710413, 24.107966], [120.710311, 24.108027], [120.710137, 24.107913], [120.710002, 24.107922], [120.709963, 24.107811], [120.709997, 24.108655], [120.710088, 24.108665], [120.710094, 24.108291], [120.710425, 24.108328], [120.710414, 24.108678], [120.710518, 24.108692], [120.710538, 24.108306], [120.710434, 24.108287], [120.710509, 24.108049], [120.711551, 24.108775], [120.711731, 24.109112], [120.712122, 24.109439], [120.712538, 24.109493], [120.712823, 24.109743], [120.712736, 24.109882], [120.712366, 24.110032], [120.712287, 24.109941], [120.711722, 24.109834], [120.711695, 24.109914], [120.711503, 24.109881], [120.711298, 24.109952], [120.71082, 24.109788], [120.710754, 24.109608], [120.710554, 24.109773], [120.711084, 24.109643], [120.712052, 24.109982], [120.712148, 24.110196], [120.712261, 24.110138], [120.712231, 24.110247], [120.712783, 24.109938], [120.712071, 24.11023], [120.710612, 24.109127], [120.710389, 24.109245], [120.710088, 24.109113], [120.710337, 24.108789], [120.710824, 24.108709], [120.71097, 24.108526], [120.710791, 24.108379], [120.711134, 24.108624], [120.709721, 24.108601], [120.709745, 24.107916], [120.709599, 24.107688], [120.709343, 24.107683], [120.709334, 24.107586], [120.70978, 24.107623], [120.709764, 24.107466], [120.709556, 24.107261], [120.709425, 24.107369], [120.709468, 24.107402], [120.709303, 24.107299], [120.709459, 24.107032], [120.709166, 24.106826], [120.70888, 24.107206], [120.708846, 24.107416], [120.708986, 24.107429], [120.708965, 24.107592], [120.709281, 24.107587], [120.70922, 24.107683], [120.708571, 24.107678], [120.708577, 24.107587], [120.708843, 24.107588], [120.708858, 24.10801], [120.708794, 24.108118], [120.708954, 24.108124], [120.708955, 24.107852], [120.708553, 24.107848], [120.708551, 24.108123], [120.708474, 24.108115], [120.708472, 24.107197], [120.708568, 24.107241], [120.708571, 24.107413], [120.709039, 24.106715], [120.707877, 24.105968], [120.707594, 24.106397], [120.707532, 24.106274], [120.707648, 24.106119], [120.707092, 24.105647], [120.705672, 24.105238], [120.705842, 24.104927], [120.706161, 24.104882], [120.706986, 24.105366], [120.70769, 24.105827], [120.708016, 24.106198], [120.707583, 24.106747], [120.708026, 24.106903], [120.708059, 24.106727], [120.708323, 24.106391], [120.708481, 24.106489], [120.708212, 24.106823], [120.708393, 24.106935], [120.708656, 24.106599], [120.708805, 24.106694], [120.708536, 24.10703], [120.709078, 24.107288], [120.709265, 24.107044], [120.709255, 24.107361], [120.709073, 24.106739], [120.708164, 24.106286], [120.70791, 24.106605], [120.707532, 24.106584], [120.707246, 24.106266], [120.707171, 24.106319], [120.707416, 24.106647], [120.707481, 24.106652], [120.707001, 24.106141], [120.707108, 24.105851], [120.706018, 24.10478], [120.705251, 24.105638], [120.705112, 24.105685], [120.705064, 24.1058], [120.705156, 24.105933], [120.705151, 24.106209], [120.704806, 24.106181], [120.70506, 24.105983], [120.704934, 24.105832], [120.705048, 24.107317], [120.707914, 24.108109], [120.707297, 24.108577], [120.707239, 24.108516], [120.707236, 24.109389], [120.70739, 24.109524], [120.707091, 24.110074], [120.707188, 24.110158], [120.706683, 24.110716], [120.70685, 24.110904], [120.706783, 24.111027], [120.707137, 24.111402], [120.707141, 24.111195], [120.706974, 24.111008], [120.70669, 24.110947], [120.706508, 24.111237], [120.706483, 24.111443], [120.706676, 24.111441], [120.706619, 24.11135], [120.706619, 24.111686], [120.707163, 24.111722], [120.707563, 24.111606], [120.707438, 24.111538], [120.707787, 24.11155], [120.708506, 24.11131], [120.708, 24.111156], [120.707805, 24.111311], [120.7071, 24.110476], [120.707125, 24.110416], [120.707001, 24.110557], [120.706569, 24.110246], [120.706662, 24.110128], [120.706089, 24.110111], [120.706071, 24.11034], [120.705664, 24.110311], [120.705607, 24.110393], [120.706049, 24.110471], [120.706249, 24.110637], [120.706282, 24.110859], [120.705873, 24.110864], [120.705887, 24.11096], [120.70558, 24.110934], [120.705599, 24.110723], [120.70589, 24.110688], [120.705757, 24.110735], [120.705739, 24.111346], [120.705633, 24.111314], [120.705597, 24.110534], [120.705324, 24.110071], [120.705179, 24.110102], [120.705569, 24.111654], [120.706571, 24.111685], [120.708513, 24.108818], [120.709612, 24.10855], [120.710019, 24.107488], [120.702801, 24.110488], [120.702775, 24.11061], [120.702398, 24.110392], [120.702489, 24.110368], [120.70246, 24.110283], [120.702624, 24.110108], [120.702576, 24.110071], [120.70228, 24.110717], [120.702184, 24.110785], [120.70217, 24.11065], [120.702303, 24.110569], [120.701878, 24.11091]]}}, {"type": "Feature", "properties": {"district": "6602800", "segment": 30, "total_segments": 47, "km": 13.91, "villages": ["立仁里"]}, "geometry": {"type": "LineString", "coordinates": [[120.70172, 24.110845], [120.701476, 24.110761], [120.701417, 24.110873], [120.700356, 24.110374], [120.699584, 24.110091], [120.699396, 24.110117], [120.699359, 24.109975], [120.700087, 24.109778], [120.700128, 24.109873], [120.699737, 24.110017], [120.700206, 24.11018], [120.700279, 24.110144], [120.7002, 24.109921], [120.700311, 24.109888], [120.700308, 24.109749], [120.700023, 24.109004], [120.699912, 24.109038], [120.700104, 24.109583], [120.699858, 24.109478], [120.699324, 24.109596], [120.699, 24.109733], [120.698923, 24.109839], [120.698855, 24.109762], [120.699121, 24.110047], [120.699311, 24.10999], [120.699486, 24.109501], [120.699828, 24.109413], [120.699723, 24.109074], [120.69949, 24.109139], [120.699654, 24.108989], [120.699883, 24.108948], [120.699451, 24.107588], [120.699349, 24.107495], [120.699383, 24.107386], [120.699534, 24.107341], [120.699994, 24.108899], [120.700206, 24.108841], [120.700394, 24.108912], [120.700333, 24.108798], [120.70049, 24.108718], [120.701271, 24.108499], [120.701869, 24.108488], [120.702009, 24.108534], [120.702027, 24.108667], [120.702228, 24.108672], [120.702436, 24.108567], [120.702825, 24.108695], [120.702801, 24.108774], [120.702539, 24.108695], [120.702524, 24.108892], [120.70219, 24.109187], [120.70202, 24.10889], [120.700963, 24.108849], [120.70084, 24.108725], [120.701204, 24.108653], [120.701965, 24.108666], [120.701911, 24.108957], [120.700911, 24.108951], [120.700923, 24.109322], [120.701202, 24.109678], [120.70114, 24.109727], [120.701235, 24.110014], [120.701184, 24.110368], [120.701294, 24.110386], [120.701312, 24.110305], [120.701448, 24.109516], [120.701395, 24.109344], [120.701134, 24.109107], [120.700816, 24.109021], [120.700604, 24.109056], [120.700601, 24.109234], [120.700947, 24.110264], [120.700771, 24.110077], [120.700501, 24.109186], [120.700263, 24.10898], [120.700644, 24.108785], [120.700362, 24.108406], [120.70026, 24.108444], [120.699969, 24.107562], [120.700081, 24.107512], [120.700338, 24.108301], [120.700522, 24.108238], [120.700414, 24.108052], [120.700534, 24.107859], [120.700815, 24.107716], [120.700759, 24.107475], [120.700516, 24.107056], [120.700181, 24.107174], [120.700147, 24.107099], [120.700556, 24.106945], [120.700608, 24.107026], [120.70092, 24.106929], [120.701139, 24.107184], [120.701211, 24.107126], [120.701649, 24.107636], [120.702672, 24.108133], [120.703026, 24.10821], [120.702956, 24.108271], [120.702669, 24.108228], [120.701719, 24.107781], [120.701241, 24.107352], [120.70118, 24.107098], [120.700964, 24.106841], [120.699938, 24.106229], [120.699706, 24.106246], [120.700094, 24.107422], [120.699928, 24.107416], [120.699509, 24.106015], [120.699658, 24.10609], [120.69969, 24.10621], [120.699388, 24.106366], [120.698891, 24.105904], [120.698594, 24.105873], [120.698532, 24.106048], [120.698374, 24.10595], [120.698256, 24.106117], [120.698139, 24.106086], [120.698052, 24.106205], [120.69743, 24.105803], [120.697328, 24.105982], [120.697174, 24.10594], [120.697036, 24.105725], [120.69726, 24.10576], [120.697329, 24.1056], [120.69696, 24.105497], [120.696972, 24.105318], [120.697681, 24.105481], [120.697722, 24.105586], [120.698035, 24.105761], [120.697859, 24.105975], [120.697804, 24.10593], [120.697863, 24.10585], [120.697721, 24.105779], [120.697656, 24.105828], [120.697577, 24.10569], [120.697392, 24.10561], [120.697396, 24.106021], [120.697681, 24.106205], [120.697625, 24.106473], [120.696833, 24.106727], [120.696918, 24.106878], [120.697172, 24.106869], [120.697456, 24.106768], [120.697486, 24.106693], [120.697618, 24.106733], [120.697642, 24.106648], [120.6978, 24.106667], [120.697719, 24.106495], [120.698064, 24.106749], [120.697887, 24.106883], [120.697997, 24.107082], [120.69786, 24.107124], [120.697919, 24.107309], [120.69727, 24.107523], [120.697394, 24.107757], [120.698186, 24.107543], [120.698218, 24.107716], [120.698386, 24.10767], [120.698497, 24.107894], [120.698104, 24.108018], [120.698182, 24.1082], [120.698262, 24.108183], [120.697852, 24.108299], [120.697988, 24.108527], [120.69867, 24.108327], [120.698596, 24.10813], [120.698749, 24.107876], [120.698642, 24.107595], [120.698812, 24.107617], [120.698992, 24.107507], [120.698844, 24.107137], [120.698694, 24.107091], [120.698902, 24.107], [120.698985, 24.106717], [120.698876, 24.106573], [120.698988, 24.106427], [120.699411, 24.106854], [120.699446, 24.107146], [120.699325, 24.107201], [120.699265, 24.107046], [120.699199, 24.107465], [120.699282, 24.107706], [120.69887, 24.107828], [120.699012, 24.107981], [120.698917, 24.108144], [120.699183, 24.108273], [120.699256, 24.108431], [120.699271, 24.10878], [120.699357, 24.108799], [120.699367, 24.10899], [120.699307, 24.109028], [120.699116, 24.108915], [120.698978, 24.108481], [120.697997, 24.108753], [120.698478, 24.108867], [120.698828, 24.108748], [120.698801, 24.108677], [120.698891, 24.108939], [120.698539, 24.109025], [120.69868, 24.109252], [120.698803, 24.109191], [120.69911, 24.109473], [120.699318, 24.109401], [120.699182, 24.109303], [120.699537, 24.108827], [120.699259, 24.107867], [120.69845, 24.107352], [120.697969, 24.107298], [120.697765, 24.106908], [120.698376, 24.106816], [120.698475, 24.106871], [120.698847, 24.106358], [120.698653, 24.106155], [120.698484, 24.106206], [120.698508, 24.106261], [120.698213, 24.106404], [120.698269, 24.106554], [120.698143, 24.106047], [120.698297, 24.105779], [120.698123, 24.105728], [120.696679, 24.106348], [120.696622, 24.106248], [120.696734, 24.106494], [120.697138, 24.106402], [120.697206, 24.107205], [120.697484, 24.107932], [120.698159, 24.107734], [120.698465, 24.109324], [120.700323, 24.109924], [120.70044, 24.110274], [120.701272, 24.110591], [120.701565, 24.110571], [120.701731, 24.109942], [120.701904, 24.109772], [120.70207, 24.10995], [120.701871, 24.110273], [120.70205, 24.11037], [120.701639, 24.110959], [120.701475, 24.110903], [120.701577, 24.10985], [120.701765, 24.109472], [120.701674, 24.109286], [120.701469, 24.109226], [120.701504, 24.10916], [120.701874, 24.109196], [120.701799, 24.109251], [120.702202, 24.109738], [120.702136, 24.109781], [120.702195, 24.109841], [120.701942, 24.109568], [120.702443, 24.109687], [120.702933, 24.108923], [120.703075, 24.108407], [120.703443, 24.107735], [120.700191, 24.105975], [120.699672, 24.105888], [120.699417, 24.106432], [120.700053, 24.106445], [120.700753, 24.106816], [120.700072, 24.106866], [120.700081, 24.106781], [120.700543, 24.107494], [120.700291, 24.107611], [120.700342, 24.107703], [120.700583, 24.107567], [120.700855, 24.107736], [120.700847, 24.107819], [120.701163, 24.108209], [120.701077, 24.108359], [120.700666, 24.108441], [120.700533, 24.108267], [120.700277, 24.108509], [120.700301, 24.108589], [120.701327, 24.108225], [120.702088, 24.10818], [120.701304, 24.108153], [120.701162, 24.107873], [120.701325, 24.107748], [120.701384, 24.107811], [120.70126, 24.107882], [120.701006, 24.107664], [120.701176, 24.107544], [120.701121, 24.107477], [120.701025, 24.107535], [120.701697, 24.107201], [120.701835, 24.107283], [120.701882, 24.107216], [120.70166, 24.107034], [120.701848, 24.107371], [120.702025, 24.107433], [120.70199, 24.107245], [120.702369, 24.10741], [120.70223, 24.107655], [120.702306, 24.107698], [120.702448, 24.107446], [120.702856, 24.107647], [120.702711, 24.107892], [120.702815, 24.107897], [120.70294, 24.107679], [120.702779, 24.108491], [120.702426, 24.10833], [120.702395, 24.10838], [120.702298, 24.108306], [120.702335, 24.108249], [120.702263, 24.108365], [120.702567, 24.10914], [120.702251, 24.109291], [120.702365, 24.109401], [120.702205, 24.109224], [120.702376, 24.109789], [120.702131, 24.110239], [120.702072, 24.110335], [120.701287, 24.110427], [120.699397, 24.105167], [120.697609, 24.104618], [120.696908, 24.105283], [120.696826, 24.105251], [120.69642, 24.105769], [120.696282, 24.104626]]}}, {"type": "Feature", "properties": {"district": "6602800", "segment": 31, "total_segments": 47, "km": 14.8, "villages": ["東昇里"]}, "geometry": {"type": "LineString", "coordinates": [[120.694706, 24.10826], [120.694478, 24.108365], [120.694573, 24.108538], [120.694794, 24.108399], [120.694882, 24.108469], [120.694616, 24.108641], [120.694687, 24.108745], [120.694988, 24.108596], [120.694941, 24.108792], [120.69475, 24.108927], [120.694865, 24.109109], [120.695091, 24.109005], [120.695083, 24.109088], [120.695302, 24.109247], [120.695595, 24.109762], [120.694946, 24.110013], [120.694902, 24.10978], [120.694595, 24.109208], [120.694485, 24.109261], [120.694318, 24.108911], [120.694355, 24.108747], [120.694445, 24.108931], [120.694143, 24.108759], [120.694067, 24.10879], [120.693885, 24.108905], [120.694417, 24.109916], [120.694501, 24.110292], [120.694673, 24.110445], [120.694933, 24.110323], [120.69451, 24.109298], [120.694982, 24.109355], [120.695194, 24.109254], [120.695315, 24.109441], [120.695095, 24.109574], [120.695146, 24.109696], [120.69538, 24.109537], [120.695675, 24.110005], [120.69602, 24.110346], [120.696009, 24.11097], [120.695888, 24.110883], [120.695854, 24.110344], [120.695717, 24.110349], [120.695774, 24.111074], [120.695894, 24.110986], [120.696, 24.111154], [120.696529, 24.111115], [120.696391, 24.110787], [120.696173, 24.110797], [120.696196, 24.11096], [120.69616, 24.110481], [120.695605, 24.110321], [120.69565, 24.111181], [120.694976, 24.111316], [120.694931, 24.111268], [120.694208, 24.111499], [120.694315, 24.111669], [120.694421, 24.111657], [120.694378, 24.111958], [120.69448, 24.112226], [120.694362, 24.11226], [120.69419, 24.11218], [120.694138, 24.112058], [120.694227, 24.111976], [120.694076, 24.111695], [120.69377, 24.111784], [120.693701, 24.111912], [120.693859, 24.112363], [120.693985, 24.112313], [120.693896, 24.111921], [120.693611, 24.111797], [120.693371, 24.111905], [120.693306, 24.111867], [120.693287, 24.111722], [120.693478, 24.111674], [120.693404, 24.111426], [120.69325, 24.111373], [120.692956, 24.111512], [120.692995, 24.111593], [120.692929, 24.111608], [120.692908, 24.111393], [120.692754, 24.11136], [120.692716, 24.111218], [120.692783, 24.111199], [120.69279, 24.111053], [120.692405, 24.111127], [120.692546, 24.111895], [120.692984, 24.111793], [120.692914, 24.111959], [120.69312, 24.111958], [120.69324, 24.111733], [120.693507, 24.112009], [120.693589, 24.111996], [120.693611, 24.112132], [120.693461, 24.112228], [120.693547, 24.112389], [120.693755, 24.11239], [120.693966, 24.112641], [120.694102, 24.112558], [120.694183, 24.112605], [120.694007, 24.112736], [120.694048, 24.11287], [120.693918, 24.112958], [120.693793, 24.112862], [120.693782, 24.112711], [120.693853, 24.112697], [120.693648, 24.112687], [120.69353, 24.11259], [120.693532, 24.112714], [120.693067, 24.112578], [120.692914, 24.112832], [120.69279, 24.112849], [120.692761, 24.112776], [120.692597, 24.112902], [120.692458, 24.112754], [120.69233, 24.112415], [120.692585, 24.112237], [120.692548, 24.112053], [120.6922, 24.112117], [120.692201, 24.111964], [120.692333, 24.111854], [120.692251, 24.111721], [120.692246, 24.111427], [120.692123, 24.111498], [120.692074, 24.111445], [120.692157, 24.111876], [120.692709, 24.11201], [120.692865, 24.112334], [120.692289, 24.112304], [120.692686, 24.113084], [120.692936, 24.113132], [120.693088, 24.112887], [120.693196, 24.112848], [120.693425, 24.113102], [120.692985, 24.113364], [120.693092, 24.113538], [120.693294, 24.113663], [120.693288, 24.113335], [120.693721, 24.113045], [120.693644, 24.112964], [120.693466, 24.113074], [120.693864, 24.113255], [120.694228, 24.113062], [120.694297, 24.113444], [120.69421, 24.113493], [120.69431, 24.113706], [120.694098, 24.113883], [120.694211, 24.113986], [120.69445, 24.113886], [120.694121, 24.114061], [120.694127, 24.114124], [120.693952, 24.11403], [120.694001, 24.113948], [120.69387, 24.114052], [120.693843, 24.114272], [120.693819, 24.113774], [120.694234, 24.112588], [120.694191, 24.112482], [120.694382, 24.112601], [120.694524, 24.112366], [120.694797, 24.112586], [120.694631, 24.112268], [120.694773, 24.112002], [120.694729, 24.111758], [120.694568, 24.111638], [120.694943, 24.110905], [120.695402, 24.11096], [120.69533, 24.110352], [120.695251, 24.11077], [120.694988, 24.110833], [120.695125, 24.11036], [120.694973, 24.110089], [120.69428, 24.110309], [120.694354, 24.110546], [120.694115, 24.110443], [120.693813, 24.110467], [120.693742, 24.110277], [120.69388, 24.11015], [120.694024, 24.110133], [120.694105, 24.110324], [120.694234, 24.110224], [120.694204, 24.110073], [120.694013, 24.109997], [120.694071, 24.109892], [120.694021, 24.109754], [120.693623, 24.109818], [120.693486, 24.109691], [120.693184, 24.109798], [120.693107, 24.10967], [120.69314, 24.109579], [120.693642, 24.10937], [120.693544, 24.109287], [120.692389, 24.109822], [120.692027, 24.109901], [120.692099, 24.110123], [120.692531, 24.110038], [120.692532, 24.110141], [120.69233, 24.110199], [120.692523, 24.110487], [120.692543, 24.110593], [120.692457, 24.110686], [120.692631, 24.110561], [120.692735, 24.110617], [120.692815, 24.110862], [120.69291, 24.110814], [120.692843, 24.11049], [120.693091, 24.110428], [120.692957, 24.110585], [120.692768, 24.110256], [120.692636, 24.110309], [120.692672, 24.110429], [120.692702, 24.110089], [120.692993, 24.110018], [120.692972, 24.109929], [120.6927, 24.109992], [120.69259, 24.10986], [120.692624, 24.109806], [120.692981, 24.109685], [120.693055, 24.109907], [120.693918, 24.1095], [120.693681, 24.109002], [120.69199, 24.109709], [120.69233, 24.111007], [120.692616, 24.110911], [120.692573, 24.110761], [120.692925, 24.110856], [120.692841, 24.11103], [120.693199, 24.110937], [120.692542, 24.111247], [120.692633, 24.111389], [120.693662, 24.110024], [120.694266, 24.110269], [120.695104, 24.108921], [120.695175, 24.10896], [120.69501, 24.108771], [120.695708, 24.111377], [120.696565, 24.111293], [120.696512, 24.111492], [120.696885, 24.111643], [120.696931, 24.111576], [120.696953, 24.1117], [120.697343, 24.112154], [120.696237, 24.112757], [120.696204, 24.112865], [120.696334, 24.112993], [120.696432, 24.112901], [120.696618, 24.113023], [120.696579, 24.113086], [120.696127, 24.112868], [120.69601, 24.112924], [120.697079, 24.113516], [120.69752, 24.113447], [120.697402, 24.113646], [120.69731, 24.113648], [120.697662, 24.113702], [120.697078, 24.113867], [120.697673, 24.114734], [120.696305, 24.114769], [120.696192, 24.115249], [120.695787, 24.115157], [120.695319, 24.114893], [120.694844, 24.11441], [120.695693, 24.115925], [120.695881, 24.116591], [120.696175, 24.116683], [120.696522, 24.116916], [120.6966, 24.117351], [120.696151, 24.117458], [120.695959, 24.117604], [120.69685, 24.117483], [120.697831, 24.118076], [120.697657, 24.118838], [120.698144, 24.119437], [120.698082, 24.120111], [120.698389, 24.120061], [120.697923, 24.120456], [120.698082, 24.120778], [120.698023, 24.121044], [120.698411, 24.12069], [120.698534, 24.120855], [120.699616, 24.120995], [120.699687, 24.120837], [120.699591, 24.120809], [120.699788, 24.120688], [120.699704, 24.12062], [120.699786, 24.120433], [120.699644, 24.12028], [120.699963, 24.120597], [120.700172, 24.119336], [120.69997, 24.118879], [120.699852, 24.119046], [120.700196, 24.118826], [120.700109, 24.117911], [120.699367, 24.117532], [120.699539, 24.115293], [120.699353, 24.114844], [120.699366, 24.114542], [120.69854, 24.11315], [120.698237, 24.113041], [120.695331, 24.116814], [120.697586, 24.120057], [120.697058, 24.120976], [120.6979, 24.121835], [120.698994, 24.121751], [120.699518, 24.122398], [120.699621, 24.122749], [120.699488, 24.122772], [120.699521, 24.122933], [120.699031, 24.122971], [120.698914, 24.123063], [120.69886, 24.12306], [120.698909, 24.122998], [120.69874, 24.123027], [120.699067, 24.123015], [120.698914, 24.122789], [120.69911, 24.122703], [120.698676, 24.12284], [120.699385, 24.123194], [120.699517, 24.123168], [120.69956, 24.123233], [120.699346, 24.123283], [120.69929, 24.123524], [120.699709, 24.123303], [120.699609, 24.123037], [120.699765, 24.123084], [120.699937, 24.123313], [120.699888, 24.123702], [120.700138, 24.124393], [120.700105, 24.124487], [120.700325, 24.124193], [120.700127, 24.123896], [120.700619, 24.124414], [120.700759, 24.124206], [120.700742, 24.124113], [120.70093, 24.124142], [120.700804, 24.123791], [120.700899, 24.123582], [120.700849, 24.123409], [120.700726, 24.123416], [120.700599, 24.123567], [120.700435, 24.123394], [120.700812, 24.123177], [120.701049, 24.123631], [120.701187, 24.123749], [120.701165, 24.123961], [120.701227, 24.123184], [120.701177, 24.122856], [120.699924, 24.122564]]}}, {"type": "Feature", "properties": {"district": "6602800", "segment": 32, "total_segments": 47, "km": 14.87, "villages": ["內新里"]}, "geometry": {"type": "LineString", "coordinates": [[120.696728, 24.120458], [120.695835, 24.120337], [120.694523, 24.118032], [120.69457, 24.117119], [120.694403, 24.117077], [120.694391, 24.116969], [120.694567, 24.116973], [120.6946, 24.116786], [120.694106, 24.116668], [120.694127, 24.116569], [120.694652, 24.116687], [120.694594, 24.116483], [120.694181, 24.116192], [120.694129, 24.116964], [120.694073, 24.116963], [120.694319, 24.116963], [120.694681, 24.117381], [120.694716, 24.117586], [120.695232, 24.117526], [120.695211, 24.117467], [120.694916, 24.117494], [120.694801, 24.117293], [120.694623, 24.117796], [120.694209, 24.117711], [120.694129, 24.117516], [120.692416, 24.116206], [120.692423, 24.115516], [120.692564, 24.1154], [120.692461, 24.115279], [120.692575, 24.115023], [120.692752, 24.114995], [120.693591, 24.114294], [120.693609, 24.11454], [120.693536, 24.114596], [120.693322, 24.114216], [120.693134, 24.114062], [120.69263, 24.114245], [120.692367, 24.114572], [120.692296, 24.114491], [120.692511, 24.114263], [120.692038, 24.114269], [120.692025, 24.114338], [120.692252, 24.114354], [120.691999, 24.11486], [120.691922, 24.114789], [120.692055, 24.114465], [120.691929, 24.1143], [120.691617, 24.114428], [120.691856, 24.114437], [120.691702, 24.114687], [120.69127, 24.11428], [120.691266, 24.114105], [120.691481, 24.114069], [120.691515, 24.114183], [120.692173, 24.113954], [120.692115, 24.113837], [120.691746, 24.113994], [120.691669, 24.113783], [120.691345, 24.113833], [120.69093, 24.113235], [120.690896, 24.113301], [120.691076, 24.113178], [120.691321, 24.113554], [120.691299, 24.113357], [120.691668, 24.113235], [120.691729, 24.113473], [120.691913, 24.11345], [120.691845, 24.113203], [120.692101, 24.113329], [120.692231, 24.113576], [120.691749, 24.113754], [120.692188, 24.113825], [120.692499, 24.113629], [120.692421, 24.11325], [120.692288, 24.113346], [120.692525, 24.113036], [120.692259, 24.112765], [120.692275, 24.112633], [120.692105, 24.112398], [120.692102, 24.112152], [120.691886, 24.112188], [120.691797, 24.112356], [120.69166, 24.11231], [120.690875, 24.112707], [120.691017, 24.113046], [120.690731, 24.11305], [120.690556, 24.112846], [120.690509, 24.112873], [120.690353, 24.113158], [120.690135, 24.113279], [120.690237, 24.113412], [120.689949, 24.113451], [120.689969, 24.113131], [120.689857, 24.114121], [120.690695, 24.114171], [120.690683, 24.114287], [120.690444, 24.114378], [120.690169, 24.114329], [120.690154, 24.11467], [120.690048, 24.114654], [120.690019, 24.114906], [120.690388, 24.114961], [120.690428, 24.114465], [120.690695, 24.11446], [120.690663, 24.114924], [120.690811, 24.114864], [120.69081, 24.114278], [120.691027, 24.114339], [120.691532, 24.114946], [120.691777, 24.114861], [120.692047, 24.1151], [120.692774, 24.114569], [120.692264, 24.114639], [120.691736, 24.115155], [120.692011, 24.115477], [120.691755, 24.11548], [120.691472, 24.114194], [120.691361, 24.113984], [120.691304, 24.113913], [120.691201, 24.114116], [120.691141, 24.114109], [120.690531, 24.113396], [120.690563, 24.113795], [120.690076, 24.113965], [120.690062, 24.113896], [120.690395, 24.113771], [120.690819, 24.11412], [120.689842, 24.114296], [120.689821, 24.115149], [120.690114, 24.115134], [120.691352, 24.113177], [120.691823, 24.113012], [120.691657, 24.112785], [120.69175, 24.11271], [120.691892, 24.112906], [120.692577, 24.113111], [120.692746, 24.11343], [120.691852, 24.112517], [120.691724, 24.112608], [120.691634, 24.112536], [120.691518, 24.112593], [120.691487, 24.112522], [120.691481, 24.112734], [120.691244, 24.112768], [120.691292, 24.112941], [120.691054, 24.112439], [120.691268, 24.112322], [120.691247, 24.112207], [120.691028, 24.112124], [120.691101, 24.11221], [120.691342, 24.112038], [120.6914, 24.112274], [120.692031, 24.111949], [120.691906, 24.111776], [120.692, 24.111685], [120.691893, 24.111366], [120.691106, 24.111551], [120.691057, 24.111618], [120.690449, 24.111679], [120.690302, 24.11163], [120.690329, 24.111475], [120.691187, 24.111353], [120.691044, 24.111005], [120.690757, 24.111006], [120.69075, 24.111128], [120.691554, 24.110999], [120.691677, 24.111218], [120.691995, 24.111132], [120.692092, 24.111024], [120.692122, 24.111115], [120.692073, 24.1109], [120.691791, 24.110606], [120.691763, 24.110075], [120.691539, 24.109967], [120.690995, 24.10998], [120.691077, 24.109802], [120.690346, 24.109811], [120.69013, 24.109922], [120.690103, 24.109007], [120.690269, 24.10898], [120.690335, 24.108792], [120.69101, 24.108762], [120.690978, 24.107862], [120.691462, 24.107836], [120.691481, 24.107642], [120.690087, 24.107757], [120.689734, 24.10641], [120.690046, 24.106321], [120.69013, 24.106423], [120.690432, 24.106403], [120.690512, 24.106674], [120.690397, 24.106741], [120.690358, 24.106586], [120.690716, 24.10667], [120.69068, 24.106403], [120.690791, 24.106401], [120.69085, 24.106699], [120.691302, 24.106808], [120.69131, 24.106721], [120.69144, 24.106658], [120.69141, 24.106253], [120.690422, 24.106251], [120.691043, 24.106411], [120.691091, 24.106548], [120.691213, 24.106409], [120.6912, 24.106557], [120.691559, 24.10658], [120.691562, 24.10645], [120.691769, 24.106485], [120.691769, 24.106567], [120.691558, 24.106644], [120.691414, 24.106836], [120.691462, 24.107023], [120.691405, 24.107222], [120.691033, 24.107232], [120.69094, 24.107304], [120.69066, 24.107255], [120.690433, 24.107345], [120.690446, 24.107512], [120.690569, 24.107477], [120.690325, 24.107239], [120.690428, 24.107064], [120.690386, 24.106896], [120.69016, 24.106943], [120.691066, 24.107399], [120.691091, 24.107535], [120.691296, 24.107521], [120.691283, 24.107384], [120.691184, 24.107391], [120.691398, 24.107372], [120.6914, 24.107514], [120.691686, 24.107651], [120.692081, 24.107573], [120.692668, 24.10726], [120.692434, 24.10689], [120.691563, 24.107222], [120.69162, 24.107066], [120.691947, 24.106991], [120.692355, 24.106728], [120.692067, 24.106364], [120.691747, 24.106381], [120.692006, 24.106583], [120.692022, 24.106721], [120.691581, 24.106877], [120.691752, 24.10746], [120.691852, 24.107446], [120.69182, 24.107336], [120.692066, 24.107261], [120.692119, 24.107356], [120.692305, 24.107274], [120.69225, 24.107176], [120.692157, 24.107219], [120.692376, 24.107133], [120.692572, 24.107499], [120.692777, 24.107437], [120.693122, 24.108019], [120.693009, 24.108141], [120.692506, 24.108321], [120.692549, 24.10845], [120.69321, 24.108192], [120.693576, 24.108824], [120.693761, 24.108718], [120.692968, 24.10734], [120.692954, 24.107119], [120.693048, 24.106979], [120.692983, 24.10682], [120.692919, 24.106851], [120.693364, 24.106689], [120.693414, 24.106778], [120.693214, 24.106832], [120.693125, 24.106646], [120.693775, 24.106422], [120.693815, 24.106557], [120.693697, 24.106653], [120.693724, 24.106724], [120.693783, 24.106833], [120.693927, 24.10677], [120.693867, 24.106548], [120.693469, 24.106695], [120.693598, 24.106908], [120.69355, 24.107033], [120.693449, 24.107083], [120.693428, 24.107016], [120.69346, 24.107241], [120.693616, 24.107211], [120.693656, 24.10728], [120.693443, 24.107403], [120.693521, 24.107542], [120.693689, 24.107626], [120.693809, 24.107496], [120.693975, 24.10752], [120.694228, 24.107423], [120.694113, 24.107181], [120.693826, 24.107315], [120.694094, 24.107137], [120.693981, 24.106988], [120.693769, 24.106266], [120.69368, 24.106196], [120.693296, 24.106387], [120.693299, 24.106243], [120.693607, 24.106081], [120.693657, 24.106151], [120.693553, 24.105918], [120.69317, 24.106049], [120.693062, 24.106163], [120.69285, 24.106161], [120.69303, 24.10627], [120.693107, 24.10622], [120.693179, 24.106343], [120.692769, 24.106605], [120.69283, 24.106698], [120.692969, 24.106616], [120.692698, 24.106423], [120.692649, 24.106293], [120.692426, 24.106389], [120.69236, 24.106269], [120.692785, 24.107048], [120.692499, 24.107531], [120.691686, 24.107767], [120.69179, 24.108369], [120.691595, 24.108484], [120.691582, 24.108978], [120.691446, 24.108981], [120.69184, 24.108892], [120.691972, 24.109472], [120.692111, 24.109489], [120.69339, 24.108955], [120.693239, 24.108815], [120.693069, 24.108891], [120.692978, 24.10873], [120.692656, 24.108886], [120.692608, 24.109102], [120.692475, 24.109159], [120.692507, 24.108549], [120.6922, 24.108119], [120.691974, 24.108181], [120.691921, 24.108056], [120.692209, 24.107964], [120.692468, 24.108129], [120.692852, 24.107969], [120.69269, 24.107683], [120.692319, 24.107847], [120.691513, 24.108034], [120.69148, 24.108239], [120.691554, 24.108447], [120.691549, 24.108201], [120.69075, 24.108181], [120.690695, 24.107886], [120.690368, 24.107914], [120.69009, 24.108063], [120.690156, 24.108479], [120.690084, 24.108779], [120.690752, 24.109154], [120.690769, 24.109329], [120.690764, 24.109507], [120.690507, 24.109431], [120.690511, 24.109517], [120.690231, 24.109562], [120.690482, 24.110059], [120.690743, 24.110045], [120.690157, 24.110168], [120.690056, 24.112265], [120.690456, 24.111815], [120.690565, 24.111855], [120.690768, 24.11176], [120.690776, 24.111952], [120.690911, 24.112004], [120.690977, 24.111862], [120.691077, 24.111885], [120.691114, 24.111807], [120.691259, 24.111996], [120.691315, 24.111976], [120.691439, 24.111752], [120.691661, 24.111726], [120.691498, 24.111306], [120.691359, 24.111314], [120.691627, 24.111272], [120.690816, 24.112542], [120.691595, 24.109563]]}}, {"type": "Feature", "properties": {"district": "6602800", "segment": 33, "total_segments": 47, "km": 14.95, "villages": ["內新里", "長榮里"]}, "geometry": {"type": "LineString", "coordinates": [[120.692911, 24.108952], [120.693022, 24.108711], [120.693228, 24.108617], [120.69317, 24.108535], [120.692761, 24.108724], [120.693783, 24.10818], [120.693895, 24.108225], [120.693816, 24.108246], [120.694004, 24.108206], [120.693935, 24.108033], [120.694145, 24.107943], [120.694227, 24.108092], [120.694045, 24.108276], [120.694349, 24.108681], [120.694075, 24.108551], [120.693815, 24.108787], [120.693873, 24.108467], [120.693987, 24.108398], [120.693686, 24.108047], [120.693648, 24.10781], [120.693416, 24.107737], [120.693546, 24.107679], [120.693881, 24.107804], [120.694311, 24.107638], [120.694294, 24.107589], [120.694485, 24.108057], [120.69426, 24.107465], [120.693418, 24.107367], [120.692104, 24.106683], [120.6927, 24.105992], [120.692586, 24.105767], [120.692916, 24.105553], [120.692859, 24.105501], [120.692406, 24.105758], [120.69236, 24.105712], [120.692475, 24.10564], [120.692527, 24.10547], [120.692834, 24.105288], [120.692802, 24.10522], [120.692599, 24.105337], [120.692465, 24.105189], [120.692769, 24.104999], [120.692724, 24.104946], [120.692467, 24.105105], [120.692351, 24.104938], [120.693064, 24.104575], [120.693159, 24.104828], [120.692847, 24.104907], [120.692887, 24.104994], [120.693136, 24.104902], [120.693253, 24.10523], [120.693131, 24.105101], [120.693014, 24.105141], [120.693037, 24.105197], [120.692833, 24.105179], [120.693013, 24.105823], [120.692786, 24.105937], [120.692755, 24.105884], [120.693029, 24.105879], [120.692264, 24.105599], [120.692034, 24.105286], [120.692242, 24.105159], [120.692188, 24.105106], [120.691999, 24.10522], [120.692243, 24.105072], [120.695129, 24.114768], [120.695048, 24.11548], [120.689826, 24.109899], [120.689783, 24.109832], [120.689575, 24.109943], [120.688731, 24.109971], [120.688542, 24.110059], [120.688115, 24.11009], [120.687924, 24.109725], [120.687765, 24.109138], [120.688287, 24.10909], [120.68827, 24.108999], [120.68779, 24.109038], [120.687692, 24.108949], [120.687517, 24.108443], [120.687257, 24.108606], [120.687199, 24.10836], [120.687118, 24.108382], [120.688596, 24.108107], [120.688578, 24.10798], [120.689128, 24.107892], [120.689144, 24.108033], [120.688748, 24.108094], [120.688915, 24.108735], [120.688755, 24.108791], [120.688663, 24.108297], [120.689289, 24.108245], [120.689273, 24.108138], [120.689373, 24.108137], [120.689482, 24.108789], [120.688815, 24.108957], [120.688742, 24.108846], [120.688404, 24.108936], [120.688256, 24.108385], [120.688103, 24.108358], [120.688273, 24.10888], [120.6881, 24.10885], [120.688052, 24.10868], [120.68784, 24.108804], [120.68777, 24.108592], [120.687908, 24.10849], [120.687705, 24.10853], [120.687339, 24.108931], [120.686983, 24.108698], [120.686878, 24.108429], [120.686609, 24.108498], [120.686309, 24.108727], [120.686558, 24.109048], [120.686599, 24.108866], [120.68649, 24.108754], [120.686172, 24.108767], [120.685994, 24.108871], [120.68595, 24.108742], [120.686153, 24.108538], [120.685744, 24.108075], [120.685684, 24.108034], [120.685412, 24.108133], [120.685421, 24.10802], [120.685296, 24.108076], [120.685138, 24.10803], [120.684684, 24.107705], [120.684625, 24.107823], [120.684526, 24.107765], [120.685076, 24.108164], [120.684631, 24.108649], [120.684454, 24.109066], [120.684392, 24.109561], [120.684168, 24.109701], [120.684381, 24.109797], [120.6845, 24.109712], [120.684703, 24.109724], [120.684761, 24.1096], [120.684512, 24.109596], [120.684566, 24.10908], [120.684802, 24.108633], [120.685209, 24.10827], [120.685852, 24.109046], [120.686029, 24.109613], [120.68617, 24.109593], [120.686198, 24.109664], [120.686106, 24.109381], [120.686161, 24.10929], [120.686016, 24.109068], [120.685642, 24.109095], [120.685122, 24.10959], [120.684989, 24.109532], [120.685062, 24.109361], [120.685485, 24.109026], [120.685209, 24.108795], [120.684993, 24.108695], [120.685218, 24.108992], [120.685027, 24.109054], [120.684968, 24.109168], [120.684899, 24.109119], [120.684743, 24.109389], [120.684929, 24.109317], [120.684954, 24.108962], [120.684272, 24.108635], [120.68424, 24.108745], [120.684031, 24.108701], [120.684378, 24.107695], [120.684952, 24.107201], [120.685543, 24.107822], [120.685653, 24.107771], [120.685476, 24.107558], [120.68576, 24.10739], [120.685705, 24.107281], [120.68587, 24.107414], [120.685906, 24.107355], [120.686491, 24.10728], [120.686849, 24.10831], [120.686611, 24.10834], [120.686295, 24.107687], [120.685753, 24.107864], [120.686069, 24.108238], [120.686173, 24.108108], [120.686069, 24.1079], [120.686425, 24.107648], [120.686006, 24.107922], [120.685604, 24.107919], [120.68538, 24.108229], [120.68572, 24.108559], [120.685634, 24.109485], [120.685553, 24.109398], [120.685494, 24.109657], [120.685369, 24.109653], [120.685383, 24.109747], [120.685052, 24.109783], [120.685046, 24.109967], [120.684896, 24.110005], [120.684839, 24.110226], [120.684052, 24.110183], [120.683954, 24.110044], [120.684016, 24.108767], [120.684382, 24.108308], [120.684505, 24.10834], [120.684365, 24.108247], [120.684701, 24.108383], [120.684662, 24.108441], [120.684598, 24.108392], [120.684561, 24.108119], [120.684617, 24.10806], [120.684547, 24.10801], [120.684501, 24.108078], [120.685304, 24.107352], [120.685127, 24.107083], [120.685369, 24.106954], [120.686248, 24.106852], [120.686331, 24.106864], [120.686408, 24.10702], [120.686276, 24.107226], [120.686032, 24.107181], [120.685924, 24.107272], [120.685819, 24.106691], [120.68521, 24.106739], [120.685065, 24.106545], [120.685138, 24.106348], [120.685509, 24.106379], [120.685713, 24.106105], [120.685834, 24.106063], [120.685634, 24.105759], [120.685898, 24.105672], [120.685791, 24.105403], [120.684031, 24.105869], [120.684191, 24.106084], [120.684368, 24.106074], [120.68513, 24.105859], [120.685132, 24.105949], [120.685508, 24.105932], [120.685476, 24.105792], [120.685578, 24.105768], [120.685265, 24.105835], [120.68485, 24.106073], [120.684931, 24.106352], [120.68487, 24.106447], [120.685094, 24.106779], [120.684966, 24.106936], [120.684331, 24.106224], [120.68471, 24.10608], [120.684817, 24.106411], [120.685784, 24.106414], [120.68591, 24.106512], [120.685942, 24.106207], [120.685852, 24.10611], [120.685754, 24.10624], [120.685782, 24.10636], [120.686146, 24.10626], [120.685977, 24.105804], [120.686791, 24.105693], [120.687221, 24.105578], [120.687431, 24.105429], [120.688125, 24.106251], [120.688038, 24.10639], [120.687484, 24.106507], [120.687321, 24.105858], [120.687206, 24.105878], [120.687192, 24.105775], [120.68708, 24.105758], [120.687215, 24.105938], [120.68724, 24.106134], [120.687665, 24.106114], [120.687541, 24.106203], [120.6877, 24.10617], [120.68779, 24.106338], [120.68819, 24.106404], [120.688393, 24.106283], [120.688547, 24.106345], [120.689375, 24.106188], [120.689333, 24.105939], [120.689107, 24.105878], [120.688634, 24.106004], [120.68842, 24.106143], [120.688448, 24.106213], [120.688638, 24.106094], [120.68887, 24.106138], [120.688971, 24.106489], [120.688562, 24.106574], [120.688719, 24.106745], [120.688648, 24.106864], [120.688755, 24.106995], [120.688877, 24.106951], [120.688947, 24.107041], [120.688858, 24.10711], [120.688901, 24.107165], [120.689035, 24.107121], [120.689573, 24.107839], [120.68957, 24.108027], [120.689853, 24.108376], [120.689849, 24.109182], [120.689419, 24.109226], [120.689494, 24.109572], [120.688892, 24.109523], [120.688887, 24.10926], [120.688889, 24.109665], [120.688482, 24.109688], [120.688374, 24.109238], [120.688413, 24.108983], [120.688278, 24.1095], [120.688083, 24.10953], [120.68812, 24.109641], [120.688298, 24.109611], [120.688491, 24.109842], [120.687454, 24.110171], [120.68648, 24.110273], [120.686271, 24.110265], [120.686228, 24.109817], [120.68608, 24.109823], [120.686068, 24.110289], [120.685107, 24.110229], [120.685375, 24.109925], [120.685793, 24.109844], [120.685885, 24.109764], [120.68578, 24.109653], [120.68564, 24.109633], [120.685571, 24.109756], [120.684902, 24.109793], [120.684941, 24.109555], [120.684146, 24.109577], [120.686062, 24.109786], [120.686516, 24.109707], [120.686488, 24.109621], [120.686355, 24.109644], [120.686561, 24.109464], [120.686499, 24.109351], [120.686353, 24.109429], [120.686709, 24.109195], [120.687339, 24.109931], [120.686892, 24.110022], [120.686698, 24.109716], [120.68665, 24.109818], [120.686686, 24.110015], [120.687169, 24.109397], [120.686811, 24.108783], [120.68715, 24.108136], [120.687324, 24.107038], [120.687222, 24.106537]]}}, {"type": "Feature", "properties": {"district": "6602800", "segment": 34, "total_segments": 47, "km": 9.11, "villages": ["長榮里"]}, "geometry": {"type": "LineString", "coordinates": [[120.686595, 24.106561], [120.68644, 24.106436], [120.686193, 24.106404], [120.686163, 24.106315], [120.68635, 24.106199], [120.686089, 24.105398], [120.686656, 24.105236], [120.687012, 24.105186], [120.687406, 24.10538], [120.687547, 24.105269], [120.687472, 24.105168], [120.688327, 24.106198], [120.688378, 24.106562], [120.68806, 24.106606], [120.688134, 24.106782], [120.688287, 24.106982], [120.688362, 24.10691], [120.688244, 24.106795], [120.688489, 24.106663], [120.688569, 24.106762], [120.688466, 24.106626], [120.688525, 24.106963], [120.688187, 24.107166], [120.688215, 24.107366], [120.688361, 24.10734], [120.688653, 24.107106], [120.688841, 24.106907], [120.688854, 24.106702], [120.689312, 24.106646], [120.689356, 24.106743], [120.688969, 24.106779], [120.689096, 24.106978], [120.689408, 24.106906], [120.689391, 24.107242], [120.68973, 24.107208], [120.689857, 24.108139], [120.689442, 24.107994], [120.689206, 24.108036], [120.689362, 24.10868], [120.689059, 24.108612], [120.689121, 24.108499], [120.688533, 24.107985], [120.688433, 24.107998], [120.688391, 24.107837], [120.688322, 24.107455], [120.688891, 24.107365], [120.688613, 24.10778], [120.689299, 24.107134], [120.689264, 24.107058], [120.689654, 24.106936], [120.689501, 24.106433], [120.689053, 24.106477], [120.689665, 24.106968], [120.689703, 24.107114], [120.689007, 24.104767], [120.687627, 24.105008], [120.68758, 24.104869], [120.687205, 24.104882], [120.686864, 24.104494], [120.687189, 24.104386], [120.687123, 24.103861], [120.686948, 24.103915], [120.687049, 24.104272], [120.687529, 24.104149], [120.687696, 24.1045], [120.687947, 24.10441], [120.687956, 24.104194], [120.688086, 24.104095], [120.688246, 24.10465], [120.688335, 24.104716], [120.68845, 24.104605], [120.688535, 24.104637], [120.688867, 24.104462], [120.688412, 24.102804], [120.688291, 24.102644], [120.688239, 24.102266], [120.688059, 24.102233], [120.687681, 24.10245], [120.687856, 24.102825], [120.687992, 24.102794], [120.688018, 24.102877], [120.687726, 24.102947], [120.68805, 24.103997], [120.688328, 24.10389], [120.688322, 24.104013], [120.688236, 24.104037], [120.688373, 24.104051], [120.688433, 24.104236], [120.688046, 24.104481], [120.688068, 24.104773], [120.687781, 24.104782], [120.687776, 24.105167], [120.688026, 24.10546], [120.68811, 24.105407], [120.687919, 24.105165], [120.688226, 24.105525], [120.688415, 24.10539], [120.688447, 24.105512], [120.688218, 24.105678], [120.688149, 24.105718], [120.688037, 24.105644], [120.688121, 24.105594], [120.688525, 24.105836], [120.688634, 24.105759], [120.688562, 24.105699], [120.688608, 24.105433], [120.688971, 24.105356], [120.688664, 24.105347], [120.688631, 24.105236], [120.687507, 24.105882], [120.686922, 24.10551], [120.686944, 24.105357], [120.686503, 24.105543], [120.686595, 24.106131], [120.686703, 24.106125], [120.686661, 24.105881], [120.686777, 24.105843], [120.686762, 24.106424], [120.687264, 24.106531], [120.685955, 24.10668], [120.685784, 24.105135], [120.685411, 24.104523], [120.685293, 24.104473], [120.685169, 24.104527], [120.685344, 24.104864], [120.685199, 24.104932], [120.685015, 24.104594], [120.685017, 24.104442], [120.685194, 24.104369], [120.68518, 24.104253], [120.685352, 24.104185], [120.685304, 24.10411], [120.685358, 24.104066], [120.685497, 24.104242], [120.685636, 24.104185], [120.685702, 24.104298], [120.685537, 24.104374], [120.685066, 24.104272], [120.684747, 24.103832], [120.684643, 24.103872], [120.684975, 24.104293], [120.6852, 24.104027], [120.685143, 24.103945], [120.685266, 24.103928], [120.685252, 24.104038], [120.685768, 24.104018], [120.686099, 24.104426], [120.686188, 24.104393], [120.686044, 24.104183], [120.686223, 24.104087], [120.686568, 24.104468], [120.685844, 24.10477], [120.685892, 24.104848], [120.686184, 24.104715], [120.685994, 24.104485], [120.685788, 24.104596], [120.68575, 24.104532], [120.685958, 24.104417], [120.685756, 24.104276], [120.685589, 24.104551], [120.685829, 24.10494], [120.685545, 24.105213], [120.685125, 24.10531], [120.685143, 24.105182], [120.685456, 24.10511], [120.684804, 24.105047], [120.684639, 24.104779], [120.684519, 24.103751], [120.685232, 24.103405], [120.685492, 24.103379], [120.685695, 24.103551], [120.685768, 24.10373], [120.686084, 24.103576], [120.686529, 24.104088], [120.686562, 24.103895], [120.687159, 24.103644], [120.687254, 24.103695], [120.687362, 24.103562], [120.68769, 24.103454], [120.687799, 24.103874], [120.687481, 24.103825], [120.687425, 24.103712], [120.687436, 24.103905], [120.687663, 24.104235], [120.687763, 24.104212], [120.687408, 24.104383], [120.686735, 24.104307], [120.686617, 24.104631], [120.68682, 24.104864], [120.686577, 24.104815], [120.686465, 24.103586], [120.686339, 24.103452], [120.686629, 24.103548], [120.686736, 24.103663], [120.686964, 24.103564], [120.686571, 24.103259], [120.686365, 24.102935], [120.685837, 24.103221], [120.68578, 24.103172], [120.685742, 24.103243], [120.685891, 24.103415], [120.685867, 24.103129], [120.686578, 24.102853], [120.687507, 24.103301], [120.688108, 24.103179], [120.688137, 24.103264], [120.688045, 24.103286], [120.688286, 24.103257], [120.688318, 24.103341], [120.688116, 24.103519], [120.688155, 24.103612], [120.688249, 24.103586], [120.687671, 24.10279], [120.687504, 24.110393]]}}, {"type": "Feature", "properties": {"district": "6602800", "segment": 35, "total_segments": 47, "km": 14.98, "villages": ["國光里"]}, "geometry": {"type": "LineString", "coordinates": [[120.683479, 24.109537], [120.683775, 24.108534], [120.684054, 24.107931], [120.683112, 24.107681], [120.68306, 24.107947], [120.683341, 24.107902], [120.683318, 24.107989], [120.683478, 24.107988], [120.68356, 24.107668], [120.684107, 24.107771], [120.684182, 24.107597], [120.684112, 24.10747], [120.683211, 24.106933], [120.683197, 24.106839], [120.682861, 24.106602], [120.682748, 24.1066], [120.68273, 24.106738], [120.68299, 24.10694], [120.68251, 24.106856], [120.682472, 24.106954], [120.682343, 24.106977], [120.681449, 24.106732], [120.681335, 24.107073], [120.681237, 24.107051], [120.680882, 24.10817], [120.681303, 24.108258], [120.681296, 24.108342], [120.681913, 24.108445], [120.681855, 24.108349], [120.681489, 24.108296], [120.68098, 24.108368], [120.680943, 24.108516], [120.681624, 24.108674], [120.682024, 24.108678], [120.682104, 24.108284], [120.682259, 24.108385], [120.681988, 24.109661], [120.682045, 24.109768], [120.682221, 24.109829], [120.682319, 24.109385], [120.681914, 24.109232], [120.681761, 24.109742], [120.680891, 24.109498], [120.681158, 24.109399], [120.681202, 24.109253], [120.681322, 24.109279], [120.681259, 24.109431], [120.681559, 24.109509], [120.681633, 24.109355], [120.681325, 24.109054], [120.681323, 24.108931], [120.681958, 24.10902], [120.682028, 24.108727], [120.682402, 24.108659], [120.682304, 24.108154], [120.682546, 24.107216], [120.683179, 24.107137], [120.683168, 24.107255], [120.683268, 24.107262], [120.683241, 24.107585], [120.683126, 24.107582], [120.683152, 24.107355], [120.683276, 24.107218], [120.683182, 24.107078], [120.683442, 24.106833], [120.684186, 24.107363], [120.684364, 24.107373], [120.68451, 24.107231], [120.684379, 24.107093], [120.684484, 24.107014], [120.684004, 24.106496], [120.68398, 24.106619], [120.683198, 24.106668], [120.682846, 24.10634], [120.682889, 24.106223], [120.682723, 24.106182], [120.682788, 24.10601], [120.682959, 24.105936], [120.682883, 24.105804], [120.68202, 24.105576], [120.682126, 24.105493], [120.682954, 24.10569], [120.683167, 24.105822], [120.683413, 24.106075], [120.683377, 24.106125], [120.683176, 24.105973], [120.683022, 24.106076], [120.683231, 24.105547], [120.683076, 24.105472], [120.681572, 24.104983], [120.68134, 24.105024], [120.681132, 24.105738], [120.681735, 24.105922], [120.681782, 24.105744], [120.681896, 24.105808], [120.681932, 24.105702], [120.681863, 24.105497], [120.681716, 24.105461], [120.681688, 24.105542], [120.681763, 24.10534], [120.682095, 24.105461], [120.682152, 24.104926], [120.682748, 24.104723], [120.682909, 24.104583], [120.683322, 24.10449], [120.683452, 24.104296], [120.683841, 24.104119], [120.68402, 24.104133], [120.684315, 24.104717], [120.684105, 24.104769], [120.683943, 24.104521], [120.683825, 24.104572], [120.684013, 24.10482], [120.683628, 24.105019], [120.683416, 24.104771], [120.683339, 24.104802], [120.683513, 24.105213], [120.683443, 24.105246], [120.684482, 24.104831], [120.684787, 24.105297], [120.684392, 24.105385], [120.684351, 24.105298], [120.68451, 24.105241], [120.684505, 24.10514], [120.684053, 24.105292], [120.68419, 24.105481], [120.684089, 24.105498], [120.684062, 24.105398], [120.683567, 24.105599], [120.683507, 24.105363], [120.683713, 24.105285], [120.68378, 24.105412], [120.683863, 24.105374], [120.683805, 24.105253], [120.684399, 24.105032], [120.684588, 24.105528], [120.683804, 24.105745], [120.683692, 24.105679], [120.683607, 24.105774], [120.68327, 24.105567], [120.683698, 24.105832], [120.683593, 24.106101], [120.683676, 24.106117], [120.683851, 24.10596], [120.684837, 24.107015], [120.684604, 24.107145], [120.684245, 24.106902], [120.684075, 24.106915], [120.684154, 24.106806], [120.684059, 24.106704], [120.683808, 24.106529], [120.683665, 24.106579], [120.683645, 24.106313], [120.683485, 24.106227], [120.683298, 24.106349], [120.683365, 24.106374], [120.683503, 24.106141], [120.683848, 24.106399], [120.68268, 24.106305], [120.681916, 24.105982], [120.681859, 24.106111], [120.681906, 24.106593], [120.682437, 24.106475], [120.68207, 24.106492], [120.682119, 24.106736], [120.682231, 24.106771], [120.682276, 24.106603], [120.682563, 24.106673], [120.682642, 24.106448], [120.68202, 24.106142], [120.68105, 24.105946], [120.680218, 24.108728], [120.680536, 24.10825], [120.680735, 24.108311], [120.680757, 24.108235], [120.680723, 24.108354], [120.680696, 24.108123], [120.6806, 24.108098], [120.681059, 24.107997], [120.68119, 24.10755], [120.681777, 24.10767], [120.681777, 24.107587], [120.681402, 24.107511], [120.681247, 24.107404], [120.681309, 24.107187], [120.681252, 24.107019], [120.681461, 24.106233], [120.681554, 24.106288], [120.681481, 24.106554], [120.681681, 24.106418], [120.681701, 24.106172], [120.681328, 24.106367], [120.681158, 24.106677], [120.681103, 24.106663], [120.681138, 24.106755], [120.681045, 24.106731], [120.68242, 24.107136], [120.682138, 24.108074], [120.681289, 24.107889], [120.681235, 24.107973], [120.681534, 24.108012], [120.681817, 24.107596], [120.682021, 24.107634], [120.68206, 24.107366], [120.681558, 24.107241], [120.681545, 24.107162], [120.682733, 24.107519], [120.682646, 24.107601], [120.682822, 24.107662], [120.682736, 24.107926], [120.682525, 24.1079], [120.682599, 24.108071], [120.682944, 24.107922], [120.682989, 24.10764], [120.683516, 24.107658], [120.682612, 24.107041], [120.682519, 24.106823], [120.682555, 24.106713], [120.68088, 24.107283], [120.681219, 24.108684], [120.681583, 24.108737], [120.681572, 24.109095], [120.68191, 24.109152], [120.681024, 24.108819], [120.680434, 24.109261], [120.683206, 24.105079], [120.683671, 24.104786], [120.683711, 24.104847], [120.683789, 24.104811], [120.683707, 24.104687], [120.68365, 24.104755], [120.683599, 24.104684], [120.683652, 24.10454], [120.683936, 24.104385], [120.683853, 24.104318], [120.683577, 24.104411], [120.683067, 24.104014], [120.682422, 24.104343], [120.682342, 24.104072], [120.682378, 24.103844], [120.682263, 24.103754], [120.68234, 24.103449], [120.681825, 24.1033], [120.68159, 24.104069], [120.68161, 24.104269], [120.681749, 24.104472], [120.681951, 24.104494], [120.682248, 24.104394], [120.682168, 24.104202], [120.682063, 24.104208], [120.682084, 24.10429], [120.682053, 24.104164], [120.682476, 24.103507], [120.68296, 24.103623], [120.682773, 24.103659], [120.682693, 24.103782], [120.682169, 24.103024], [120.682295, 24.10263], [120.682244, 24.102614], [120.682565, 24.10262], [120.682678, 24.102125], [120.6829, 24.102174], [120.682731, 24.102705], [120.683137, 24.102844], [120.683085, 24.102673], [120.683159, 24.102443], [120.683072, 24.102396], [120.683096, 24.102261], [120.683266, 24.102246], [120.683463, 24.102111], [120.683922, 24.102622], [120.684009, 24.102805], [120.683932, 24.102843], [120.684599, 24.102529], [120.684618, 24.102667], [120.684487, 24.102719], [120.684567, 24.102864], [120.684503, 24.102906], [120.684416, 24.102766], [120.684637, 24.103057], [120.684788, 24.102977], [120.684739, 24.102858], [120.684897, 24.102614], [120.684792, 24.102465], [120.684539, 24.102389], [120.684193, 24.102565], [120.684043, 24.102541], [120.683917, 24.102401], [120.683945, 24.102312], [120.68384, 24.102321], [120.683487, 24.101896], [120.6837, 24.101742], [120.683646, 24.101692], [120.683432, 24.10184], [120.68342, 24.10169], [120.683291, 24.101567], [120.683206, 24.101807], [120.683274, 24.101881], [120.683019, 24.101772], [120.682954, 24.101942], [120.682831, 24.101774], [120.682939, 24.101493], [120.682766, 24.101432], [120.682807, 24.101368], [120.682972, 24.101402], [120.683026, 24.101317], [120.683191, 24.100733], [120.682695, 24.100662], [120.682072, 24.102552], [120.682982, 24.102648], [120.683046, 24.102461], [120.683414, 24.102284], [120.683556, 24.102444], [120.683262, 24.102697], [120.68348, 24.102859], [120.683706, 24.102678], [120.683745, 24.102966], [120.683528, 24.103077], [120.683904, 24.103612], [120.685016, 24.10308], [120.685131, 24.102873], [120.685023, 24.1027], [120.685331, 24.102658], [120.685607, 24.102724], [120.685499, 24.102342], [120.685605, 24.102303], [120.685648, 24.102407], [120.68553, 24.102175], [120.685647, 24.102136], [120.685592, 24.10202], [120.685862, 24.101923], [120.685918, 24.102055], [120.685868, 24.102068], [120.686226, 24.101948], [120.686155, 24.101832], [120.686309, 24.101762], [120.687104, 24.101527], [120.687074, 24.101331], [120.687226, 24.101329], [120.687133, 24.101017], [120.687164, 24.100854], [120.687023, 24.100556], [120.687114, 24.100516], [120.687261, 24.100586], [120.687355, 24.100479], [120.68771, 24.100446], [120.687797, 24.101129], [120.687941, 24.101339], [120.687851, 24.101779], [120.687592, 24.101892], [120.687494, 24.102038], [120.686914, 24.102282], [120.6865, 24.102331], [120.686501, 24.102464], [120.686052, 24.102634], [120.686098, 24.102176], [120.686026, 24.101866], [120.686114, 24.101843], [120.685893, 24.101542], [120.685911, 24.101339], [120.686199, 24.101374], [120.686583, 24.101202], [120.686902, 24.101225], [120.687331, 24.101458], [120.687573, 24.101397], [120.687598, 24.101499], [120.687177, 24.101676], [120.687234, 24.101842], [120.687381, 24.10179], [120.687087, 24.101675], [120.68693, 24.101788], [120.68686, 24.101753], [120.686861, 24.1019], [120.686799, 24.101918], [120.68672, 24.101791], [120.686492, 24.101871], [120.686591, 24.102076], [120.68667, 24.10204], [120.686629, 24.101936], [120.686211, 24.101608], [120.685816, 24.101785], [120.685618, 24.10139], [120.685207, 24.101523], [120.684861, 24.101535], [120.684725, 24.10145], [120.684578, 24.101137], [120.684756, 24.10113], [120.684907, 24.101384], [120.685088, 24.101333]]}}, {"type": "Feature", "properties": {"district": "6602800", "segment": 36, "total_segments": 47, "km": 14.98, "villages": ["國光里", "新里里"]}, "geometry": {"type": "LineString", "coordinates": [[120.684959, 24.101054], [120.685145, 24.100789], [120.684784, 24.100688], [120.683698, 24.100788], [120.683679, 24.100873], [120.683919, 24.101172], [120.684368, 24.101553], [120.684595, 24.10143], [120.684958, 24.1017], [120.685102, 24.101969], [120.685354, 24.101867], [120.685438, 24.102208], [120.685321, 24.102242], [120.685505, 24.10199], [120.685399, 24.101764], [120.684622, 24.102234], [120.684247, 24.101807], [120.683796, 24.102083], [120.683756, 24.101991], [120.683863, 24.101913], [120.683754, 24.101686], [120.683829, 24.101576], [120.684011, 24.101677], [120.684005, 24.101537], [120.68376, 24.101429], [120.683658, 24.101153], [120.68338, 24.100904], [120.683313, 24.101103], [120.684115, 24.100884], [120.684253, 24.102073], [120.684148, 24.102147], [120.684647, 24.102281], [120.684199, 24.102876], [120.684278, 24.103024], [120.68421, 24.10305], [120.684133, 24.102908], [120.683924, 24.103308], [120.684761, 24.105476], [120.68463, 24.105518], [120.684829, 24.105462], [120.685821, 24.100798], [120.686123, 24.100579], [120.686709, 24.100579], [120.686905, 24.100173], [120.686168, 24.100191], [120.687341, 24.101129], [120.687474, 24.101096], [120.687493, 24.101167], [120.687339, 24.101204], [120.683255, 24.099983], [120.682227, 24.100582], [120.681928, 24.100407], [120.680536, 24.100052], [120.680421, 24.100103], [120.680333, 24.100447], [120.680193, 24.100394], [120.680271, 24.099995], [120.680216, 24.099984], [120.680093, 24.100747], [120.680228, 24.100785], [120.680047, 24.101521], [120.680264, 24.101612], [120.680245, 24.101707], [120.680067, 24.10168], [120.679947, 24.101952], [120.679974, 24.102073], [120.680935, 24.102294], [120.680805, 24.102429], [120.680518, 24.102423], [120.680472, 24.102531], [120.680686, 24.102581], [120.680685, 24.10271], [120.680601, 24.1027], [120.680596, 24.102784], [120.680471, 24.102746], [120.680509, 24.102692], [120.680323, 24.102578], [120.680257, 24.102284], [120.679884, 24.102208], [120.679851, 24.102285], [120.679663, 24.102318], [120.67949, 24.102677], [120.679298, 24.102764], [120.679044, 24.102744], [120.678726, 24.102637], [120.678808, 24.1021], [120.678683, 24.102086], [120.678479, 24.102603], [120.678054, 24.102496], [120.67797, 24.102642], [120.678484, 24.102769], [120.678406, 24.103143], [120.678534, 24.10315], [120.678634, 24.102817], [120.678837, 24.102869], [120.678723, 24.103091], [120.679076, 24.1032], [120.679062, 24.103104], [120.678932, 24.103074], [120.679115, 24.103104], [120.679268, 24.103202], [120.679204, 24.103422], [120.678542, 24.103268], [120.678523, 24.103193], [120.678199, 24.103045], [120.678254, 24.102844], [120.678161, 24.10281], [120.678125, 24.102954], [120.677809, 24.102732], [120.677963, 24.102096], [120.677889, 24.102068], [120.677779, 24.102403], [120.677447, 24.102618], [120.677383, 24.102837], [120.677486, 24.102897], [120.677529, 24.102724], [120.677715, 24.102822], [120.677672, 24.103054], [120.677107, 24.102863], [120.67725, 24.102758], [120.677202, 24.102718], [120.677334, 24.102555], [120.677236, 24.102511], [120.677293, 24.102405], [120.677252, 24.102231], [120.677142, 24.102177], [120.676881, 24.10228], [120.676739, 24.102208], [120.676731, 24.102401], [120.676587, 24.102596], [120.676657, 24.102649], [120.676342, 24.102511], [120.676489, 24.102011], [120.676393, 24.101962], [120.676138, 24.102366], [120.675957, 24.102297], [120.675928, 24.102169], [120.676217, 24.101854], [120.676652, 24.101081], [120.676705, 24.101688], [120.677067, 24.10184], [120.677401, 24.101667], [120.677662, 24.101785], [120.677719, 24.101693], [120.677531, 24.10199], [120.677914, 24.101986], [120.678012, 24.101625], [120.678089, 24.101661], [120.677987, 24.102011], [120.678393, 24.102118], [120.678475, 24.102052], [120.678373, 24.102407], [120.678301, 24.102335], [120.678343, 24.102191], [120.678156, 24.102133], [120.678535, 24.101883], [120.678699, 24.10187], [120.678906, 24.10124], [120.679266, 24.101486], [120.679326, 24.101344], [120.679681, 24.101435], [120.679643, 24.101544], [120.67983, 24.101663], [120.679775, 24.101949], [120.67955, 24.101825], [120.67954, 24.101515], [120.679224, 24.101321], [120.679065, 24.101607], [120.679194, 24.101659], [120.67903, 24.101648], [120.678915, 24.101849], [120.679577, 24.102115], [120.679546, 24.102197], [120.679657, 24.102259], [120.6789, 24.101947], [120.678699, 24.102021], [120.678453, 24.101737], [120.677271, 24.101302], [120.676959, 24.101231], [120.676169, 24.101423], [120.675618, 24.102231], [120.675754, 24.10236], [120.675414, 24.102843], [120.675725, 24.102869], [120.675945, 24.102478], [120.676201, 24.102578], [120.676052, 24.103041], [120.676147, 24.10306], [120.676305, 24.102626], [120.676498, 24.102814], [120.67633, 24.103125], [120.676382, 24.103162], [120.675823, 24.102989], [120.67567, 24.103347], [120.676658, 24.103705], [120.676488, 24.103769], [120.67642, 24.103957], [120.676279, 24.104022], [120.675898, 24.103901], [120.675933, 24.103992], [120.67658, 24.104172], [120.676514, 24.10441], [120.676334, 24.104353], [120.676219, 24.104449], [120.676104, 24.104415], [120.676175, 24.104297], [120.675847, 24.104194], [120.675721, 24.104739], [120.676104, 24.104843], [120.676156, 24.104579], [120.676365, 24.104658], [120.676305, 24.104828], [120.67637, 24.104846], [120.676469, 24.104588], [120.67638, 24.104612], [120.676383, 24.104491], [120.676528, 24.104543], [120.676572, 24.104423], [120.677433, 24.104668], [120.67767, 24.103987], [120.677486, 24.103927], [120.677136, 24.104129], [120.677124, 24.104312], [120.677319, 24.104422], [120.676926, 24.104285], [120.676965, 24.104177], [120.676872, 24.104157], [120.676803, 24.10434], [120.676912, 24.104322], [120.6769, 24.103997], [120.676277, 24.10385], [120.676323, 24.103719], [120.676259, 24.103901], [120.675812, 24.103686], [120.675775, 24.103726], [120.675711, 24.103691], [120.675788, 24.1035], [120.67586, 24.103562], [120.675838, 24.103619], [120.675592, 24.103537], [120.675623, 24.103456], [120.675556, 24.103451], [120.675442, 24.103943], [120.675531, 24.103968], [120.675613, 24.103759], [120.67545, 24.104177], [120.6757, 24.104317], [120.675469, 24.104753], [120.675541, 24.104835], [120.6752, 24.105817], [120.675015, 24.105683], [120.674948, 24.104858], [120.674954, 24.104667], [120.67523, 24.104624], [120.675204, 24.104559], [120.674946, 24.104545], [120.674922, 24.104419], [120.675213, 24.104355], [120.675193, 24.103924], [120.675098, 24.104038], [120.675097, 24.10425], [120.674919, 24.104273], [120.674853, 24.103551], [120.675142, 24.103183], [120.675552, 24.103312], [120.675378, 24.103545], [120.675147, 24.103473], [120.675237, 24.103559], [120.675236, 24.103742], [120.675033, 24.103759], [120.6753, 24.103737], [120.675408, 24.104165], [120.675368, 24.104393], [120.675518, 24.104433], [120.675467, 24.104336], [120.67547, 24.104577], [120.675258, 24.104556], [120.675266, 24.104851], [120.675341, 24.104871], [120.675275, 24.104959], [120.675993, 24.105134], [120.676024, 24.105037], [120.675682, 24.104891], [120.675628, 24.105248], [120.676238, 24.105418], [120.676184, 24.105551], [120.675575, 24.105333], [120.675543, 24.105408], [120.67564, 24.105526], [120.675528, 24.105568], [120.675455, 24.105893], [120.675704, 24.105966], [120.675794, 24.105783], [120.675621, 24.105734], [120.675651, 24.105671], [120.676205, 24.105897], [120.676165, 24.105997], [120.676302, 24.106091], [120.677134, 24.106317], [120.677266, 24.106261], [120.677262, 24.105949], [120.67741, 24.105511], [120.677595, 24.105498], [120.677592, 24.1057], [120.678143, 24.105735], [120.678328, 24.105278], [120.677942, 24.105242], [120.677908, 24.105304], [120.678134, 24.105367], [120.678002, 24.105845], [120.678507, 24.106058], [120.678839, 24.106103], [120.678933, 24.106271], [120.679218, 24.106277], [120.679189, 24.106083], [120.679466, 24.106138], [120.67955, 24.10585], [120.679726, 24.105879], [120.6796, 24.106329], [120.679969, 24.106455], [120.67994, 24.106564], [120.679633, 24.106491], [120.679534, 24.106588], [120.679882, 24.106721], [120.679859, 24.10681], [120.679488, 24.106746], [120.679378, 24.10657], [120.679459, 24.106302], [120.679145, 24.106445], [120.679274, 24.106916], [120.679188, 24.106931], [120.677404, 24.10645], [120.677566, 24.106257], [120.677816, 24.106321], [120.677783, 24.106434], [120.677919, 24.106422], [120.677985, 24.106247], [120.677865, 24.106192], [120.677909, 24.106055], [120.677851, 24.106233], [120.677609, 24.10614], [120.677617, 24.105867], [120.677121, 24.105685], [120.677099, 24.10574], [120.677383, 24.104886], [120.676675, 24.104605], [120.676512, 24.105041], [120.67618, 24.104942], [120.676137, 24.105063], [120.676452, 24.105157], [120.676658, 24.105092], [120.677101, 24.105278], [120.677138, 24.105162], [120.676701, 24.104983], [120.676729, 24.104803], [120.676722, 24.105214], [120.676416, 24.105366], [120.676251, 24.105792], [120.676419, 24.10572], [120.676351, 24.105975], [120.67656, 24.105734], [120.676691, 24.105772], [120.676719, 24.105706], [120.676474, 24.105604], [120.67654, 24.105509], [120.677015, 24.105541], [120.677559, 24.1051], [120.677618, 24.104928], [120.678461, 24.105138], [120.678944, 24.105379], [120.679148, 24.105577], [120.679165, 24.105757], [120.67908, 24.106024], [120.67832, 24.10581], [120.678619, 24.106181], [120.678457, 24.106595], [120.678584, 24.106623], [120.678715, 24.10621], [120.678812, 24.106512], [120.678886, 24.106533], [120.678764, 24.106653], [120.678838, 24.106679], [120.678302, 24.106469], [120.678342, 24.106353], [120.67825, 24.10634], [120.678178, 24.106536], [120.678281, 24.106508], [120.680144, 24.107188], [120.680446, 24.106486], [120.680104, 24.106404], [120.680119, 24.106291], [120.680477, 24.106397], [120.680535, 24.105974], [120.680695, 24.105605], [120.6805, 24.105434], [120.680734, 24.105354], [120.680668, 24.105103], [120.680746, 24.104902], [120.680079, 24.104815], [120.679959, 24.105285], [120.680242, 24.105367], [120.680271, 24.105252], [120.680105, 24.105212], [120.680001, 24.105494], [120.679872, 24.105455], [120.679849, 24.1056]]}}, {"type": "Feature", "properties": {"district": "6602800", "segment": 37, "total_segments": 47, "km": 14.99, "villages": ["新里里"]}, "geometry": {"type": "LineString", "coordinates": [[120.680205, 24.105697], [120.680227, 24.105558], [120.680041, 24.105505], [120.679967, 24.105783], [120.679906, 24.105772], [120.679935, 24.105934], [120.679999, 24.10594], [120.680068, 24.105805], [120.679769, 24.105719], [120.679738, 24.105833], [120.679825, 24.106058], [120.680059, 24.106117], [120.680041, 24.106259], [120.679805, 24.106202], [120.679506, 24.105532], [120.67934, 24.105486], [120.679802, 24.104227], [120.680482, 24.104476], [120.680871, 24.104537], [120.680928, 24.104432], [120.68084, 24.104268], [120.680702, 24.104416], [120.680587, 24.10433], [120.680748, 24.104107], [120.680537, 24.103913], [120.679469, 24.103707], [120.679538, 24.103849], [120.679445, 24.104083], [120.679567, 24.104142], [120.679746, 24.10392], [120.680481, 24.104224], [120.680732, 24.103924], [120.680838, 24.103861], [120.680871, 24.10393], [120.680827, 24.103783], [120.680923, 24.103445], [120.680805, 24.103406], [120.680976, 24.102806], [120.681081, 24.102835], [120.68112, 24.102687], [120.681009, 24.10268], [120.680975, 24.102501], [120.68144, 24.102577], [120.681462, 24.102443], [120.68121, 24.102397], [120.681401, 24.101705], [120.68145, 24.101964], [120.681574, 24.101986], [120.681551, 24.102084], [120.681193, 24.101995], [120.681161, 24.102098], [120.68078, 24.102048], [120.680845, 24.101892], [120.681034, 24.101915], [120.681043, 24.101851], [120.680653, 24.101815], [120.680883, 24.100915], [120.68077, 24.100915], [120.68059, 24.101632], [120.680384, 24.101614], [120.680377, 24.101734], [120.680549, 24.101785], [120.680495, 24.102024], [120.680577, 24.102048], [120.680591, 24.101994], [120.680179, 24.101938], [120.680395, 24.101184], [120.680434, 24.101449], [120.681116, 24.101561], [120.681181, 24.101492], [120.680918, 24.101432], [120.680989, 24.101146], [120.681252, 24.101211], [120.681269, 24.10114], [120.681008, 24.101077], [120.681046, 24.100825], [120.680965, 24.100757], [120.681058, 24.10065], [120.681314, 24.100712], [120.681265, 24.100809], [120.681482, 24.100941], [120.681169, 24.101869], [120.681815, 24.101951], [120.681943, 24.101534], [120.681628, 24.101439], [120.681833, 24.10129], [120.681994, 24.101369], [120.682101, 24.100977], [120.681616, 24.101029], [120.681696, 24.100603], [120.681576, 24.100612], [120.681529, 24.100756], [120.681591, 24.101175], [120.680443, 24.100823], [120.680244, 24.100723], [120.680264, 24.100637], [120.680745, 24.100684], [120.680751, 24.100581], [120.679738, 24.10044], [120.679589, 24.100399], [120.679609, 24.100316], [120.679201, 24.100224], [120.679314, 24.099979], [120.679522, 24.100017], [120.679505, 24.100072], [120.679593, 24.099823], [120.678906, 24.09965], [120.678995, 24.099512], [120.677218, 24.099109], [120.677243, 24.09816], [120.677735, 24.098058], [120.677789, 24.098641], [120.677742, 24.098852], [120.677618, 24.098975], [120.677893, 24.099067], [120.678139, 24.098899], [120.678333, 24.098243], [120.678208, 24.098103], [120.67866, 24.098017], [120.679198, 24.099191], [120.678506, 24.099047], [120.678573, 24.098761], [120.677978, 24.098295], [120.678088, 24.098168], [120.677941, 24.098077], [120.677459, 24.098531], [120.677486, 24.098649], [120.677062, 24.098627], [120.676994, 24.098247], [120.67692, 24.098348], [120.676816, 24.09815], [120.676869, 24.097989], [120.676741, 24.097705], [120.67581, 24.097881], [120.675144, 24.097862], [120.67539, 24.09815], [120.675349, 24.09831], [120.674975, 24.098417], [120.674884, 24.098108], [120.674747, 24.098079], [120.674668, 24.09794], [120.674871, 24.097912], [120.674694, 24.09833], [120.674713, 24.100532], [120.674882, 24.100457], [120.675244, 24.100538], [120.675311, 24.10018], [120.675196, 24.100253], [120.674904, 24.100206], [120.674875, 24.100366], [120.675166, 24.100415], [120.675266, 24.100735], [120.675683, 24.10078], [120.675387, 24.101338], [120.675367, 24.101666], [120.675332, 24.101733], [120.675232, 24.101713], [120.675311, 24.101588], [120.675156, 24.101538], [120.675238, 24.101106], [120.675148, 24.101091], [120.675393, 24.101129], [120.675456, 24.101018], [120.6752, 24.100967], [120.675439, 24.100624], [120.675475, 24.100328], [120.675585, 24.100267], [120.675622, 24.100066], [120.675516, 24.100148], [120.675583, 24.10031], [120.675547, 24.100638], [120.675784, 24.100682], [120.676117, 24.100077], [120.676621, 24.100335], [120.676537, 24.100466], [120.675813, 24.100107], [120.675798, 24.099998], [120.675891, 24.100074], [120.676053, 24.09992], [120.676105, 24.099972], [120.676187, 24.099901], [120.676103, 24.099812], [120.675993, 24.099856], [120.675814, 24.099759], [120.675914, 24.099653], [120.675714, 24.099434], [120.675581, 24.099466], [120.675463, 24.09931], [120.675544, 24.099272], [120.675442, 24.09912], [120.675293, 24.099297], [120.675128, 24.099357], [120.675008, 24.099527], [120.675047, 24.099576], [120.675501, 24.099697], [120.675439, 24.099851], [120.674962, 24.099685], [120.674935, 24.099808], [120.675307, 24.099903], [120.67513, 24.100026], [120.675111, 24.100142], [120.675671, 24.099818], [120.675711, 24.099598], [120.675592, 24.099291], [120.675622, 24.099017], [120.675962, 24.098886], [120.675992, 24.09918], [120.676122, 24.099152], [120.676309, 24.099411], [120.676693, 24.099548], [120.676927, 24.099857], [120.676829, 24.10003], [120.67684, 24.100221], [120.67632, 24.099992], [120.676343, 24.099857], [120.676595, 24.099769], [120.676779, 24.099427], [120.676602, 24.099263], [120.676727, 24.099038], [120.676651, 24.099046], [120.676603, 24.098906], [120.677001, 24.098868], [120.676922, 24.09947], [120.676518, 24.099284], [120.676568, 24.099174], [120.676447, 24.098969], [120.676271, 24.09906], [120.676347, 24.098959], [120.67625, 24.098856], [120.676712, 24.098731], [120.676734, 24.098518], [120.677035, 24.098721], [120.67649, 24.098946], [120.676006, 24.099486], [120.676096, 24.100628], [120.675895, 24.100722], [120.675632, 24.101218], [120.675693, 24.101326], [120.675614, 24.101448], [120.675791, 24.101608], [120.675683, 24.101772], [120.67556, 24.101847], [120.675481, 24.101811], [120.675505, 24.101895], [120.675294, 24.101814], [120.67508, 24.10221], [120.674712, 24.102035], [120.674789, 24.101405], [120.674699, 24.101304], [120.674074, 24.102134], [120.674197, 24.102269], [120.674004, 24.10274], [120.673648, 24.102509], [120.674254, 24.102776], [120.674137, 24.103814], [120.673914, 24.104045], [120.674626, 24.103952], [120.674678, 24.104857], [120.676703, 24.103214], [120.677018, 24.103366], [120.677221, 24.103372], [120.677303, 24.103286], [120.67694, 24.103068], [120.676899, 24.102615], [120.677105, 24.102494], [120.676923, 24.102391], [120.676186, 24.102427], [120.675792, 24.102345], [120.675821, 24.101568], [120.675529, 24.101412], [120.675138, 24.101767], [120.674229, 24.100923], [120.674433, 24.100221], [120.674197, 24.099397], [120.674058, 24.099371], [120.674103, 24.099274], [120.674052, 24.099259], [120.674206, 24.099283], [120.674228, 24.099175], [120.674076, 24.099154], [120.674093, 24.098974], [120.67441, 24.098987], [120.67434, 24.099347], [120.674419, 24.098709], [120.674358, 24.098591], [120.67414, 24.098777], [120.674916, 24.098527], [120.674971, 24.098604], [120.674992, 24.098455], [120.6753, 24.099017], [120.675255, 24.099125], [120.674964, 24.098894], [120.674914, 24.099379], [120.675146, 24.099441], [120.675635, 24.098741], [120.675813, 24.098763], [120.675781, 24.098548], [120.675543, 24.098492], [120.675477, 24.098372], [120.675377, 24.098619], [120.675144, 24.098549], [120.676012, 24.098281], [120.675965, 24.098136], [120.676174, 24.09801], [120.676302, 24.098323], [120.676398, 24.098252], [120.676322, 24.098114], [120.676534, 24.098059], [120.676508, 24.097952], [120.676436, 24.097994], [120.676407, 24.097936], [120.676671, 24.097994], [120.676595, 24.098215], [120.677435, 24.100069], [120.678451, 24.099651], [120.67872, 24.099873], [120.679015, 24.100561], [120.679115, 24.100592], [120.679116, 24.100886], [120.679846, 24.10106], [120.679866, 24.100963], [120.679254, 24.100825], [120.679134, 24.100548], [120.679651, 24.100328], [120.679638, 24.099836], [120.679994, 24.101125], [120.679881, 24.101364], [120.679325, 24.101773], [120.678989, 24.102499], [120.678972, 24.102556], [120.679066, 24.102584], [120.679204, 24.102265], [120.679316, 24.102504], [120.679423, 24.102457], [120.679747, 24.102545], [120.679295, 24.103157], [120.679478, 24.103225], [120.679296, 24.103622], [120.679054, 24.103922], [120.678948, 24.103792], [120.679047, 24.103592], [120.679107, 24.103606], [120.678915, 24.103544], [120.67881, 24.103758], [120.678901, 24.103823], [120.678854, 24.103953], [120.677982, 24.103605], [120.677872, 24.103636], [120.677367, 24.103471], [120.677512, 24.103367], [120.677544, 24.103202], [120.678126, 24.103357], [120.678127, 24.103172], [120.677862, 24.103024], [120.679304, 24.102908], [120.679755, 24.102977], [120.680053, 24.103119], [120.680135, 24.10321], [120.679886, 24.103404], [120.680054, 24.103422], [120.680013, 24.103611], [120.680411, 24.103721], [120.680588, 24.103644], [120.680414, 24.103192], [120.680443, 24.103079], [120.680191, 24.103169], [120.68064, 24.103783], [120.680793, 24.103446], [120.680751, 24.102823], [120.680667, 24.102803], [120.681069, 24.102874], [120.681055, 24.103039], [120.681451, 24.103197], [120.681758, 24.102147], [120.68135, 24.103526], [120.68114, 24.103956], [120.681188, 24.104062], [120.680881, 24.104966], [120.679758, 24.104213], [120.679238, 24.104071], [120.679615, 24.103347], [120.679607, 24.103526], [120.679961, 24.103601], [120.67982, 24.103235], [120.68009, 24.102858], [120.680027, 24.10282]]}}, {"type": "Feature", "properties": {"district": "6602800", "segment": 38, "total_segments": 47, "km": 14.99, "villages": ["新里里", "樹王里"]}, "geometry": {"type": "LineString", "coordinates": [[120.680123, 24.102873], [120.680195, 24.102811], [120.679998, 24.102529], [120.679967, 24.102651], [120.679769, 24.102479], [120.68023, 24.102862], [120.67866, 24.100928], [120.673484, 24.09932], [120.67163, 24.09902], [120.671166, 24.098178], [120.671287, 24.097479], [120.671194, 24.097473], [120.67108, 24.098175], [120.670803, 24.09727], [120.670716, 24.097248], [120.671369, 24.097348], [120.671553, 24.097553], [120.673083, 24.097601], [120.670002, 24.098871], [120.669325, 24.098908], [120.668787, 24.098485], [120.668167, 24.097751], [120.66809, 24.097285], [120.667919, 24.096926], [120.668785, 24.097112], [120.669543, 24.097134], [120.667735, 24.098197], [120.66686, 24.097627], [120.666472, 24.097135], [120.668138, 24.099254], [120.668337, 24.09966], [120.669006, 24.099788], [120.6692, 24.099958], [120.670736, 24.100604], [120.671047, 24.101103], [120.671601, 24.101506], [120.671403, 24.101628], [120.67184, 24.101403], [120.672068, 24.101164], [120.672365, 24.101696], [120.671995, 24.101952], [120.672083, 24.102702], [120.672607, 24.102821], [120.672655, 24.103029], [120.673238, 24.103577], [120.672602, 24.103855], [120.673204, 24.104292], [120.672942, 24.102423], [120.673024, 24.101973], [120.672895, 24.101942], [120.67277, 24.101425], [120.67322, 24.101464], [120.671592, 24.102995], [120.671628, 24.103133], [120.671269, 24.103203], [120.671333, 24.10338], [120.671821, 24.103807], [120.671982, 24.104118], [120.672064, 24.104504], [120.671891, 24.104745], [120.672034, 24.105087], [120.671865, 24.105311], [120.67196, 24.105489], [120.671639, 24.105203], [120.671394, 24.105294], [120.671285, 24.105204], [120.671121, 24.105621], [120.670882, 24.105866], [120.670572, 24.105881], [120.670497, 24.105716], [120.670665, 24.105514], [120.670119, 24.105279], [120.670408, 24.10485], [120.670305, 24.104567], [120.670349, 24.104355], [120.670921, 24.104325], [120.671086, 24.104653], [120.671524, 24.104538], [120.671294, 24.103974], [120.671249, 24.103883], [120.670935, 24.103904], [120.671009, 24.104095], [120.670465, 24.103728], [120.670022, 24.103879], [120.669782, 24.103674], [120.669681, 24.103753], [120.670421, 24.103192], [120.671116, 24.10289], [120.671272, 24.102673], [120.670824, 24.101857], [120.670276, 24.101473], [120.669989, 24.101027], [120.669526, 24.101117], [120.66924, 24.100812], [120.669229, 24.100578], [120.669433, 24.100624], [120.669017, 24.100147], [120.668379, 24.100184], [120.668124, 24.100542], [120.668463, 24.100708], [120.668794, 24.101825], [120.669255, 24.102581], [120.669548, 24.102828], [120.669416, 24.102887], [120.669392, 24.103387], [120.670059, 24.102863], [120.670408, 24.102685], [120.670148, 24.102192], [120.670004, 24.102296], [120.669971, 24.102143], [120.670073, 24.101945], [120.669965, 24.101741], [120.670697, 24.102504], [120.668942, 24.102517], [120.668785, 24.103048], [120.668107, 24.102906], [120.668013, 24.102745], [120.667868, 24.103103], [120.667417, 24.103629], [120.667814, 24.103847], [120.668138, 24.103739], [120.668083, 24.10389], [120.668292, 24.104139], [120.668005, 24.104367], [120.667779, 24.104329], [120.666946, 24.104785], [120.667162, 24.104962], [120.667026, 24.105063], [120.666785, 24.105025], [120.666756, 24.105173], [120.66667, 24.104857], [120.666563, 24.104762], [120.666581, 24.104635], [120.666301, 24.10459], [120.666262, 24.104644], [120.666214, 24.104512], [120.66605, 24.10446], [120.665904, 24.10412], [120.666328, 24.103959], [120.665748, 24.10333], [120.665036, 24.10388], [120.664762, 24.104217], [120.664413, 24.104208], [120.664147, 24.10392], [120.663763, 24.103946], [120.663777, 24.10439], [120.663949, 24.104426], [120.663664, 24.104541], [120.663598, 24.104459], [120.663654, 24.104997], [120.664325, 24.104878], [120.664809, 24.10518], [120.66508, 24.105458], [120.665031, 24.105711], [120.665111, 24.106415], [120.66403, 24.106989], [120.663599, 24.106533], [120.664043, 24.107153], [120.664401, 24.107487], [120.664306, 24.107584], [120.664609, 24.107307], [120.664616, 24.107739], [120.664407, 24.108111], [120.664739, 24.108903], [120.664989, 24.108741], [120.665371, 24.108856], [120.665393, 24.108964], [120.665285, 24.109098], [120.665349, 24.109284], [120.665851, 24.109559], [120.666061, 24.109301], [120.667254, 24.108824], [120.667732, 24.108554], [120.668193, 24.107945], [120.668301, 24.107923], [120.668435, 24.108187], [120.668634, 24.107762], [120.66851, 24.107693], [120.668424, 24.107569], [120.668467, 24.107522], [120.669363, 24.107645], [120.669494, 24.107473], [120.669612, 24.107487], [120.67011, 24.107094], [120.670262, 24.107203], [120.669636, 24.107611], [120.669924, 24.107592], [120.670059, 24.107788], [120.670444, 24.108052], [120.670514, 24.107739], [120.670427, 24.107638], [120.670316, 24.107738], [120.670551, 24.107359], [120.670408, 24.107275], [120.670594, 24.107239], [120.670858, 24.107387], [120.671104, 24.10755], [120.671028, 24.107649], [120.671329, 24.107833], [120.671463, 24.107719], [120.670982, 24.107624], [120.670625, 24.107399], [120.670891, 24.106967], [120.670638, 24.106817], [120.6704, 24.107087], [120.66992, 24.106985], [120.669676, 24.10684], [120.669897, 24.106692], [120.669833, 24.106513], [120.669379, 24.106665], [120.668829, 24.10635], [120.668594, 24.106476], [120.668196, 24.106283], [120.668328, 24.106053], [120.66863, 24.106226], [120.668502, 24.106052], [120.668035, 24.1059], [120.668095, 24.105703], [120.668588, 24.105623], [120.66862, 24.105505], [120.669256, 24.106268], [120.668898, 24.10679], [120.668667, 24.106614], [120.668403, 24.106549], [120.668241, 24.106959], [120.667997, 24.106967], [120.667735, 24.107361], [120.667683, 24.107248], [120.667593, 24.107466], [120.667426, 24.107404], [120.667505, 24.107245], [120.667331, 24.107048], [120.667432, 24.106962], [120.667401, 24.106845], [120.667568, 24.106951], [120.667504, 24.107009], [120.66779, 24.107093], [120.668158, 24.1067], [120.668191, 24.106614], [120.668038, 24.106505], [120.667783, 24.106666], [120.667027, 24.106873], [120.66707, 24.107043], [120.666912, 24.107129], [120.666637, 24.107006], [120.666637, 24.107185], [120.66691, 24.107375], [120.666835, 24.107455], [120.66648, 24.107232], [120.666404, 24.107353], [120.666288, 24.107263], [120.666138, 24.107306], [120.665945, 24.106944], [120.665735, 24.106833], [120.665465, 24.106924], [120.665354, 24.106803], [120.665996, 24.10637], [120.666012, 24.106591], [120.666551, 24.106693], [120.666536, 24.106819], [120.666179, 24.106765], [120.666309, 24.10643], [120.666397, 24.106429], [120.666472, 24.106303], [120.666574, 24.106499], [120.666871, 24.106438], [120.666923, 24.106911], [120.666683, 24.106801], [120.666212, 24.107162], [120.666305, 24.107445], [120.66649, 24.107596], [120.666546, 24.107476], [120.66644, 24.107388], [120.666147, 24.107443], [120.666021, 24.107658], [120.666108, 24.107764], [120.666346, 24.107765], [120.666551, 24.107896], [120.66676, 24.108096], [120.666663, 24.108166], [120.666991, 24.108232], [120.667193, 24.108446], [120.667262, 24.108361], [120.667493, 24.108481], [120.666438, 24.109007], [120.66636, 24.108678], [120.666471, 24.108604], [120.666363, 24.108373], [120.666215, 24.108434], [120.666217, 24.10828], [120.666326, 24.108141], [120.666251, 24.107983], [120.666083, 24.108063], [120.666213, 24.108589], [120.666552, 24.108692], [120.666609, 24.10855], [120.666084, 24.108914], [120.666131, 24.109018], [120.666009, 24.109185], [120.666304, 24.109503], [120.666402, 24.109477], [120.666385, 24.109355], [120.666476, 24.109581], [120.666654, 24.109466], [120.666755, 24.109547], [120.667426, 24.109298], [120.667217, 24.108967], [120.667365, 24.108894], [120.667539, 24.109265]]}}, {"type": "Feature", "properties": {"district": "6602800", "segment": 39, "total_segments": 47, "km": 14.69, "villages": ["樹王里"]}, "geometry": {"type": "LineString", "coordinates": [[120.667844, 24.109131], [120.66776, 24.109021], [120.667912, 24.108996], [120.667761, 24.108667], [120.668052, 24.108502], [120.668223, 24.108643], [120.668107, 24.108691], [120.668271, 24.108898], [120.668243, 24.109], [120.6687, 24.108938], [120.668792, 24.108816], [120.668426, 24.108603], [120.668186, 24.1084], [120.668139, 24.108268], [120.668112, 24.108321], [120.668286, 24.108331], [120.668478, 24.108534], [120.668935, 24.108806], [120.668835, 24.108841], [120.668353, 24.108705], [120.668642, 24.108261], [120.668779, 24.108267], [120.668891, 24.108157], [120.668737, 24.1081], [120.668953, 24.107947], [120.668779, 24.10785], [120.668864, 24.107498], [120.668985, 24.107531], [120.668716, 24.107381], [120.668938, 24.106981], [120.668805, 24.106923], [120.66866, 24.107285], [120.668484, 24.107207], [120.667809, 24.108306], [120.667598, 24.108257], [120.66762, 24.108169], [120.667429, 24.108186], [120.667477, 24.108082], [120.667252, 24.10788], [120.667443, 24.107746], [120.66781, 24.107838], [120.66784, 24.107633], [120.667756, 24.10758], [120.667989, 24.107626], [120.66808, 24.107396], [120.667925, 24.107304], [120.66795, 24.107438], [120.668141, 24.107424], [120.668208, 24.107121], [120.668396, 24.10703], [120.668464, 24.107118], [120.668528, 24.106988], [120.669053, 24.106882], [120.669421, 24.10732], [120.669356, 24.10734], [120.669547, 24.108072], [120.668332, 24.107662], [120.668244, 24.107805], [120.667441, 24.107603], [120.667302, 24.107644], [120.667103, 24.107383], [120.666992, 24.107494], [120.667106, 24.107634], [120.666753, 24.107666], [120.666739, 24.107856], [120.667263, 24.108095], [120.66717, 24.108214], [120.667234, 24.108298], [120.666871, 24.107477], [120.667328, 24.107209], [120.665514, 24.107195], [120.665654, 24.107625], [120.66522, 24.108337], [120.665941, 24.108858], [120.666084, 24.109551], [120.667067, 24.109184], [120.665393, 24.110557], [120.665202, 24.11058], [120.665143, 24.110466], [120.663684, 24.110466], [120.663438, 24.110628], [120.663362, 24.110768], [120.663507, 24.1109], [120.663874, 24.110919], [120.664035, 24.111052], [120.664256, 24.11096], [120.664378, 24.111118], [120.664529, 24.111018], [120.664393, 24.111008], [120.664696, 24.11108], [120.664906, 24.111017], [120.664908, 24.110916], [120.664985, 24.111146], [120.665274, 24.111089], [120.665192, 24.111021], [120.664712, 24.111239], [120.664782, 24.111711], [120.664629, 24.11168], [120.664447, 24.111792], [120.664238, 24.11137], [120.663801, 24.111766], [120.663703, 24.111385], [120.663417, 24.111358], [120.663982, 24.11081], [120.664075, 24.11088], [120.663928, 24.11002], [120.66246, 24.109593], [120.662164, 24.109039], [120.662393, 24.108863], [120.66265, 24.108995], [120.662745, 24.108646], [120.662962, 24.108484], [120.662535, 24.108233], [120.662364, 24.108222], [120.662317, 24.10834], [120.661839, 24.108073], [120.66176, 24.108733], [120.662832, 24.107854], [120.662425, 24.107341], [120.662388, 24.107126], [120.662083, 24.10701], [120.663085, 24.105015], [120.663271, 24.104986], [120.66287, 24.104825], [120.6627, 24.103955], [120.662785, 24.103475], [120.662919, 24.103303], [120.662556, 24.103055], [120.662424, 24.102666], [120.661717, 24.102575], [120.661958, 24.102042], [120.661547, 24.101834], [120.661422, 24.101568], [120.661225, 24.101591], [120.660923, 24.101415], [120.661294, 24.101242], [120.661202, 24.100927], [120.660351, 24.100614], [120.660311, 24.100732], [120.660396, 24.100809], [120.660425, 24.100701], [120.660491, 24.100869], [120.660641, 24.1009], [120.660301, 24.101339], [120.66048, 24.101372], [120.659762, 24.101102], [120.659705, 24.100747], [120.659471, 24.100607], [120.660043, 24.100348], [120.660137, 24.100362], [120.660223, 24.100542], [120.66023, 24.100836], [120.660537, 24.100492], [120.660738, 24.100483], [120.660791, 24.100586], [120.66065, 24.100321], [120.660353, 24.100385], [120.66071, 24.099952], [120.661457, 24.099686], [120.66146, 24.099926], [120.661672, 24.099906], [120.661914, 24.099576], [120.662409, 24.099381], [120.662407, 24.099236], [120.66222, 24.099256], [120.662381, 24.099119], [120.662648, 24.099306], [120.662721, 24.098705], [120.662549, 24.098586], [120.661419, 24.098809], [120.660232, 24.099555], [120.661007, 24.100359], [120.661587, 24.100405], [120.661722, 24.100661], [120.661283, 24.100724], [120.661638, 24.101116], [120.661716, 24.101311], [120.661904, 24.101176], [120.662224, 24.101133], [120.662336, 24.10141], [120.6624, 24.102193], [120.663286, 24.10228], [120.66343, 24.102078], [120.66362, 24.102162], [120.662968, 24.102535], [120.663272, 24.102896], [120.66304, 24.103054], [120.663723, 24.102928], [120.663964, 24.102958], [120.664101, 24.102802], [120.664308, 24.102761], [120.664754, 24.102771], [120.664768, 24.102881], [120.664848, 24.102286], [120.665002, 24.101922], [120.66484, 24.101508], [120.664555, 24.101478], [120.664379, 24.101323], [120.66454, 24.101616], [120.665341, 24.101333], [120.666423, 24.101115], [120.66658, 24.101808], [120.666278, 24.102006], [120.666871, 24.102225], [120.667455, 24.10196], [120.667416, 24.101758], [120.667724, 24.101732], [120.667809, 24.101946], [120.667148, 24.10222], [120.666892, 24.104435], [120.666193, 24.104835], [120.665383, 24.104501], [120.666189, 24.105594], [120.665737, 24.106021], [120.667266, 24.105569], [120.667798, 24.105824], [120.667761, 24.105586], [120.66799, 24.105407], [120.667836, 24.10508], [120.667392, 24.105345], [120.668859, 24.104316], [120.669143, 24.104282], [120.669412, 24.104003], [120.668858, 24.103815], [120.668679, 24.103954], [120.669548, 24.104761], [120.670495, 24.106379], [120.670853, 24.1066], [120.671115, 24.106366], [120.670982, 24.106305], [120.671466, 24.106085], [120.671312, 24.105933], [120.67135, 24.106641], [120.671913, 24.106638], [120.671876, 24.107033], [120.67214, 24.10795], [120.672128, 24.108082], [120.67193, 24.108277], [120.672109, 24.106064], [120.672884, 24.104729], [120.672886, 24.104453], [120.672557, 24.104662], [120.672469, 24.104313], [120.673419, 24.104534], [120.67383, 24.104446], [120.673923, 24.104795], [120.674205, 24.104931], [120.674169, 24.104321], [120.669939, 24.109879], [120.669351, 24.109887], [120.669851, 24.111134], [120.669628, 24.111192], [120.669848, 24.111377], [120.669129, 24.112041], [120.670304, 24.111052], [120.666328, 24.111987], [120.666393, 24.112399], [120.666703, 24.112312], [120.666623, 24.112158], [120.666194, 24.112205], [120.666152, 24.112392], [120.665802, 24.112045], [120.66579, 24.11191], [120.665568, 24.111943], [120.666111, 24.111894], [120.66595, 24.111325], [120.665685, 24.111243], [120.665889, 24.111013], [120.665848, 24.110946], [120.665695, 24.110916], [120.666038, 24.111152], [120.666297, 24.111848], [120.665834, 24.111561], [120.665209, 24.111726], [120.665292, 24.11159], [120.665802, 24.11149], [120.665093, 24.111529], [120.665044, 24.111726]]}}, {"type": "Feature", "properties": {"district": "6602800", "segment": 40, "total_segments": 47, "km": 14.99, "villages": ["樹王里", "永隆里"]}, "geometry": {"type": "LineString", "coordinates": [[120.663933, 24.103275], [120.661641, 24.103697], [120.661219, 24.103701], [120.660391, 24.10347], [120.659888, 24.103306], [120.659157, 24.102582], [120.658208, 24.101379], [120.658045, 24.101463], [120.65841, 24.100826], [120.658366, 24.100638], [120.658614, 24.100579], [120.658346, 24.100357], [120.658442, 24.100242], [120.658063, 24.100349], [120.658643, 24.099906], [120.659241, 24.100275], [120.663656, 24.100032], [120.663689, 24.100172], [120.663943, 24.100122], [120.664619, 24.099416], [120.665462, 24.099093], [120.665421, 24.099023], [120.664624, 24.099336], [120.664983, 24.098967], [120.665354, 24.098863], [120.665397, 24.098725], [120.665542, 24.099017], [120.665553, 24.099441], [120.665677, 24.099729], [120.665978, 24.099966], [120.666018, 24.100462], [120.665744, 24.100585], [120.666727, 24.100109], [120.666703, 24.099808], [120.666931, 24.099676], [120.66657, 24.099487], [120.667237, 24.100072], [120.665161, 24.098518], [120.664667, 24.098386], [120.664085, 24.09868], [120.664114, 24.098792], [120.674022, 24.105342], [120.674468, 24.105924], [120.674731, 24.105937], [120.674752, 24.106625], [120.674481, 24.106626], [120.674462, 24.106345], [120.675023, 24.106337], [120.675021, 24.106458], [120.675274, 24.106491], [120.675267, 24.106553], [120.675432, 24.106553], [120.6759, 24.106784], [120.675872, 24.106847], [120.675523, 24.106742], [120.675096, 24.106765], [120.675091, 24.106832], [120.675424, 24.106835], [120.67547, 24.106933], [120.675699, 24.106934], [120.675678, 24.107014], [120.675278, 24.106958], [120.675229, 24.107166], [120.675016, 24.107388], [120.675017, 24.107789], [120.675783, 24.107837], [120.675783, 24.107024], [120.675966, 24.107033], [120.67601, 24.10693], [120.676261, 24.107006], [120.676242, 24.10691], [120.676024, 24.106844], [120.676229, 24.106722], [120.676228, 24.106582], [120.676595, 24.106713], [120.676579, 24.106776], [120.676433, 24.106736], [120.676578, 24.106907], [120.676697, 24.106867], [120.676844, 24.106457], [120.676462, 24.106309], [120.676082, 24.106273], [120.675898, 24.106655], [120.675718, 24.106422], [120.675434, 24.106343], [120.675737, 24.106363], [120.676037, 24.10618], [120.675201, 24.105942], [120.675256, 24.106254], [120.675349, 24.106255], [120.675351, 24.106148], [120.675028, 24.106158], [120.675028, 24.105955], [120.675014, 24.107087], [120.674733, 24.10702], [120.674455, 24.10708], [120.674449, 24.107151], [120.674723, 24.107165], [120.674707, 24.107781], [120.674496, 24.107813], [120.674476, 24.10763], [120.674478, 24.107475], [120.674478, 24.107963], [120.674686, 24.107991], [120.674716, 24.108637], [120.674442, 24.10857], [120.674435, 24.108501], [120.674548, 24.108502], [120.674503, 24.1081], [120.675005, 24.10808], [120.674987, 24.109093], [120.675044, 24.109265], [120.676465, 24.109239], [120.676573, 24.108097], [120.6768, 24.10812], [120.676815, 24.107962], [120.676787, 24.108572], [120.677137, 24.108629], [120.677225, 24.107954], [120.677106, 24.107951], [120.677091, 24.108294], [120.677355, 24.108348], [120.677421, 24.108104], [120.677559, 24.108089], [120.677552, 24.108567], [120.677396, 24.108547], [120.677401, 24.108465], [120.67737, 24.10873], [120.677122, 24.10872], [120.677127, 24.10879], [120.677377, 24.108801], [120.677298, 24.108923], [120.677359, 24.108969], [120.677348, 24.109242], [120.676831, 24.109247], [120.676731, 24.109174], [120.676725, 24.108952], [120.675999, 24.108816], [120.67602, 24.108716], [120.676138, 24.10872], [120.675913, 24.108699], [120.675898, 24.108505], [120.676142, 24.108506], [120.676166, 24.108445], [120.67591, 24.108384], [120.675999, 24.108292], [120.675937, 24.10814], [120.676169, 24.108136], [120.676228, 24.10798], [120.675958, 24.107975], [120.676007, 24.107752], [120.676187, 24.107702], [120.676313, 24.107822], [120.676585, 24.107802], [120.676617, 24.107273], [120.676326, 24.107235], [120.676333, 24.107164], [120.676635, 24.107161], [120.676649, 24.107064], [120.67596, 24.107153], [120.676017, 24.107469], [120.675648, 24.107462], [120.675649, 24.107676], [120.675475, 24.107672], [120.675514, 24.107505], [120.675256, 24.10754], [120.675303, 24.107976], [120.675213, 24.107978], [120.6753, 24.108109], [120.675386, 24.108894], [120.675468, 24.108922], [120.675485, 24.108663], [120.675707, 24.108689], [120.675731, 24.109009], [120.675876, 24.109031], [120.675911, 24.108739], [120.675902, 24.109461], [120.675814, 24.10946], [120.676461, 24.109481], [120.676444, 24.109832], [120.676648, 24.109881], [120.67678, 24.109515], [120.678374, 24.109446], [120.678676, 24.109523], [120.678779, 24.109459], [120.678968, 24.109685], [120.678858, 24.110007], [120.678712, 24.10995], [120.678712, 24.109852], [120.678768, 24.109769], [120.678531, 24.110434], [120.678727, 24.110476], [120.678812, 24.110204], [120.679325, 24.11027], [120.679169, 24.110813], [120.679052, 24.110951], [120.678988, 24.111321], [120.678861, 24.111489], [120.678905, 24.111685], [120.678782, 24.112407], [120.678879, 24.113667], [120.67877, 24.113801], [120.678879, 24.11388], [120.67881, 24.113982], [120.678476, 24.114037], [120.678584, 24.114103], [120.678559, 24.114187], [120.67881, 24.114167], [120.678831, 24.114278], [120.678567, 24.114303], [120.678532, 24.114531], [120.678386, 24.11438], [120.67794, 24.114415], [120.678034, 24.11478], [120.679001, 24.114799], [120.678968, 24.114015], [120.678874, 24.114273], [120.678359, 24.11419], [120.678335, 24.113951], [120.678425, 24.113885], [120.678428, 24.113752], [120.678373, 24.113511], [120.67777, 24.113432], [120.67756, 24.113507], [120.676409, 24.11343], [120.676477, 24.112171], [120.677664, 24.112152], [120.677772, 24.1122], [120.677721, 24.112654], [120.67783, 24.112775], [120.677714, 24.112856], [120.677732, 24.112979], [120.677976, 24.112974], [120.678069, 24.11238], [120.678249, 24.112401], [120.678212, 24.112894], [120.678317, 24.112904], [120.6784, 24.112201], [120.678163, 24.112137], [120.678234, 24.112023], [120.67843, 24.112075], [120.678441, 24.112212], [120.678163, 24.111984], [120.678386, 24.11131], [120.678564, 24.111357], [120.678699, 24.111024], [120.678494, 24.111035], [120.678722, 24.110518], [120.67846, 24.110686], [120.677888, 24.110778], [120.676597, 24.110746], [120.676649, 24.109939], [120.676439, 24.110052], [120.676336, 24.110725], [120.675965, 24.110779], [120.675352, 24.110714], [120.675379, 24.110918], [120.675529, 24.110926], [120.675541, 24.11146], [120.675654, 24.11145], [120.675711, 24.111224], [120.676046, 24.110903], [120.67574, 24.110914], [120.67554, 24.110598], [120.675616, 24.110226], [120.67537, 24.110213], [120.675361, 24.110445], [120.675733, 24.110463], [120.675756, 24.11054], [120.675741, 24.110061], [120.67581, 24.109943], [120.676067, 24.109949], [120.676048, 24.109878], [120.67578, 24.109871], [120.675762, 24.109621], [120.67564, 24.109626], [120.675609, 24.109922], [120.675338, 24.109911], [120.675339, 24.109977], [120.675606, 24.109987], [120.675528, 24.110127], [120.676076, 24.110389], [120.676204, 24.110394], [120.676215, 24.110287], [120.676096, 24.110284], [120.676004, 24.110451], [120.67588, 24.110446], [120.676363, 24.110972], [120.676365, 24.111139], [120.676283, 24.1112], [120.676259, 24.111968], [120.675483, 24.112012], [120.675259, 24.111988], [120.675206, 24.111896], [120.675204, 24.111984], [120.675068, 24.11201], [120.674777, 24.111973], [120.674855, 24.111024], [120.674588, 24.110982], [120.674497, 24.111409], [120.674489, 24.112227], [120.674357, 24.112253], [120.674428, 24.112678], [120.674135, 24.112669], [120.674098, 24.112838], [120.674415, 24.112854], [120.674313, 24.114281], [120.674158, 24.114773], [120.673586, 24.114718], [120.673544, 24.114792], [120.673419, 24.114793], [120.673335, 24.114736], [120.673265, 24.115015], [120.67266, 24.11507], [120.672657, 24.11476], [120.673008, 24.11476], [120.673051, 24.114407], [120.673176, 24.114405], [120.673186, 24.114281], [120.673878, 24.114339], [120.673793, 24.114126], [120.673469, 24.114111], [120.673463, 24.113938], [120.673564, 24.113819], [120.673549, 24.113579], [120.674173, 24.113638], [120.673996, 24.113349], [120.673601, 24.113426], [120.673703, 24.113099], [120.673691, 24.112823], [120.673043, 24.112845], [120.673002, 24.113421], [120.673158, 24.113422], [120.673243, 24.113561], [120.673504, 24.113581], [120.673214, 24.113642], [120.672422, 24.11357], [120.672403, 24.114088], [120.673017, 24.114051]]}}, {"type": "Feature", "properties": {"district": "6602800", "segment": 41, "total_segments": 47, "km": 14.95, "villages": ["永隆里"]}, "geometry": {"type": "LineString", "coordinates": [[120.673023, 24.113859], [120.673117, 24.113865], [120.673109, 24.114106], [120.673011, 24.114103], [120.673, 24.114278], [120.673089, 24.114281], [120.672687, 24.114321], [120.672623, 24.114262], [120.672444, 24.114322], [120.672441, 24.114442], [120.672584, 24.113868], [120.672664, 24.113871], [120.672671, 24.113785], [120.672589, 24.113785], [120.672717, 24.113786], [120.672742, 24.113412], [120.672956, 24.113421], [120.672833, 24.113297], [120.672749, 24.112835], [120.672929, 24.112844], [120.672918, 24.113065], [120.672639, 24.113008], [120.672638, 24.112844], [120.672492, 24.112833], [120.672499, 24.113385], [120.672666, 24.113366], [120.672631, 24.113068], [120.673306, 24.113067], [120.673308, 24.112953], [120.67346, 24.112951], [120.673455, 24.113071], [120.673762, 24.113157], [120.673772, 24.113285], [120.673814, 24.112826], [120.673999, 24.112813], [120.67362, 24.112392], [120.674199, 24.112105], [120.674323, 24.112114], [120.674329, 24.111992], [120.674201, 24.111985], [120.674212, 24.111729], [120.674336, 24.111736], [120.674344, 24.111609], [120.674216, 24.111607], [120.674416, 24.110877], [120.67451, 24.11088], [120.674494, 24.110167], [120.674398, 24.110162], [120.674373, 24.110424], [120.674124, 24.110223], [120.67443, 24.110042], [120.67412, 24.109771], [120.673786, 24.109745], [120.673462, 24.109476], [120.673723, 24.109228], [120.673855, 24.108965], [120.674047, 24.109081], [120.674097, 24.108967], [120.674396, 24.109456], [120.674714, 24.109508], [120.674667, 24.110047], [120.674989, 24.11001], [120.674957, 24.109714], [120.675276, 24.109735], [120.675309, 24.109454], [120.675043, 24.109453], [120.675642, 24.109468], [120.674749, 24.109061], [120.674734, 24.10884], [120.675007, 24.108009], [120.675155, 24.106552], [120.677353, 24.107948], [120.678066, 24.107951], [120.67813, 24.108024], [120.678105, 24.10824], [120.678216, 24.108238], [120.678232, 24.10795], [120.678953, 24.107954], [120.678933, 24.108908], [120.679101, 24.108904], [120.679147, 24.10788], [120.679363, 24.107168], [120.679512, 24.107324], [120.679702, 24.107375], [120.679666, 24.107459], [120.679483, 24.107418], [120.679359, 24.10774], [120.679589, 24.107795], [120.679605, 24.107718], [120.679478, 24.107687], [120.679708, 24.107786], [120.679583, 24.108215], [120.679679, 24.108243], [120.679738, 24.108044], [120.679305, 24.107939], [120.67927, 24.108005], [120.679518, 24.108063], [120.679439, 24.108253], [120.679301, 24.108248], [120.679297, 24.108366], [120.679729, 24.108514], [120.679788, 24.108613], [120.679766, 24.108785], [120.679589, 24.10898], [120.679615, 24.109206], [120.679377, 24.110141], [120.67921, 24.109577], [120.679107, 24.109535], [120.679145, 24.109168], [120.67928, 24.109136], [120.679314, 24.108658], [120.679882, 24.108321], [120.680071, 24.107566], [120.679866, 24.107633], [120.67979, 24.107857], [120.679766, 24.107607], [120.678784, 24.108148], [120.678659, 24.108146], [120.678848, 24.108338], [120.678759, 24.108585], [120.677988, 24.108529], [120.67799, 24.108307], [120.677897, 24.108245], [120.677896, 24.108089], [120.677805, 24.108082], [120.677852, 24.108562], [120.677739, 24.108579], [120.677738, 24.108737], [120.677863, 24.108718], [120.677861, 24.10892], [120.677946, 24.108903], [120.677948, 24.108729], [120.678378, 24.108732], [120.678378, 24.108922], [120.678466, 24.108907], [120.678467, 24.108718], [120.67867, 24.108714], [120.678544, 24.108313], [120.678463, 24.108306], [120.678459, 24.108417], [120.678161, 24.108362], [120.677987, 24.108569], [120.678042, 24.108856], [120.67815, 24.108864], [120.678146, 24.108931], [120.678151, 24.108822], [120.678343, 24.109179], [120.678311, 24.109237], [120.678035, 24.109231], [120.678414, 24.109179], [120.678521, 24.109239], [120.678096, 24.109787], [120.67809, 24.110026], [120.677734, 24.110013], [120.677735, 24.109787], [120.677613, 24.109797], [120.67756, 24.110154], [120.677701, 24.110151], [120.677686, 24.110422], [120.677822, 24.11043], [120.677831, 24.110162], [120.677954, 24.110162], [120.677998, 24.110255], [120.678196, 24.110266], [120.678266, 24.11015], [120.678533, 24.110216], [120.678492, 24.109969], [120.678355, 24.109896], [120.678133, 24.110026], [120.677933, 24.109906], [120.677843, 24.109661], [120.677454, 24.109667], [120.677399, 24.110424], [120.677232, 24.110392], [120.677248, 24.110239], [120.676883, 24.110258], [120.67683, 24.11053], [120.676823, 24.110603], [120.676961, 24.110482], [120.677113, 24.110485], [120.677127, 24.110378], [120.676994, 24.110375], [120.677228, 24.1105], [120.677228, 24.11061], [120.677192, 24.109773], [120.677283, 24.109686], [120.677555, 24.108904], [120.677552, 24.108713], [120.677653, 24.108767], [120.678411, 24.108236], [120.678414, 24.108083], [120.678524, 24.108087], [120.678527, 24.108238], [120.678419, 24.107652], [120.677612, 24.11118], [120.6786, 24.111569], [120.678554, 24.111666], [120.67844, 24.111626], [120.678458, 24.112593], [120.678587, 24.112597], [120.678568, 24.112814], [120.67844, 24.11281], [120.678357, 24.113006], [120.678089, 24.113004], [120.67816, 24.113108], [120.678712, 24.113125], [120.678696, 24.113067], [120.678417, 24.113064], [120.678266, 24.113243], [120.678021, 24.113241], [120.677951, 24.113206], [120.677955, 24.113079], [120.677772, 24.113277], [120.677525, 24.113325], [120.677402, 24.113125], [120.677453, 24.113056], [120.677299, 24.113054], [120.677305, 24.113119], [120.677162, 24.113121], [120.677166, 24.113321], [120.677027, 24.113328], [120.676947, 24.113171], [120.677046, 24.113065], [120.677063, 24.112514], [120.677209, 24.11251], [120.677243, 24.112651], [120.677158, 24.113885], [120.677241, 24.113882], [120.677285, 24.113623], [120.677519, 24.113709], [120.677519, 24.113883], [120.677354, 24.113971], [120.677347, 24.114183], [120.67722, 24.114208], [120.677233, 24.114321], [120.676575, 24.114282], [120.676361, 24.114348], [120.67635, 24.114477], [120.676407, 24.11481], [120.677783, 24.114806], [120.677797, 24.115164], [120.677619, 24.115242], [120.677639, 24.115295], [120.677543, 24.115206], [120.677407, 24.115304], [120.677322, 24.115261], [120.677446, 24.115185], [120.677504, 24.115767], [120.677623, 24.115771], [120.677644, 24.115466], [120.677846, 24.11549], [120.677796, 24.115897], [120.676467, 24.115832], [120.676578, 24.115745], [120.676914, 24.115746], [120.676932, 24.115444], [120.677077, 24.115443], [120.677065, 24.115751], [120.677218, 24.115756], [120.67723, 24.115451], [120.677359, 24.115464], [120.677358, 24.116101], [120.676919, 24.116083], [120.676863, 24.116168], [120.677761, 24.116205], [120.677791, 24.116122], [120.677415, 24.116109], [120.677392, 24.116416], [120.677945, 24.116423], [120.677917, 24.115921], [120.678241, 24.115924], [120.678141, 24.116086], [120.678154, 24.116436], [120.678458, 24.116446], [120.678438, 24.115995], [120.678685, 24.11601], [120.678645, 24.116487], [120.678782, 24.116488], [120.678901, 24.116205], [120.679002, 24.116201], [120.678924, 24.116098], [120.678804, 24.11612], [120.678922, 24.11602], [120.678855, 24.115422], [120.678673, 24.115454], [120.678684, 24.115933], [120.679112, 24.115903], [120.679183, 24.116473], [120.679046, 24.115258], [120.678915, 24.115116], [120.678668, 24.115107], [120.6785, 24.113836], [120.678689, 24.113415], [120.678675, 24.113275], [120.678259, 24.113631], [120.677878, 24.113649], [120.677873, 24.113803], [120.677739, 24.113828], [120.677737, 24.114174], [120.677436, 24.114183], [120.677473, 24.114357], [120.677364, 24.114355], [120.677355, 24.114483], [120.676959, 24.11442], [120.676893, 24.114183], [120.676828, 24.114183], [120.676852, 24.11363], [120.676755, 24.113654], [120.676957, 24.113695], [120.676954, 24.113877], [120.676987, 24.113622], [120.677257, 24.113956], [120.677255, 24.114099], [120.677737, 24.113768], [120.677722, 24.113654], [120.677586, 24.113627], [120.677915, 24.114043], [120.677087, 24.115177], [120.676363, 24.115147], [120.676273, 24.115451], [120.676308, 24.116222], [120.676683, 24.116225], [120.676684, 24.116165], [120.676809, 24.116354], [120.677242, 24.116411], [120.675991, 24.11635], [120.675984, 24.11647], [120.676024, 24.115855], [120.675554, 24.115811], [120.675527, 24.116141], [120.675447, 24.116128], [120.675467, 24.115806], [120.675078, 24.115803], [120.675045, 24.116078], [120.675313, 24.115981], [120.675306, 24.116127], [120.674875, 24.116066], [120.674892, 24.115792], [120.674805, 24.115772], [120.674477, 24.115767], [120.674445, 24.115879], [120.674801, 24.115919], [120.674805, 24.116071], [120.674454, 24.116036], [120.674501, 24.116278], [120.674738, 24.116271], [120.674747, 24.116185], [120.674908, 24.116404], [120.675367, 24.116456], [120.675675, 24.116203], [120.675701, 24.116281], [120.675854, 24.116288], [120.675943, 24.115708], [120.675722, 24.115666], [120.676021, 24.115415], [120.675864, 24.115224], [120.675388, 24.115174], [120.675165, 24.115525], [120.675111, 24.11555], [120.67508, 24.115435], [120.67507, 24.115641], [120.675215, 24.115648], [120.674806, 24.115667], [120.674471, 24.115614], [120.674505, 24.115384], [120.67464, 24.115456], [120.674502, 24.115234], [120.674523, 24.1151], [120.674953, 24.115096], [120.6749, 24.114742], [120.67475, 24.114759], [120.675676, 24.114775], [120.675958, 24.114715], [120.676113, 24.114583], [120.676115, 24.114324], [120.67537, 24.114286], [120.675269, 24.114166], [120.674881, 24.114136], [120.67488, 24.114273], [120.674577, 24.114285], [120.674559, 24.11438], [120.674726, 24.113626], [120.674984, 24.113972], [120.67527, 24.113973], [120.675271, 24.113598], [120.675097, 24.113593], [120.675035, 24.113435], [120.675335, 24.113471], [120.675436, 24.113375], [120.67525, 24.113322], [120.675251, 24.11317], [120.67514, 24.113163], [120.675136, 24.113291], [120.674911, 24.113318], [120.675216, 24.112955], [120.675717, 24.112849], [120.675652, 24.113404], [120.676109, 24.113142], [120.675655, 24.112656], [120.675288, 24.11264], [120.675283, 24.112745], [120.675196, 24.11273], [120.675235, 24.112239], [120.675311, 24.112236], [120.675289, 24.112586], [120.675062, 24.112727], [120.674862, 24.112726], [120.674876, 24.112835], [120.675166, 24.112855], [120.674708, 24.112847], [120.674711, 24.112965], [120.674728, 24.112322], [120.674792, 24.112212], [120.67516, 24.112139], [120.675432, 24.112223], [120.67591, 24.112144], [120.676213, 24.11247], [120.677228, 24.112356], [120.677221, 24.112278], [120.677495, 24.112372], [120.675633, 24.111783], [120.675646, 24.111567], [120.675502, 24.111565], [120.675494, 24.111857], [120.675057, 24.111849], [120.675205, 24.111551], [120.675377, 24.111566], [120.675418, 24.111303], [120.675245, 24.111245], [120.67535, 24.111057]]}}, {"type": "Feature", "properties": {"district": "6602800", "segment": 42, "total_segments": 47, "km": 14.97, "villages": ["永隆里", "東興里"]}, "geometry": {"type": "LineString", "coordinates": [[120.674901, 24.110356], [120.673907, 24.110504], [120.673274, 24.111773], [120.673783, 24.113693], [120.673742, 24.113908], [120.673328, 24.113895], [120.673288, 24.114119], [120.673331, 24.11382], [120.673411, 24.114448], [120.673544, 24.114451], [120.673914, 24.114105], [120.673879, 24.115021], [120.674154, 24.115027], [120.674197, 24.115287], [120.674147, 24.11612], [120.67398, 24.116176], [120.673107, 24.115934], [120.672844, 24.115785], [120.67273, 24.11554], [120.673728, 24.115708], [120.673803, 24.115248], [120.673903, 24.115254], [120.673901, 24.115548], [120.674009, 24.115718], [120.673462, 24.115444], [120.672802, 24.115395], [120.67341, 24.115053], [120.673832, 24.115019], [120.675032, 24.114331], [120.675608, 24.11449], [120.67574, 24.114485], [120.675738, 24.114428], [120.676584, 24.115497], [120.676593, 24.115674], [120.678101, 24.117116], [120.672417, 24.114697], [120.672961, 24.10919], [120.67276, 24.108907], [120.672493, 24.108714], [120.672559, 24.108574], [120.673083, 24.108985], [120.679609, 24.110734], [120.67933, 24.111701], [120.679294, 24.112242], [120.679467, 24.11237], [120.680857, 24.112751], [120.680868, 24.112878], [120.679655, 24.112568], [120.679534, 24.112726], [120.679786, 24.113238], [120.679569, 24.113384], [120.679716, 24.113573], [120.679991, 24.113474], [120.680331, 24.113566], [120.680378, 24.113642], [120.680301, 24.114159], [120.680404, 24.114189], [120.680524, 24.113449], [120.68071, 24.11348], [120.680805, 24.113065], [120.680883, 24.113097], [120.680871, 24.113157], [120.680541, 24.113006], [120.680492, 24.113279], [120.680397, 24.113248], [120.680414, 24.113125], [120.680156, 24.113018], [120.680177, 24.112925], [120.679955, 24.112991], [120.680133, 24.11307], [120.68005, 24.11334], [120.680947, 24.113599], [120.681144, 24.113521], [120.68119, 24.112987], [120.680946, 24.112914], [120.680986, 24.112653], [120.680806, 24.112422], [120.680627, 24.112328], [120.680724, 24.112175], [120.680057, 24.111985], [120.679931, 24.111865], [120.679986, 24.111525], [120.679882, 24.111494], [120.679688, 24.112104], [120.679802, 24.112158], [120.679767, 24.112263], [120.679855, 24.111999], [120.680152, 24.111924], [120.680724, 24.11204], [120.680839, 24.112099], [120.680819, 24.112193], [120.681146, 24.112283], [120.680874, 24.112007], [120.680917, 24.111887], [120.681008, 24.11192], [120.680947, 24.111727], [120.68068, 24.111686], [120.680662, 24.111879], [120.680316, 24.111777], [120.680279, 24.111648], [120.680239, 24.111762], [120.680348, 24.111431], [120.680749, 24.111509], [120.680928, 24.110692], [120.680959, 24.110615], [120.681044, 24.110632], [120.680906, 24.111436], [120.681312, 24.111536], [120.681311, 24.111618], [120.680286, 24.111333], [120.680266, 24.111413], [120.680091, 24.111383], [120.680174, 24.110946], [120.680013, 24.110975], [120.679913, 24.111407], [120.679683, 24.111332], [120.679692, 24.111422], [120.68031, 24.111422], [120.680441, 24.110954], [120.680381, 24.110939], [120.680613, 24.110986], [120.680515, 24.110864], [120.680657, 24.11079], [120.68072, 24.110385], [120.680979, 24.110434], [120.680963, 24.110338], [120.681199, 24.110393], [120.681182, 24.110481], [120.681474, 24.110542], [120.681477, 24.110461], [120.681127, 24.110468], [120.681287, 24.110142], [120.681335, 24.110235], [120.681685, 24.110209], [120.681754, 24.110092], [120.681685, 24.11017], [120.681574, 24.110978], [120.681732, 24.111031], [120.681962, 24.109983], [120.682388, 24.110071], [120.682657, 24.11043], [120.682681, 24.110713], [120.682628, 24.110711], [120.682813, 24.110719], [120.682819, 24.110626], [120.682769, 24.110637], [120.683512, 24.110681], [120.68348, 24.110767], [120.683713, 24.110788], [120.683747, 24.111217], [120.683562, 24.111399], [120.681892, 24.111193], [120.682209, 24.111088], [120.682224, 24.110536], [120.682013, 24.110506], [120.682028, 24.110414], [120.682297, 24.110357], [120.682359, 24.11044], [120.682305, 24.110476], [120.682537, 24.110614], [120.68237, 24.11114], [120.683424, 24.111198], [120.683494, 24.111266], [120.683455, 24.110922], [120.683284, 24.111064], [120.683195, 24.111048], [120.683072, 24.110939], [120.683097, 24.110785], [120.683365, 24.110805], [120.683728, 24.110667], [120.683707, 24.110344], [120.682625, 24.110118], [120.682966, 24.110742], [120.682858, 24.110944], [120.682742, 24.110988], [120.682664, 24.111541], [120.683254, 24.111578], [120.683234, 24.111789], [120.683318, 24.11177], [120.683344, 24.111541], [120.683023, 24.111867], [120.682997, 24.112093], [120.683072, 24.112105], [120.683074, 24.11192], [120.683298, 24.111895], [120.683368, 24.111911], [120.68335, 24.112097], [120.683277, 24.112101], [120.68329, 24.111965], [120.68323, 24.11222], [120.683163, 24.112158], [120.683147, 24.112371], [120.682743, 24.112367], [120.682646, 24.112235], [120.682644, 24.111848], [120.682686, 24.111756], [120.682986, 24.11179], [120.682892, 24.111838], [120.682201, 24.111699], [120.682174, 24.111786], [120.682542, 24.111884], [120.682413, 24.111941], [120.682539, 24.112324], [120.682537, 24.11214], [120.682534, 24.112494], [120.682452, 24.113069], [120.68205, 24.113067], [120.682073, 24.11319], [120.682498, 24.113219], [120.682501, 24.113069], [120.68266, 24.112932], [120.682693, 24.112528], [120.683538, 24.11253], [120.683422, 24.112417], [120.683248, 24.112395], [120.683243, 24.112882], [120.683303, 24.112945], [120.683147, 24.112864], [120.683091, 24.11267], [120.683104, 24.113128], [120.682725, 24.113099], [120.682752, 24.113229], [120.683583, 24.113275], [120.683616, 24.113155], [120.683252, 24.113129], [120.683066, 24.113583], [120.682981, 24.113578], [120.682989, 24.113451], [120.682659, 24.113498], [120.682655, 24.113429], [120.682657, 24.113564], [120.682548, 24.113572], [120.682542, 24.113379], [120.682679, 24.113245], [120.68251, 24.113776], [120.682538, 24.113931], [120.682408, 24.113989], [120.682417, 24.114051], [120.682621, 24.114003], [120.682629, 24.114269], [120.6827, 24.114273], [120.68278, 24.114106], [120.682956, 24.114109], [120.683238, 24.114209], [120.683463, 24.114413], [120.683748, 24.114446], [120.683749, 24.114711], [120.682864, 24.114683], [120.682916, 24.11476], [120.683175, 24.114812], [120.683754, 24.114823], [120.683771, 24.11502], [120.683662, 24.115088], [120.681231, 24.114992], [120.681213, 24.114449], [120.681253, 24.114386], [120.681525, 24.114398], [120.681474, 24.114274], [120.681724, 24.114287], [120.681812, 24.113753], [120.681828, 24.113366], [120.681682, 24.11335], [120.681705, 24.113481], [120.681501, 24.11356], [120.681521, 24.113642], [120.681301, 24.113628], [120.681273, 24.114232], [120.681097, 24.114219], [120.681123, 24.113659], [120.681306, 24.113545], [120.681369, 24.113029], [120.681604, 24.113086], [120.681631, 24.112942], [120.681385, 24.112872], [120.681713, 24.111182], [120.681537, 24.111175], [120.681233, 24.112822], [120.681653, 24.112638], [120.681628, 24.112568], [120.681886, 24.112603], [120.681775, 24.113187], [120.682017, 24.113204], [120.682009, 24.113455], [120.682142, 24.113539], [120.682075, 24.113656], [120.682385, 24.11367], [120.68226, 24.113797], [120.681972, 24.11381], [120.681908, 24.114415], [120.682502, 24.114341], [120.682515, 24.11445], [120.682674, 24.114468], [120.682662, 24.114819], [120.682483, 24.114723], [120.682452, 24.1148], [120.682362, 24.114713], [120.681007, 24.114609], [120.681033, 24.114309], [120.680773, 24.114292], [120.680698, 24.114385], [120.680675, 24.114721], [120.68049, 24.114711], [120.680475, 24.114788], [120.680621, 24.114936], [120.681047, 24.114952], [120.68097, 24.114789], [120.681004, 24.114646], [120.680497, 24.114665], [120.680522, 24.114452], [120.680235, 24.114302], [120.680148, 24.114336], [120.680136, 24.114819], [120.679606, 24.114382], [120.679683, 24.114297], [120.679991, 24.114293], [120.68, 24.114213], [120.679694, 24.114197], [120.679694, 24.113933], [120.679907, 24.113727], [120.680092, 24.114068], [120.679876, 24.114092], [120.680128, 24.113865], [120.68003, 24.113694], [120.679332, 24.113775], [120.679476, 24.114876], [120.679581, 24.114815], [120.679709, 24.114883], [120.679636, 24.11493], [120.679846, 24.114872], [120.680363, 24.114937], [120.680682, 24.114175], [120.680847, 24.113504], [120.680837, 24.114206], [120.681427, 24.114138], [120.681438, 24.114018], [120.681687, 24.114391], [120.681836, 24.114404], [120.681979, 24.114578], [120.682206, 24.11458], [120.68211, 24.114318], [120.682332, 24.11405], [120.682339, 24.113979], [120.68225, 24.113976], [120.682704, 24.114426], [120.682939, 24.114333], [120.683123, 24.114334], [120.683097, 24.114414], [120.68295, 24.114418]]}}, {"type": "Feature", "properties": {"district": "6602800", "segment": 43, "total_segments": 47, "km": 14.99, "villages": ["東興里", "西榮里"]}, "geometry": {"type": "LineString", "coordinates": [[120.68341, 24.114416], [120.683595, 24.114217], [120.683698, 24.114224], [120.683434, 24.113878], [120.682705, 24.113865], [120.68274, 24.11376], [120.683247, 24.11377], [120.683752, 24.113988], [120.683609, 24.113638], [120.683763, 24.113426], [120.683664, 24.113158], [120.683759, 24.113042], [120.683724, 24.111426], [120.684009, 24.112184], [120.683978, 24.113183], [120.68457, 24.113191], [120.684544, 24.112892], [120.684313, 24.1126], [120.684581, 24.11262], [120.684583, 24.112391], [120.684385, 24.112334], [120.684385, 24.112228], [120.684275, 24.112361], [120.684108, 24.112359], [120.684118, 24.112428], [120.684284, 24.112429], [120.684072, 24.112424], [120.684247, 24.112828], [120.684169, 24.112875], [120.684202, 24.112934], [120.684307, 24.112867], [120.684584, 24.112193], [120.684548, 24.111996], [120.684119, 24.111959], [120.684757, 24.111991], [120.685097, 24.113603], [120.68506, 24.113697], [120.685216, 24.113735], [120.685707, 24.114322], [120.68568, 24.114416], [120.685756, 24.114376], [120.68609, 24.114782], [120.686079, 24.11513], [120.685387, 24.115159], [120.685376, 24.114968], [120.685797, 24.114976], [120.685686, 24.114834], [120.685479, 24.114833], [120.685406, 24.114587], [120.685442, 24.114272], [120.685135, 24.11382], [120.685584, 24.114487], [120.685565, 24.114613], [120.684642, 24.114862], [120.682695, 24.113726], [120.682031, 24.112894], [120.682085, 24.112041], [120.682179, 24.112002], [120.681985, 24.111979], [120.682096, 24.111454], [120.682617, 24.111537], [120.681831, 24.111745], [120.681804, 24.111648], [120.681702, 24.112056], [120.68193, 24.112053], [120.681892, 24.112563], [120.680266, 24.112344], [120.680249, 24.112394], [120.680188, 24.112217], [120.680103, 24.112196], [120.679412, 24.112625], [120.679221, 24.112618], [120.679324, 24.11373], [120.680015, 24.110878], [120.679694, 24.110524], [120.68004, 24.109677], [120.680183, 24.109828], [120.680175, 24.109923], [120.680444, 24.110009], [120.680397, 24.11016], [120.680752, 24.110278], [120.680459, 24.109964], [120.680592, 24.10963], [120.681593, 24.109903], [120.681564, 24.109944], [120.681768, 24.109943], [120.681221, 24.110862], [120.681273, 24.110871], [120.680267, 24.109571], [120.683987, 24.110402], [120.685278, 24.110439], [120.685545, 24.110521], [120.685554, 24.110824], [120.685654, 24.11079], [120.685671, 24.110975], [120.685894, 24.110966], [120.685412, 24.111095], [120.685502, 24.111664], [120.685911, 24.111649], [120.68579, 24.111542], [120.685813, 24.111232], [120.685898, 24.111305], [120.685934, 24.111232], [120.68607, 24.111237], [120.686106, 24.11175], [120.685883, 24.112098], [120.685449, 24.11209], [120.685417, 24.11321], [120.686066, 24.113183], [120.686088, 24.112266], [120.68624, 24.112274], [120.686268, 24.112611], [120.686436, 24.112603], [120.686451, 24.112686], [120.686391, 24.11269], [120.686577, 24.112706], [120.686647, 24.112681], [120.686625, 24.112614], [120.686763, 24.112604], [120.686807, 24.112665], [120.687167, 24.112502], [120.687057, 24.112448], [120.686825, 24.112556], [120.686741, 24.112858], [120.687499, 24.112563], [120.687533, 24.112614], [120.687176, 24.112845], [120.686706, 24.113008], [120.687116, 24.113014], [120.687644, 24.112699], [120.687767, 24.112698], [120.687729, 24.112454], [120.687557, 24.112534], [120.687593, 24.112585], [120.68779, 24.112428], [120.687887, 24.112445], [120.68785, 24.112399], [120.688353, 24.112222], [120.688276, 24.112199], [120.688271, 24.112037], [120.688902, 24.111715], [120.688834, 24.111671], [120.688327, 24.111859], [120.687918, 24.112101], [120.687942, 24.11217], [120.688169, 24.112061], [120.688034, 24.111694], [120.687987, 24.111785], [120.687445, 24.112007], [120.687476, 24.112132], [120.687913, 24.111955], [120.687841, 24.112243], [120.687738, 24.112196], [120.687553, 24.112255], [120.687646, 24.112321], [120.687165, 24.112417], [120.687247, 24.112459], [120.687331, 24.112324], [120.687374, 24.111844], [120.68752, 24.11191], [120.687609, 24.111872], [120.6876, 24.111749], [120.687864, 24.111739], [120.687896, 24.111619], [120.688423, 24.111408], [120.688684, 24.111468], [120.689411, 24.111223], [120.689012, 24.111344], [120.688842, 24.111474], [120.688918, 24.111579], [120.689614, 24.111292], [120.689614, 24.111356], [120.689065, 24.111596], [120.688949, 24.111862], [120.689055, 24.11204], [120.688673, 24.112226], [120.688668, 24.112327], [120.689184, 24.112064], [120.689095, 24.112025], [120.689225, 24.112297], [120.689341, 24.112308], [120.689157, 24.112398], [120.689193, 24.112314], [120.688971, 24.112406], [120.688935, 24.112336], [120.688935, 24.112539], [120.688824, 24.112584], [120.688984, 24.112781], [120.688775, 24.112791], [120.688409, 24.113028], [120.688473, 24.112929], [120.688376, 24.112761], [120.687896, 24.112944], [120.68794, 24.113036], [120.688216, 24.112977], [120.688211, 24.113055], [120.688427, 24.113153], [120.688789, 24.112992], [120.688735, 24.112883], [120.688911, 24.112925], [120.688973, 24.113149], [120.688499, 24.11331], [120.688869, 24.113096], [120.689104, 24.113063], [120.689002, 24.11288], [120.689028, 24.112676], [120.689377, 24.11252], [120.6894, 24.112586], [120.689173, 24.112691], [120.689308, 24.112983], [120.689289, 24.113214], [120.688408, 24.113723], [120.688179, 24.113817], [120.688168, 24.113737], [120.689597, 24.113214], [120.689456, 24.113175], [120.689696, 24.113209], [120.689587, 24.114754], [120.689499, 24.115116], [120.689228, 24.115233], [120.68846, 24.115197], [120.688392, 24.114866], [120.688291, 24.114935], [120.688277, 24.115183], [120.687812, 24.115189], [120.687279, 24.114861], [120.687759, 24.114707], [120.68776, 24.114652], [120.687491, 24.114772], [120.687307, 24.114188], [120.687488, 24.114114], [120.68745, 24.11403], [120.687887, 24.113958], [120.687697, 24.11393], [120.687595, 24.114066], [120.687577, 24.114276], [120.687719, 24.114533], [120.688073, 24.114361], [120.688029, 24.114259], [120.687737, 24.114372], [120.687684, 24.114273], [120.687957, 24.114199], [120.687938, 24.114079], [120.688197, 24.114059], [120.688315, 24.114145], [120.688468, 24.113915], [120.688938, 24.113754], [120.6889, 24.113719], [120.688553, 24.113949], [120.688632, 24.114094], [120.688703, 24.113989], [120.68899, 24.113878], [120.689104, 24.113619], [120.689134, 24.113695], [120.689344, 24.113591], [120.689269, 24.113563], [120.689191, 24.113601], [120.689275, 24.11381], [120.68943, 24.113743], [120.689186, 24.113914], [120.689147, 24.113841], [120.689224, 24.113832], [120.689138, 24.114068], [120.688897, 24.11412], [120.688878, 24.114186], [120.688776, 24.114144], [120.688731, 24.114192], [120.688823, 24.114209], [120.688668, 24.114279], [120.688677, 24.114218], [120.688447, 24.114185], [120.688471, 24.114333], [120.687856, 24.114601], [120.687887, 24.11465], [120.688517, 24.114374], [120.688355, 24.113967], [120.688303, 24.113986], [120.688431, 24.113932], [120.688168, 24.113967], [120.687981, 24.113493], [120.688388, 24.113299], [120.688357, 24.11324], [120.687685, 24.11351], [120.687595, 24.113466], [120.687511, 24.113251], [120.687585, 24.113186], [120.687869, 24.113074], [120.687952, 24.113232], [120.687912, 24.11352], [120.687757, 24.113626], [120.687519, 24.11361], [120.687394, 24.113284], [120.687049, 24.113347], [120.687007, 24.113256], [120.686435, 24.113255], [120.686282, 24.113224], [120.686228, 24.113077], [120.686235, 24.112708], [120.686398, 24.112942], [120.686598, 24.112942], [120.686613, 24.113], [120.686398, 24.113007], [120.686565, 24.112614], [120.68655, 24.112434], [120.687118, 24.112161], [120.687044, 24.11198], [120.687163, 24.111934], [120.68678, 24.112082], [120.686256, 24.112127], [120.686242, 24.112238], [120.686465, 24.112387], [120.686543, 24.112342], [120.685861, 24.112346], [120.685766, 24.11238], [120.68579, 24.11243], [120.685532, 24.112368], [120.685712, 24.112306], [120.685927, 24.11244], [120.685912, 24.112605], [120.685523, 24.112622], [120.685544, 24.112679], [120.685912, 24.112697], [120.685694, 24.11285], [120.685696, 24.112998], [120.685292, 24.112791], [120.685294, 24.112202], [120.68499, 24.112116], [120.685029, 24.111899], [120.684558, 24.111853], [120.684574, 24.111613], [120.684676, 24.111625], [120.684675, 24.111697], [120.684686, 24.111393], [120.684575, 24.111397], [120.684541, 24.110971], [120.683965, 24.110972], [120.683952, 24.110559], [120.684201, 24.110767], [120.684266, 24.110689], [120.684207, 24.110696], [120.684578, 24.110718], [120.684574, 24.110803], [120.684686, 24.110799], [120.68469, 24.110636], [120.684877, 24.110678], [120.684867, 24.110795], [120.684955, 24.110789], [120.68498, 24.110686], [120.685339, 24.110824], [120.685336, 24.110745], [120.685349, 24.110967], [120.685509, 24.110967], [120.684979, 24.110972], [120.684991, 24.111053], [120.68528, 24.111055], [120.685307, 24.111283], [120.685212, 24.111306], [120.685161, 24.111551], [120.685301, 24.111567], [120.685296, 24.111671], [120.685445, 24.11177], [120.685431, 24.111927], [120.685725, 24.111952], [120.685713, 24.11179], [120.685075, 24.111903], [120.685013, 24.111549], [120.684948, 24.111551], [120.685028, 24.111461], [120.684942, 24.111337], [120.684877, 24.111388], [120.684856, 24.11107], [120.684749, 24.111059], [120.684743, 24.110971], [120.68487, 24.110968], [120.68494, 24.11107], [120.684658, 24.11097], [120.684578, 24.111487], [120.684249, 24.111471], [120.684247, 24.111348], [120.684317, 24.111395], [120.684333, 24.111861], [120.684411, 24.111864], [120.683967, 24.111826], [120.683963, 24.111143], [120.684681, 24.112251], [120.68468, 24.112784], [120.685013, 24.112801], [120.684977, 24.112508], [120.684838, 24.1124], [120.685107, 24.112399], [120.685089, 24.113333], [120.685418, 24.113348], [120.68557, 24.113551], [120.685382, 24.11366], [120.685559, 24.11378], [120.685491, 24.113849], [120.685527, 24.113954], [120.685848, 24.114337], [120.685873, 24.114144], [120.685734, 24.113904], [120.686066, 24.113763], [120.686084, 24.114538], [120.686277, 24.115023], [120.686252, 24.115176], [120.686658, 24.115068], [120.68711, 24.115073], [120.687113, 24.114792], [120.686958, 24.114506], [120.687034, 24.114474], [120.68719, 24.11477], [120.687373, 24.114672], [120.687151, 24.114262], [120.686714, 24.114449], [120.686722, 24.11423], [120.686453, 24.113853], [120.686644, 24.113814], [120.686953, 24.113592], [120.686765, 24.113488]]}}, {"type": "Feature", "properties": {"district": "6602800", "segment": 44, "total_segments": 47, "km": 14.44, "villages": ["西榮里", "大明里"]}, "geometry": {"type": "LineString", "coordinates": [[120.68648, 24.113687], [120.686222, 24.11365], [120.686221, 24.113948], [120.686023, 24.113446], [120.68567, 24.113927], [120.685194, 24.113553], [120.68662, 24.113416], [120.687137, 24.113594], [120.687223, 24.113816], [120.687342, 24.113785], [120.687306, 24.11371], [120.687347, 24.114046], [120.68717, 24.114066], [120.687252, 24.114215], [120.687843, 24.114669], [120.688638, 24.114901], [120.688589, 24.114967], [120.688755, 24.114946], [120.689286, 24.114219], [120.689364, 24.114224], [120.68898, 24.114035], [120.689728, 24.112965], [120.689664, 24.112831], [120.689768, 24.112595], [120.689804, 24.11202], [120.68975, 24.112102], [120.689736, 24.111944], [120.689832, 24.111699], [120.689847, 24.1102], [120.687994, 24.11032], [120.687974, 24.110503], [120.688688, 24.111284], [120.688826, 24.111223], [120.688882, 24.111099], [120.68888, 24.11102], [120.688756, 24.111011], [120.688708, 24.110925], [120.68903, 24.111228], [120.689439, 24.111059], [120.689406, 24.110824], [120.689232, 24.110887], [120.689409, 24.111176], [120.689579, 24.111153], [120.68947, 24.111202], [120.689517, 24.111032], [120.68975, 24.111233], [120.688204, 24.111712], [120.688076, 24.111676], [120.687775, 24.112141], [120.688082, 24.112557], [120.687887, 24.112659], [120.687929, 24.112732], [120.688488, 24.11247], [120.688423, 24.112389], [120.688146, 24.112513], [120.688417, 24.112745], [120.68857, 24.112684], [120.689443, 24.112841], [120.68953, 24.112528], [120.689457, 24.112398], [120.687808, 24.112799], [120.687613, 24.113072], [120.687144, 24.113235], [120.686115, 24.111125], [120.686131, 24.110509], [120.685867, 24.110473], [120.686851, 24.110787], [120.686922, 24.115376], [120.68588, 24.115366], [120.685532, 24.115635], [120.685418, 24.115577], [120.684396, 24.116554], [120.684505, 24.116624], [120.684457, 24.116673], [120.685095, 24.116056], [120.685293, 24.116373], [120.684717, 24.115918], [120.684697, 24.115736], [120.684201, 24.11601], [120.684358, 24.11598], [120.684383, 24.115857], [120.684556, 24.115701], [120.684799, 24.115656], [120.684927, 24.115784], [120.684316, 24.11623], [120.684253, 24.116294], [120.684296, 24.11637], [120.684688, 24.116006], [120.684158, 24.116133], [120.683952, 24.115736], [120.684011, 24.115328], [120.685403, 24.115382], [120.685792, 24.115673], [120.686115, 24.115753], [120.686274, 24.11565], [120.68643, 24.11581], [120.686484, 24.115765], [120.686371, 24.115645], [120.687013, 24.115693], [120.687027, 24.115547], [120.687157, 24.115562], [120.687123, 24.115897], [120.686997, 24.115885], [120.687008, 24.115735], [120.68699, 24.116028], [120.687348, 24.116139], [120.687366, 24.115998], [120.687442, 24.116011], [120.688195, 24.116289], [120.68843, 24.116176], [120.688392, 24.115583], [120.688291, 24.115585], [120.688226, 24.115452], [120.688082, 24.115384], [120.687185, 24.115414], [120.687566, 24.115553], [120.687531, 24.115833], [120.687643, 24.115737], [120.687647, 24.115582], [120.687834, 24.115831], [120.688078, 24.115916], [120.688048, 24.11601], [120.687673, 24.1159], [120.687585, 24.116211], [120.688983, 24.116569], [120.689231, 24.116525], [120.689264, 24.116053], [120.688823, 24.116096], [120.688736, 24.116203], [120.688672, 24.116157], [120.689067, 24.116195], [120.689109, 24.116407], [120.688465, 24.116353], [120.688321, 24.116127], [120.688301, 24.115724], [120.687999, 24.115679], [120.688022, 24.115609], [120.688439, 24.115402], [120.688755, 24.115423], [120.688747, 24.115704], [120.688806, 24.11543], [120.689021, 24.115463], [120.689, 24.115761], [120.688744, 24.115907], [120.688783, 24.115836], [120.688585, 24.11584], [120.688555, 24.115704], [120.688947, 24.115868], [120.689382, 24.115608], [120.6895, 24.115741], [120.689401, 24.117015], [120.688927, 24.117022], [120.68899, 24.116672], [120.688925, 24.116857], [120.688976, 24.116969], [120.688758, 24.116947], [120.688728, 24.116673], [120.688921, 24.116648], [120.688564, 24.116907], [120.688635, 24.117323], [120.688567, 24.117317], [120.688446, 24.116615], [120.688328, 24.116641], [120.688033, 24.117016], [120.687913, 24.117015], [120.688178, 24.117012], [120.688366, 24.116811], [120.688384, 24.116981], [120.688312, 24.117061], [120.688639, 24.117451], [120.688686, 24.117755], [120.68876, 24.117739], [120.688706, 24.117085], [120.688922, 24.117422], [120.688997, 24.117394], [120.689056, 24.117476], [120.688893, 24.117557], [120.688961, 24.11772], [120.689298, 24.117814], [120.689274, 24.118561], [120.689142, 24.118959], [120.68897, 24.118205], [120.6888, 24.118213], [120.688731, 24.117841], [120.688787, 24.117828], [120.688816, 24.117983], [120.688373, 24.118077], [120.688248, 24.117984], [120.688011, 24.118193], [120.687945, 24.118141], [120.688224, 24.117891], [120.688299, 24.117943], [120.68851, 24.117799], [120.688542, 24.117856], [120.68835, 24.117824], [120.687836, 24.117124], [120.687307, 24.116859], [120.687298, 24.116797], [120.687499, 24.116927], [120.687582, 24.116873], [120.687585, 24.116557], [120.687631, 24.116603], [120.687538, 24.1168], [120.687466, 24.116612], [120.687282, 24.116639], [120.687412, 24.116344], [120.687309, 24.116321], [120.687182, 24.116763], [120.686778, 24.117318], [120.687163, 24.117197], [120.687203, 24.117139], [120.687137, 24.117102], [120.687388, 24.117233], [120.687455, 24.117152], [120.687541, 24.117208], [120.687512, 24.117364], [120.68784, 24.117362], [120.687731, 24.117535], [120.687529, 24.117746], [120.687818, 24.117198], [120.687564, 24.117028], [120.687759, 24.116939], [120.687795, 24.116796], [120.687849, 24.116809], [120.687848, 24.116626], [120.687827, 24.116886], [120.687904, 24.116957], [120.687792, 24.116957], [120.687943, 24.116833], [120.688026, 24.116868], [120.688081, 24.116767], [120.687755, 24.116557], [120.687783, 24.116483], [120.687707, 24.116462], [120.687681, 24.116535], [120.687515, 24.116193], [120.685927, 24.116368], [120.684337, 24.116777], [120.684338, 24.116973], [120.684093, 24.11624], [120.683952, 24.116303], [120.684087, 24.116682], [120.683653, 24.116842], [120.683716, 24.116916], [120.683352, 24.116979], [120.683309, 24.116885], [120.68344, 24.116863], [120.683375, 24.116757], [120.683451, 24.116724], [120.683367, 24.116571], [120.683323, 24.116684], [120.68321, 24.116579], [120.683033, 24.116601], [120.683062, 24.116675], [120.683154, 24.116664], [120.682943, 24.116704], [120.68295, 24.116969], [120.683099, 24.116989], [120.683122, 24.116908], [120.682798, 24.116807], [120.682726, 24.116401], [120.682315, 24.116477], [120.682284, 24.116393], [120.681982, 24.116399], [120.681889, 24.116028], [120.682061, 24.115912], [120.68218, 24.116276], [120.682335, 24.116386], [120.682404, 24.116338], [120.682312, 24.115803], [120.682206, 24.11579], [120.682236, 24.115566], [120.681541, 24.115544], [120.681547, 24.115723], [120.681764, 24.115878], [120.681638, 24.116043], [120.681882, 24.116336], [120.681845, 24.116449], [120.681655, 24.116494], [120.681658, 24.116584], [120.681854, 24.116578], [120.681793, 24.11668], [120.681091, 24.116732], [120.681088, 24.116642], [120.681561, 24.116609], [120.681569, 24.116494], [120.681409, 24.116383], [120.681073, 24.116468], [120.681121, 24.116379], [120.681415, 24.116311], [120.681436, 24.116175], [120.681657, 24.116245], [120.68134, 24.115955], [120.681275, 24.115566], [120.681126, 24.115446], [120.681163, 24.115328], [120.68105, 24.115267], [120.681035, 24.11537], [120.68083, 24.115379], [120.680802, 24.115515], [120.68116, 24.115761], [120.681094, 24.115916], [120.681137, 24.116092], [120.680917, 24.116021], [120.68095, 24.115829], [120.680712, 24.11582], [120.680723, 24.115733], [120.680598, 24.115715], [120.68066, 24.115455], [120.680568, 24.115334], [120.680282, 24.115322], [120.68029, 24.115196], [120.68026, 24.116324], [120.680312, 24.116429], [120.680774, 24.116446], [120.680909, 24.116269], [120.680993, 24.116273], [120.68066, 24.116229], [120.680708, 24.115862], [120.680587, 24.115832], [120.680595, 24.115754], [120.680526, 24.116348], [120.680651, 24.11635], [120.680656, 24.116269], [120.680823, 24.116594], [120.680807, 24.116845], [120.680923, 24.116828], [120.680924, 24.116581], [120.680309, 24.116477], [120.680287, 24.116552], [120.680193, 24.116553], [120.680212, 24.116408], [120.679703, 24.115561], [120.680774, 24.115158], [120.682591, 24.115256], [120.682935, 24.11555], [120.683108, 24.115522], [120.683323, 24.116035], [120.683416, 24.116017], [120.683265, 24.115696], [120.683332, 24.115601], [120.683793, 24.115566], [120.683777, 24.115819], [120.683235, 24.115584], [120.683263, 24.115289], [120.683755, 24.115312], [120.684186, 24.115659], [120.684353, 24.115568], [120.683843, 24.116079], [120.68391, 24.116269], [120.683733, 24.116451], [120.68346, 24.116499], [120.683471, 24.116569], [120.683795, 24.116522], [120.683642, 24.116298], [120.683387, 24.116325], [120.683383, 24.11622], [120.683567, 24.116205], [120.682889, 24.116271], [120.682917, 24.11638], [120.68318, 24.116343], [120.682867, 24.116387], [120.682912, 24.116608], [120.682676, 24.11627], [120.682519, 24.116292], [120.682414, 24.115862], [120.682611, 24.115799], [120.682658, 24.115651], [120.682844, 24.115703], [120.682861, 24.116091], [120.682661, 24.116178], [120.682632, 24.115851], [120.682282, 24.115568], [120.682099, 24.115808], [120.681539, 24.115489], [120.681546, 24.115406], [120.681431, 24.115397], [120.681434, 24.11549], [120.681437, 24.115361], [120.683042, 24.115279], [120.68205, 24.116726]]}}, {"type": "Feature", "properties": {"district": "6602800", "segment": 45, "total_segments": 47, "km": 14.95, "villages": ["大明里", "日新里"]}, "geometry": {"type": "LineString", "coordinates": [[120.688002, 24.117281], [120.688373, 24.117731], [120.688428, 24.117504], [120.688033, 24.117132], [120.688159, 24.116048], [120.688102, 24.116029], [120.689366, 24.117487], [120.689349, 24.117732], [120.688377, 24.118342], [120.672653, 24.10886], [120.689777, 24.115302], [120.68989, 24.115399], [120.690154, 24.115311], [120.689986, 24.115653], [120.690128, 24.115883], [120.690006, 24.115899], [120.690013, 24.116099], [120.690093, 24.116065], [120.690021, 24.116251], [120.69011, 24.116263], [120.690132, 24.116666], [120.690023, 24.116761], [120.69014, 24.116857], [120.690137, 24.116929], [120.690052, 24.116887], [120.690055, 24.117129], [120.690149, 24.117102], [120.690162, 24.117219], [120.690147, 24.11702], [120.690297, 24.117097], [120.69021, 24.117514], [120.690241, 24.118041], [120.690143, 24.118039], [120.690112, 24.117565], [120.689829, 24.11769], [120.689872, 24.118102], [120.689769, 24.118106], [120.689764, 24.117715], [120.689588, 24.117745], [120.689582, 24.117607], [120.689449, 24.118909], [120.689501, 24.119027], [120.689877, 24.118996], [120.689976, 24.119106], [120.689937, 24.118742], [120.689861, 24.118757], [120.689878, 24.118952], [120.690226, 24.118979], [120.690211, 24.119362], [120.690351, 24.11935], [120.690403, 24.120051], [120.690288, 24.119988], [120.690266, 24.119539], [120.690353, 24.119283], [120.690287, 24.118621], [120.690203, 24.118786], [120.690209, 24.118864], [120.690518, 24.118816], [120.690558, 24.11917], [120.690662, 24.119154], [120.690625, 24.118391], [120.690688, 24.118383], [120.690427, 24.118395], [120.690526, 24.118319], [120.690519, 24.118762], [120.690899, 24.118756], [120.69092, 24.118911], [120.691043, 24.119015], [120.690817, 24.118994], [120.690994, 24.118854], [120.690988, 24.118366], [120.690877, 24.118381], [120.6909, 24.118716], [120.691141, 24.118727], [120.691353, 24.119754], [120.691579, 24.119621], [120.691607, 24.120116], [120.69156, 24.120167], [120.691314, 24.120111], [120.691529, 24.120086], [120.691657, 24.120181], [120.691669, 24.120548], [120.691112, 24.120198], [120.690973, 24.12034], [120.69112, 24.120375], [120.691199, 24.119916], [120.691128, 24.119695], [120.691072, 24.119705], [120.691117, 24.11958], [120.691034, 24.119429], [120.691142, 24.119292], [120.691063, 24.119236], [120.691229, 24.118897], [120.691205, 24.118539], [120.691129, 24.11852], [120.691127, 24.11862], [120.69112, 24.118468], [120.691212, 24.118347], [120.691433, 24.118344], [120.69144, 24.118257], [120.691192, 24.118272], [120.690994, 24.118164], [120.691787, 24.118212], [120.691783, 24.118296], [120.691534, 24.118314], [120.691521, 24.118465], [120.691763, 24.11848], [120.691698, 24.118614], [120.691753, 24.118713], [120.691703, 24.11887], [120.69177, 24.118868], [120.6915, 24.119915], [120.691823, 24.119801], [120.691851, 24.11935], [120.691981, 24.119621], [120.691907, 24.119669], [120.691928, 24.119911], [120.691835, 24.119913], [120.691862, 24.12009], [120.691789, 24.120155], [120.692402, 24.120017], [120.692294, 24.119425], [120.692369, 24.119317], [120.692692, 24.119314], [120.692663, 24.119587], [120.692756, 24.119804], [120.692911, 24.119822], [120.692888, 24.1199], [120.693142, 24.11983], [120.693138, 24.119564], [120.692883, 24.119572], [120.692882, 24.119643], [120.693035, 24.119642], [120.693262, 24.119783], [120.693564, 24.119796], [120.693557, 24.119745], [120.693691, 24.119819], [120.693695, 24.119998], [120.693797, 24.119996], [120.693819, 24.119546], [120.693746, 24.119537], [120.693738, 24.119745], [120.693566, 24.119522], [120.693263, 24.119515], [120.693255, 24.119442], [120.693755, 24.119459], [120.693785, 24.118635], [120.693857, 24.118655], [120.693832, 24.119466], [120.693581, 24.119237], [120.693379, 24.119238], [120.693349, 24.119173], [120.693567, 24.119173], [120.693563, 24.118997], [120.693346, 24.118995], [120.693355, 24.118919], [120.693584, 24.118923], [120.693581, 24.118737], [120.693356, 24.118738], [120.693383, 24.118657], [120.6936, 24.118656], [120.693312, 24.118658], [120.69325, 24.118914], [120.692888, 24.118872], [120.692806, 24.118784], [120.693159, 24.118713], [120.693159, 24.119016], [120.692888, 24.119053], [120.692892, 24.119116], [120.693151, 24.119136], [120.693153, 24.119296], [120.692895, 24.119311], [120.692884, 24.119374], [120.693154, 24.1194], [120.693276, 24.119311], [120.69325, 24.119107], [120.692683, 24.11915], [120.692689, 24.119258], [120.692547, 24.118561], [120.692259, 24.118917], [120.692258, 24.119032], [120.691598, 24.119004], [120.691549, 24.119179], [120.691425, 24.119186], [120.691593, 24.118915], [120.691547, 24.118701], [120.691889, 24.11819], [120.692284, 24.118119], [120.692241, 24.11748], [120.69207, 24.117336], [120.692045, 24.117194], [120.692185, 24.116996], [120.692102, 24.116663], [120.692172, 24.116526], [120.691803, 24.116547], [120.691791, 24.116309], [120.691957, 24.116298], [120.692064, 24.116445], [120.69215, 24.116336], [120.6921, 24.115609], [120.691948, 24.116002], [120.691777, 24.116047], [120.691776, 24.116785], [120.692036, 24.116779], [120.692044, 24.116934], [120.691325, 24.117086], [120.691809, 24.117599], [120.69203, 24.117585], [120.692058, 24.117759], [120.69181, 24.117771], [120.691922, 24.118009], [120.691783, 24.118035], [120.691627, 24.117958], [120.691739, 24.117912], [120.69152, 24.117958], [120.691532, 24.117909], [120.690618, 24.117638], [120.690223, 24.118205], [120.690279, 24.118318], [120.690009, 24.11833], [120.689936, 24.118421], [120.689884, 24.118201], [120.689735, 24.118323], [120.689717, 24.118418], [120.689826, 24.11842], [120.689843, 24.118595], [120.690271, 24.118416], [120.69006, 24.11821], [120.690032, 24.11924], [120.689868, 24.119238], [120.689981, 24.119414], [120.68973, 24.119703], [120.689525, 24.119409], [120.68936, 24.119487], [120.689276, 24.119415], [120.690681, 24.11959], [120.690669, 24.119259], [120.690837, 24.119239], [120.690936, 24.119936], [120.691107, 24.119941], [120.691102, 24.11947], [120.690687, 24.119669], [120.690721, 24.120014], [120.690628, 24.120025], [120.690608, 24.119677], [120.690613, 24.120138], [120.690779, 24.120172], [120.690558, 24.120139], [120.691333, 24.120478], [120.691902, 24.120857], [120.692471, 24.120777], [120.692427, 24.120146], [120.693552, 24.120109], [120.693552, 24.120032], [120.693255, 24.120021], [120.693158, 24.119936], [120.693051, 24.12024], [120.693074, 24.121087], [120.692984, 24.121071], [120.692969, 24.120243], [120.692663, 24.120279], [120.692743, 24.12129], [120.692871, 24.121274], [120.692917, 24.121113], [120.693448, 24.12115], [120.693435, 24.121077], [120.693265, 24.121079], [120.693244, 24.120281], [120.693441, 24.120277], [120.693442, 24.120918], [120.693513, 24.120881], [120.693517, 24.120277], [120.693691, 24.120351], [120.693714, 24.120239], [120.693797, 24.120231], [120.693799, 24.120776], [120.693724, 24.120791], [120.693697, 24.120457], [120.693797, 24.120106], [120.693695, 24.120149], [120.694117, 24.120229], [120.694068, 24.120651], [120.694143, 24.120653], [120.694163, 24.12014], [120.694498, 24.120149], [120.694394, 24.120807], [120.694491, 24.120811], [120.694623, 24.119858], [120.694718, 24.119678], [120.694722, 24.119451], [120.694537, 24.11884], [120.694415, 24.118878], [120.694477, 24.119055], [120.694388, 24.119078], [120.694502, 24.119234], [120.694385, 24.119255], [120.694479, 24.119427], [120.694369, 24.119451], [120.694462, 24.119588], [120.694443, 24.119775], [120.694304, 24.119823], [120.694503, 24.119933], [120.694496, 24.120077], [120.694857, 24.120089], [120.6948, 24.119682], [120.694854, 24.119352], [120.694745, 24.11885], [120.694525, 24.118599], [120.693904, 24.118325], [120.692936, 24.118183], [120.693006, 24.117511], [120.692531, 24.116622], [120.690023, 24.116605], [120.690008, 24.116348], [120.689679, 24.116292], [120.689756, 24.115429], [120.690093, 24.115995], [120.689669, 24.116409], [120.689604, 24.117243]]}}, {"type": "Feature", "properties": {"district": "6602800", "segment": 46, "total_segments": 47, "km": 14.27, "villages": ["日新里", "祥興里"]}, "geometry": {"type": "LineString", "coordinates": [[120.692072, 24.120157], [120.692101, 24.120689], [120.692162, 24.12068], [120.692141, 24.120162], [120.691851, 24.120413], [120.691838, 24.120646], [120.692228, 24.120966], [120.692234, 24.121144], [120.692315, 24.121163], [120.692301, 24.121015], [120.692488, 24.121017], [120.692473, 24.120862], [120.692491, 24.121187], [120.692062, 24.121086], [120.691671, 24.121589], [120.692147, 24.121747], [120.692892, 24.121654], [120.693095, 24.121497], [120.693507, 24.121903], [120.693643, 24.121746], [120.693477, 24.121591], [120.693541, 24.121567], [120.6937, 24.12173], [120.693901, 24.121511], [120.693939, 24.121562], [120.694163, 24.121424], [120.694207, 24.121536], [120.694047, 24.121552], [120.694013, 24.121337], [120.693847, 24.121336], [120.693813, 24.121435], [120.693764, 24.12139], [120.693822, 24.121171], [120.694101, 24.121127], [120.694029, 24.120939], [120.694233, 24.120819], [120.693946, 24.120802], [120.693813, 24.120923], [120.693838, 24.121011], [120.693529, 24.121048], [120.69357, 24.12112], [120.693697, 24.121067], [120.693531, 24.121138], [120.693552, 24.121313], [120.693626, 24.121291], [120.693283, 24.121327], [120.693381, 24.121498], [120.693342, 24.121573], [120.69344, 24.121472], [120.693507, 24.121532], [120.693254, 24.121813], [120.694058, 24.121259], [120.694105, 24.121309], [120.694312, 24.121213], [120.694369, 24.120933], [120.694474, 24.12097], [120.694358, 24.121418], [120.694592, 24.121455], [120.694641, 24.121349], [120.694736, 24.121382], [120.694686, 24.12162], [120.6946, 24.121543], [120.694834, 24.121606], [120.694902, 24.121305], [120.694793, 24.121287], [120.694775, 24.121198], [120.69494, 24.120397], [120.69486, 24.120359], [120.694662, 24.121252], [120.69489, 24.121161], [120.694478, 24.12087], [120.693885, 24.12099], [120.693698, 24.120853], [120.694863, 24.120224], [120.69486, 24.120154], [120.694961, 24.120205], [120.695, 24.119818], [120.695173, 24.11973], [120.695461, 24.119659], [120.695498, 24.120243], [120.695133, 24.120239], [120.695014, 24.120338], [120.695113, 24.120004], [120.695385, 24.119977], [120.695378, 24.119901], [120.695102, 24.119913], [120.695121, 24.119558], [120.695187, 24.11954], [120.69509, 24.119495], [120.695148, 24.11925], [120.695081, 24.119134], [120.694999, 24.119166], [120.695212, 24.11931], [120.692691, 24.119901], [120.692693, 24.120009], [120.69455, 24.121822], [120.694774, 24.121796], [120.695018, 24.122037], [120.694754, 24.122037], [120.695205, 24.122356], [120.695553, 24.122406], [120.696063, 24.122156], [120.696688, 24.122264], [120.696744, 24.122173], [120.696812, 24.122298], [120.697121, 24.121527], [120.697953, 24.122566], [120.698862, 24.123434], [120.699714, 24.124474], [120.696197, 24.1205], [120.695065, 24.123008], [120.694846, 24.122966], [120.694717, 24.123048], [120.694735, 24.123297], [120.694477, 24.124026], [120.694561, 24.124045], [120.694818, 24.123284], [120.694915, 24.123194], [120.694846, 24.123119], [120.695165, 24.123484], [120.69614, 24.123774], [120.696105, 24.123851], [120.695056, 24.12354], [120.694939, 24.123887], [120.69598, 24.124198], [120.695953, 24.124264], [120.694913, 24.123956], [120.694547, 24.124083], [120.694083, 24.123834], [120.693523, 24.123702], [120.693541, 24.123634], [120.693628, 24.123642], [120.694024, 24.123751], [120.693995, 24.123296], [120.693588, 24.122956], [120.693207, 24.123189], [120.693134, 24.123093], [120.692513, 24.122957], [120.692563, 24.12281], [120.692464, 24.122789], [120.692378, 24.123045], [120.692113, 24.12298], [120.69219, 24.122631], [120.69228, 24.122651], [120.692211, 24.122883], [120.692424, 24.123057], [120.69305, 24.123224], [120.6931, 24.123483], [120.692966, 24.123479], [120.692948, 24.123544], [120.692885, 24.123452], [120.69281, 24.123498], [120.692729, 24.123471], [120.692752, 24.123406], [120.692665, 24.123381], [120.692657, 24.123447], [120.692528, 24.123407], [120.69253, 24.123339], [120.692588, 24.123357], [120.692462, 24.123315], [120.692441, 24.123388], [120.692363, 24.123284], [120.692112, 24.123254], [120.692183, 24.123631], [120.692136, 24.123742], [120.691974, 24.123816], [120.692049, 24.123893], [120.691945, 24.123708], [120.691535, 24.123518], [120.691401, 24.123741], [120.691312, 24.123715], [120.691545, 24.123288], [120.692029, 24.123331], [120.691931, 24.12315], [120.691755, 24.123236], [120.69145, 24.122588], [120.691522, 24.122446], [120.691114, 24.122571], [120.691039, 24.122501], [120.691256, 24.122371], [120.690997, 24.122445], [120.690965, 24.122389], [120.690876, 24.122463], [120.691038, 24.122673], [120.690949, 24.122737], [120.690946, 24.122859], [120.691042, 24.122912], [120.691028, 24.122981], [120.691209, 24.123014], [120.691188, 24.12342], [120.691066, 24.123477], [120.690995, 24.123394], [120.69043, 24.123403], [120.690423, 24.124238], [120.690598, 24.124116], [120.691499, 24.123998], [120.691421, 24.123884], [120.690617, 24.124048], [120.690588, 24.123824], [120.69118, 24.123692], [120.691027, 24.123599], [120.690665, 24.123734], [120.690418, 24.123258], [120.690422, 24.122694], [120.690608, 24.122558], [120.690807, 24.122744], [120.690846, 24.122653], [120.690621, 24.122465], [120.690569, 24.122522], [120.690492, 24.122465], [120.690828, 24.122423], [120.690418, 24.122125], [120.690421, 24.121739], [120.689973, 24.121824], [120.689932, 24.121749], [120.690104, 24.122658], [120.690085, 24.123272], [120.68995, 24.123408], [120.689084, 24.123343], [120.689079, 24.123215], [120.689876, 24.123277], [120.689584, 24.123061], [120.689593, 24.122936], [120.689381, 24.122929], [120.689398, 24.122769], [120.689571, 24.122698], [120.689893, 24.122811], [120.689847, 24.122899], [120.689908, 24.122699], [120.689377, 24.12298], [120.689372, 24.123052], [120.689131, 24.123032], [120.689151, 24.122752], [120.689014, 24.122772], [120.689023, 24.122639], [120.68896, 24.123216], [120.68787, 24.123143], [120.687806, 24.123051], [120.68782, 24.12325], [120.687653, 24.123307], [120.687578, 24.123228], [120.68648, 24.123153], [120.686485, 24.123044], [120.687269, 24.123098], [120.687224, 24.122833], [120.687706, 24.122691], [120.687716, 24.122602], [120.687853, 24.122602], [120.687866, 24.122452], [120.687838, 24.122828], [120.688131, 24.122842], [120.688169, 24.122492], [120.688298, 24.122475], [120.688215, 24.122931], [120.688133, 24.122892], [120.688119, 24.122982], [120.688204, 24.123319], [120.688444, 24.1233], [120.688412, 24.123454], [120.688832, 24.123974], [120.688707, 24.124005], [120.688303, 24.123492], [120.688125, 24.123592], [120.688601, 24.12419], [120.688774, 24.124206], [120.688781, 24.124635], [120.688901, 24.124632], [120.688884, 24.124146], [120.68898, 24.124026], [120.689077, 24.123538], [120.688942, 24.123537], [120.688931, 24.123753], [120.688705, 24.123508], [120.68879, 24.123324], [120.688942, 24.123347], [120.688627, 24.12337], [120.688737, 24.12257], [120.688592, 24.122545], [120.688557, 24.122973], [120.688122, 24.123338], [120.68799, 24.123338], [120.688026, 24.123639], [120.688423, 24.124119], [120.688237, 24.12426], [120.68762, 24.123528], [120.687499, 24.123496], [120.686972, 24.123642], [120.686663, 24.123404], [120.686555, 24.123462], [120.687093, 24.123864], [120.687244, 24.123671], [120.687347, 24.123814], [120.687562, 24.123683], [120.687761, 24.123913], [120.687436, 24.12413], [120.68761, 24.12413], [120.687815, 24.123983], [120.687955, 24.12413], [120.687852, 24.124288], [120.688563, 24.12451], [120.689439, 24.124468], [120.689401, 24.124386], [120.690103, 24.124413], [120.690085, 24.12357], [120.689871, 24.123624], [120.689877, 24.123864], [120.689765, 24.123835], [120.689763, 24.123759], [120.689722, 24.124156], [120.689914, 24.124135], [120.689879, 24.12403], [120.690005, 24.123991], [120.689499, 24.123787], [120.689516, 24.123571], [120.689379, 24.123563], [120.689318, 24.124168], [120.689417, 24.12421], [120.689435, 24.124073], [120.689452, 24.12384], [120.689289, 24.124378], [120.689077, 24.124378], [120.688765, 24.12408], [120.689643, 24.124492], [120.690885, 24.123268], [120.690881, 24.123166], [120.691344, 24.123152], [120.69168, 24.123824], [120.69226, 24.12358], [120.692262, 24.12338], [120.692519, 24.12368], [120.692482, 24.124031], [120.692607, 24.124034], [120.6926, 24.123632], [120.692923, 24.123727], [120.692925, 24.123837], [120.693102, 24.124035], [120.692924, 24.124021], [120.692903, 24.1239], [120.693038, 24.123604], [120.693427, 24.123674], [120.693435, 24.123611], [120.693224, 24.12356], [120.693335, 24.123943], [120.692707, 24.124158], [120.692592, 24.124132], [120.692474, 24.122752], [120.695325, 24.123131], [120.696181, 24.123892], [120.696766, 24.124057], [120.696996, 24.124221], [120.697083, 24.124235], [120.697016, 24.124096], [120.697499, 24.124106], [120.697471, 24.124459], [120.697311, 24.124773], [120.696515, 24.124361], [120.696481, 24.12442], [120.696002, 24.124277], [120.696057, 24.124219], [120.696491, 24.124287], [120.696522, 24.124441], [120.696767, 24.124623], [120.697, 24.124695]]}}, {"type": "Feature", "properties": {"district": "6602800", "segment": 47, "total_segments": 47, "km": 8.16, "villages": ["祥興里"]}, "geometry": {"type": "LineString", "coordinates": [[120.688907, 24.120615], [120.68889, 24.120532], [120.688445, 24.120387], [120.68837, 24.120442], [120.688431, 24.120501], [120.688498, 24.120345], [120.688286, 24.120152], [120.687839, 24.120395], [120.68796, 24.120647], [120.686139, 24.12148], [120.685959, 24.121675], [120.685835, 24.121267], [120.685711, 24.121267], [120.68574, 24.121122], [120.685868, 24.12106], [120.685958, 24.121247], [120.686154, 24.121056], [120.686291, 24.12112], [120.686493, 24.121042], [120.686539, 24.120909], [120.686449, 24.120711], [120.686532, 24.120681], [120.686591, 24.120826], [120.686684, 24.120711], [120.686756, 24.1206], [120.686568, 24.1205], [120.686725, 24.120308], [120.687876, 24.119683], [120.687663, 24.119511], [120.687295, 24.119428], [120.687302, 24.119583], [120.687043, 24.119469], [120.686967, 24.119681], [120.687092, 24.119689], [120.687018, 24.119871], [120.687167, 24.119972], [120.687271, 24.119796], [120.687203, 24.11966], [120.687223, 24.119349], [120.686891, 24.119302], [120.686479, 24.119385], [120.686576, 24.119708], [120.686369, 24.120404], [120.686445, 24.120517], [120.686369, 24.120557], [120.686515, 24.120647], [120.686337, 24.120518], [120.686232, 24.120556], [120.686077, 24.120471], [120.685828, 24.120259], [120.685759, 24.120174], [120.685865, 24.120171], [120.685981, 24.120022], [120.685841, 24.119924], [120.685639, 24.120125], [120.685508, 24.120088], [120.685454, 24.119725], [120.685625, 24.119814], [120.6856, 24.119704], [120.685733, 24.119755], [120.685785, 24.11969], [120.685997, 24.119701], [120.685982, 24.119629], [120.6857, 24.11944], [120.68552, 24.119487], [120.685528, 24.11957], [120.685265, 24.119626], [120.685143, 24.119499], [120.685115, 24.119232], [120.685923, 24.119241], [120.68605, 24.119443], [120.686103, 24.119415], [120.685979, 24.11947], [120.686149, 24.119598], [120.686217, 24.119826], [120.686073, 24.119874], [120.686006, 24.119739], [120.68617, 24.120029], [120.68632, 24.120072], [120.686253, 24.120182], [120.686488, 24.119737], [120.686361, 24.119297], [120.686673, 24.11924], [120.686105, 24.118611], [120.68613, 24.118832], [120.685781, 24.118817], [120.685651, 24.118909], [120.685414, 24.118809], [120.684575, 24.118939], [120.684337, 24.118658], [120.684187, 24.118707], [120.684137, 24.118578], [120.684283, 24.118534], [120.684413, 24.118635], [120.684563, 24.118586], [120.684562, 24.118493], [120.684531, 24.118433], [120.684475, 24.11852], [120.684372, 24.118302], [120.684027, 24.118408], [120.684043, 24.118322], [120.684353, 24.118216], [120.684431, 24.118284], [120.684661, 24.118235], [120.684824, 24.118727], [120.683998, 24.118568], [120.683823, 24.117887], [120.683811, 24.118206], [120.684143, 24.118202], [120.684592, 24.118063], [120.684358, 24.117001], [120.68285, 24.117843], [120.6824, 24.117664], [120.682077, 24.117692], [120.68223, 24.117989], [120.682485, 24.11799], [120.682485, 24.117935], [120.68244, 24.118219], [120.682135, 24.118069], [120.681659, 24.118028], [120.681657, 24.118088], [120.68163, 24.117766], [120.681279, 24.117781], [120.681277, 24.117866], [120.6808, 24.117701], [120.680933, 24.117991], [120.680518, 24.1178], [120.679801, 24.11772], [120.679797, 24.117799], [120.681335, 24.118305], [120.682895, 24.118201], [120.684919, 24.119315], [120.68503, 24.11969], [120.685167, 24.119689], [120.685379, 24.120053], [120.685403, 24.119849], [120.685081, 24.119866], [120.685821, 24.121011], [120.685911, 24.120933], [120.685447, 24.120178], [120.686201, 24.120593], [120.686145, 24.120814], [120.686094, 24.12089], [120.686049, 24.120853], [120.686127, 24.120725], [120.685956, 24.120966], [120.686071, 24.121019], [120.686662, 24.12097], [120.687307, 24.120662], [120.68748, 24.120572], [120.687486, 24.120299], [120.687967, 24.120038], [120.687842, 24.119934], [120.687728, 24.119951], [120.687449, 24.120147], [120.687253, 24.120151], [120.687303, 24.120259], [120.687041, 24.120326], [120.686948, 24.12022], [120.68678, 24.120339], [120.686875, 24.120538], [120.686645, 24.120268], [120.686769, 24.119813], [120.686723, 24.12017], [120.686983, 24.120195], [120.687943, 24.119883], [120.688153, 24.120019], [120.687931, 24.120863], [120.688088, 24.120895], [120.688159, 24.121025], [120.688285, 24.121065], [120.688094, 24.12125], [120.688195, 24.121338], [120.687678, 24.121002], [120.687847, 24.120989], [120.687841, 24.120888], [120.687738, 24.12123], [120.687973, 24.121373], [120.687844, 24.121497], [120.687679, 24.121545], [120.687605, 24.121362], [120.687365, 24.121295], [120.687218, 24.121332], [120.687189, 24.121276], [120.687108, 24.121372], [120.687426, 24.12186], [120.687519, 24.121782], [120.687329, 24.121486], [120.687692, 24.121589], [120.68764, 24.121824], [120.687176, 24.121857], [120.68698, 24.121696], [120.686618, 24.122101], [120.686408, 24.121927], [120.686796, 24.121576], [120.686714, 24.121376], [120.686864, 24.121437], [120.686335, 24.121875], [120.687123, 24.122081], [120.686312, 24.123162], [120.687289, 24.123919], [120.685591, 24.119555], [120.685374, 24.119521], [120.685517, 24.118493], [120.685745, 24.118352], [120.686183, 24.118449], [120.686786, 24.118848], [120.687162, 24.119211], [120.687412, 24.119284]]}}]}