{"type": "FeatureCollection", "features": [{"type": "Feature", "properties": {"district": "63000010", "segment": 1, "total_segments": 15, "km": 9.23, "villages": ["三民里", "富錦里"]}, "geometry": {"type": "LineString", "coordinates": [[121.56344, 25.056991], [121.563432, 25.05707], [121.56324, 25.057077], [121.563205, 25.057168], [121.563015, 25.057153], [121.563043, 25.057079], [121.562962, 25.057054], [121.562792, 25.057057], [121.562751, 25.057133], [121.562646, 25.057124], [121.562675, 25.057048], [121.562361, 25.057102], [121.562464, 25.057034], [121.562487, 25.056885], [121.561859, 25.056836], [121.561809, 25.056961], [121.561942, 25.057104], [121.562019, 25.05711], [121.562042, 25.056999], [121.561961, 25.056993], [121.562244, 25.057013], [121.562135, 25.057245], [121.562743, 25.057288], [121.562722, 25.05742], [121.563117, 25.057465], [121.563113, 25.057517], [121.56336, 25.057466], [121.563387, 25.05753], [121.563336, 25.057933], [121.563144, 25.057925], [121.563115, 25.057853], [121.562923, 25.05792], [121.562786, 25.057859], [121.561763, 25.057831], [121.561698, 25.05813], [121.561934, 25.058164], [121.561934, 25.057986], [121.562173, 25.058059], [121.562193, 25.058212], [121.562079, 25.058164], [121.561893, 25.058281], [121.561914, 25.058418], [121.562379, 25.058549], [121.562648, 25.058499], [121.562703, 25.058585], [121.562877, 25.058596], [121.562899, 25.058455], [121.562822, 25.058371], [121.562764, 25.058445], [121.562784, 25.058275], [121.563032, 25.058279], [121.563066, 25.05807], [121.563213, 25.058138], [121.563127, 25.058319], [121.562629, 25.058216], [121.562663, 25.058082], [121.562782, 25.058077], [121.562289, 25.058027], [121.562341, 25.057674], [121.561774, 25.057631], [121.561788, 25.057529], [121.562596, 25.057597], [121.562534, 25.057689], [121.562441, 25.057681], [121.562768, 25.057707], [121.562808, 25.057626], [121.562719, 25.057607], [121.563005, 25.057642], [121.562994, 25.057722], [121.562911, 25.057716], [121.56316, 25.057651], [121.563263, 25.057173], [121.563398, 25.057235], [121.562888, 25.057236], [121.562875, 25.056915], [121.562623, 25.056894], [121.563299, 25.056962], [121.562612, 25.057411], [121.561816, 25.057348], [121.561786, 25.057403], [121.561821, 25.05722], [121.562017, 25.057235], [121.561687, 25.058374], [121.561699, 25.058532], [121.561817, 25.058588], [121.56188, 25.058521], [121.561687, 25.058957], [121.561963, 25.059016], [121.561954, 25.059313], [121.562058, 25.059335], [121.562145, 25.059028], [121.562053, 25.059021], [121.56236, 25.059087], [121.562347, 25.059464], [121.562502, 25.059708], [121.562016, 25.059731], [121.561903, 25.059663], [121.561785, 25.059744], [121.561604, 25.059731], [121.561593, 25.059883], [121.563166, 25.060013], [121.563099, 25.060327], [121.561576, 25.060196], [121.561519, 25.060398], [121.56312, 25.060524], [121.563097, 25.060785], [121.563031, 25.060812], [121.562004, 25.060722], [121.561952, 25.060937], [121.56148, 25.060904], [121.561431, 25.061106], [121.561614, 25.061194], [121.562869, 25.061277], [121.562865, 25.061608], [121.562754, 25.0616], [121.56278, 25.061423], [121.562642, 25.061412], [121.562636, 25.061692], [121.56294, 25.061735], [121.563016, 25.061721], [121.563057, 25.061166], [121.562919, 25.061005], [121.562044, 25.060945], [121.561745, 25.060687], [121.561663, 25.060713], [121.561521, 25.060599], [121.561487, 25.061324], [121.562528, 25.061402], [121.562513, 25.061682], [121.561477, 25.061543], [121.562298, 25.062508], [121.561595, 25.059506], [121.561709, 25.05929], [121.561821, 25.059285], [121.561809, 25.059393], [121.561606, 25.059214], [121.561622, 25.059101], [121.562587, 25.059058], [121.562908, 25.059288], [121.563828, 25.059327], [121.563938, 25.059177], [121.563928, 25.059369], [121.564156, 25.059385], [121.564133, 25.059577], [121.564214, 25.059583], [121.563891, 25.059477], [121.564195, 25.059223], [121.564475, 25.059403], [121.564459, 25.059467], [121.564537, 25.059231], [121.564783, 25.059315], [121.564761, 25.059582], [121.564885, 25.05967], [121.565729, 25.059711], [121.565536, 25.060369], [121.565202, 25.060344], [121.565263, 25.06007], [121.565357, 25.060075], [121.565385, 25.059841], [121.565282, 25.059832], [121.565266, 25.059902], [121.564872, 25.05987], [121.564867, 25.059981], [121.565183, 25.060017], [121.564724, 25.059937], [121.564746, 25.059764], [121.564355, 25.059814], [121.564351, 25.059934], [121.564458, 25.059964], [121.564109, 25.059797], [121.564139, 25.060279], [121.563433, 25.060257], [121.563424, 25.060426], [121.563484, 25.060441], [121.564089, 25.060471], [121.564222, 25.060315], [121.56458, 25.060343], [121.565154, 25.060714], [121.56513, 25.060847], [121.565323, 25.060864], [121.565282, 25.060989], [121.564883, 25.060959], [121.564882, 25.060827], [121.565035, 25.06084], [121.564884, 25.060675], [121.564697, 25.060572], [121.564201, 25.060518], [121.564183, 25.060673], [121.564641, 25.060743], [121.564643, 25.060923], [121.563398, 25.060871], [121.563413, 25.060619], [121.56408, 25.060665], [121.564081, 25.061119], [121.565191, 25.061206], [121.565069, 25.061399], [121.565053, 25.06153], [121.565121, 25.061535], [121.564246, 25.061474], [121.564165, 25.061404], [121.563604, 25.061429], [121.56334, 25.061342], [121.563366, 25.061066], [121.564, 25.061113], [121.56438, 25.061349], [121.564915, 25.061388], [121.564901, 25.061682], [121.564593, 25.061657], [121.564572, 25.061933], [121.565077, 25.061975], [121.5651, 25.061746], [121.564992, 25.061689], [121.564902, 25.062118], [121.563995, 25.062027], [121.56329, 25.06206], [121.56328, 25.062164], [121.563416, 25.062226], [121.563992, 25.062319], [121.563971, 25.06248], [121.563282, 25.062355], [121.563281, 25.062528], [121.563474, 25.062559], [121.563475, 25.062492], [121.563359, 25.062476], [121.563346, 25.062698], [121.56426, 25.062825], [121.564289, 25.062684], [121.564446, 25.062706], [121.564421, 25.062847], [121.56498, 25.062923], [121.564992, 25.062619], [121.564697, 25.062574], [121.564627, 25.062792], [121.564485, 25.062535], [121.564051, 25.062493], [121.56417, 25.062369], [121.565038, 25.062425], [121.565063, 25.062135], [121.564216, 25.062674], [121.563257, 25.062687], [121.563539, 25.061651], [121.565382, 25.060768], [121.565445, 25.059194]]}}, {"type": "Feature", "properties": {"district": "63000010", "segment": 2, "total_segments": 15, "km": 14.98, "villages": ["莊敬里", "新益里"]}, "geometry": {"type": "LineString", "coordinates": [[121.564947, 25.063259], [121.565167, 25.063291], [121.56515, 25.063498], [121.564924, 25.063404], [121.564908, 25.06361], [121.565033, 25.06363], [121.565731, 25.06369], [121.565781, 25.063388], [121.565336, 25.063316], [121.565308, 25.063455], [121.5653, 25.063519], [121.565589, 25.063494], [121.565534, 25.063857], [121.565701, 25.063902], [121.56568, 25.064015], [121.565519, 25.06401], [121.565517, 25.064074], [121.565667, 25.064121], [121.56565, 25.064219], [121.564813, 25.064131], [121.564795, 25.06427], [121.565625, 25.064429], [121.56556, 25.064662], [121.565309, 25.064628], [121.56535, 25.064556], [121.565277, 25.064517], [121.564805, 25.06445], [121.564723, 25.064666], [121.564831, 25.064682], [121.564848, 25.064616], [121.565058, 25.064716], [121.565088, 25.064651], [121.565031, 25.064643], [121.565211, 25.064668], [121.565145, 25.064729], [121.565217, 25.064827], [121.565525, 25.064858], [121.565495, 25.064983], [121.564688, 25.064864], [121.564708, 25.065021], [121.564781, 25.065035], [121.564769, 25.065107], [121.564696, 25.065092], [121.564717, 25.06519], [121.564928, 25.065218], [121.564918, 25.065062], [121.565105, 25.065311], [121.565442, 25.065355], [121.565487, 25.065105], [121.56534, 25.065118], [121.565349, 25.065179], [121.565249, 25.065166], [121.565273, 25.065113], [121.565132, 25.06515], [121.565102, 25.065466], [121.565292, 25.065518], [121.565269, 25.065802], [121.564601, 25.065667], [121.56458, 25.065434], [121.564916, 25.065441], [121.564911, 25.06565], [121.56503, 25.065667], [121.565043, 25.065551], [121.565012, 25.06545], [121.564687, 25.065476], [121.564596, 25.065968], [121.564384, 25.065772], [121.564643, 25.06518], [121.563951, 25.065005], [121.564019, 25.064818], [121.564285, 25.064879], [121.564324, 25.064769], [121.564052, 25.064702], [121.564099, 25.064522], [121.56438, 25.064589], [121.564863, 25.063923], [121.565413, 25.063995], [121.565437, 25.064063], [121.565415, 25.063839], [121.564861, 25.063756], [121.564279, 25.063275], [121.566779, 25.063558], [121.566687, 25.063876], [121.566032, 25.063789], [121.566037, 25.064146], [121.56612, 25.064158], [121.566133, 25.064004], [121.566234, 25.064019], [121.566267, 25.064278], [121.566455, 25.0643], [121.566452, 25.064051], [121.566355, 25.064037], [121.566645, 25.064078], [121.566496, 25.064514], [121.565941, 25.064431], [121.565909, 25.064626], [121.565903, 25.064722], [121.566554, 25.06481], [121.566564, 25.064714], [121.566016, 25.06464], [121.565949, 25.064904], [121.566535, 25.064986], [121.566483, 25.065135], [121.566536, 25.065154], [121.567734, 25.065302], [121.567611, 25.06565], [121.56581, 25.065406], [121.565801, 25.06512], [121.565927, 25.065045], [121.566409, 25.065122], [121.566378, 25.065341], [121.566682, 25.065384], [121.566733, 25.065308], [121.56692, 25.065337], [121.566892, 25.065412], [121.5668, 25.065399], [121.567096, 25.06544], [121.567126, 25.065364], [121.567036, 25.065352], [121.56732, 25.065386], [121.567229, 25.065458], [121.567513, 25.0655], [121.567529, 25.065411], [121.567454, 25.065402], [121.567379, 25.065769], [121.56759, 25.065795], [121.567549, 25.06602], [121.567622, 25.066027], [121.567524, 25.066153], [121.565708, 25.065908], [121.565745, 25.065686], [121.565861, 25.065702], [121.565848, 25.06578], [121.566074, 25.06573], [121.566065, 25.065811], [121.566163, 25.065826], [121.566175, 25.065744], [121.566285, 25.065759], [121.566271, 25.06584], [121.566372, 25.065855], [121.566384, 25.065773], [121.566498, 25.065789], [121.566482, 25.06587], [121.566806, 25.065832], [121.566789, 25.065913], [121.566693, 25.065898], [121.566915, 25.065927], [121.566921, 25.065848], [121.567021, 25.065862], [121.567009, 25.065943], [121.567208, 25.06597], [121.567227, 25.065891], [121.567133, 25.065878], [121.567159, 25.065737], [121.567249, 25.06575], [121.567433, 25.06591], [121.567418, 25.066001], [121.567042, 25.06572], [121.56543, 25.065534], [121.565483, 25.066423], [121.56535, 25.066654], [121.565828, 25.066987], [121.565837, 25.067341], [121.565934, 25.067349], [121.565974, 25.067106], [121.565846, 25.067514], [121.564994, 25.067164], [121.566605, 25.067177], [121.566801, 25.066819], [121.567159, 25.066891], [121.566934, 25.067053], [121.566672, 25.066746], [121.566979, 25.066505], [121.567127, 25.066512], [121.567134, 25.066573], [121.567118, 25.066412], [121.566746, 25.066423], [121.566256, 25.065324], [121.565953, 25.065281], [121.565864, 25.064892], [121.565443, 25.06457], [121.56597, 25.064228], [121.566174, 25.064258], [121.566591, 25.064523], [121.567578, 25.064835], [121.567743, 25.064667], [121.567868, 25.063926], [121.567482, 25.063599], [121.566544, 25.067758], [121.568536, 25.069593], [121.568243, 25.070177], [121.564742, 25.070775], [121.560088, 25.070982], [121.558704, 25.070829], [121.557484, 25.071257], [121.556302, 25.072558], [121.555437, 25.07259], [121.555352, 25.072655], [121.554764, 25.072614], [121.553427, 25.072147], [121.55302, 25.072569], [121.551928, 25.072592], [121.551116, 25.071987], [121.55034, 25.071977], [121.565088, 25.062908], [121.565674, 25.063026], [121.565694, 25.062833], [121.56592, 25.062805], [121.565992, 25.06249], [121.565883, 25.062397], [121.565727, 25.062395], [121.565736, 25.062299], [121.566043, 25.062342], [121.566076, 25.062178], [121.565336, 25.062068], [121.565338, 25.061918], [121.56525, 25.061867], [121.565265, 25.061756], [121.565759, 25.061798], [121.565798, 25.061698], [121.565989, 25.061731], [121.566048, 25.061658], [121.56622, 25.061757], [121.566057, 25.062024], [121.565453, 25.061934], [121.565421, 25.06225], [121.565606, 25.062279], [121.565618, 25.062381], [121.565235, 25.062322], [121.565228, 25.062185], [121.565312, 25.062226], [121.565231, 25.062485], [121.565782, 25.062543], [121.565581, 25.062882], [121.565459, 25.062865], [121.56554, 25.062674], [121.565127, 25.062658], [121.565892, 25.062938], [121.565852, 25.063049], [121.567176, 25.063198], [121.567163, 25.062933], [121.56631, 25.062801], [121.566326, 25.062645], [121.567033, 25.062745], [121.567016, 25.062497], [121.566945, 25.062452], [121.566388, 25.062373], [121.566417, 25.062239], [121.566864, 25.062285], [121.566668, 25.062039], [121.566488, 25.061969], [121.566459, 25.062069], [121.566141, 25.062036], [121.565883, 25.061816], [121.565958, 25.061579], [121.565788, 25.06146], [121.565673, 25.06144], [121.565592, 25.061639], [121.565484, 25.061608], [121.565521, 25.061508], [121.565334, 25.061456], [121.565282, 25.061602], [121.565425, 25.061265], [121.565578, 25.061316], [121.565745, 25.061155], [121.566255, 25.061528], [121.566382, 25.061414], [121.566016, 25.061106], [121.565585, 25.06091], [121.565557, 25.061052], [121.566597, 25.061621], [121.566594, 25.061728], [121.566856, 25.061844], [121.566943, 25.061703], [121.566718, 25.061574], [121.567082, 25.06203], [121.567569, 25.062138], [121.567493, 25.062366], [121.567184, 25.062268], [121.567291, 25.062497], [121.567793, 25.062568], [121.567687, 25.062393], [121.567592, 25.06238], [121.567511, 25.062787], [121.567347, 25.062806], [121.567395, 25.063032], [121.567481, 25.062955], [121.567761, 25.062993], [121.56771, 25.063269], [121.56741, 25.063179], [121.567626, 25.062802], [121.567799, 25.062825], [121.568186, 25.061938], [121.568285, 25.061927], [121.568103, 25.061873], [121.567142, 25.06106], [121.567088, 25.061086], [121.567291, 25.060934], [121.567706, 25.061213], [121.567789, 25.061243], [121.567896, 25.061163], [121.568326, 25.061467], [121.568202, 25.061563], [121.567974, 25.06139], [121.567844, 25.061112], [121.5673, 25.060664], [121.567487, 25.060463], [121.568416, 25.061181], [121.568415, 25.061299], [121.5685, 25.060925], [121.568362, 25.060902], [121.567656, 25.0603], [121.567812, 25.06015], [121.568445, 25.060619], [121.568522, 25.060795], [121.568572, 25.060487], [121.568519, 25.060457], [121.568589, 25.060407], [121.56851, 25.060106], [121.5681, 25.059813], [121.567914, 25.060015], [121.568423, 25.060388], [121.568667, 25.059911], [121.568281, 25.059715], [121.568306, 25.059598], [121.568709, 25.059671]]}}, {"type": "Feature", "properties": {"district": "63000010", "segment": 3, "total_segments": 15, "km": 10.03, "villages": ["新益里", "富泰里", "新東里"]}, "geometry": {"type": "LineString", "coordinates": [[121.568727, 25.059404], [121.568554, 25.059402], [121.568388, 25.059516], [121.568686, 25.059801], [121.567101, 25.060889], [121.568333, 25.061663], [121.565839, 25.05889], [121.565859, 25.058522], [121.565332, 25.058488], [121.565315, 25.058624], [121.565603, 25.058648], [121.565584, 25.058903], [121.565098, 25.058868], [121.564688, 25.058701], [121.564702, 25.058537], [121.564795, 25.058543], [121.564826, 25.058689], [121.565021, 25.058601], [121.565034, 25.058224], [121.56482, 25.058227], [121.564818, 25.058293], [121.564736, 25.058224], [121.564715, 25.058423], [121.564879, 25.058413], [121.564889, 25.058305], [121.565197, 25.05838], [121.56532, 25.058233], [121.565901, 25.05827], [121.5659, 25.058132], [121.564885, 25.058057], [121.5649, 25.057886], [121.565914, 25.057966], [121.565946, 25.057797], [121.56594, 25.05767], [121.56492, 25.057599], [121.564961, 25.057458], [121.565923, 25.05754], [121.565941, 25.057392], [121.56595, 25.057309], [121.565705, 25.057373], [121.565719, 25.057291], [121.565569, 25.05728], [121.565568, 25.057361], [121.565335, 25.057263], [121.565325, 25.057343], [121.565101, 25.057242], [121.565082, 25.057324], [121.564977, 25.057314], [121.564982, 25.057083], [121.56597, 25.057162], [121.565821, 25.057843], [121.564908, 25.057768], [121.564637, 25.058041], [121.564224, 25.058002], [121.564161, 25.057897], [121.564117, 25.057989], [121.563672, 25.057926], [121.563652, 25.05781], [121.563815, 25.05785], [121.56384, 25.057727], [121.564123, 25.057789], [121.564181, 25.057584], [121.563708, 25.057546], [121.563735, 25.057363], [121.564689, 25.057442], [121.564683, 25.057583], [121.564281, 25.057544], [121.564306, 25.0572], [121.563746, 25.057152], [121.563759, 25.056992], [121.56476, 25.057075], [121.564701, 25.057248], [121.564404, 25.05721], [121.564735, 25.057588], [121.56458, 25.058214], [121.564508, 25.058264], [121.564577, 25.058267], [121.564571, 25.058412], [121.564469, 25.058407], [121.564572, 25.05853], [121.564536, 25.058722], [121.564153, 25.05869], [121.564347, 25.058401], [121.564371, 25.058195], [121.564441, 25.058203], [121.564273, 25.058269], [121.564119, 25.058496], [121.564237, 25.058195], [121.563838, 25.058148], [121.563745, 25.058194], [121.563746, 25.05841], [121.563927, 25.058586], [121.563909, 25.058679], [121.56395, 25.058247], [121.563895, 25.058253], [121.565659, 25.058914], [121.566066, 25.058936], [121.566898, 25.059003], [121.567114, 25.058924], [121.567283, 25.05902], [121.56806, 25.059078], [121.568079, 25.058893], [121.567307, 25.058828], [121.567314, 25.058721], [121.568092, 25.058788], [121.568119, 25.058592], [121.566163, 25.05844], [121.566229, 25.058287], [121.566127, 25.058236], [121.566141, 25.058093], [121.566254, 25.058099], [121.566263, 25.057995], [121.566158, 25.057956], [121.566166, 25.057845], [121.567072, 25.057873], [121.567202, 25.057914], [121.567191, 25.058027], [121.567054, 25.058056], [121.567047, 25.058163], [121.566829, 25.058143], [121.566839, 25.058042], [121.566917, 25.058047], [121.56662, 25.058023], [121.566609, 25.058124], [121.566695, 25.058132], [121.566682, 25.058321], [121.56638, 25.058298], [121.5664, 25.058115], [121.566469, 25.058119], [121.56648, 25.058012], [121.566408, 25.058007], [121.566466, 25.057665], [121.56719, 25.057669], [121.567237, 25.057264], [121.566262, 25.057191], [121.566246, 25.057379], [121.566355, 25.057387], [121.566337, 25.057478], [121.566197, 25.057491], [121.566185, 25.05761], [121.566304, 25.057652], [121.566489, 25.05748], [121.566723, 25.0575], [121.56679, 25.057413], [121.566845, 25.057511], [121.567006, 25.057441], [121.56701, 25.057526], [121.566459, 25.057395], [121.567354, 25.057943], [121.567423, 25.057888], [121.567328, 25.058313], [121.567442, 25.058386], [121.56884, 25.058446], [121.568775, 25.058281], [121.568456, 25.058284], [121.568446, 25.05806], [121.568049, 25.05797], [121.567908, 25.058123], [121.567821, 25.058116], [121.567801, 25.058218], [121.568124, 25.058242], [121.567915, 25.057957], [121.567622, 25.057911], [121.567604, 25.058105], [121.567684, 25.05811], [121.567675, 25.058212], [121.567167, 25.058224], [121.567034, 25.058349], [121.566808, 25.058332], [121.566768, 25.058675], [121.566929, 25.058689], [121.566919, 25.05882], [121.566095, 25.058792], [121.566129, 25.058631], [121.567133, 25.058679], [121.567261, 25.059301], [121.568091, 25.059363], [121.568024, 25.059471], [121.567669, 25.05947], [121.56758, 25.059656], [121.567804, 25.059707], [121.567896, 25.05964], [121.567952, 25.059571], [121.567273, 25.059645], [121.567233, 25.059551], [121.567353, 25.059457], [121.567058, 25.059383], [121.567063, 25.059318], [121.566092, 25.05922], [121.566015, 25.059553], [121.566981, 25.05963], [121.567006, 25.059558], [121.566851, 25.05935], [121.567329, 25.059828], [121.569126, 25.059999], [121.56942, 25.058156], [121.569533, 25.058204], [121.569523, 25.057582], [121.569636, 25.057444], [121.569573, 25.057293], [121.569979, 25.055321], [121.570414, 25.052537], [121.570527, 25.051953], [121.570725, 25.051686], [121.568955, 25.057411], [121.568418, 25.057361], [121.568333, 25.057419], [121.568738, 25.057574], [121.568688, 25.057679], [121.568876, 25.057703], [121.568864, 25.057586], [121.569043, 25.057565], [121.569057, 25.057451], [121.568995, 25.057796], [121.568857, 25.057865], [121.568566, 25.057835], [121.568586, 25.057669], [121.56876, 25.058015], [121.568958, 25.058031], [121.568938, 25.058203], [121.568537, 25.058068], [121.567992, 25.057365], [121.569116, 25.060075], [121.568715, 25.062202]]}}, {"type": "Feature", "properties": {"district": "63000010", "segment": 4, "total_segments": 15, "km": 13.48, "villages": ["鵬程里", "安平里"]}, "geometry": {"type": "LineString", "coordinates": [[121.56908, 25.057229], [121.569145, 25.057145], [121.569025, 25.057223], [121.568832, 25.057199], [121.568771, 25.05708], [121.568487, 25.057129], [121.56855, 25.057012], [121.568325, 25.057033], [121.568337, 25.056936], [121.568022, 25.056665], [121.567901, 25.056657], [121.567779, 25.056837], [121.568078, 25.057102], [121.568249, 25.057117], [121.568613, 25.056706], [121.568524, 25.056659], [121.568675, 25.056203], [121.568424, 25.056262], [121.56749, 25.056184], [121.567351, 25.056107], [121.567326, 25.056416], [121.56763, 25.056442], [121.567619, 25.056627], [121.567389, 25.056572], [121.567254, 25.056629], [121.567237, 25.057032], [121.567585, 25.057102], [121.567568, 25.056802], [121.566997, 25.056399], [121.567039, 25.056063], [121.566595, 25.056118], [121.565834, 25.056048], [121.565595, 25.055949], [121.56556, 25.056143], [121.565709, 25.056335], [121.566818, 25.056402], [121.56695, 25.05585], [121.567099, 25.055571], [121.567341, 25.055712], [121.567447, 25.055636], [121.567589, 25.055744], [121.567579, 25.055824], [121.567394, 25.05589], [121.567326, 25.055854], [121.567666, 25.05596], [121.567941, 25.055975], [121.568063, 25.055908], [121.56833, 25.055996], [121.568009, 25.055687], [121.567674, 25.055655], [121.56772, 25.055378], [121.568417, 25.055466], [121.568383, 25.055327], [121.568506, 25.055133], [121.567553, 25.055095], [121.567373, 25.055009], [121.567368, 25.054853], [121.567591, 25.05479], [121.568469, 25.054917], [121.568529, 25.054551], [121.567391, 25.054523], [121.567402, 25.054726], [121.566908, 25.054793], [121.566312, 25.054763], [121.566092, 25.05463], [121.565782, 25.054725], [121.565846, 25.054432], [121.566963, 25.054486], [121.567381, 25.05519], [121.567352, 25.055388], [121.567608, 25.055371], [121.568236, 25.055696], [121.568983, 25.055494], [121.569252, 25.055515], [121.569258, 25.055458], [121.568996, 25.055437], [121.569017, 25.055335], [121.569457, 25.055366], [121.56931, 25.055463], [121.569347, 25.055663], [121.56916, 25.055649], [121.569215, 25.055602], [121.569132, 25.055729], [121.56929, 25.055808], [121.56924, 25.05574], [121.569214, 25.055874], [121.569048, 25.055853], [121.569149, 25.055969], [121.569252, 25.055884], [121.569377, 25.055898], [121.569324, 25.056192], [121.568988, 25.056122], [121.568951, 25.056275], [121.569019, 25.056428], [121.568876, 25.056501], [121.5689, 25.056687], [121.568828, 25.056722], [121.56882, 25.056799], [121.568987, 25.056691], [121.569206, 25.056724], [121.569183, 25.056864], [121.569501, 25.055205], [121.569046, 25.055145], [121.569112, 25.055086], [121.569458, 25.055121], [121.569505, 25.054999], [121.569205, 25.054977], [121.569237, 25.054912], [121.569526, 25.054938], [121.569555, 25.054878], [121.569559, 25.054792], [121.569116, 25.054742], [121.569149, 25.054618], [121.569477, 25.054637], [121.569544, 25.054709], [121.569545, 25.054642], [121.569084, 25.054957], [121.569092, 25.055263], [121.569025, 25.055263], [121.569392, 25.055273], [121.568859, 25.054602], [121.565971, 25.056954], [121.565844, 25.056943], [121.565987, 25.054072], [121.565602, 25.054054], [121.565651, 25.053893], [121.566107, 25.053913], [121.566111, 25.053762], [121.566005, 25.053765], [121.566092, 25.053653], [121.566101, 25.053443], [121.565601, 25.053434], [121.565517, 25.053458], [121.565508, 25.05359], [121.565422, 25.05359], [121.565393, 25.053461], [121.565274, 25.053463], [121.565212, 25.05377], [121.56455, 25.05379], [121.564523, 25.053653], [121.564454, 25.053654], [121.565065, 25.053644], [121.565057, 25.053454], [121.564531, 25.053482], [121.564414, 25.053461], [121.564406, 25.053332], [121.563995, 25.053281], [121.563993, 25.053362], [121.564382, 25.053112], [121.564529, 25.053182], [121.5645, 25.053331], [121.565068, 25.053337], [121.565049, 25.052763], [121.565205, 25.052799], [121.565179, 25.052707], [121.565241, 25.053015], [121.566105, 25.052977], [121.566078, 25.05316], [121.56536, 25.053171], [121.565362, 25.053328], [121.567165, 25.053329], [121.567563, 25.053252], [121.567581, 25.053149], [121.566319, 25.053122], [121.566315, 25.053443], [121.567232, 25.053415], [121.567419, 25.053434], [121.567441, 25.053555], [121.566297, 25.05361], [121.566339, 25.053695], [121.567135, 25.053683], [121.567642, 25.053838], [121.568321, 25.05386], [121.568298, 25.053999], [121.568058, 25.054013], [121.568066, 25.054212], [121.567452, 25.054111], [121.566086, 25.054077], [121.565807, 25.053777], [121.56559, 25.05367], [121.565379, 25.054073], [121.564506, 25.054032], [121.565187, 25.053325], [121.564896, 25.053026], [121.564688, 25.053031], [121.564797, 25.052829], [121.564902, 25.052827], [121.564902, 25.052885], [121.564285, 25.052861], [121.564268, 25.052577], [121.563967, 25.052557], [121.563936, 25.052168], [121.564032, 25.05209], [121.56515, 25.052084], [121.565176, 25.052347], [121.564116, 25.052372], [121.564359, 25.052574], [121.566021, 25.052481], [121.566096, 25.052502], [121.566105, 25.05285], [121.566262, 25.052808], [121.566253, 25.052469], [121.566327, 25.052628], [121.566386, 25.052627], [121.566378, 25.052502], [121.567702, 25.052465], [121.568014, 25.05263], [121.568091, 25.052445], [121.569275, 25.052478], [121.569837, 25.052382], [121.569814, 25.052267], [121.569398, 25.052279], [121.569441, 25.052182], [121.569261, 25.052311], [121.568164, 25.052261], [121.568274, 25.051961], [121.568424, 25.051968], [121.568496, 25.051871], [121.568674, 25.051834], [121.568851, 25.051832], [121.568844, 25.051946], [121.56914, 25.051948], [121.569253, 25.052056], [121.56942, 25.051949], [121.56952, 25.052011], [121.569583, 25.05194], [121.569826, 25.051929], [121.569813, 25.051825], [121.569392, 25.051845], [121.569373, 25.051566], [121.569431, 25.0515], [121.570044, 25.051492], [121.570118, 25.051926], [121.570058, 25.052214], [121.569915, 25.052229], [121.570012, 25.052437], [121.569963, 25.052701], [121.569384, 25.052663], [121.569244, 25.052766], [121.567974, 25.052808], [121.567985, 25.052943], [121.569216, 25.052927], [121.569167, 25.053097], [121.568763, 25.053062], [121.568737, 25.053248], [121.569155, 25.053243], [121.569148, 25.053462], [121.568738, 25.053443], [121.56872, 25.05362], [121.569121, 25.053635], [121.569071, 25.053883], [121.568684, 25.053866], [121.568472, 25.054074], [121.568367, 25.054003], [121.568345, 25.054207], [121.56818, 25.054206], [121.56857, 25.054281], [121.568448, 25.053733], [121.568301, 25.053622], [121.56784, 25.053599], [121.56761, 25.053713], [121.567756, 25.053386], [121.568509, 25.053412], [121.56846, 25.053197], [121.568545, 25.053131], [121.56796, 25.053203], [121.56791, 25.052947], [121.567704, 25.052904], [121.567666, 25.052986], [121.566966, 25.052917], [121.566967, 25.053016], [121.566273, 25.052904], [121.566327, 25.052693], [121.566545, 25.052782], [121.567168, 25.052778], [121.567029, 25.052707], [121.567756, 25.052724], [121.567241, 25.052254], [121.566253, 25.052363], [121.566238, 25.051562], [121.568061, 25.051541], [121.568058, 25.051619], [121.568145, 25.051512], [121.56841, 25.051584], [121.568476, 25.05152], [121.569211, 25.05151], [121.568796, 25.051947], [121.568318, 25.051828], [121.568392, 25.051665], [121.568035, 25.051846], [121.567334, 25.051866], [121.567213, 25.052012], [121.567021, 25.052076], [121.566425, 25.052034], [121.566425, 25.051899], [121.567124, 25.051854], [121.566077, 25.05188], [121.566032, 25.051569], [121.565376, 25.051581], [121.565392, 25.051915], [121.565174, 25.051879], [121.565348, 25.052074], [121.565883, 25.05202], [121.565875, 25.051864], [121.565452, 25.051914], [121.565029, 25.05162], [121.564007, 25.051608], [121.56398, 25.051942], [121.564473, 25.051933], [121.563964, 25.052862], [121.565873, 25.052819], [121.565883, 25.052373], [121.565391, 25.052381], [121.566093, 25.052338], [121.566084, 25.052023], [121.566298, 25.053723], [121.56976, 25.052993]]}}, {"type": "Feature", "properties": {"district": "63000010", "segment": 5, "total_segments": 15, "km": 13.85, "villages": ["慈祐里", "新聚里"]}, "geometry": {"type": "LineString", "coordinates": [[121.571001, 25.051287], [121.571006, 25.051211], [121.571092, 25.051295], [121.571338, 25.050875], [121.572436, 25.050163], [121.573886, 25.050544], [121.574508, 25.050444], [121.576323, 25.050765], [121.576389, 25.050888], [121.576743, 25.05107], [121.576729, 25.05134], [121.576981, 25.051336], [121.577416, 25.051488], [121.577509, 25.05099], [121.576799, 25.050879], [121.576813, 25.050708], [121.577525, 25.050822], [121.577577, 25.050239], [121.576208, 25.050194], [121.576002, 25.05036], [121.576035, 25.050545], [121.576663, 25.050681], [121.576747, 25.050287], [121.576846, 25.050526], [121.577261, 25.050568], [121.577421, 25.050744], [121.577404, 25.050408], [121.577111, 25.05043], [121.576917, 25.050659], [121.576298, 25.050411], [121.575871, 25.050516], [121.574575, 25.050312], [121.574539, 25.050151], [121.573452, 25.050129], [121.573425, 25.050278], [121.574071, 25.05036], [121.574428, 25.050312], [121.574623, 25.05015], [121.575865, 25.050187], [121.575842, 25.049848], [121.574491, 25.049831], [121.574493, 25.049577], [121.573791, 25.049582], [121.573611, 25.049605], [121.573605, 25.049819], [121.574178, 25.04982], [121.573773, 25.050255], [121.573752, 25.050694], [121.572983, 25.050664], [121.57291, 25.05056], [121.572646, 25.050535], [121.572629, 25.050629], [121.572732, 25.050704], [121.572516, 25.050729], [121.57257, 25.050616], [121.572426, 25.050469], [121.572265, 25.050718], [121.571917, 25.050809], [121.571552, 25.050325], [121.571891, 25.050003], [121.571741, 25.049703], [121.571157, 25.049517], [121.571113, 25.049672], [121.570972, 25.04976], [121.570938, 25.049573], [121.570825, 25.049723], [121.570534, 25.049724], [121.57013, 25.049599], [121.5702, 25.049526], [121.570029, 25.049559], [121.569679, 25.049398], [121.569924, 25.049756], [121.5705, 25.049946], [121.570635, 25.050079], [121.570499, 25.050344], [121.570392, 25.050279], [121.570434, 25.050187], [121.570261, 25.05046], [121.57026, 25.050017], [121.569993, 25.050005], [121.570711, 25.050052], [121.571124, 25.049999], [121.57117, 25.050257], [121.570933, 25.050387], [121.570899, 25.050747], [121.57149, 25.050368], [121.571356, 25.050332], [121.570682, 25.049518], [121.570486, 25.049501], [121.572391, 25.049634], [121.572437, 25.049798], [121.572704, 25.049788], [121.572705, 25.049721], [121.572725, 25.049803], [121.572791, 25.049737], [121.572753, 25.049811], [121.572869, 25.049806], [121.572793, 25.050142], [121.57336, 25.050268], [121.573069, 25.050616], [121.572784, 25.050708], [121.57328, 25.049814], [121.573478, 25.049817], [121.574352, 25.050809], [121.57417, 25.050773], [121.574534, 25.050694], [121.57462, 25.050855], [121.575105, 25.050983], [121.575175, 25.050924], [121.576178, 25.051218], [121.577717, 25.051058], [121.577937, 25.051196], [121.578568, 25.051289], [121.579212, 25.051501], [121.579472, 25.051792], [121.579807, 25.051927], [121.579811, 25.052009], [121.579738, 25.051975], [121.579642, 25.05165], [121.579481, 25.051544], [121.579786, 25.051574], [121.579334, 25.051921], [121.578283, 25.051687], [121.578247, 25.051566], [121.57802, 25.051554], [121.577949, 25.051419], [121.577972, 25.051337], [121.578241, 25.051369], [121.578965, 25.051656], [121.578926, 25.051753], [121.57911, 25.051717], [121.579269, 25.051205], [121.579295, 25.050181], [121.578733, 25.050058], [121.578755, 25.0496], [121.579655, 25.049672], [121.577881, 25.050521], [121.577251, 25.049863], [121.57653, 25.049901], [121.576338, 25.049746], [121.576283, 25.049869], [121.576378, 25.049871], [121.576115, 25.049863], [121.576092, 25.04979], [121.576094, 25.049685], [121.576341, 25.0497], [121.576331, 25.049533], [121.577311, 25.049668], [121.576193, 25.049512], [121.575083, 25.049675], [121.575015, 25.049744], [121.575203, 25.050365], [121.57004, 25.051052], [121.569217, 25.051079], [121.569202, 25.050978], [121.568788, 25.051085], [121.568615, 25.050995], [121.568736, 25.050746], [121.568846, 25.05077], [121.568832, 25.050432], [121.568608, 25.050365], [121.568537, 25.050581], [121.568281, 25.050602], [121.568676, 25.049426], [121.568765, 25.049491], [121.568838, 25.049446], [121.568809, 25.04953], [121.568755, 25.049518], [121.56895, 25.049462], [121.568842, 25.049767], [121.56905, 25.04983], [121.56913, 25.049589], [121.569251, 25.049637], [121.569602, 25.050228], [121.569472, 25.05029], [121.569589, 25.050428], [121.569428, 25.050503], [121.569548, 25.050616], [121.569773, 25.050498], [121.569661, 25.050332], [121.570004, 25.050882], [121.569747, 25.051284], [121.568835, 25.051298], [121.56829, 25.051094], [121.567159, 25.051136], [121.567119, 25.051056], [121.567087, 25.051135], [121.566945, 25.05114], [121.566944, 25.051061], [121.56691, 25.05114], [121.566471, 25.051151], [121.566471, 25.051079], [121.56643, 25.051151], [121.566055, 25.051094], [121.565948, 25.051165], [121.565729, 25.051143], [121.565731, 25.051082], [121.565629, 25.051118], [121.565682, 25.051176], [121.565803, 25.050944], [121.56575, 25.050264], [121.565786, 25.050198], [121.565992, 25.050218], [121.566067, 25.049771], [121.566047, 25.049695], [121.565815, 25.049662], [121.56576, 25.049976], [121.565861, 25.050043], [121.565552, 25.050179], [121.565544, 25.05063], [121.564892, 25.050679], [121.564894, 25.050824], [121.565272, 25.050879], [121.565279, 25.051059], [121.565147, 25.051182], [121.564105, 25.051205], [121.564462, 25.05034], [121.56466, 25.050497], [121.564686, 25.050621], [121.565569, 25.050035], [121.56561, 25.049487], [121.566833, 25.04955], [121.566777, 25.049756], [121.567356, 25.049827], [121.567332, 25.050003], [121.568093, 25.049971], [121.56811, 25.04988], [121.567362, 25.049785], [121.567362, 25.049618], [121.56839, 25.049765], [121.568525, 25.049424], [121.564927, 25.049023], [121.564929, 25.049281], [121.565175, 25.049307], [121.565091, 25.049396], [121.564796, 25.049433], [121.565209, 25.049422], [121.565319, 25.049483], [121.56534, 25.049302], [121.565254, 25.049769], [121.566145, 25.049339], [121.566174, 25.04892], [121.568921, 25.049214], [121.569027, 25.04989], [121.568905, 25.050211], [121.568989, 25.050235], [121.569013, 25.050182], [121.568707, 25.050083], [121.568749, 25.049948], [121.568652, 25.050239], [121.568238, 25.050128], [121.567393, 25.050144], [121.56749, 25.050309], [121.568097, 25.050294], [121.568131, 25.050607], [121.567367, 25.050593], [121.567342, 25.050373], [121.567139, 25.050362], [121.567136, 25.050308], [121.567145, 25.050613], [121.566227, 25.050637], [121.5662, 25.050275], [121.566254, 25.05024], [121.566938, 25.050305], [121.56694, 25.050103], [121.567129, 25.050117], [121.566221, 25.050078], [121.566271, 25.049678], [121.566656, 25.049718], [121.566109, 25.048914], [121.565803, 25.048856], [121.565843, 25.048527], [121.566013, 25.048634], [121.567569, 25.048891], [121.56829, 25.049979], [121.568224, 25.049982], [121.568098, 25.050767], [121.568154, 25.050775], [121.566189, 25.050815], [121.565842, 25.050655], [121.567049, 25.051109], [121.568411, 25.050769], [121.568353, 25.05106]]}}, {"type": "Feature", "properties": {"district": "63000010", "segment": 6, "total_segments": 15, "km": 13.64, "villages": ["吉祥里", "東光里"]}, "geometry": {"type": "LineString", "coordinates": [[121.564595, 25.049656], [121.564512, 25.049664], [121.564493, 25.04987], [121.563903, 25.049865], [121.563924, 25.04975], [121.563781, 25.049602], [121.563973, 25.049541], [121.564058, 25.049605], [121.564115, 25.049486], [121.563793, 25.049339], [121.563219, 25.049282], [121.563111, 25.049331], [121.563031, 25.049256], [121.562692, 25.04924], [121.56264, 25.049625], [121.562702, 25.049749], [121.56317, 25.049734], [121.56319, 25.049578], [121.563102, 25.049591], [121.563107, 25.049456], [121.563212, 25.049462], [121.563384, 25.049661], [121.563545, 25.049698], [121.563521, 25.04981], [121.563717, 25.04985], [121.563693, 25.050004], [121.562998, 25.049934], [121.562931, 25.050203], [121.56303, 25.050282], [121.563876, 25.050174], [121.56388, 25.050278], [121.564031, 25.050285], [121.563978, 25.050009], [121.563852, 25.049997], [121.564409, 25.050054], [121.56432, 25.050343], [121.563089, 25.050437], [121.562671, 25.050398], [121.562643, 25.050477], [121.562625, 25.049908], [121.562916, 25.049933], [121.563223, 25.049798], [121.563449, 25.049802], [121.563641, 25.049198], [121.563827, 25.049205], [121.563849, 25.048915], [121.562181, 25.048759], [121.561848, 25.048806], [121.561837, 25.04872], [121.561435, 25.048679], [121.56135, 25.048903], [121.561524, 25.048923], [121.561069, 25.048705], [121.560768, 25.048885], [121.560649, 25.049435], [121.560021, 25.049361], [121.559761, 25.049055], [121.559543, 25.049067], [121.559574, 25.04887], [121.559999, 25.048917], [121.56012, 25.04881], [121.560164, 25.048963], [121.560577, 25.049004], [121.560555, 25.049154], [121.559869, 25.049067], [121.559833, 25.049382], [121.559664, 25.049611], [121.559552, 25.049599], [121.5594, 25.04983], [121.558916, 25.04969], [121.558494, 25.049667], [121.558445, 25.049813], [121.558066, 25.049891], [121.558067, 25.049979], [121.557994, 25.048456], [121.558063, 25.048338], [121.558404, 25.048408], [121.558338, 25.048782], [121.55902, 25.04846], [121.560567, 25.048592], [121.560569, 25.049588], [121.560677, 25.049737], [121.560469, 25.049615], [121.560059, 25.049574], [121.559964, 25.049808], [121.560672, 25.050056], [121.560481, 25.050194], [121.560247, 25.050159], [121.560276, 25.050411], [121.560601, 25.05041], [121.560699, 25.050287], [121.560862, 25.050263], [121.560954, 25.050953], [121.561719, 25.050923], [121.561819, 25.051254], [121.563002, 25.051176], [121.563871, 25.051211], [121.564006, 25.050976], [121.563866, 25.050857], [121.563414, 25.050862], [121.563302, 25.050915], [121.563317, 25.05101], [121.563448, 25.051016], [121.563419, 25.050701], [121.563737, 25.050692], [121.562651, 25.050734], [121.562403, 25.050443], [121.562234, 25.050424], [121.562323, 25.050526], [121.56207, 25.050882], [121.561873, 25.050771], [121.56066, 25.050689], [121.560692, 25.050538], [121.560527, 25.050508], [121.558044, 25.050568], [121.558051, 25.050861], [121.558162, 25.05098], [121.558054, 25.05104], [121.558057, 25.051236], [121.558091, 25.05132], [121.558219, 25.051344], [121.560676, 25.051283], [121.560724, 25.051055], [121.560053, 25.05107], [121.560039, 25.050802], [121.558373, 25.050853], [121.558828, 25.051029], [121.558758, 25.050439], [121.558967, 25.050434], [121.55806, 25.050275], [121.559415, 25.049333], [121.559425, 25.04924], [121.559563, 25.049215], [121.559905, 25.050138], [121.560188, 25.050411], [121.56018, 25.050799], [121.560127, 25.0508], [121.560653, 25.050837], [121.560918, 25.051274], [121.561679, 25.051258], [121.561888, 25.050371], [121.561553, 25.050337], [121.562273, 25.04914], [121.562493, 25.049173], [121.56254, 25.048996], [121.562724, 25.049021], [121.562714, 25.049096], [121.563569, 25.049192], [121.563957, 25.048937], [121.5648, 25.049049], [121.564667, 25.049413], [121.564168, 25.049361], [121.564297, 25.049554], [121.564515, 25.049622], [121.563521, 25.051623], [121.562506, 25.051651], [121.562637, 25.051883], [121.5625, 25.051883], [121.562765, 25.051881], [121.56292, 25.051991], [121.563409, 25.051973], [121.563614, 25.052198], [121.563735, 25.053534], [121.563694, 25.053992], [121.563565, 25.053776], [121.563104, 25.053953], [121.559354, 25.053737], [121.559307, 25.053642], [121.559393, 25.053526], [121.559558, 25.053523], [121.559587, 25.053399], [121.560288, 25.053382], [121.560551, 25.053302], [121.560574, 25.053459], [121.560747, 25.053495], [121.560747, 25.053661], [121.560949, 25.053569], [121.561945, 25.053549], [121.561943, 25.053378], [121.560939, 25.053397], [121.560739, 25.053314], [121.560713, 25.053092], [121.560391, 25.053085], [121.559305, 25.05311], [121.559422, 25.053229], [121.55931, 25.053235], [121.55931, 25.053319], [121.559392, 25.053276], [121.559334, 25.0534], [121.559512, 25.0534], [121.559756, 25.053541], [121.560451, 25.0535], [121.560411, 25.052933], [121.56048, 25.052918], [121.559306, 25.052958], [121.559438, 25.052913], [121.559435, 25.052788], [121.559304, 25.052831], [121.559391, 25.052829], [121.559406, 25.052647], [121.559296, 25.052705], [121.560199, 25.052652], [121.560295, 25.052703], [121.560486, 25.05265], [121.560425, 25.052484], [121.5593, 25.052503], [121.559262, 25.052188], [121.558134, 25.052213], [121.558079, 25.052053], [121.55818, 25.051832], [121.558177, 25.051734], [121.558082, 25.051737], [121.558109, 25.051907], [121.558072, 25.051866], [121.558182, 25.05187], [121.558184, 25.051934], [121.558236, 25.051742], [121.558309, 25.051734], [121.559271, 25.051718], [121.55927, 25.051807], [121.559366, 25.051718], [121.56047, 25.051698], [121.560677, 25.051899], [121.560651, 25.052017], [121.560311, 25.052023], [121.56023, 25.052173], [121.559457, 25.052191], [121.559533, 25.052002], [121.559888, 25.051996], [121.560713, 25.052204], [121.56069, 25.052945], [121.56088, 25.052821], [121.560936, 25.052921], [121.561932, 25.0529], [121.56193, 25.053074], [121.560942, 25.053092], [121.560915, 25.052626], [121.561931, 25.052603], [121.561942, 25.052426], [121.560906, 25.052449], [121.560902, 25.052184], [121.561929, 25.05216], [121.561833, 25.051979], [121.561516, 25.051997], [121.561544, 25.051692], [121.561933, 25.051662], [121.561917, 25.051945], [121.562252, 25.051645], [121.561035, 25.051721], [121.562075, 25.0531], [121.562134, 25.053552], [121.562985, 25.053539], [121.559099, 25.052958], [121.556973, 25.052968], [121.557182, 25.052728], [121.559101, 25.052666], [121.559102, 25.052486], [121.558126, 25.052525], [121.558291, 25.052078], [121.558571, 25.051957], [121.559024, 25.051992], [121.557963, 25.051929], [121.557851, 25.051818], [121.557874, 25.051743], [121.557784, 25.051745], [121.557786, 25.051818], [121.557952, 25.05174], [121.557929, 25.05208], [121.557352, 25.052117], [121.557224, 25.05226], [121.557162, 25.052518], [121.557302, 25.052562], [121.557917, 25.053245], [121.558108, 25.053245], [121.558212, 25.053344], [121.558618, 25.053336], [121.558591, 25.053652], [121.55852, 25.053649], [121.558665, 25.053723], [121.558339, 25.05361], [121.55823, 25.053644], [121.55811, 25.053522], [121.557877, 25.053532], [121.557877, 25.053348], [121.557439, 25.053481], [121.556956, 25.053352], [121.556897, 25.053267], [121.557434, 25.051771], [121.557537, 25.05175]]}}, {"type": "Feature", "properties": {"district": "63000010", "segment": 7, "total_segments": 15, "km": 10.32, "villages": ["自強里", "介壽里"]}, "geometry": {"type": "LineString", "coordinates": [[121.560606, 25.054302], [121.560674, 25.054398], [121.560598, 25.054563], [121.560714, 25.054647], [121.560769, 25.054572], [121.560889, 25.054581], [121.560896, 25.054673], [121.561002, 25.054681], [121.561039, 25.05459], [121.56119, 25.054682], [121.561311, 25.054619], [121.561259, 25.054528], [121.56133, 25.054354], [121.561223, 25.054271], [121.561186, 25.05435], [121.561074, 25.054337], [121.561033, 25.05425], [121.560796, 25.054324], [121.560747, 25.05424], [121.56101, 25.054425], [121.56096, 25.054997], [121.560649, 25.05491], [121.560647, 25.054977], [121.560521, 25.05501], [121.560503, 25.055185], [121.560628, 25.055195], [121.560633, 25.055122], [121.560981, 25.055153], [121.560938, 25.055245], [121.560799, 25.055235], [121.560825, 25.055443], [121.560978, 25.055455], [121.560871, 25.055651], [121.560465, 25.055684], [121.560434, 25.056153], [121.560546, 25.056246], [121.56042, 25.056322], [121.560682, 25.056515], [121.561087, 25.056564], [121.561131, 25.056338], [121.56144, 25.05636], [121.561408, 25.056557], [121.561504, 25.056564], [121.561825, 25.056254], [121.561812, 25.056427], [121.562024, 25.055889], [121.561754, 25.05572], [121.561806, 25.055522], [121.561714, 25.055515], [121.561794, 25.055219], [121.561671, 25.05521], [121.561661, 25.055288], [121.561494, 25.055279], [121.561487, 25.055206], [121.561554, 25.054967], [121.561961, 25.055066], [121.561977, 25.054989], [121.562093, 25.054995], [121.562196, 25.055022], [121.562223, 25.05524], [121.562046, 25.055318], [121.562038, 25.05524], [121.561929, 25.055234], [121.561927, 25.055312], [121.562829, 25.055269], [121.562858, 25.05507], [121.563153, 25.055094], [121.563124, 25.055292], [121.56356, 25.055303], [121.563581, 25.055142], [121.564043, 25.055278], [121.564034, 25.055382], [121.563901, 25.055385], [121.563896, 25.055471], [121.564019, 25.055521], [121.564001, 25.055628], [121.563885, 25.055635], [121.563986, 25.055823], [121.564169, 25.055959], [121.564194, 25.05588], [121.564465, 25.055895], [121.564444, 25.056056], [121.56473, 25.056087], [121.564738, 25.056171], [121.56424, 25.056158], [121.564263, 25.056064], [121.564166, 25.056045], [121.564136, 25.056125], [121.563975, 25.056061], [121.563946, 25.05616], [121.563842, 25.056125], [121.563849, 25.055842], [121.564339, 25.055966], [121.564715, 25.055907], [121.564724, 25.055995], [121.56484, 25.055992], [121.564837, 25.055888], [121.565103, 25.056001], [121.565101, 25.055908], [121.565227, 25.055913], [121.565314, 25.056218], [121.565197, 25.056243], [121.565188, 25.056134], [121.565021, 25.05619], [121.565004, 25.056091], [121.564893, 25.056109], [121.564814, 25.056442], [121.564696, 25.056438], [121.564685, 25.056537], [121.564771, 25.056649], [121.564918, 25.056661], [121.564932, 25.056549], [121.565275, 25.056493], [121.565165, 25.056698], [121.565058, 25.056693], [121.565052, 25.056901], [121.56528, 25.05691], [121.563822, 25.056775], [121.563842, 25.056447], [121.564083, 25.056576], [121.564336, 25.056602], [121.563469, 25.055977], [121.563524, 25.055801], [121.5634, 25.055767], [121.5633, 25.055962], [121.563028, 25.055939], [121.563047, 25.055743], [121.562923, 25.056622], [121.564134, 25.05563], [121.564249, 25.055615], [121.56425, 25.055521], [121.564142, 25.05551], [121.564222, 25.055312], [121.564448, 25.0553], [121.564457, 25.055411], [121.564558, 25.055438], [121.564582, 25.055331], [121.56471, 25.055321], [121.564728, 25.055426], [121.564841, 25.055429], [121.564859, 25.055326], [121.564947, 25.055332], [121.564955, 25.055439], [121.565271, 25.055344], [121.565377, 25.055575], [121.565054, 25.055566], [121.565028, 25.055649], [121.565378, 25.055695], [121.565332, 25.055948], [121.564814, 25.055653], [121.564842, 25.05556], [121.56473, 25.05554], [121.564702, 25.055628], [121.564348, 25.055408], [121.564351, 25.055059], [121.564455, 25.054992], [121.564502, 25.054731], [121.564357, 25.054723], [121.564361, 25.054837], [121.564268, 25.054968], [121.564121, 25.054963], [121.564113, 25.05507], [121.563974, 25.055063], [121.563977, 25.054963], [121.564001, 25.054676], [121.564149, 25.054674], [121.564146, 25.054794], [121.564085, 25.054336], [121.56542, 25.054403], [121.565443, 25.054897], [121.565308, 25.054878], [121.56531, 25.054784], [121.565013, 25.054858], [121.565008, 25.054774], [121.564666, 25.05474], [121.564666, 25.054855], [121.564787, 25.054863], [121.564776, 25.054972], [121.564655, 25.054968], [121.564629, 25.055076], [121.56494, 25.055095], [121.564948, 25.054986], [121.565071, 25.05499], [121.565074, 25.055109], [121.565296, 25.055138], [121.56529, 25.055034], [121.565433, 25.055026], [121.56539, 25.055339], [121.563629, 25.054715], [121.563507, 25.05463], [121.56365, 25.054562], [121.563302, 25.054355], [121.562631, 25.054297], [121.562511, 25.054475], [121.56263, 25.054569], [121.562495, 25.054631], [121.562158, 25.054548], [121.562209, 25.05443], [121.562022, 25.054391], [121.562077, 25.054271], [121.561787, 25.054246], [121.561654, 25.054339], [121.561823, 25.054378], [121.561698, 25.054506], [121.561594, 25.0545], [121.561663, 25.054717], [121.561745, 25.054744], [121.561821, 25.054742], [121.561814, 25.054611], [121.562014, 25.05463], [121.562011, 25.054741], [121.562131, 25.054757], [121.562149, 25.054682], [121.562896, 25.054524], [121.563215, 25.054554], [121.56129, 25.054958], [121.561262, 25.055235], [121.561115, 25.055232], [121.561145, 25.054934], [121.561234, 25.055476], [121.561346, 25.055485], [121.560808, 25.056315], [121.560531, 25.054905], [121.560363, 25.056786], [121.559914, 25.056728], [121.559882, 25.057122], [121.560498, 25.057164], [121.560482, 25.057557], [121.559999, 25.057559], [121.559981, 25.05763], [121.560446, 25.057668], [121.560461, 25.057858], [121.559829, 25.057822], [121.559818, 25.057703], [121.559927, 25.057632], [121.559834, 25.057485], [121.559942, 25.057479], [121.55998, 25.057342], [121.560734, 25.057369], [121.560721, 25.057557], [121.561528, 25.057572], [121.561505, 25.057843], [121.560767, 25.057794], [121.56073, 25.058172], [121.561451, 25.058225], [121.561551, 25.058205], [121.561553, 25.058113], [121.561528, 25.058428], [121.560679, 25.058359], [121.560732, 25.058547], [121.56149, 25.058602], [121.560142, 25.058435], [121.556912, 25.058246], [121.556919, 25.058091], [121.556803, 25.058084], [121.556796, 25.058258], [121.555477, 25.058156], [121.555728, 25.057992], [121.556411, 25.058051], [121.556484, 25.057856], [121.557203, 25.05784], [121.559242, 25.057993], [121.559224, 25.057756], [121.559637, 25.057787], [121.559838, 25.058042], [121.559798, 25.058148], [121.559905, 25.058047], [121.560417, 25.058089], [121.559932, 25.057338], [121.559208, 25.05731], [121.559261, 25.05707], [121.559355, 25.057076], [121.558273, 25.056995], [121.558299, 25.056607], [121.560537, 25.0568], [121.560823, 25.057135], [121.561655, 25.057213], [121.561667, 25.057137], [121.561318, 25.056837], [121.559179, 25.057749], [121.557833, 25.056982], [121.557294, 25.056918], [121.557368, 25.056489], [121.557285, 25.056478], [121.557586, 25.056504], [121.55758, 25.056581], [121.557694, 25.056512], [121.557919, 25.05653], [121.557852, 25.05673], [121.557703, 25.056715], [121.556925, 25.057507], [121.555554, 25.057384], [121.555573, 25.057724], [121.555483, 25.05782], [121.555843, 25.057826], [121.555851, 25.057756], [121.556206, 25.057834], [121.556529, 25.056406]]}}, {"type": "Feature", "properties": {"district": "63000010", "segment": 8, "total_segments": 15, "km": 14.45, "villages": ["東榮里", "龍田里"]}, "geometry": {"type": "LineString", "coordinates": [[121.556368, 25.058487], [121.55536, 25.058416], [121.555301, 25.058859], [121.555439, 25.058864], [121.555451, 25.058759], [121.556425, 25.058808], [121.556366, 25.058661], [121.555748, 25.058613], [121.555743, 25.058915], [121.55647, 25.058973], [121.556511, 25.059126], [121.555793, 25.059071], [121.555795, 25.059225], [121.556494, 25.059292], [121.556485, 25.059435], [121.556572, 25.059436], [121.556545, 25.059594], [121.55661, 25.059599], [121.555595, 25.059522], [121.555594, 25.059677], [121.55667, 25.059755], [121.556641, 25.059913], [121.555176, 25.059793], [121.555184, 25.059623], [121.555313, 25.05964], [121.555343, 25.059488], [121.555351, 25.059386], [121.555193, 25.059381], [121.555188, 25.059475], [121.555256, 25.059046], [121.555408, 25.059049], [121.555389, 25.059194], [121.555563, 25.059364], [121.556823, 25.059441], [121.55684, 25.059541], [121.557167, 25.05949], [121.557195, 25.05934], [121.557328, 25.059374], [121.557261, 25.059212], [121.556796, 25.059187], [121.556709, 25.05892], [121.558135, 25.059027], [121.558122, 25.059267], [121.557446, 25.059227], [121.557529, 25.059396], [121.5581, 25.059456], [121.558086, 25.059601], [121.557312, 25.059566], [121.5573, 25.059753], [121.558055, 25.059791], [121.558023, 25.060059], [121.557076, 25.059963], [121.557111, 25.060134], [121.558036, 25.060217], [121.557953, 25.060441], [121.557056, 25.060379], [121.55713, 25.060591], [121.557372, 25.0606], [121.557318, 25.060698], [121.557591, 25.060785], [121.557578, 25.060864], [121.557934, 25.060899], [121.557948, 25.060815], [121.557684, 25.060788], [121.557693, 25.060635], [121.557511, 25.06062], [121.560151, 25.060832], [121.560161, 25.060609], [121.560254, 25.060556], [121.560262, 25.060107], [121.560079, 25.060163], [121.55917, 25.060092], [121.559212, 25.059809], [121.55865, 25.059769], [121.558611, 25.059858], [121.558288, 25.059765], [121.558333, 25.059311], [121.55943, 25.059451], [121.559426, 25.05916], [121.560109, 25.059217], [121.560173, 25.059069], [121.560368, 25.05909], [121.560348, 25.059284], [121.560572, 25.05933], [121.560585, 25.059158], [121.561381, 25.05926], [121.561388, 25.059376], [121.56108, 25.059355], [121.561014, 25.059605], [121.561402, 25.059649], [121.56142, 25.05949], [121.561315, 25.059927], [121.560573, 25.059894], [121.560293, 25.059847], [121.560299, 25.059778], [121.56027, 25.059958], [121.559848, 25.059856], [121.559866, 25.059483], [121.560934, 25.059598], [121.560506, 25.06019], [121.560586, 25.060326], [121.560729, 25.060244], [121.561263, 25.060289], [121.561153, 25.060871], [121.56128, 25.060882], [121.561211, 25.061486], [121.560387, 25.061307], [121.560476, 25.060847], [121.560864, 25.060858], [121.560877, 25.060973], [121.561099, 25.060925], [121.561004, 25.060868], [121.560959, 25.061081], [121.560868, 25.061081], [121.56084, 25.061308], [121.560942, 25.061234], [121.560117, 25.061318], [121.557199, 25.060953], [121.556683, 25.059918], [121.556997, 25.059731], [121.55719, 25.059747], [121.556983, 25.059322], [121.556922, 25.059338], [121.556977, 25.058776], [121.558102, 25.058884], [121.558138, 25.058625], [121.557215, 25.058553], [121.557091, 25.058642], [121.556725, 25.058508], [121.556728, 25.058575], [121.556904, 25.058653], [121.556795, 25.058761], [121.555631, 25.058909], [121.558783, 25.059111], [121.558829, 25.058737], [121.558428, 25.058707], [121.560382, 25.058794], [121.560374, 25.059031], [121.560673, 25.058993], [121.560799, 25.058825], [121.561482, 25.058872], [121.561473, 25.059023], [121.560818, 25.059007], [121.559253, 25.059147], [121.559414, 25.059819], [121.559364, 25.060487], [121.559205, 25.060476], [121.560025, 25.060538], [121.558264, 25.060414], [121.558292, 25.06003], [121.558718, 25.060057], [121.558563, 25.059614], [121.556876, 25.061826], [121.55627, 25.061804], [121.556804, 25.056256], [121.555758, 25.056146], [121.555835, 25.055882], [121.556327, 25.055938], [121.556345, 25.055793], [121.55586, 25.055751], [121.555865, 25.055525], [121.556364, 25.055536], [121.556344, 25.055374], [121.55644, 25.055382], [121.556149, 25.055359], [121.556545, 25.055557], [121.556875, 25.055604], [121.557153, 25.055629], [121.557231, 25.055467], [121.557755, 25.055529], [121.55769, 25.055669], [121.557979, 25.055789], [121.55821, 25.055779], [121.558179, 25.055835], [121.558426, 25.055744], [121.558438, 25.055871], [121.558617, 25.055803], [121.558894, 25.055829], [121.558854, 25.055654], [121.557992, 25.055552], [121.557864, 25.05593], [121.557356, 25.055886], [121.557346, 25.056029], [121.557854, 25.0561], [121.557876, 25.056298], [121.558391, 25.056287], [121.558553, 25.056398], [121.558832, 25.056424], [121.55883, 25.056178], [121.558589, 25.056152], [121.558588, 25.056046], [121.558856, 25.056059], [121.559273, 25.055922], [121.559378, 25.055669], [121.559827, 25.05571], [121.559924, 25.055961], [121.560096, 25.055992], [121.560078, 25.056151], [121.55989, 25.056296], [121.559878, 25.056447], [121.559233, 25.05639], [121.559292, 25.055409], [121.559164, 25.055393], [121.559328, 25.055134], [121.560145, 25.055204], [121.560148, 25.055038], [121.560105, 25.055615], [121.559984, 25.055459], [121.560063, 25.054421], [121.56027, 25.054437], [121.560306, 25.054182], [121.559221, 25.054093], [121.559161, 25.054349], [121.559679, 25.054392], [121.559983, 25.054414], [121.557705, 25.05394], [121.555846, 25.053862], [121.555818, 25.053749], [121.555669, 25.053771], [121.555668, 25.053893], [121.555495, 25.053764], [121.555503, 25.053663], [121.555336, 25.053672], [121.555325, 25.05376], [121.554882, 25.053718], [121.554892, 25.053647], [121.554734, 25.05361], [121.554712, 25.053705], [121.554488, 25.053675], [121.554474, 25.053833], [121.554553, 25.05384], [121.554157, 25.053815], [121.554152, 25.053673], [121.554248, 25.053662], [121.554013, 25.053663], [121.554012, 25.053573], [121.55386, 25.053583], [121.553872, 25.053675], [121.553503, 25.053575], [121.553475, 25.053663], [121.553325, 25.05363], [121.553348, 25.053525], [121.553196, 25.053625], [121.55308, 25.053604], [121.553162, 25.054094], [121.553065, 25.054091], [121.553059, 25.05425], [121.553303, 25.054254], [121.553314, 25.05436], [121.553475, 25.054341], [121.553467, 25.054228], [121.553825, 25.054264], [121.553804, 25.054366], [121.553949, 25.054394], [121.553976, 25.054308], [121.554192, 25.054338], [121.554202, 25.05418], [121.55413, 25.054174], [121.554532, 25.054199], [121.554544, 25.054347], [121.554435, 25.054363], [121.554669, 25.054352], [121.554669, 25.054439], [121.554829, 25.054436], [121.554832, 25.054359], [121.554914, 25.054702], [121.555042, 25.05471], [121.554836, 25.054794], [121.554216, 25.054682], [121.554367, 25.055385], [121.554492, 25.055396], [121.554488, 25.055511], [121.554213, 25.055483], [121.554203, 25.0556], [121.554072, 25.055588], [121.55408, 25.055474], [121.553724, 25.055521], [121.553754, 25.055435], [121.553606, 25.055421], [121.553611, 25.05534], [121.553268, 25.055402], [121.553214, 25.055488], [121.553099, 25.055482], [121.553092, 25.055595], [121.553208, 25.055599], [121.553231, 25.055751], [121.553116, 25.055745], [121.553108, 25.055868], [121.553215, 25.055878], [121.553171, 25.056049], [121.553552, 25.055984], [121.553707, 25.056044], [121.553699, 25.05579], [121.554057, 25.055953], [121.555221, 25.056005], [121.555392, 25.055951], [121.555403, 25.056012], [121.555435, 25.055541], [121.555349, 25.055551], [121.555387, 25.055249], [121.555335, 25.055239], [121.555505, 25.055192], [121.555586, 25.055288], [121.555607, 25.054926], [121.555553, 25.054744], [121.555392, 25.054729], [121.555469, 25.054384], [121.555633, 25.054398], [121.555662, 25.05428], [121.555825, 25.054339], [121.555787, 25.05446], [121.555998, 25.054053], [121.556082, 25.054055], [121.555275, 25.054367], [121.555269, 25.054457], [121.556674, 25.055402], [121.557005, 25.055442], [121.556943, 25.055837], [121.557126, 25.055859], [121.557107, 25.056027], [121.556487, 25.055944], [121.556512, 25.055812], [121.556842, 25.055825], [121.556874, 25.05626], [121.557817, 25.056343], [121.557514, 25.055678], [121.557396, 25.055641], [121.553709, 25.055631], [121.553197, 25.055315], [121.553092, 25.055089], [121.553124, 25.054683], [121.553262, 25.054589], [121.553404, 25.054599], [121.553365, 25.054672]]}}, {"type": "Feature", "properties": {"district": "63000010", "segment": 9, "total_segments": 15, "km": 10.99, "villages": ["東昌里", "精忠里"]}, "geometry": {"type": "LineString", "coordinates": [[121.553503, 25.056303], [121.553098, 25.056316], [121.553089, 25.056581], [121.553719, 25.056583], [121.553732, 25.056746], [121.553914, 25.056748], [121.554094, 25.056926], [121.554256, 25.056933], [121.55437, 25.057047], [121.554365, 25.057157], [121.554317, 25.057261], [121.554086, 25.057236], [121.554147, 25.057147], [121.554098, 25.057088], [121.553553, 25.05705], [121.553539, 25.057179], [121.553956, 25.057218], [121.55397, 25.057403], [121.553254, 25.057311], [121.553256, 25.057182], [121.553125, 25.057129], [121.553106, 25.056734], [121.553653, 25.056769], [121.553845, 25.056326], [121.554717, 25.056345], [121.55498, 25.056576], [121.555368, 25.056599], [121.555328, 25.056962], [121.554535, 25.056946], [121.554551, 25.057076], [121.555286, 25.057099], [121.555198, 25.05748], [121.554569, 25.057443], [121.554562, 25.0573], [121.555007, 25.057321], [121.555262, 25.057519], [121.555162, 25.057757], [121.55451, 25.057693], [121.554484, 25.057832], [121.555111, 25.057867], [121.555082, 25.05812], [121.553076, 25.057933], [121.553107, 25.057705], [121.554288, 25.057801], [121.554296, 25.057653], [121.55314, 25.057547], [121.553108, 25.05734], [121.553349, 25.057189], [121.554267, 25.057419], [121.554349, 25.056785], [121.55522, 25.056713], [121.555434, 25.056362], [121.555106, 25.056332], [121.552839, 25.056545], [121.552715, 25.056532], [121.552719, 25.056739], [121.552805, 25.056751], [121.552821, 25.056886], [121.552263, 25.056843], [121.552277, 25.057068], [121.552928, 25.057104], [121.552521, 25.057252], [121.551755, 25.057183], [121.551707, 25.057407], [121.55251, 25.057485], [121.552492, 25.057646], [121.552431, 25.05764], [121.5528, 25.057674], [121.552841, 25.057769], [121.552759, 25.057906], [121.551679, 25.057807], [121.55171, 25.057576], [121.552248, 25.057626], [121.552273, 25.058145], [121.552629, 25.058189], [121.552667, 25.058427], [121.553847, 25.058518], [121.553999, 25.05844], [121.554, 25.058311], [121.553281, 25.058238], [121.553205, 25.058626], [121.553795, 25.058715], [121.553549, 25.059082], [121.553195, 25.059041], [121.55318, 25.058869], [121.553277, 25.058877], [121.552139, 25.058788], [121.552222, 25.058529], [121.55296, 25.058598], [121.553052, 25.058624], [121.552931, 25.059016], [121.553004, 25.059037], [121.552151, 25.058942], [121.55191, 25.058875], [121.551928, 25.058754], [121.551754, 25.058851], [121.551298, 25.058783], [121.551303, 25.058715], [121.551162, 25.058688], [121.551185, 25.058495], [121.551074, 25.05846], [121.551181, 25.058292], [121.550665, 25.05824], [121.55058, 25.058151], [121.55061, 25.057984], [121.551994, 25.058108], [121.55197, 25.058364], [121.5514, 25.058308], [121.551374, 25.05823], [121.551381, 25.058175], [121.55149, 25.05848], [121.551934, 25.058524], [121.552272, 25.058394], [121.552526, 25.058416], [121.552585, 25.059213], [121.553509, 25.059242], [121.553289, 25.059457], [121.553308, 25.059529], [121.553181, 25.059448], [121.552499, 25.059373], [121.552443, 25.059217], [121.552127, 25.059172], [121.552125, 25.059497], [121.552356, 25.059609], [121.553124, 25.059714], [121.552896, 25.059977], [121.552438, 25.059903], [121.55228, 25.059991], [121.552097, 25.059968], [121.55202, 25.0603], [121.552803, 25.060395], [121.552821, 25.060222], [121.552679, 25.0602], [121.552673, 25.060106], [121.55245, 25.060176], [121.552469, 25.060083], [121.552413, 25.060076], [121.552865, 25.060126], [121.552078, 25.059682], [121.551894, 25.060281], [121.551042, 25.060138], [121.550657, 25.060301], [121.550529, 25.060184], [121.550488, 25.059945], [121.550849, 25.059806], [121.55088, 25.059872], [121.550343, 25.059533], [121.550272, 25.059355], [121.550416, 25.059305], [121.550201, 25.058859], [121.550432, 25.058764], [121.550362, 25.058254], [121.550405, 25.057963], [121.549471, 25.057953], [121.549592, 25.058333], [121.549916, 25.058885], [121.550093, 25.05858], [121.550608, 25.058645], [121.550788, 25.058817], [121.551135, 25.058816], [121.551334, 25.058495], [121.550768, 25.058376], [121.550659, 25.05847], [121.5507, 25.058567], [121.550915, 25.057734], [121.551316, 25.057771], [121.55153, 25.056993], [121.551413, 25.056742], [121.551979, 25.056776], [121.552052, 25.057051], [121.552136, 25.057057], [121.552471, 25.0567], [121.55257, 25.056711], [121.5504, 25.057689], [121.549507, 25.057509], [121.553734, 25.05952], [121.553722, 25.059607], [121.553898, 25.059637], [121.553916, 25.05955], [121.553832, 25.059536], [121.554103, 25.05958], [121.55408, 25.059668], [121.554003, 25.059655], [121.55436, 25.059717], [121.554373, 25.059624], [121.554206, 25.059597], [121.554343, 25.05906], [121.554703, 25.059178], [121.554435, 25.058495], [121.55286, 25.061484], [121.552353, 25.061934], [121.55195, 25.063161], [121.551905, 25.063649], [121.553324, 25.062986], [121.555333, 25.063314], [121.555623, 25.063659], [121.555578, 25.064047], [121.556105, 25.062947], [121.555441, 25.062597], [121.555256, 25.062287], [121.556416, 25.062223], [121.558358, 25.062422], [121.550583, 25.06261], [121.549815, 25.063374]]}}, {"type": "Feature", "properties": {"district": "63000010", "segment": 10, "total_segments": 15, "km": 14.91, "villages": ["民福里", "民有里"]}, "geometry": {"type": "LineString", "coordinates": [[121.549058, 25.063103], [121.547798, 25.064063], [121.547626, 25.064151], [121.547555, 25.064062], [121.549714, 25.062358], [121.549864, 25.062415], [121.549947, 25.062352], [121.549911, 25.062203], [121.550234, 25.061983], [121.54934, 25.0621], [121.549117, 25.062347], [121.548972, 25.062199], [121.548882, 25.062284], [121.548921, 25.062387], [121.549073, 25.062503], [121.549234, 25.062505], [121.548934, 25.062736], [121.548624, 25.062345], [121.548754, 25.062234], [121.548597, 25.062142], [121.548168, 25.062191], [121.547998, 25.062284], [121.547998, 25.062527], [121.548385, 25.062935], [121.548493, 25.06281], [121.54832, 25.062685], [121.54832, 25.062556], [121.548197, 25.062516], [121.548319, 25.062421], [121.548815, 25.062843], [121.548058, 25.063453], [121.547727, 25.063074], [121.548016, 25.062911], [121.547998, 25.062818], [121.548186, 25.063086], [121.548078, 25.063168], [121.548012, 25.0631], [121.547706, 25.063342], [121.547772, 25.063402], [121.547578, 25.063503], [121.547436, 25.063357], [121.547526, 25.063193], [121.547606, 25.063231], [121.547298, 25.063479], [121.547209, 25.06344], [121.547065, 25.06356], [121.547246, 25.063781], [121.547401, 25.063716], [121.547305, 25.063634], [121.546997, 25.063752], [121.547106, 25.063898], [121.546945, 25.064023], [121.546831, 25.063937], [121.546687, 25.064238], [121.546549, 25.064348], [121.546498, 25.064306], [121.546409, 25.064448], [121.54639, 25.064387], [121.546246, 25.064468], [121.546125, 25.064259], [121.546752, 25.06383], [121.546623, 25.063711], [121.546951, 25.063506], [121.546915, 25.063225], [121.546422, 25.06323], [121.546383, 25.063413], [121.546471, 25.063537], [121.546424, 25.063628], [121.54634, 25.063608], [121.546351, 25.063712], [121.546477, 25.063726], [121.546362, 25.063912], [121.545785, 25.063921], [121.545696, 25.064222], [121.545894, 25.064245], [121.545909, 25.064122], [121.546077, 25.064222], [121.546376, 25.063986], [121.54635, 25.06454], [121.54606, 25.064651], [121.546046, 25.064746], [121.545934, 25.064756], [121.545942, 25.064861], [121.545871, 25.064801], [121.545862, 25.064915], [121.54572, 25.064921], [121.545628, 25.065138], [121.545029, 25.065578], [121.54493, 25.065473], [121.545548, 25.065037], [121.545411, 25.06489], [121.544815, 25.065362], [121.544811, 25.065075], [121.544737, 25.065078], [121.544915, 25.065078], [121.544905, 25.064862], [121.544732, 25.064866], [121.544813, 25.064761], [121.545252, 25.064748], [121.545152, 25.064862], [121.545003, 25.064862], [121.544961, 25.064558], [121.545178, 25.064559], [121.545247, 25.064412], [121.544722, 25.064395], [121.544706, 25.064243], [121.544887, 25.064237], [121.544928, 25.064062], [121.544801, 25.064042], [121.544798, 25.063951], [121.544695, 25.063952], [121.544696, 25.064044], [121.544438, 25.064041], [121.544482, 25.066209], [121.545011, 25.065884], [121.547605, 25.063794], [121.547482, 25.064119], [121.547345, 25.064227], [121.54659, 25.063401], [121.546195, 25.063267], [121.545688, 25.063276], [121.545714, 25.063449], [121.545418, 25.063454], [121.54542, 25.063276], [121.545493, 25.063274], [121.545434, 25.062935], [121.545532, 25.062934], [121.545104, 25.062898], [121.545276, 25.063276], [121.544911, 25.063269], [121.544918, 25.062984], [121.54447, 25.063064], [121.544468, 25.063255], [121.544666, 25.06325], [121.544701, 25.063428], [121.54506, 25.063426], [121.545084, 25.063645], [121.544916, 25.063638], [121.544691, 25.063755], [121.544689, 25.063681], [121.544921, 25.063769], [121.544923, 25.063906], [121.545257, 25.063948], [121.545244, 25.063831], [121.545089, 25.063827], [121.545471, 25.063662], [121.545754, 25.063661], [121.545854, 25.06345], [121.546142, 25.063447], [121.546188, 25.063101], [121.546313, 25.06299], [121.546756, 25.062985], [121.546985, 25.062876], [121.546977, 25.062738], [121.547118, 25.062738], [121.547119, 25.062607], [121.546973, 25.062608], [121.54697, 25.062534], [121.547115, 25.062534], [121.547115, 25.062395], [121.546273, 25.062392], [121.546341, 25.062541], [121.546213, 25.062716], [121.546613, 25.062741], [121.546593, 25.062612], [121.546445, 25.062613], [121.546435, 25.062538], [121.546757, 25.062537], [121.54676, 25.062603], [121.546849, 25.062604], [121.546847, 25.062536], [121.546859, 25.062743], [121.546764, 25.062743], [121.54729, 25.062851], [121.547315, 25.062295], [121.547773, 25.062299], [121.545849, 25.062287], [121.545967, 25.062928], [121.545749, 25.062929], [121.545737, 25.063095], [121.545881, 25.063096], [121.546128, 25.062925], [121.545569, 25.06246], [121.545626, 25.062291], [121.545364, 25.062288], [121.545436, 25.062461], [121.545099, 25.062297], [121.545108, 25.062704], [121.544773, 25.062448], [121.544566, 25.062756], [121.544622, 25.063427], [121.544425, 25.063498], [121.544437, 25.063988], [121.5451, 25.064242], [121.54558, 25.064254], [121.545654, 25.064506], [121.545498, 25.064648], [121.545572, 25.064754], [121.545996, 25.064423], [121.544699, 25.064627], [121.544829, 25.065649], [121.544677, 25.065765], [121.549306, 25.061979], [121.549049, 25.061552], [121.548937, 25.061615], [121.548887, 25.061324], [121.549173, 25.061286], [121.548709, 25.061357], [121.548687, 25.061157], [121.548066, 25.061313], [121.548112, 25.0615], [121.548188, 25.061496], [121.548046, 25.061588], [121.547862, 25.061623], [121.547859, 25.061563], [121.547648, 25.061529], [121.547666, 25.061842], [121.547244, 25.061857], [121.547274, 25.06152], [121.547427, 25.061534], [121.547471, 25.061329], [121.54776, 25.06133], [121.547723, 25.061023], [121.546771, 25.061051], [121.546731, 25.06136], [121.547386, 25.061328], [121.547827, 25.061016], [121.548001, 25.061044], [121.548961, 25.060815], [121.548917, 25.060642], [121.548207, 25.060817], [121.548168, 25.060761], [121.548725, 25.060357], [121.548579, 25.060226], [121.548959, 25.059979], [121.549277, 25.060579], [121.549169, 25.060627], [121.549077, 25.060566], [121.54925, 25.060759], [121.549274, 25.060948], [121.549903, 25.060636], [121.550044, 25.060948], [121.549847, 25.061346], [121.549885, 25.061446], [121.550251, 25.061356], [121.549549, 25.061461], [121.548801, 25.061135], [121.548471, 25.06169], [121.548077, 25.061766], [121.547874, 25.060815], [121.547787, 25.060738], [121.547993, 25.060691], [121.548493, 25.060298], [121.548267, 25.060039], [121.54775, 25.060446], [121.547622, 25.060489], [121.547522, 25.060358], [121.548665, 25.059452], [121.548853, 25.059696], [121.548621, 25.059708], [121.548334, 25.059986], [121.548146, 25.059519], [121.548277, 25.059419], [121.548261, 25.059278], [121.548508, 25.059086], [121.548527, 25.059137], [121.548034, 25.058589], [121.547576, 25.058973], [121.547679, 25.059084], [121.547798, 25.059], [121.547814, 25.059178], [121.54795, 25.059309], [121.548102, 25.059194], [121.54846, 25.05877], [121.54836, 25.058532], [121.548178, 25.058472], [121.548722, 25.0589], [121.548707, 25.058703], [121.548875, 25.058563], [121.548721, 25.058099], [121.548428, 25.057961], [121.547898, 25.057945], [121.547362, 25.058042], [121.546992, 25.057956], [121.546582, 25.057978], [121.546361, 25.058129], [121.546387, 25.058568], [121.546286, 25.05857], [121.546256, 25.058786], [121.546305, 25.058851], [121.547407, 25.058828], [121.547408, 25.058544], [121.54653, 25.058567], [121.546796, 25.058354], [121.54723, 25.05839], [121.547134, 25.059055], [121.546266, 25.059059], [121.546081, 25.059166], [121.546038, 25.059376], [121.544742, 25.059344], [121.544755, 25.059724], [121.544967, 25.059781], [121.544982, 25.059687], [121.545045, 25.05985], [121.546118, 25.059856], [121.546117, 25.059804], [121.546156, 25.060057], [121.545075, 25.060071], [121.544947, 25.06015], [121.544947, 25.060245], [121.545068, 25.060344], [121.546342, 25.060326], [121.546543, 25.060159], [121.546317, 25.059958], [121.546617, 25.059728], [121.546784, 25.059963], [121.546713, 25.059991], [121.546864, 25.059985], [121.546948, 25.060069], [121.546656, 25.060307], [121.546742, 25.060501], [121.546522, 25.060693], [121.546243, 25.061551], [121.545048, 25.061584], [121.544985, 25.061767], [121.545044, 25.061884], [121.546089, 25.061825], [121.546564, 25.061874], [121.546586, 25.061599], [121.546856, 25.061723], [121.547218, 25.060088], [121.547531, 25.059855], [121.547586, 25.059908], [121.547705, 25.059833], [121.547698, 25.059749], [121.547822, 25.059656], [121.547665, 25.059507], [121.547103, 25.059943], [121.546869, 25.059691], [121.546966, 25.059508], [121.547363, 25.059193], [121.54744, 25.059321], [121.547554, 25.059233], [121.547743, 25.059447], [121.54755, 25.059437], [121.548003, 25.059513], [121.547058, 25.059187], [121.546616, 25.059517], [121.54624, 25.059327], [121.54608, 25.059568], [121.545289, 25.059582], [121.545301, 25.059074], [121.545981, 25.05906], [121.545937, 25.058855], [121.544972, 25.058872], [121.54499, 25.059077], [121.545189, 25.059079], [121.545183, 25.058591], [121.544404, 25.058584], [121.544422, 25.05993], [121.544771, 25.060773], [121.544764, 25.061076], [121.544447, 25.061011], [121.544449, 25.06088], [121.544495, 25.061693], [121.544721, 25.061903], [121.544839, 25.061883], [121.545533, 25.06054]]}}, {"type": "Feature", "properties": {"district": "63000010", "segment": 11, "total_segments": 15, "km": 14.93, "villages": ["民有里", "松基里", "中正里"]}, "geometry": {"type": "LineString", "coordinates": [[121.546058, 25.058852], [121.546047, 25.058577], [121.545291, 25.058588], [121.54518, 25.058078], [121.544448, 25.057987], [121.54441, 25.05842], [121.544738, 25.058175], [121.549019, 25.058993], [121.549182, 25.059365], [121.549458, 25.059668], [121.549371, 25.059806], [121.549489, 25.060076], [121.548883, 25.060227], [121.54812, 25.057393], [121.547604, 25.057396], [121.547681, 25.05717], [121.547461, 25.056677], [121.547287, 25.056637], [121.547071, 25.056371], [121.5472, 25.056129], [121.546775, 25.056211], [121.5467, 25.056128], [121.546203, 25.055988], [121.544584, 25.056039], [121.544654, 25.055982], [121.544352, 25.056062], [121.544417, 25.055994], [121.544336, 25.055855], [121.544322, 25.054746], [121.544686, 25.054657], [121.545225, 25.054661], [121.545327, 25.054879], [121.545595, 25.054844], [121.545621, 25.05465], [121.546578, 25.054789], [121.546924, 25.055233], [121.547086, 25.055156], [121.5481, 25.055149], [121.547722, 25.054885], [121.547564, 25.054973], [121.547448, 25.054892], [121.547375, 25.054968], [121.54719, 25.054894], [121.547034, 25.054959], [121.547014, 25.054596], [121.5466, 25.054606], [121.547485, 25.054592], [121.547654, 25.054767], [121.547912, 25.054761], [121.548102, 25.054588], [121.548588, 25.054685], [121.548394, 25.055344], [121.548407, 25.05559], [121.548242, 25.056304], [121.548556, 25.056652], [121.547609, 25.056575], [121.547133, 25.056954], [121.546111, 25.057004], [121.546136, 25.056639], [121.544909, 25.056642], [121.544872, 25.056865], [121.544703, 25.057003], [121.544442, 25.056983], [121.544451, 25.056213], [121.546113, 25.056198], [121.546083, 25.056532], [121.545086, 25.056504], [121.544755, 25.056573], [121.544718, 25.056793], [121.544897, 25.057002], [121.545436, 25.056905], [121.545661, 25.056902], [121.545733, 25.056991], [121.545957, 25.056929], [121.545875, 25.057142], [121.545065, 25.057084], [121.544873, 25.057147], [121.544872, 25.057412], [121.545046, 25.057321], [121.545076, 25.057562], [121.545328, 25.057465], [121.545324, 25.057379], [121.545368, 25.057525], [121.545997, 25.057522], [121.546098, 25.057453], [121.547114, 25.057518], [121.54689, 25.056647], [121.546313, 25.056665], [121.546333, 25.056393], [121.545975, 25.055819], [121.545232, 25.055801], [121.545191, 25.055729], [121.544948, 25.05578], [121.544917, 25.055737], [121.545077, 25.055732], [121.544847, 25.055734], [121.544938, 25.055541], [121.544844, 25.055189], [121.544709, 25.05522], [121.54471, 25.055315], [121.544562, 25.055263], [121.544564, 25.055199], [121.545194, 25.055219], [121.544849, 25.055807], [121.544978, 25.056356], [121.545116, 25.056351], [121.544737, 25.056425], [121.54439, 25.057102], [121.544501, 25.057506], [121.54648, 25.055626], [121.546804, 25.05565], [121.547071, 25.055355], [121.547205, 25.055354], [121.547067, 25.054387], [121.547723, 25.054363], [121.547859, 25.054223], [121.547848, 25.054028], [121.54709, 25.054031], [121.547008, 25.054163], [121.546881, 25.054037], [121.546578, 25.054014], [121.546672, 25.054232], [121.546554, 25.054308], [121.54657, 25.05439], [121.546758, 25.054387], [121.546303, 25.054395], [121.546462, 25.054311], [121.546432, 25.054225], [121.546296, 25.054199], [121.546345, 25.054167], [121.546175, 25.054304], [121.546099, 25.054033], [121.545794, 25.053838], [121.54537, 25.053092], [121.545755, 25.05265], [121.545822, 25.052629], [121.545908, 25.052833], [121.545635, 25.053087], [121.545894, 25.05315], [121.546226, 25.053665], [121.546812, 25.053739], [121.546819, 25.053859], [121.546822, 25.052989], [121.547498, 25.052938], [121.5475, 25.053205], [121.547336, 25.053272], [121.547321, 25.053416], [121.547027, 25.053403], [121.547007, 25.053233], [121.547113, 25.053232], [121.547223, 25.053578], [121.547052, 25.053594], [121.547116, 25.053864], [121.547693, 25.053842], [121.5476, 25.054179], [121.547474, 25.054185], [121.548094, 25.053843], [121.548133, 25.05349], [121.548441, 25.053344], [121.548572, 25.053576], [121.548571, 25.053823], [121.548344, 25.053846], [121.548501, 25.054182], [121.547885, 25.053461], [121.547568, 25.053465], [121.547882, 25.053423], [121.547391, 25.052843], [121.546847, 25.052714], [121.546792, 25.0526], [121.546862, 25.052507], [121.547328, 25.052504], [121.54738, 25.052371], [121.547485, 25.052371], [121.547504, 25.052749], [121.547432, 25.051975], [121.544404, 25.05205], [121.544352, 25.051637], [121.545613, 25.051618], [121.545593, 25.051258], [121.545255, 25.051276], [121.545296, 25.051081], [121.545551, 25.051074], [121.545419, 25.050798], [121.544795, 25.050764], [121.5448, 25.050653], [121.545606, 25.050601], [121.545532, 25.050784], [121.545193, 25.051084], [121.544648, 25.051135], [121.544644, 25.050928], [121.544794, 25.050908], [121.544796, 25.050981], [121.544669, 25.050754], [121.544665, 25.050494], [121.544767, 25.050501], [121.544747, 25.050398], [121.544866, 25.050291], [121.545592, 25.050258], [121.545513, 25.050112], [121.545572, 25.05007], [121.545417, 25.05005], [121.545422, 25.049964], [121.545346, 25.049964], [121.545345, 25.050069], [121.545413, 25.050088], [121.544635, 25.050039], [121.544538, 25.050278], [121.54462, 25.050277], [121.544229, 25.050475], [121.54423, 25.050551], [121.544217, 25.049985], [121.544606, 25.049885], [121.544586, 25.049822], [121.545332, 25.0498], [121.544603, 25.049674], [121.544553, 25.049094], [121.544746, 25.048826], [121.544742, 25.048624], [121.54508, 25.048542], [121.545104, 25.048358], [121.545169, 25.048369], [121.544872, 25.048363], [121.54487, 25.048131], [121.54538, 25.048125], [121.545269, 25.048014], [121.544659, 25.047869], [121.544678, 25.048135], [121.544771, 25.04813], [121.544564, 25.048366], [121.544424, 25.048369], [121.544262, 25.048674], [121.544289, 25.048864], [121.544191, 25.048789], [121.544158, 25.047969], [121.544389, 25.049586], [121.544238, 25.051051], [121.544889, 25.051301], [121.545018, 25.052384], [121.544765, 25.052558], [121.544902, 25.052735], [121.54468, 25.052838], [121.544632, 25.052761], [121.54428, 25.052849], [121.544283, 25.052986], [121.544282, 25.052615], [121.545071, 25.052501], [121.545305, 25.052819], [121.54507, 25.052947], [121.545273, 25.053151], [121.545045, 25.053465], [121.545068, 25.053358], [121.545225, 25.053494], [121.54494, 25.053893], [121.545062, 25.053947], [121.545377, 25.053772], [121.545322, 25.053691], [121.545605, 25.054004], [121.545107, 25.05427], [121.545119, 25.054428], [121.544559, 25.054449], [121.544307, 25.054336], [121.544292, 25.053552], [121.544638, 25.053569], [121.544623, 25.053404], [121.544826, 25.053581], [121.544871, 25.054257], [121.545167, 25.054433], [121.5457, 25.054388], [121.546351, 25.052816], [121.546644, 25.05279], [121.546621, 25.052565], [121.545507, 25.052519], [121.546815, 25.052189], [121.546793, 25.051524], [121.548359, 25.051549], [121.548482, 25.051344], [121.548349, 25.050904], [121.54853, 25.050883], [121.548556, 25.050232], [121.547912, 25.050286], [121.547607, 25.050225], [121.547343, 25.05006], [121.54635, 25.050087], [121.546296, 25.049637], [121.546712, 25.049608], [121.546497, 25.049795], [121.546496, 25.04973], [121.546752, 25.049794], [121.547378, 25.049739], [121.547277, 25.049607], [121.546952, 25.049614], [121.547389, 25.049399], [121.547392, 25.049143], [121.546908, 25.049168], [121.546909, 25.049305], [121.547088, 25.049303], [121.546301, 25.049317], [121.546271, 25.049135], [121.546689, 25.049042], [121.546832, 25.048951], [121.546821, 25.048854], [121.54625, 25.048847], [121.546098, 25.048679], [121.547318, 25.048689], [121.547348, 25.048828], [121.546888, 25.048854], [121.547361, 25.048543], [121.547323, 25.048308], [121.546261, 25.04833], [121.548541, 25.049103], [121.548191, 25.050546], [121.547589, 25.050558], [121.547645, 25.051283], [121.547967, 25.051321], [121.547988, 25.051989]]}}, {"type": "Feature", "properties": {"district": "63000010", "segment": 12, "total_segments": 15, "km": 11.84, "villages": ["中正里", "中崙里", "福成里", "敦化里"]}, "geometry": {"type": "LineString", "coordinates": [[121.548529, 25.052764], [121.546768, 25.048075], [121.545866, 25.047924], [121.545897, 25.047788], [121.54603, 25.04777], [121.546036, 25.047588], [121.545908, 25.04754], [121.545926, 25.047208], [121.54605, 25.0472], [121.546036, 25.047425], [121.546675, 25.047537], [121.54676, 25.047885], [121.546551, 25.047664], [121.54624, 25.047619], [121.546147, 25.047189], [121.546047, 25.047054], [121.546048, 25.046825], [121.54621, 25.04671], [121.546055, 25.046661], [121.546057, 25.046455], [121.546234, 25.046436], [121.546077, 25.046314], [121.546085, 25.04604], [121.546621, 25.046037], [121.546619, 25.046215], [121.546325, 25.046219], [121.546635, 25.046506], [121.546639, 25.047036], [121.546565, 25.047217], [121.546372, 25.047189], [121.54634, 25.047079], [121.546658, 25.047309], [121.54505, 25.047439], [121.545048, 25.047573], [121.545236, 25.047596], [121.545239, 25.047712], [121.545007, 25.047686], [121.545059, 25.047699], [121.545037, 25.047602], [121.54516, 25.047599], [121.545324, 25.047702], [121.545304, 25.047786], [121.545759, 25.047902], [121.545725, 25.047542], [121.545576, 25.047541], [121.545548, 25.047205], [121.545059, 25.047207], [121.544986, 25.047272], [121.545062, 25.047015], [121.545136, 25.047018], [121.545137, 25.046936], [121.545061, 25.046936], [121.545238, 25.046824], [121.545499, 25.046822], [121.545471, 25.046701], [121.544962, 25.046707], [121.544992, 25.046468], [121.54566, 25.046428], [121.545938, 25.046497], [121.545903, 25.046707], [121.545607, 25.046708], [121.545457, 25.047085], [121.545362, 25.04709], [121.5457, 25.047201], [121.545687, 25.046202], [121.545862, 25.046207], [121.545875, 25.045789], [121.545709, 25.045706], [121.546447, 25.045715], [121.54643, 25.045804], [121.546097, 25.045797], [121.546216, 25.045317], [121.546124, 25.045317], [121.546402, 25.045318], [121.546409, 25.045508], [121.546551, 25.045317], [121.546625, 25.045319], [121.546663, 25.045833], [121.544629, 25.045436], [121.544493, 25.045346], [121.544455, 25.045443], [121.544086, 25.045457], [121.544069, 25.044984], [121.544246, 25.045105], [121.544864, 25.045161], [121.544833, 25.045281], [121.544613, 25.045295], [121.544592, 25.045571], [121.544469, 25.045573], [121.54468, 25.045569], [121.544087, 25.045575], [121.54414, 25.047346], [121.544484, 25.047588], [121.546838, 25.047065], [121.547056, 25.047118], [121.547196, 25.04704], [121.547244, 25.047117], [121.54704, 25.047238], [121.547091, 25.046793], [121.548064, 25.046789], [121.548065, 25.046582], [121.546785, 25.046583], [121.546824, 25.046794], [121.546979, 25.046793], [121.547004, 25.046315], [121.548058, 25.04632], [121.548028, 25.046125], [121.546821, 25.046113], [121.546822, 25.046314], [121.546898, 25.046314], [121.546881, 25.045858], [121.548082, 25.045867], [121.548064, 25.045691], [121.546823, 25.045674], [121.546791, 25.045857], [121.547007, 25.045308], [121.547184, 25.04529], [121.54724, 25.045428], [121.54719, 25.045445], [121.547858, 25.045416], [121.547866, 25.045217], [121.548029, 25.0452], [121.548068, 25.045262], [121.547966, 25.045273], [121.548045, 25.045524], [121.547748, 25.045299], [121.547799, 25.045225], [121.547442, 25.045264], [121.547414, 25.045337], [121.54767, 25.045308], [121.548483, 25.045582], [121.548372, 25.045931], [121.548536, 25.045986], [121.548476, 25.047891], [121.547826, 25.047714], [121.547826, 25.047441], [121.547495, 25.047488], [121.547277, 25.048053], [121.546897, 25.048084], [121.548018, 25.047039], [121.548238, 25.045991], [121.549265, 25.04578], [121.549315, 25.045923], [121.549275, 25.045134], [121.549568, 25.045321], [121.549813, 25.045613], [121.550625, 25.0456], [121.550626, 25.045519], [121.550481, 25.045517], [121.550406, 25.045403], [121.550289, 25.045383], [121.550097, 25.045385], [121.550095, 25.045522], [121.549908, 25.045524], [121.549919, 25.045386], [121.549829, 25.045386], [121.549819, 25.045244], [121.550077, 25.045243], [121.550001, 25.045006], [121.54977, 25.04499], [121.550629, 25.044898], [121.550655, 25.045029], [121.55077, 25.045042], [121.550802, 25.045276], [121.551901, 25.045245], [121.551876, 25.045416], [121.550786, 25.045383], [121.55079, 25.045718], [121.551885, 25.045689], [121.55187, 25.045858], [121.549949, 25.04586], [121.549908, 25.045723], [121.549792, 25.045723], [121.549789, 25.0461], [121.552396, 25.046076], [121.552412, 25.045463], [121.552242, 25.04539], [121.552244, 25.045256], [121.552384, 25.045149], [121.552377, 25.044732], [121.552124, 25.044749], [121.552129, 25.045112], [121.551495, 25.045046], [121.551495, 25.044941], [121.551295, 25.044984], [121.551235, 25.044875], [121.551284, 25.044808], [121.551917, 25.044766], [121.551916, 25.044934], [121.551595, 25.044951], [121.551387, 25.045109], [121.551074, 25.045035], [121.55106, 25.044878], [121.551138, 25.044876], [121.550773, 25.044879], [121.55057, 25.045215], [121.550377, 25.045216], [121.550497, 25.045383], [121.550753, 25.045455], [121.550756, 25.045654], [121.550602, 25.045735], [121.550074, 25.045734], [121.550077, 25.046267], [121.549802, 25.046252], [121.549736, 25.046355], [121.549832, 25.046573], [121.550243, 25.046569], [121.550254, 25.046729], [121.549767, 25.046753], [121.549806, 25.047068], [121.5506, 25.0471], [121.550574, 25.047248], [121.549865, 25.047248], [121.549807, 25.047546], [121.550649, 25.047569], [121.550585, 25.047378], [121.550777, 25.04724], [121.551019, 25.047238], [121.550989, 25.047064], [121.5508, 25.047064], [121.550786, 25.046728], [121.551861, 25.04673], [121.551834, 25.046564], [121.551961, 25.046564], [121.552123, 25.04659], [121.552126, 25.047129], [121.552238, 25.047117], [121.552101, 25.0472], [121.552282, 25.047268], [121.552244, 25.047345], [121.552102, 25.047413], [121.552103, 25.047269], [121.551808, 25.047323], [121.55164, 25.047199], [121.551678, 25.047059], [121.551951, 25.047061], [121.551398, 25.046913], [121.551363, 25.0471], [121.551081, 25.047063], [121.551053, 25.047556], [121.550821, 25.047556], [121.55241, 25.04756], [121.552447, 25.046736], [121.552362, 25.046252], [121.550784, 25.046271], [121.550771, 25.046527], [121.55169, 25.046564], [121.552123, 25.046503], [121.552138, 25.045511], [121.55066, 25.046728], [121.550327, 25.046728], [121.55025, 25.046264], [121.549625, 25.046086], [121.54929, 25.04633], [121.549295, 25.04786], [121.549827, 25.048039], [121.550161, 25.047948], [121.55108, 25.048074], [121.552196, 25.04808], [121.552475, 25.047933], [121.552477, 25.047713], [121.551233, 25.047696]]}}, {"type": "Feature", "properties": {"district": "63000010", "segment": 13, "total_segments": 15, "km": 9.6, "villages": ["吉仁里", "復源里", "復建里"]}, "geometry": {"type": "LineString", "coordinates": [[121.55258, 25.047514], [121.552564, 25.046826], [121.552673, 25.046711], [121.552958, 25.046714], [121.552981, 25.046582], [121.553242, 25.046569], [121.553263, 25.046715], [121.553368, 25.046672], [121.553424, 25.046751], [121.553391, 25.047132], [121.553539, 25.047065], [121.553582, 25.046759], [121.553688, 25.046727], [121.553618, 25.046617], [121.553437, 25.046579], [121.553479, 25.04629], [121.55383, 25.046287], [121.553686, 25.046111], [121.553848, 25.044735], [121.553891, 25.044603], [121.553956, 25.044612], [121.553694, 25.044659], [121.553487, 25.044595], [121.553459, 25.044733], [121.553203, 25.044656], [121.552532, 25.044738], [121.552533, 25.04491], [121.55292, 25.044897], [121.553029, 25.045007], [121.553273, 25.045033], [121.553344, 25.044901], [121.553603, 25.044932], [121.553609, 25.045104], [121.553547, 25.045278], [121.553014, 25.045222], [121.552897, 25.045294], [121.552657, 25.045271], [121.552708, 25.045474], [121.552902, 25.045399], [121.553574, 25.04551], [121.553558, 25.045813], [121.553504, 25.046075], [121.552719, 25.046087], [121.552548, 25.04605], [121.55265, 25.045826], [121.55327, 25.045841], [121.553362, 25.045741], [121.552847, 25.045634], [121.552666, 25.045703], [121.552717, 25.046243], [121.553149, 25.046264], [121.552897, 25.046566], [121.552561, 25.046537], [121.552581, 25.046274], [121.553121, 25.046718], [121.553162, 25.046896], [121.553154, 25.047132], [121.552768, 25.047174], [121.552763, 25.047346], [121.552892, 25.047305], [121.55299, 25.047461], [121.552969, 25.047575], [121.552624, 25.04758], [121.553226, 25.047575], [121.553346, 25.047549], [121.553368, 25.047309], [121.55304, 25.047296], [121.553508, 25.047341], [121.553491, 25.047492], [121.553521, 25.04723], [121.553614, 25.047212], [121.553629, 25.047089], [121.553899, 25.04712], [121.554049, 25.046919], [121.553857, 25.046789], [121.55365, 25.04645], [121.553838, 25.047755], [121.553789, 25.047636], [121.553731, 25.047663], [121.553888, 25.047635], [121.553937, 25.047753], [121.553987, 25.047634], [121.554014, 25.048052], [121.553737, 25.048064], [121.554085, 25.048049], [121.553298, 25.047912], [121.553328, 25.047689], [121.553253, 25.048081], [121.552732, 25.048061], [121.553983, 25.047312], [121.553466, 25.045053], [121.553189, 25.044836], [121.552903, 25.045082], [121.552651, 25.045055], [121.553639, 25.044754], [121.554017, 25.044749], [121.554276, 25.044807], [121.554264, 25.044875], [121.554433, 25.044867], [121.554462, 25.044684], [121.554124, 25.044639], [121.554424, 25.044926], [121.554397, 25.045088], [121.555189, 25.045149], [121.555244, 25.045037], [121.555162, 25.044999], [121.554584, 25.044931], [121.554854, 25.044762], [121.555424, 25.04487], [121.555358, 25.045366], [121.554232, 25.045288], [121.554257, 25.045039], [121.554208, 25.045432], [121.554343, 25.045412], [121.55412, 25.045713], [121.554095, 25.045862], [121.554066, 25.046148], [121.554282, 25.046069], [121.554333, 25.04619], [121.555086, 25.04629], [121.555006, 25.046495], [121.554826, 25.046473], [121.554798, 25.046715], [121.555103, 25.046748], [121.555282, 25.045945], [121.554281, 25.045819], [121.554654, 25.045734], [121.555268, 25.045786], [121.555357, 25.045616], [121.555323, 25.0455], [121.554838, 25.045455], [121.554114, 25.046341], [121.554219, 25.046729], [121.55411, 25.046872], [121.55487, 25.046936], [121.554842, 25.047204], [121.555104, 25.047233], [121.555154, 25.047034], [121.555028, 25.047747], [121.554852, 25.047776], [121.554828, 25.047583], [121.554341, 25.047573], [121.554278, 25.047637], [121.554337, 25.047671], [121.554718, 25.047715], [121.554726, 25.047999], [121.554168, 25.048052], [121.554215, 25.047352], [121.554968, 25.047364], [121.554778, 25.047197], [121.554214, 25.047108], [121.554227, 25.046996], [121.554207, 25.047169], [121.554056, 25.047322], [121.554777, 25.047995], [121.555004, 25.047977], [121.555161, 25.04796], [121.556185, 25.04792], [121.557406, 25.048044], [121.55764, 25.047916], [121.557643, 25.047702], [121.555357, 25.047395], [121.555409, 25.047287], [121.556738, 25.047449], [121.5568, 25.04739], [121.556786, 25.047456], [121.556949, 25.047477], [121.556984, 25.047364], [121.557139, 25.047387], [121.557099, 25.047496], [121.556913, 25.047355], [121.556944, 25.047161], [121.556455, 25.047105], [121.556487, 25.04723], [121.556598, 25.047242], [121.556598, 25.047317], [121.5565, 25.047304], [121.556649, 25.04732], [121.556995, 25.047167], [121.557144, 25.047209], [121.557242, 25.046559], [121.557168, 25.046546], [121.557619, 25.046488], [121.557602, 25.045297], [121.557323, 25.045384], [121.556865, 25.045328], [121.55674, 25.045213], [121.556761, 25.045116], [121.557268, 25.045215], [121.557108, 25.045506], [121.557282, 25.045792], [121.557265, 25.046023], [121.556825, 25.045992], [121.556814, 25.046155], [121.557353, 25.046222], [121.556901, 25.045739], [121.556939, 25.045557], [121.556679, 25.045439], [121.556691, 25.045361], [121.556386, 25.045143], [121.556306, 25.045132], [121.556334, 25.045252], [121.556204, 25.045236], [121.556194, 25.045117], [121.555781, 25.045096], [121.555587, 25.045027], [121.555597, 25.044953], [121.555534, 25.045181], [121.555769, 25.045193], [121.555821, 25.044979], [121.556322, 25.045039], [121.556561, 25.045205], [121.556525, 25.045521], [121.555519, 25.045396], [121.555447, 25.045791], [121.555555, 25.045856], [121.556426, 25.045907], [121.556605, 25.045876], [121.556615, 25.045814], [121.556446, 25.045667], [121.555706, 25.045546], [121.555697, 25.045616], [121.555662, 25.045541], [121.555639, 25.045996], [121.555714, 25.046005], [121.555497, 25.046018], [121.555385, 25.04633], [121.55634, 25.046433], [121.556427, 25.046333], [121.556419, 25.046103], [121.555928, 25.04603], [121.555908, 25.046593], [121.556296, 25.046642], [121.556222, 25.04691], [121.555401, 25.046785], [121.555385, 25.047029], [121.556008, 25.047101], [121.556312, 25.04692], [121.555744, 25.046573], [121.555433, 25.046535], [121.555281, 25.047247], [121.555349, 25.047257], [121.55521, 25.047417], [121.555168, 25.047718], [121.556015, 25.047677], [121.556013, 25.047753], [121.556342, 25.047765], [121.556602, 25.046133]]}}, {"type": "Feature", "properties": {"district": "63000010", "segment": 14, "total_segments": 15, "km": 12.98, "villages": ["復盛里", "復勢里"]}, "geometry": {"type": "LineString", "coordinates": [[121.557924, 25.046073], [121.557933, 25.045833], [121.558075, 25.045815], [121.559346, 25.045991], [121.559243, 25.046764], [121.558401, 25.046683], [121.558374, 25.046844], [121.558047, 25.046814], [121.558065, 25.047155], [121.558501, 25.047185], [121.558439, 25.047431], [121.558754, 25.047393], [121.558743, 25.047474], [121.55886, 25.047486], [121.558872, 25.047407], [121.559171, 25.047418], [121.559131, 25.047686], [121.558038, 25.0476], [121.557965, 25.047801], [121.558064, 25.048112], [121.558719, 25.048176], [121.558734, 25.048085], [121.558774, 25.048179], [121.560858, 25.048379], [121.561095, 25.048118], [121.56093, 25.04803], [121.559266, 25.047879], [121.559288, 25.047716], [121.559872, 25.047736], [121.559924, 25.047673], [121.559913, 25.04774], [121.560002, 25.047749], [121.559974, 25.047677], [121.560085, 25.047687], [121.56007, 25.047756], [121.560232, 25.047799], [121.560955, 25.047872], [121.561007, 25.047683], [121.560288, 25.047541], [121.560297, 25.047411], [121.560984, 25.047492], [121.561023, 25.047277], [121.560827, 25.047256], [121.560817, 25.047334], [121.560893, 25.047342], [121.560711, 25.047322], [121.560724, 25.047245], [121.560427, 25.04729], [121.560533, 25.047063], [121.560351, 25.047042], [121.560366, 25.046919], [121.561044, 25.046997], [121.561021, 25.047118], [121.560657, 25.047077], [121.560651, 25.046722], [121.56107, 25.046847], [121.561039, 25.046686], [121.560777, 25.046581], [121.560396, 25.046622], [121.560369, 25.046725], [121.560489, 25.046738], [121.560183, 25.046665], [121.560171, 25.046731], [121.559986, 25.046713], [121.560079, 25.046496], [121.559827, 25.046468], [121.559793, 25.046344], [121.559464, 25.046309], [121.559398, 25.046804], [121.560149, 25.046893], [121.560132, 25.047019], [121.559421, 25.046936], [121.559386, 25.04717], [121.559496, 25.047183], [121.559508, 25.047103], [121.559612, 25.047116], [121.559599, 25.047196], [121.559783, 25.047218], [121.559795, 25.047138], [121.559714, 25.047128], [121.559986, 25.047161], [121.559884, 25.04737], [121.560092, 25.047394], [121.560097, 25.047528], [121.559303, 25.047463], [121.559369, 25.047311], [121.559765, 25.047357], [121.560109, 25.047257], [121.560121, 25.047178], [121.56033, 25.047202], [121.560318, 25.047278], [121.559793, 25.046691], [121.559875, 25.046627], [121.559681, 25.046603], [121.55967, 25.046676], [121.559686, 25.046453], [121.559572, 25.046437], [121.559906, 25.046357], [121.560223, 25.046391], [121.560202, 25.046522], [121.560496, 25.046439], [121.55968, 25.046058], [121.559483, 25.046093], [121.55956, 25.04601], [121.559144, 25.04622], [121.557935, 25.046124], [121.557929, 25.045439], [121.558515, 25.045646], [121.558494, 25.045736], [121.558261, 25.04572], [121.558776, 25.045777], [121.558861, 25.045715], [121.558813, 25.045681], [121.558895, 25.04579], [121.559116, 25.04581], [121.559035, 25.046373], [121.559121, 25.046384], [121.559089, 25.046614], [121.55885, 25.046585], [121.558869, 25.046498], [121.558643, 25.046559], [121.558657, 25.046388], [121.558881, 25.046355], [121.55902, 25.046535], [121.558917, 25.046896], [121.558444, 25.046852], [121.558569, 25.046377], [121.558381, 25.046285], [121.557953, 25.046571], [121.55826, 25.047336], [121.558251, 25.047407], [121.558061, 25.047431], [121.558278, 25.047781], [121.559078, 25.04786], [121.559221, 25.047004], [121.559219, 25.046914], [121.55915, 25.046906], [121.559032, 25.046909], [121.558887, 25.047257], [121.558792, 25.047244], [121.560071, 25.048051], [121.56108, 25.048401], [121.561435, 25.048435], [121.561449, 25.04836], [121.561474, 25.048439], [121.561504, 25.047765], [121.561236, 25.04774], [121.561227, 25.047832], [121.562965, 25.048129], [121.562947, 25.048241], [121.562999, 25.047903], [121.563193, 25.048167], [121.564063, 25.048268], [121.564092, 25.048133], [121.563299, 25.048041], [121.563287, 25.047667], [121.563578, 25.047724], [121.563612, 25.047849], [121.564027, 25.047891], [121.564895, 25.048169], [121.564854, 25.048359], [121.564273, 25.048176], [121.564262, 25.048301], [121.564979, 25.048526], [121.565149, 25.048501], [121.565158, 25.048418], [121.564919, 25.048379], [121.564807, 25.048761], [121.563533, 25.048652], [121.563457, 25.048579], [121.562993, 25.048597], [121.56339, 25.047741], [121.564039, 25.048541], [121.564445, 25.048483], [121.564883, 25.048785], [121.565185, 25.048811], [121.565478, 25.048613], [121.565528, 25.048497], [121.557668, 25.048654], [121.55766, 25.048342], [121.557508, 25.048287], [121.555852, 25.048154], [121.554305, 25.048263], [121.554287, 25.048459], [121.554378, 25.048571], [121.554552, 25.048567], [121.554555, 25.048685], [121.554382, 25.048691], [121.554404, 25.048981], [121.554607, 25.048976], [121.554576, 25.048874], [121.554508, 25.048877], [121.554758, 25.048867], [121.55475, 25.048973], [121.554947, 25.048968], [121.554878, 25.048863], [121.555011, 25.0488], [121.555012, 25.048724], [121.554881, 25.048673], [121.554867, 25.048558], [121.554686, 25.048563], [121.554684, 25.04868], [121.554745, 25.048678], [121.555008, 25.048493], [121.555258, 25.048564], [121.556386, 25.048462], [121.556396, 25.048612], [121.556655, 25.048692], [121.557041, 25.048671], [121.557073, 25.048784], [121.557281, 25.048845], [121.557086, 25.048996], [121.556646, 25.048868], [121.556496, 25.049011], [121.55638, 25.048982], [121.55645, 25.049341], [121.556271, 25.049503], [121.555512, 25.049514], [121.555473, 25.049403], [121.555376, 25.049405], [121.555175, 25.049578], [121.555271, 25.049712], [121.557468, 25.049681], [121.557536, 25.049162], [121.557668, 25.049185], [121.557712, 25.05071], [121.557472, 25.050896], [121.55659, 25.050919], [121.556709, 25.051034], [121.556529, 25.05125], [121.556448, 25.051251], [121.556454, 25.05138], [121.557619, 25.051357], [121.55712, 25.051025], [121.557189, 25.050638], [121.556517, 25.050625], [121.556576, 25.050467], [121.5575, 25.05045], [121.557415, 25.050612], [121.557419, 25.050196], [121.555385, 25.050251], [121.555438, 25.050111], [121.556279, 25.050095], [121.55625, 25.049867], [121.555238, 25.049882], [121.555176, 25.050091], [121.55494, 25.050037], [121.554929, 25.049937], [121.554739, 25.049949], [121.554739, 25.050042], [121.55471, 25.049725], [121.554615, 25.049726], [121.554613, 25.04945], [121.555003, 25.049396], [121.554943, 25.049285], [121.554752, 25.049288], [121.554753, 25.049159], [121.555204, 25.049139], [121.555326, 25.049137], [121.555363, 25.049256], [121.55622, 25.049245], [121.55623, 25.049386], [121.555592, 25.0494], [121.555597, 25.049134], [121.555918, 25.049113], [121.555856, 25.04893], [121.555432, 25.048886], [121.5553, 25.048939], [121.555321, 25.04888], [121.555151, 25.048851], [121.555193, 25.048933], [121.55518, 25.048655], [121.556137, 25.048704], [121.55628, 25.048796], [121.556229, 25.049086], [121.55644, 25.048806], [121.556794, 25.049146], [121.557017, 25.04921], [121.557171, 25.049063], [121.557359, 25.04912], [121.557671, 25.048853], [121.557666, 25.048715], [121.557323, 25.048595], [121.557353, 25.048501], [121.557424, 25.048522], [121.556777, 25.04922], [121.557096, 25.049817], [121.55715, 25.050096], [121.557245, 25.050092], [121.556451, 25.050469], [121.556312, 25.050448], [121.556244, 25.05064], [121.555628, 25.050652], [121.555649, 25.05049], [121.555357, 25.050499], [121.555179, 25.050381], [121.555197, 25.050839], [121.555628, 25.050919], [121.556276, 25.050903], [121.556313, 25.051053], [121.555974, 25.051051], [121.556005, 25.051387], [121.556261, 25.051356], [121.555364, 25.051374], [121.55575, 25.050487], [121.556082, 25.050477], [121.556454, 25.050811], [121.554947, 25.04972], [121.554835, 25.049722], [121.554838, 25.049549], [121.554726, 25.049554], [121.554956, 25.049541], [121.555171, 25.049394], [121.55517, 25.0493], [121.554426, 25.049163], [121.554575, 25.04929], [121.554416, 25.049372], [121.55515, 25.048408]]}}, {"type": "Feature", "properties": {"district": "63000010", "segment": 15, "total_segments": 15, "km": 13.92, "villages": ["美仁里", "東勢里", "中華里"]}, "geometry": {"type": "LineString", "coordinates": [[121.554161, 25.048541], [121.553869, 25.048546], [121.553794, 25.048671], [121.553663, 25.048706], [121.553646, 25.048897], [121.553533, 25.048908], [121.553543, 25.049201], [121.553387, 25.049208], [121.553358, 25.049061], [121.553222, 25.049074], [121.553135, 25.048575], [121.553066, 25.048561], [121.553074, 25.04871], [121.552954, 25.048714], [121.552967, 25.049184], [121.553126, 25.049218], [121.553223, 25.049144], [121.552982, 25.049344], [121.552757, 25.049372], [121.552823, 25.050378], [121.552896, 25.050305], [121.552818, 25.05066], [121.552902, 25.050852], [121.552566, 25.05117], [121.552505, 25.05143], [121.553037, 25.051324], [121.553462, 25.051447], [121.5549, 25.051431], [121.554893, 25.051272], [121.554148, 25.05118], [121.554131, 25.051061], [121.55398, 25.051091], [121.554722, 25.051019], [121.5546, 25.050786], [121.554211, 25.050835], [121.554209, 25.050904], [121.553728, 25.0507], [121.553722, 25.050595], [121.55383, 25.050598], [121.553588, 25.050622], [121.553586, 25.050741], [121.553379, 25.05075], [121.553588, 25.050557], [121.553469, 25.050427], [121.553743, 25.050864], [121.553726, 25.051168], [121.553545, 25.051004], [121.554298, 25.05057], [121.554255, 25.050254], [121.554349, 25.04964], [121.553141, 25.049714], [121.553136, 25.049767], [121.553134, 25.049439], [121.552737, 25.049177], [121.552743, 25.048555], [121.552894, 25.048433], [121.552924, 25.048541], [121.552947, 25.048312], [121.55406, 25.048279], [121.554062, 25.048364], [121.55411, 25.048276], [121.553941, 25.048698], [121.553876, 25.0487], [121.554172, 25.048692], [121.554178, 25.048857], [121.55398, 25.048899], [121.553532, 25.048848], [121.553524, 25.048575], [121.553305, 25.048609], [121.553354, 25.048755], [121.552757, 25.048313], [121.552017, 25.048351], [121.550144, 25.04893], [121.550952, 25.049887], [121.550928, 25.051424], [121.551958, 25.051327], [121.549954, 25.051356], [121.554206, 25.049082], [121.554263, 25.051828], [121.552721, 25.051853], [121.552707, 25.05217], [121.552898, 25.052208], [121.552869, 25.052316], [121.553079, 25.052312], [121.55312, 25.052186], [121.553314, 25.052192], [121.553331, 25.052837], [121.553201, 25.052913], [121.553197, 25.052999], [121.553333, 25.053009], [121.553341, 25.053282], [121.555005, 25.053186], [121.555, 25.053027], [121.553829, 25.053046], [121.55358, 25.052987], [121.553641, 25.052374], [121.5535, 25.052186], [121.553633, 25.052027], [121.55392, 25.052142], [121.553943, 25.052339], [121.554979, 25.052353], [121.554975, 25.052072], [121.554955, 25.052139], [121.554168, 25.052166], [121.553803, 25.052343], [121.553814, 25.052623], [121.555007, 25.052597], [121.554943, 25.05277], [121.553818, 25.052795], [121.553898, 25.053318], [121.555827, 25.053436], [121.556008, 25.053398], [121.555854, 25.053217], [121.555256, 25.053223], [121.555254, 25.053056], [121.556478, 25.053032], [121.556384, 25.053176], [121.556085, 25.053178], [121.556202, 25.053458], [121.556564, 25.053409], [121.556697, 25.052849], [121.556792, 25.052772], [121.556977, 25.052274], [121.556465, 25.052279], [121.556482, 25.05236], [121.556612, 25.052378], [121.556609, 25.052452], [121.556484, 25.05248], [121.556486, 25.052571], [121.556671, 25.052594], [121.556496, 25.052748], [121.555246, 25.052777], [121.555283, 25.052591], [121.555213, 25.052541], [121.556307, 25.052562], [121.556299, 25.052275], [121.556148, 25.052248], [121.556128, 25.05212], [121.555235, 25.052137], [121.555236, 25.052312], [121.555971, 25.052298], [121.556254, 25.052118], [121.556466, 25.052104], [121.556321, 25.051772], [121.556206, 25.051776], [121.557017, 25.05176], [121.55708, 25.052], [121.557037, 25.05212], [121.556872, 25.052132], [121.55595, 25.051782], [121.554397, 25.051824], [121.552948, 25.052763], [121.552711, 25.052756], [121.552717, 25.052923], [121.552924, 25.052928], [121.552939, 25.05325], [121.553101, 25.053258], [121.552751, 25.053242], [121.552702, 25.052372], [121.552495, 25.052508], [121.552297, 25.052497], [121.55229, 25.052292], [121.552432, 25.052291], [121.552449, 25.052729], [121.552302, 25.052729], [121.552308, 25.052883], [121.552455, 25.052881], [121.552385, 25.053027], [121.552531, 25.053066], [121.552451, 25.053245], [121.550521, 25.053245], [121.550468, 25.052924], [121.551026, 25.052926], [121.551017, 25.052785], [121.550713, 25.052792], [121.550692, 25.052556], [121.550929, 25.052551], [121.550944, 25.052634], [121.550856, 25.052636], [121.551041, 25.052633], [121.551041, 25.052275], [121.550634, 25.052284], [121.550675, 25.052395], [121.550522, 25.052402], [121.550897, 25.052389], [121.550858, 25.051906], [121.549637, 25.05192], [121.549406, 25.052323], [121.549583, 25.052663], [121.54977, 25.052524], [121.549765, 25.052964], [121.549553, 25.053166], [121.549915, 25.053229], [121.54996, 25.053716], [121.551054, 25.053693], [121.551064, 25.053845], [121.549835, 25.05388], [121.549858, 25.053718], [121.549342, 25.05373], [121.549341, 25.053637], [121.549353, 25.054087], [121.549439, 25.054135], [121.549466, 25.054025], [121.549538, 25.054025], [121.549503, 25.054104], [121.549574, 25.054103], [121.549574, 25.054023], [121.549604, 25.054232], [121.549539, 25.054153], [121.54947, 25.054232], [121.550771, 25.054213], [121.551044, 25.054084], [121.551035, 25.054006], [121.551236, 25.053843], [121.551993, 25.05383], [121.552051, 25.053858], [121.55205, 25.054152], [121.551423, 25.054186], [121.551476, 25.054319], [121.552045, 25.054366], [121.552432, 25.054316], [121.55237, 25.054132], [121.552282, 25.054155], [121.552368, 25.054033], [121.552509, 25.054032], [121.552519, 25.054128], [121.552621, 25.053996], [121.552509, 25.053824], [121.552295, 25.053829], [121.551996, 25.053675], [121.551227, 25.053689], [121.551225, 25.053424], [121.551978, 25.053407], [121.552104, 25.053561], [121.552723, 25.053788], [121.552811, 25.053918], [121.552696, 25.05415], [121.55282, 25.054641], [121.552612, 25.05467], [121.552612, 25.054604], [121.552481, 25.054606], [121.552481, 25.054675], [121.552313, 25.054675], [121.552314, 25.054605], [121.552271, 25.055197], [121.552109, 25.05502], [121.552107, 25.054822], [121.551932, 25.054611], [121.551833, 25.054611], [121.551595, 25.054876], [121.550084, 25.054862], [121.550124, 25.054649], [121.550549, 25.054636], [121.550479, 25.054413], [121.55009, 25.05442], [121.549434, 25.054709], [121.549405, 25.055442], [121.549676, 25.055523], [121.549677, 25.055455], [121.549675, 25.055594], [121.550034, 25.055634], [121.550127, 25.055894], [121.550869, 25.055985], [121.551058, 25.055763], [121.550941, 25.055697], [121.551036, 25.055557], [121.551434, 25.055772], [121.551518, 25.055853], [121.551448, 25.055949], [121.551599, 25.056041], [121.55167, 25.055948], [121.551403, 25.056278], [121.551249, 25.056206], [121.551307, 25.056109], [121.551099, 25.055987], [121.550852, 25.056301], [121.550712, 25.05621], [121.550774, 25.056121], [121.550749, 25.055835], [121.550616, 25.05581], [121.550591, 25.055552], [121.550386, 25.055666], [121.550302, 25.055629], [121.550038, 25.055496], [121.550007, 25.055265], [121.550053, 25.055127], [121.550261, 25.055149], [121.550216, 25.055288], [121.550434, 25.05519], [121.551192, 25.055307], [121.551185, 25.055134], [121.550453, 25.055021], [121.550808, 25.054626], [121.551126, 25.054619], [121.551145, 25.054394], [121.550821, 25.0544], [121.551425, 25.055162], [121.551651, 25.055177], [121.551659, 25.05533], [121.551404, 25.05532], [121.55186, 25.055337], [121.551836, 25.055189], [121.551181, 25.055832], [121.55073, 25.055464], [121.551186, 25.056329], [121.552044, 25.056509], [121.551085, 25.05345], [121.55041, 25.053463], [121.551196, 25.052931], [121.552184, 25.052912], [121.551058, 25.051892], [121.55095, 25.051894]]}}]}