{"type": "FeatureCollection", "features": [{"type": "Feature", "properties": {"district": "63000030", "segment": 1, "total_segments": 25, "km": 14.09, "villages": ["仁愛里", "光武里"]}, "geometry": {"type": "LineString", "coordinates": [[121.546001, 25.041161], [121.546003, 25.04073], [121.545892, 25.040646], [121.545127, 25.040802], [121.545124, 25.040724], [121.544702, 25.040717], [121.54484, 25.040516], [121.545119, 25.040481], [121.545118, 25.040311], [121.544972, 25.040272], [121.545116, 25.04012], [121.54511, 25.039903], [121.544644, 25.039901], [121.544654, 25.040126], [121.544531, 25.040125], [121.544715, 25.040338], [121.544257, 25.040615], [121.544168, 25.040823], [121.543976, 25.040782], [121.544018, 25.041413], [121.544536, 25.041402], [121.544517, 25.041108], [121.544673, 25.041101], [121.544749, 25.041398], [121.545971, 25.041369], [121.546224, 25.041068], [121.546347, 25.041063], [121.546263, 25.040906], [121.546647, 25.040876], [121.547014, 25.040911], [121.547, 25.041021], [121.546929, 25.041021], [121.547082, 25.041092], [121.547045, 25.041353], [121.546515, 25.041364], [121.546577, 25.041071], [121.546667, 25.04107], [121.546668, 25.040648], [121.546601, 25.040505], [121.546215, 25.040519], [121.546198, 25.040662], [121.547008, 25.040659], [121.546904, 25.040493], [121.547252, 25.040483], [121.547249, 25.040244], [121.547432, 25.04005], [121.54745, 25.039859], [121.547923, 25.039859], [121.547951, 25.040084], [121.547678, 25.040088], [121.547684, 25.040267], [121.547485, 25.040257], [121.547491, 25.040484], [121.547568, 25.040484], [121.547988, 25.04046], [121.547985, 25.040248], [121.547839, 25.040247], [121.547782, 25.040668], [121.547921, 25.040666], [121.547905, 25.040805], [121.547395, 25.040817], [121.547457, 25.040674], [121.547353, 25.040676], [121.547412, 25.041047], [121.547687, 25.041071], [121.547341, 25.041351], [121.547242, 25.041353], [121.548442, 25.041331], [121.548466, 25.040963], [121.548367, 25.040983], [121.54844, 25.039328], [121.548005, 25.038857], [121.547233, 25.038895], [121.547182, 25.038721], [121.54745, 25.038636], [121.548413, 25.038708], [121.547936, 25.038327], [121.547359, 25.038178], [121.54622, 25.038207], [121.546165, 25.038494], [121.5464, 25.038545], [121.546372, 25.038676], [121.546166, 25.03868], [121.546166, 25.038757], [121.54597, 25.038733], [121.545971, 25.038811], [121.545706, 25.038917], [121.545477, 25.038918], [121.545475, 25.0391], [121.545293, 25.039149], [121.54529, 25.039227], [121.544661, 25.03913], [121.544618, 25.038962], [121.544539, 25.038959], [121.544935, 25.038945], [121.545102, 25.03886], [121.545104, 25.038757], [121.544936, 25.03872], [121.54485, 25.038548], [121.54446, 25.038545], [121.544534, 25.038694], [121.544685, 25.038703], [121.543917, 25.038629], [121.543943, 25.039641], [121.544614, 25.03965], [121.544705, 25.039351], [121.545049, 25.039369], [121.545022, 25.039605], [121.545313, 25.039601], [121.545312, 25.039542], [121.545317, 25.039705], [121.545604, 25.039717], [121.545663, 25.039894], [121.54593, 25.039873], [121.545969, 25.03967], [121.545819, 25.039731], [121.54576, 25.039472], [121.545691, 25.039472], [121.545934, 25.039466], [121.545754, 25.039321], [121.545488, 25.03933], [121.545504, 25.039883], [121.545399, 25.039899], [121.545606, 25.040088], [121.545974, 25.040114], [121.545993, 25.040497], [121.546204, 25.040269], [121.546585, 25.040256], [121.546595, 25.040101], [121.546739, 25.0401], [121.546792, 25.039883], [121.54726, 25.03985], [121.547208, 25.040048], [121.54705, 25.04012], [121.546664, 25.039885], [121.546386, 25.039881], [121.546247, 25.039917], [121.546181, 25.040085], [121.546436, 25.040121], [121.546319, 25.039711], [121.546166, 25.039693], [121.546221, 25.039424], [121.546373, 25.039426], [121.546439, 25.039311], [121.546579, 25.039416], [121.546633, 25.039305], [121.547055, 25.039266], [121.547064, 25.039473], [121.546767, 25.039434], [121.54681, 25.039687], [121.546904, 25.039687], [121.546585, 25.0397], [121.546181, 25.039268], [121.546181, 25.03915], [121.54691, 25.039028], [121.546706, 25.038897], [121.546334, 25.0389], [121.546493, 25.038675], [121.546617, 25.038651], [121.547044, 25.038649], [121.547048, 25.038896], [121.547029, 25.038496], [121.54728, 25.038513], [121.545915, 25.038209], [121.5455, 25.038216], [121.545397, 25.03839], [121.545017, 25.038227], [121.544213, 25.038271], [121.543913, 25.038532], [121.544159, 25.039132], [121.544223, 25.03997], [121.544159, 25.040473], [121.54485, 25.041084], [121.545585, 25.041081], [121.54571, 25.041061], [121.54572, 25.040927], [121.545524, 25.040928], [121.545905, 25.040918], [121.545591, 25.040403], [121.545357, 25.040481], [121.54535, 25.04033], [121.545318, 25.041239], [121.545962, 25.039086], [121.545666, 25.039086], [121.545683, 25.038718], [121.545278, 25.038766], [121.545275, 25.038859], [121.544984, 25.041779], [121.544883, 25.041902], [121.545965, 25.041791], [121.546649, 25.041974], [121.547086, 25.041759], [121.547106, 25.041983], [121.547525, 25.041755], [121.547955, 25.041754], [121.547951, 25.041951], [121.547623, 25.041941], [121.547898, 25.041864], [121.548268, 25.042184], [121.548211, 25.042386], [121.54829, 25.042692], [121.5482, 25.042693], [121.548201, 25.042869], [121.548283, 25.042867], [121.548283, 25.042996], [121.54821, 25.042996], [121.548191, 25.043146], [121.548296, 25.043176], [121.54829, 25.043288], [121.548019, 25.043193], [121.546413, 25.043218], [121.54629, 25.043281], [121.545602, 25.043202], [121.545696, 25.043028], [121.547125, 25.043018], [121.547141, 25.042884], [121.547281, 25.042989], [121.548029, 25.043034], [121.547994, 25.042724], [121.546468, 25.042748], [121.546283, 25.042763], [121.546286, 25.042843], [121.546307, 25.042247], [121.546802, 25.042303], [121.546792, 25.042521], [121.546522, 25.042523], [121.546897, 25.042554], [121.5471, 25.042555], [121.54711, 25.042343], [121.547291, 25.042333], [121.547376, 25.042526], [121.54795, 25.042519], [121.547967, 25.04227], [121.547292, 25.042272], [121.547327, 25.043476], [121.548207, 25.043483], [121.548496, 25.043462], [121.548499, 25.0419], [121.54829, 25.041748], [121.548513, 25.043631], [121.546302, 25.04368], [121.546291, 25.043746], [121.546108, 25.043767], [121.546061, 25.043695], [121.544666, 25.043699], [121.544619, 25.043544], [121.544719, 25.04347], [121.54485, 25.043539], [121.545152, 25.043506], [121.545126, 25.043242], [121.544634, 25.043222], [121.544719, 25.043044], [121.54521, 25.042956], [121.545347, 25.042774], [121.545601, 25.042769], [121.545533, 25.043014], [121.545214, 25.043241], [121.545211, 25.042709], [121.544088, 25.042765], [121.544029, 25.042939], [121.54406, 25.043908], [121.544258, 25.043912], [121.544069, 25.044095], [121.544077, 25.04459], [121.544421, 25.044647], [121.544626, 25.044323], [121.54536, 25.044356], [121.54561, 25.044697], [121.54545, 25.044782], [121.544642, 25.044675], [121.5448, 25.044513], [121.5453, 25.044571], [121.545551, 25.044361], [121.545695, 25.044362], [121.54576, 25.044508], [121.545689, 25.044675], [121.545837, 25.044666], [121.545832, 25.044828], [121.546131, 25.044815], [121.546113, 25.04456], [121.546318, 25.04453], [121.546331, 25.044864], [121.546137, 25.044846], [121.547164, 25.04483], [121.547182, 25.044528], [121.546665, 25.04456], [121.546344, 25.044383], [121.546341, 25.044269], [121.546486, 25.044349], [121.548009, 25.04433], [121.548013, 25.044525], [121.547357, 25.044537], [121.547419, 25.044807], [121.548484, 25.044652], [121.548432, 25.044182], [121.548187, 25.044211], [121.548187, 25.044134], [121.548019, 25.044084], [121.546309, 25.044104], [121.546295, 25.043928], [121.54716, 25.043923], [121.547181, 25.043848], [121.547318, 25.043827], [121.547315, 25.043906], [121.548024, 25.043893], [121.548246, 25.044401], [121.547138, 25.043484], [121.545751, 25.043494], [121.545885, 25.044055], [121.546103, 25.044089], [121.546089, 25.044321], [121.545873, 25.044319], [121.545927, 25.044197], [121.544623, 25.04412], [121.544621, 25.043907], [121.544435, 25.043893], [121.544311, 25.044425], [121.544423, 25.044246], [121.54424, 25.044114], [121.544433, 25.04381], [121.544399, 25.043565], [121.544301, 25.043566], [121.544416, 25.043423], [121.544315, 25.043318], [121.544418, 25.043227], [121.544384, 25.041837], [121.544042, 25.041842], [121.544021, 25.042386], [121.545469, 25.042243], [121.545678, 25.042133], [121.545326, 25.042028], [121.545006, 25.043867]]}}, {"type": "Feature", "properties": {"district": "63000030", "segment": 2, "total_segments": 25, "km": 12.99, "villages": ["誠安里", "昌隆里", "義村里"]}, "geometry": {"type": "LineString", "coordinates": [[121.543603, 25.043834], [121.543607, 25.044152], [121.543496, 25.044305], [121.543079, 25.044221], [121.543113, 25.044016], [121.54282, 25.04399], [121.54271, 25.044066], [121.54259, 25.044348], [121.542447, 25.044374], [121.542517, 25.044071], [121.541628, 25.044197], [121.540754, 25.044179], [121.540779, 25.044347], [121.541822, 25.044352], [121.54333, 25.044594], [121.543614, 25.044549], [121.543613, 25.044339], [121.543291, 25.044004], [121.543244, 25.043696], [121.543448, 25.043491], [121.543591, 25.043466], [121.543602, 25.043756], [121.543, 25.043311], [121.543076, 25.043191], [121.543169, 25.043204], [121.543135, 25.043303], [121.542768, 25.043226], [121.542585, 25.043398], [121.542871, 25.043307], [121.542731, 25.043222], [121.542558, 25.043336], [121.542535, 25.043487], [121.542637, 25.043446], [121.542597, 25.043584], [121.542398, 25.043623], [121.542402, 25.043753], [121.542344, 25.043744], [121.542688, 25.043695], [121.542691, 25.043552], [121.542928, 25.043402], [121.542984, 25.043525], [121.542731, 25.043682], [121.54226, 25.043355], [121.541752, 25.043352], [121.54181, 25.043241], [121.542308, 25.043241], [121.542415, 25.043081], [121.542395, 25.042922], [121.542573, 25.042739], [121.542547, 25.042615], [121.542635, 25.042604], [121.542717, 25.042416], [121.542647, 25.04229], [121.541737, 25.042299], [121.541784, 25.042409], [121.542484, 25.042401], [121.542352, 25.042601], [121.542419, 25.042687], [121.542195, 25.042709], [121.542134, 25.042603], [121.542034, 25.042706], [121.541858, 25.042709], [121.541799, 25.042605], [121.541715, 25.042759], [121.541762, 25.04291], [121.541835, 25.042914], [121.5417, 25.043088], [121.541487, 25.043042], [121.541537, 25.042925], [121.541289, 25.042926], [121.541323, 25.043041], [121.541112, 25.043047], [121.540932, 25.043046], [121.540902, 25.042925], [121.540824, 25.042926], [121.54111, 25.042922], [121.541315, 25.042715], [121.541319, 25.042608], [121.541262, 25.042611], [121.541534, 25.042609], [121.541534, 25.042715], [121.541466, 25.042711], [121.541445, 25.042408], [121.541541, 25.042405], [121.54154, 25.042295], [121.540798, 25.042316], [121.540791, 25.042132], [121.542828, 25.042075], [121.542891, 25.04211], [121.542805, 25.042276], [121.54325, 25.042267], [121.543304, 25.042008], [121.543549, 25.042104], [121.543561, 25.042874], [121.543454, 25.042988], [121.543107, 25.043019], [121.543103, 25.042757], [121.541996, 25.042914], [121.542021, 25.043042], [121.541935, 25.043042], [121.542271, 25.043036], [121.542183, 25.043741], [121.541773, 25.04366], [121.541782, 25.043551], [121.542056, 25.043545], [121.541945, 25.04383], [121.541759, 25.043859], [121.541181, 25.043865], [121.541075, 25.04356], [121.541325, 25.043556], [121.541357, 25.043666], [121.541288, 25.043666], [121.541539, 25.043662], [121.541482, 25.04336], [121.541575, 25.043357], [121.541536, 25.043247], [121.541264, 25.043248], [121.541331, 25.043361], [121.541065, 25.043359], [121.541048, 25.043251], [121.541108, 25.043251], [121.540782, 25.043233], [121.540781, 25.043109], [121.540907, 25.043361], [121.540791, 25.043486], [121.540944, 25.043565], [121.540943, 25.043667], [121.540794, 25.043746], [121.540797, 25.04382], [121.54092, 25.043868], [121.541217, 25.042412], [121.541345, 25.042408], [121.541343, 25.041846], [121.54077, 25.04185], [121.543542, 25.041887], [121.540637, 25.041851], [121.540076, 25.041858], [121.540068, 25.042238], [121.540602, 25.042237], [121.540613, 25.042401], [121.539841, 25.042412], [121.539833, 25.042245], [121.53996, 25.042246], [121.538721, 25.042266], [121.538691, 25.042413], [121.5396, 25.042403], [121.539589, 25.042763], [121.538684, 25.042773], [121.538675, 25.042924], [121.53952, 25.042904], [121.539799, 25.042971], [121.539853, 25.042914], [121.540614, 25.042908], [121.54066, 25.04315], [121.5406, 25.043242], [121.539866, 25.043252], [121.539809, 25.043184], [121.539609, 25.043264], [121.53856, 25.043273], [121.538469, 25.043408], [121.539812, 25.043475], [121.540596, 25.043413], [121.54066, 25.043683], [121.540592, 25.043747], [121.539883, 25.043758], [121.539813, 25.043661], [121.539644, 25.043833], [121.538653, 25.043758], [121.538502, 25.044406], [121.537174, 25.044478], [121.537224, 25.043995], [121.537986, 25.044033], [121.537472, 25.043558], [121.538576, 25.042925], [121.538814, 25.041877], [121.539613, 25.041862], [121.539868, 25.042748], [121.540611, 25.042739], [121.539534, 25.043666], [121.53998, 25.044377], [121.540575, 25.044353], [121.540551, 25.04418], [121.54037, 25.044175], [121.536924, 25.042255], [121.537741, 25.041505], [121.537841, 25.041502], [121.53762, 25.041369], [121.537808, 25.041041], [121.538169, 25.041137], [121.538168, 25.041193], [121.538235, 25.041065], [121.539019, 25.041053], [121.538983, 25.040927], [121.538836, 25.040859], [121.538395, 25.040859], [121.538177, 25.040863], [121.53862, 25.041263], [121.540399, 25.041206], [121.540468, 25.041261], [121.540532, 25.041205], [121.540598, 25.041261], [121.540602, 25.041205], [121.540985, 25.041288], [121.540983, 25.041448], [121.540343, 25.041456], [121.54024, 25.041365], [121.540004, 25.041449], [121.538112, 25.041497], [121.537572, 25.040668], [121.539854, 25.039168], [121.540998, 25.038567], [121.541778, 25.038404], [121.541885, 25.038603], [121.541918, 25.038949], [121.54208, 25.038919], [121.542078, 25.038824], [121.5422, 25.038758], [121.542798, 25.03875], [121.542916, 25.038816], [121.542919, 25.038896], [121.542711, 25.038965], [121.542719, 25.039137], [121.542104, 25.039138], [121.542215, 25.038971], [121.542522, 25.038967], [121.54281, 25.039137], [121.543102, 25.039097], [121.543127, 25.039677], [121.542957, 25.03959], [121.542958, 25.039513], [121.542082, 25.039519], [121.542126, 25.039727], [121.542707, 25.039761], [121.542667, 25.039935], [121.542267, 25.039942], [121.542276, 25.040197], [121.542969, 25.040173], [121.542974, 25.040564], [121.542102, 25.040583], [121.542096, 25.04035], [121.542771, 25.040329], [121.542372, 25.040771], [121.542373, 25.041013], [121.541719, 25.04102], [121.541717, 25.040784], [121.542184, 25.040773], [121.541754, 25.040495], [121.541751, 25.040362], [121.541422, 25.040348], [121.541423, 25.040489], [121.541209, 25.040365], [121.541073, 25.040859], [121.540834, 25.040862], [121.5412, 25.041059], [121.541193, 25.041446], [121.541135, 25.041447], [121.541122, 25.041214], [121.54143, 25.041034], [121.541419, 25.040883], [121.541556, 25.041447], [121.542667, 25.041432], [121.542716, 25.041257], [121.543435, 25.041207], [121.543356, 25.041464], [121.543508, 25.040718], [121.543488, 25.039237], [121.542842, 25.039363], [121.541842, 25.039406], [121.54186, 25.039153], [121.541429, 25.039167], [121.541453, 25.03929], [121.541552, 25.039294], [121.54169, 25.039011], [121.54137, 25.038963], [121.541401, 25.03875], [121.542122, 25.038582], [121.54289, 25.038571], [121.54288, 25.038307], [121.542113, 25.03829], [121.543261, 25.038309], [121.540527, 25.040728], [121.540528, 25.040939], [121.540411, 25.040728]]}}, {"type": "Feature", "properties": {"district": "63000030", "segment": 3, "total_segments": 25, "km": 12.38, "villages": ["和安里", "龍圖里"]}, "geometry": {"type": "LineString", "coordinates": [[121.540171, 25.037538], [121.540415, 25.03741], [121.540413, 25.03751], [121.540254, 25.037126], [121.539868, 25.037122], [121.539863, 25.036882], [121.539702, 25.036831], [121.538974, 25.036789], [121.538977, 25.037126], [121.539156, 25.037125], [121.539163, 25.037257], [121.539247, 25.037257], [121.538845, 25.037257], [121.53886, 25.037597], [121.539692, 25.03755], [121.539595, 25.03712], [121.539677, 25.03712], [121.539311, 25.037126], [121.539296, 25.036048], [121.539461, 25.036045], [121.539114, 25.036049], [121.539056, 25.035965], [121.539109, 25.035779], [121.53925, 25.035862], [121.539308, 25.035778], [121.539278, 25.035538], [121.538271, 25.035605], [121.538249, 25.035346], [121.538266, 25.03527], [121.539382, 25.035277], [121.539281, 25.035097], [121.539102, 25.035005], [121.539013, 25.035095], [121.538862, 25.034931], [121.538899, 25.034864], [121.539075, 25.034908], [121.539047, 25.034705], [121.53914, 25.034628], [121.539257, 25.034657], [121.539265, 25.034788], [121.539401, 25.034953], [121.539362, 25.034347], [121.539247, 25.034347], [121.539277, 25.034172], [121.539412, 25.03413], [121.539414, 25.033945], [121.538734, 25.033983], [121.538733, 25.034357], [121.538847, 25.034344], [121.538917, 25.034638], [121.538768, 25.034639], [121.538718, 25.035089], [121.538875, 25.03511], [121.538885, 25.035052], [121.538501, 25.035017], [121.53827, 25.034776], [121.538211, 25.034806], [121.538215, 25.035128], [121.538385, 25.0351], [121.538365, 25.034742], [121.53821, 25.034706], [121.538206, 25.034478], [121.538406, 25.0345], [121.538493, 25.034653], [121.538408, 25.033754], [121.539417, 25.033675], [121.539423, 25.034248], [121.540396, 25.033675], [121.54223, 25.033631], [121.542314, 25.033842], [121.542271, 25.034048], [121.542026, 25.034056], [121.542043, 25.034265], [121.542741, 25.034251], [121.542722, 25.03402], [121.542412, 25.034044], [121.542399, 25.034437], [121.542481, 25.034702], [121.54205, 25.0347], [121.542023, 25.034843], [121.542937, 25.034847], [121.542783, 25.035183], [121.543111, 25.03514], [121.543084, 25.035769], [121.542961, 25.035844], [121.542967, 25.036022], [121.542033, 25.036001], [121.541877, 25.036122], [121.542455, 25.036335], [121.542489, 25.035794], [121.542934, 25.035678], [121.542898, 25.035517], [121.542197, 25.035562], [121.542218, 25.035198], [121.54254, 25.035189], [121.54253, 25.035011], [121.542638, 25.035008], [121.542034, 25.035044], [121.542068, 25.035169], [121.542113, 25.035199], [121.542138, 25.034447], [121.542055, 25.034448], [121.542299, 25.034439], [121.542897, 25.034035], [121.542825, 25.033622], [121.542564, 25.033627], [121.543382, 25.033723], [121.543393, 25.034248], [121.543079, 25.034473], [121.543397, 25.03474], [121.543337, 25.035732], [121.543394, 25.035979], [121.5432, 25.035916], [121.543149, 25.035982], [121.543105, 25.035917], [121.543403, 25.036271], [121.543436, 25.036775], [121.542809, 25.037089], [121.542131, 25.037116], [121.542106, 25.037321], [121.541804, 25.037129], [121.541896, 25.037006], [121.541576, 25.037095], [121.540934, 25.0371], [121.54142, 25.037512], [121.5421, 25.037679], [121.543092, 25.037695], [121.542936, 25.035313], [121.539379, 25.03554], [121.538906, 25.03578], [121.53886, 25.035968], [121.538999, 25.036052], [121.538725, 25.036057], [121.538662, 25.035873], [121.538784, 25.035783], [121.538401, 25.035728], [121.538386, 25.036063], [121.538599, 25.03606], [121.538356, 25.036338], [121.538304, 25.033281], [121.538186, 25.03323], [121.538174, 25.032658], [121.538262, 25.032539], [121.539364, 25.032534], [121.539349, 25.032721], [121.538361, 25.032784], [121.53836, 25.032917], [121.538487, 25.032955], [121.539366, 25.032962], [121.53934, 25.033251], [121.53842, 25.033279], [121.538343, 25.03238], [121.539261, 25.032356], [121.539275, 25.032135], [121.53816, 25.032149], [121.538172, 25.032383], [121.538139, 25.030952], [121.538222, 25.030933], [121.538699, 25.031099], [121.539323, 25.031089], [121.539355, 25.031004], [121.539208, 25.03093], [121.538872, 25.030933], [121.539258, 25.031242], [121.539272, 25.031392], [121.539366, 25.031475], [121.539252, 25.031583], [121.53917, 25.031501], [121.539333, 25.031738], [121.539359, 25.03198], [121.539209, 25.031995], [121.540177, 25.033191], [121.54069, 25.033162], [121.540679, 25.033026], [121.540845, 25.032991], [121.54084, 25.032888], [121.541055, 25.032729], [121.541259, 25.032894], [121.541697, 25.032879], [121.541821, 25.032932], [121.541813, 25.033004], [121.541991, 25.032907], [121.543372, 25.032817], [121.543373, 25.033122], [121.543324, 25.033181], [121.542489, 25.033165], [121.542397, 25.03323], [121.542001, 25.033151], [121.540853, 25.033231], [121.540408, 25.031225], [121.540859, 25.031053], [121.54167, 25.031028], [121.5417, 25.030813], [121.540701, 25.030796], [121.540684, 25.03064], [121.54075, 25.030638], [121.540668, 25.030577], [121.540677, 25.030391], [121.541323, 25.030394], [121.541372, 25.030031], [121.541208, 25.030034], [121.541188, 25.029863], [121.541293, 25.029861], [121.541283, 25.029712], [121.541196, 25.029713], [121.54108, 25.029541], [121.541026, 25.02967], [121.540953, 25.029672], [121.540936, 25.029533], [121.540693, 25.029544], [121.540636, 25.029894], [121.540733, 25.0299], [121.54098, 25.029864], [121.541312, 25.029471], [121.541369, 25.029607], [121.54148, 25.02949], [121.541823, 25.02949], [121.54177, 25.029453], [121.541754, 25.029816], [121.54163, 25.02989], [121.541762, 25.030004], [121.541725, 25.030267], [121.541949, 25.030212], [121.542154, 25.029833], [121.542384, 25.0296], [121.542945, 25.029977], [121.543093, 25.030321], [121.543299, 25.030344], [121.543323, 25.030464], [121.543328, 25.031007], [121.542842, 25.030572], [121.542782, 25.030623], [121.54288, 25.030737], [121.542768, 25.030827], [121.542966, 25.031014], [121.542621, 25.031025], [121.542482, 25.030875], [121.541992, 25.030967], [121.542101, 25.030635], [121.541985, 25.030414], [121.5422, 25.030434], [121.542148, 25.030224], [121.542386, 25.03022], [121.542475, 25.030515], [121.542812, 25.030219], [121.54241, 25.029892], [121.542454, 25.029775], [121.542299, 25.029539], [121.54212, 25.02943], [121.541937, 25.029612], [121.54198, 25.029317], [121.541572, 25.02904], [121.541586, 25.028944], [121.541487, 25.02887], [121.541464, 25.029026], [121.541318, 25.029197], [121.540992, 25.029167], [121.541102, 25.028904], [121.541194, 25.028894], [121.541052, 25.028792], [121.541188, 25.028661], [121.541332, 25.028771], [121.54098, 25.028868], [121.540613, 25.028849], [121.540653, 25.029164], [121.540772, 25.029184], [121.540781, 25.029325], [121.541601, 25.029272], [121.540838, 25.029027], [121.540649, 25.029349], [121.540591, 25.028466], [121.540767, 25.02866], [121.541016, 25.028552], [121.54062, 25.028064], [121.54068, 25.030055], [121.540736, 25.030054], [121.540654, 25.030216], [121.540673, 25.03027], [121.540965, 25.030249], [121.540957, 25.030624], [121.540888, 25.030626], [121.541399, 25.030641], [121.54145, 25.031203], [121.541424, 25.03003], [121.543272, 25.030146], [121.543303, 25.031972]]}}, {"type": "Feature", "properties": {"district": "63000030", "segment": 4, "total_segments": 25, "km": 13.32, "villages": ["新龍里", "龍陣里", "群賢里"]}, "geometry": {"type": "LineString", "coordinates": [[121.540483, 25.031062], [121.54048, 25.030851], [121.540346, 25.030798], [121.53956, 25.030806], [121.539483, 25.031031], [121.540371, 25.031045], [121.540301, 25.030649], [121.540131, 25.03065], [121.539942, 25.030497], [121.539544, 25.03047], [121.539555, 25.030641], [121.539662, 25.030641], [121.539689, 25.030078], [121.540055, 25.029976], [121.540033, 25.029681], [121.540098, 25.029667], [121.540099, 25.029558], [121.540244, 25.029556], [121.540308, 25.029799], [121.540431, 25.029796], [121.540399, 25.02942], [121.540116, 25.029389], [121.540115, 25.029281], [121.540404, 25.029244], [121.540227, 25.029115], [121.539824, 25.029126], [121.539823, 25.029021], [121.539682, 25.029023], [121.539703, 25.029417], [121.539853, 25.029415], [121.539852, 25.02928], [121.53983, 25.029561], [121.539697, 25.029564], [121.539658, 25.029809], [121.539512, 25.029813], [121.539499, 25.029279], [121.539235, 25.029389], [121.538804, 25.029379], [121.538784, 25.029469], [121.53916, 25.029466], [121.539104, 25.029233], [121.539227, 25.029231], [121.539228, 25.029092], [121.538751, 25.029088], [121.538752, 25.029247], [121.538871, 25.029244], [121.53893, 25.028983], [121.539055, 25.028981], [121.538984, 25.028685], [121.540492, 25.028638], [121.540447, 25.028332], [121.539979, 25.028373], [121.539985, 25.028238], [121.540448, 25.0282], [121.540447, 25.027935], [121.539633, 25.027879], [121.53853, 25.028569], [121.53857, 25.028691], [121.538772, 25.028685], [121.538103, 25.028687], [121.538084, 25.028311], [121.538199, 25.029137], [121.538485, 25.029632], [121.538589, 25.029628], [121.53861, 25.029765], [121.538323, 25.029789], [121.538323, 25.02992], [121.538156, 25.029933], [121.538153, 25.030075], [121.538266, 25.030074], [121.538278, 25.03027], [121.538155, 25.030272], [121.538156, 25.03041], [121.538434, 25.030425], [121.538436, 25.030563], [121.538629, 25.030575], [121.538632, 25.030711], [121.538503, 25.030713], [121.538338, 25.030564], [121.539101, 25.030551], [121.539095, 25.030416], [121.53925, 25.030402], [121.539247, 25.030265], [121.539153, 25.030266], [121.539143, 25.030067], [121.539245, 25.030067], [121.539251, 25.029928], [121.538962, 25.029922], [121.538965, 25.02977], [121.538787, 25.029762], [121.538785, 25.029617], [121.538896, 25.029616], [121.539508, 25.030085], [121.539509, 25.030229], [121.538978, 25.030417], [121.538923, 25.03071], [121.538797, 25.030709], [121.538435, 25.029918], [121.539888, 25.029682], [121.53989, 25.0298], [121.540344, 25.030034], [121.540472, 25.030255], [121.540292, 25.030439], [121.540468, 25.030479], [121.540471, 25.030619], [121.540493, 25.028836], [121.539468, 25.028862], [121.539471, 25.028966], [121.539303, 25.028436], [121.53968, 25.028377], [121.539632, 25.028238], [121.539544, 25.028237], [121.539853, 25.028238], [121.539281, 25.028253], [121.540194, 25.027394], [121.539856, 25.02695], [121.540385, 25.026804], [121.540441, 25.026981], [121.540568, 25.026996], [121.540623, 25.026758], [121.541739, 25.02665], [121.541762, 25.026937], [121.54144, 25.026986], [121.541484, 25.027112], [121.541794, 25.027131], [121.541805, 25.027561], [121.541655, 25.027796], [121.541486, 25.027798], [121.541429, 25.028005], [121.54162, 25.028145], [121.541691, 25.028084], [121.541718, 25.028144], [121.54179, 25.028083], [121.542132, 25.028092], [121.542157, 25.027793], [121.542329, 25.027791], [121.54233, 25.027888], [121.542844, 25.027885], [121.542834, 25.028054], [121.543035, 25.027936], [121.543023, 25.027778], [121.543273, 25.027744], [121.543249, 25.026616], [121.542824, 25.026609], [121.542806, 25.026749], [121.542682, 25.026752], [121.54263, 25.026879], [121.541919, 25.026917], [121.542048, 25.027179], [121.542134, 25.027186], [121.542231, 25.027064], [121.542375, 25.027163], [121.542538, 25.027159], [121.542536, 25.027059], [121.542642, 25.027058], [121.542652, 25.027159], [121.542814, 25.027126], [121.542808, 25.026875], [121.543027, 25.026918], [121.543055, 25.026776], [121.543032, 25.027342], [121.542957, 25.027344], [121.542941, 25.027438], [121.543026, 25.027438], [121.542823, 25.027445], [121.542809, 25.027308], [121.542227, 25.027344], [121.542196, 25.027462], [121.54204, 25.027456], [121.541999, 25.027358], [121.541832, 25.027924], [121.542036, 25.027922], [121.54236, 25.028081], [121.542566, 25.028352], [121.543049, 25.028341], [121.543072, 25.028497], [121.5424, 25.028532], [121.542082, 25.02836], [121.541466, 25.028374], [121.541408, 25.028312], [121.541452, 25.028259], [121.541503, 25.02853], [121.541784, 25.028525], [121.541792, 25.0287], [121.541609, 25.028766], [121.54093, 25.028117], [121.540878, 25.027889], [121.540745, 25.027949], [121.540647, 25.02784], [121.540642, 25.02713], [121.540816, 25.027001], [121.540997, 25.026993], [121.541037, 25.027292], [121.541153, 25.027299], [121.541152, 25.027196], [121.541503, 25.027361], [121.541535, 25.027484], [121.541237, 25.027795], [121.542286, 25.027607], [121.542284, 25.026776], [121.542478, 25.026776], [121.542457, 25.026595], [121.542613, 25.026591], [121.541899, 25.026644], [121.541906, 25.026766], [121.54327, 25.027897], [121.543279, 25.02826], [121.542881, 25.028822], [121.542868, 25.029395], [121.542717, 25.029524], [121.542773, 25.029631], [121.543037, 25.029708], [121.543112, 25.029918], [121.54329, 25.029743], [121.543283, 25.029333], [121.542546, 25.028979], [121.542715, 25.028824], [121.541995, 25.028548], [121.541696, 25.028835], [121.541733, 25.02887], [121.543703, 25.028316], [121.54371, 25.025847], [121.543642, 25.025271], [121.543702, 25.025004], [121.544959, 25.024939], [121.545046, 25.025146], [121.545063, 25.025834], [121.544932, 25.025738], [121.544367, 25.025758], [121.544332, 25.02564], [121.544873, 25.025624], [121.544808, 25.025119], [121.544661, 25.02516], [121.544778, 25.025386], [121.544127, 25.025475], [121.544129, 25.025638], [121.543891, 25.025691], [121.543973, 25.025219], [121.54408, 25.025117], [121.544486, 25.025175], [121.544494, 25.025277], [121.544135, 25.025858], [121.544141, 25.026162], [121.543967, 25.026245], [121.543969, 25.026472], [121.543869, 25.026474], [121.543864, 25.026592], [121.544132, 25.026653], [121.544132, 25.026909], [121.54397, 25.026927], [121.543958, 25.027173], [121.544155, 25.027396], [121.544152, 25.027887], [121.544015, 25.027904], [121.544015, 25.028241], [121.543925, 25.028323], [121.544148, 25.02825], [121.544145, 25.028192], [121.544183, 25.028313], [121.545133, 25.028262], [121.54464, 25.028047], [121.544152, 25.028018], [121.543932, 25.027589], [121.544364, 25.027799], [121.544853, 25.027787], [121.543984, 25.026786], [121.544141, 25.026406], [121.545281, 25.025505], [121.545198, 25.024922], [121.545378, 25.02491], [121.545428, 25.025331], [121.545704, 25.02536], [121.545737, 25.025293], [121.54594, 25.025304], [121.546018, 25.025206], [121.546098, 25.025301], [121.546153, 25.025198], [121.546336, 25.025184], [121.546407, 25.025283], [121.546339, 25.025345], [121.546405, 25.025379], [121.546342, 25.025524], [121.5464, 25.025545], [121.545771, 25.025595], [121.545568, 25.02559], [121.545335, 25.025357], [121.545722, 25.024891], [121.546642, 25.024846], [121.546662, 25.025097], [121.546537, 25.025175], [121.546262, 25.024991], [121.547064, 25.024817], [121.54716, 25.025095], [121.547465, 25.024834], [121.548122, 25.024759], [121.548305, 25.024881], [121.548348, 25.024814], [121.548167, 25.02519], [121.548044, 25.025198], [121.54801, 25.025325], [121.547808, 25.025403], [121.547799, 25.025264], [121.547913, 25.024979], [121.548368, 25.02541], [121.548378, 25.026187], [121.548081, 25.026145], [121.548032, 25.025649], [121.548371, 25.025219], [121.547824, 25.025672], [121.547888, 25.026191], [121.547793, 25.026281], [121.546886, 25.026289], [121.546923, 25.025905], [121.547387, 25.025877], [121.547455, 25.026], [121.547048, 25.02602], [121.54682, 25.025857], [121.546866, 25.025661], [121.546784, 25.0254], [121.547171, 25.025632], [121.547367, 25.025612], [121.547313, 25.025732], [121.547541, 25.025993], [121.547696, 25.025978], [121.547579, 25.026403], [121.547905, 25.026404], [121.547912, 25.026513], [121.547483, 25.026408], [121.546942, 25.026424], [121.546966, 25.027261], [121.547144, 25.027383], [121.547088, 25.02763], [121.54789, 25.02759], [121.547957, 25.027708], [121.547955, 25.027785], [121.547786, 25.027823], [121.547098, 25.027832], [121.547097, 25.027989], [121.546823, 25.028113], [121.547914, 25.028102], [121.548121, 25.028014], [121.548123, 25.027668], [121.548387, 25.027709], [121.548301, 25.027173], [121.547915, 25.027233], [121.547829, 25.027346], [121.547505, 25.02736], [121.547525, 25.027478], [121.547281, 25.027503], [121.5473, 25.027225], [121.547184, 25.027222], [121.54782, 25.02719], [121.547938, 25.02742], [121.547733, 25.027463], [121.548384, 25.027848], [121.548387, 25.027988], [121.548367, 25.026496]]}}, {"type": "Feature", "properties": {"district": "63000030", "segment": 5, "total_segments": 25, "km": 12.93, "villages": ["群英里", "龍雲里", "住安里"]}, "geometry": {"type": "LineString", "coordinates": [[121.546586, 25.02659], [121.546575, 25.026447], [121.546301, 25.026321], [121.546112, 25.02584], [121.545935, 25.02585], [121.546424, 25.025765], [121.545848, 25.026445], [121.54584, 25.02662], [121.545679, 25.026627], [121.545697, 25.026576], [121.545499, 25.026516], [121.545495, 25.026636], [121.545591, 25.026631], [121.545663, 25.026775], [121.545434, 25.026835], [121.545445, 25.026638], [121.545689, 25.026436], [121.545904, 25.026518], [121.545868, 25.026619], [121.545959, 25.026661], [121.545968, 25.026809], [121.545964, 25.026614], [121.546118, 25.026607], [121.546174, 25.027392], [121.546022, 25.027395], [121.545982, 25.027175], [121.545918, 25.027181], [121.545929, 25.027575], [121.54579, 25.027604], [121.545766, 25.027423], [121.545541, 25.027413], [121.545666, 25.027352], [121.545662, 25.027198], [121.545839, 25.0274], [121.545521, 25.027859], [121.545533, 25.028001], [121.545699, 25.028063], [121.545967, 25.028], [121.546087, 25.028209], [121.547104, 25.028154], [121.546541, 25.027709], [121.546394, 25.027715], [121.546266, 25.027845], [121.546689, 25.027456], [121.54668, 25.02731], [121.545138, 25.027751], [121.545053, 25.027508], [121.544577, 25.027477], [121.544474, 25.027159], [121.544526, 25.026743], [121.545027, 25.026656], [121.545061, 25.026282], [121.544948, 25.026095], [121.544457, 25.02603], [121.544608, 25.026409], [121.54467, 25.026405], [121.545528, 25.02606], [121.545414, 25.025897], [121.545704, 25.028389], [121.545622, 25.028453], [121.54581, 25.028518], [121.545815, 25.028723], [121.545924, 25.028704], [121.545918, 25.028422], [121.54585, 25.028381], [121.547192, 25.028307], [121.547219, 25.028408], [121.546997, 25.028421], [121.54702, 25.028506], [121.546905, 25.028509], [121.5469, 25.028426], [121.546129, 25.028471], [121.546099, 25.028566], [121.546102, 25.02872], [121.547035, 25.028711], [121.547167, 25.028696], [121.547156, 25.028491], [121.547433, 25.028494], [121.547461, 25.028301], [121.547349, 25.028306], [121.547854, 25.028274], [121.547763, 25.028467], [121.547668, 25.028467], [121.547686, 25.028708], [121.548073, 25.028745], [121.548082, 25.02854], [121.547942, 25.028546], [121.547941, 25.028472], [121.547623, 25.028709], [121.546773, 25.028518], [121.546427, 25.028528], [121.546317, 25.028543], [121.545898, 25.028929], [121.545799, 25.028866], [121.545171, 25.028876], [121.545187, 25.028724], [121.545683, 25.028713], [121.5455, 25.028455], [121.545141, 25.028459], [121.544867, 25.028677], [121.544626, 25.028607], [121.544635, 25.028469], [121.54491, 25.028459], [121.543745, 25.028495], [121.543719, 25.029096], [121.544512, 25.029098], [121.544451, 25.029222], [121.544058, 25.029204], [121.544028, 25.028854], [121.543875, 25.028835], [121.543861, 25.028757], [121.544501, 25.028741], [121.544544, 25.028906], [121.544112, 25.028853], [121.5446, 25.02923], [121.545937, 25.029245], [121.545942, 25.029427], [121.545785, 25.029628], [121.545685, 25.029501], [121.545587, 25.029633], [121.545413, 25.029637], [121.545338, 25.029508], [121.545456, 25.029506], [121.545227, 25.02951], [121.545157, 25.029731], [121.54524, 25.02988], [121.545149, 25.03001], [121.545172, 25.030147], [121.545029, 25.030202], [121.545041, 25.030522], [121.544543, 25.030592], [121.544534, 25.03071], [121.545051, 25.030776], [121.544995, 25.03095], [121.54398, 25.030969], [121.54392, 25.030801], [121.544115, 25.030498], [121.543976, 25.03036], [121.54426, 25.030364], [121.54435, 25.030479], [121.544262, 25.030539], [121.544379, 25.030597], [121.544341, 25.03071], [121.544565, 25.030329], [121.544807, 25.030369], [121.544751, 25.030241], [121.545026, 25.030051], [121.544678, 25.029898], [121.544269, 25.029904], [121.544242, 25.02975], [121.544156, 25.029724], [121.544564, 25.029644], [121.544446, 25.029495], [121.544796, 25.029485], [121.544972, 25.029512], [121.544998, 25.029614], [121.544741, 25.029649], [121.544906, 25.029894], [121.545429, 25.029997], [121.545416, 25.029863], [121.545819, 25.029854], [121.54595, 25.029787], [121.545949, 25.029653], [121.54615, 25.029387], [121.545825, 25.029101], [121.545899, 25.029047], [121.545197, 25.029112], [121.545592, 25.030007], [121.545904, 25.029977], [121.545961, 25.030043], [121.545961, 25.03017], [121.545694, 25.030214], [121.545731, 25.030312], [121.545948, 25.030417], [121.545888, 25.030964], [121.545684, 25.030752], [121.546194, 25.030764], [121.545406, 25.030228], [121.54451, 25.030047], [121.543892, 25.030208], [121.543749, 25.030449], [121.543804, 25.030691], [121.54811, 25.030626], [121.548113, 25.030792], [121.548407, 25.030807], [121.5484, 25.030117], [121.548105, 25.030125], [121.548103, 25.030294], [121.548097, 25.029663], [121.548394, 25.029655], [121.548395, 25.02972], [121.548391, 25.028384], [121.548255, 25.031076], [121.548098, 25.031211], [121.547914, 25.031229], [121.547928, 25.03171], [121.54797, 25.031948], [121.548142, 25.031985], [121.547973, 25.032126], [121.547989, 25.032822], [121.548113, 25.032924], [121.54815, 25.03309], [121.548339, 25.033088], [121.548437, 25.033024], [121.548402, 25.032229], [121.54818, 25.032218], [121.54818, 25.032305], [121.548423, 25.031998], [121.548378, 25.03157], [121.548271, 25.031351], [121.548411, 25.031225], [121.547913, 25.031186], [121.547758, 25.031088], [121.547673, 25.03109], [121.547714, 25.031369], [121.547065, 25.031377], [121.547177, 25.031514], [121.547755, 25.031503], [121.547597, 25.031746], [121.547449, 25.031757], [121.547491, 25.031817], [121.547079, 25.031682], [121.546944, 25.031891], [121.547071, 25.032051], [121.546869, 25.032155], [121.546877, 25.032264], [121.546469, 25.032285], [121.54646, 25.032465], [121.54656, 25.032541], [121.546346, 25.032557], [121.546341, 25.032484], [121.54635, 25.032721], [121.546942, 25.0327], [121.546925, 25.032516], [121.54678, 25.032527], [121.546807, 25.032448], [121.546941, 25.032429], [121.546939, 25.03228], [121.546666, 25.032451], [121.546679, 25.032534], [121.547138, 25.032545], [121.547503, 25.033026], [121.547968, 25.033089], [121.54778, 25.032759], [121.547697, 25.031812], [121.547801, 25.031807], [121.547635, 25.03181], [121.547185, 25.031098], [121.547057, 25.031075], [121.546159, 25.031112], [121.546301, 25.031235], [121.546505, 25.031231], [121.546494, 25.031326], [121.546557, 25.031324], [121.546452, 25.031517], [121.546545, 25.031518], [121.546394, 25.031509], [121.546372, 25.031321], [121.546214, 25.031337], [121.546135, 25.031441], [121.546182, 25.031979], [121.546269, 25.032107], [121.546377, 25.032022], [121.546107, 25.032124], [121.546095, 25.03234], [121.545459, 25.032389], [121.545502, 25.032469], [121.54567, 25.032478], [121.545548, 25.032528], [121.545552, 25.032727], [121.545494, 25.032728], [121.545486, 25.032498], [121.545319, 25.032579], [121.545323, 25.03271], [121.545495, 25.032753], [121.545501, 25.033147], [121.545881, 25.033143], [121.54591, 25.032486], [121.545707, 25.032467], [121.545851, 25.032507], [121.545784, 25.033107], [121.545563, 25.03311], [121.545585, 25.032954], [121.5452, 25.032837], [121.544945, 25.032844], [121.544715, 25.032862], [121.54471, 25.032946], [121.544577, 25.032873], [121.544462, 25.033165], [121.544293, 25.033168], [121.544002, 25.033128], [121.543981, 25.032769], [121.544246, 25.032755], [121.544093, 25.032391], [121.544349, 25.032388], [121.544686, 25.032722], [121.544549, 25.032396], [121.544535, 25.031335], [121.544502, 25.031199], [121.544108, 25.031147], [121.544098, 25.031438], [121.544339, 25.031411], [121.544346, 25.031686], [121.544129, 25.031687], [121.544132, 25.031822], [121.544341, 25.031814], [121.544343, 25.032042], [121.544158, 25.032043], [121.544147, 25.032167], [121.544331, 25.032166], [121.54378, 25.032162], [121.54376, 25.030941], [121.544994, 25.031138], [121.544968, 25.03132], [121.544687, 25.031423], [121.5447, 25.03203], [121.545634, 25.032013], [121.545635, 25.032155], [121.545567, 25.032188], [121.545376, 25.032156], [121.545375, 25.032222], [121.545433, 25.032222], [121.545256, 25.032156], [121.545255, 25.032222], [121.545129, 25.032156], [121.545058, 25.032222], [121.545058, 25.032158], [121.544918, 25.03216], [121.544723, 25.032347], [121.545168, 25.032516], [121.545163, 25.03315], [121.544711, 25.033159], [121.545827, 25.033106], [121.545825, 25.031835], [121.544908, 25.031805], [121.545214, 25.03114], [121.545678, 25.031133], [121.545958, 25.031315], [121.545957, 25.031498], [121.545821, 25.031559], [121.545821, 25.031641], [121.546706, 25.031929], [121.54681, 25.031434], [121.544057, 25.032351], [121.543787, 25.032293], [121.543793, 25.032756], [121.543998, 25.032641]]}}, {"type": "Feature", "properties": {"district": "63000030", "segment": 6, "total_segments": 25, "km": 9.54, "villages": ["仁慈里", "德安里"]}, "geometry": {"type": "LineString", "coordinates": [[121.543999, 25.033565], [121.544997, 25.033544], [121.545009, 25.033861], [121.544582, 25.033913], [121.544474, 25.033876], [121.544472, 25.033763], [121.544368, 25.033985], [121.544368, 25.034139], [121.544571, 25.034262], [121.544782, 25.03426], [121.544831, 25.034384], [121.544759, 25.034395], [121.544991, 25.034388], [121.545004, 25.034054], [121.545157, 25.034058], [121.545276, 25.034413], [121.545889, 25.034351], [121.54589, 25.035848], [121.54558, 25.035944], [121.545219, 25.035934], [121.545324, 25.036129], [121.545911, 25.036143], [121.545918, 25.036675], [121.545072, 25.036701], [121.544995, 25.036542], [121.544777, 25.036541], [121.544815, 25.036409], [121.544962, 25.036383], [121.544909, 25.036189], [121.544478, 25.036163], [121.544402, 25.036167], [121.544405, 25.036318], [121.544488, 25.036401], [121.544662, 25.036403], [121.544596, 25.036595], [121.544189, 25.036751], [121.543937, 25.036748], [121.543875, 25.036734], [121.543877, 25.036222], [121.544202, 25.036159], [121.544237, 25.035956], [121.544084, 25.035963], [121.544609, 25.035968], [121.545243, 25.036377], [121.545249, 25.036516], [121.545732, 25.036516], [121.545687, 25.036373], [121.54543, 25.036377], [121.545357, 25.03567], [121.545244, 25.035669], [121.545294, 25.035528], [121.545027, 25.035327], [121.545023, 25.035216], [121.544598, 25.035232], [121.544632, 25.035066], [121.544419, 25.035071], [121.544256, 25.035223], [121.543859, 25.035229], [121.543855, 25.035961], [121.544117, 25.035654], [121.544071, 25.03557], [121.544231, 25.035546], [121.54425, 25.035656], [121.544422, 25.035544], [121.545021, 25.035523], [121.54532, 25.035228], [121.545302, 25.035058], [121.545585, 25.035069], [121.545575, 25.034791], [121.545193, 25.034801], [121.545197, 25.034644], [121.545669, 25.03465], [121.54567, 25.03479], [121.545194, 25.035058], [121.544775, 25.03506], [121.544739, 25.034817], [121.544978, 25.034809], [121.54491, 25.034695], [121.544514, 25.0348], [121.544997, 25.03467], [121.544997, 25.034582], [121.545456, 25.034258], [121.54549, 25.034016], [121.545368, 25.034014], [121.54537, 25.033776], [121.545519, 25.033773], [121.545483, 25.033534], [121.545189, 25.033608], [121.545727, 25.033528], [121.545878, 25.033657], [121.545852, 25.033922], [121.544688, 25.03403], [121.544221, 25.034346], [121.543895, 25.034331], [121.543808, 25.03376], [121.543956, 25.033565], [121.543911, 25.035099], [121.545497, 25.035664], [121.545771, 25.035643], [121.545732, 25.035385], [121.544252, 25.036867], [121.544293, 25.037498], [121.544223, 25.037667], [121.54406, 25.037673], [121.543892, 25.037398], [121.543876, 25.036872], [121.545302, 25.03754], [121.546136, 25.037369], [121.546198, 25.037268], [121.546759, 25.037298], [121.546744, 25.03715], [121.547004, 25.037133], [121.54699, 25.036918], [121.546784, 25.036889], [121.546836, 25.036749], [121.547125, 25.036704], [121.547154, 25.036757], [121.547122, 25.036526], [121.547209, 25.036486], [121.547224, 25.036349], [121.547844, 25.036344], [121.547873, 25.036463], [121.547427, 25.036486], [121.54742, 25.036869], [121.547707, 25.03689], [121.54769, 25.037102], [121.547294, 25.037133], [121.547283, 25.037227], [121.547404, 25.037228], [121.547369, 25.037329], [121.547012, 25.037294], [121.547137, 25.037109], [121.547135, 25.036913], [121.547309, 25.036883], [121.54754, 25.03698], [121.547504, 25.03708], [121.54771, 25.037145], [121.548091, 25.037086], [121.548055, 25.036877], [121.547872, 25.036876], [121.547823, 25.03673], [121.547672, 25.036708], [121.547911, 25.036726], [121.548073, 25.036586], [121.548049, 25.036081], [121.546112, 25.036144], [121.546167, 25.036387], [121.546771, 25.036366], [121.546895, 25.036507], [121.546552, 25.036514], [121.54658, 25.036762], [121.546639, 25.036762], [121.546543, 25.036898], [121.546116, 25.036934], [121.546128, 25.037079], [121.54622, 25.037152], [121.546646, 25.037151], [121.546645, 25.037623], [121.54775, 25.037596], [121.547924, 25.037474], [121.547405, 25.037341], [121.546564, 25.037621], [121.546162, 25.037625], [121.546989, 25.036281], [121.547141, 25.036351], [121.547199, 25.035936], [121.548042, 25.035864], [121.548047, 25.035614], [121.548186, 25.035636], [121.548181, 25.035192], [121.548046, 25.035186], [121.548044, 25.035275], [121.547993, 25.035135], [121.547138, 25.035186], [121.547151, 25.035054], [121.54747, 25.035047], [121.547488, 25.034828], [121.547162, 25.034789], [121.54716, 25.0349], [121.546935, 25.034796], [121.546871, 25.034686], [121.546933, 25.034461], [121.547913, 25.034443], [121.547917, 25.034614], [121.547484, 25.034623], [121.547582, 25.034207], [121.548022, 25.034114], [121.547995, 25.033933], [121.547218, 25.033965], [121.547319, 25.0335], [121.547949, 25.033484], [121.548009, 25.033759], [121.547474, 25.033829], [121.54735, 25.034204], [121.546401, 25.034404], [121.546535, 25.034635], [121.546529, 25.034938], [121.546449, 25.034809], [121.546353, 25.035045], [121.546956, 25.035054], [121.546975, 25.035273], [121.546129, 25.035215], [121.546105, 25.03591], [121.546925, 25.035939], [121.546952, 25.035617], [121.546839, 25.035617], [121.546768, 25.035491], [121.547161, 25.03546], [121.547159, 25.035379], [121.547348, 25.035476], [121.547783, 25.035451], [121.547776, 25.035643], [121.54667, 25.035666], [121.54655, 25.035641], [121.546568, 25.035498], [121.546667, 25.035497], [121.546365, 25.035486], [121.546272, 25.035514], [121.546288, 25.035631], [121.546085, 25.035], [121.546087, 25.033646], [121.546552, 25.033552], [121.548374, 25.033471], [121.548445, 25.033677], [121.548451, 25.035907], [121.548354, 25.035907], [121.548365, 25.036069], [121.548222, 25.036115], [121.548221, 25.03626], [121.548437, 25.036242], [121.548409, 25.036896], [121.548185, 25.03585], [121.548004, 25.035421], [121.548304, 25.035132], [121.548175, 25.034978], [121.54817, 25.0348]]}}, {"type": "Feature", "properties": {"district": "63000030", "segment": 7, "total_segments": 25, "km": 11.27, "villages": ["建倫里", "建安里"]}, "geometry": {"type": "LineString", "coordinates": [[121.549775, 25.038299], [121.54996, 25.038618], [121.550505, 25.038612], [121.550232, 25.038864], [121.549253, 25.038831], [121.550125, 25.038343], [121.550269, 25.038429], [121.550272, 25.038167], [121.55096, 25.038103], [121.550959, 25.03819], [121.550686, 25.038442], [121.550944, 25.039075], [121.55161, 25.039092], [121.551724, 25.039244], [121.551664, 25.039393], [121.550893, 25.039408], [121.550687, 25.039102], [121.550424, 25.03913], [121.550234, 25.03955], [121.549927, 25.039571], [121.549754, 25.039753], [121.549817, 25.039883], [121.550823, 25.039747], [121.550893, 25.039835], [121.551673, 25.039752], [121.551659, 25.039553], [121.551018, 25.039519], [121.550657, 25.039605], [121.550414, 25.039531], [121.550531, 25.040032], [121.550624, 25.040033], [121.550045, 25.040057], [121.549826, 25.040145], [121.549707, 25.040053], [121.549351, 25.040221], [121.549267, 25.040294], [121.549387, 25.040337], [121.54924, 25.041038], [121.549373, 25.041299], [121.549728, 25.041097], [121.549726, 25.040993], [121.550273, 25.040919], [121.55028, 25.040751], [121.549748, 25.040803], [121.549814, 25.040515], [121.55057, 25.040498], [121.550551, 25.040289], [121.551679, 25.040251], [121.551664, 25.040017], [121.550888, 25.040013], [121.551035, 25.040494], [121.551653, 25.04051], [121.551654, 25.040572], [121.551537, 25.040698], [121.550939, 25.040739], [121.550903, 25.040522], [121.550599, 25.040749], [121.55037, 25.040751], [121.550622, 25.04091], [121.550657, 25.041281], [121.549911, 25.041299], [121.550264, 25.040338], [121.551609, 25.040699], [121.552241, 25.040691], [121.552094, 25.040625], [121.552107, 25.040503], [121.552169, 25.040503], [121.551984, 25.0405], [121.551971, 25.040185], [121.552361, 25.040266], [121.552853, 25.040232], [121.552851, 25.040004], [121.551975, 25.040024], [121.551972, 25.040086], [121.551973, 25.039824], [121.551917, 25.039824], [121.551856, 25.039552], [121.552316, 25.039541], [121.552328, 25.039361], [121.551855, 25.039352], [121.551861, 25.039061], [121.552852, 25.039099], [121.552853, 25.039026], [121.552812, 25.039351], [121.552414, 25.039356], [121.552569, 25.039507], [121.552853, 25.039488], [121.552859, 25.039752], [121.552156, 25.039779], [121.552346, 25.040455], [121.552871, 25.040452], [121.55284, 25.040723], [121.552442, 25.040736], [121.552462, 25.041002], [121.55254, 25.041001], [121.55258, 25.041233], [121.552764, 25.04123], [121.551631, 25.041323], [121.551311, 25.041268], [121.551357, 25.038901], [121.551524, 25.038896], [121.551488, 25.038622], [121.55101, 25.038616], [121.551215, 25.03838], [121.551634, 25.038422], [121.55157, 25.03862], [121.552803, 25.038596], [121.552853, 25.038873], [121.552014, 25.038887], [121.551863, 25.038829], [121.551682, 25.038095], [121.551604, 25.038097], [121.552283, 25.038171], [121.552769, 25.038443], [121.552844, 25.038292], [121.550122, 25.038169], [121.550205, 25.041708], [121.550694, 25.0417], [121.5507, 25.041864], [121.550863, 25.04169], [121.551774, 25.041678], [121.551965, 25.041811], [121.552017, 25.041671], [121.552177, 25.041668], [121.552246, 25.041963], [121.552649, 25.041956], [121.552614, 25.042176], [121.552022, 25.042183], [121.552001, 25.042449], [121.552237, 25.042438], [121.552303, 25.043046], [121.552046, 25.043049], [121.551994, 25.042927], [121.552023, 25.042647], [121.552872, 25.042627], [121.552874, 25.042905], [121.552553, 25.042918], [121.552585, 25.043097], [121.552892, 25.043091], [121.552889, 25.043392], [121.552577, 25.043399], [121.552589, 25.043544], [121.552887, 25.043594], [121.552888, 25.043753], [121.552583, 25.04377], [121.552555, 25.043949], [121.552557, 25.044011], [121.552889, 25.043989], [121.55289, 25.043932], [121.552329, 25.043942], [121.55233, 25.044012], [121.552288, 25.04355], [121.552061, 25.043554], [121.552034, 25.043393], [121.552323, 25.043387], [121.552304, 25.043182], [121.551815, 25.043102], [121.551225, 25.043131], [121.551242, 25.04295], [121.550955, 25.042971], [121.550877, 25.043211], [121.551015, 25.043157], [121.551106, 25.043401], [121.551651, 25.0434], [121.551676, 25.043312], [121.551562, 25.043222], [121.551691, 25.043215], [121.55185, 25.043373], [121.551856, 25.043584], [121.54945, 25.043615], [121.549485, 25.043475], [121.549576, 25.043474], [121.549505, 25.04332], [121.549553, 25.04322], [121.550673, 25.04315], [121.550616, 25.042961], [121.549734, 25.042958], [121.549852, 25.042852], [121.550155, 25.04285], [121.550149, 25.042668], [121.550673, 25.042667], [121.550853, 25.042769], [121.550706, 25.04292], [121.551197, 25.042646], [121.551412, 25.042658], [121.551401, 25.04296], [121.551806, 25.042853], [121.551771, 25.042479], [121.551533, 25.042392], [121.550971, 25.042469], [121.550862, 25.04223], [121.550946, 25.042191], [121.551794, 25.04219], [121.551853, 25.042222], [121.551852, 25.042444], [121.552766, 25.042432], [121.55289, 25.042214], [121.552882, 25.041766], [121.552577, 25.041662], [121.552513, 25.041662], [121.552501, 25.043097], [121.552045, 25.043808], [121.552071, 25.043908], [121.551826, 25.044054], [121.550901, 25.044058], [121.550972, 25.043884], [121.551445, 25.043881], [121.551544, 25.044301], [121.551884, 25.044271], [121.551897, 25.044199], [121.550881, 25.044376], [121.550878, 25.044258], [121.550737, 25.044393], [121.550449, 25.044444], [121.55045, 25.044325], [121.55033, 25.044302], [121.550336, 25.044449], [121.549875, 25.044435], [121.549915, 25.044058], [121.55005, 25.044055], [121.550026, 25.043886], [121.550875, 25.043845], [121.550672, 25.044092], [121.550675, 25.044286], [121.550521, 25.044078], [121.549927, 25.043887], [121.54976, 25.043889], [121.549784, 25.044059], [121.54958, 25.044038], [121.549579, 25.044144], [121.549566, 25.043789], [121.549259, 25.043768], [121.549255, 25.043651], [121.54927, 25.044459], [121.549383, 25.043476], [121.54926, 25.043463], [121.549259, 25.042973], [121.549488, 25.042972], [121.549487, 25.042726], [121.549253, 25.042732], [121.549263, 25.042473], [121.549419, 25.042403], [121.549523, 25.04248], [121.54955, 25.042341], [121.549547, 25.042239], [121.54926, 25.04222], [121.549274, 25.041714], [121.54947, 25.041712], [121.549585, 25.041784], [121.549586, 25.041873], [121.549739, 25.041715], [121.550091, 25.04171], [121.54994, 25.041936], [121.54974, 25.042045], [121.549833, 25.042262], [121.550123, 25.04226], [121.549943, 25.042446], [121.550026, 25.042668], [121.549791, 25.042691], [121.550548, 25.042489], [121.550509, 25.04222], [121.550626, 25.042219], [121.550382, 25.042222], [121.550392, 25.043423], [121.550937, 25.043399], [121.549755, 25.043441]]}}, {"type": "Feature", "properties": {"district": "63000030", "segment": 8, "total_segments": 25, "km": 9.43, "villages": ["車層里", "華聲里"]}, "geometry": {"type": "LineString", "coordinates": [[121.553102, 25.043216], [121.5531, 25.043072], [121.553401, 25.043054], [121.553314, 25.042914], [121.553092, 25.042896], [121.553088, 25.042604], [121.553524, 25.042728], [121.553467, 25.0429], [121.553753, 25.043047], [121.553567, 25.04324], [121.553596, 25.043933], [121.553127, 25.044085], [121.55311, 25.043543], [121.553324, 25.043527], [121.553331, 25.043823], [121.553643, 25.043918], [121.553765, 25.043876], [121.554175, 25.042267], [121.55385, 25.042221], [121.553862, 25.042488], [121.553787, 25.042473], [121.55376, 25.042616], [121.553858, 25.042641], [121.553738, 25.042713], [121.553688, 25.042885], [121.553773, 25.042968], [121.553819, 25.042792], [121.553549, 25.042608], [121.553665, 25.042225], [121.553529, 25.041951], [121.553111, 25.041956], [121.553107, 25.042176], [121.553377, 25.042155], [121.553408, 25.042428], [121.553109, 25.042432], [121.553118, 25.041644], [121.554152, 25.041671], [121.554216, 25.041203], [121.554364, 25.041197], [121.554636, 25.040378], [121.554153, 25.040406], [121.554262, 25.040828], [121.554151, 25.040984], [121.553875, 25.040901], [121.5539, 25.040685], [121.553112, 25.04069], [121.553063, 25.040514], [121.553113, 25.040436], [121.553854, 25.040435], [121.55402, 25.040469], [121.554019, 25.040645], [121.554353, 25.040627], [121.554295, 25.040237], [121.554669, 25.040246], [121.554739, 25.039962], [121.55462, 25.039777], [121.554811, 25.039751], [121.554859, 25.039336], [121.555001, 25.039071], [121.55494, 25.038972], [121.554639, 25.038977], [121.554671, 25.038853], [121.555044, 25.038878], [121.555144, 25.038538], [121.553041, 25.038635], [121.553044, 25.03885], [121.55393, 25.03885], [121.553874, 25.039041], [121.553041, 25.039052], [121.553048, 25.039327], [121.553936, 25.039341], [121.553919, 25.039463], [121.554188, 25.039333], [121.554695, 25.039333], [121.554702, 25.039458], [121.554383, 25.039509], [121.5542, 25.039708], [121.554423, 25.039906], [121.554158, 25.039962], [121.554232, 25.040121], [121.554165, 25.040244], [121.554021, 25.040183], [121.553996, 25.040243], [121.553063, 25.040254], [121.553063, 25.039967], [121.5532, 25.039954], [121.553231, 25.039798], [121.553867, 25.039776], [121.553837, 25.039973], [121.5534, 25.039977], [121.553067, 25.039802], [121.553049, 25.039583], [121.553733, 25.039512], [121.553926, 25.039973], [121.554127, 25.039024], [121.554284, 25.038985], [121.554253, 25.038855], [121.554179, 25.038855], [121.554581, 25.038854], [121.554432, 25.038984], [121.554401, 25.039167], [121.554791, 25.038337], [121.555076, 25.03833], [121.5552, 25.038213], [121.555199, 25.038022], [121.554602, 25.038035], [121.554676, 25.038228], [121.554341, 25.038067], [121.553704, 25.038155], [121.553233, 25.03809], [121.553058, 25.038204], [121.553339, 25.041217], [121.553932, 25.041204], [121.553351, 25.043231], [121.553198, 25.043388], [121.554028, 25.043589], [121.554184, 25.043021], [121.554255, 25.043034], [121.55427, 25.04271], [121.554421, 25.042676], [121.554915, 25.042791], [121.554811, 25.043402], [121.555049, 25.043365], [121.555072, 25.043197], [121.555199, 25.043198], [121.555065, 25.043111], [121.555073, 25.042951], [121.555275, 25.042989], [121.555296, 25.042846], [121.555844, 25.042963], [121.555363, 25.043268], [121.555388, 25.043105], [121.555169, 25.042822], [121.555062, 25.042802], [121.555102, 25.042647], [121.555486, 25.042694], [121.55548, 25.042457], [121.555135, 25.042461], [121.55512, 25.042317], [121.555122, 25.042242], [121.555469, 25.042299], [121.555438, 25.042087], [121.555106, 25.042078], [121.555139, 25.041928], [121.555472, 25.041934], [121.55554, 25.042083], [121.555662, 25.042135], [121.556312, 25.042076], [121.556304, 25.04228], [121.555778, 25.04229], [121.556132, 25.042448], [121.556538, 25.0428], [121.556426, 25.042979], [121.55667, 25.042991], [121.556636, 25.043103], [121.556862, 25.043112], [121.556897, 25.042509], [121.556885, 25.042289], [121.556796, 25.04228], [121.556828, 25.042047], [121.556935, 25.042289], [121.557274, 25.042495], [121.557479, 25.0434], [121.557496, 25.044719], [121.557213, 25.044739], [121.557166, 25.044205], [121.556796, 25.044247], [121.556809, 25.044376], [121.557047, 25.044371], [121.557054, 25.044592], [121.556968, 25.044698], [121.556774, 25.044677], [121.556762, 25.044379], [121.556595, 25.044405], [121.556616, 25.044656], [121.556002, 25.044488], [121.555991, 25.044412], [121.555852, 25.044434], [121.55583, 25.044501], [121.555908, 25.044517], [121.555709, 25.044476], [121.555781, 25.044398], [121.555411, 25.044271], [121.555158, 25.04437], [121.555456, 25.043632], [121.556304, 25.043376], [121.556782, 25.043731], [121.556762, 25.044054], [121.557291, 25.044045], [121.556457, 25.044066], [121.556457, 25.044209], [121.556395, 25.044208], [121.556604, 25.044212], [121.556454, 25.044409], [121.556146, 25.044414], [121.556202, 25.044269], [121.556271, 25.04427], [121.554663, 25.04349], [121.554457, 25.043505], [121.554431, 25.043178], [121.554625, 25.043225], [121.55465, 25.043057], [121.554442, 25.043044], [121.554492, 25.042837], [121.554588, 25.042882], [121.554642, 25.042571], [121.554577, 25.042559], [121.554581, 25.042421], [121.554964, 25.042237], [121.554962, 25.042166], [121.554747, 25.042102], [121.554648, 25.042233], [121.554417, 25.042178], [121.554438, 25.042105], [121.554323, 25.042469], [121.554908, 25.042602], [121.554855, 25.04193], [121.555058, 25.041926], [121.554616, 25.041926], [121.554737, 25.041611], [121.556131, 25.041591], [121.555996, 25.041901], [121.555754, 25.041907], [121.555677, 25.041908], [121.556849, 25.041572], [121.557436, 25.041559], [121.5573, 25.041848], [121.557162, 25.041853], [121.557491, 25.042151], [121.554022, 25.043647], [121.553996, 25.04373], [121.554273, 25.044212]]}}, {"type": "Feature", "properties": {"district": "63000030", "segment": 9, "total_segments": 25, "km": 9.55, "villages": ["正聲里", "光信里"]}, "geometry": {"type": "LineString", "coordinates": [[121.554847, 25.041186], [121.556445, 25.041155], [121.55667, 25.04101], [121.556866, 25.041021], [121.55687, 25.041143], [121.557401, 25.041133], [121.557353, 25.041029], [121.557466, 25.040812], [121.557367, 25.040654], [121.557402, 25.040512], [121.556964, 25.040581], [121.556999, 25.040177], [121.556859, 25.040176], [121.556959, 25.039669], [121.556872, 25.039665], [121.557099, 25.039675], [121.557103, 25.039398], [121.556917, 25.0394], [121.55701, 25.039237], [121.557144, 25.039236], [121.557379, 25.03939], [121.557454, 25.039267], [121.557444, 25.038936], [121.556927, 25.038547], [121.556842, 25.038661], [121.556674, 25.038644], [121.556699, 25.038504], [121.55548, 25.038494], [121.555355, 25.038555], [121.555271, 25.038821], [121.555319, 25.038861], [121.556742, 25.038793], [121.556645, 25.038982], [121.555399, 25.038995], [121.555373, 25.039103], [121.555629, 25.039169], [121.556463, 25.039172], [121.556515, 25.03929], [121.556063, 25.03929], [121.556072, 25.039459], [121.556468, 25.039445], [121.556437, 25.039718], [121.555229, 25.039788], [121.55518, 25.039927], [121.554971, 25.039962], [121.554907, 25.040199], [121.555754, 25.040202], [121.555765, 25.040402], [121.554859, 25.040407], [121.554791, 25.040657], [121.555917, 25.040646], [121.555942, 25.040848], [121.555374, 25.0409], [121.555142, 25.04086], [121.556339, 25.040843], [121.556467, 25.040658], [121.556445, 25.039905], [121.555985, 25.039459], [121.55511, 25.039475], [121.555044, 25.039724], [121.55531, 25.039933], [121.555317, 25.039309], [121.555831, 25.039316], [121.555193, 25.039225], [121.555174, 25.039319], [121.555239, 25.039], [121.555563, 25.038703], [121.555989, 25.03869], [121.555457, 25.038277], [121.555544, 25.038009], [121.557273, 25.038017], [121.557168, 25.038254], [121.55678, 25.038321], [121.556815, 25.038501], [121.557442, 25.039542], [121.557456, 25.040161], [121.557401, 25.040184], [121.557349, 25.037405], [121.556229, 25.037424], [121.55613, 25.037083], [121.555877, 25.037085], [121.555844, 25.036915], [121.555654, 25.036896], [121.555675, 25.036755], [121.556037, 25.036754], [121.556057, 25.036899], [121.556412, 25.036888], [121.556226, 25.037068], [121.555948, 25.036915], [121.555947, 25.036584], [121.556793, 25.036581], [121.556801, 25.036887], [121.556991, 25.036867], [121.556992, 25.036766], [121.557018, 25.037217], [121.557394, 25.037229], [121.557362, 25.03551], [121.557233, 25.035318], [121.557358, 25.035297], [121.557354, 25.035128], [121.557003, 25.035322], [121.557049, 25.035495], [121.556825, 25.035607], [121.556836, 25.036384], [121.555885, 25.036415], [121.555831, 25.036562], [121.555692, 25.036604], [121.555717, 25.036168], [121.555529, 25.036134], [121.555561, 25.035711], [121.555438, 25.035643], [121.555583, 25.035651], [121.555641, 25.035359], [121.555337, 25.035319], [121.55523, 25.035501], [121.554712, 25.03552], [121.554522, 25.035605], [121.554667, 25.035731], [121.554672, 25.035903], [121.555238, 25.035881], [121.555239, 25.03572], [121.554858, 25.035725], [121.554583, 25.035905], [121.554572, 25.036144], [121.555251, 25.036135], [121.555242, 25.036319], [121.555161, 25.036395], [121.555465, 25.036542], [121.555485, 25.036687], [121.555378, 25.036948], [121.554566, 25.036972], [121.554515, 25.036863], [121.554578, 25.036664], [121.5552, 25.036687], [121.555872, 25.036027], [121.555953, 25.035815], [121.556147, 25.035868], [121.556241, 25.035637], [121.556061, 25.035581], [121.556037, 25.035637], [121.556076, 25.035459], [121.556208, 25.03533], [121.556524, 25.035503], [121.556692, 25.035502], [121.556709, 25.035331], [121.556795, 25.035328], [121.556676, 25.034983], [121.556944, 25.034731], [121.556992, 25.034483], [121.556682, 25.034383], [121.556969, 25.034013], [121.557254, 25.033972], [121.557327, 25.034007], [121.557323, 25.034358], [121.556928, 25.034304], [121.557151, 25.034122], [121.557335, 25.034456], [121.557351, 25.034784], [121.55708, 25.03482], [121.556628, 25.034735], [121.556559, 25.03483], [121.556481, 25.034788], [121.555812, 25.034939], [121.555751, 25.03512], [121.555044, 25.034736], [121.554566, 25.035299], [121.555681, 25.035316], [121.556163, 25.035086], [121.556494, 25.035261], [121.556601, 25.036045], [121.556486, 25.03625], [121.556254, 25.036085], [121.556359, 25.036052], [121.556158, 25.036087], [121.556103, 25.035972], [121.555965, 25.036067], [121.556991, 25.036163], [121.557079, 25.036524], [121.557038, 25.035798], [121.556474, 25.034631], [121.556589, 25.034529], [121.556388, 25.034447], [121.556117, 25.034591], [121.555816, 25.034263], [121.55566, 25.034334], [121.555616, 25.034231], [121.556113, 25.033912], [121.555986, 25.033721], [121.554974, 25.034322], [121.554881, 25.034452], [121.554827, 25.034423], [121.555056, 25.034538], [121.555518, 25.034291], [121.555544, 25.034521], [121.555697, 25.034594], [121.555569, 25.03465], [121.555498, 25.034779], [121.55556, 25.034812], [121.555247, 25.03465], [121.555262, 25.034555], [121.555376, 25.034487], [121.555413, 25.034569], [121.556447, 25.034132], [121.556442, 25.033802], [121.556244, 25.033638], [121.556382, 25.033304], [121.557059, 25.033296], [121.557199, 25.033297], [121.557164, 25.03345], [121.557325, 25.033456], [121.557322, 25.033679], [121.556902, 25.033616], [121.555325, 25.037128], [121.555373, 25.03715], [121.555262, 25.037273], [121.555264, 25.037442], [121.555336, 25.03744], [121.555004, 25.037447], [121.555052, 25.037128], [121.554763, 25.037452], [121.554541, 25.037354], [121.555658, 25.037266], [121.555759, 25.037406]]}}, {"type": "Feature", "properties": {"district": "63000030", "segment": 10, "total_segments": 25, "km": 10.04, "villages": ["敦煌里", "敦安里"]}, "geometry": {"type": "LineString", "coordinates": [[121.554324, 25.036536], [121.553066, 25.036555], [121.552902, 25.036411], [121.553296, 25.035925], [121.55424, 25.035915], [121.554352, 25.035991], [121.554255, 25.036157], [121.553461, 25.036173], [121.553503, 25.03634], [121.554335, 25.03637], [121.554329, 25.035731], [121.553866, 25.03574], [121.553604, 25.035568], [121.553507, 25.035683], [121.553148, 25.035549], [121.55306, 25.03538], [121.553182, 25.035243], [121.55311, 25.035183], [121.55313, 25.035046], [121.552946, 25.034925], [121.552713, 25.034949], [121.552681, 25.034881], [121.552676, 25.034802], [121.552879, 25.034723], [121.553142, 25.034719], [121.553077, 25.034572], [121.552694, 25.034524], [121.552697, 25.034327], [121.552862, 25.034319], [121.552872, 25.034176], [121.553295, 25.034175], [121.55333, 25.034326], [121.553037, 25.034325], [121.553206, 25.034572], [121.553314, 25.034571], [121.55348, 25.034871], [121.553803, 25.035029], [121.553907, 25.035223], [121.553689, 25.035472], [121.553418, 25.035285], [121.553342, 25.035346], [121.553451, 25.035493], [121.553226, 25.035093], [121.552915, 25.035136], [121.552915, 25.035195], [121.552729, 25.035208], [121.55273, 25.035153], [121.552707, 25.036143], [121.553299, 25.036346], [121.552831, 25.03685], [121.552801, 25.037178], [121.552454, 25.036926], [121.552624, 25.036745], [121.552381, 25.036543], [121.55166, 25.037418], [121.551686, 25.037501], [121.552005, 25.037448], [121.55215, 25.037282], [121.552177, 25.037508], [121.552262, 25.037507], [121.552086, 25.037509], [121.552638, 25.037497], [121.552456, 25.037119], [121.553558, 25.037414], [121.553862, 25.037406], [121.553693, 25.036942], [121.554055, 25.035485], [121.554314, 25.035497], [121.554572, 25.034881], [121.554409, 25.034567], [121.554, 25.035039], [121.554146, 25.035066], [121.554192, 25.035192], [121.554044, 25.035254], [121.553976, 25.035204], [121.554312, 25.034983], [121.553967, 25.034686], [121.553835, 25.034825], [121.554356, 25.034302], [121.554864, 25.034645], [121.554817, 25.034785], [121.554741, 25.034312], [121.555144, 25.034019], [121.556, 25.033587], [121.556166, 25.033416], [121.555939, 25.033316], [121.554527, 25.033349], [121.554381, 25.033459], [121.554403, 25.033753], [121.55448, 25.033771], [121.5545, 25.033656], [121.554594, 25.033655], [121.554604, 25.033883], [121.554426, 25.03391], [121.554662, 25.034305], [121.554208, 25.034164], [121.553471, 25.034176], [121.553483, 25.033914], [121.553875, 25.033928], [121.55388, 25.033785], [121.55351, 25.033716], [121.553545, 25.033476], [121.554111, 25.033361], [121.554204, 25.033675], [121.554139, 25.033905], [121.554232, 25.03393], [121.554037, 25.033907], [121.553953, 25.033784], [121.553335, 25.033922], [121.552915, 25.033927], [121.552967, 25.033793], [121.552653, 25.033762], [121.552654, 25.033473], [121.552824, 25.033383], [121.553265, 25.033378], [121.552682, 25.033967], [121.552688, 25.034148], [121.554844, 25.033673], [121.554876, 25.03372], [121.554984, 25.033678], [121.554969, 25.033597], [121.554909, 25.033615], [121.555098, 25.03367], [121.552307, 25.033653], [121.552306, 25.033541], [121.552158, 25.033485], [121.552159, 25.033401], [121.551778, 25.033404], [121.551724, 25.03362], [121.551527, 25.033563], [121.551438, 25.033413], [121.550951, 25.033424], [121.550994, 25.033653], [121.55074, 25.033654], [121.550762, 25.033425], [121.549346, 25.033456], [121.549182, 25.033674], [121.549192, 25.033744], [121.549537, 25.033752], [121.549698, 25.033834], [121.549694, 25.034088], [121.550122, 25.034063], [121.550116, 25.033853], [121.549872, 25.033862], [121.549934, 25.034246], [121.550094, 25.034244], [121.550159, 25.034433], [121.550513, 25.034636], [121.550546, 25.034771], [121.551029, 25.034758], [121.550945, 25.034642], [121.55068, 25.034645], [121.550186, 25.034849], [121.550149, 25.034631], [121.549791, 25.034565], [121.549749, 25.034261], [121.549611, 25.034695], [121.549771, 25.03473], [121.549737, 25.035005], [121.549896, 25.035], [121.549897, 25.035142], [121.549725, 25.035128], [121.549411, 25.034915], [121.549407, 25.034739], [121.549239, 25.034741], [121.549185, 25.035687], [121.549434, 25.035734], [121.549434, 25.035809], [121.549183, 25.035866], [121.549188, 25.035949], [121.549353, 25.036025], [121.5492, 25.036174], [121.549252, 25.036776], [121.549715, 25.036864], [121.549715, 25.036961], [121.549848, 25.037068], [121.550125, 25.037067], [121.550224, 25.036911], [121.550115, 25.036806], [121.549855, 25.036805], [121.549579, 25.036422], [121.549581, 25.036222], [121.549759, 25.036296], [121.54974, 25.035563], [121.550116, 25.035551], [121.550206, 25.035656], [121.550198, 25.036214], [121.549962, 25.036271], [121.549954, 25.035392], [121.549541, 25.035444], [121.549341, 25.03557], [121.550124, 25.035389], [121.551207, 25.035371], [121.551175, 25.035109], [121.550332, 25.035136], [121.550329, 25.03499], [121.551525, 25.034983], [121.551555, 25.034797], [121.551535, 25.034625], [121.551138, 25.034627], [121.550909, 25.03437], [121.550495, 25.034398], [121.550524, 25.034238], [121.551137, 25.034218], [121.551201, 25.034374], [121.551318, 25.034365], [121.551341, 25.034231], [121.551525, 25.034193], [121.551528, 25.033818], [121.550399, 25.033804], [121.550343, 25.033685], [121.550505, 25.033595], [121.550561, 25.033997], [121.551766, 25.03397], [121.551734, 25.034145], [121.551954, 25.034202], [121.551941, 25.034332], [121.552122, 25.034328], [121.552134, 25.034221], [121.552322, 25.034162], [121.552321, 25.033976], [121.55235, 25.034916], [121.552094, 25.034944], [121.551929, 25.035082], [121.552348, 25.035124], [121.552354, 25.035351], [121.551759, 25.035345], [121.551755, 25.035149], [121.55157, 25.035219], [121.551574, 25.035342], [121.551751, 25.034949], [121.55176, 25.034437], [121.55153, 25.03444], [121.552123, 25.034588], [121.552386, 25.035792], [121.55012, 25.035138], [121.550318, 25.034123], [121.550357, 25.034002], [121.550437, 25.033998], [121.54923, 25.034061], [121.549167, 25.034643], [121.549483, 25.037156], [121.549957, 25.037482], [121.550682, 25.037501]]}}, {"type": "Feature", "properties": {"district": "63000030", "segment": 11, "total_segments": 25, "km": 12.41, "villages": ["義安里", "通安里"]}, "geometry": {"type": "LineString", "coordinates": [[121.550651, 25.033043], [121.550584, 25.033043], [121.550948, 25.033033], [121.550794, 25.032724], [121.550254, 25.032811], [121.550316, 25.032906], [121.550205, 25.03291], [121.550211, 25.033047], [121.550435, 25.033044], [121.550534, 25.03287], [121.550656, 25.032861], [121.550633, 25.03262], [121.550308, 25.032624], [121.550209, 25.032465], [121.550206, 25.032361], [121.550327, 25.03229], [121.550218, 25.032228], [121.55028, 25.032152], [121.550215, 25.031851], [121.550508, 25.031829], [121.55061, 25.031982], [121.550498, 25.031996], [121.550484, 25.032183], [121.550616, 25.03224], [121.550601, 25.032182], [121.5507, 25.032155], [121.550685, 25.0325], [121.550345, 25.032508], [121.550061, 25.032642], [121.549549, 25.032646], [121.549718, 25.032514], [121.55002, 25.032489], [121.550085, 25.032222], [121.549856, 25.032218], [121.550085, 25.031787], [121.550079, 25.031425], [121.549839, 25.031385], [121.549778, 25.031446], [121.549819, 25.031524], [121.549622, 25.031627], [121.549648, 25.031751], [121.549811, 25.03156], [121.549747, 25.03151], [121.549762, 25.031326], [121.549601, 25.031327], [121.549482, 25.03109], [121.549194, 25.031196], [121.549153, 25.032825], [121.549336, 25.0329], [121.54937, 25.033003], [121.549295, 25.033068], [121.549159, 25.033024], [121.549981, 25.033054], [121.549803, 25.032856], [121.549543, 25.032885], [121.550915, 25.032451], [121.550802, 25.032424], [121.550883, 25.032087], [121.550965, 25.032089], [121.550801, 25.031997], [121.550881, 25.031823], [121.550708, 25.031902], [121.551163, 25.031455], [121.551383, 25.031412], [121.551437, 25.031322], [121.55122, 25.031326], [121.551448, 25.031176], [121.551448, 25.031068], [121.55135, 25.030886], [121.550429, 25.030877], [121.550263, 25.030787], [121.550223, 25.030894], [121.550055, 25.030877], [121.550099, 25.030745], [121.549923, 25.030896], [121.549912, 25.03104], [121.550066, 25.031036], [121.549857, 25.031041], [121.549936, 25.031293], [121.550075, 25.031312], [121.550639, 25.031016], [121.551199, 25.031027], [121.551448, 25.030788], [121.551413, 25.030572], [121.55133, 25.030543], [121.5513, 25.030637], [121.5512, 25.030642], [121.55118, 25.030532], [121.55096, 25.030497], [121.550912, 25.030649], [121.550353, 25.03054], [121.550286, 25.030626], [121.550504, 25.030248], [121.550623, 25.030279], [121.550587, 25.030379], [121.55078, 25.03043], [121.550913, 25.030258], [121.551031, 25.030278], [121.550979, 25.030439], [121.551438, 25.030281], [121.551387, 25.030022], [121.549778, 25.030036], [121.549741, 25.029845], [121.549497, 25.030061], [121.549356, 25.030063], [121.549145, 25.030791], [121.550165, 25.029864], [121.550572, 25.029374], [121.55101, 25.029565], [121.551829, 25.030212], [121.551634, 25.030228], [121.551678, 25.030883], [121.552139, 25.03088], [121.552254, 25.031308], [121.551964, 25.031318], [121.55194, 25.031409], [121.552263, 25.031415], [121.552269, 25.031632], [121.552117, 25.031671], [121.552148, 25.031779], [121.552238, 25.031799], [121.552239, 25.03204], [121.551829, 25.032068], [121.551672, 25.032209], [121.551491, 25.032145], [121.551458, 25.032492], [121.551116, 25.032499], [121.551101, 25.03272], [121.551498, 25.032672], [121.551722, 25.032763], [121.552049, 25.032746], [121.552038, 25.032617], [121.551753, 25.032647], [121.551693, 25.032487], [121.551808, 25.032459], [121.552297, 25.032593], [121.552269, 25.032201], [121.552018, 25.032179], [121.551664, 25.031869], [121.551846, 25.031667], [121.551675, 25.031608], [121.551667, 25.031419], [121.551861, 25.031404], [121.551666, 25.031212], [121.551765, 25.031015], [121.551984, 25.031031], [121.552242, 25.030677], [121.552182, 25.030492], [121.552108, 25.030425], [121.55193, 25.031549], [121.551461, 25.031575], [121.550968, 25.032715], [121.550902, 25.032718], [121.551413, 25.033019], [121.551698, 25.032946], [121.551996, 25.033037], [121.552246, 25.032877], [121.550485, 25.028998], [121.550245, 25.028772], [121.550262, 25.028948], [121.549744, 25.028334], [121.549542, 25.028336], [121.549528, 25.028537], [121.549429, 25.028541], [121.549123, 25.028461], [121.549122, 25.028276], [121.549185, 25.028913], [121.54931, 25.029236], [121.550973, 25.02892], [121.551106, 25.028884], [121.551105, 25.028691], [121.551272, 25.028748], [121.55135, 25.028874], [121.551241, 25.028976], [121.551435, 25.029134], [121.551472, 25.029027], [121.551774, 25.029109], [121.55175, 25.029175], [121.551929, 25.028844], [121.551859, 25.02881], [121.551913, 25.028703], [121.551784, 25.028633], [121.551652, 25.028766], [121.551661, 25.028879], [121.551503, 25.028814], [121.55156, 25.028512], [121.551321, 25.028646], [121.551153, 25.028581], [121.551261, 25.028313], [121.552127, 25.028574], [121.552548, 25.028439], [121.552656, 25.028713], [121.552064, 25.028854], [121.551984, 25.028973], [121.552081, 25.029003], [121.552025, 25.029119], [121.551944, 25.029097], [121.552858, 25.028835], [121.553023, 25.029186], [121.553051, 25.029468], [121.553238, 25.029544], [121.553707, 25.029422], [121.55369, 25.029307], [121.553235, 25.029414], [121.5532, 25.029184], [121.553619, 25.029034], [121.553575, 25.029167], [121.553503, 25.029151], [121.55353, 25.029238], [121.553827, 25.02917], [121.553656, 25.028559], [121.553544, 25.028488], [121.553603, 25.02839], [121.553544, 25.02818], [121.552739, 25.028383], [121.552858, 25.028619], [121.553373, 25.028507], [121.553424, 25.02862], [121.553283, 25.028673], [121.553372, 25.028839], [121.553521, 25.028793], [121.553609, 25.028898], [121.553121, 25.02904], [121.553153, 25.028868], [121.553051, 25.028856], [121.553036, 25.028726], [121.55314, 25.028681], [121.552884, 25.028748], [121.552735, 25.029093], [121.552611, 25.029129], [121.552765, 25.029292], [121.552822, 25.029491], [121.552582, 25.029524], [121.552362, 25.029152], [121.552266, 25.029682], [121.55205, 25.029949], [121.552385, 25.030236], [121.552696, 25.030001], [121.552678, 25.030402], [121.552896, 25.03038], [121.552942, 25.03086], [121.553145, 25.030861], [121.553189, 25.030756], [121.553555, 25.03085], [121.553586, 25.030676], [121.553676, 25.030831], [121.554121, 25.030827], [121.554135, 25.03034], [121.553966, 25.030563], [121.553809, 25.030586], [121.553811, 25.030696], [121.553946, 25.030714], [121.553863, 25.030999], [121.553344, 25.031022], [121.553364, 25.031239], [121.553534, 25.031278], [121.553495, 25.031385], [121.553629, 25.031409], [121.553626, 25.031645], [121.553365, 25.031617], [121.553357, 25.031417], [121.553211, 25.031405], [121.55323, 25.031656], [121.552844, 25.031666], [121.552937, 25.031492], [121.553049, 25.031524], [121.553039, 25.031783], [121.552671, 25.031765], [121.552608, 25.031877], [121.552612, 25.032053], [121.552827, 25.032067], [121.552793, 25.03217], [121.552614, 25.032194], [121.552696, 25.032547], [121.552778, 25.032537], [121.552783, 25.032645], [121.55269, 25.032648], [121.552632, 25.032766], [121.552677, 25.032985], [121.554139, 25.032962], [121.554149, 25.032492], [121.553439, 25.03259], [121.553401, 25.032471], [121.554171, 25.032389], [121.554135, 25.031737], [121.553467, 25.031777], [121.553403, 25.031896], [121.553801, 25.032043], [121.553949, 25.032016], [121.554007, 25.032116], [121.553481, 25.032128], [121.553538, 25.031995], [121.553668, 25.032045], [121.554165, 25.031626], [121.554146, 25.030967], [121.553936, 25.031273], [121.553671, 25.031268], [121.553737, 25.031369], [121.553569, 25.031109], [121.553634, 25.031079], [121.553178, 25.031106], [121.553122, 25.031009], [121.553183, 25.031265], [121.552842, 25.030861], [121.552572, 25.030833], [121.552568, 25.030578], [121.552727, 25.030546], [121.552587, 25.030402], [121.553143, 25.030372], [121.55304, 25.03001], [121.552908, 25.030027], [121.552941, 25.029848], [121.552848, 25.02969], [121.552605, 25.029754], [121.553089, 25.029607], [121.553374, 25.030499], [121.553971, 25.030343], [121.553951, 25.030216], [121.553474, 25.03034], [121.55344, 25.030253], [121.553756, 25.030172], [121.553759, 25.030049], [121.553729, 25.029999], [121.553678, 25.030069], [121.553545, 25.03005], [121.553572, 25.030151], [121.553504, 25.030169], [121.553387, 25.029904], [121.553873, 25.02978], [121.55376, 25.029713], [121.553332, 25.029828], [121.553277, 25.029646], [121.553929, 25.02952], [121.554122, 25.030174], [121.553834, 25.030152], [121.553871, 25.030072], [121.553778, 25.029986], [121.553928, 25.029947], [121.553836, 25.029201], [121.553704, 25.030528], [121.553333, 25.030649], [121.552594, 25.031433], [121.5526, 25.031616], [121.55297, 25.032001], [121.553219, 25.03202], [121.553239, 25.031792], [121.553368, 25.031803], [121.553383, 25.032165], [121.55324, 25.032166], [121.553242, 25.032245], [121.553189, 25.032184], [121.553044, 25.032324], [121.553082, 25.032501], [121.553029, 25.032507], [121.553187, 25.032488], [121.553245, 25.032326], [121.553082, 25.032139], [121.552948, 25.032142], [121.553247, 25.032616], [121.553435, 25.032755], [121.553683, 25.032274], [121.553597, 25.032249], [121.551892, 25.029803], [121.55104, 25.029038]]}}, {"type": "Feature", "properties": {"district": "63000030", "segment": 12, "total_segments": 25, "km": 10.3, "villages": ["通化里", "臨江里"]}, "geometry": {"type": "LineString", "coordinates": [[121.554326, 25.030257], [121.554454, 25.03022], [121.554427, 25.030499], [121.555218, 25.030247], [121.555242, 25.030334], [121.55471, 25.030472], [121.55472, 25.030595], [121.555138, 25.030502], [121.55523, 25.030685], [121.555147, 25.030723], [121.555196, 25.030822], [121.554505, 25.030856], [121.55452, 25.030963], [121.555147, 25.030956], [121.555309, 25.03092], [121.555253, 25.030823], [121.555414, 25.030771], [121.555325, 25.030465], [121.555442, 25.03043], [121.555528, 25.030736], [121.55575, 25.030662], [121.555692, 25.030469], [121.555754, 25.030453], [121.555762, 25.030249], [121.555552, 25.030305], [121.555773, 25.030512], [121.55583, 25.030672], [121.555997, 25.030629], [121.555911, 25.030299], [121.556113, 25.030249], [121.556173, 25.029954], [121.556302, 25.029912], [121.556225, 25.030503], [121.556265, 25.030564], [121.556564, 25.030573], [121.556573, 25.030675], [121.556288, 25.03069], [121.556457, 25.031204], [121.556355, 25.031303], [121.556381, 25.031368], [121.556218, 25.031446], [121.556102, 25.031276], [121.556271, 25.03119], [121.556119, 25.030734], [121.555823, 25.030781], [121.555881, 25.031005], [121.555743, 25.030801], [121.555559, 25.030866], [121.555703, 25.031223], [121.555856, 25.031141], [121.555828, 25.03104], [121.555934, 25.031169], [121.556033, 25.031144], [121.555983, 25.03081], [121.55613, 25.030357], [121.556009, 25.030446], [121.555902, 25.030212], [121.555826, 25.030232], [121.555912, 25.030045], [121.555957, 25.030185], [121.555677, 25.03018], [121.55565, 25.030096], [121.555376, 25.030233], [121.555402, 25.030322], [121.555356, 25.030169], [121.554642, 25.030291], [121.554642, 25.030189], [121.555154, 25.030057], [121.555199, 25.030105], [121.555318, 25.030007], [121.557022, 25.029569], [121.557233, 25.029604], [121.557233, 25.029535], [121.557222, 25.030214], [121.557147, 25.030325], [121.556938, 25.030339], [121.556877, 25.030662], [121.556759, 25.030668], [121.556725, 25.03057], [121.556702, 25.030031], [121.556757, 25.029857], [121.556867, 25.029856], [121.556922, 25.029968], [121.556938, 25.030299], [121.556579, 25.030312], [121.55659, 25.029874], [121.557059, 25.029939], [121.556582, 25.030422], [121.556309, 25.030416], [121.556624, 25.030785], [121.556666, 25.030944], [121.556781, 25.030954], [121.556755, 25.030797], [121.556937, 25.030658], [121.557255, 25.030657], [121.557189, 25.030979], [121.557281, 25.032005], [121.557251, 25.032092], [121.557029, 25.032106], [121.557291, 25.03225], [121.557208, 25.032813], [121.555889, 25.032924], [121.555826, 25.032328], [121.556519, 25.032273], [121.556522, 25.032148], [121.554823, 25.032326], [121.554817, 25.032423], [121.55567, 25.032343], [121.555702, 25.032597], [121.556078, 25.032508], [121.556075, 25.032572], [121.556518, 25.032546], [121.556672, 25.032003], [121.556625, 25.031818], [121.556767, 25.031709], [121.556622, 25.031548], [121.556765, 25.031548], [121.556663, 25.031397], [121.556899, 25.031325], [121.556887, 25.031267], [121.556956, 25.031475], [121.556546, 25.031399], [121.556521, 25.031336], [121.55646, 25.031525], [121.556274, 25.031585], [121.556303, 25.031737], [121.556476, 25.031706], [121.55648, 25.031919], [121.556153, 25.031903], [121.556117, 25.031738], [121.556189, 25.031738], [121.555927, 25.031706], [121.554557, 25.031749], [121.554667, 25.031604], [121.554666, 25.031206], [121.554734, 25.031152], [121.554844, 25.031245], [121.555223, 25.031223], [121.555233, 25.03135], [121.5553, 25.031348], [121.554811, 25.031354], [121.554811, 25.031613], [121.555595, 25.031604], [121.555606, 25.031436], [121.555448, 25.030886], [121.555286, 25.031099], [121.55462, 25.030596], [121.554327, 25.030612], [121.554361, 25.032231], [121.554509, 25.032456], [121.554385, 25.032559], [121.554393, 25.032862], [121.554592, 25.032949], [121.555027, 25.03294], [121.555053, 25.032679], [121.555125, 25.032677], [121.554699, 25.032689], [121.554685, 25.03281], [121.554623, 25.032811], [121.554803, 25.032177], [121.554691, 25.0319], [121.555185, 25.031926], [121.555179, 25.032036], [121.555006, 25.032048], [121.555354, 25.031944], [121.555799, 25.031944], [121.555806, 25.032003], [121.555457, 25.032932], [121.554327, 25.030499], [121.554326, 25.03034], [121.554299, 25.030104], [121.553829, 25.028512], [121.554074, 25.028452], [121.554099, 25.028561], [121.55419, 25.028505], [121.554331, 25.028852], [121.554152, 25.028898], [121.554142, 25.028698], [121.554461, 25.028709], [121.554479, 25.028827], [121.554619, 25.028793], [121.554604, 25.028675], [121.554784, 25.028583], [121.554735, 25.028419], [121.554857, 25.02838], [121.554813, 25.028285], [121.554881, 25.028246], [121.554782, 25.028155], [121.554713, 25.027872], [121.555074, 25.027804], [121.55519, 25.028023], [121.554977, 25.028125], [121.555069, 25.028341], [121.555381, 25.028443], [121.556233, 25.029206], [121.556624, 25.029098], [121.556532, 25.028916], [121.556622, 25.028875], [121.556452, 25.028795], [121.556176, 25.028303], [121.556245, 25.028271], [121.556092, 25.028206], [121.555923, 25.027908], [121.555416, 25.028007], [121.55529, 25.027923], [121.555246, 25.027761], [121.555737, 25.027618], [121.555835, 25.027691], [121.556073, 25.027686], [121.556302, 25.027913], [121.556372, 25.028035], [121.55629, 25.028121], [121.556455, 25.028171], [121.557163, 25.029365], [121.556926, 25.029379], [121.556812, 25.029233], [121.556752, 25.02927], [121.556854, 25.029466], [121.556781, 25.029494], [121.554684, 25.030022], [121.554595, 25.029802], [121.554499, 25.029937], [121.55454, 25.030054], [121.554378, 25.030095], [121.554816, 25.029915], [121.554774, 25.029762], [121.554866, 25.029918], [121.555045, 25.029828], [121.554958, 25.02951], [121.555052, 25.02954], [121.555109, 25.029779], [121.555229, 25.029726], [121.554931, 25.028715], [121.554826, 25.028742], [121.555007, 25.029387], [121.554359, 25.029562], [121.554508, 25.029742], [121.554574, 25.029732], [121.554538, 25.029605], [121.554718, 25.029558], [121.554786, 25.02962], [121.554817, 25.029536], [121.554806, 25.029696], [121.554432, 25.02937], [121.554307, 25.029415], [121.554269, 25.029278], [121.554707, 25.029165], [121.554678, 25.029067], [121.554233, 25.029169], [121.554437, 25.028838], [121.554408, 25.028494], [121.55453, 25.028559], [121.554484, 25.028358], [121.554694, 25.028306], [121.554631, 25.028099], [121.554541, 25.028225], [121.554243, 25.028295], [121.55431, 25.028388], [121.554191, 25.028421], [121.554166, 25.028048], [121.554561, 25.027937], [121.555114, 25.028216], [121.555369, 25.028136], [121.555825, 25.028477], [121.556023, 25.028391], [121.556381, 25.028909], [121.556006, 25.028844], [121.555933, 25.028642], [121.555885, 25.02877], [121.555763, 25.028639], [121.555628, 25.028836], [121.555456, 25.028879], [121.555491, 25.028971], [121.555236, 25.029057], [121.555188, 25.028935], [121.555333, 25.028911], [121.555175, 25.028717], [121.555239, 25.028625], [121.555116, 25.028659], [121.555086, 25.028525], [121.555177, 25.028502], [121.554896, 25.02858], [121.554879, 25.028454], [121.555451, 25.028658], [121.555596, 25.028929], [121.555578, 25.029053], [121.555866, 25.029013], [121.55591, 25.029167], [121.556082, 25.029224], [121.55613, 25.029377], [121.556173, 25.029252], [121.556258, 25.029332], [121.556247, 25.029458], [121.555898, 25.029478], [121.555915, 25.029542], [121.555948, 25.029258], [121.55587, 25.029175], [121.555773, 25.029195], [121.555332, 25.029313], [121.555371, 25.029401], [121.555298, 25.02942], [121.555436, 25.029647], [121.555499, 25.029655], [121.555436, 25.029405], [121.555811, 25.029305], [121.5557, 25.029463], [121.555737, 25.029598], [121.555456, 25.029164], [121.555728, 25.028892], [121.55483, 25.029121], [121.554765, 25.029274], [121.554637, 25.029297], [121.556456, 25.029464]]}}, {"type": "Feature", "properties": {"district": "63000030", "segment": 13, "total_segments": 25, "km": 9.71, "villages": ["法治里", "全安里"]}, "geometry": {"type": "LineString", "coordinates": [[121.55562, 25.027513], [121.555769, 25.027449], [121.55544, 25.027128], [121.555446, 25.027517], [121.555008, 25.027665], [121.554951, 25.027404], [121.554803, 25.027279], [121.554934, 25.027212], [121.555102, 25.027426], [121.554859, 25.027667], [121.554707, 25.027702], [121.554767, 25.027549], [121.554546, 25.027298], [121.554132, 25.02708], [121.553753, 25.026538], [121.553422, 25.026289], [121.553442, 25.026179], [121.553145, 25.02614], [121.553223, 25.025864], [121.55301, 25.025848], [121.552989, 25.025971], [121.552445, 25.025881], [121.552524, 25.025597], [121.552678, 25.025622], [121.552658, 25.025728], [121.55278, 25.025449], [121.552552, 25.025383], [121.552631, 25.025286], [121.552761, 25.025325], [121.552814, 25.025158], [121.552616, 25.025088], [121.552628, 25.025026], [121.552891, 25.025184], [121.553121, 25.025189], [121.553116, 25.025098], [121.553341, 25.025277], [121.553286, 25.025345], [121.55345, 25.025375], [121.553376, 25.025539], [121.553444, 25.025539], [121.552913, 25.025463], [121.552369, 25.025178], [121.552521, 25.024835], [121.55283, 25.024818], [121.552917, 25.024942], [121.55227, 25.025428], [121.55218, 25.025779], [121.552217, 25.026002], [121.552521, 25.026077], [121.552405, 25.026337], [121.552612, 25.026424], [121.552746, 25.026362], [121.552807, 25.026198], [121.552922, 25.026171], [121.552951, 25.026362], [121.553193, 25.026306], [121.553385, 25.026954], [121.553843, 25.02681], [121.553818, 25.026935], [121.553972, 25.027126], [121.553838, 25.027187], [121.553707, 25.02714], [121.553759, 25.026949], [121.553788, 25.027018], [121.553945, 25.026908], [121.55372, 25.026629], [121.55352, 25.026658], [121.553456, 25.026532], [121.553592, 25.026517], [121.553574, 25.026267], [121.553178, 25.026259], [121.553084, 25.0266], [121.552811, 25.026702], [121.55227, 25.026727], [121.552336, 25.026493], [121.552212, 25.026445], [121.5523, 25.026204], [121.552039, 25.026098], [121.552053, 25.026003], [121.551465, 25.02759], [121.551741, 25.027654], [121.552189, 25.026525], [121.552316, 25.026988], [121.552155, 25.027062], [121.551985, 25.027556], [121.552354, 25.027652], [121.552885, 25.027532], [121.552735, 25.027225], [121.553182, 25.027121], [121.553287, 25.027295], [121.553168, 25.027319], [121.553171, 25.027267], [121.55323, 25.027253], [121.553102, 25.027364], [121.552972, 25.027317], [121.552739, 25.027448], [121.552375, 25.027397], [121.552377, 25.027469], [121.552599, 25.027257], [121.552361, 25.027263], [121.552345, 25.027163], [121.552538, 25.026981], [121.552609, 25.027811], [121.552912, 25.027722], [121.552937, 25.027858], [121.553402, 25.027748], [121.553482, 25.027955], [121.553961, 25.027841], [121.553956, 25.027933], [121.55405, 25.02791], [121.554063, 25.027815], [121.554208, 25.027763], [121.554189, 25.027676], [121.554327, 25.027642], [121.554318, 25.027559], [121.553769, 25.027782], [121.553786, 25.027632], [121.553967, 25.02759], [121.554175, 25.027418], [121.554041, 25.027248], [121.553476, 25.027176], [121.553499, 25.027237], [121.55349, 25.027113], [121.553588, 25.027088], [121.553547, 25.02703], [121.553735, 25.027988], [121.554482, 25.027802], [121.554306, 25.027739], [121.554387, 25.027539], [121.555037, 25.026877], [121.554772, 25.026557], [121.554263, 25.026292], [121.553887, 25.025967], [121.552695, 25.02614], [121.553283, 25.027486], [121.552829, 25.02788], [121.552475, 25.028064], [121.552383, 25.028036], [121.552444, 25.027858], [121.552019, 25.027733], [121.551889, 25.02784], [121.551853, 25.028007], [121.55147, 25.027955], [121.551381, 25.027885], [121.551429, 25.027787], [121.551676, 25.027864], [121.551582, 25.028227], [121.551267, 25.028117], [121.551319, 25.027978], [121.551933, 25.028342], [121.552096, 25.028362], [121.553213, 25.028106], [121.55124, 25.027521], [121.551083, 25.027817], [121.550814, 25.027734], [121.550869, 25.027598], [121.551006, 25.027636], [121.551069, 25.027432], [121.55094, 25.027393], [121.549922, 25.027483], [121.549981, 25.027927], [121.550449, 25.027917], [121.550598, 25.027825], [121.551018, 25.028014], [121.550942, 25.028302], [121.550816, 25.028264], [121.550859, 25.02819], [121.550561, 25.028097], [121.550194, 25.028112], [121.550108, 25.028186], [121.55073, 25.028769], [121.550858, 25.028436], [121.550708, 25.028389], [121.550557, 25.027665], [121.550366, 25.027692], [121.550206, 25.027607], [121.550208, 25.02722], [121.550656, 25.027206], [121.55071, 25.026949], [121.550906, 25.026918], [121.550931, 25.026768], [121.550722, 25.02671], [121.550842, 25.02661], [121.550795, 25.026459], [121.550612, 25.026404], [121.550642, 25.02625], [121.551054, 25.026363], [121.551024, 25.0265], [121.550936, 25.026476], [121.551017, 25.026659], [121.551174, 25.026723], [121.551087, 25.026823], [121.551282, 25.026934], [121.551245, 25.027071], [121.55104, 25.027019], [121.551395, 25.027123], [121.551548, 25.026679], [121.551179, 25.026585], [121.551376, 25.026499], [121.551332, 25.026441], [121.551602, 25.026542], [121.55208, 25.02526], [121.552059, 25.025091], [121.551816, 25.0253], [121.551664, 25.025251], [121.551322, 25.026294], [121.551216, 25.026136], [121.55088, 25.026037], [121.55092, 25.025924], [121.551136, 25.025983], [121.551192, 25.025852], [121.550926, 25.025727], [121.55097, 25.025606], [121.551312, 25.025707], [121.550754, 25.025797], [121.55084, 25.025903], [121.550638, 25.025838], [121.550667, 25.025771], [121.55055, 25.0258], [121.550566, 25.025913], [121.550453, 25.025879], [121.550394, 25.025741], [121.550518, 25.025465], [121.550691, 25.025465], [121.550741, 25.02558], [121.550846, 25.025589], [121.550787, 25.025297], [121.550538, 25.025299], [121.550603, 25.025052], [121.550788, 25.025056], [121.550431, 25.025024], [121.550334, 25.025447], [121.549987, 25.025327], [121.54986, 25.025468], [121.549426, 25.025488], [121.549539, 25.025362], [121.549714, 25.025352], [121.54969, 25.025109], [121.550031, 25.025147], [121.550011, 25.025243], [121.550045, 25.02508], [121.550406, 25.024908], [121.550504, 25.024626], [121.55199, 25.02455], [121.552121, 25.024691], [121.551521, 25.024792], [121.551479, 25.024906], [121.551149, 25.024859], [121.551189, 25.02527], [121.551529, 25.02519], [121.551062, 25.025276], [121.550272, 25.02588], [121.5502, 25.026075], [121.550469, 25.026221], [121.550143, 25.026341], [121.550062, 25.026888], [121.550271, 25.026816], [121.550446, 25.026591], [121.550512, 25.026953], [121.550619, 25.026928], [121.550012, 25.027106], [121.550032, 25.027243], [121.549561, 25.027576], [121.549613, 25.027958], [121.549196, 25.027889], [121.54917, 25.026618], [121.549678, 25.0263], [121.549533, 25.026107], [121.549255, 25.02601], [121.549162, 25.025842], [121.549091, 25.024774], [121.549188, 25.024704], [121.549364, 25.024695], [121.549443, 25.024775], [121.549445, 25.024969], [121.549964, 25.025516], [121.550631, 25.027654]]}}, {"type": "Feature", "properties": {"district": "63000030", "segment": 14, "total_segments": 25, "km": 13.18, "villages": ["黎孝里", "黎和里"]}, "geometry": {"type": "LineString", "coordinates": [[121.554645, 25.022137], [121.555344, 25.021496], [121.554537, 25.020772], [121.5547, 25.020657], [121.555301, 25.021207], [121.55602, 25.020388], [121.556066, 25.020429], [121.556125, 25.02026], [121.556198, 25.020327], [121.556221, 25.020473], [121.556105, 25.020579], [121.556223, 25.020645], [121.55549, 25.021372], [121.554919, 25.021476], [121.554459, 25.021939], [121.553978, 25.021202], [121.554218, 25.021061], [121.554381, 25.02121], [121.554357, 25.021344], [121.554428, 25.021404], [121.554672, 25.021431], [121.554421, 25.021674], [121.554755, 25.021281], [121.554329, 25.020918], [121.55425, 25.020745], [121.553902, 25.021052], [121.553687, 25.020883], [121.55415, 25.020471], [121.554382, 25.020635], [121.554341, 25.02069], [121.554558, 25.020529], [121.554619, 25.020584], [121.554428, 25.020413], [121.554462, 25.020119], [121.554397, 25.020019], [121.553964, 25.019636], [121.553757, 25.019561], [121.553613, 25.019687], [121.553882, 25.019957], [121.553934, 25.019835], [121.553821, 25.02012], [121.554056, 25.020329], [121.554087, 25.02012], [121.553724, 25.020221], [121.553285, 25.020639], [121.553491, 25.020767], [121.553871, 25.020466], [121.553536, 25.020108], [121.553183, 25.020442], [121.55302, 25.020469], [121.552836, 25.020341], [121.553474, 25.019838], [121.55365, 25.020017], [121.553605, 25.020053], [121.553828, 25.019492], [121.553989, 25.019385], [121.554607, 25.019926], [121.554885, 25.020063], [121.554594, 25.020198], [121.555336, 25.020842], [121.555482, 25.020701], [121.554914, 25.020213], [121.55517, 25.020051], [121.555646, 25.020478], [121.555613, 25.020575], [121.555816, 25.020367], [121.554987, 25.019615], [121.555167, 25.019451], [121.554596, 25.018897], [121.554343, 25.019074], [121.554898, 25.019554], [121.554768, 25.0197], [121.554943, 25.019876], [121.554896, 25.019922], [121.555068, 25.019962], [121.554257, 25.019251], [121.554141, 25.019249], [121.554836, 25.018852], [121.555132, 25.019099], [121.555282, 25.019059], [121.555277, 25.018963], [121.555403, 25.018953], [121.555408, 25.01905], [121.555532, 25.019041], [121.555526, 25.018944], [121.555788, 25.019024], [121.555777, 25.018926], [121.555895, 25.018917], [121.555925, 25.019014], [121.556038, 25.019008], [121.556025, 25.018906], [121.556164, 25.018894], [121.556187, 25.018996], [121.556344, 25.019035], [121.556345, 25.019268], [121.55657, 25.019227], [121.55657, 25.019329], [121.556663, 25.019337], [121.556716, 25.01866], [121.556394, 25.018674], [121.556357, 25.018942], [121.556195, 25.018689], [121.554993, 25.018766], [121.555216, 25.018363], [121.555733, 25.018438], [121.556073, 25.018316], [121.556737, 25.018393], [121.556799, 25.018215], [121.55647, 25.018174], [121.556549, 25.018072], [121.556819, 25.018105], [121.55683, 25.017947], [121.556651, 25.017926], [121.556843, 25.017864], [121.556898, 25.017686], [121.556982, 25.016663], [121.556773, 25.016645], [121.556622, 25.01746], [121.556768, 25.017483], [121.556658, 25.017625], [121.556446, 25.017527], [121.556462, 25.01744], [121.556544, 25.01745], [121.556548, 25.017779], [121.556415, 25.017769], [121.556248, 25.017918], [121.556383, 25.017995], [121.556333, 25.018049], [121.556478, 25.017891], [121.556136, 25.01919], [121.555314, 25.019275], [121.555458, 25.019435], [121.555685, 25.019454], [121.55543, 25.019672], [121.556036, 25.020187], [121.556183, 25.020054], [121.556323, 25.020177], [121.55641, 25.020101], [121.556355, 25.019986], [121.556213, 25.020001], [121.55627, 25.019815], [121.556353, 25.019832], [121.556391, 25.019752], [121.556314, 25.019736], [121.556595, 25.019793], [121.556569, 25.019875], [121.556472, 25.019855], [121.556594, 25.019973], [121.556551, 25.02028], [121.556292, 25.020585], [121.556627, 25.01954], [121.5561, 25.019421], [121.555372, 25.019621], [121.554232, 25.018502], [121.553887, 25.018418], [121.553845, 25.018351], [121.554088, 25.018152], [121.553747, 25.018211], [121.55699, 25.01822], [121.557062, 25.018362], [121.55747, 25.018197], [121.557425, 25.018058], [121.557062, 25.01806], [121.557102, 25.018158], [121.557199, 25.018156], [121.557239, 25.017845], [121.557145, 25.017846], [121.557101, 25.01774], [121.557365, 25.017738], [121.557337, 25.017844], [121.557659, 25.01784], [121.557706, 25.017888], [121.557603, 25.01804], [121.55775, 25.018139], [121.557916, 25.017877], [121.558106, 25.017933], [121.558171, 25.017774], [121.558712, 25.01749], [121.558763, 25.017579], [121.558889, 25.017505], [121.558981, 25.017674], [121.558658, 25.017859], [121.558533, 25.017716], [121.5587, 25.017617], [121.558474, 25.017751], [121.558466, 25.018069], [121.558585, 25.018091], [121.558283, 25.018262], [121.557954, 25.018322], [121.558138, 25.018261], [121.558039, 25.018563], [121.557536, 25.018606], [121.557388, 25.019384], [121.557496, 25.019478], [121.557914, 25.019078], [121.557728, 25.018875], [121.557787, 25.018826], [121.558013, 25.018979], [121.558225, 25.018783], [121.5582, 25.018588], [121.557685, 25.018356], [121.557596, 25.017704], [121.557671, 25.017556], [121.557848, 25.017696], [121.558155, 25.017244], [121.55831, 25.017328], [121.558425, 25.017169], [121.558489, 25.017352], [121.55827, 25.017383], [121.558036, 25.017706], [121.557536, 25.017463], [121.557154, 25.017447], [121.557142, 25.01754], [121.557484, 25.017555], [121.557537, 25.017297], [121.557747, 25.01713], [121.55725, 25.017145], [121.558061, 25.01692], [121.559655, 25.016801], [121.560103, 25.016446], [121.559899, 25.016983], [121.559958, 25.017046], [121.559716, 25.017388], [121.559583, 25.01739], [121.559583, 25.017309], [121.559367, 25.017472], [121.559511, 25.017687], [121.559258, 25.01798], [121.55899, 25.017907], [121.559144, 25.017694], [121.559328, 25.017592], [121.558919, 25.017237], [121.558994, 25.017148], [121.558711, 25.017119], [121.558652, 25.018545], [121.557601, 25.018857], [121.557571, 25.019096], [121.557193, 25.019247], [121.557131, 25.01949], [121.557318, 25.019601], [121.557469, 25.019502], [121.556868, 25.020056], [121.556762, 25.020054], [121.55691, 25.019121], [121.560476, 25.015367], [121.560691, 25.015425], [121.560983, 25.014971], [121.560826, 25.014879], [121.560943, 25.014796], [121.561019, 25.014564], [121.560814, 25.01444], [121.561041, 25.01441], [121.561201, 25.014564], [121.560745, 25.014664], [121.560166, 25.015084], [121.561353, 25.015214], [121.561956, 25.014713], [121.562221, 25.014258], [121.562143, 25.014229], [121.562146, 25.013982], [121.562406, 25.01381], [121.562392, 25.013511], [121.562184, 25.013318], [121.56216, 25.013439], [121.56183, 25.013449], [121.561721, 25.013398], [121.561749, 25.013277], [121.562051, 25.013291], [121.56243, 25.01346], [121.561749, 25.013592], [121.56154, 25.013203], [121.561381, 25.013154], [121.56157, 25.013012], [121.560958, 25.013037], [121.560589, 25.013129], [121.560486, 25.013232], [121.559915, 25.013114], [121.55983, 25.013022], [121.559704, 25.013083], [121.559983, 25.013252], [121.560081, 25.012933], [121.559897, 25.012874], [121.560079, 25.012624], [121.56016, 25.012641], [121.560148, 25.012458], [121.559973, 25.012484], [121.55991, 25.012353], [121.559812, 25.012544], [121.559634, 25.012462], [121.559592, 25.012739], [121.55926, 25.012469], [121.559508, 25.013253], [121.560227, 25.013064], [121.560597, 25.012459], [121.560885, 25.012417], [121.561127, 25.012487], [121.561179, 25.012372], [121.560628, 25.012293], [121.56083, 25.01195], [121.560704, 25.011838], [121.560788, 25.011783], [121.560755, 25.01168], [121.560612, 25.011546], [121.560532, 25.011707], [121.560617, 25.011762], [121.560452, 25.011801], [121.560886, 25.011674], [121.561107, 25.011796], [121.561261, 25.011784], [121.561151, 25.011886], [121.561042, 25.011612], [121.56117, 25.011505], [121.561129, 25.011445], [121.561279, 25.011388], [121.561272, 25.011641], [121.561183, 25.011577], [121.561528, 25.011583], [121.561667, 25.011752], [121.560908, 25.011419], [121.561039, 25.012648], [121.563181, 25.01247], [121.563298, 25.012299], [121.563379, 25.012407], [121.563244, 25.012157], [121.564109, 25.008204], [121.564437, 25.007856]]}}, {"type": "Feature", "properties": {"district": "63000030", "segment": 15, "total_segments": 25, "km": 11.98, "villages": ["黎元里", "芳和里"]}, "geometry": {"type": "LineString", "coordinates": [[121.553445, 25.018315], [121.553101, 25.018562], [121.553039, 25.018501], [121.553106, 25.018444], [121.552949, 25.018477], [121.55254, 25.018112], [121.552431, 25.018245], [121.552358, 25.018181], [121.552284, 25.018249], [121.552354, 25.018311], [121.552239, 25.018502], [121.552325, 25.018576], [121.552434, 25.018504], [121.552799, 25.018983], [121.553034, 25.018757], [121.552758, 25.018517], [121.552518, 25.018461], [121.552594, 25.018388], [121.552517, 25.01832], [121.552132, 25.01841], [121.551981, 25.018281], [121.552067, 25.018197], [121.552143, 25.018263], [121.552294, 25.018105], [121.552111, 25.018065], [121.552161, 25.01797], [121.552067, 25.017917], [121.551948, 25.017933], [121.551744, 25.018075], [121.55182, 25.018145], [121.551745, 25.018317], [121.551236, 25.018558], [121.551564, 25.01867], [121.55188, 25.018438], [121.55198, 25.018564], [121.551525, 25.018938], [121.551424, 25.018889], [121.551094, 25.018343], [121.551586, 25.018142], [121.55137, 25.017947], [121.551122, 25.018076], [121.550921, 25.017242], [121.551049, 25.017159], [121.551018, 25.017059], [121.550754, 25.017038], [121.550673, 25.016576], [121.55068, 25.016516], [121.550904, 25.016553], [121.550964, 25.016793], [121.550888, 25.016816], [121.551091, 25.016888], [121.551072, 25.016706], [121.551116, 25.016742], [121.551286, 25.016297], [121.551078, 25.01654], [121.551092, 25.016635], [121.550962, 25.016466], [121.550537, 25.016812], [121.549488, 25.017451], [121.549346, 25.017241], [121.550243, 25.016712], [121.550614, 25.016989], [121.550848, 25.018009], [121.550685, 25.018096], [121.550546, 25.018069], [121.550321, 25.017188], [121.550182, 25.017246], [121.55035, 25.017973], [121.5501, 25.017921], [121.549967, 25.017369], [121.549818, 25.017482], [121.549902, 25.017832], [121.549736, 25.017778], [121.549591, 25.017586], [121.551229, 25.01752], [121.551318, 25.017594], [121.551271, 25.017691], [121.551568, 25.01787], [121.551045, 25.018367], [121.551696, 25.019012], [121.551567, 25.019117], [121.55171, 25.01928], [121.552404, 25.018644], [121.552534, 25.018756], [121.552464, 25.018933], [121.551776, 25.019485], [121.551825, 25.019566], [121.552051, 25.019585], [121.552612, 25.019066], [121.553297, 25.019691], [121.552679, 25.020218], [121.552461, 25.020034], [121.552998, 25.019565], [121.552777, 25.019535], [121.55229, 25.019962], [121.552077, 25.019811], [121.552934, 25.019076], [121.553506, 25.019542], [121.553459, 25.019585], [121.553704, 25.01936], [121.553157, 25.018922], [121.553357, 25.018836], [121.553319, 25.018785], [121.553405, 25.018706], [121.553945, 25.019173], [121.554195, 25.018962], [121.553837, 25.019257], [121.553449, 25.018917], [121.553522, 25.018615], [121.553666, 25.018553], [121.553496, 25.018362], [121.553188, 25.018673], [121.552816, 25.018811], [121.553066, 25.018173], [121.552965, 25.018145], [121.552946, 25.018216], [121.552756, 25.01808], [121.553329, 25.018245], [121.552137, 25.018639], [121.551766, 25.018953], [121.551353, 25.019149], [121.551245, 25.01918], [121.551228, 25.019315], [121.551127, 25.019296], [121.550571, 25.018731], [121.550868, 25.01846], [121.551164, 25.018804], [121.550876, 25.018705], [121.550724, 25.018828], [121.55037, 25.018898], [121.550783, 25.019293], [121.551384, 25.019344], [121.55159, 25.019598], [121.551474, 25.019699], [121.551542, 25.019726], [121.551309, 25.019835], [121.551337, 25.019898], [121.551537, 25.01987], [121.551565, 25.019976], [121.551701, 25.019879], [121.551779, 25.020016], [121.551894, 25.019914], [121.552098, 25.02014], [121.55207, 25.020234], [121.552166, 25.020363], [121.552029, 25.02049], [121.551723, 25.02018], [121.551721, 25.020053], [121.551522, 25.020094], [121.551375, 25.020246], [121.55133, 25.020212], [121.551489, 25.020029], [121.551333, 25.020012], [121.551174, 25.020174], [121.551072, 25.020048], [121.551235, 25.019898], [121.550833, 25.020289], [121.551175, 25.02053], [121.551327, 25.020346], [121.551272, 25.020297], [121.551527, 25.020375], [121.552014, 25.020781], [121.55251, 25.020394], [121.552266, 25.020237], [121.552254, 25.020465], [121.552187, 25.020518], [121.552315, 25.020766], [121.552439, 25.02069], [121.552522, 25.020775], [121.552676, 25.020662], [121.552615, 25.020614], [121.552665, 25.020546], [121.553696, 25.021171], [121.554437, 25.022334], [121.553923, 25.022803], [121.55372, 25.022765], [121.553333, 25.022417], [121.553425, 25.022374], [121.553281, 25.022276], [121.553218, 25.022335], [121.552989, 25.02217], [121.553098, 25.022059], [121.553161, 25.022127], [121.553293, 25.022012], [121.553236, 25.02195], [121.553387, 25.021858], [121.553164, 25.021621], [121.553541, 25.021494], [121.55352, 25.021403], [121.553276, 25.021305], [121.553199, 25.021348], [121.553119, 25.021259], [121.553128, 25.021029], [121.553017, 25.020962], [121.553057, 25.020899], [121.552927, 25.021027], [121.552962, 25.02107], [121.552739, 25.020786], [121.55268, 25.021035], [121.552925, 25.021297], [121.552286, 25.021849], [121.552651, 25.021868], [121.552726, 25.021936], [121.552644, 25.022034], [121.552468, 25.022052], [121.552419, 25.022159], [121.552128, 25.022008], [121.552019, 25.022102], [121.552283, 25.022214], [121.552221, 25.022308], [121.552278, 25.022438], [121.552063, 25.022543], [121.551811, 25.022306], [121.551902, 25.022223], [121.55179, 25.022176], [121.551725, 25.022232], [121.551624, 25.022126], [121.55179, 25.021976], [121.55169, 25.021932], [121.551355, 25.02221], [121.551274, 25.022149], [121.551331, 25.022092], [121.551164, 25.022277], [121.550952, 25.0221], [121.550842, 25.022155], [121.550767, 25.022095], [121.550485, 25.022335], [121.55145, 25.023137], [121.551943, 25.022655], [121.551664, 25.022494], [121.551712, 25.02245], [121.551602, 25.022341], [121.551554, 25.02239], [121.551479, 25.022319], [121.551523, 25.022279], [121.551349, 25.022435], [121.551222, 25.022326], [121.551074, 25.022418], [121.551486, 25.022783], [121.551609, 25.02266], [121.551657, 25.0227], [121.551405, 25.022484], [121.55097, 25.022324], [121.550911, 25.021963], [121.550994, 25.021889], [121.55093, 25.021718], [121.550423, 25.021305], [121.550255, 25.021457], [121.549869, 25.021158], [121.549902, 25.021026], [121.549993, 25.021456], [121.5501, 25.021535], [121.549937, 25.021508], [121.549772, 25.021645], [121.550344, 25.022209], [121.550605, 25.021966], [121.550637, 25.021828], [121.550314, 25.02151], [121.550218, 25.021754], [121.550287, 25.021813], [121.550801, 25.021826], [121.551267, 25.021653], [121.551351, 25.021327], [121.551896, 25.020897], [121.551632, 25.020667], [121.55149, 25.02083], [121.551646, 25.020965], [121.551357, 25.021035], [121.551228, 25.021158], [121.551168, 25.021071], [121.551118, 25.021115], [121.5513, 25.020906], [121.551222, 25.020838], [121.55134, 25.020705], [121.551428, 25.020777], [121.551287, 25.020661], [121.55107, 25.020686], [121.55092, 25.020926], [121.550564, 25.020605], [121.550764, 25.020431], [121.551009, 25.020633], [121.550708, 25.020386], [121.551669, 25.01977], [121.551603, 25.019681], [121.551661, 25.019641], [121.552624, 25.020518], [121.552166, 25.020909], [121.552656, 25.021325], [121.553272, 25.021222], [121.553592, 25.021806], [121.554053, 25.022321], [121.553971, 25.022553], [121.553528, 25.021987], [121.553488, 25.022069], [121.553847, 25.0218], [121.553818, 25.021755], [121.553766, 25.021777], [121.55404, 25.022071], [121.553754, 25.021542], [121.553046, 25.022476], [121.552716, 25.022283], [121.551897, 25.02203], [121.551954, 25.021114], [121.552026, 25.021054], [121.549609, 25.021516], [121.54941, 25.020949], [121.54903, 25.020606], [121.548857, 25.020735], [121.549146, 25.019639], [121.549647, 25.019507], [121.550306, 25.018703], [121.551698, 25.023353], [121.552853, 25.023719], [121.553486, 25.023157]]}}, {"type": "Feature", "properties": {"district": "63000030", "segment": 16, "total_segments": 25, "km": 14.47, "villages": ["虎嘯里", "臥龍里", "龍淵里"]}, "geometry": {"type": "LineString", "coordinates": [[121.551988, 25.024094], [121.550256, 25.022596], [121.550164, 25.022598], [121.550209, 25.022516], [121.549719, 25.022096], [121.549508, 25.022351], [121.549697, 25.02252], [121.549773, 25.022457], [121.549703, 25.022393], [121.549889, 25.022562], [121.549826, 25.022635], [121.549965, 25.02278], [121.550043, 25.022709], [121.550074, 25.022875], [121.550167, 25.022893], [121.550086, 25.023038], [121.549947, 25.022972], [121.549963, 25.023225], [121.550145, 25.023172], [121.550392, 25.023333], [121.550326, 25.023395], [121.550393, 25.02347], [121.550457, 25.023409], [121.550535, 25.023459], [121.550345, 25.023569], [121.550461, 25.023838], [121.550523, 25.023829], [121.550522, 25.023724], [121.550708, 25.02382], [121.551068, 25.02369], [121.551328, 25.023985], [121.551486, 25.023981], [121.550968, 25.024048], [121.55095, 25.023962], [121.55104, 25.023958], [121.550785, 25.024057], [121.550818, 25.023975], [121.550694, 25.02398], [121.550678, 25.024063], [121.550527, 25.024046], [121.550525, 25.024151], [121.550459, 25.024134], [121.550462, 25.023936], [121.55053, 25.023942], [121.550483, 25.024325], [121.551918, 25.02425], [121.549647, 25.024373], [121.549486, 25.024213], [121.549465, 25.024011], [121.549323, 25.024019], [121.54908, 25.024039], [121.549168, 25.024405], [121.549875, 25.024147], [121.549864, 25.023993], [121.550295, 25.023996], [121.550265, 25.024157], [121.550014, 25.02417], [121.550069, 25.023498], [121.549534, 25.02343], [121.549768, 25.023073], [121.549751, 25.022852], [121.549251, 25.022888], [121.549122, 25.021996], [121.548293, 25.021872], [121.548091, 25.022194], [121.547633, 25.022189], [121.547637, 25.022266], [121.547453, 25.022334], [121.547478, 25.022581], [121.547566, 25.022576], [121.547297, 25.02259], [121.547295, 25.022798], [121.547595, 25.022781], [121.547642, 25.022943], [121.547552, 25.022946], [121.548321, 25.022612], [121.548297, 25.023088], [121.547863, 25.023235], [121.547937, 25.023961], [121.548108, 25.023958], [121.548048, 25.024099], [121.547749, 25.024131], [121.547928, 25.024472], [121.548338, 25.024428], [121.548312, 25.023562], [121.5477, 25.023979], [121.546778, 25.024033], [121.546727, 25.023806], [121.546798, 25.024517], [121.547849, 25.02448], [121.547558, 25.024125], [121.54693, 25.024148], [121.546993, 25.024283], [121.547192, 25.02428], [121.547298, 25.02389], [121.547419, 25.023884], [121.547387, 25.023753], [121.547174, 25.023768], [121.547095, 25.023423], [121.546889, 25.023431], [121.547529, 25.023402], [121.547101, 25.022834], [121.54748, 25.022105], [121.547439, 25.021986], [121.547563, 25.021981], [121.547586, 25.02183], [121.548317, 25.021435], [121.548292, 25.02094], [121.548077, 25.020885], [121.547968, 25.020798], [121.548114, 25.020668], [121.548186, 25.020732], [121.547788, 25.020749], [121.547496, 25.021071], [121.547733, 25.021072], [121.547295, 25.021523], [121.547502, 25.021659], [121.547358, 25.021793], [121.54717, 25.021625], [121.546989, 25.02175], [121.547067, 25.02183], [121.547158, 25.021763], [121.547291, 25.02188], [121.546937, 25.022125], [121.546656, 25.022694], [121.546817, 25.022882], [121.546741, 25.023155], [121.546549, 25.023287], [121.546538, 25.024038], [121.546215, 25.024036], [121.54619, 25.0244], [121.545974, 25.0244], [121.546001, 25.024496], [121.545711, 25.024509], [121.545704, 25.024415], [121.545827, 25.024409], [121.545371, 25.024488], [121.546411, 25.024394], [121.546585, 25.024066], [121.544709, 25.024606], [121.543688, 25.024703], [121.543576, 25.024592], [121.543533, 25.021701], [121.54361, 25.021594], [121.544299, 25.021575], [121.543763, 25.02246], [121.543838, 25.022517], [121.543779, 25.024315], [121.546, 25.0204], [121.546704, 25.020322], [121.546853, 25.020203], [121.547045, 25.020363], [121.54713, 25.020267], [121.54694, 25.020098], [121.547185, 25.019869], [121.547512, 25.020144], [121.54694, 25.020471], [121.546846, 25.020418], [121.546668, 25.020725], [121.546541, 25.019847], [121.543164, 25.021631], [121.543218, 25.022607], [121.543152, 25.022719], [121.543217, 25.022765], [121.54323, 25.0235], [121.543151, 25.023659], [121.54323, 25.023675], [121.543245, 25.024604], [121.543159, 25.024709], [121.542817, 25.024757], [121.542793, 25.024459], [121.542694, 25.024472], [121.542645, 25.024324], [121.541655, 25.024468], [121.541621, 25.024632], [121.541416, 25.024548], [121.54144, 25.024941], [121.542473, 25.024803], [121.542784, 25.024256], [121.542782, 25.024099], [121.541468, 25.024287], [121.54136, 25.024411], [121.541364, 25.024157], [121.542707, 25.023957], [121.542789, 25.023777], [121.541372, 25.023953], [121.541455, 25.023797], [121.541293, 25.023774], [121.541279, 25.023586], [121.542158, 25.023446], [121.542151, 25.023332], [121.541267, 25.023477], [121.541205, 25.02333], [121.541245, 25.023169], [121.541328, 25.023164], [121.541326, 25.023041], [121.542632, 25.022962], [121.542591, 25.023068], [121.542772, 25.023083], [121.542751, 25.023248], [121.542255, 25.023342], [121.542218, 25.0231], [121.542484, 25.023083], [121.542411, 25.022766], [121.542191, 25.022756], [121.54217, 25.022658], [121.541827, 25.022649], [121.541824, 25.022786], [121.542503, 25.022639], [121.542664, 25.022638], [121.542646, 25.022743], [121.542758, 25.022733], [121.542775, 25.02254], [121.542921, 25.022541], [121.542922, 25.022595], [121.542917, 25.021803], [121.542767, 25.021819], [121.542732, 25.02206], [121.541914, 25.022062], [121.541768, 25.02205], [121.541795, 25.02195], [121.542596, 25.021917], [121.542584, 25.021623], [121.541185, 25.02169], [121.541156, 25.021761], [121.54127, 25.022073], [121.541658, 25.022077], [121.541832, 25.022259], [121.541719, 25.022418], [121.541531, 25.022419], [121.541519, 25.022316], [121.541215, 25.022328], [121.541193, 25.022971], [121.541227, 25.023061], [121.541465, 25.023177], [121.542109, 25.023106], [121.541676, 25.02277], [121.541484, 25.022774], [121.541509, 25.022687], [121.541672, 25.022649], [121.541403, 25.022659], [121.541344, 25.022776], [121.541406, 25.022415], [121.541595, 25.022314], [121.541847, 25.022407], [121.541937, 25.022302], [121.542732, 25.022275], [121.542764, 25.022389], [121.542268, 25.022396], [121.542534, 25.02276], [121.542797, 25.022922], [121.542934, 25.022925], [121.542931, 25.022746], [121.542923, 25.02352], [121.543062, 25.023658], [121.542919, 25.023869], [121.542937, 25.024076], [121.542194, 25.023674], [121.541629, 25.02376], [121.540977, 25.0235], [121.540972, 25.023412], [121.540456, 25.023469], [121.540351, 25.023513], [121.540386, 25.023589], [121.540431, 25.023353], [121.540944, 25.023286], [121.540789, 25.022964], [121.54032, 25.023226], [121.540221, 25.023165], [121.539812, 25.023435], [121.539882, 25.023526], [121.539763, 25.023606], [121.539988, 25.02389], [121.540167, 25.023783], [121.540194, 25.023922], [121.540257, 25.023912], [121.539985, 25.023974], [121.539888, 25.023898], [121.540055, 25.023413], [121.540437, 25.023027], [121.540318, 25.022846], [121.540565, 25.022688], [121.540405, 25.02263], [121.540501, 25.022538], [121.540334, 25.022426], [121.539683, 25.022823], [121.539645, 25.022875], [121.53971, 25.022898], [121.539454, 25.022986], [121.539237, 25.022733], [121.539997, 25.022183], [121.539894, 25.022094], [121.539136, 25.022605], [121.53898, 25.022424], [121.539617, 25.021998], [121.53964, 25.021913], [121.539533, 25.021891], [121.538883, 25.022298], [121.538698, 25.022035], [121.539411, 25.02174], [121.540141, 25.021695], [121.540322, 25.021767], [121.540321, 25.021962], [121.540442, 25.022136], [121.540944, 25.021932], [121.541025, 25.022276], [121.540698, 25.022446], [121.540694, 25.022185], [121.540782, 25.02213], [121.541168, 25.022115], [121.541169, 25.022199], [121.540925, 25.021673], [121.540438, 25.021685], [121.539973, 25.022043], [121.539853, 25.021879], [121.540241, 25.022131], [121.540172, 25.02241], [121.539525, 25.022813], [121.539698, 25.023107], [121.539573, 25.023185], [121.539676, 25.023309], [121.540228, 25.022901], [121.540163, 25.02279], [121.540231, 25.02275], [121.539914, 25.022959], [121.540682, 25.022822], [121.542672, 25.021621], [121.543014, 25.021611], [121.540887, 25.025005]]}}, {"type": "Feature", "properties": {"district": "63000030", "segment": 17, "total_segments": 25, "km": 10.69, "villages": ["龍生里", "龍門里"]}, "geometry": {"type": "LineString", "coordinates": [[121.540944, 25.025416], [121.540365, 25.025492], [121.540402, 25.02568], [121.540277, 25.025738], [121.540287, 25.025817], [121.539538, 25.025935], [121.539548, 25.026072], [121.539383, 25.025962], [121.539184, 25.025983], [121.539113, 25.02586], [121.538974, 25.025913], [121.539272, 25.026458], [121.538941, 25.026607], [121.538945, 25.026796], [121.538433, 25.027045], [121.53835, 25.026923], [121.538292, 25.026954], [121.538723, 25.026708], [121.538674, 25.026389], [121.539016, 25.026234], [121.538841, 25.026129], [121.538776, 25.026166], [121.538477, 25.025767], [121.538536, 25.025734], [121.538245, 25.025769], [121.538039, 25.025951], [121.538046, 25.026465], [121.538622, 25.026267], [121.538609, 25.02639], [121.538343, 25.026553], [121.538139, 25.026569], [121.538051, 25.026692], [121.538068, 25.027007], [121.538227, 25.027138], [121.538101, 25.027184], [121.538074, 25.027323], [121.538072, 25.028127], [121.53826, 25.028092], [121.538848, 25.027711], [121.538869, 25.027821], [121.539107, 25.027796], [121.539083, 25.027575], [121.539251, 25.027682], [121.539861, 25.02727], [121.540027, 25.027322], [121.540099, 25.027461], [121.539837, 25.027538], [121.538525, 25.028431], [121.538323, 25.028216], [121.538799, 25.027894], [121.538574, 25.027603], [121.538648, 25.027555], [121.538617, 25.027425], [121.538497, 25.027491], [121.53848, 25.027654], [121.538325, 25.027745], [121.538224, 25.027671], [121.538328, 25.02741], [121.538946, 25.027154], [121.539019, 25.027294], [121.539188, 25.027185], [121.53911, 25.027108], [121.539211, 25.027039], [121.539296, 25.027142], [121.539634, 25.026921], [121.539804, 25.027098], [121.539276, 25.02745], [121.538938, 25.027366], [121.538849, 25.02743], [121.539516, 25.026847], [121.539553, 25.026779], [121.539388, 25.026533], [121.539489, 25.026481], [121.539723, 25.026815], [121.54057, 25.026631], [121.540521, 25.026386], [121.540377, 25.026371], [121.540394, 25.026489], [121.540156, 25.026389], [121.5398, 25.026489], [121.539849, 25.026617], [121.539643, 25.026358], [121.539783, 25.026292], [121.539428, 25.026392], [121.53919, 25.026657], [121.540116, 25.026034], [121.540307, 25.026005], [121.540353, 25.026248], [121.540523, 25.026226], [121.540473, 25.025938], [121.541052, 25.025884], [121.540991, 25.025732], [121.540676, 25.02577], [121.540715, 25.026346], [121.540854, 25.026332], [121.540883, 25.026179], [121.54113, 25.026167], [121.541116, 25.026075], [121.541265, 25.026246], [121.542586, 25.026168], [121.542571, 25.025925], [121.541839, 25.026023], [121.54168, 25.025804], [121.541652, 25.025555], [121.541235, 25.025742], [121.541241, 25.025601], [121.541317, 25.0256], [121.54127, 25.025372], [121.54171, 25.025315], [121.541702, 25.025434], [121.541865, 25.025289], [121.543139, 25.025126], [121.542999, 25.025327], [121.542765, 25.025369], [121.542672, 25.025507], [121.541842, 25.0256], [121.541894, 25.025749], [121.542547, 25.02572], [121.543207, 25.02588], [121.543226, 25.026445], [121.541698, 25.026445], [121.540809, 25.02662], [121.541245, 25.02585], [121.541483, 25.025873], [121.54108, 25.025644], [121.541011, 25.025408], [121.54115, 25.025389], [121.539664, 25.025584], [121.538084, 25.02825], [121.537233, 25.025522], [121.536742, 25.025592], [121.536893, 25.02538], [121.536863, 25.024922], [121.536938, 25.024898], [121.536832, 25.024769], [121.536734, 25.024925], [121.536582, 25.024791], [121.536523, 25.025034], [121.536309, 25.025011], [121.5363, 25.024909], [121.53618, 25.024865], [121.53618, 25.025014], [121.536099, 25.025014], [121.536016, 25.024839], [121.535841, 25.024822], [121.535839, 25.024589], [121.535103, 25.024567], [121.534921, 25.024693], [121.534937, 25.024854], [121.535248, 25.025045], [121.535643, 25.025045], [121.535618, 25.024901], [121.535496, 25.024886], [121.535837, 25.025102], [121.535817, 25.025373], [121.535266, 25.025443], [121.535254, 25.025301], [121.535333, 25.025299], [121.534992, 25.025317], [121.534983, 25.025253], [121.53501, 25.025568], [121.535319, 25.025713], [121.536425, 25.025636], [121.536305, 25.025357], [121.536007, 25.025379], [121.535865, 25.02556], [121.53633, 25.025237], [121.536604, 25.025334], [121.537261, 25.025067], [121.537266, 25.025173], [121.537251, 25.024919], [121.537149, 25.024921], [121.537291, 25.024879], [121.537132, 25.024749], [121.537284, 25.024663], [121.537274, 25.02444], [121.536981, 25.024418], [121.537111, 25.02456], [121.53634, 25.024585], [121.536285, 25.024726], [121.53602, 25.024653], [121.536021, 25.024159], [121.536289, 25.024213], [121.536296, 25.02447], [121.536465, 25.023995], [121.536698, 25.024019], [121.536829, 25.023838], [121.536988, 25.023776], [121.53699, 25.023458], [121.537276, 25.023726], [121.537274, 25.023948], [121.537157, 25.024014], [121.537159, 25.024116], [121.53697, 25.024166], [121.536992, 25.023913], [121.53671, 25.023709], [121.53631, 25.023694], [121.536277, 25.02395], [121.535979, 25.023905], [121.536021, 25.023159], [121.535959, 25.023118], [121.53596, 25.022903], [121.536125, 25.022816], [121.536544, 25.022823], [121.537081, 25.023068], [121.537042, 25.023259], [121.537233, 25.023301], [121.537254, 25.023495], [121.536728, 25.023398], [121.536756, 25.023246], [121.536128, 25.02325], [121.536144, 25.023069], [121.536459, 25.023072], [121.536468, 25.023493], [121.536301, 25.023494], [121.536715, 25.023554], [121.537272, 25.024128], [121.537679, 25.024965], [121.53803, 25.0249], [121.538497, 25.025059], [121.538509, 25.02518], [121.53869, 25.025149], [121.53873, 25.025316], [121.538281, 25.025379], [121.538419, 25.025207], [121.53882, 25.025146], [121.538875, 25.025297], [121.539182, 25.025256], [121.539184, 25.025184], [121.539308, 25.025242], [121.539628, 25.025191], [121.539612, 25.024862], [121.539352, 25.024895], [121.539362, 25.024985], [121.539415, 25.024978], [121.539188, 25.024893], [121.538815, 25.025082], [121.539171, 25.024228], [121.53961, 25.023766], [121.53972, 25.023742], [121.537585, 25.025343], [121.537303, 25.025446], [121.534846, 25.023952], [121.535351, 25.030152], [121.537325, 25.031983], [121.536285, 25.033323]]}}, {"type": "Feature", "properties": {"district": "63000030", "segment": 18, "total_segments": 25, "km": 15.0, "villages": ["龍安里", "民炤里"]}, "geometry": {"type": "LineString", "coordinates": [[121.533612, 25.029759], [121.533999, 25.028935], [121.534016, 25.028745], [121.533783, 25.028689], [121.533645, 25.028453], [121.533461, 25.028377], [121.53344, 25.028192], [121.533697, 25.028198], [121.533749, 25.028059], [121.533605, 25.028041], [121.533607, 25.027942], [121.533727, 25.027843], [121.533728, 25.027736], [121.533237, 25.02773], [121.533292, 25.028029], [121.533401, 25.028048], [121.533461, 25.028047], [121.533105, 25.028016], [121.533106, 25.027935], [121.532721, 25.028029], [121.532309, 25.028011], [121.532292, 25.02787], [121.532475, 25.027868], [121.532455, 25.027676], [121.532079, 25.027711], [121.531868, 25.027896], [121.531871, 25.027987], [121.531706, 25.027962], [121.531696, 25.027894], [121.531623, 25.028063], [121.531571, 25.028008], [121.531172, 25.02808], [121.531066, 25.028138], [121.531091, 25.028235], [121.530691, 25.028265], [121.53066, 25.028513], [121.530949, 25.028534], [121.530931, 25.028413], [121.531886, 25.028542], [121.531886, 25.028338], [121.532028, 25.028377], [121.532075, 25.028175], [121.532141, 25.028235], [121.53222, 25.028178], [121.532926, 25.028202], [121.532964, 25.02855], [121.533099, 25.028551], [121.533098, 25.02849], [121.533322, 25.02855], [121.532939, 25.028689], [121.532938, 25.028758], [121.532803, 25.028662], [121.532811, 25.02853], [121.532213, 25.028529], [121.532202, 25.028674], [121.532633, 25.028691], [121.53263, 25.028924], [121.532831, 25.028926], [121.532303, 25.028975], [121.531862, 25.028891], [121.531872, 25.028816], [121.531796, 25.028956], [121.53071, 25.028808], [121.530697, 25.028973], [121.531438, 25.029033], [121.53134, 25.029346], [121.531259, 25.029332], [121.531568, 25.029365], [121.531718, 25.029312], [121.53203, 25.028667], [121.532113, 25.02867], [121.531189, 25.028549], [121.531026, 25.028695], [121.531194, 25.028233], [121.531644, 25.028192], [121.532141, 25.028006], [121.531887, 25.027483], [121.531895, 25.027171], [121.531803, 25.026932], [121.532114, 25.026873], [121.532056, 25.026523], [121.533152, 25.026427], [121.533696, 25.02661], [121.533699, 25.026744], [121.533143, 25.026757], [121.533097, 25.026873], [121.532287, 25.02691], [121.532144, 25.027096], [121.532068, 25.02743], [121.532654, 25.027436], [121.532659, 25.027649], [121.532813, 25.027624], [121.532813, 25.027731], [121.532937, 25.027735], [121.53292, 25.027443], [121.533086, 25.027447], [121.532934, 25.027255], [121.532937, 25.027058], [121.533774, 25.027168], [121.533762, 25.027263], [121.53337, 25.027262], [121.533376, 25.027554], [121.534019, 25.027507], [121.534041, 25.02757], [121.534043, 25.027267], [121.533949, 25.027267], [121.534182, 25.027175], [121.53419, 25.027068], [121.534079, 25.027017], [121.534103, 25.026338], [121.533534, 25.026386], [121.533831, 25.026849], [121.53335, 25.026873], [121.533886, 25.027013], [121.534214, 25.02731], [121.53456, 25.027377], [121.534472, 25.027665], [121.534199, 25.027619], [121.534168, 25.027455], [121.534183, 25.027388], [121.534591, 25.027268], [121.534645, 25.027077], [121.534579, 25.026884], [121.534391, 25.027019], [121.534504, 25.02658], [121.534145, 25.028576], [121.532696, 25.027099], [121.532458, 25.027093], [121.531932, 25.026713], [121.531388, 25.026757], [121.531396, 25.026562], [121.531905, 25.026522], [121.531598, 25.02696], [121.530908, 25.027043], [121.530871, 25.027182], [121.530802, 25.02719], [121.530587, 25.027185], [121.530663, 25.027071], [121.530515, 25.026632], [121.531148, 25.02658], [121.531203, 25.027119], [121.53146, 25.027176], [121.530978, 25.027276], [121.530977, 25.027183], [121.531152, 25.027502], [121.531721, 25.027467], [121.531625, 25.027657], [121.531092, 25.027781], [121.53061, 25.027565], [121.530588, 25.02735], [121.530637, 25.028104], [121.530878, 25.028127], [121.530978, 25.028037], [121.530954, 25.027541], [121.530689, 25.029217], [121.531063, 25.029275], [121.531111, 25.029616], [121.533096, 25.03379], [121.533548, 25.033878], [121.533752, 25.033783], [121.534367, 25.033774], [121.534462, 25.033939], [121.534438, 25.034141], [121.534363, 25.034143], [121.534389, 25.034262], [121.535559, 25.034232], [121.535807, 25.034314], [121.535831, 25.034722], [121.53568, 25.03466], [121.535096, 25.03467], [121.535077, 25.034518], [121.534662, 25.034545], [121.53474, 25.034669], [121.53467, 25.034901], [121.5348, 25.034919], [121.536024, 25.034882], [121.536026, 25.034666], [121.536348, 25.034646], [121.536393, 25.034496], [121.537011, 25.034484], [121.537009, 25.034625], [121.537217, 25.034622], [121.537156, 25.033957], [121.537001, 25.034063], [121.536609, 25.034069], [121.536584, 25.034222], [121.536012, 25.034236], [121.536156, 25.0345], [121.536522, 25.034645], [121.536898, 25.034647], [121.53689, 25.034886], [121.536223, 25.034905], [121.536227, 25.035033], [121.537126, 25.035012], [121.537157, 25.03487], [121.537023, 25.034885], [121.537294, 25.035013], [121.537425, 25.034981], [121.537406, 25.033751], [121.536947, 25.033721], [121.537005, 25.03422], [121.536731, 25.034226], [121.536436, 25.033846], [121.534624, 25.033765], [121.534839, 25.033932], [121.53488, 25.034118], [121.53415, 25.034278], [121.534196, 25.034151], [121.534124, 25.034146], [121.534121, 25.034005], [121.534182, 25.033988], [121.534024, 25.034147], [121.533767, 25.034143], [121.533762, 25.034283], [121.533997, 25.034277], [121.53398, 25.03454], [121.53365, 25.034557], [121.532986, 25.034493], [121.532966, 25.033851], [121.533188, 25.034286], [121.533644, 25.034284], [121.533685, 25.034713], [121.534238, 25.034705], [121.534242, 25.034518], [121.534088, 25.034541], [121.534402, 25.034517], [121.534489, 25.034726], [121.534443, 25.034916], [121.534329, 25.034919], [121.534362, 25.035046], [121.533211, 25.03508], [121.533192, 25.034955], [121.534047, 25.034928], [121.534013, 25.035265], [121.534595, 25.035262], [121.534474, 25.035038], [121.534779, 25.035189], [121.534751, 25.035254], [121.534866, 25.035226], [121.53531, 25.035426], [121.535184, 25.035616], [121.534963, 25.035627], [121.53483, 25.035607], [121.534846, 25.03544], [121.533799, 25.035424], [121.533803, 25.035291], [121.533891, 25.03529], [121.533593, 25.035283], [121.533623, 25.035506], [121.533441, 25.0357], [121.53324, 25.035707], [121.53322, 25.035821], [121.533617, 25.03586], [121.53371, 25.035803], [121.53467, 25.035787], [121.534651, 25.03564], [121.533654, 25.035685], [121.533472, 25.035398], [121.532981, 25.035417], [121.532988, 25.036095], [121.533062, 25.036297], [121.532999, 25.036583], [121.533858, 25.036549], [121.533876, 25.036689], [121.534076, 25.036664], [121.534045, 25.036205], [121.533679, 25.036232], [121.533634, 25.036329], [121.533415, 25.036219], [121.533366, 25.036104], [121.534661, 25.036132], [121.534665, 25.036027], [121.534871, 25.036031], [121.534869, 25.036141], [121.535105, 25.036157], [121.535107, 25.036104], [121.535729, 25.036236], [121.536614, 25.036177], [121.536655, 25.03604], [121.537326, 25.036055], [121.537389, 25.035792], [121.536548, 25.03578], [121.536533, 25.035847], [121.536445, 25.035779], [121.536057, 25.035784], [121.53614, 25.035672], [121.536053, 25.035628], [121.536027, 25.035389], [121.536253, 25.035375], [121.536376, 25.035239], [121.537273, 25.035242], [121.537245, 25.035365], [121.536527, 25.035366], [121.536417, 25.035645], [121.536316, 25.035644], [121.536361, 25.036041], [121.536805, 25.036172], [121.53734, 25.036157], [121.537342, 25.036389], [121.536593, 25.036407], [121.536563, 25.036531], [121.535725, 25.03655], [121.535709, 25.036815], [121.536598, 25.036786], [121.536649, 25.036912], [121.536315, 25.036912], [121.536284, 25.03717], [121.536881, 25.037162], [121.537035, 25.037304], [121.537349, 25.037311], [121.537348, 25.037398], [121.537349, 25.037265], [121.537202, 25.03759], [121.535746, 25.037649], [121.535852, 25.037325], [121.53624, 25.037324], [121.536136, 25.037169], [121.535728, 25.037183], [121.535724, 25.037051], [121.535988, 25.036923], [121.535964, 25.036409], [121.536414, 25.036406], [121.536131, 25.036041], [121.535866, 25.03606], [121.535919, 25.035975], [121.535793, 25.03591], [121.535856, 25.035744], [121.535675, 25.035632], [121.535507, 25.035567], [121.535374, 25.035765], [121.535588, 25.035882], [121.535542, 25.035977], [121.53564, 25.036036], [121.53577, 25.035946], [121.535411, 25.035902], [121.535153, 25.035776], [121.535245, 25.035691], [121.534868, 25.035775], [121.534866, 25.035912], [121.5357, 25.036401], [121.535877, 25.03641], [121.536861, 25.03691], [121.537196, 25.036656], [121.537108, 25.03562], [121.536929, 25.035616], [121.537427, 25.035567], [121.537473, 25.035202], [121.536008, 25.035097], [121.536004, 25.035035], [121.535784, 25.035054], [121.535833, 25.035215], [121.535558, 25.034502], [121.535157, 25.034483], [121.535144, 25.034119], [121.535239, 25.034119], [121.535017, 25.034127], [121.533564, 25.034714], [121.533062, 25.034728], [121.532979, 25.034876], [121.532976, 25.035278], [121.53325, 25.036097], [121.53331, 25.036713], [121.533738, 25.036695], [121.533771, 25.036929], [121.53407, 25.036913], [121.5341, 25.037059], [121.533181, 25.037087], [121.533189, 25.036954], [121.53363, 25.036928], [121.533658, 25.037327], [121.53378, 25.037322], [121.533733, 25.037457], [121.534155, 25.037426], [121.534133, 25.037255], [121.53352, 25.037515], [121.533283, 25.037472], [121.533301, 25.037341], [121.533415, 25.037336], [121.533008, 25.037273]]}}, {"type": "Feature", "properties": {"district": "63000030", "segment": 19, "total_segments": 25, "km": 10.35, "villages": ["民炤里", "民輝里"]}, "geometry": {"type": "LineString", "coordinates": [[121.533114, 25.036955], [121.533004, 25.036916], [121.532999, 25.03675], [121.533162, 25.03785], [121.534949, 25.037661], [121.536666, 25.033723], [121.535786, 25.038626], [121.534998, 25.038604], [121.534948, 25.038845], [121.534684, 25.038902], [121.534736, 25.039013], [121.534548, 25.039042], [121.534143, 25.038971], [121.534126, 25.038853], [121.534294, 25.038851], [121.533513, 25.038748], [121.533522, 25.038446], [121.534729, 25.03861], [121.534887, 25.03923], [121.534146, 25.039196], [121.53415, 25.039343], [121.534757, 25.039357], [121.534781, 25.039883], [121.535176, 25.039773], [121.535307, 25.039658], [121.5355, 25.039637], [121.535521, 25.039787], [121.535436, 25.039787], [121.535675, 25.039652], [121.535833, 25.039651], [121.535833, 25.040076], [121.534938, 25.040083], [121.534922, 25.039981], [121.534781, 25.040085], [121.533889, 25.040109], [121.533955, 25.040253], [121.534395, 25.040262], [121.534411, 25.040522], [121.533917, 25.040563], [121.533978, 25.040751], [121.534849, 25.040765], [121.534529, 25.040975], [121.53453, 25.041048], [121.534395, 25.041074], [121.533394, 25.041044], [121.533349, 25.040759], [121.533535, 25.040786], [121.533536, 25.040854], [121.533852, 25.040751], [121.533485, 25.040539], [121.533483, 25.04047], [121.533072, 25.040581], [121.533069, 25.040378], [121.533532, 25.040255], [121.533863, 25.040267], [121.533713, 25.039978], [121.533578, 25.039978], [121.533489, 25.039765], [121.53351, 25.039525], [121.533384, 25.039544], [121.533363, 25.039322], [121.534072, 25.039342], [121.533934, 25.039156], [121.533778, 25.039151], [121.533801, 25.039013], [121.533893, 25.039017], [121.533673, 25.038939], [121.533505, 25.038978], [121.533504, 25.039144], [121.533104, 25.039151], [121.533069, 25.038672], [121.533195, 25.03848], [121.533477, 25.038445], [121.533051, 25.039387], [121.533057, 25.039693], [121.533741, 25.039669], [121.533755, 25.03956], [121.533676, 25.039558], [121.533941, 25.039565], [121.534058, 25.039693], [121.534098, 25.039569], [121.534457, 25.03959], [121.534476, 25.039699], [121.534554, 25.039708], [121.534528, 25.03988], [121.534321, 25.039698], [121.534221, 25.039697], [121.534217, 25.039885], [121.533865, 25.039876], [121.533899, 25.039707], [121.534638, 25.04026], [121.535653, 25.040229], [121.535663, 25.040341], [121.535851, 25.04026], [121.536873, 25.040251], [121.536952, 25.040221], [121.536943, 25.04007], [121.536046, 25.040103], [121.535924, 25.040586], [121.535491, 25.040575], [121.535452, 25.040462], [121.535341, 25.040583], [121.535046, 25.040554], [121.535053, 25.040717], [121.534851, 25.040556], [121.534618, 25.040544], [121.53471, 25.04106], [121.534981, 25.041086], [121.534937, 25.041221], [121.535223, 25.041273], [121.535597, 25.041233], [121.535632, 25.041118], [121.535155, 25.041056], [121.535309, 25.040806], [121.535445, 25.04082], [121.535499, 25.040699], [121.536251, 25.040765], [121.536373, 25.040752], [121.53639, 25.040619], [121.535992, 25.040608], [121.535647, 25.040904], [121.535769, 25.041128], [121.536727, 25.041176], [121.536684, 25.041349], [121.535757, 25.041253], [121.535777, 25.041694], [121.536692, 25.041566], [121.536817, 25.041432], [121.537019, 25.040834], [121.536595, 25.040812], [121.53664, 25.040634], [121.53649, 25.040612], [121.536526, 25.040391], [121.53676, 25.040641], [121.537193, 25.040509], [121.537193, 25.040087], [121.53734, 25.039995], [121.53733, 25.039777], [121.536931, 25.039782], [121.53701, 25.040075], [121.537132, 25.040069], [121.536933, 25.039396], [121.536397, 25.039393], [121.536145, 25.03882], [121.535517, 25.038902], [121.535562, 25.039025], [121.535765, 25.039028], [121.535843, 25.039224], [121.535625, 25.039294], [121.535671, 25.039406], [121.535395, 25.03941], [121.535216, 25.039294], [121.535056, 25.039299], [121.535166, 25.039021], [121.53545, 25.039026], [121.535369, 25.038897], [121.535834, 25.039459], [121.537014, 25.039128], [121.537369, 25.039211], [121.537169, 25.038788], [121.534808, 25.04121], [121.533105, 25.041268], [121.533087, 25.041426], [121.533415, 25.041516], [121.533526, 25.042011], [121.533313, 25.042038], [121.533087, 25.041778], [121.533217, 25.042455], [121.534045, 25.041859], [121.534271, 25.041891], [121.535562, 25.041727], [121.535515, 25.042214], [121.535926, 25.043866], [121.536146, 25.043817], [121.536225, 25.044017], [121.536152, 25.044493], [121.535478, 25.044616], [121.535462, 25.044379], [121.535705, 25.044333], [121.535666, 25.044132], [121.536044, 25.044039], [121.535632, 25.043922], [121.535385, 25.044019], [121.53546, 25.044218], [121.535404, 25.044239], [121.534755, 25.044284], [121.534744, 25.044216], [121.535218, 25.04417], [121.535247, 25.044349], [121.535184, 25.044382], [121.534763, 25.044389], [121.534772, 25.044485], [121.535258, 25.044474], [121.535229, 25.044658], [121.53455, 25.044751], [121.534103, 25.044559], [121.534429, 25.044273], [121.534642, 25.044215], [121.534662, 25.044541], [121.534238, 25.044149], [121.534019, 25.044823], [121.534168, 25.044866], [121.53396, 25.044947], [121.533767, 25.044713], [121.533233, 25.044576], [121.533151, 25.045015], [121.53339, 25.044995], [121.53348, 25.044774], [121.533617, 25.045083], [121.533445, 25.045128], [121.533177, 25.044206], [121.535566, 25.04417], [121.533076, 25.040954], [121.533076, 25.04086]]}}, {"type": "Feature", "properties": {"district": "63000030", "segment": 20, "total_segments": 25, "km": 9.14, "villages": ["光明里", "永康里"]}, "geometry": {"type": "LineString", "coordinates": [[121.527037, 25.033893], [121.526932, 25.033144], [121.52593, 25.033351], [121.525876, 25.033549], [121.525676, 25.033572], [121.525662, 25.033642], [121.525916, 25.033713], [121.52576, 25.033897], [121.526534, 25.033961], [121.526552, 25.03384], [121.526032, 25.033806], [121.526088, 25.033601], [121.526678, 25.033673], [121.526637, 25.03351], [121.526528, 25.033481], [121.525678, 25.033735], [121.525479, 25.033677], [121.525417, 25.033744], [121.524535, 25.033835], [121.524365, 25.033927], [121.524368, 25.034032], [121.524, 25.034224], [121.52408, 25.034308], [121.524577, 25.034043], [121.524962, 25.034093], [121.525011, 25.034361], [121.525444, 25.034412], [121.525421, 25.034162], [121.525532, 25.034147], [121.525507, 25.033915], [121.525266, 25.033939], [121.525175, 25.034202], [121.52499, 25.033961], [121.524766, 25.03398], [121.524717, 25.033699], [121.524463, 25.033729], [121.524325, 25.033829], [121.5242, 25.033683], [121.523651, 25.034001], [121.524027, 25.034638], [121.524204, 25.034405], [121.524801, 25.034303], [121.524837, 25.034611], [121.52519, 25.034601], [121.525266, 25.034776], [121.524941, 25.034934], [121.525648, 25.034583], [121.525585, 25.034284], [121.52575, 25.034109], [121.525732, 25.034031], [121.52597, 25.03443], [121.525866, 25.034479], [121.526881, 25.033968], [121.525652, 25.033498], [121.525672, 25.033334], [121.525281, 25.03347], [121.524983, 25.033418], [121.524382, 25.033536], [121.524312, 25.033584], [121.524987, 25.033649], [121.524658, 25.034406], [121.524239, 25.03493], [121.523572, 25.03375], [121.523618, 25.03363], [121.523716, 25.03367], [121.523506, 25.033741], [121.523233, 25.033217], [121.523362, 25.03312], [121.524102, 25.033081], [121.5248, 25.032166], [121.526304, 25.031977], [121.526659, 25.032585], [121.522907, 25.032437], [121.527035, 25.031824], [121.527045, 25.031881], [121.527077, 25.031738], [121.527356, 25.03169], [121.527511, 25.031495], [121.527198, 25.031481], [121.527171, 25.031267], [121.52695, 25.031333], [121.526886, 25.030955], [121.527173, 25.03087], [121.527259, 25.03097], [121.527274, 25.031251], [121.527075, 25.031164], [121.527045, 25.030803], [121.52721, 25.030778], [121.527187, 25.030591], [121.526862, 25.030597], [121.526853, 25.030784], [121.526924, 25.030821], [121.526789, 25.030287], [121.527006, 25.030195], [121.527125, 25.030235], [121.527131, 25.030437], [121.526947, 25.030465], [121.527628, 25.030129], [121.528413, 25.030003], [121.528451, 25.030225], [121.528371, 25.030237], [121.528394, 25.030344], [121.528679, 25.030342], [121.528807, 25.03028], [121.52884, 25.030167], [121.528636, 25.030155], [121.528721, 25.029942], [121.529475, 25.029861], [121.529486, 25.030102], [121.529316, 25.030098], [121.529326, 25.030237], [121.529226, 25.030242], [121.529117, 25.030125], [121.528945, 25.030152], [121.529078, 25.030498], [121.529466, 25.03045], [121.529487, 25.030345], [121.529424, 25.030601], [121.529482, 25.030608], [121.529456, 25.031156], [121.52937, 25.03126], [121.528995, 25.031242], [121.528893, 25.031316], [121.528785, 25.030975], [121.529285, 25.030959], [121.529289, 25.03087], [121.52907, 25.03086], [121.52895, 25.030619], [121.528741, 25.030652], [121.528782, 25.030815], [121.528565, 25.030832], [121.528501, 25.030549], [121.528252, 25.03059], [121.528193, 25.030376], [121.528271, 25.030364], [121.528239, 25.030259], [121.528176, 25.030269], [121.528706, 25.0305], [121.529363, 25.030604], [121.529558, 25.031876], [121.52927, 25.032056], [121.529213, 25.031935], [121.529035, 25.031964], [121.529019, 25.032137], [121.529038, 25.032246], [121.529591, 25.032218], [121.529564, 25.032004], [121.529486, 25.032018], [121.529667, 25.032552], [121.529277, 25.032618], [121.529298, 25.032731], [121.529133, 25.032759], [121.529071, 25.032427], [121.529436, 25.032356], [121.52961, 25.032681], [121.529682, 25.032669], [121.529374, 25.032719], [121.529431, 25.032906], [121.529708, 25.032872], [121.529746, 25.033009], [121.529655, 25.032975], [121.529734, 25.033281], [121.529225, 25.033283], [121.529241, 25.033396], [121.529098, 25.033411], [121.52898, 25.033291], [121.528838, 25.0335], [121.528587, 25.03337], [121.527888, 25.033467], [121.528083, 25.033278], [121.528659, 25.033196], [121.528779, 25.033221], [121.528798, 25.0333], [121.528834, 25.033124], [121.529023, 25.033135], [121.528981, 25.032819], [121.528593, 25.032851], [121.528502, 25.032981], [121.528528, 25.033101], [121.528385, 25.033102], [121.528373, 25.033044], [121.528151, 25.03314], [121.52797, 25.032956], [121.528324, 25.032874], [121.527791, 25.032642], [121.527762, 25.032251], [121.527182, 25.032315], [121.527373, 25.033613], [121.52745, 25.033498], [121.527665, 25.033472], [121.527513, 25.033402], [121.527648, 25.033296], [121.527782, 25.033316], [121.527765, 25.033226], [121.527466, 25.033041], [121.527386, 25.033779], [121.527534, 25.033852], [121.52941, 25.033598], [121.529439, 25.033693], [121.529549, 25.03358], [121.529857, 25.033537], [121.529593, 25.033136], [121.529204, 25.03317], [121.52929, 25.03293], [121.529172, 25.032951], [121.529362, 25.032918], [121.52861, 25.033506], [121.528515, 25.03204], [121.528799, 25.031969], [121.528744, 25.031788], [121.528573, 25.031816], [121.528564, 25.031735], [121.528483, 25.031748], [121.528481, 25.031831], [121.528741, 25.031708], [121.528916, 25.031586], [121.528893, 25.031472], [121.528428, 25.031545], [121.528352, 25.031176], [121.527879, 25.031652], [121.527507, 25.031098], [121.528988, 25.03178], [121.529094, 25.03176], [121.529085, 25.031653], [121.529279, 25.031612], [121.529324, 25.03171], [121.529238, 25.031729], [121.529165, 25.031405], [121.529249, 25.03139], [121.529627, 25.029846]]}}, {"type": "Feature", "properties": {"district": "63000030", "segment": 21, "total_segments": 25, "km": 11.93, "villages": ["福住里", "錦安里"]}, "geometry": {"type": "LineString", "coordinates": [[121.529682, 25.029841], [121.530462, 25.029836], [121.530428, 25.030041], [121.529921, 25.030082], [121.529946, 25.030202], [121.530337, 25.030177], [121.530497, 25.030315], [121.530557, 25.030202], [121.530921, 25.030337], [121.530915, 25.030197], [121.530632, 25.030068], [121.530699, 25.029856], [121.531445, 25.030074], [121.53136, 25.030333], [121.531185, 25.03029], [121.531096, 25.030367], [121.531305, 25.030456], [121.531094, 25.03072], [121.530526, 25.030539], [121.530419, 25.030571], [121.530445, 25.030735], [121.531015, 25.030913], [121.53092, 25.03101], [121.530564, 25.03103], [121.530443, 25.030994], [121.530548, 25.030957], [121.530333, 25.030902], [121.530357, 25.030837], [121.530234, 25.031179], [121.530931, 25.03134], [121.53098, 25.031218], [121.530787, 25.031144], [121.530681, 25.031515], [121.530549, 25.031483], [121.530516, 25.031606], [121.530429, 25.031593], [121.530167, 25.03149], [121.530197, 25.031391], [121.530134, 25.031362], [121.530268, 25.031346], [121.530292, 25.031416], [121.529973, 25.031343], [121.529997, 25.031269], [121.529924, 25.03134], [121.529704, 25.031285], [121.529739, 25.031132], [121.530009, 25.03114], [121.529964, 25.030974], [121.529601, 25.030946], [121.529575, 25.030819], [121.530149, 25.030774], [121.53016, 25.030704], [121.529617, 25.03073], [121.52957, 25.030548], [121.529779, 25.030517], [121.529762, 25.030413], [121.53003, 25.030413], [121.530014, 25.030503], [121.53025, 25.030481], [121.530256, 25.030412], [121.529895, 25.03051], [121.529586, 25.030409], [121.529589, 25.030218], [121.52987, 25.030198], [121.52959, 25.030083], [121.529576, 25.029916], [121.530578, 25.030429], [121.531037, 25.030563], [121.53117, 25.030805], [121.531184, 25.031481], [121.531591, 25.031582], [121.531584, 25.031798], [121.531383, 25.031763], [121.531397, 25.03194], [121.531574, 25.031946], [121.531547, 25.032066], [121.530753, 25.032109], [121.530722, 25.031919], [121.530024, 25.031738], [121.530034, 25.031885], [121.530552, 25.032014], [121.530422, 25.032238], [121.530222, 25.032177], [121.530164, 25.032305], [121.53061, 25.032409], [121.530506, 25.032639], [121.530682, 25.032666], [121.530668, 25.032807], [121.531683, 25.032819], [121.53165, 25.032698], [121.530852, 25.032689], [121.530872, 25.032475], [121.530794, 25.032475], [121.53084, 25.032325], [121.531322, 25.032307], [121.531356, 25.032434], [121.531022, 25.03244], [121.530651, 25.03229], [121.52989, 25.032243], [121.529851, 25.032409], [121.529774, 25.032383], [121.529815, 25.032502], [121.52996, 25.032515], [121.529843, 25.032675], [121.529962, 25.033285], [121.530208, 25.033188], [121.530382, 25.033285], [121.530523, 25.032994], [121.53075, 25.033071], [121.531854, 25.03303], [121.531831, 25.032799], [121.532075, 25.032727], [121.532057, 25.032859], [121.532031, 25.032589], [121.532457, 25.032586], [121.532598, 25.032765], [121.532511, 25.033288], [121.532353, 25.03342], [121.532229, 25.033418], [121.532243, 25.033235], [121.531895, 25.03343], [121.530007, 25.03352], [121.530114, 25.03309], [121.530331, 25.033053], [121.530409, 25.032909], [121.530226, 25.03276], [121.529966, 25.032768], [121.530206, 25.032626], [121.530548, 25.032907], [121.531342, 25.033216], [121.531487, 25.033193], [121.531637, 25.032533], [121.53147, 25.032437], [121.531471, 25.032306], [121.531951, 25.032234], [121.531991, 25.03209], [121.531739, 25.032056], [121.531696, 25.031783], [121.531885, 25.031961], [121.532496, 25.032038], [121.53284, 25.032262], [121.532772, 25.032506], [121.532129, 25.032336], [121.532143, 25.032108], [121.532086, 25.032101], [121.532317, 25.03213], [121.532466, 25.03177], [121.531876, 25.031618], [121.531298, 25.03194], [121.531106, 25.031875], [121.530924, 25.031944], [121.531117, 25.031717], [121.530899, 25.031547], [121.530757, 25.03154], [121.530065, 25.030971], [121.530099, 25.030928], [121.529564, 25.031144], [121.529957, 25.032107], [121.531732, 25.032464], [121.531824, 25.032587], [121.531911, 25.03258], [121.532592, 25.031791], [121.532981, 25.031896], [121.532857, 25.03204], [121.533123, 25.031201], [121.531885, 25.030225], [121.531667, 25.030138], [121.530511, 25.029684], [121.529628, 25.029714], [121.529679, 25.029466], [121.529535, 25.029387], [121.529628, 25.029282], [121.529383, 25.029275], [121.529354, 25.029192], [121.529619, 25.029134], [121.529608, 25.028704], [121.529706, 25.028698], [121.529717, 25.029217], [121.529795, 25.029397], [121.530513, 25.029377], [121.530386, 25.029245], [121.530008, 25.02927], [121.529887, 25.029202], [121.529913, 25.028962], [121.530298, 25.028934], [121.530271, 25.028789], [121.529971, 25.02883], [121.529966, 25.028665], [121.529892, 25.028667], [121.529913, 25.02858], [121.530139, 25.028654], [121.530116, 25.0284], [121.529804, 25.028416], [121.529821, 25.028311], [121.529534, 25.028261], [121.529503, 25.028338], [121.52834, 25.028499], [121.528306, 25.028281], [121.528127, 25.028241], [121.528189, 25.028527], [121.527863, 25.028596], [121.527904, 25.0287], [121.528428, 25.028647], [121.528418, 25.028808], [121.528259, 25.028869], [121.528341, 25.029256], [121.528078, 25.029343], [121.528037, 25.029504], [121.527358, 25.029597], [121.527286, 25.029458], [121.526882, 25.029509], [121.526889, 25.029662], [121.526654, 25.02971], [121.526781, 25.030075], [121.527693, 25.029946], [121.527656, 25.029785], [121.527898, 25.029866], [121.528587, 25.029785], [121.528379, 25.029576], [121.528397, 25.029455], [121.528211, 25.029493], [121.527771, 25.029397], [121.527532, 25.029086], [121.526566, 25.029246], [121.526639, 25.029592], [121.52712, 25.029653], [121.526974, 25.029896], [121.52688, 25.029881], [121.52738, 25.029441], [121.527622, 25.029439], [121.527809, 25.029033], [121.5281, 25.029024], [121.528076, 25.028885], [121.526969, 25.029055], [121.526899, 25.028873], [121.526709, 25.0289], [121.526665, 25.028735], [121.527583, 25.02859], [121.52773, 25.028606], [121.52778, 25.02872], [121.527025, 25.028854], [121.526652, 25.029103], [121.526528, 25.029026], [121.526407, 25.028506], [121.526883, 25.028439], [121.526847, 25.028321], [121.526627, 25.028358], [121.526391, 25.02825], [121.526294, 25.027929], [121.526799, 25.027802], [121.526787, 25.027677], [121.526306, 25.027731], [121.526266, 25.027508], [121.5266, 25.027394], [121.526786, 25.027392], [121.526796, 25.027467], [121.526963, 25.027362], [121.527227, 25.027357], [121.527213, 25.027524], [121.526999, 25.027659], [121.52699, 25.027817], [121.527287, 25.027719], [121.527468, 25.027819], [121.528013, 25.027739], [121.527867, 25.026942], [121.527424, 25.026903], [121.526191, 25.027003], [121.526237, 25.027336], [121.526378, 25.027319], [121.526362, 25.027256], [121.526667, 25.028086], [121.526907, 25.028048], [121.52695, 25.028302], [121.527709, 25.02818], [121.527619, 25.028349], [121.527016, 25.028415], [121.527259, 25.027992], [121.52773, 25.027938], [121.527805, 25.028307], [121.527575, 25.028544], [121.528569, 25.028165], [121.528948, 25.028125], [121.528939, 25.028539], [121.529682, 25.028429], [121.5297, 25.028605], [121.529373, 25.028799], [121.529404, 25.028873], [121.529242, 25.028904], [121.529169, 25.029036], [121.529104, 25.028868], [121.528505, 25.028978], [121.528676, 25.029236], [121.529072, 25.029209], [121.529035, 25.029323], [121.529294, 25.029313], [121.529416, 25.029452], [121.529456, 25.029663], [121.529301, 25.02972], [121.528498, 25.029294], [121.528784, 25.028778], [121.529254, 25.028743], [121.52885, 25.028554], [121.528714, 25.028576], [121.529468, 25.028104], [121.530371, 25.02801], [121.530398, 25.027722], [121.530405, 25.028259], [121.530226, 25.028261], [121.530196, 25.028394], [121.53047, 25.028461], [121.530082, 25.028283], [121.529904, 25.028307], [121.530514, 25.029193], [121.529658, 25.026717], [121.528412, 25.02688]]}}, {"type": "Feature", "properties": {"district": "63000030", "segment": 22, "total_segments": 25, "km": 14.97, "villages": ["錦泰里", "錦華里", "古莊里"]}, "geometry": {"type": "LineString", "coordinates": [[121.526178, 25.02902], [121.525182, 25.029154], [121.52547, 25.02936], [121.525727, 25.029366], [121.525711, 25.029306], [121.52578, 25.029567], [121.525694, 25.029709], [121.525894, 25.029713], [121.525835, 25.029826], [121.525931, 25.029903], [121.525939, 25.030228], [121.525349, 25.030308], [121.525249, 25.030219], [121.524352, 25.030443], [121.524295, 25.030292], [121.524116, 25.030311], [121.524074, 25.030125], [121.523257, 25.030254], [121.523268, 25.030437], [121.522957, 25.030287], [121.522658, 25.030337], [121.522645, 25.030198], [121.523056, 25.030062], [121.523243, 25.030091], [121.524729, 25.029862], [121.524691, 25.03002], [121.524766, 25.030026], [121.524283, 25.030097], [121.524481, 25.029503], [121.524156, 25.029342], [121.522353, 25.029585], [121.522177, 25.029744], [121.52245, 25.029824], [121.523566, 25.029635], [121.52358, 25.029749], [121.523311, 25.0298], [121.523708, 25.029703], [121.523694, 25.029607], [121.523792, 25.029594], [121.523913, 25.029737], [121.524153, 25.029611], [121.523951, 25.029483], [121.523789, 25.029832], [121.524415, 25.029254], [121.524788, 25.029198], [121.524933, 25.02945], [121.524838, 25.029633], [121.524639, 25.029556], [121.524974, 25.029659], [121.525091, 25.029811], [121.52521, 25.029724], [121.525307, 25.029774], [121.525318, 25.02991], [121.525088, 25.02998], [121.525184, 25.029606], [121.525288, 25.029637], [121.52539, 25.029524], [121.5256, 25.029507], [121.525486, 25.029779], [121.525591, 25.029879], [121.525577, 25.030067], [121.525703, 25.030075], [121.52568, 25.029918], [121.526154, 25.030166], [121.5263, 25.030383], [121.526439, 25.030359], [121.525935, 25.030405], [121.525956, 25.030511], [121.525822, 25.030456], [121.525783, 25.030549], [121.525667, 25.030481], [121.5254, 25.030598], [121.525363, 25.030532], [121.524841, 25.030585], [121.523975, 25.030963], [121.524054, 25.031351], [121.524586, 25.031804], [121.526205, 25.031599], [121.526495, 25.031037], [121.526249, 25.029515], [121.526079, 25.02952], [121.526062, 25.029417], [121.526204, 25.029311], [121.526034, 25.02929], [121.526201, 25.02914], [121.5262, 25.029614], [121.522284, 25.030271], [121.522243, 25.030022], [121.52237, 25.030391], [121.522167, 25.029466], [121.522262, 25.029451], [121.522284, 25.029172], [121.522417, 25.02917], [121.52241, 25.029072], [121.522592, 25.029064], [121.522552, 25.029154], [121.522677, 25.029291], [121.522486, 25.029421], [121.522075, 25.029305], [121.521937, 25.028553], [121.522055, 25.028612], [121.522196, 25.028501], [121.522389, 25.028518], [121.522418, 25.028591], [121.522176, 25.028609], [121.522274, 25.029013], [121.522389, 25.028872], [121.522585, 25.028865], [121.522525, 25.028787], [121.522742, 25.028752], [121.522763, 25.028838], [121.522678, 25.028854], [121.522721, 25.029049], [121.522966, 25.029046], [121.523001, 25.029324], [121.522926, 25.029336], [121.523585, 25.029232], [121.523697, 25.029048], [121.523676, 25.028837], [121.523823, 25.028808], [121.523801, 25.028924], [121.523954, 25.028991], [121.523989, 25.029188], [121.523875, 25.029205], [121.524105, 25.02917], [121.524206, 25.028994], [121.524169, 25.028642], [121.524291, 25.028631], [121.524327, 25.028903], [121.52453, 25.028847], [121.524502, 25.028509], [121.524729, 25.028536], [121.524699, 25.028468], [121.524985, 25.028414], [121.524968, 25.028504], [121.524864, 25.028517], [121.524963, 25.028832], [121.524696, 25.028749], [121.524678, 25.028651], [121.524743, 25.029022], [121.524344, 25.029133], [121.525162, 25.028984], [121.525226, 25.028865], [121.525091, 25.02881], [121.525173, 25.028713], [121.525169, 25.028497], [121.525281, 25.028486], [121.525416, 25.02896], [121.525966, 25.028859], [121.526117, 25.028705], [121.525722, 25.028714], [121.525717, 25.028629], [121.525637, 25.028637], [121.525784, 25.02819], [121.525985, 25.028186], [121.526011, 25.028303], [121.525885, 25.027669], [121.52561, 25.027649], [121.525624, 25.027571], [121.525513, 25.027568], [121.525496, 25.027896], [121.525242, 25.027905], [121.525192, 25.027575], [121.525356, 25.027408], [121.525284, 25.027345], [121.525136, 25.02738], [121.525122, 25.027275], [121.525022, 25.027303], [121.524929, 25.027076], [121.524083, 25.027178], [121.524484, 25.027469], [121.5248, 25.027423], [121.525104, 25.027062], [121.525709, 25.027013], [121.525412, 25.027246], [121.525512, 25.027362], [121.525647, 25.027384], [121.525612, 25.027248], [121.525834, 25.027237], [121.525416, 25.028156], [121.525219, 25.028001], [121.525524, 25.028143], [121.525627, 25.028058], [121.524325, 25.028485], [121.523837, 25.028466], [121.52385, 25.0286], [121.523965, 25.028609], [121.523922, 25.028339], [121.524123, 25.028272], [121.524025, 25.028052], [121.524083, 25.028006], [121.523748, 25.028041], [121.523701, 25.027851], [121.5243, 25.027676], [121.524399, 25.027911], [121.524096, 25.027894], [121.523698, 25.02822], [121.522947, 25.028207], [121.523056, 25.028436], [121.52323, 25.028438], [121.523253, 25.02855], [121.523461, 25.028559], [121.523385, 25.028447], [121.523691, 25.028444], [121.523809, 25.028273], [121.523604, 25.028088], [121.523354, 25.028086], [121.523335, 25.027925], [121.523574, 25.027896], [121.523101, 25.027945], [121.523045, 25.02807], [121.522937, 25.028101], [121.522911, 25.027948], [121.52268, 25.027963], [121.522661, 25.028046], [121.522548, 25.028054], [121.522563, 25.027881], [121.522354, 25.028054], [121.522369, 25.028292], [121.522528, 25.028285], [121.522536, 25.028192], [121.522662, 25.028234], [121.522704, 25.028475], [121.522778, 25.028472], [121.522746, 25.028579], [121.522864, 25.028573], [121.522904, 25.028466], [121.522985, 25.028691], [121.523258, 25.028676], [121.523272, 25.028855], [121.522903, 25.028841], [121.523358, 25.029132], [121.523663, 25.028669], [121.52254, 25.028497], [121.522583, 25.02858], [121.522207, 25.028268], [121.52211, 25.028311], [121.522089, 25.028207], [121.521926, 25.028093], [121.522476, 25.027345], [121.522615, 25.027261], [121.523386, 25.027199], [121.521855, 25.028218], [121.52189, 25.028394], [121.522907, 25.026824], [121.523326, 25.026824], [121.523331, 25.026688], [121.523447, 25.026625], [121.523807, 25.026642], [121.523874, 25.026498], [121.523913, 25.026617], [121.524108, 25.026595], [121.52412, 25.026759], [121.524374, 25.026738], [121.524259, 25.026327], [121.524328, 25.026279], [121.524295, 25.026176], [121.52452, 25.026111], [121.524558, 25.026178], [121.524714, 25.026032], [121.524697, 25.025944], [121.524626, 25.025949], [121.524793, 25.025937], [121.52482, 25.026001], [121.524897, 25.026499], [121.524853, 25.026646], [121.523423, 25.026815], [121.523207, 25.0264], [121.522955, 25.026713], [121.523315, 25.026219], [121.523502, 25.026313], [121.524272, 25.026071], [121.524187, 25.026215], [121.524002, 25.026264], [121.52404, 25.026406], [121.523897, 25.025842], [121.52478, 25.025721], [121.524773, 25.025584], [121.524575, 25.025645], [121.524149, 25.025617], [121.523893, 25.02545], [121.523624, 25.025798], [121.523646, 25.025895], [121.52381, 25.025858], [121.523509, 25.025963], [121.525599, 25.02324], [121.526663, 25.022291], [121.526763, 25.022274], [121.526783, 25.022403], [121.527004, 25.022384], [121.527062, 25.022451], [121.527382, 25.022079], [121.527578, 25.022033], [121.527951, 25.021722], [121.528044, 25.021768], [121.527676, 25.022121], [121.527697, 25.022258], [121.528193, 25.02225], [121.528272, 25.022409], [121.527734, 25.022524], [121.527769, 25.022696], [121.52749, 25.022714], [121.527532, 25.022925], [121.528062, 25.022885], [121.52815, 25.023239], [121.527827, 25.023264], [121.527836, 25.023407], [121.528134, 25.023383], [121.528187, 25.023699], [121.528027, 25.023775], [121.527276, 25.023805], [121.527205, 25.023671], [121.526972, 25.023714], [121.527074, 25.023818], [121.526787, 25.023782], [121.526786, 25.023682], [121.526638, 25.023692], [121.526663, 25.023781], [121.526569, 25.023816], [121.526099, 25.023831], [121.526084, 25.023716], [121.526517, 25.023704], [121.526472, 25.023513], [121.526548, 25.023363], [121.526224, 25.023384], [121.526219, 25.023524], [121.526047, 25.023543], [121.525886, 25.02339], [121.525837, 25.023431], [121.526595, 25.022763], [121.526699, 25.022975], [121.526531, 25.022981], [121.52655, 25.023178], [121.526427, 25.023195], [121.526677, 25.023168], [121.526731, 25.023307], [121.526892, 25.023291], [121.526881, 25.023169], [121.527059, 25.023097], [121.527016, 25.022955], [121.527261, 25.023084], [121.527824, 25.02305], [121.527926, 25.0227], [121.528077, 25.022655], [121.528182, 25.022109], [121.528119, 25.021914], [121.527832, 25.022094], [121.528015, 25.022117], [121.527679, 25.021817], [121.527887, 25.021634], [121.527686, 25.021411], [121.52676, 25.02221], [121.52679, 25.022555], [121.526887, 25.022615], [121.527483, 25.021887], [121.52764, 25.021849], [121.52741, 25.023306], [121.527097, 25.023337], [121.527047, 25.023476], [121.527702, 25.023419], [121.527694, 25.023652], [121.527307, 25.023659], [121.526894, 25.023551], [121.526899, 25.023362], [121.526745, 25.023507], [121.526782, 25.024088], [121.52668, 25.024105], [121.526652, 25.024004], [121.526561, 25.023988], [121.525772, 25.024061], [121.525838, 25.024148], [121.526542, 25.024136], [121.526604, 25.024294], [121.526678, 25.024282], [121.526684, 25.024412], [121.52558, 25.02448], [121.525423, 25.02461], [121.525447, 25.024336], [121.525158, 25.024066], [121.525604, 25.023698], [121.525618, 25.023483], [121.525799, 25.02377], [121.525955, 25.02374], [121.525931, 25.023864], [121.525761, 25.02385], [121.525605, 25.023963], [121.525548, 25.024029], [121.52568, 25.024158], [121.525473, 25.024229], [121.525496, 25.024288], [121.525422, 25.024182], [121.525144, 25.024326], [121.525105, 25.024546], [121.525245, 25.024587], [121.525257, 25.024501], [121.524997, 25.02455], [121.525055, 25.024753], [121.525162, 25.024744], [121.525143, 25.024865], [121.525454, 25.024833], [121.525358, 25.024737], [121.525563, 25.024712], [121.525702, 25.02482], [121.52614, 25.024786], [121.526127, 25.024663], [121.525679, 25.024695], [121.525727, 25.02436], [121.526825, 25.024281], [121.526817, 25.024404], [121.526992, 25.024435], [121.526981, 25.024326], [121.527193, 25.024266], [121.527282, 25.024314], [121.527298, 25.024449], [121.527605, 25.024365], [121.527909, 25.024387], [121.527951, 25.024486], [121.527143, 25.024568], [121.527133, 25.024462], [121.527209, 25.024458], [121.527019, 25.024616], [121.527054, 25.02476], [121.528247, 25.024706], [121.52822, 25.024546], [121.528072, 25.024476], [121.528079, 25.024398], [121.528217, 25.024393], [121.528178, 25.024103], [121.527901, 25.024078], [121.527893, 25.023989], [121.528033, 25.023923], [121.528228, 25.023928], [121.528021, 25.023615], [121.527846, 25.023628], [121.527791, 25.024118], [121.527555, 25.024131], [121.527457, 25.024048], [121.527, 25.02419], [121.526945, 25.02412]]}}, {"type": "Feature", "properties": {"district": "63000030", "segment": 23, "total_segments": 25, "km": 10.89, "villages": ["古莊里", "古風里", "龍泉里"]}, "geometry": {"type": "LineString", "coordinates": [[121.527419, 25.024249], [121.527554, 25.024242], [121.527476, 25.024164], [121.527902, 25.024245], [121.526742, 25.024622], [121.526748, 25.024754], [121.526286, 25.024776], [121.52632, 25.024647], [121.526591, 25.02463], [121.526856, 25.024747], [121.52827, 25.025681], [121.527571, 25.026455], [121.524741, 25.02535], [121.524738, 25.024786], [121.524875, 25.024742], [121.524944, 25.02476], [121.524947, 25.024865], [121.525026, 25.02486], [121.524573, 25.024748], [121.525035, 25.024168], [121.524641, 25.0255], [121.528596, 25.023558], [121.528607, 25.02335], [121.529132, 25.023291], [121.52927, 25.023283], [121.52929, 25.023493], [121.528738, 25.023533], [121.528692, 25.023212], [121.52925, 25.023137], [121.529255, 25.023189], [121.529239, 25.023014], [121.529202, 25.022958], [121.52854, 25.023047], [121.528556, 25.02321], [121.528502, 25.022623], [121.528894, 25.022609], [121.52881, 25.022468], [121.528487, 25.022495], [121.528371, 25.021815], [121.528599, 25.021828], [121.528632, 25.021993], [121.528501, 25.022039], [121.528698, 25.02197], [121.528839, 25.022121], [121.528724, 25.022127], [121.528649, 25.022234], [121.528866, 25.022435], [121.529166, 25.022417], [121.529313, 25.022299], [121.529301, 25.022135], [121.529468, 25.021993], [121.529392, 25.021842], [121.529307, 25.021894], [121.530103, 25.0216], [121.530354, 25.02172], [121.530402, 25.021931], [121.530534, 25.021878], [121.530589, 25.021939], [121.530368, 25.022022], [121.530374, 25.022102], [121.53004, 25.022063], [121.53005, 25.02219], [121.529935, 25.022187], [121.529944, 25.022361], [121.530973, 25.022268], [121.530797, 25.022136], [121.530981, 25.021996], [121.531046, 25.022122], [121.531205, 25.022198], [121.531393, 25.022004], [121.530914, 25.021654], [121.530831, 25.021871], [121.529941, 25.021908], [121.529548, 25.022162], [121.529459, 25.022411], [121.529349, 25.022427], [121.529345, 25.022573], [121.530788, 25.022455], [121.530739, 25.022634], [121.530871, 25.022613], [121.530907, 25.022759], [121.530292, 25.022859], [121.530282, 25.022706], [121.530575, 25.02266], [121.530697, 25.022975], [121.530958, 25.022907], [121.530971, 25.023072], [121.530447, 25.023192], [121.530427, 25.023045], [121.530154, 25.023102], [121.530278, 25.023212], [121.530267, 25.023411], [121.531182, 25.023227], [121.531177, 25.023026], [121.531045, 25.023052], [121.531141, 25.022737], [121.531089, 25.022469], [121.530525, 25.023019], [121.530133, 25.022974], [121.530127, 25.022902], [121.529391, 25.022956], [121.52935, 25.022729], [121.5295, 25.022791], [121.529963, 25.022752], [121.529936, 25.02311], [121.530009, 25.023105], [121.529997, 25.02323], [121.529399, 25.02329], [121.529421, 25.023482], [121.530062, 25.023424], [121.530055, 25.023351], [121.53019, 25.023416], [121.529836, 25.023118], [121.529384, 25.023156], [121.529189, 25.022836], [121.52912, 25.02284], [121.529203, 25.022564], [121.529074, 25.022608], [121.528858, 25.022862], [121.528635, 25.022871], [121.529094, 25.022164], [121.528817, 25.021716], [121.528255, 25.021705], [121.528174, 25.021532], [121.528414, 25.02134], [121.528358, 25.021258], [121.528068, 25.021496], [121.527878, 25.021249], [121.528305, 25.020892], [121.52843, 25.021213], [121.528486, 25.020671], [121.530423, 25.021351], [121.530541, 25.021288], [121.529814, 25.022378], [121.529705, 25.02239], [121.529803, 25.023576], [121.52942, 25.023628], [121.529444, 25.023842], [121.529311, 25.023898], [121.529375, 25.024224], [121.529252, 25.024205], [121.52922, 25.024339], [121.529073, 25.024332], [121.529047, 25.02421], [121.528778, 25.024183], [121.528773, 25.024313], [121.528933, 25.024308], [121.529092, 25.024536], [121.529372, 25.024524], [121.529388, 25.024409], [121.529474, 25.024412], [121.529478, 25.024193], [121.530119, 25.024274], [121.53007, 25.024372], [121.529638, 25.024337], [121.529459, 25.024516], [121.530512, 25.02462], [121.530449, 25.024746], [121.529772, 25.024675], [121.52975, 25.024917], [121.53114, 25.025082], [121.531153, 25.025163], [121.531407, 25.025157], [121.53141, 25.025374], [121.531343, 25.025507], [121.530797, 25.025545], [121.530581, 25.025503], [121.530651, 25.025396], [121.529634, 25.025291], [121.529564, 25.025402], [121.530245, 25.025474], [121.530208, 25.025675], [121.529521, 25.025597], [121.529551, 25.025736], [121.530388, 25.025817], [121.530385, 25.026074], [121.530516, 25.026075], [121.530603, 25.025743], [121.530786, 25.025774], [121.530762, 25.025876], [121.530538, 25.025688], [121.530313, 25.025717], [121.53075, 25.025408], [121.531176, 25.025407], [121.531048, 25.025176], [121.530877, 25.025209], [121.529397, 25.025006], [121.529433, 25.025281], [121.52934, 25.02525], [121.529448, 25.02539], [121.529362, 25.025521], [121.529354, 25.025843], [121.53019, 25.026054], [121.530059, 25.025931], [121.530067, 25.026275], [121.530397, 25.026248], [121.529592, 25.02631], [121.528587, 25.026183], [121.5286, 25.024985], [121.528772, 25.024578], [121.529001, 25.024577], [121.529078, 25.024667], [121.529272, 25.024632], [121.529433, 25.024899], [121.529656, 25.024919], [121.52931, 25.024342], [121.529521, 25.023958], [121.530111, 25.023927], [121.530104, 25.023777], [121.53105, 25.023626], [121.53113, 25.023758], [121.53123, 25.023751], [121.531278, 25.024243], [121.531088, 25.024252], [121.53107, 25.024144], [121.530926, 25.024087], [121.530939, 25.023799], [121.53103, 25.023793], [121.530264, 25.023901], [121.530287, 25.024274], [121.530954, 25.024263], [121.530839, 25.024419], [121.530137, 25.024382], [121.530106, 25.024054], [121.530811, 25.024102], [121.530784, 25.024012], [121.530668, 25.024017], [121.530602, 25.023517], [121.52986, 25.023572], [121.529857, 25.023823], [121.529335, 25.023777], [121.529277, 25.023611], [121.52859, 25.023681], [121.52861, 25.023934], [121.529181, 25.023885], [121.529216, 25.023996], [121.528624, 25.02407], [121.528661, 25.024528], [121.529951, 25.023816], [121.53067, 25.0235], [121.531152, 25.023386], [121.531236, 25.023569], [121.531323, 25.024597], [121.531042, 25.02477], [121.530984, 25.024912], [121.530844, 25.024765], [121.530569, 25.024757], [121.530671, 25.024633], [121.53117, 25.024427], [121.531414, 25.025045], [121.53147, 25.025754], [121.530936, 25.025774], [121.530916, 25.025948], [121.531248, 25.025895], [121.531498, 25.025967], [121.531469, 25.026161], [121.530839, 25.026213]]}}, {"type": "Feature", "properties": {"district": "63000030", "segment": 24, "total_segments": 25, "km": 13.25, "villages": ["龍坡里", "大學里"]}, "geometry": {"type": "LineString", "coordinates": [[121.531636, 25.026026], [121.531616, 25.025887], [121.531999, 25.02583], [121.531972, 25.025727], [121.532454, 25.025689], [121.532453, 25.025816], [121.532773, 25.025821], [121.532781, 25.025893], [121.532676, 25.026038], [121.532517, 25.026077], [121.531664, 25.026146], [121.531706, 25.025755], [121.531864, 25.025735], [121.531801, 25.025286], [121.532094, 25.02525], [121.532083, 25.025394], [121.532663, 25.025358], [121.532737, 25.025577], [121.532606, 25.025683], [121.532519, 25.025502], [121.532346, 25.025519], [121.532281, 25.025231], [121.532374, 25.025223], [121.53235, 25.02501], [121.532234, 25.025009], [121.532235, 25.025088], [121.53195, 25.025017], [121.531936, 25.024911], [121.532475, 25.024829], [121.532487, 25.024665], [121.532581, 25.024656], [121.531976, 25.024705], [121.532068, 25.02448], [121.532015, 25.024158], [121.531842, 25.024127], [121.531594, 25.024419], [121.531453, 25.024393], [121.531434, 25.024165], [121.531487, 25.023956], [121.531697, 25.024015], [121.531738, 25.024108], [121.531673, 25.024135], [121.532226, 25.023833], [121.532088, 25.023541], [121.531927, 25.023615], [121.531506, 25.023568], [121.53142, 25.023705], [121.531764, 25.023758], [121.531728, 25.023352], [121.531888, 25.023346], [121.531869, 25.023182], [121.53139, 25.023193], [121.531482, 25.023361], [121.531619, 25.023356], [121.531659, 25.022985], [121.532512, 25.022962], [121.532539, 25.022846], [121.532661, 25.022957], [121.532735, 25.022866], [121.532893, 25.022929], [121.532789, 25.022935], [121.532813, 25.023121], [121.532135, 25.023179], [121.532185, 25.023324], [121.532431, 25.023285], [121.532492, 25.023393], [121.532675, 25.023316], [121.53283, 25.023758], [121.533147, 25.023726], [121.533255, 25.023975], [121.533182, 25.024072], [121.532762, 25.024084], [121.532727, 25.023791], [121.532575, 25.023866], [121.53241, 25.023817], [121.532393, 25.023612], [121.532461, 25.023606], [121.532495, 25.024146], [121.532213, 25.024151], [121.532574, 25.02441], [121.532795, 25.024393], [121.532789, 25.024305], [121.533296, 25.024255], [121.533332, 25.024517], [121.533326, 25.02458], [121.532853, 25.024615], [121.532808, 25.024494], [121.532814, 25.024929], [121.532683, 25.025018], [121.532538, 25.024985], [121.532554, 25.025206], [121.53339, 25.025077], [121.533357, 25.02499], [121.533547, 25.024983], [121.533583, 25.024675], [121.534079, 25.024603], [121.534069, 25.024477], [121.533982, 25.024433], [121.533539, 25.024466], [121.533514, 25.024243], [121.533971, 25.024201], [121.534117, 25.024132], [121.534114, 25.024015], [121.534395, 25.023982], [121.534384, 25.02387], [121.534451, 25.024257], [121.534185, 25.024457], [121.53427, 25.024807], [121.533755, 25.024832], [121.533787, 25.024981], [121.533897, 25.025005], [121.534536, 25.024969], [121.534507, 25.024766], [121.534549, 25.025397], [121.533823, 25.025406], [121.533688, 25.025486], [121.533646, 25.025626], [121.533659, 25.025736], [121.533809, 25.025769], [121.534195, 25.025745], [121.534183, 25.025558], [121.533809, 25.025584], [121.533607, 25.025355], [121.533422, 25.025297], [121.532876, 25.025343], [121.532924, 25.025643], [121.533165, 25.025604], [121.533203, 25.025764], [121.533124, 25.02577], [121.533497, 25.025739], [121.533541, 25.025997], [121.533194, 25.026024], [121.532346, 25.025824], [121.532141, 25.02584], [121.532, 25.025401], [121.531651, 25.025415], [121.531575, 25.025459], [121.531585, 25.025568], [121.531528, 25.024989], [121.53174, 25.024998], [121.531789, 25.024888], [121.533396, 25.024749], [121.533654, 25.025168], [121.534385, 25.025127], [121.53463, 25.025779], [121.534207, 25.02594], [121.533677, 25.025984], [121.533443, 25.025543], [121.533476, 25.024055], [121.533932, 25.023992], [121.533166, 25.023535], [121.533055, 25.023545], [121.53322, 25.02331], [121.53311, 25.023088], [121.532943, 25.023101], [121.533193, 25.023053], [121.533021, 25.022794], [121.532403, 25.022675], [121.532264, 25.022535], [121.531863, 25.022384], [121.531296, 25.022667], [121.531369, 25.022987], [121.532162, 25.022852], [121.532521, 25.022249], [121.534296, 25.023168], [121.533853, 25.022083], [121.533964, 25.021921], [121.533939, 25.021603], [121.534031, 25.021429], [121.533959, 25.021143], [121.533696, 25.021281], [121.533559, 25.021105], [121.533437, 25.021074], [121.533131, 25.021238], [121.533173, 25.021322], [121.533273, 25.021314], [121.533164, 25.02156], [121.533033, 25.021475], [121.532348, 25.021543], [121.53234, 25.021393], [121.532031, 25.021432], [121.532038, 25.021141], [121.53263, 25.021097], [121.532518, 25.020888], [121.53198, 25.02095], [121.531829, 25.021015], [121.531856, 25.021117], [121.531758, 25.02092], [121.531116, 25.02041], [121.531225, 25.020303], [121.531109, 25.020207], [121.530925, 25.020354], [121.530313, 25.019714], [121.53023, 25.019791], [121.530101, 25.019686], [121.530884, 25.018894], [121.530842, 25.018855], [121.531003, 25.018835], [121.531268, 25.018621], [121.531232, 25.018517], [121.531314, 25.018443], [121.531444, 25.018503], [121.531519, 25.01837], [121.53166, 25.018375], [121.531653, 25.018186], [121.531515, 25.018229], [121.531703, 25.018385], [121.531729, 25.018851], [121.532705, 25.018725], [121.532754, 25.019159], [121.532599, 25.019138], [121.532578, 25.018951], [121.532325, 25.019003], [121.532342, 25.019134], [121.532454, 25.019147], [121.532189, 25.019159], [121.532197, 25.019222], [121.532166, 25.018975], [121.531774, 25.019207], [121.531596, 25.01921], [121.531602, 25.019273], [121.531124, 25.019304], [121.530929, 25.019517], [121.530817, 25.019498], [121.530643, 25.019795], [121.530384, 25.019591], [121.530726, 25.019312], [121.531072, 25.019562], [121.530736, 25.019871], [121.530934, 25.020032], [121.531269, 25.019752], [121.531659, 25.019691], [121.531662, 25.019852], [121.531377, 25.019876], [121.531224, 25.020053], [121.531436, 25.020241], [121.531673, 25.020152], [121.531692, 25.019975], [121.531876, 25.020088], [121.531964, 25.020307], [121.532854, 25.020244], [121.532868, 25.020377], [121.531966, 25.020504], [121.532153, 25.020671], [121.532918, 25.0206], [121.533144, 25.020682], [121.533187, 25.02084], [121.533819, 25.020783], [121.533792, 25.020299], [121.53332, 25.020377], [121.533294, 25.020204], [121.53316, 25.02018], [121.533033, 25.020221], [121.533047, 25.020359], [121.533183, 25.020391], [121.533193, 25.020578], [121.533667, 25.020476], [121.533487, 25.020724], [121.533424, 25.020124], [121.53354, 25.01999], [121.533726, 25.019973], [121.533571, 25.019409], [121.5334, 25.019427], [121.53335, 25.019687], [121.533235, 25.019699], [121.533142, 25.019237], [121.533225, 25.019238], [121.533226, 25.019311], [121.533361, 25.019267], [121.53339, 25.01913], [121.532917, 25.019124], [121.532878, 25.018886], [121.533488, 25.018818], [121.53351, 25.019712], [121.533362, 25.019985], [121.533112, 25.019975], [121.533089, 25.01978], [121.532987, 25.01978], [121.532691, 25.019819], [121.53271, 25.019987], [121.533009, 25.01999], [121.53255, 25.019997], [121.532534, 25.019844], [121.532412, 25.019861], [121.532425, 25.020025], [121.532271, 25.020043], [121.532275, 25.020105], [121.532157, 25.020052], [121.532175, 25.019797], [121.53187, 25.019832], [121.531829, 25.019615], [121.531945, 25.019588], [121.53193, 25.019465], [121.531209, 25.019479], [121.531107, 25.019064], [121.531577, 25.019019], [121.531585, 25.019104], [121.532098, 25.019438], [121.532204, 25.019438], [121.532217, 25.019577], [121.532112, 25.019591], [121.532501, 25.019542], [121.532488, 25.019414], [121.532372, 25.019433], [121.532649, 25.019417], [121.532659, 25.019526], [121.532773, 25.019511], [121.53276, 25.01936], [121.532985, 25.019314], [121.532967, 25.019504], [121.533642, 25.020093], [121.532962, 25.02137], [121.5325, 25.02139], [121.532534, 25.021747], [121.532958, 25.021712], [121.533438, 25.022054], [121.532307, 25.021759], [121.532069, 25.021609], [121.529811, 25.019716], [121.529724, 25.019543], [121.531671, 25.017633], [121.531746, 25.017707], [121.531738, 25.017567], [121.532706, 25.016676], [121.533061, 25.016987], [121.532943, 25.017134], [121.533119, 25.017136], [121.533234, 25.01752], [121.532961, 25.017455], [121.532972, 25.017361], [121.532721, 25.017338], [121.532709, 25.017225], [121.532552, 25.017252], [121.53251, 25.017099], [121.532651, 25.017937], [121.532826, 25.018073], [121.532892, 25.018234], [121.533, 25.018223], [121.533016, 25.018424], [121.531882, 25.018505], [121.531847, 25.018359], [121.532468, 25.018309], [121.532468, 25.018073], [121.532234, 25.01809], [121.53219, 25.017849], [121.532398, 25.017815], [121.532729, 25.017518], [121.533196, 25.017782], [121.533328, 25.017988], [121.533439, 25.018586], [121.532683, 25.018247], [121.532657, 25.018297], [121.531822, 25.018127], [121.532044, 25.017484], [121.531668, 25.020334], [121.531477, 25.020495], [121.53171, 25.020566], [121.530058, 25.019729]]}}, {"type": "Feature", "properties": {"district": "63000030", "segment": 25, "total_segments": 25, "km": 14.94, "villages": ["學府里"]}, "geometry": {"type": "LineString", "coordinates": [[121.533701, 25.016981], [121.535225, 25.014241], [121.536344, 25.013179], [121.536485, 25.012893], [121.537434, 25.012183], [121.537075, 25.011841], [121.537486, 25.010833], [121.537393, 25.010738], [121.537423, 25.010565], [121.537586, 25.010465], [121.537637, 25.010152], [121.537573, 25.010084], [121.537757, 25.009956], [121.53801, 25.009935], [121.538182, 25.009784], [121.538282, 25.010165], [121.537628, 25.01072], [121.537555, 25.010561], [121.537818, 25.010291], [121.537905, 25.010367], [121.537753, 25.010234], [121.537965, 25.010085], [121.537952, 25.009794], [121.538119, 25.009576], [121.538127, 25.009515], [121.538064, 25.009529], [121.53812, 25.009339], [121.538607, 25.009293], [121.538687, 25.009195], [121.538836, 25.009182], [121.538996, 25.009313], [121.539031, 25.00921], [121.539251, 25.009126], [121.539525, 25.009363], [121.539823, 25.009397], [121.539754, 25.009191], [121.539865, 25.009095], [121.539735, 25.008952], [121.539555, 25.009084], [121.539639, 25.009463], [121.539566, 25.009608], [121.539786, 25.009584], [121.539648, 25.009674], [121.539855, 25.009748], [121.539769, 25.009668], [121.540024, 25.009671], [121.539937, 25.009645], [121.53994, 25.009782], [121.540113, 25.009973], [121.540353, 25.009717], [121.539928, 25.00948], [121.540028, 25.009317], [121.539951, 25.009283], [121.54036, 25.009422], [121.540359, 25.009538], [121.540402, 25.00924], [121.539751, 25.00868], [121.53962, 25.00869], [121.539603, 25.008573], [121.539458, 25.008649], [121.53977, 25.008542], [121.538731, 25.008558], [121.538577, 25.008741], [121.53833, 25.008618], [121.538567, 25.008947], [121.53836, 25.00911], [121.538041, 25.00918], [121.537918, 25.009542], [121.53827, 25.009645], [121.538318, 25.009477], [121.538657, 25.00949], [121.53913, 25.009601], [121.539175, 25.009434], [121.539254, 25.009463], [121.539296, 25.009364], [121.539245, 25.009324], [121.539372, 25.009436], [121.539176, 25.009003], [121.538976, 25.008825], [121.538836, 25.008982], [121.538674, 25.009723], [121.538532, 25.009722], [121.538375, 25.010116], [121.537582, 25.009895], [121.538832, 25.011184], [121.539132, 25.011857], [121.539553, 25.012442], [121.539988, 25.011202], [121.541082, 25.011242], [121.541756, 25.011615], [121.541957, 25.011826], [121.542865, 25.012418], [121.544563, 25.013339], [121.544459, 25.013683], [121.544909, 25.013806], [121.545052, 25.013951], [121.545064, 25.013852], [121.545218, 25.013965], [121.545181, 25.014034], [121.545439, 25.01411], [121.54545, 25.01425], [121.545973, 25.014669], [121.546047, 25.014565], [121.545784, 25.014367], [121.545954, 25.014272], [121.546016, 25.014312], [121.546144, 25.014131], [121.546335, 25.01428], [121.546644, 25.014091], [121.546193, 25.013712], [121.545913, 25.013724], [121.545627, 25.013529], [121.545382, 25.013322], [121.545472, 25.013252], [121.545431, 25.013222], [121.545833, 25.013437], [121.545569, 25.013718], [121.546016, 25.014033], [121.545824, 25.014164], [121.545744, 25.014106], [121.546869, 25.013924], [121.546982, 25.014104], [121.546493, 25.014673], [121.54661, 25.014759], [121.546468, 25.014885], [121.546217, 25.014697], [121.546371, 25.014583], [121.546455, 25.014644], [121.546117, 25.015277], [121.546295, 25.015425], [121.546199, 25.015556], [121.546022, 25.015615], [121.545901, 25.015475], [121.545847, 25.015145], [121.545738, 25.015017], [121.545462, 25.015156], [121.545569, 25.015348], [121.546289, 25.015981], [121.546037, 25.016641], [121.545081, 25.016785], [121.545008, 25.016501], [121.544947, 25.017414], [121.545268, 25.017678], [121.544275, 25.017664], [121.544138, 25.018292], [121.544066, 25.018386], [121.543949, 25.018248], [121.543879, 25.018334], [121.543744, 25.01863], [121.544258, 25.018634], [121.544299, 25.018552], [121.54443, 25.018682], [121.544491, 25.0186], [121.544772, 25.018668], [121.544787, 25.018552], [121.544692, 25.018512], [121.545427, 25.018755], [121.545342, 25.018901], [121.545121, 25.018811], [121.544971, 25.019013], [121.545252, 25.019125], [121.54519, 25.019265], [121.544573, 25.01902], [121.544643, 25.018882], [121.544887, 25.018979], [121.544716, 25.019353], [121.544477, 25.019258], [121.54441, 25.0194], [121.545429, 25.019807], [121.545494, 25.019662], [121.544793, 25.019383], [121.545332, 25.019326], [121.545611, 25.019441], [121.545567, 25.019252], [121.545409, 25.019187], [121.545592, 25.018892], [121.545783, 25.019071], [121.54578, 25.018945], [121.544162, 25.018847], [121.544351, 25.018306], [121.543409, 25.016683], [121.543665, 25.016437], [121.543728, 25.016489], [121.543852, 25.016366], [121.543478, 25.016154], [121.54344, 25.016217], [121.54363, 25.016409], [121.542961, 25.015795], [121.543916, 25.014496], [121.545231, 25.013517], [121.545306, 25.013572], [121.546349, 25.013412], [121.548235, 25.0133], [121.548236, 25.013238], [121.548421, 25.013207], [121.54835, 25.013175], [121.548459, 25.013084], [121.548251, 25.013024], [121.548163, 25.013099], [121.548285, 25.012996], [121.548193, 25.012908], [121.548179, 25.012971], [121.548323, 25.012742], [121.548642, 25.012884], [121.548549, 25.013128], [121.548625, 25.013184], [121.548744, 25.013081], [121.54874, 25.013336], [121.548621, 25.013314], [121.548311, 25.013486], [121.548429, 25.013655], [121.548598, 25.013712], [121.548651, 25.013531], [121.548554, 25.013531], [121.54842, 25.013338], [121.548483, 25.013172], [121.54862, 25.013228], [121.548517, 25.012954], [121.548439, 25.012895], [121.548376, 25.01296], [121.548405, 25.0126], [121.548492, 25.012494], [121.548534, 25.012602], [121.548146, 25.012514], [121.547931, 25.012167], [121.547987, 25.012047], [121.548154, 25.012118], [121.547945, 25.012025], [121.547961, 25.011797], [121.548149, 25.011713], [121.548016, 25.011615], [121.547858, 25.011684], [121.547682, 25.011546], [121.547564, 25.011587], [121.54761, 25.011639], [121.547551, 25.0117], [121.547419, 25.011651], [121.547375, 25.011244], [121.547156, 25.011034], [121.54684, 25.011416], [121.54711, 25.011489], [121.546911, 25.011893], [121.547781, 25.011738], [121.547856, 25.011828], [121.547812, 25.012036], [121.547751, 25.012037], [121.547886, 25.012076], [121.547802, 25.012652], [121.548205, 25.013388], [121.548178, 25.01349], [121.548321, 25.013349], [121.549603, 25.014307], [121.547082, 25.015091], [121.547016, 25.015506], [121.547226, 25.016019], [121.547405, 25.016157], [121.547635, 25.015999], [121.547746, 25.016444], [121.547511, 25.016615], [121.5473, 25.016418], [121.547221, 25.016666], [121.547279, 25.01672], [121.547059, 25.01683], [121.546734, 25.016825], [121.546791, 25.016989], [121.547585, 25.017839], [121.544251, 25.020573], [121.543343, 25.020758], [121.540839, 25.016002], [121.541452, 25.015035], [121.540624, 25.013743], [121.539753, 25.010793], [121.539913, 25.010588], [121.540103, 25.010559], [121.540442, 25.010303], [121.540553, 25.01031], [121.539487, 25.009817], [121.544829, 25.012114], [121.545395, 25.011902], [121.546089, 25.011181], [121.545964, 25.01122], [121.546347, 25.01104], [121.54615, 25.010264], [121.546001, 25.011754], [121.549509, 25.011375], [121.551922, 25.01418], [121.552002, 25.014505], [121.552107, 25.014617], [121.552314, 25.014475], [121.551786, 25.014516], [121.551841, 25.014809], [121.553007, 25.013755]]}}]}