{"type": "FeatureCollection", "features": [{"type": "Feature", "properties": {"district": "63000120", "segment": 1, "total_segments": 36, "km": 14.99, "villages": ["一德里"]}, "geometry": {"type": "LineString", "coordinates": [[121.474494, 25.132796], [121.474337, 25.132669], [121.474505, 25.132429], [121.475743, 25.133418], [121.475731, 25.133581], [121.47546, 25.133651], [121.47571, 25.133957], [121.47592, 25.133735], [121.475947, 25.133853], [121.475786, 25.134024], [121.476039, 25.134106], [121.476354, 25.133923], [121.476457, 25.134004], [121.476243, 25.134092], [121.476289, 25.134173], [121.476164, 25.134375], [121.476316, 25.134605], [121.476415, 25.134523], [121.476372, 25.134384], [121.476479, 25.134292], [121.476791, 25.134466], [121.47678, 25.13457], [121.476926, 25.134351], [121.476372, 25.134661], [121.476385, 25.134845], [121.47662, 25.134815], [121.476362, 25.135149], [121.476013, 25.13469], [121.476151, 25.134569], [121.476007, 25.134248], [121.476265, 25.133839], [121.476001, 25.133627], [121.475379, 25.133372], [121.475347, 25.133492], [121.474529, 25.133607], [121.474482, 25.133503], [121.474649, 25.133402], [121.474325, 25.133381], [121.47475, 25.133757], [121.47477, 25.133101], [121.474644, 25.13291], [121.474726, 25.132849], [121.474938, 25.133016], [121.474895, 25.133057], [121.473906, 25.132737], [121.473768, 25.132759], [121.473982, 25.132385], [121.473946, 25.132278], [121.47379, 25.132213], [121.473628, 25.132265], [121.473327, 25.132079], [121.473708, 25.131811], [121.47335, 25.131608], [121.473126, 25.131317], [121.472997, 25.131353], [121.473016, 25.131241], [121.472715, 25.131054], [121.472653, 25.131028], [121.472483, 25.131253], [121.472615, 25.131365], [121.472736, 25.131259], [121.472149, 25.130907], [121.472192, 25.131042], [121.472322, 25.13114], [121.472534, 25.130915], [121.472506, 25.130841], [121.470921, 25.129578], [121.470728, 25.129751], [121.470709, 25.129867], [121.471452, 25.130441], [121.471566, 25.130353], [121.471908, 25.130619], [121.471853, 25.130687], [121.471954, 25.130762], [121.471991, 25.130683], [121.470862, 25.130378], [121.470588, 25.12972], [121.470803, 25.129468], [121.470465, 25.129213], [121.469829, 25.128914], [121.469664, 25.129085], [121.469438, 25.129144], [121.469122, 25.129022], [121.469069, 25.129109], [121.469559, 25.129291], [121.469572, 25.129222], [121.469686, 25.129242], [121.469554, 25.12952], [121.469466, 25.129464], [121.469513, 25.129413], [121.46886, 25.129219], [121.468877, 25.12914], [121.468599, 25.129049], [121.468802, 25.129005], [121.468816, 25.128936], [121.468901, 25.129023], [121.469089, 25.128827], [121.469359, 25.128932], [121.469567, 25.128801], [121.469654, 25.128599], [121.468328, 25.128055], [121.46727, 25.127494], [121.467089, 25.127714], [121.466459, 25.127422], [121.466708, 25.12776], [121.467018, 25.127924], [121.466853, 25.128119], [121.467023, 25.128208], [121.46719, 25.128017], [121.467304, 25.128119], [121.467171, 25.12832], [121.467555, 25.128269], [121.467818, 25.128333], [121.46811, 25.12856], [121.468313, 25.128853], [121.468659, 25.128816], [121.468882, 25.128697], [121.469018, 25.128754], [121.469083, 25.128637], [121.468911, 25.128564], [121.46928, 25.128714], [121.469768, 25.128644], [121.469428, 25.128222], [121.468884, 25.127886], [121.468726, 25.127813], [121.468676, 25.127904], [121.469038, 25.128135], [121.467777, 25.127553], [121.467896, 25.127402], [121.46725, 25.126915], [121.467363, 25.126836], [121.467959, 25.12728], [121.468027, 25.127085], [121.467435, 25.126502], [121.466981, 25.126967], [121.466846, 25.126862], [121.466875, 25.127142], [121.467056, 25.127286], [121.467194, 25.127094], [121.467362, 25.127217], [121.467137, 25.127054], [121.467599, 25.127459], [121.467396, 25.127816], [121.467522, 25.127879], [121.467158, 25.127783], [121.467113, 25.127757], [121.468118, 25.127493], [121.468199, 25.127405], [121.468445, 25.12756], [121.468387, 25.12766], [121.468485, 25.127724], [121.468779, 25.127278], [121.468639, 25.127209], [121.468417, 25.12687], [121.468567, 25.126745], [121.468686, 25.126856], [121.468867, 25.126841], [121.469012, 25.126925], [121.469258, 25.126704], [121.469183, 25.126644], [121.469396, 25.12658], [121.469058, 25.126306], [121.468935, 25.126402], [121.469039, 25.126527], [121.469012, 25.126711], [121.468709, 25.126368], [121.468717, 25.126123], [121.468999, 25.126095], [121.469142, 25.125961], [121.469218, 25.126063], [121.469424, 25.125956], [121.469292, 25.125854], [121.469655, 25.125506], [121.469766, 25.125556], [121.469895, 25.12544], [121.470024, 25.125734], [121.46982, 25.126009], [121.47011, 25.125152], [121.469186, 25.124789], [121.468859, 25.124539], [121.468682, 25.124546], [121.467628, 25.124667], [121.4673, 25.124905], [121.467193, 25.124894], [121.467099, 25.124948], [121.467139, 25.125054], [121.467418, 25.125054], [121.46749, 25.125151], [121.4673, 25.125296], [121.466728, 25.123866], [121.466596, 25.12391], [121.466626, 25.124156], [121.466457, 25.124188], [121.466427, 25.124133], [121.466493, 25.124005], [121.466401, 25.123657], [121.466514, 25.123563], [121.466761, 25.123543], [121.466536, 25.123811], [121.466091, 25.123825], [121.465983, 25.124039], [121.466111, 25.124299], [121.466468, 25.124401], [121.466516, 25.124519], [121.466428, 25.124552], [121.466609, 25.124563], [121.466763, 25.124352], [121.466734, 25.12422], [121.466504, 25.124326], [121.466384, 25.124216], [121.465812, 25.12444], [121.465902, 25.124793], [121.46616, 25.124755], [121.466073, 25.124884], [121.466111, 25.124956], [121.465733, 25.125066], [121.465874, 25.125246], [121.465852, 25.125421], [121.465771, 25.125397], [121.46601, 25.125429], [121.466018, 25.125495], [121.466289, 25.125369], [121.46619, 25.125118], [121.466127, 25.125158], [121.466242, 25.125547], [121.466349, 25.125576], [121.466359, 25.125681], [121.466452, 25.125641], [121.466437, 25.125442], [121.466353, 25.125458], [121.466546, 25.125309], [121.466491, 25.125163], [121.466258, 25.125029], [121.466073, 25.125103], [121.465888, 25.124886], [121.465713, 25.124847], [121.465691, 25.124949], [121.46574, 25.12464], [121.465657, 25.124487], [121.465569, 25.124483], [121.465567, 25.124219], [121.465378, 25.124131], [121.465713, 25.123975], [121.465954, 25.123612], [121.465995, 25.123653], [121.465772, 25.124039], [121.46552, 25.123717], [121.465803, 25.123622], [121.465106, 25.12421], [121.465186, 25.124397], [121.465114, 25.124459], [121.465262, 25.124661], [121.466853, 25.124621], [121.467522, 25.123626], [121.467177, 25.123282], [121.468358, 25.123582], [121.469231, 25.123384], [121.471173, 25.123586], [121.471725, 25.12352], [121.471711, 25.123427], [121.472433, 25.124173], [121.472628, 25.124846], [121.472685, 25.125128], [121.472017, 25.125181], [121.471984, 25.125455], [121.471857, 25.125505], [121.471858, 25.125759], [121.47224, 25.125773], [121.472655, 25.126032], [121.472713, 25.126503], [121.472989, 25.126509], [121.473039, 25.126779], [121.472557, 25.126765], [121.471682, 25.126976], [121.471454, 25.1272], [121.471398, 25.127334], [121.471661, 25.127519], [121.47124, 25.127728], [121.471062, 25.128], [121.471231, 25.128025], [121.471098, 25.128299], [121.470835, 25.128618], [121.470723, 25.128513], [121.470723, 25.128764], [121.470007, 25.129283], [121.46998, 25.129195], [121.469839, 25.129178], [121.469812, 25.129452], [121.470183, 25.129364], [121.470387, 25.129502], [121.470148, 25.129697], [121.469588, 25.129867], [121.468699, 25.129339], [121.468583, 25.129357], [121.46847, 25.12921], [121.467969, 25.129169], [121.468019, 25.129492], [121.467893, 25.129497], [121.467666, 25.129355], [121.467411, 25.129368], [121.467334, 25.129047], [121.466976, 25.129539], [121.467589, 25.130011], [121.467607, 25.13019], [121.467859, 25.130201], [121.467827, 25.130015], [121.46835, 25.130009], [121.468277, 25.129469], [121.468189, 25.129439], [121.468389, 25.12904], [121.466368, 25.130085], [121.467618, 25.132789], [121.471118, 25.131726], [121.4712, 25.131816], [121.471869, 25.13191], [121.472042, 25.132275], [121.471973, 25.132372], [121.471704, 25.132347], [121.471773, 25.132455], [121.471898, 25.132469], [121.473315, 25.131141], [121.473896, 25.131956], [121.474313, 25.132276], [121.475, 25.131665], [121.476489, 25.132949], [121.477346, 25.134704], [121.477962, 25.135141], [121.478892, 25.135565], [121.4788, 25.135653], [121.478836, 25.135844], [121.478535, 25.135746], [121.478368, 25.136082], [121.478513, 25.136197], [121.478311, 25.135907], [121.477934, 25.135733], [121.478044, 25.135535], [121.47825, 25.135683], [121.478351, 25.13556], [121.4784, 25.135782], [121.478503, 25.13565], [121.478931, 25.13624], [121.47889, 25.136329], [121.479341, 25.136402], [121.479332, 25.13661], [121.47953, 25.13663], [121.479617, 25.136716], [121.478935, 25.136676], [121.47893, 25.136599], [121.478827, 25.136628], [121.478746, 25.136975], [121.478264, 25.136746], [121.477552, 25.136984], [121.477485, 25.135962], [121.477681, 25.135696], [121.477722, 25.135506], [121.475851, 25.136891], [121.476169, 25.137999], [121.475513, 25.138169], [121.474863, 25.138831], [121.4749, 25.139079]]}}, {"type": "Feature", "properties": {"district": "63000120", "segment": 2, "total_segments": 36, "km": 14.98, "villages": ["一德里", "關渡里"]}, "geometry": {"type": "LineString", "coordinates": [[121.474605, 25.13918], [121.474489, 25.13971], [121.474243, 25.139663], [121.473875, 25.139279], [121.474983, 25.139903], [121.474255, 25.140445], [121.475162, 25.14107], [121.474003, 25.134527], [121.473909, 25.134459], [121.476074, 25.129939], [121.475354, 25.129184], [121.477231, 25.128601], [121.47345, 25.127861], [121.473186, 25.127324], [121.472738, 25.127636], [121.472582, 25.127494], [121.472495, 25.127803], [121.47281, 25.12802], [121.473005, 25.128485], [121.472574, 25.128509], [121.472575, 25.12887], [121.470823, 25.127047], [121.470615, 25.126938], [121.470336, 25.126954], [121.470067, 25.127563], [121.471475, 25.126303], [121.470824, 25.125841], [121.471177, 25.124974], [121.473416, 25.125106], [121.473496, 25.125403], [121.473018, 25.125466], [121.473476, 25.125709], [121.473498, 25.126329], [121.473592, 25.126699], [121.468457, 25.12647], [121.468254, 25.126728], [121.467271, 25.125884], [121.466124, 25.126934], [121.479698, 25.133346], [121.480216, 25.13307], [121.480333, 25.133121], [121.473398, 25.122415], [121.472539, 25.122302], [121.472515, 25.122007], [121.472675, 25.121266], [121.472862, 25.121253], [121.473481, 25.120575], [121.470287, 25.122702], [121.469327, 25.122249], [121.469284, 25.121716], [121.469108, 25.121723], [121.469131, 25.12195], [121.469019, 25.121974], [121.469024, 25.122043], [121.468984, 25.121738], [121.468781, 25.121761], [121.468881, 25.122351], [121.469159, 25.122328], [121.469172, 25.122718], [121.468863, 25.122714], [121.46888, 25.122469], [121.46842, 25.122518], [121.468427, 25.122595], [121.468327, 25.12261], [121.468321, 25.122518], [121.468101, 25.122543], [121.468012, 25.122402], [121.467868, 25.121433], [121.467703, 25.121446], [121.467703, 25.121763], [121.467583, 25.12177], [121.467634, 25.121862], [121.467518, 25.121922], [121.467263, 25.122442], [121.467442, 25.122463], [121.467644, 25.122046], [121.467798, 25.122029], [121.467831, 25.122227], [121.467757, 25.122432], [121.467628, 25.122447], [121.467618, 25.122706], [121.467544, 25.122715], [121.467954, 25.122697], [121.46801, 25.122813], [121.468173, 25.122798], [121.46825, 25.122386], [121.468152, 25.121403], [121.468305, 25.121404], [121.468367, 25.121678], [121.46862, 25.121651], [121.46859, 25.12128], [121.468766, 25.121283], [121.468804, 25.121625], [121.468622, 25.121797], [121.468689, 25.122333], [121.46844, 25.122355], [121.468384, 25.121811], [121.468573, 25.121754], [121.468297, 25.121316], [121.468444, 25.121066], [121.468427, 25.120802], [121.468279, 25.120812], [121.46914, 25.120735], [121.469035, 25.120191], [121.46881, 25.120187], [121.468855, 25.120334], [121.468841, 25.120036], [121.468992, 25.120017], [121.46896, 25.119857], [121.468829, 25.119866], [121.468792, 25.119703], [121.468953, 25.119683], [121.468931, 25.119493], [121.468775, 25.119508], [121.468735, 25.119337], [121.468727, 25.119195], [121.468892, 25.119181], [121.468917, 25.119319], [121.46839, 25.119298], [121.467076, 25.11947], [121.466733, 25.119283], [121.466736, 25.11914], [121.467368, 25.119116], [121.467389, 25.11923], [121.466947, 25.119236], [121.46661, 25.119186], [121.466389, 25.119015], [121.466363, 25.118902], [121.466649, 25.118908], [121.466702, 25.118543], [121.466763, 25.118635], [121.466806, 25.118595], [121.466836, 25.118386], [121.466712, 25.118415], [121.466744, 25.118201], [121.466672, 25.118192], [121.466677, 25.118047], [121.46635, 25.118012], [121.466294, 25.118118], [121.466446, 25.118142], [121.466412, 25.11834], [121.466303, 25.118389], [121.466312, 25.118647], [121.46637, 25.118669], [121.466431, 25.118397], [121.466154, 25.118086], [121.466014, 25.118093], [121.466027, 25.118391], [121.465946, 25.118477], [121.466027, 25.118539], [121.465888, 25.11867], [121.465579, 25.118355], [121.465589, 25.11814], [121.465722, 25.118082], [121.465656, 25.118314], [121.465517, 25.118438], [121.465267, 25.118137], [121.465358, 25.117879], [121.465851, 25.11796], [121.465779, 25.11804], [121.466036, 25.11794], [121.46604, 25.117815], [121.466117, 25.117983], [121.46622, 25.117998], [121.466427, 25.117831], [121.466503, 25.117895], [121.46659, 25.117811], [121.466799, 25.117834], [121.466763, 25.118061], [121.46686, 25.118088], [121.466832, 25.118189], [121.466945, 25.118202], [121.467005, 25.117701], [121.466821, 25.117688], [121.466812, 25.117746], [121.466443, 25.117733], [121.467173, 25.117853], [121.467181, 25.117992], [121.467341, 25.11804], [121.467269, 25.118131], [121.468766, 25.118329], [121.468697, 25.118467], [121.468893, 25.118514], [121.468896, 25.118585], [121.468795, 25.118685], [121.46861, 25.118628], [121.468599, 25.11871], [121.468448, 25.118675], [121.46843, 25.118784], [121.468503, 25.118441], [121.468187, 25.118399], [121.468133, 25.118753], [121.468234, 25.118849], [121.467686, 25.119259], [121.467483, 25.119276], [121.467358, 25.119894], [121.467414, 25.120307], [121.467224, 25.120336], [121.467284, 25.120525], [121.467498, 25.12052], [121.467529, 25.120854], [121.467336, 25.120893], [121.467303, 25.120616], [121.467058, 25.120575], [121.466955, 25.120105], [121.466609, 25.120157], [121.466641, 25.120347], [121.466848, 25.12031], [121.466885, 25.12044], [121.46666, 25.120479], [121.466701, 25.120666], [121.466922, 25.120625], [121.46677, 25.120783], [121.46676, 25.1209], [121.466922, 25.121834], [121.467137, 25.121819], [121.467027, 25.121974], [121.466798, 25.122018], [121.466825, 25.122238], [121.466656, 25.12229], [121.466523, 25.122169], [121.466404, 25.122168], [121.466216, 25.122265], [121.466249, 25.122379], [121.466139, 25.122388], [121.465889, 25.121848], [121.466009, 25.121839], [121.466176, 25.122125], [121.46617, 25.122473], [121.46637, 25.122761], [121.466001, 25.122763], [121.465824, 25.122263], [121.465694, 25.122256], [121.465668, 25.122103], [121.465549, 25.122143], [121.46556, 25.122224], [121.465295, 25.122259], [121.465332, 25.122398], [121.465583, 25.122359], [121.465623, 25.122611], [121.465747, 25.122602], [121.465715, 25.122377], [121.46521, 25.12172], [121.465281, 25.121628], [121.465201, 25.121359], [121.465372, 25.121229], [121.465168, 25.120724], [121.465032, 25.120811], [121.465114, 25.120961], [121.464862, 25.120484], [121.465011, 25.120415], [121.464961, 25.120313], [121.465091, 25.120579], [121.465315, 25.120505], [121.465192, 25.120244], [121.46554, 25.120215], [121.465497, 25.120043], [121.465284, 25.119874], [121.465119, 25.119539], [121.464945, 25.119686], [121.465089, 25.11997], [121.464988, 25.120019], [121.464776, 25.119606], [121.464885, 25.119578], [121.464843, 25.119475], [121.464957, 25.119348], [121.464848, 25.119247], [121.46489, 25.119107]]}}, {"type": "Feature", "properties": {"district": "63000120", "segment": 3, "total_segments": 36, "km": 14.9, "villages": ["關渡里", "桃源里"]}, "geometry": {"type": "LineString", "coordinates": [[121.464801, 25.118901], [121.46468, 25.118894], [121.464518, 25.118664], [121.464667, 25.118458], [121.464499, 25.118049], [121.464596, 25.118017], [121.464474, 25.117869], [121.464417, 25.117944], [121.464277, 25.117816], [121.464401, 25.117789], [121.464222, 25.118052], [121.464364, 25.118176], [121.46471, 25.118124], [121.464826, 25.118211], [121.465094, 25.118571], [121.465095, 25.118704], [121.464901, 25.118586], [121.464827, 25.118661], [121.465013, 25.11881], [121.465019, 25.118899], [121.464948, 25.118909], [121.465024, 25.118973], [121.465163, 25.118857], [121.465254, 25.118928], [121.465324, 25.118864], [121.46528, 25.118817], [121.465438, 25.119162], [121.465355, 25.119248], [121.465512, 25.119302], [121.465656, 25.119609], [121.465564, 25.119661], [121.465442, 25.119405], [121.465776, 25.119439], [121.465836, 25.119268], [121.466013, 25.119304], [121.465872, 25.11962], [121.46607, 25.119601], [121.46613, 25.119788], [121.466033, 25.119733], [121.466058, 25.119881], [121.466147, 25.119906], [121.466159, 25.120096], [121.46576, 25.120138], [121.465834, 25.119977], [121.465761, 25.11977], [121.465648, 25.119864], [121.465683, 25.119945], [121.465587, 25.119713], [121.46563, 25.119257], [121.466094, 25.119031], [121.466256, 25.119255], [121.466411, 25.120061], [121.466245, 25.120084], [121.466358, 25.120188], [121.466452, 25.120826], [121.466045, 25.120926], [121.465921, 25.121043], [121.466003, 25.121346], [121.465922, 25.121406], [121.465909, 25.12159], [121.465988, 25.12177], [121.465765, 25.121786], [121.465594, 25.121357], [121.465706, 25.121179], [121.465595, 25.120916], [121.465456, 25.120936], [121.465377, 25.120666], [121.465425, 25.120486], [121.465228, 25.120078], [121.464829, 25.120023], [121.464574, 25.119482], [121.465064, 25.119237], [121.464991, 25.119091], [121.465308, 25.119167], [121.465286, 25.119112], [121.465174, 25.11931], [121.46527, 25.118503], [121.465016, 25.118157], [121.464755, 25.117969], [121.465281, 25.11786], [121.465454, 25.116755], [121.464159, 25.117355], [121.463925, 25.117147], [121.463797, 25.117151], [121.463611, 25.117329], [121.463626, 25.117441], [121.463806, 25.11745], [121.464039, 25.11764], [121.463235, 25.116873], [121.466244, 25.1189], [121.466363, 25.118708], [121.467094, 25.118661], [121.467095, 25.118446], [121.467436, 25.118038], [121.467455, 25.11791], [121.467356, 25.117923], [121.467187, 25.117772], [121.467667, 25.117911], [121.467652, 25.118026], [121.468108, 25.118026], [121.467775, 25.118346], [121.469375, 25.119627], [121.468405, 25.120389], [121.468263, 25.120372], [121.468306, 25.120557], [121.468403, 25.120537], [121.467962, 25.120439], [121.467954, 25.120317], [121.467823, 25.120375], [121.467836, 25.120459], [121.4675, 25.120295], [121.467663, 25.121046], [121.467415, 25.121107], [121.467496, 25.121655], [121.467303, 25.121665], [121.467147, 25.121141], [121.467091, 25.121141], [121.467068, 25.120736], [121.466513, 25.120817], [121.466527, 25.121081], [121.466362, 25.121263], [121.466474, 25.122443], [121.466382, 25.122453], [121.466499, 25.122578], [121.467033, 25.122462], [121.467312, 25.121717], [121.467784, 25.121888], [121.467673, 25.121182], [121.469047, 25.121029], [121.469128, 25.121518], [121.467196, 25.122613], [121.467057, 25.122903], [121.466209, 25.123001], [121.466113, 25.122908], [121.465967, 25.122991], [121.46651, 25.123209], [121.467501, 25.122854], [121.465481, 25.12101], [121.464806, 25.120933], [121.464604, 25.120617], [121.464432, 25.120684], [121.464569, 25.120968], [121.464375, 25.120597], [121.46456, 25.121947], [121.463827, 25.122831], [121.463651, 25.122724], [121.463414, 25.122755], [121.463273, 25.122691], [121.463433, 25.122915], [121.464083, 25.122991], [121.463092, 25.12239], [121.462899, 25.121789], [121.462264, 25.122967], [121.462816, 25.123284], [121.478642, 25.136052], [121.47876, 25.136092], [121.47896, 25.135835], [121.479083, 25.135887], [121.479031, 25.135966], [121.479117, 25.13611], [121.479703, 25.136376], [121.479799, 25.136132], [121.479662, 25.136115], [121.47972, 25.135902], [121.479071, 25.135642], [121.479257, 25.135879], [121.479888, 25.135972], [121.48052, 25.136325], [121.480362, 25.136657], [121.480493, 25.136724], [121.480667, 25.136405], [121.481137, 25.136697], [121.480878, 25.136691], [121.48076, 25.136796], [121.480713, 25.136682], [121.480278, 25.136841], [121.480231, 25.136747], [121.479748, 25.136705], [121.480029, 25.136273], [121.480143, 25.136338], [121.480019, 25.136555], [121.479112, 25.136255], [121.480474, 25.137122], [121.48096, 25.136939], [121.481213, 25.136974], [121.481433, 25.136858], [121.481577, 25.136932], [121.481613, 25.137213], [121.48175, 25.137252], [121.481691, 25.137387], [121.481095, 25.137193], [121.481292, 25.137384], [121.481803, 25.137478], [121.481925, 25.137212], [121.482035, 25.137281], [121.481907, 25.137487], [121.482224, 25.137549], [121.482303, 25.137489], [121.48255, 25.137582], [121.482624, 25.137475], [121.482999, 25.13753], [121.482977, 25.137624], [121.482899, 25.137592], [121.482708, 25.137791], [121.482952, 25.137884], [121.482997, 25.137808], [121.482918, 25.137778], [121.483203, 25.13798], [121.483388, 25.137749], [121.4837, 25.137803], [121.483813, 25.137643], [121.483934, 25.137713], [121.483934, 25.137802], [121.484087, 25.137804], [121.48527, 25.138352], [121.485279, 25.138282], [121.485498, 25.138317], [121.485367, 25.138558], [121.485213, 25.138575], [121.485141, 25.138694], [121.484893, 25.138558], [121.484992, 25.138477], [121.484825, 25.138362], [121.484908, 25.138306], [121.484568, 25.13815], [121.484504, 25.138303], [121.484167, 25.138088], [121.483546, 25.137984], [121.483185, 25.138188], [121.483109, 25.138406], [121.483202, 25.138494], [121.483406, 25.139342], [121.484221, 25.138993], [121.484512, 25.138973], [121.484514, 25.138901], [121.484016, 25.138718], [121.484206, 25.138542], [121.484494, 25.138666], [121.48472, 25.138522], [121.484656, 25.138384], [121.484589, 25.138344], [121.484757, 25.138796], [121.485149, 25.138934], [121.484926, 25.139333], [121.485066, 25.139405], [121.485118, 25.139319], [121.4852, 25.139488], [121.485563, 25.139659], [121.485527, 25.139784], [121.484978, 25.139529], [121.484717, 25.139742], [121.484511, 25.139645], [121.484655, 25.139457], [121.484674, 25.139169], [121.484801, 25.139023], [121.48525, 25.138785], [121.485494, 25.139276], [121.485555, 25.139162], [121.4857, 25.139211], [121.485746, 25.139321], [121.48567, 25.13947], [121.485595, 25.139426], [121.485768, 25.139069], [121.485674, 25.13902], [121.485837, 25.138865], [121.485929, 25.138947], [121.486092, 25.138855], [121.486044, 25.138743], [121.485589, 25.138485], [121.485516, 25.138639], [121.485708, 25.138319], [121.48669, 25.138414], [121.486763, 25.138996], [121.486571, 25.138903], [121.486499, 25.138587], [121.48629, 25.138697], [121.486165, 25.13863], [121.486268, 25.138875], [121.486802, 25.139213], [121.486718, 25.139328], [121.486866, 25.139421], [121.486933, 25.139893], [121.486758, 25.14019], [121.486413, 25.140031], [121.486339, 25.140138], [121.486699, 25.140325], [121.486524, 25.14056], [121.486608, 25.140601], [121.486579, 25.1407], [121.486083, 25.140467], [121.486101, 25.140375], [121.485981, 25.140303], [121.485934, 25.140401], [121.485868, 25.140369], [121.48586, 25.140244], [121.485734, 25.140215], [121.485702, 25.140308], [121.485454, 25.140173], [121.48561, 25.140066], [121.485007, 25.139698], [121.484928, 25.139852], [121.48529, 25.140077], [121.485656, 25.139883], [121.485849, 25.140028], [121.485919, 25.139974], [121.486056, 25.140145], [121.486223, 25.140148], [121.486186, 25.140397], [121.48641, 25.140506], [121.486205, 25.140678], [121.486486, 25.140861], [121.486639, 25.139858], [121.486559, 25.13981], [121.486699, 25.139564], [121.486026, 25.139193], [121.486163, 25.138978], [121.486374, 25.139097], [121.486338, 25.139155], [121.486473, 25.139175], [121.486219, 25.139736], [121.485967, 25.139641], [121.486724, 25.139783], [121.486575, 25.138194], [121.485311, 25.138068], [121.48543, 25.137839], [121.485546, 25.137858], [121.485395, 25.13768], [121.485123, 25.137761], [121.485059, 25.137917], [121.484501, 25.137702]]}}, {"type": "Feature", "properties": {"district": "63000120", "segment": 4, "total_segments": 36, "km": 14.47, "villages": ["桃源里", "稻香里"]}, "geometry": {"type": "LineString", "coordinates": [[121.483439, 25.137535], [121.483139, 25.137342], [121.48244, 25.137252], [121.481689, 25.137], [121.481763, 25.136751], [121.48214, 25.137388], [121.483158, 25.137686], [121.483198, 25.137608], [121.4831, 25.137569], [121.486701, 25.138023], [121.483424, 25.141097], [121.483416, 25.141296], [121.483202, 25.141168], [121.483149, 25.142473], [121.48091, 25.140758], [121.48396, 25.134929], [121.484496, 25.134974], [121.486416, 25.134579], [121.487755, 25.134713], [121.487603, 25.138494], [121.486898, 25.138454], [121.486935, 25.138726], [121.487852, 25.13853], [121.488626, 25.139616], [121.488758, 25.139601], [121.488741, 25.139501], [121.489049, 25.139572], [121.489046, 25.139474], [121.489801, 25.139366], [121.489802, 25.139291], [121.489502, 25.139305], [121.489638, 25.139102], [121.489874, 25.139111], [121.489907, 25.139041], [121.490017, 25.139049], [121.489895, 25.139227], [121.489927, 25.139388], [121.489989, 25.139383], [121.489808, 25.139551], [121.489522, 25.139581], [121.489415, 25.139714], [121.489408, 25.139879], [121.489225, 25.139891], [121.489199, 25.13974], [121.489468, 25.140415], [121.489284, 25.140361], [121.488499, 25.140458], [121.488516, 25.140627], [121.489356, 25.140601], [121.488332, 25.140733], [121.488352, 25.140865], [121.488231, 25.140736], [121.487347, 25.140858], [121.487546, 25.141066], [121.487639, 25.141], [121.487844, 25.141049], [121.487796, 25.141135], [121.487863, 25.141149], [121.487977, 25.141068], [121.488174, 25.141257], [121.48833, 25.141092], [121.488117, 25.140849], [121.487863, 25.140863], [121.487767, 25.140132], [121.487154, 25.140188], [121.48719, 25.140065], [121.487719, 25.140004], [121.487474, 25.139949], [121.48697, 25.140005], [121.486994, 25.140238], [121.486889, 25.140661], [121.487133, 25.141141], [121.487579, 25.141544], [121.487887, 25.141426], [121.488125, 25.141638], [121.4882, 25.14144], [121.48748, 25.141118], [121.486945, 25.141276], [121.486689, 25.141011], [121.486623, 25.141062], [121.486656, 25.140896], [121.486243, 25.141197], [121.486119, 25.141021], [121.486282, 25.141015], [121.486308, 25.140949], [121.486215, 25.140868], [121.486465, 25.141162], [121.486399, 25.141292], [121.486952, 25.14165], [121.486608, 25.142305], [121.486558, 25.142934], [121.485972, 25.143004], [121.486379, 25.143991], [121.486559, 25.143956], [121.487681, 25.144393], [121.487675, 25.144607], [121.488181, 25.143874], [121.488184, 25.14376], [121.488495, 25.14372], [121.488568, 25.143357], [121.488413, 25.143283], [121.488339, 25.143361], [121.488407, 25.14354], [121.488899, 25.143712], [121.488844, 25.143815], [121.489265, 25.144], [121.4893, 25.143655], [121.48903, 25.143516], [121.488975, 25.143602], [121.489018, 25.143273], [121.489158, 25.143192], [121.489045, 25.143061], [121.489136, 25.142965], [121.489069, 25.142885], [121.489202, 25.142735], [121.489397, 25.142727], [121.489674, 25.142575], [121.489637, 25.142382], [121.489729, 25.142353], [121.489573, 25.14236], [121.489525, 25.14215], [121.489369, 25.142209], [121.489436, 25.141972], [121.489572, 25.142021], [121.489694, 25.141713], [121.489945, 25.141757], [121.489988, 25.141843], [121.489839, 25.141843], [121.489781, 25.141917], [121.490158, 25.142065], [121.490198, 25.14194], [121.490142, 25.141683], [121.489642, 25.141163], [121.488887, 25.141225], [121.488606, 25.141294], [121.488615, 25.141454], [121.488504, 25.141533], [121.48837, 25.141469], [121.488951, 25.141525], [121.488979, 25.14144], [121.488846, 25.141403], [121.489028, 25.141341], [121.489559, 25.141384], [121.489564, 25.141319], [121.489569, 25.141498], [121.489761, 25.141495], [121.489812, 25.141584], [121.489064, 25.141529], [121.489058, 25.141815], [121.48872, 25.141718], [121.48876, 25.141643], [121.488885, 25.141682], [121.489013, 25.141966], [121.489136, 25.141971], [121.489326, 25.141761], [121.489518, 25.141847], [121.489519, 25.141714], [121.489611, 25.141714], [121.489232, 25.141668], [121.489102, 25.142142], [121.489004, 25.142136], [121.48924, 25.142452], [121.489418, 25.142421], [121.48973, 25.14219], [121.490043, 25.142313], [121.490122, 25.142237], [121.489718, 25.142075], [121.489971, 25.142594], [121.489643, 25.142948], [121.489731, 25.143028], [121.489893, 25.142964], [121.490085, 25.142705], [121.490313, 25.142605], [121.490366, 25.142702], [121.49042, 25.142667], [121.490411, 25.142504], [121.490734, 25.142608], [121.490689, 25.142851], [121.490398, 25.143046], [121.490434, 25.143155], [121.490307, 25.143222], [121.490232, 25.143068], [121.489877, 25.143157], [121.489845, 25.143259], [121.489949, 25.143296], [121.489761, 25.143402], [121.489846, 25.143413], [121.489814, 25.143563], [121.489676, 25.143549], [121.489582, 25.143679], [121.489453, 25.143342], [121.489532, 25.143178], [121.489218, 25.143062], [121.489247, 25.142942], [121.489593, 25.142903], [121.489241, 25.14328], [121.488854, 25.142399], [121.488734, 25.142537], [121.488764, 25.142022], [121.488603, 25.141925], [121.488148, 25.142404], [121.488062, 25.14236], [121.488203, 25.142139], [121.487838, 25.142374], [121.48777, 25.142331], [121.48781, 25.142281], [121.487626, 25.142257], [121.487669, 25.142209], [121.487913, 25.142413], [121.487752, 25.142659], [121.4876, 25.142562], [121.487559, 25.142644], [121.488058, 25.143021], [121.488135, 25.14305], [121.488234, 25.142936], [121.487822, 25.14271], [121.488636, 25.144011], [121.488577, 25.144104], [121.488789, 25.144026], [121.488767, 25.144222], [121.488928, 25.144249], [121.488832, 25.14448], [121.488629, 25.144601], [121.489112, 25.144878], [121.490697, 25.143967], [121.490691, 25.143651], [121.490437, 25.143532], [121.491053, 25.143052], [121.491204, 25.143035], [121.491206, 25.142919], [121.491072, 25.142894], [121.491024, 25.142654], [121.490548, 25.142379], [121.490335, 25.142376], [121.490481, 25.142043], [121.490635, 25.142194], [121.490193, 25.14246], [121.491393, 25.14341], [121.491558, 25.143313], [121.491491, 25.143908], [121.491845, 25.144539], [121.492668, 25.147065], [121.490325, 25.148101], [121.487233, 25.145607], [121.485645, 25.147993], [121.485607, 25.148178], [121.485712, 25.148205], [121.482776, 25.146809], [121.483031, 25.144098], [121.488316, 25.140583], [121.488144, 25.140143], [121.48886, 25.140943], [121.489015, 25.141008], [121.489291, 25.140914], [121.48952, 25.140668], [121.489511, 25.140551], [121.490149, 25.139203], [121.490299, 25.139202], [121.491076, 25.138727], [121.49107, 25.138636], [121.489431, 25.138564], [121.489442, 25.138766], [121.489645, 25.138778], [121.489648, 25.138837], [121.489471, 25.138827], [121.489491, 25.138987], [121.489775, 25.13884], [121.489983, 25.138846], [121.48977, 25.138769], [121.490381, 25.13899], [121.491124, 25.138637]]}}, {"type": "Feature", "properties": {"district": "63000120", "segment": 5, "total_segments": 36, "km": 9.65, "villages": ["豐年里", "文化里"]}, "geometry": {"type": "LineString", "coordinates": [[121.490962, 25.138416], [121.486784, 25.138182], [121.486839, 25.138083], [121.486948, 25.138088], [121.486846, 25.137963], [121.487853, 25.136926], [121.490105, 25.136809], [121.490296, 25.137237], [121.491257, 25.137344], [121.491554, 25.137917], [121.492673, 25.137405], [121.492702, 25.137475], [121.492922, 25.137471], [121.49298, 25.137421], [121.492902, 25.137355], [121.493102, 25.137444], [121.493294, 25.137068], [121.493419, 25.137207], [121.49392, 25.137033], [121.493978, 25.137126], [121.493368, 25.137339], [121.493406, 25.137593], [121.49637, 25.136313], [121.496255, 25.136064], [121.49519, 25.136562], [121.495121, 25.136693], [121.494485, 25.136942], [121.494438, 25.136853], [121.494991, 25.136593], [121.494981, 25.136459], [121.494898, 25.136448], [121.493986, 25.13688], [121.494069, 25.137022], [121.494369, 25.136889], [121.494378, 25.136994], [121.49417, 25.137173], [121.49381, 25.136816], [121.493737, 25.136838], [121.493563, 25.136933], [121.493007, 25.137663], [121.492926, 25.137663], [121.492949, 25.137769], [121.492502, 25.137875], [121.492462, 25.137963], [121.491979, 25.138132], [121.491992, 25.138028], [121.491829, 25.138081], [121.49187, 25.138168], [121.491446, 25.13836], [121.49127, 25.138047], [121.491477, 25.137951], [121.490901, 25.138228], [121.490702, 25.138241], [121.490705, 25.138158], [121.490627, 25.138229], [121.49226, 25.136361], [121.492602, 25.136534], [121.492609, 25.136368], [121.492746, 25.136321], [121.492844, 25.136354], [121.492819, 25.136408], [121.493853, 25.135948], [121.495056, 25.136257], [121.495297, 25.136099], [121.495907, 25.135899], [121.495923, 25.135806], [121.495998, 25.135832], [121.496068, 25.135724], [121.495835, 25.135591], [121.496262, 25.135109], [121.496588, 25.135563], [121.49632, 25.135847], [121.496112, 25.135495], [121.496028, 25.135526], [121.496294, 25.135538], [121.496336, 25.13562], [121.496172, 25.135937], [121.49513, 25.136415], [121.495393, 25.136009], [121.495615, 25.135899], [121.495722, 25.135729], [121.495812, 25.135761], [121.495758, 25.135817], [121.495402, 25.134819], [121.495528, 25.134712], [121.495477, 25.134585], [121.495588, 25.134634], [121.495693, 25.13458], [121.495741, 25.134441], [121.495609, 25.134355], [121.49553, 25.13453], [121.49517, 25.134792], [121.495087, 25.134767], [121.49515, 25.134362], [121.495188, 25.134262], [121.495459, 25.134151], [121.495506, 25.134034], [121.495821, 25.134466], [121.494388, 25.134749], [121.494423, 25.134913], [121.493024, 25.133271], [121.493273, 25.133117], [121.493408, 25.132834], [121.493327, 25.132503], [121.492433, 25.132923], [121.490285, 25.134866], [121.490118, 25.135158], [121.491558, 25.136088], [121.493227, 25.137668], [121.493346, 25.137628], [121.492879, 25.138105], [121.492344, 25.138244], [121.491548, 25.138598], [121.494511, 25.137441], [121.494627, 25.137604], [121.494418, 25.137688], [121.49466, 25.137381], [121.495329, 25.137052], [121.495492, 25.137305], [121.494821, 25.137594], [121.494907, 25.137777], [121.495446, 25.137519], [121.495637, 25.137574], [121.495679, 25.137647], [121.495576, 25.137759], [121.495123, 25.137996], [121.495346, 25.138123], [121.496319, 25.137663], [121.496678, 25.13709], [121.497205, 25.137137], [121.497534, 25.137405], [121.49728, 25.137599], [121.497334, 25.137789], [121.497536, 25.13772], [121.497601, 25.137842], [121.497693, 25.137811], [121.497387, 25.137913], [121.497442, 25.138091], [121.497659, 25.138019], [121.497731, 25.138329], [121.498295, 25.138161], [121.498345, 25.138268], [121.498508, 25.138259], [121.498467, 25.138391], [121.498727, 25.138354], [121.498786, 25.138482], [121.498519, 25.13857], [121.498576, 25.138684], [121.498828, 25.13865], [121.498882, 25.138777], [121.498625, 25.138864], [121.498673, 25.139028], [121.498298, 25.139131], [121.498255, 25.138981], [121.49834, 25.138962], [121.498554, 25.13919], [121.498832, 25.139144], [121.498796, 25.13928], [121.498881, 25.139284], [121.498916, 25.139536], [121.499009, 25.139525], [121.49898, 25.139439], [121.498741, 25.139652], [121.498566, 25.139685], [121.498476, 25.139596], [121.498497, 25.139412], [121.498417, 25.139418], [121.498371, 25.139299], [121.498438, 25.139262], [121.498113, 25.139357], [121.498133, 25.139414], [121.497846, 25.138574], [121.498201, 25.138486], [121.498135, 25.138342], [121.498221, 25.138325], [121.498032, 25.138369], [121.497925, 25.13808], [121.498063, 25.138035], [121.497963, 25.137681], [121.497794, 25.137516], [121.497814, 25.137214], [121.497241, 25.137032], [121.49711, 25.137383], [121.497063, 25.136566], [121.497174, 25.136472], [121.497433, 25.136663], [121.497074, 25.1364], [121.497066, 25.13623], [121.498185, 25.137577], [121.49878, 25.139006], [121.49819, 25.139565], [121.498478, 25.1404], [121.498211, 25.140587], [121.498986, 25.140461], [121.49879, 25.140259], [121.498731, 25.140305], [121.498758, 25.140172], [121.498914, 25.140093], [121.49885, 25.139955], [121.498604, 25.139996], [121.498555, 25.139861], [121.498792, 25.139802], [121.498686, 25.140176]]}}, {"type": "Feature", "properties": {"district": "63000120", "segment": 6, "total_segments": 36, "km": 12.15, "villages": ["中庸里", "長安里"]}, "geometry": {"type": "LineString", "coordinates": [[121.499263, 25.140133], [121.499204, 25.139243], [121.499222, 25.139182], [121.499344, 25.139205], [121.499314, 25.138902], [121.499384, 25.138825], [121.500319, 25.139417], [121.500383, 25.139284], [121.499332, 25.138585], [121.499263, 25.138135], [121.499146, 25.138117], [121.499108, 25.137806], [121.499105, 25.137572], [121.499216, 25.137495], [121.499219, 25.13715], [121.49951, 25.137175], [121.499423, 25.137533], [121.499567, 25.137776], [121.499246, 25.137793], [121.49926, 25.137994], [121.500031, 25.138003], [121.500029, 25.138122], [121.499472, 25.138124], [121.499463, 25.138397], [121.50005, 25.138396], [121.500056, 25.138518], [121.499587, 25.138519], [121.49918, 25.138694], [121.499196, 25.139013], [121.500206, 25.139583], [121.500521, 25.139533], [121.500469, 25.139713], [121.500579, 25.139731], [121.500374, 25.13994], [121.500344, 25.139819], [121.500644, 25.140002], [121.499517, 25.141082], [121.499441, 25.140512], [121.499312, 25.140507], [121.499278, 25.140182], [121.499471, 25.140272], [121.499444, 25.139988], [121.49953, 25.139976], [121.499651, 25.139761], [121.499642, 25.139614], [121.500161, 25.140129], [121.499781, 25.140573], [121.499322, 25.140618], [121.499375, 25.141091], [121.499285, 25.14138], [121.499307, 25.140565], [121.50073, 25.139674], [121.500766, 25.139538], [121.500501, 25.139352], [121.500696, 25.139081], [121.500761, 25.139155], [121.500816, 25.139106], [121.500708, 25.139203], [121.500983, 25.139043], [121.500689, 25.138741], [121.500699, 25.138658], [121.500253, 25.138583], [121.500203, 25.138439], [121.500204, 25.138166], [121.500753, 25.138126], [121.500553, 25.13787], [121.500558, 25.137685], [121.500758, 25.137689], [121.500704, 25.137555], [121.500379, 25.137542], [121.500342, 25.137682], [121.500276, 25.137681], [121.500486, 25.137684], [121.500182, 25.137886], [121.500182, 25.137966], [121.500361, 25.138011], [121.499994, 25.137838], [121.499796, 25.137559], [121.499237, 25.137663], [121.499241, 25.137729], [121.498872, 25.137504], [121.499012, 25.13734], [121.498869, 25.137329], [121.498823, 25.137141], [121.498485, 25.137107], [121.498568, 25.137395], [121.499142, 25.138331], [121.500064, 25.138715], [121.500065, 25.138774], [121.500514, 25.138823], [121.500439, 25.138952], [121.500218, 25.13894], [121.500354, 25.138434], [121.500935, 25.138461], [121.500959, 25.138646], [121.50112, 25.138672], [121.501463, 25.139135], [121.501361, 25.139275], [121.501281, 25.139205], [121.501319, 25.139343], [121.500971, 25.139638], [121.501085, 25.138929], [121.500968, 25.138847], [121.501253, 25.138569], [121.501398, 25.138564], [121.501204, 25.13849], [121.501474, 25.13839], [121.500915, 25.138265], [121.500937, 25.138169], [121.500801, 25.138026], [121.500948, 25.138005], [121.500924, 25.13724], [121.500395, 25.137218], [121.500175, 25.137311], [121.501266, 25.137449], [121.501634, 25.139038], [121.5009, 25.136774], [121.500794, 25.136461], [121.500485, 25.136336], [121.500331, 25.136437], [121.499689, 25.136438], [121.499683, 25.136245], [121.50031, 25.136245], [121.500094, 25.136058], [121.499961, 25.135705], [121.499489, 25.135769], [121.499359, 25.135705], [121.499366, 25.135477], [121.499475, 25.135502], [121.499705, 25.135376], [121.499826, 25.135631], [121.499926, 25.135612], [121.499857, 25.135943], [121.499696, 25.13596], [121.499707, 25.136021], [121.499587, 25.136028], [121.499578, 25.135944], [121.499434, 25.135968], [121.499395, 25.136036], [121.499457, 25.136089], [121.499315, 25.136403], [121.499692, 25.136466], [121.499687, 25.136648], [121.499882, 25.136652], [121.499878, 25.136714], [121.499306, 25.136681], [121.500481, 25.13666], [121.500517, 25.136737], [121.499958, 25.13672], [121.500036, 25.13643], [121.499952, 25.136347], [121.499925, 25.136012], [121.499754, 25.136024], [121.499449, 25.136247], [121.499094, 25.135995], [121.499074, 25.135835], [121.498955, 25.135852], [121.498827, 25.135434], [121.498069, 25.135781], [121.498104, 25.135916], [121.498, 25.135981], [121.498029, 25.136054], [121.497861, 25.13609], [121.497764, 25.135904], [121.497899, 25.135851], [121.498553, 25.136118], [121.498594, 25.136315], [121.498106, 25.136323], [121.498016, 25.136264], [121.498111, 25.136117], [121.498187, 25.136129], [121.49827, 25.136164], [121.498347, 25.136397], [121.498516, 25.136385], [121.498623, 25.13658], [121.499012, 25.136577], [121.499006, 25.136516], [121.499019, 25.136669], [121.499139, 25.136645], [121.499125, 25.136289], [121.498977, 25.136296], [121.499103, 25.136136], [121.49902, 25.13551], [121.499131, 25.13538], [121.499205, 25.135436], [121.499583, 25.135194], [121.499746, 25.13517], [121.499798, 25.135282], [121.499696, 25.135077], [121.500028, 25.13485], [121.499859, 25.134684], [121.498917, 25.135314], [121.49925, 25.135333], [121.499489, 25.135654], [121.499145, 25.13673], [121.498293, 25.136734], [121.4978, 25.136484], [121.497471, 25.136173], [121.497447, 25.136048], [121.498266, 25.136421], [121.500573, 25.136731], [121.500647, 25.136699], [121.500641, 25.136572], [121.500652, 25.136771], [121.501382, 25.136339], [121.501027, 25.136016], [121.501895, 25.135538], [121.501963, 25.135431], [121.502276, 25.135527], [121.502316, 25.135448], [121.502465, 25.135426], [121.502414, 25.135555], [121.502181, 25.135575], [121.502208, 25.13525], [121.501838, 25.135409], [121.501821, 25.135105], [121.501707, 25.135094], [121.501753, 25.13505], [121.501421, 25.135077], [121.501607, 25.135011], [121.501449, 25.13484], [121.501337, 25.134843], [121.501379, 25.13499], [121.501303, 25.134994], [121.501365, 25.135032], [121.501422, 25.134989], [121.501213, 25.135063], [121.501149, 25.134958], [121.501136, 25.134752], [121.501226, 25.134621], [121.501096, 25.134361], [121.50126, 25.134301], [121.501631, 25.133922], [121.501798, 25.13414], [121.502054, 25.1341], [121.50219, 25.133991], [121.501925, 25.133644], [121.501885, 25.133745], [121.501515, 25.133559], [121.501138, 25.13382], [121.501255, 25.133834], [121.501022, 25.13389], [121.499977, 25.1346], [121.500683, 25.134994], [121.500667, 25.135045], [121.500806, 25.135045], [121.500905, 25.135037], [121.500764, 25.134997], [121.50147, 25.134739], [121.501503, 25.134629], [121.501583, 25.134842], [121.502298, 25.134529], [121.502412, 25.134964], [121.502605, 25.134918], [121.502718, 25.135137], [121.502866, 25.135026], [121.503021, 25.135166], [121.503003, 25.13501], [121.502843, 25.134988], [121.502746, 25.13474], [121.502555, 25.134762], [121.502369, 25.133952], [121.502789, 25.133847], [121.503161, 25.133875], [121.503225, 25.133996], [121.503152, 25.134111], [121.503074, 25.134026], [121.502989, 25.134187], [121.503074, 25.134236], [121.503076, 25.134382], [121.503362, 25.134303], [121.503607, 25.134075], [121.503336, 25.133898], [121.502883, 25.134121], [121.502781, 25.134094], [121.502787, 25.133981], [121.502703, 25.13413], [121.50259, 25.134128], [121.502715, 25.134194], [121.502657, 25.134335], [121.502978, 25.134371], [121.502831, 25.134498], [121.502786, 25.134217], [121.502573, 25.134824], [121.502671, 25.13538], [121.502885, 25.135669], [121.502734, 25.135781], [121.502823, 25.136032], [121.503225, 25.135614], [121.502914, 25.135321], [121.503344, 25.135707], [121.503475, 25.135657], [121.503454, 25.135764], [121.50422, 25.13624], [121.504526, 25.136241], [121.504513, 25.136144], [121.504598, 25.136236], [121.504725, 25.136218], [121.504717, 25.136114], [121.505126, 25.136118], [121.505103, 25.135832], [121.504776, 25.135785], [121.50487, 25.135634], [121.504698, 25.13559], [121.504831, 25.135497], [121.50466, 25.135169], [121.504378, 25.135002], [121.504263, 25.135199], [121.504284, 25.135314], [121.504099, 25.135366], [121.503946, 25.135561], [121.504048, 25.135903], [121.504667, 25.13582], [121.504682, 25.135682], [121.504481, 25.13568], [121.504388, 25.135587], [121.504333, 25.135696], [121.504214, 25.135704], [121.504272, 25.135487], [121.504555, 25.135412], [121.504978, 25.135645], [121.50525, 25.13568], [121.504973, 25.135752], [121.505444, 25.136], [121.505768, 25.135792], [121.505988, 25.135872], [121.506302, 25.135774], [121.506271, 25.136355], [121.504419, 25.135942], [121.503901, 25.13628], [121.503517, 25.136101], [121.503453, 25.136187], [121.503605, 25.13635], [121.503428, 25.136003], [121.503323, 25.135967], [121.504158, 25.134831]]}}, {"type": "Feature", "properties": {"district": "63000120", "segment": 7, "total_segments": 36, "km": 14.96, "villages": ["溫泉里", "中心里"]}, "geometry": {"type": "LineString", "coordinates": [[121.504324, 25.134465], [121.504208, 25.134081], [121.50507, 25.13385], [121.5049, 25.133711], [121.504727, 25.133757], [121.504573, 25.13299], [121.504516, 25.133021], [121.504586, 25.13321], [121.504302, 25.133301], [121.50429, 25.133455], [121.504357, 25.133662], [121.504536, 25.133598], [121.504477, 25.133407], [121.504593, 25.133771], [121.503819, 25.134015], [121.50387, 25.134153], [121.504128, 25.1341], [121.50381, 25.133517], [121.50387, 25.133502], [121.503852, 25.133361], [121.504063, 25.133311], [121.504134, 25.133637], [121.503624, 25.13351], [121.503587, 25.13342], [121.503359, 25.133415], [121.503253, 25.13327], [121.503157, 25.133309], [121.503428, 25.133721], [121.503531, 25.133681], [121.503455, 25.133577], [121.503591, 25.133772], [121.503407, 25.133843], [121.502997, 25.133739], [121.502298, 25.133839], [121.502118, 25.133609], [121.502895, 25.133237], [121.503844, 25.132611], [121.503993, 25.132835], [121.50404, 25.133154], [121.503673, 25.133196], [121.503656, 25.133294], [121.503499, 25.133197], [121.504208, 25.132913], [121.504189, 25.132861], [121.504283, 25.133097], [121.504354, 25.133094], [121.50445, 25.132918], [121.504238, 25.132423], [121.504483, 25.132305], [121.504655, 25.132861], [121.504852, 25.132942], [121.504926, 25.133163], [121.50504, 25.133241], [121.504798, 25.133351], [121.505177, 25.133555], [121.505317, 25.133397], [121.505381, 25.133466], [121.505519, 25.133286], [121.505634, 25.133395], [121.505465, 25.133608], [121.505784, 25.133878], [121.505739, 25.134014], [121.505872, 25.134167], [121.505595, 25.134371], [121.505509, 25.134326], [121.505278, 25.134554], [121.505199, 25.134438], [121.505204, 25.134268], [121.505652, 25.134453], [121.505844, 25.134354], [121.505983, 25.134605], [121.505011, 25.13494], [121.504939, 25.134826], [121.504877, 25.13485], [121.504909, 25.13497], [121.504748, 25.135034], [121.504601, 25.1349], [121.504844, 25.135144], [121.504889, 25.135291], [121.505022, 25.135419], [121.505477, 25.135355], [121.505487, 25.135211], [121.505274, 25.135222], [121.505247, 25.135044], [121.505598, 25.135003], [121.506175, 25.134771], [121.506251, 25.134896], [121.506753, 25.134901], [121.506756, 25.135076], [121.506179, 25.135073], [121.506222, 25.135258], [121.506631, 25.135264], [121.506686, 25.135343], [121.506751, 25.135206], [121.506619, 25.135483], [121.50656, 25.135463], [121.506952, 25.135667], [121.506962, 25.136], [121.507624, 25.136073], [121.50764, 25.135955], [121.507466, 25.135965], [121.507821, 25.136035], [121.507777, 25.135964], [121.507871, 25.135725], [121.50817, 25.136437], [121.508296, 25.136455], [121.50819, 25.136282], [121.50797, 25.136457], [121.507766, 25.136293], [121.507414, 25.135574], [121.506424, 25.135635], [121.506316, 25.135438], [121.505638, 25.135538], [121.50614, 25.135579], [121.506331, 25.134715], [121.506776, 25.134717], [121.506717, 25.134574], [121.506613, 25.13457], [121.506725, 25.134452], [121.506846, 25.134488], [121.507123, 25.134383], [121.507174, 25.134143], [121.50724, 25.134163], [121.507289, 25.134029], [121.507098, 25.134002], [121.507098, 25.134108], [121.507189, 25.133861], [121.507286, 25.133888], [121.507402, 25.133726], [121.5073, 25.133509], [121.507347, 25.133448], [121.507218, 25.133419], [121.507258, 25.133286], [121.507199, 25.133335], [121.507136, 25.133169], [121.507364, 25.132953], [121.507297, 25.132858], [121.507484, 25.132809], [121.507463, 25.132712], [121.507191, 25.132766], [121.507132, 25.132705], [121.506964, 25.13283], [121.507033, 25.132953], [121.506578, 25.133194], [121.506617, 25.133305], [121.50635, 25.133414], [121.506208, 25.133664], [121.506193, 25.134202], [121.506087, 25.134177], [121.506094, 25.134026], [121.505947, 25.133948], [121.506219, 25.133349], [121.506045, 25.133395], [121.505719, 25.133111], [121.505839, 25.132998], [121.505978, 25.133118], [121.506112, 25.133054], [121.50603, 25.132977], [121.506368, 25.132861], [121.506478, 25.132958], [121.506234, 25.133149], [121.50656, 25.133467], [121.506801, 25.133431], [121.506802, 25.133314], [121.506935, 25.133285], [121.506988, 25.13338], [121.506981, 25.133652], [121.506756, 25.133721], [121.506805, 25.133602], [121.506587, 25.133605], [121.506599, 25.133815], [121.506424, 25.133839], [121.506422, 25.133531], [121.506446, 25.134219], [121.506674, 25.134274], [121.506658, 25.133985], [121.506836, 25.133989], [121.507231, 25.133521], [121.50776, 25.133638], [121.507542, 25.133957], [121.507863, 25.133949], [121.507958, 25.133791], [121.508038, 25.133383], [121.507555, 25.133007], [121.507533, 25.132702], [121.507321, 25.132392], [121.507029, 25.132429], [121.506885, 25.132276], [121.506661, 25.131799], [121.506766, 25.131697], [121.507154, 25.132238], [121.506785, 25.132463], [121.50665, 25.132452], [121.506228, 25.132759], [121.506666, 25.13296], [121.505688, 25.132895], [121.50551, 25.133121], [121.505279, 25.133023], [121.505197, 25.13317], [121.505257, 25.133284], [121.505034, 25.132943], [121.505338, 25.13295], [121.50547, 25.132789], [121.505328, 25.13267], [121.505157, 25.132773], [121.505051, 25.132688], [121.505012, 25.132768], [121.504871, 25.132665], [121.504797, 25.132693], [121.504863, 25.13251], [121.505149, 25.132573], [121.504849, 25.132371], [121.5047, 25.132424], [121.504507, 25.13209], [121.504291, 25.132215], [121.504124, 25.132078], [121.504224, 25.131913], [121.503993, 25.132286], [121.503982, 25.132362], [121.504097, 25.13235], [121.504072, 25.132504], [121.50303, 25.133502], [121.502565, 25.133536], [121.502492, 25.133617], [121.505028, 25.135102], [121.507278, 25.134628], [121.509368, 25.136784], [121.509598, 25.136585], [121.510118, 25.136572], [121.51023, 25.136511], [121.510274, 25.136358], [121.510117, 25.136379], [121.510147, 25.136438], [121.509739, 25.136374], [121.50989, 25.136431], [121.51059, 25.13628], [121.510536, 25.138641], [121.509406, 25.140678], [121.509241, 25.140661], [121.509244, 25.140566], [121.50912, 25.140846], [121.509039, 25.140842], [121.509058, 25.140981], [121.509142, 25.140989], [121.509222, 25.140909], [121.509529, 25.140877], [121.509729, 25.141389], [121.510059, 25.141172], [121.509338, 25.141273], [121.509263, 25.141175], [121.509238, 25.141404], [121.508162, 25.141275], [121.507536, 25.141353], [121.50766, 25.140979], [121.507805, 25.141086], [121.507626, 25.140525], [121.507617, 25.140155], [121.507291, 25.140095], [121.507303, 25.140029], [121.507188, 25.14002], [121.507184, 25.140087], [121.50706, 25.14], [121.507052, 25.140063], [121.506957, 25.140048], [121.50698, 25.139988], [121.506806, 25.139939], [121.506813, 25.139868], [121.506674, 25.139856], [121.506651, 25.140034], [121.506798, 25.140017], [121.506622, 25.140126], [121.506424, 25.140486], [121.506217, 25.140457], [121.50619, 25.140539], [121.506004, 25.140362], [121.505959, 25.140434], [121.505871, 25.140394], [121.505977, 25.140221], [121.505884, 25.140186], [121.505938, 25.140075], [121.506306, 25.140212], [121.506271, 25.140324], [121.506072, 25.14025], [121.505276, 25.140395], [121.505086, 25.140242], [121.504923, 25.140244], [121.504569, 25.139958], [121.504697, 25.139319], [121.505018, 25.13937], [121.505169, 25.139329], [121.505319, 25.139154], [121.5054, 25.139208], [121.505237, 25.139404], [121.505457, 25.139449], [121.505899, 25.139156], [121.506079, 25.139325], [121.506154, 25.139241], [121.50626, 25.139334], [121.506186, 25.139409], [121.506329, 25.139426], [121.506316, 25.139529], [121.506666, 25.13977], [121.506888, 25.139357], [121.506766, 25.139313], [121.507693, 25.139549], [121.508109, 25.139854], [121.508107, 25.140029], [121.508388, 25.140037], [121.508376, 25.140122], [121.508441, 25.139779], [121.508198, 25.13969], [121.507611, 25.139827], [121.50763, 25.140068], [121.507497, 25.140054], [121.507229, 25.139855], [121.507246, 25.139762], [121.507165, 25.140292], [121.507293, 25.140311], [121.507319, 25.140439], [121.507087, 25.140285], [121.50683, 25.140316], [121.506778, 25.140432], [121.506995, 25.140518], [121.506705, 25.140943], [121.506905, 25.141294], [121.507042, 25.141278], [121.507041, 25.14086], [121.507106, 25.141487], [121.50664, 25.141531], [121.506079, 25.140659], [121.505952, 25.140704], [121.506012, 25.140775], [121.505742, 25.140791], [121.505778, 25.140858], [121.505636, 25.140724], [121.505584, 25.140531], [121.505488, 25.140544], [121.505555, 25.140777], [121.505392, 25.140771], [121.505333, 25.140592], [121.505453, 25.140893], [121.505662, 25.141119], [121.505786, 25.141077], [121.505902, 25.141268], [121.505994, 25.141085], [121.505939, 25.140983], [121.506023, 25.140939], [121.506245, 25.141302], [121.505858, 25.141038], [121.505703, 25.140536], [121.505815, 25.140548], [121.505765, 25.140367], [121.506218, 25.138974], [121.506032, 25.138862], [121.505811, 25.138943], [121.505716, 25.138826], [121.505384, 25.13869], [121.504916, 25.138864], [121.5049, 25.138774], [121.504592, 25.138523], [121.504112, 25.138493], [121.504006, 25.138422], [121.503981, 25.137828], [121.504092, 25.137642], [121.504036, 25.137575], [121.504343, 25.137092], [121.504746, 25.136999], [121.50486, 25.13704], [121.504905, 25.137348], [121.504946, 25.137413], [121.505046, 25.137374], [121.504977, 25.137269], [121.505115, 25.137505], [121.505009, 25.137523], [121.505176, 25.13703], [121.504145, 25.136559], [121.504109, 25.13647], [121.503478, 25.136618], [121.503445, 25.137562], [121.503313, 25.137666], [121.503409, 25.137806], [121.503097, 25.137847], [121.502923, 25.138011], [121.502942, 25.138144], [121.503084, 25.138228], [121.502982, 25.138305], [121.503011, 25.138409], [121.503146, 25.138336], [121.503179, 25.138223], [121.502921, 25.138464], [121.502745, 25.138308], [121.502729, 25.138239], [121.502837, 25.138183], [121.50279, 25.138137], [121.5027, 25.138204], [121.502571, 25.138139], [121.503028, 25.137636], [121.502804, 25.13751], [121.502234, 25.137288], [121.502072, 25.137454], [121.501899, 25.137387], [121.501798, 25.137673], [121.501652, 25.137631], [121.501622, 25.137774], [121.502014, 25.137926], [121.502322, 25.138151], [121.502436, 25.138058], [121.502257, 25.137912], [121.502424, 25.137867], [121.50255, 25.137664], [121.502399, 25.137614], [121.502348, 25.137703], [121.50241, 25.137736], [121.502203, 25.137515], [121.502022, 25.137761], [121.502102, 25.137812], [121.501851, 25.137693], [121.501539, 25.137753], [121.501546, 25.137908], [121.501658, 25.138037], [121.501795, 25.138039], [121.502065, 25.138301], [121.501931, 25.138353], [121.501788, 25.138207], [121.501648, 25.138235], [121.502063, 25.138625], [121.502004, 25.138678], [121.502423, 25.13828], [121.50264, 25.138332], [121.502943, 25.138607], [121.502399, 25.13901], [121.503455, 25.13933], [121.504212, 25.139103], [121.50421, 25.139017], [121.504318, 25.139018], [121.50432, 25.139105], [121.504419, 25.138975], [121.505027, 25.138985], [121.505205, 25.139059], [121.505079, 25.139208], [121.504544, 25.139136], [121.504585, 25.13886], [121.50445, 25.138862], [121.504452, 25.138622], [121.504587, 25.13864], [121.504735, 25.138858], [121.504718, 25.138355], [121.504366, 25.138042], [121.503747, 25.138033]]}}, {"type": "Feature", "properties": {"district": "63000120", "segment": 8, "total_segments": 36, "km": 14.99, "villages": ["中心里", "開明里"]}, "geometry": {"type": "LineString", "coordinates": [[121.503706, 25.137585], [121.505196, 25.138287], [121.502124, 25.136649], [121.507141, 25.141495], [121.507473, 25.141646], [121.508578, 25.140947], [121.508797, 25.140724], [121.508712, 25.140353], [121.509007, 25.140336], [121.510991, 25.14134], [121.510985, 25.141409], [121.511043, 25.141338], [121.511324, 25.141319], [121.511287, 25.141442], [121.510969, 25.141467], [121.511485, 25.141766], [121.511875, 25.141809], [121.512141, 25.142262], [121.512581, 25.142367], [121.516169, 25.14221], [121.516731, 25.142592], [121.518607, 25.143369], [121.518452, 25.143836], [121.516754, 25.143389], [121.521005, 25.144286], [121.520985, 25.143979], [121.520838, 25.143904], [121.52107, 25.143711], [121.507584, 25.144896], [121.507221, 25.144733], [121.507099, 25.144789], [121.50681, 25.144576], [121.506526, 25.144324], [121.506368, 25.143969], [121.506207, 25.143846], [121.506114, 25.143981], [121.505906, 25.143895], [121.506018, 25.144195], [121.505832, 25.144335], [121.505579, 25.144313], [121.505594, 25.144136], [121.505342, 25.144154], [121.505348, 25.144278], [121.505698, 25.144477], [121.505986, 25.144883], [121.506666, 25.145151], [121.506325, 25.145599], [121.505986, 25.145387], [121.50573, 25.145546], [121.505543, 25.145998], [121.504887, 25.145538], [121.503842, 25.145181], [121.503774, 25.144767], [121.503487, 25.144922], [121.503608, 25.145128], [121.503383, 25.144724], [121.503456, 25.144698], [121.503393, 25.144526], [121.503307, 25.144576], [121.503235, 25.144476], [121.503314, 25.144436], [121.503168, 25.144412], [121.503138, 25.144279], [121.503617, 25.144185], [121.503707, 25.144244], [121.503666, 25.14428], [121.503831, 25.144013], [121.504014, 25.14396], [121.504002, 25.14389], [121.504368, 25.143862], [121.504582, 25.143677], [121.504441, 25.143595], [121.503952, 25.143612], [121.503929, 25.143789], [121.504028, 25.144079], [121.504167, 25.144168], [121.504402, 25.144118], [121.504705, 25.143771], [121.505146, 25.14362], [121.505298, 25.143739], [121.505139, 25.143897], [121.505004, 25.143913], [121.505431, 25.14399], [121.505629, 25.143517], [121.505122, 25.143399], [121.505019, 25.143246], [121.504534, 25.143397], [121.504331, 25.142863], [121.504408, 25.142835], [121.504265, 25.14298], [121.504001, 25.142415], [121.503823, 25.142387], [121.50395, 25.142275], [121.503971, 25.142089], [121.504184, 25.142151], [121.504138, 25.142053], [121.503708, 25.142216], [121.503461, 25.142221], [121.503397, 25.142348], [121.503548, 25.142479], [121.503296, 25.142612], [121.503322, 25.142749], [121.503261, 25.142765], [121.503402, 25.14273], [121.503478, 25.142929], [121.503233, 25.143083], [121.503317, 25.143209], [121.503557, 25.143124], [121.503883, 25.143369], [121.504021, 25.143188], [121.504202, 25.143348], [121.50361, 25.14375], [121.503562, 25.143969], [121.504045, 25.144624], [121.504104, 25.144501], [121.504787, 25.144563], [121.504858, 25.143039], [121.504928, 25.143014], [121.504689, 25.142946], [121.504849, 25.142787], [121.504703, 25.142594], [121.504712, 25.142397], [121.504433, 25.142529], [121.504342, 25.142308], [121.503718, 25.142671], [121.503658, 25.142786], [121.503737, 25.143015], [121.503258, 25.142256], [121.503197, 25.142064], [121.503361, 25.142047], [121.503331, 25.141908], [121.50293, 25.141892], [121.503095, 25.141761], [121.503122, 25.14161], [121.503277, 25.141525], [121.503372, 25.141262], [121.503595, 25.141358], [121.503666, 25.141515], [121.50365, 25.141587], [121.503455, 25.141536], [121.503324, 25.14162], [121.503324, 25.141714], [121.503547, 25.141768], [121.503556, 25.141974], [121.503497, 25.141975], [121.503648, 25.141972], [121.503815, 25.141784], [121.503918, 25.141778], [121.503883, 25.141602], [121.503821, 25.141613], [121.504021, 25.141585], [121.504299, 25.141335], [121.504619, 25.141329], [121.504809, 25.141236], [121.504735, 25.141015], [121.504381, 25.141121], [121.504497, 25.141525], [121.504233, 25.141587], [121.504532, 25.141753], [121.504941, 25.141639], [121.504926, 25.14145], [121.504685, 25.141482], [121.505147, 25.141456], [121.505142, 25.141159], [121.505063, 25.141028], [121.50486, 25.140956], [121.505387, 25.14156], [121.505414, 25.141743], [121.505331, 25.141757], [121.505389, 25.141899], [121.505549, 25.141859], [121.505625, 25.142035], [121.505756, 25.142014], [121.505735, 25.14219], [121.505508, 25.142433], [121.505399, 25.142359], [121.505192, 25.14247], [121.505003, 25.142452], [121.504878, 25.142327], [121.504813, 25.142094], [121.505018, 25.142044], [121.50492, 25.141899], [121.505124, 25.14181], [121.505227, 25.141958], [121.505269, 25.142198], [121.505216, 25.142215], [121.505559, 25.142059], [121.505872, 25.141762], [121.506031, 25.141898], [121.506088, 25.141843], [121.506169, 25.142263], [121.506694, 25.142449], [121.506619, 25.142277], [121.506557, 25.142177], [121.506406, 25.142146], [121.506232, 25.142594], [121.506485, 25.142675], [121.506405, 25.142815], [121.506719, 25.142892], [121.506787, 25.142695], [121.506319, 25.142794], [121.505643, 25.142617], [121.505418, 25.142639], [121.505333, 25.142731], [121.505881, 25.142978], [121.506692, 25.143165], [121.506632, 25.143353], [121.506414, 25.143356], [121.506267, 25.143498], [121.505488, 25.143294], [121.505523, 25.143112], [121.506146, 25.143308], [121.506372, 25.143689], [121.506511, 25.143735], [121.505328, 25.143018], [121.505878, 25.142441], [121.505938, 25.142464], [121.505792, 25.141697], [121.505845, 25.14162], [121.505736, 25.141544], [121.504317, 25.14205], [121.504499, 25.142194], [121.504673, 25.142136], [121.503786, 25.141425], [121.503817, 25.141354], [121.503569, 25.141014], [121.503137, 25.14083], [121.503171, 25.140979], [121.50301, 25.14106], [121.502966, 25.141007], [121.503125, 25.141222], [121.503032, 25.141254], [121.503095, 25.141376], [121.503441, 25.140821], [121.503668, 25.140923], [121.503204, 25.140684], [121.503304, 25.140554], [121.503135, 25.140502], [121.502698, 25.140386], [121.502692, 25.140558], [121.502829, 25.140642], [121.502281, 25.140765], [121.501814, 25.140695], [121.501986, 25.14087], [121.502219, 25.140827], [121.502303, 25.140918], [121.502493, 25.140925], [121.502699, 25.140863], [121.502712, 25.141135], [121.502441, 25.141264], [121.502371, 25.141082], [121.502337, 25.141472], [121.501198, 25.141767], [121.501129, 25.141678], [121.501467, 25.141487], [121.501412, 25.14132], [121.500953, 25.141459], [121.501047, 25.141578], [121.500858, 25.141847], [121.500749, 25.141905], [121.500635, 25.141783], [121.500536, 25.141831], [121.500419, 25.1419], [121.500477, 25.142032], [121.500349, 25.1421], [121.500242, 25.142146], [121.500031, 25.141954], [121.499891, 25.141806], [121.500154, 25.141753], [121.500086, 25.141807], [121.500221, 25.141631], [121.500197, 25.141719], [121.500532, 25.141672], [121.500363, 25.141282], [121.500432, 25.141196], [121.500528, 25.141282], [121.500706, 25.14112], [121.500883, 25.141239], [121.500908, 25.141365], [121.500691, 25.141315], [121.500596, 25.141389], [121.500707, 25.141554], [121.500746, 25.14152], [121.500389, 25.141612], [121.499867, 25.141046], [121.500953, 25.139904], [121.501669, 25.140083], [121.501717, 25.140197], [121.501618, 25.140626], [121.501762, 25.140928], [121.501068, 25.141219], [121.500854, 25.140937], [121.500443, 25.14063], [121.500643, 25.140488], [121.500974, 25.14088], [121.501177, 25.140731], [121.501151, 25.140679], [121.501415, 25.140554], [121.50144, 25.140606], [121.501042, 25.140731], [121.500915, 25.140582], [121.501212, 25.140438], [121.501159, 25.140377], [121.501521, 25.140261], [121.501498, 25.140357], [121.501108, 25.140405], [121.500806, 25.140543], [121.500708, 25.140447], [121.501104, 25.140066], [121.501253, 25.139619], [121.501729, 25.139155], [121.501841, 25.139179], [121.501847, 25.139094], [121.502265, 25.139506], [121.502611, 25.140049], [121.502559, 25.140161], [121.501352, 25.139831], [121.501753, 25.13957], [121.50215, 25.139855], [121.502172, 25.139766], [121.501799, 25.139427], [121.501702, 25.13949], [121.501946, 25.140162], [121.502448, 25.14033], [121.502521, 25.140476], [121.501923, 25.1405], [121.501951, 25.14043], [121.502225, 25.140457], [121.501806, 25.14031], [121.501736, 25.140565], [121.50147, 25.140522], [121.501423, 25.14079], [121.501519, 25.140923], [121.501417, 25.140928], [121.501347, 25.140824], [121.501129, 25.140962], [121.501161, 25.141009], [121.501248, 25.140996], [121.501609, 25.141267], [121.501937, 25.141042], [121.502004, 25.141173]]}}, {"type": "Feature", "properties": {"district": "63000120", "segment": 9, "total_segments": 36, "km": 12.06, "villages": ["開明里", "中和里"]}, "geometry": {"type": "LineString", "coordinates": [[121.502184, 25.140983], [121.501666, 25.141426], [121.501822, 25.141808], [121.501241, 25.142089], [121.501089, 25.142064], [121.501121, 25.141888], [121.500802, 25.141999], [121.500627, 25.141966], [121.500536, 25.142014], [121.50057, 25.142298], [121.500666, 25.142515], [121.500802, 25.142547], [121.500801, 25.142614], [121.500928, 25.142349], [121.501018, 25.142446], [121.501247, 25.14237], [121.50115, 25.142185], [121.500805, 25.142192], [121.501163, 25.142727], [121.501142, 25.14289], [121.501587, 25.142076], [121.502054, 25.141915], [121.5021, 25.141882], [121.502018, 25.141808], [121.502169, 25.141755], [121.502277, 25.141924], [121.502413, 25.141792], [121.502654, 25.141723], [121.500416, 25.140868], [121.50035, 25.140931], [121.50042, 25.140996], [121.500264, 25.141115], [121.500202, 25.141056], [121.500265, 25.14099], [121.500545, 25.141095], [121.499779, 25.141645], [121.499734, 25.141564], [121.499995, 25.141325], [121.499763, 25.14108], [121.499549, 25.141293], [121.499673, 25.141518], [121.501805, 25.143705], [121.50542, 25.147212], [121.505478, 25.14742], [121.505321, 25.147454], [121.505358, 25.147699], [121.505829, 25.147741], [121.50589, 25.147613], [121.505694, 25.147197], [121.506497, 25.146876], [121.50695, 25.146415], [121.506756, 25.146378], [121.506953, 25.14684], [121.507419, 25.146727], [121.507481, 25.145282], [121.503171, 25.145114], [121.502863, 25.144814], [121.503007, 25.144715], [121.502692, 25.144668], [121.502573, 25.144567], [121.502419, 25.144677], [121.502556, 25.144754], [121.502342, 25.144756], [121.502077, 25.14496], [121.502336, 25.145249], [121.502518, 25.145085], [121.50259, 25.145237], [121.50283, 25.145362], [121.502941, 25.14526], [121.502743, 25.144997], [121.502764, 25.144516], [121.502339, 25.144503], [121.502095, 25.144365], [121.501704, 25.144632], [121.501875, 25.144854], [121.501821, 25.144978], [121.502268, 25.144656], [121.501824, 25.144385], [121.501971, 25.144239], [121.501631, 25.143846], [121.501527, 25.143892], [121.501592, 25.144035], [121.501531, 25.14425], [121.501328, 25.144184], [121.501195, 25.14431], [121.501359, 25.144427], [121.501581, 25.144452], [121.501172, 25.144108], [121.500988, 25.144351], [121.500742, 25.14451], [121.500706, 25.144373], [121.500844, 25.144218], [121.500788, 25.143808], [121.501041, 25.143733], [121.500906, 25.143592], [121.500961, 25.143558], [121.500572, 25.143286], [121.500228, 25.14325], [121.499993, 25.143372], [121.499888, 25.143547], [121.499936, 25.143685], [121.499818, 25.143902], [121.499919, 25.144002], [121.500103, 25.143876], [121.500132, 25.143988], [121.500062, 25.144086], [121.500121, 25.144136], [121.500036, 25.144197], [121.500085, 25.144233], [121.500001, 25.14427], [121.500045, 25.144319], [121.499964, 25.144345], [121.499847, 25.144617], [121.499995, 25.144681], [121.500152, 25.144458], [121.500273, 25.144535], [121.500339, 25.144438], [121.500449, 25.144553], [121.500274, 25.144812], [121.500125, 25.144751], [121.500247, 25.144573], [121.50049, 25.144769], [121.500568, 25.144661], [121.500754, 25.14476], [121.500794, 25.144645], [121.501055, 25.1445], [121.500245, 25.14424], [121.500305, 25.143999], [121.500485, 25.143997], [121.500103, 25.143614], [121.499992, 25.143598], [121.500047, 25.143497], [121.500298, 25.143468], [121.500272, 25.143601], [121.50039, 25.143783], [121.500547, 25.143756], [121.500603, 25.143914], [121.500477, 25.143576], [121.500571, 25.14348], [121.500757, 25.143698], [121.501037, 25.143281], [121.500804, 25.143091], [121.500493, 25.142597], [121.500358, 25.142615], [121.500189, 25.142317], [121.500066, 25.142269], [121.499865, 25.142001], [121.49978, 25.142106], [121.4996, 25.142012], [121.499489, 25.142164], [121.49906, 25.142438], [121.498847, 25.142886], [121.4988, 25.143032], [121.498943, 25.143091], [121.498994, 25.142841], [121.499197, 25.142549], [121.499324, 25.142598], [121.499244, 25.142653], [121.49939, 25.142776], [121.499232, 25.143021], [121.499345, 25.143017], [121.499504, 25.142787], [121.499453, 25.142608], [121.499675, 25.142246], [121.499887, 25.142313], [121.499858, 25.142373], [121.500034, 25.142499], [121.500056, 25.142603], [121.499885, 25.142698], [121.499852, 25.142488], [121.499724, 25.142509], [121.499795, 25.142872], [121.499607, 25.142968], [121.499556, 25.143343], [121.499472, 25.143217], [121.499323, 25.143191], [121.499208, 25.143352], [121.49933, 25.143419], [121.499372, 25.143367], [121.499469, 25.143485], [121.49912, 25.143901], [121.498999, 25.143737], [121.499255, 25.143526], [121.499105, 25.143465], [121.498609, 25.143961], [121.498495, 25.143889], [121.49868, 25.143654], [121.49825, 25.143375], [121.4988, 25.142293], [121.498657, 25.142222], [121.498763, 25.142038], [121.498634, 25.142265], [121.498414, 25.142311], [121.498222, 25.142554], [121.498161, 25.14251], [121.497868, 25.142773], [121.497799, 25.14272], [121.498159, 25.142407], [121.49849, 25.142563], [121.498267, 25.142982], [121.497382, 25.143263], [121.497429, 25.143396], [121.497511, 25.143357], [121.497655, 25.143441], [121.497564, 25.143871], [121.496669, 25.14422], [121.496668, 25.144081], [121.497293, 25.143875], [121.497257, 25.143724], [121.496547, 25.143952], [121.496524, 25.143858], [121.497225, 25.14363], [121.497186, 25.143484], [121.496504, 25.143707], [121.496474, 25.143582], [121.496419, 25.1436], [121.497139, 25.143361], [121.497082, 25.143201], [121.496355, 25.143451], [121.49632, 25.143352], [121.497073, 25.14311], [121.497031, 25.142959], [121.496466, 25.143151], [121.496804, 25.142874], [121.497309, 25.142689], [121.497412, 25.142801], [121.497282, 25.142843], [121.497353, 25.142984], [121.497301, 25.143002], [121.497623, 25.142892], [121.497652, 25.143005], [121.497327, 25.143112], [121.497507, 25.142768], [121.497785, 25.142924], [121.49785, 25.143294], [121.497667, 25.143661], [121.497449, 25.143548], [121.497705, 25.143372], [121.498022, 25.143513], [121.497743, 25.144076], [121.497861, 25.144177], [121.498162, 25.143566], [121.498043, 25.14347], [121.498101, 25.143355], [121.49862, 25.143358], [121.49863, 25.143286], [121.498884, 25.1434], [121.499089, 25.143041], [121.49866, 25.142975], [121.498527, 25.143244], [121.498844, 25.143932], [121.498564, 25.144341], [121.498482, 25.144295], [121.49858, 25.144141], [121.498419, 25.144041], [121.49846, 25.143979], [121.498083, 25.14453], [121.497865, 25.144319], [121.497529, 25.144349], [121.495934, 25.144877], [121.496091, 25.144451], [121.496455, 25.144306], [121.496382, 25.14416], [121.496117, 25.144248], [121.496066, 25.144122], [121.496325, 25.144031], [121.496288, 25.143929], [121.496043, 25.144009], [121.496015, 25.143881], [121.496255, 25.143795], [121.496197, 25.143669], [121.49608, 25.143721], [121.496138, 25.143516], [121.496725, 25.144375], [121.497385, 25.144162], [121.49818, 25.144669], [121.498243, 25.144863], [121.49818, 25.144958], [121.498298, 25.145046], [121.498448, 25.144757], [121.498247, 25.144759], [121.498245, 25.144814], [121.498297, 25.144556], [121.498412, 25.144394], [121.498497, 25.14444], [121.498412, 25.144565], [121.498793, 25.144719], [121.49843, 25.145382], [121.498642, 25.145505], [121.49853, 25.145683], [121.498602, 25.145719], [121.498774, 25.145581], [121.498873, 25.145622], [121.498965, 25.145425], [121.498727, 25.145323], [121.498855, 25.14512], [121.499251, 25.145306], [121.499349, 25.145124], [121.498945, 25.144969], [121.499059, 25.144755], [121.499387, 25.144884], [121.49951, 25.144725], [121.499588, 25.144751], [121.498903, 25.144459], [121.498847, 25.144633], [121.498276, 25.145176], [121.499859, 25.144849], [121.500197, 25.145003], [121.499753, 25.144492], [121.499831, 25.144383], [121.499786, 25.144233], [121.499841, 25.144126], [121.499734, 25.144034], [121.499633, 25.144196], [121.499544, 25.144138], [121.499769, 25.143698], [121.499678, 25.143562], [121.499902, 25.143001], [121.500156, 25.142791], [121.500233, 25.142948], [121.500355, 25.142882], [121.500477, 25.143004], [121.500114, 25.143131], [121.500006, 25.14327], [121.49977, 25.141873], [121.499514, 25.141741], [121.499133, 25.141942], [121.498948, 25.141763], [121.499239, 25.141444]]}}, {"type": "Feature", "properties": {"district": "63000120", "segment": 10, "total_segments": 36, "km": 14.96, "villages": ["智仁里", "秀山里"]}, "geometry": {"type": "LineString", "coordinates": [[121.499031, 25.141434], [121.498777, 25.141707], [121.498389, 25.141853], [121.498295, 25.141762], [121.498557, 25.141458], [121.498656, 25.141514], [121.49862, 25.141573], [121.498732, 25.141366], [121.498372, 25.141197], [121.498469, 25.140936], [121.498669, 25.140915], [121.498669, 25.140816], [121.49886, 25.140789], [121.498827, 25.141044], [121.498929, 25.14106], [121.498785, 25.141215], [121.498711, 25.141073], [121.498296, 25.141077], [121.498322, 25.140991], [121.498034, 25.140929], [121.497583, 25.140682], [121.497625, 25.140881], [121.497822, 25.140906], [121.497751, 25.141174], [121.497882, 25.14111], [121.498029, 25.141196], [121.498136, 25.141076], [121.498198, 25.141202], [121.498138, 25.141327], [121.497724, 25.141769], [121.497804, 25.141867], [121.497852, 25.141834], [121.497698, 25.141922], [121.497638, 25.141939], [121.497534, 25.141666], [121.497087, 25.141816], [121.497136, 25.141913], [121.497485, 25.141804], [121.497459, 25.141983], [121.497041, 25.142093], [121.496917, 25.141773], [121.49679, 25.141817], [121.496922, 25.142288], [121.496882, 25.142358], [121.496522, 25.142438], [121.496639, 25.142548], [121.496901, 25.142461], [121.496994, 25.14254], [121.497116, 25.142419], [121.497797, 25.142187], [121.497749, 25.14211], [121.497849, 25.142056], [121.497948, 25.14203], [121.497906, 25.142147], [121.498022, 25.142158], [121.498288, 25.141958], [121.497986, 25.141784], [121.498356, 25.141343], [121.49798, 25.141267], [121.497793, 25.141381], [121.497795, 25.141465], [121.497866, 25.141465], [121.497677, 25.1414], [121.497385, 25.141447], [121.496483, 25.141671], [121.49651, 25.141736], [121.496376, 25.141769], [121.496518, 25.142048], [121.496617, 25.142038], [121.496578, 25.141719], [121.497654, 25.141501], [121.497721, 25.141018], [121.497977, 25.14079], [121.498369, 25.14085], [121.498572, 25.140797], [121.498486, 25.140674], [121.4985, 25.140525], [121.499042, 25.140723], [121.49905, 25.140884], [121.498976, 25.14088], [121.499141, 25.14105], [121.499088, 25.141257], [121.498878, 25.141333], [121.497888, 25.142311], [121.497591, 25.142373], [121.497472, 25.142186], [121.497094, 25.142287], [121.496736, 25.142121], [121.496474, 25.142181], [121.496441, 25.142598], [121.496538, 25.142709], [121.496537, 25.142599], [121.496043, 25.142752], [121.496161, 25.143056], [121.496469, 25.14284], [121.495966, 25.143043], [121.495952, 25.143175], [121.495311, 25.143386], [121.495385, 25.143496], [121.495793, 25.143371], [121.49584, 25.143513], [121.495435, 25.143643], [121.495505, 25.143855], [121.495823, 25.143797], [121.495762, 25.143644], [121.495827, 25.143624], [121.495323, 25.143816], [121.495202, 25.143815], [121.495189, 25.143719], [121.494552, 25.143893], [121.494538, 25.143777], [121.495176, 25.143575], [121.495117, 25.143446], [121.494485, 25.143641], [121.494431, 25.143512], [121.495064, 25.143308], [121.495018, 25.143219], [121.494391, 25.1434], [121.494299, 25.143249], [121.495605, 25.142861], [121.495667, 25.142991], [121.495198, 25.143153], [121.495255, 25.14325], [121.495794, 25.143075], [121.495763, 25.142976], [121.495896, 25.142873], [121.495824, 25.14279], [121.49595, 25.143316], [121.495734, 25.14395], [121.495276, 25.144097], [121.495235, 25.143986], [121.494762, 25.144127], [121.494656, 25.144133], [121.494602, 25.144016], [121.495067, 25.143859], [121.495359, 25.143929], [121.495495, 25.144184], [121.495205, 25.144279], [121.495288, 25.144535], [121.495191, 25.144566], [121.495258, 25.144661], [121.495105, 25.144712], [121.495088, 25.144443], [121.494811, 25.144425], [121.494869, 25.144634], [121.494714, 25.144667], [121.494842, 25.144975], [121.494392, 25.145058], [121.494479, 25.145226], [121.494819, 25.14518], [121.495137, 25.145027], [121.495166, 25.145107], [121.4951, 25.145127], [121.495616, 25.144993], [121.49546, 25.144933], [121.495234, 25.144998], [121.495176, 25.144871], [121.495645, 25.144721], [121.495677, 25.144813], [121.495598, 25.144547], [121.495698, 25.144514], [121.49563, 25.144422], [121.495821, 25.14436], [121.495855, 25.144484], [121.49569, 25.144247], [121.495627, 25.144264], [121.49561, 25.144147], [121.495781, 25.144091], [121.495813, 25.144205], [121.495408, 25.144336], [121.49548, 25.144588], [121.49505, 25.14491], [121.494951, 25.144795], [121.494607, 25.144857], [121.494468, 25.144711], [121.494253, 25.144782], [121.494294, 25.144908], [121.493988, 25.144866], [121.493081, 25.145158], [121.492988, 25.145056], [121.492763, 25.145135], [121.492931, 25.145209], [121.493084, 25.145005], [121.493443, 25.144892], [121.493364, 25.144773], [121.492902, 25.144936], [121.492924, 25.144816], [121.493362, 25.144663], [121.493575, 25.144802], [121.494033, 25.144643], [121.493964, 25.144527], [121.49369, 25.144623], [121.49366, 25.144484], [121.493474, 25.144482], [121.49351, 25.144597], [121.493702, 25.144377], [121.493813, 25.144338], [121.493916, 25.144409], [121.494047, 25.144265], [121.494454, 25.144121], [121.494631, 25.144457], [121.494484, 25.144489], [121.494351, 25.144261], [121.494139, 25.144457], [121.494218, 25.144634], [121.494748, 25.144288], [121.495149, 25.144141], [121.494037, 25.145001], [121.493576, 25.145104], [121.493628, 25.14523], [121.493433, 25.145347], [121.493345, 25.145297], [121.493146, 25.145366], [121.49279, 25.144975], [121.492709, 25.145], [121.492682, 25.144923], [121.492825, 25.144851], [121.492799, 25.144705], [121.492694, 25.144739], [121.49326, 25.144544], [121.493832, 25.145308], [121.494263, 25.145216], [121.497683, 25.142127], [121.496447, 25.145019], [121.496139, 25.145171], [121.496084, 25.145423], [121.496147, 25.145815], [121.496008, 25.145833], [121.496059, 25.146188], [121.495586, 25.146238], [121.495653, 25.146362], [121.496547, 25.146243], [121.49657, 25.146409], [121.496656, 25.146397], [121.4967, 25.146493], [121.496275, 25.146551], [121.496249, 25.146452], [121.496519, 25.146415], [121.496568, 25.146677], [121.49678, 25.146648], [121.496789, 25.146751], [121.496468, 25.146793], [121.496453, 25.146692], [121.496168, 25.146694], [121.496139, 25.146574], [121.496007, 25.146588], [121.495964, 25.146477], [121.495795, 25.146499], [121.496114, 25.146457], [121.496242, 25.146146], [121.496399, 25.146082], [121.496291, 25.14594], [121.496206, 25.14597], [121.496199, 25.146087], [121.495923, 25.146006], [121.495473, 25.146066], [121.495608, 25.14594], [121.495605, 25.145771], [121.49543, 25.145791], [121.495435, 25.145679], [121.495758, 25.145642], [121.495705, 25.145761], [121.495996, 25.145763], [121.495973, 25.145538], [121.495736, 25.145475], [121.4957, 25.145371], [121.495507, 25.145395], [121.49551, 25.145505], [121.49561, 25.145492], [121.4954, 25.145517], [121.49534, 25.145238], [121.495928, 25.145033], [121.495125, 25.145294], [121.493543, 25.145492], [121.493628, 25.145735], [121.494232, 25.145663], [121.494259, 25.145826], [121.493673, 25.145896], [121.493672, 25.146009], [121.49428, 25.145934], [121.494298, 25.146105], [121.493675, 25.146182], [121.493712, 25.146283], [121.49486, 25.146147], [121.49479, 25.146039], [121.494511, 25.146074], [121.49454, 25.145789], [121.494439, 25.145627], [121.494622, 25.145606], [121.494798, 25.145874], [121.49499, 25.14585], [121.495012, 25.146009], [121.494677, 25.145889], [121.494898, 25.14558], [121.495073, 25.145559], [121.495195, 25.145443], [121.495316, 25.146289], [121.495127, 25.146307], [121.495208, 25.146415], [121.495531, 25.146369], [121.495099, 25.146516], [121.49512, 25.14658], [121.495074, 25.146439], [121.494931, 25.146456], [121.494948, 25.146353], [121.494795, 25.146474], [121.494484, 25.146518], [121.494262, 25.146788], [121.494041, 25.146799], [121.49404, 25.146912], [121.49414, 25.146925], [121.494331, 25.146897], [121.494316, 25.146786], [121.494513, 25.146899], [121.49447, 25.147073], [121.494648, 25.147065], [121.494645, 25.147191], [121.494478, 25.147201], [121.494488, 25.147362], [121.495402, 25.147338], [121.495338, 25.147117], [121.49474, 25.14719], [121.494804, 25.147477], [121.495085, 25.147467], [121.495123, 25.147597], [121.49501, 25.147624], [121.493827, 25.147677], [121.493823, 25.147527], [121.493734, 25.147548], [121.494336, 25.1475], [121.49433, 25.147369], [121.493838, 25.147395], [121.493953, 25.147229], [121.494288, 25.147211], [121.494291, 25.147082], [121.493977, 25.147099], [121.493976, 25.146931], [121.493639, 25.147036], [121.493646, 25.146951], [121.493333, 25.146983], [121.493332, 25.14684], [121.493643, 25.146802], [121.493761, 25.146737], [121.493735, 25.146599], [121.493868, 25.146581], [121.493867, 25.146477], [121.494128, 25.146443], [121.493141, 25.146548], [121.493262, 25.146676], [121.493553, 25.14664], [121.493481, 25.146312], [121.493635, 25.146293], [121.493521, 25.146201], [121.493195, 25.146243], [121.493187, 25.146346], [121.49343, 25.146317], [121.493387, 25.146052], [121.493185, 25.146066], [121.493212, 25.145966], [121.493477, 25.145932], [121.493493, 25.146041], [121.493139, 25.145662], [121.493267, 25.145566], [121.493298, 25.147181], [121.493399, 25.147257], [121.493579, 25.147182], [121.493141, 25.147371], [121.49323, 25.148319], [121.493527, 25.148484], [121.493443, 25.148573], [121.493629, 25.148603], [121.493475, 25.148788], [121.493784, 25.148814], [121.49399, 25.149161], [121.494031, 25.149326], [121.493871, 25.149388], [121.494063, 25.149668], [121.493944, 25.149693], [121.494062, 25.149903], [121.493912, 25.150004], [121.493917, 25.150142], [121.493759, 25.150229], [121.493798, 25.150384], [121.494168, 25.150448], [121.494113, 25.150224], [121.49377, 25.14995], [121.493774, 25.149688], [121.493613, 25.149221], [121.493373, 25.149228], [121.492794, 25.149024], [121.492683, 25.149107], [121.492581, 25.149016], [121.492302, 25.14919], [121.492224, 25.149334], [121.492744, 25.149234], [121.492741, 25.14888], [121.492935, 25.148794], [121.493127, 25.148515], [121.493983, 25.148607], [121.49424, 25.149151], [121.494695, 25.149044], [121.494889, 25.148822], [121.49545, 25.148728], [121.495575, 25.148144], [121.495431, 25.147984], [121.495295, 25.147992], [121.495286, 25.14785], [121.495511, 25.147835], [121.495505, 25.147736], [121.495041, 25.147763], [121.495232, 25.147855], [121.495245, 25.147598], [121.495443, 25.14759], [121.49544, 25.147489], [121.495293, 25.147498], [121.49571, 25.147558], [121.495734, 25.147769], [121.495665, 25.147871], [121.49583, 25.147863], [121.495877, 25.147973], [121.495503, 25.14797], [121.496187, 25.14697], [121.496293, 25.146984], [121.495837, 25.146775], [121.496501, 25.146686], [121.496856, 25.146743], [121.496868, 25.147133], [121.496914, 25.146268], [121.498817, 25.14594], [121.499018, 25.145722], [121.499301, 25.146509], [121.499387, 25.146534], [121.499396, 25.147119], [121.49975, 25.147088], [121.499764, 25.147244], [121.499964, 25.147191], [121.500053, 25.147044], [121.500645, 25.146932], [121.500438, 25.147228], [121.500519, 25.147391], [121.500338, 25.147479], [121.500199, 25.147394], [121.500055, 25.147495], [121.500196, 25.147592], [121.499915, 25.147389], [121.500858, 25.147487], [121.500738, 25.146401]]}}, {"type": "Feature", "properties": {"district": "63000120", "segment": 11, "total_segments": 36, "km": 14.06, "villages": ["秀山里", "大屯里"]}, "geometry": {"type": "LineString", "coordinates": [[121.496072, 25.148439], [121.496009, 25.14853], [121.496031, 25.148772], [121.494828, 25.14827], [121.494686, 25.147481], [121.494496, 25.147492], [121.494847, 25.146576], [121.494536, 25.149759], [121.49526, 25.150501], [121.495522, 25.150594], [121.495304, 25.151038], [121.495298, 25.151213], [121.49516, 25.151412], [121.495056, 25.151338], [121.494935, 25.152257], [121.493546, 25.151424], [121.493806, 25.151018], [121.491891, 25.149729], [121.492064, 25.149473], [121.490922, 25.150328], [121.491007, 25.150811], [121.49064, 25.150903], [121.490553, 25.151153], [121.490587, 25.15073], [121.491353, 25.151436], [121.491158, 25.15193], [121.49046, 25.152002], [121.490292, 25.152295], [121.490484, 25.153004], [121.490403, 25.153145], [121.490476, 25.153176], [121.490433, 25.153315], [121.490154, 25.15325], [121.490519, 25.15447], [121.489703, 25.1546], [121.489944, 25.156002], [121.491576, 25.155535], [121.489479, 25.151593], [121.497482, 25.150397], [121.498065, 25.153161], [121.498407, 25.154507], [121.498772, 25.154713], [121.49901, 25.154723], [121.499442, 25.155065], [121.499395, 25.15552], [121.499605, 25.155616], [121.499846, 25.155976], [121.499655, 25.15612], [121.499053, 25.155657], [121.498727, 25.155611], [121.498281, 25.155353], [121.498304, 25.155212], [121.498577, 25.155084], [121.497881, 25.154925], [121.499987, 25.153983], [121.502228, 25.155047], [121.502129, 25.155527], [121.502166, 25.155679], [121.502045, 25.155768], [121.501906, 25.155715], [121.501951, 25.155544], [121.502325, 25.155533], [121.502826, 25.155992], [121.503351, 25.155493], [121.503149, 25.155298], [121.502992, 25.155271], [121.502976, 25.155193], [121.503232, 25.155084], [121.503391, 25.155224], [121.504228, 25.155449], [121.504633, 25.155288], [121.504674, 25.155469], [121.504885, 25.155634], [121.504696, 25.155819], [121.505233, 25.155645], [121.505393, 25.155476], [121.505665, 25.155433], [121.505303, 25.154948], [121.505091, 25.154868], [121.505084, 25.155224], [121.504986, 25.15535], [121.504457, 25.155044], [121.504093, 25.154474], [121.503966, 25.153869], [121.503572, 25.154004], [121.503569, 25.15385], [121.503807, 25.153656], [121.503871, 25.154957], [121.503682, 25.155128], [121.50176, 25.155932], [121.500185, 25.156788], [121.500039, 25.157796], [121.501528, 25.159054], [121.501669, 25.159347], [121.501296, 25.159701], [121.501215, 25.159931], [121.500959, 25.159668], [121.500251, 25.159578], [121.499778, 25.159679], [121.499654, 25.160001], [121.499137, 25.160099], [121.499297, 25.160196], [121.499255, 25.160263], [121.499447, 25.160205], [121.499649, 25.160407], [121.49977, 25.160385], [121.499863, 25.160237], [121.499728, 25.160162], [121.499889, 25.160399], [121.499491, 25.160482], [121.499453, 25.160419], [121.499264, 25.160649], [121.49888, 25.160186], [121.49903, 25.159931], [121.499413, 25.159855], [121.499418, 25.159507], [121.499561, 25.159511], [121.49965, 25.159392], [121.499891, 25.159383], [121.499749, 25.15926], [121.500074, 25.15925], [121.500591, 25.160052], [121.500555, 25.160147], [121.500312, 25.160201], [121.500691, 25.159983], [121.500909, 25.160272], [121.501558, 25.160174], [121.501552, 25.160626], [121.500971, 25.160826], [121.500007, 25.161004], [121.499654, 25.160862], [121.499543, 25.160687], [121.498739, 25.160919], [121.499192, 25.159502], [121.497842, 25.15847], [121.495662, 25.160713], [121.49552, 25.160744], [121.495516, 25.160613], [121.495471, 25.16092], [121.495644, 25.16098], [121.495352, 25.16146], [121.495829, 25.161286], [121.495761, 25.161825], [121.496786, 25.161863], [121.495196, 25.160961], [121.495256, 25.16086], [121.495174, 25.160783], [121.494919, 25.160998], [121.494468, 25.160685], [121.494901, 25.160499], [121.492204, 25.159452], [121.491506, 25.158136], [121.501703, 25.157803], [121.501993, 25.15861], [121.503092, 25.158786], [121.503159, 25.158609], [121.501752, 25.159569], [121.501845, 25.159669], [121.501283, 25.162755], [121.50049, 25.164643], [121.500222, 25.164734], [121.500373, 25.164875], [121.499851, 25.16478], [121.501209, 25.16607], [121.505077, 25.165576], [121.505942, 25.16616], [121.506823, 25.166079]]}}, {"type": "Feature", "properties": {"district": "63000120", "segment": 12, "total_segments": 36, "km": 14.98, "villages": ["大屯里", "泉源里"]}, "geometry": {"type": "LineString", "coordinates": [[121.507051, 25.154616], [121.506877, 25.154539], [121.506939, 25.154254], [121.506888, 25.154013], [121.507306, 25.154156], [121.507244, 25.154325], [121.50751, 25.154138], [121.50645, 25.151343], [121.505887, 25.15157], [121.505847, 25.15141], [121.507071, 25.151375], [121.506919, 25.150658], [121.50685, 25.150617], [121.506874, 25.150015], [121.507014, 25.149983], [121.507188, 25.149795], [121.506727, 25.14967], [121.506744, 25.150013], [121.506537, 25.14936], [121.506555, 25.149191], [121.506269, 25.148905], [121.506266, 25.148663], [121.506476, 25.148667], [121.506567, 25.148389], [121.506988, 25.148386], [121.50735, 25.148492], [121.507338, 25.148751], [121.507178, 25.148746], [121.506841, 25.148652], [121.506983, 25.148154], [121.506138, 25.148182], [121.506339, 25.148373], [121.507505, 25.148752], [121.507901, 25.149475], [121.507828, 25.149604], [121.505243, 25.149678], [121.504151, 25.148953], [121.50364, 25.149443], [121.503793, 25.149565], [121.50399, 25.149379], [121.503622, 25.148948], [121.503673, 25.148888], [121.503503, 25.14887], [121.503134, 25.1492], [121.503253, 25.149286], [121.503501, 25.149057], [121.503608, 25.148704], [121.503799, 25.14877], [121.503932, 25.148557], [121.503959, 25.148106], [121.503766, 25.147997], [121.503483, 25.148547], [121.503305, 25.148491], [121.503218, 25.148631], [121.503269, 25.148738], [121.50335, 25.148668], [121.503068, 25.148919], [121.502933, 25.148858], [121.502911, 25.148998], [121.502727, 25.148953], [121.50259, 25.149134], [121.50272, 25.14923], [121.502636, 25.149332], [121.502468, 25.149283], [121.502948, 25.149341], [121.503591, 25.147839], [121.503577, 25.147077], [121.503342, 25.146747], [121.504086, 25.146995], [121.504348, 25.146212], [121.503817, 25.145517], [121.503559, 25.145429], [121.503346, 25.145594], [121.503053, 25.145338], [121.502974, 25.145391], [121.503129, 25.145653], [121.503285, 25.145839], [121.503332, 25.145035], [121.502904, 25.144418], [121.502805, 25.144434], [121.50508, 25.148765], [121.504889, 25.150428], [121.504567, 25.150698], [121.505086, 25.152462], [121.501304, 25.152019], [121.508791, 25.148348], [121.508819, 25.147953], [121.50948, 25.147774], [121.509275, 25.14853], [121.509179, 25.148636], [121.509746, 25.146907], [121.510942, 25.145464], [121.511203, 25.145362], [121.511647, 25.145411], [121.512719, 25.145914], [121.513132, 25.145971], [121.51343, 25.145484], [121.513262, 25.145241], [121.51369, 25.1452], [121.513076, 25.144885], [121.512989, 25.144923], [121.513562, 25.143852], [121.514252, 25.143833], [121.514662, 25.14334], [121.514357, 25.143104], [121.51417, 25.143218], [121.513813, 25.143018], [121.514788, 25.142954], [121.517578, 25.144331], [121.518227, 25.145376], [121.519614, 25.144722], [121.521263, 25.144509], [121.521453, 25.144588], [121.521683, 25.144518], [121.521646, 25.144082], [121.521991, 25.144099], [121.522394, 25.144677], [121.522318, 25.144783], [121.523047, 25.145409], [121.523257, 25.146092], [121.522991, 25.146161], [121.523033, 25.14624], [121.523236, 25.146188], [121.52314, 25.146329], [121.5227, 25.146398], [121.522699, 25.146207], [121.522869, 25.146196], [121.523164, 25.146462], [121.522129, 25.147554], [121.521058, 25.148017], [121.520554, 25.147471], [121.520605, 25.147401], [121.51937, 25.147982], [121.519399, 25.148284], [121.519607, 25.148383], [121.519595, 25.149101], [121.519772, 25.149295], [121.519385, 25.149491], [121.519471, 25.14968], [121.51945, 25.149978], [121.519217, 25.149973], [121.519069, 25.150173], [121.518907, 25.150185], [121.518918, 25.150377], [121.518581, 25.15038], [121.518629, 25.150229], [121.51836, 25.150199], [121.518238, 25.150014], [121.518344, 25.149928], [121.518134, 25.149907], [121.517943, 25.150135], [121.517499, 25.150059], [121.517021, 25.149327], [121.516129, 25.149311], [121.515825, 25.149134], [121.515214, 25.149017], [121.515178, 25.148794], [121.514661, 25.148803], [121.515159, 25.149568], [121.515439, 25.149734], [121.514348, 25.150273], [121.51536, 25.150749], [121.515794, 25.150116], [121.516036, 25.150183], [121.515958, 25.149794], [121.514427, 25.148381], [121.51393, 25.148097], [121.514298, 25.148005], [121.513598, 25.147846], [121.513115, 25.149673], [121.512926, 25.151596], [121.513145, 25.152031], [121.509822, 25.154066], [121.510519, 25.155127], [121.513224, 25.156859], [121.513643, 25.157217], [121.514014, 25.156023], [121.515844, 25.157779], [121.520192, 25.154189], [121.521263, 25.155195], [121.521602, 25.153202], [121.522199, 25.153141], [121.521903, 25.152361], [121.521658, 25.152394], [121.521409, 25.152295], [121.521574, 25.152153], [121.521306, 25.151842], [121.521595, 25.151112], [121.522118, 25.151299], [121.522155, 25.151192], [121.522273, 25.151296], [121.52225, 25.151521], [121.522437, 25.151125], [121.522575, 25.151014], [121.522467, 25.150948], [121.522674, 25.150683], [121.522482, 25.150604], [121.52252, 25.150492], [121.52262, 25.150396], [121.522708, 25.15046], [121.522888, 25.149993], [121.522726, 25.149937], [121.522515, 25.150174], [121.522336, 25.150613]]}}, {"type": "Feature", "properties": {"district": "63000120", "segment": 13, "total_segments": 36, "km": 15.0, "villages": ["泉源里"]}, "geometry": {"type": "LineString", "coordinates": [[121.522829, 25.150725], [121.523125, 25.150533], [121.523258, 25.150636], [121.523201, 25.150319], [121.523276, 25.150077], [121.523443, 25.150002], [121.523336, 25.149728], [121.523079, 25.149996], [121.522879, 25.149593], [121.522477, 25.149072], [121.522704, 25.148887], [121.523343, 25.148992], [121.523854, 25.148873], [121.523956, 25.148993], [121.524034, 25.148893], [121.524337, 25.149207], [121.524563, 25.149158], [121.524569, 25.149362], [121.524824, 25.149583], [121.524205, 25.14962], [121.524391, 25.149755], [121.524159, 25.149856], [121.524233, 25.150113], [121.525138, 25.149744], [121.525135, 25.149542], [121.525695, 25.149387], [121.525624, 25.148786], [121.524751, 25.148622], [121.524522, 25.148846], [121.524572, 25.148503], [121.524887, 25.147797], [121.525089, 25.147732], [121.523532, 25.148363], [121.522192, 25.149213], [121.521156, 25.150134], [121.52013, 25.150083], [121.520005, 25.150125], [121.520165, 25.150331], [121.51989, 25.150303], [121.519818, 25.150531], [121.519563, 25.150263], [121.519385, 25.150357], [121.519145, 25.150286], [121.519152, 25.150604], [121.518974, 25.150576], [121.519036, 25.149589], [121.518819, 25.149577], [121.519137, 25.149604], [121.519166, 25.149153], [121.518983, 25.149148], [121.518633, 25.149852], [121.519858, 25.149619], [121.520109, 25.149837], [121.520423, 25.149709], [121.520375, 25.14948], [121.520596, 25.149885], [121.520856, 25.149799], [121.521165, 25.150439], [121.520227, 25.150576], [121.519946, 25.150959], [121.519988, 25.151046], [121.519904, 25.151076], [121.519722, 25.150948], [121.520582, 25.151229], [121.523009, 25.150865], [121.524045, 25.151025], [121.523993, 25.151292], [121.525495, 25.150925], [121.525563, 25.151107], [121.526052, 25.151084], [121.526467, 25.15083], [121.526544, 25.151053], [121.526171, 25.15054], [121.525749, 25.150705], [121.526182, 25.15035], [121.526529, 25.150419], [121.526807, 25.150337], [121.527472, 25.149923], [121.527879, 25.150232], [121.527754, 25.150517], [121.528181, 25.150715], [121.528609, 25.150477], [121.528879, 25.150913], [121.529161, 25.150136], [121.52892, 25.149672], [121.530319, 25.149135], [121.530726, 25.148678], [121.531118, 25.148736], [121.531109, 25.148285], [121.530876, 25.148098], [121.530737, 25.147865], [121.53026, 25.148117], [121.529696, 25.146829], [121.528678, 25.146507], [121.528596, 25.147556], [121.526836, 25.148072], [121.52706, 25.144727], [121.530345, 25.145798], [121.53084, 25.145804], [121.531806, 25.148801], [121.530982, 25.149618], [121.530996, 25.149958], [121.532244, 25.1511], [121.530193, 25.153762], [121.529314, 25.154038], [121.52873, 25.154677], [121.528719, 25.154915], [121.528636, 25.15499], [121.528656, 25.155285], [121.528369, 25.155437], [121.528732, 25.155713], [121.529128, 25.155888], [121.529144, 25.156045], [121.529283, 25.156066], [121.529325, 25.155901], [121.529829, 25.156076], [121.529698, 25.156237], [121.529803, 25.156363], [121.529908, 25.156328], [121.529881, 25.156572], [121.530042, 25.156729], [121.530135, 25.156552], [121.529785, 25.156711], [121.529605, 25.156678], [121.52969, 25.156475], [121.529477, 25.156382], [121.529465, 25.156286], [121.528846, 25.156289], [121.528723, 25.156177], [121.528896, 25.156066], [121.528947, 25.155881], [121.528896, 25.155846], [121.528495, 25.155896], [121.528451, 25.156041], [121.527987, 25.155764], [121.527755, 25.155816], [121.527426, 25.155673], [121.527378, 25.155831], [121.527797, 25.156034], [121.527409, 25.156284], [121.527119, 25.15546], [121.527669, 25.155328], [121.527706, 25.155386], [121.527738, 25.155201], [121.527975, 25.155452], [121.528059, 25.15536], [121.527978, 25.155324], [121.52819, 25.155309], [121.528173, 25.155464], [121.528, 25.155586], [121.528257, 25.155704], [121.528441, 25.15503], [121.528151, 25.155112], [121.528064, 25.154943], [121.528227, 25.154742], [121.527671, 25.154728], [121.52648, 25.154528], [121.526274, 25.154175], [121.526413, 25.153965], [121.527413, 25.153331], [121.526846, 25.152366], [121.527266, 25.152037], [121.527635, 25.152051], [121.526476, 25.152628], [121.529086, 25.155233], [121.528784, 25.155459], [121.529779, 25.155424], [121.530035, 25.155584], [121.530039, 25.155791], [121.53027, 25.156109], [121.529595, 25.156157], [121.529336, 25.156577], [121.529053, 25.156773], [121.528729, 25.156589], [121.529326, 25.157304], [121.530447, 25.158082], [121.530896, 25.15876], [121.531625, 25.158106], [121.531731, 25.158131], [121.530486, 25.155416], [121.531094, 25.15524], [121.526838, 25.157626], [121.527332, 25.158428], [121.531752, 25.159844], [121.531849, 25.160367], [121.532364, 25.160594], [121.532421, 25.160849], [121.532548, 25.160214], [121.520068, 25.149029], [121.520524, 25.148581], [121.519043, 25.14803], [121.518802, 25.147733], [121.51901, 25.147527], [121.519455, 25.147431], [121.51948, 25.147308], [121.51732, 25.147618], [121.517335, 25.147246]]}}, {"type": "Feature", "properties": {"district": "63000120", "segment": 14, "total_segments": 36, "km": 14.93, "villages": ["泉源里", "湖田里"]}, "geometry": {"type": "LineString", "coordinates": [[121.517131, 25.146806], [121.510172, 25.14446], [121.510255, 25.144125], [121.509975, 25.14375], [121.510098, 25.143302], [121.510262, 25.14317], [121.510315, 25.142908], [121.510019, 25.142809], [121.510174, 25.142569], [121.510057, 25.142415], [121.510188, 25.142185], [121.510641, 25.142484], [121.51089, 25.142453], [121.510892, 25.142597], [121.510513, 25.142654], [121.509274, 25.142037], [121.508506, 25.142069], [121.508542, 25.142703], [121.508312, 25.142261], [121.508102, 25.142066], [121.507612, 25.142352], [121.507745, 25.142622], [121.507664, 25.142739], [121.50773, 25.142795], [121.50792, 25.142847], [121.507941, 25.142701], [121.508199, 25.142684], [121.508029, 25.14309], [121.507809, 25.143142], [121.507795, 25.142996], [121.507911, 25.143439], [121.50784, 25.143456], [121.50806, 25.143401], [121.507609, 25.143431], [121.507256, 25.143068], [121.507265, 25.142793], [121.507493, 25.14282], [121.506875, 25.142699], [121.506954, 25.143014], [121.506982, 25.142499], [121.506816, 25.142469], [121.506895, 25.142271], [121.507017, 25.14228], [121.507152, 25.142489], [121.506747, 25.142263], [121.506734, 25.142102], [121.506813, 25.142107], [121.506931, 25.143972], [121.50802, 25.144495], [121.508187, 25.143986], [121.508385, 25.144067], [121.508668, 25.144723], [121.509357, 25.144964], [121.509627, 25.144242], [121.509118, 25.143093], [121.535181, 25.162361], [121.536237, 25.162722], [121.536457, 25.163188], [121.535766, 25.163656], [121.53572, 25.16358], [121.535544, 25.163686], [121.535077, 25.16428], [121.534028, 25.164319], [121.537629, 25.166706], [121.537752, 25.166677], [121.537896, 25.166796], [121.537987, 25.166913], [121.537773, 25.167041], [121.537528, 25.166851], [121.537286, 25.167614], [121.537626, 25.167636], [121.537854, 25.167334], [121.5384, 25.166917], [121.53801, 25.166473], [121.537889, 25.166502], [121.53839, 25.165723], [121.539458, 25.165037], [121.540392, 25.164648], [121.542009, 25.16406], [121.543135, 25.164971], [121.543917, 25.16503], [121.543676, 25.164202], [121.544527, 25.163994], [121.544447, 25.162341], [121.544019, 25.161623], [121.544097, 25.161566], [121.544043, 25.161484], [121.543835, 25.161653], [121.543547, 25.161619], [121.543, 25.161283], [121.543171, 25.161083], [121.543062, 25.160931], [121.543139, 25.160774], [121.5431, 25.160488], [121.543909, 25.160637], [121.543675, 25.161276], [121.543299, 25.161848], [121.543389, 25.162252], [121.545222, 25.160988], [121.545364, 25.160957], [121.544636, 25.160303], [121.544571, 25.160078], [121.544028, 25.159849], [121.546046, 25.159416], [121.546468, 25.158244], [121.545777, 25.157996], [121.545306, 25.157564], [121.546973, 25.157339], [121.547392, 25.157198], [121.547642, 25.155669], [121.544477, 25.155707], [121.546574, 25.159789], [121.54072, 25.159953], [121.540605, 25.162724], [121.538648, 25.163558], [121.540711, 25.166405], [121.540548, 25.166523], [121.540468, 25.167402], [121.540255, 25.167488], [121.540389, 25.167605], [121.540239, 25.167833], [121.540421, 25.168425], [121.539949, 25.168313], [121.53933, 25.16848], [121.539108, 25.168072], [121.538592, 25.168042], [121.53876, 25.1684], [121.538529, 25.169652], [121.538656, 25.170456], [121.538921, 25.170616], [121.538929, 25.170739], [121.539052, 25.170811], [121.538761, 25.170896], [121.539018, 25.171321], [121.538863, 25.171424], [121.53868, 25.171715], [121.539183, 25.171067], [121.539638, 25.171371], [121.539886, 25.170226], [121.539992, 25.170168], [121.540018, 25.170258], [121.540121, 25.170129], [121.540112, 25.170032], [121.540183, 25.17], [121.540031, 25.170063], [121.540151, 25.169766], [121.540291, 25.169737], [121.540386, 25.169582], [121.538574, 25.167602], [121.538586, 25.167249]]}}, {"type": "Feature", "properties": {"district": "63000120", "segment": 15, "total_segments": 36, "km": 14.9, "villages": ["湖田里"]}, "geometry": {"type": "LineString", "coordinates": [[121.539839, 25.167028], [121.537744, 25.168617], [121.536651, 25.168932], [121.536368, 25.168846], [121.536525, 25.16872], [121.535861, 25.168613], [121.536174, 25.169361], [121.535008, 25.170551], [121.534818, 25.170541], [121.534738, 25.170378], [121.534537, 25.170941], [121.534413, 25.171658], [121.534197, 25.171774], [121.533968, 25.171606], [121.533978, 25.171455], [121.533641, 25.171413], [121.533693, 25.17131], [121.533778, 25.171332], [121.533611, 25.170958], [121.533418, 25.17175], [121.533509, 25.17181], [121.533442, 25.172335], [121.533689, 25.172537], [121.534242, 25.172493], [121.534416, 25.172639], [121.534538, 25.172514], [121.534498, 25.172372], [121.534625, 25.17223], [121.534148, 25.172242], [121.533991, 25.171977], [121.533766, 25.171845], [121.534322, 25.172736], [121.534025, 25.173252], [121.534494, 25.17367], [121.53464, 25.173927], [121.534427, 25.174125], [121.535727, 25.173447], [121.535841, 25.17347], [121.535074, 25.172779], [121.53578, 25.175432], [121.535336, 25.175744], [121.53645, 25.176163], [121.535998, 25.177166], [121.535264, 25.177132], [121.53516, 25.177687], [121.535408, 25.177798], [121.535093, 25.177786], [121.534525, 25.177539], [121.534308, 25.177962], [121.533759, 25.177852], [121.533651, 25.177592], [121.533364, 25.177433], [121.533581, 25.177212], [121.533848, 25.177176], [121.533755, 25.176758], [121.534193, 25.176753], [121.533517, 25.176378], [121.533243, 25.1759], [121.533464, 25.175645], [121.532665, 25.175078], [121.532231, 25.174304], [121.530563, 25.175163], [121.531784, 25.176782], [121.532205, 25.177151], [121.532359, 25.176936], [121.532466, 25.176946], [121.532522, 25.176557], [121.533021, 25.176717], [121.531106, 25.177305], [121.530868, 25.177303], [121.530871, 25.177714], [121.534679, 25.178149], [121.536375, 25.178055], [121.537005, 25.177444], [121.53828, 25.178514], [121.539768, 25.178983], [121.540846, 25.178198], [121.541747, 25.178726], [121.542285, 25.178158], [121.54438, 25.179073], [121.546882, 25.176461], [121.541078, 25.175959], [121.540378, 25.176718], [121.539881, 25.176584], [121.539703, 25.176284], [121.540011, 25.177114], [121.540445, 25.17382], [121.547246, 25.166814], [121.558294, 25.165832], [121.558345, 25.165741], [121.562239, 25.181046], [121.562695, 25.181247], [121.562197, 25.181519], [121.563554, 25.1816], [121.564952, 25.182909], [121.565321, 25.182961], [121.565074, 25.184092], [121.560544, 25.184941], [121.558884, 25.184992], [121.558515, 25.18445], [121.558624, 25.182922], [121.559782, 25.182435], [121.556118, 25.182251], [121.555934, 25.182778], [121.563339, 25.188464], [121.563502, 25.188359], [121.56492, 25.189213]]}}, {"type": "Feature", "properties": {"district": "63000120", "segment": 16, "total_segments": 36, "km": 14.89, "villages": ["湖田里", "湖山里"]}, "geometry": {"type": "LineString", "coordinates": [[121.530549, 25.182504], [121.528985, 25.182716], [121.528981, 25.182628], [121.522035, 25.179035], [121.522723, 25.175142], [121.533285, 25.161082], [121.533205, 25.160886], [121.5333, 25.160577], [121.533456, 25.160652], [121.534449, 25.16024], [121.534878, 25.159907], [121.534782, 25.159713], [121.534243, 25.159408], [121.534087, 25.159128], [121.53435, 25.159092], [121.5346, 25.15916], [121.536019, 25.159992], [121.535869, 25.16032], [121.536811, 25.159921], [121.537267, 25.160036], [121.537254, 25.160123], [121.53856, 25.159343], [121.53852, 25.159259], [121.538713, 25.159294], [121.538777, 25.159512], [121.538783, 25.158846], [121.538599, 25.158832], [121.538751, 25.158627], [121.538935, 25.158018], [121.538555, 25.15775], [121.538308, 25.158133], [121.538071, 25.158098], [121.53761, 25.157799], [121.537217, 25.158441], [121.536836, 25.158271], [121.536375, 25.158266], [121.536367, 25.15812], [121.536108, 25.158194], [121.535842, 25.157825], [121.536106, 25.157247], [121.53775, 25.156831], [121.537796, 25.156733], [121.537664, 25.156541], [121.537881, 25.156483], [121.538302, 25.156894], [121.538269, 25.157173], [121.538324, 25.157253], [121.537834, 25.157058], [121.538624, 25.156612], [121.539002, 25.156601], [121.53901, 25.156422], [121.539127, 25.15645], [121.53954, 25.157083], [121.539102, 25.15754], [121.539132, 25.157633], [121.53919, 25.157265], [121.54114, 25.156403], [121.541072, 25.155895], [121.540926, 25.155901], [121.541343, 25.155727], [121.541343, 25.155599], [121.541305, 25.155373], [121.540984, 25.15531], [121.540876, 25.155363], [121.540786, 25.155131], [121.540538, 25.154937], [121.540584, 25.154876], [121.540449, 25.154836], [121.540396, 25.154676], [121.540664, 25.154748], [121.540914, 25.154945], [121.540674, 25.154417], [121.540156, 25.154268], [121.540179, 25.154215], [121.540058, 25.154356], [121.539945, 25.154302], [121.539878, 25.154068], [121.539749, 25.154003], [121.539477, 25.154438], [121.5387, 25.154315], [121.538559, 25.154457], [121.538187, 25.154566], [121.538293, 25.154822], [121.53872, 25.154606], [121.539037, 25.154826], [121.538878, 25.154092], [121.538629, 25.153975], [121.538334, 25.154077], [121.538429, 25.154285], [121.538003, 25.154323], [121.537517, 25.15378], [121.537694, 25.153655], [121.53704, 25.153673], [121.53666, 25.154381], [121.537148, 25.153409], [121.537068, 25.153288], [121.53724, 25.153275], [121.536235, 25.153055], [121.537204, 25.15211], [121.537159, 25.151966], [121.537443, 25.151866], [121.537151, 25.15162], [121.53731, 25.151454], [121.537211, 25.151278], [121.536798, 25.151097], [121.536708, 25.151327], [121.536934, 25.150688], [121.537157, 25.150689], [121.537406, 25.15081], [121.537645, 25.150742], [121.53765, 25.150566], [121.53744, 25.150493], [121.53744, 25.150071], [121.537346, 25.149911], [121.537237, 25.149931], [121.537343, 25.149762], [121.537172, 25.149735], [121.537161, 25.14955], [121.537314, 25.149469], [121.537301, 25.149348], [121.536959, 25.149274], [121.537015, 25.148751], [121.536844, 25.148562], [121.53668, 25.148545], [121.536639, 25.148656], [121.536937, 25.148376], [121.536723, 25.148121], [121.536976, 25.148001], [121.537058, 25.148041], [121.537142, 25.148322], [121.537346, 25.148088], [121.537728, 25.148005], [121.537932, 25.147785], [121.537468, 25.147797], [121.537054, 25.147399], [121.537139, 25.147252], [121.537075, 25.14706], [121.536953, 25.147167], [121.53679, 25.147118], [121.536947, 25.146918], [121.536861, 25.146821], [121.536539, 25.146955], [121.536228, 25.147248], [121.536383, 25.147625], [121.53634, 25.147946], [121.535993, 25.148321], [121.536861, 25.147765], [121.536762, 25.147608], [121.536998, 25.147591], [121.537515, 25.14718], [121.537694, 25.146669], [121.535546, 25.147236], [121.534787, 25.147008], [121.534647, 25.146775], [121.534312, 25.146975], [121.534334, 25.147154], [121.533977, 25.147042], [121.533866, 25.147139], [121.533918, 25.147931], [121.533628, 25.148239], [121.533377, 25.148328], [121.53323, 25.148146], [121.53327, 25.147985], [121.533105, 25.147797], [121.532571, 25.147652], [121.532556, 25.147505], [121.532373, 25.147498], [121.532334, 25.147713], [121.53185, 25.147429], [121.531585, 25.146989], [121.531014, 25.146489], [121.532191, 25.145747], [121.532578, 25.145955], [121.534419, 25.145326], [121.534565, 25.146264], [121.535058, 25.14634], [121.535172, 25.146693], [121.535347, 25.144811], [121.536517, 25.143826], [121.537948, 25.144284], [121.539081, 25.144969], [121.539615, 25.144301], [121.53965, 25.143971], [121.539352, 25.143755], [121.540202, 25.143053], [121.540656, 25.144098], [121.540397, 25.144442], [121.540398, 25.144702], [121.540916, 25.144443], [121.541403, 25.143953], [121.541257, 25.143688], [121.538474, 25.142299], [121.537553, 25.142353], [121.53651, 25.141734], [121.536268, 25.141438], [121.536563, 25.141231], [121.536049, 25.141384], [121.53608, 25.141492], [121.535509, 25.141825], [121.536038, 25.142182], [121.534773, 25.142013], [121.534514, 25.142466], [121.533987, 25.142452], [121.532023, 25.141637], [121.532879, 25.140298], [121.533053, 25.139836], [121.532757, 25.139952], [121.532774, 25.140042], [121.533065, 25.139585], [121.532696, 25.139525], [121.532171, 25.139712], [121.532184, 25.140006], [121.53188, 25.139946], [121.531969, 25.13882], [121.532435, 25.138398], [121.533218, 25.138492], [121.531086, 25.13885], [121.530658, 25.138523], [121.530498, 25.138507], [121.530271, 25.138015], [121.529732, 25.137953], [121.529691, 25.137817], [121.531051, 25.137795]]}}, {"type": "Feature", "properties": {"district": "63000120", "segment": 17, "total_segments": 36, "km": 13.9, "villages": ["湖山里"]}, "geometry": {"type": "LineString", "coordinates": [[121.530668, 25.139575], [121.530443, 25.139762], [121.530289, 25.139572], [121.530146, 25.139625], [121.530055, 25.139816], [121.530348, 25.139988], [121.535202, 25.139886], [121.536853, 25.141243], [121.533033, 25.143771], [121.531532, 25.148088], [121.532563, 25.148451], [121.53328, 25.148614], [121.533388, 25.14845], [121.533649, 25.148502], [121.533716, 25.148594], [121.533851, 25.148532], [121.533949, 25.148928], [121.534023, 25.148816], [121.534273, 25.148772], [121.534073, 25.148558], [121.534274, 25.149576], [121.534566, 25.150021], [121.535099, 25.149956], [121.535168, 25.149868], [121.535216, 25.150152], [121.535494, 25.149985], [121.535774, 25.149446], [121.536497, 25.14989], [121.536719, 25.14978], [121.536832, 25.149814], [121.536794, 25.150062], [121.536907, 25.150112], [121.536734, 25.150198], [121.53637, 25.150094], [121.536922, 25.150352], [121.537179, 25.150195], [121.537508, 25.149664], [121.537922, 25.148529], [121.537822, 25.151461], [121.537959, 25.152167], [121.538333, 25.152512], [121.538799, 25.152435], [121.538852, 25.152627], [121.538781, 25.152767], [121.539003, 25.152702], [121.539058, 25.152493], [121.539327, 25.152587], [121.539486, 25.152308], [121.53962, 25.152265], [121.539527, 25.152154], [121.539219, 25.152164], [121.539341, 25.152035], [121.539027, 25.152184], [121.538929, 25.152133], [121.538884, 25.153075], [121.538439, 25.15304], [121.538438, 25.152955], [121.538414, 25.153351], [121.538535, 25.153631], [121.539374, 25.153618], [121.54009, 25.152106], [121.540359, 25.151914], [121.5403, 25.151635], [121.540571, 25.151614], [121.541313, 25.154483], [121.541809, 25.154565], [121.542057, 25.154693], [121.542147, 25.15516], [121.543093, 25.155556], [121.542999, 25.155779], [121.540259, 25.155382], [121.540131, 25.155181], [121.538395, 25.155307], [121.5376, 25.155039], [121.536623, 25.159108], [121.539778, 25.15958], [121.540753, 25.159283], [121.545039, 25.152488], [121.545525, 25.152614], [121.546159, 25.152471], [121.546983, 25.152526], [121.547222, 25.152476], [121.547072, 25.15267], [121.547086, 25.152803], [121.547214, 25.152959], [121.54746, 25.152869], [121.547294, 25.1527], [121.54734, 25.152514], [121.547537, 25.152554], [121.547702, 25.152254], [121.54776, 25.152286], [121.547416, 25.151915], [121.547079, 25.152113], [121.546986, 25.151937], [121.54728, 25.151809], [121.547162, 25.151651], [121.547332, 25.151587], [121.54721, 25.151465], [121.547431, 25.151378], [121.547326, 25.151254], [121.547604, 25.151154], [121.547503, 25.150795], [121.547631, 25.150727], [121.547584, 25.150663], [121.547466, 25.150819], [121.547209, 25.150948], [121.547345, 25.150789], [121.547476, 25.150343], [121.547704, 25.150255], [121.547999, 25.149765], [121.548226, 25.149205], [121.548986, 25.14946], [121.54899, 25.149611], [121.549264, 25.149699], [121.549817, 25.150104], [121.54919, 25.150647], [121.548383, 25.150122], [121.548742, 25.149799], [121.548981, 25.149011], [121.548918, 25.148709], [121.549031, 25.148691], [121.548907, 25.148386], [121.548793, 25.148423], [121.548738, 25.148199], [121.548779, 25.147875], [121.548955, 25.147668], [121.548713, 25.147487], [121.548861, 25.147346], [121.548886, 25.146993], [121.548779, 25.146806], [121.548859, 25.14668], [121.548814, 25.146539], [121.548941, 25.146706], [121.548654, 25.146234], [121.548563, 25.146199], [121.548285, 25.146545], [121.548068, 25.147387], [121.548197, 25.14843], [121.548507, 25.148433], [121.548442, 25.148109], [121.548509, 25.147749], [121.548612, 25.148816], [121.548515, 25.151303], [121.547772, 25.151747], [121.547517, 25.151666], [121.547443, 25.151857], [121.548891, 25.152746], [121.549111, 25.152686], [121.549231, 25.152825], [121.549328, 25.152618], [121.549508, 25.152679], [121.549371, 25.153067], [121.549193, 25.15221], [121.550396, 25.153769], [121.552588, 25.155384], [121.546879, 25.151172], [121.546539, 25.151452], [121.546258, 25.151156], [121.545845, 25.151718], [121.545156, 25.151742], [121.544675, 25.151467], [121.544853, 25.151354], [121.544819, 25.151261], [121.544958, 25.151441], [121.545319, 25.151277], [121.544071, 25.151396], [121.543955, 25.151152], [121.544254, 25.151105], [121.535535, 25.150779], [121.535517, 25.150895], [121.535522, 25.150519], [121.535093, 25.151131], [121.533441, 25.150956], [121.533329, 25.150852], [121.532966, 25.151019], [121.533029, 25.151787], [121.532966, 25.152422]]}}, {"type": "Feature", "properties": {"district": "63000120", "segment": 18, "total_segments": 36, "km": 14.52, "villages": ["湖山里", "林泉里"]}, "geometry": {"type": "LineString", "coordinates": [[121.545621, 25.142166], [121.545784, 25.14205], [121.545996, 25.142275], [121.527588, 25.142169], [121.527438, 25.142041], [121.527326, 25.141464], [121.527209, 25.141364], [121.52718, 25.141207], [121.526358, 25.143161], [121.523108, 25.136612], [121.522555, 25.135832], [121.52248, 25.135847], [121.522474, 25.135955], [121.522288, 25.135898], [121.522361, 25.135815], [121.518903, 25.135792], [121.518833, 25.135489], [121.516534, 25.136181], [121.515787, 25.136082], [121.515644, 25.136178], [121.515773, 25.13593], [121.515278, 25.136091], [121.515309, 25.1365], [121.514918, 25.13649], [121.514343, 25.136625], [121.514189, 25.136437], [121.513984, 25.1364], [121.514042, 25.136277], [121.514094, 25.136306], [121.514075, 25.136147], [121.514182, 25.13617], [121.513975, 25.136093], [121.513943, 25.136238], [121.513752, 25.136061], [121.513792, 25.135941], [121.512946, 25.135885], [121.512945, 25.136063], [121.513329, 25.136231], [121.513191, 25.136413], [121.512952, 25.136471], [121.512949, 25.136316], [121.513074, 25.136314], [121.512163, 25.136205], [121.51204, 25.136216], [121.511955, 25.136453], [121.512203, 25.13647], [121.512301, 25.136654], [121.512473, 25.136736], [121.512483, 25.136935], [121.512617, 25.136977], [121.512683, 25.13693], [121.512596, 25.136875], [121.512642, 25.136727], [121.512725, 25.136752], [121.512632, 25.136629], [121.512496, 25.136686], [121.51246, 25.136523], [121.51263, 25.135863], [121.51189, 25.135945], [121.511693, 25.136154], [121.511721, 25.135882], [121.511559, 25.135776], [121.511372, 25.135991], [121.511188, 25.135979], [121.511032, 25.136215], [121.510904, 25.136203], [121.510622, 25.136003], [121.510386, 25.136084], [121.510385, 25.135766], [121.510169, 25.13532], [121.509957, 25.13563], [121.509136, 25.135738], [121.508854, 25.13608], [121.50998, 25.135969], [121.510601, 25.135777], [121.510882, 25.135449], [121.511632, 25.135242], [121.511254, 25.136426], [121.511302, 25.136592], [121.511709, 25.136599], [121.511898, 25.136883], [121.512657, 25.137242], [121.512819, 25.136992], [121.512884, 25.137023], [121.512733, 25.137293], [121.512842, 25.137562], [121.512754, 25.137841], [121.512828, 25.138124], [121.512623, 25.138323], [121.512657, 25.138654], [121.512545, 25.13892], [121.51322, 25.138823], [121.513548, 25.139408], [121.513152, 25.139957], [121.513167, 25.14033], [121.5133, 25.140362], [121.513491, 25.140598], [121.513546, 25.140539], [121.513373, 25.140803], [121.513229, 25.140719], [121.513259, 25.140638], [121.512705, 25.140493], [121.512442, 25.140317], [121.512599, 25.140216], [121.512826, 25.140383], [121.512793, 25.140445], [121.511811, 25.13984], [121.51162, 25.139824], [121.512347, 25.140287], [121.512104, 25.140476], [121.511972, 25.140412], [121.511959, 25.140471], [121.512053, 25.14052], [121.51213, 25.140816], [121.512604, 25.141033], [121.512539, 25.141188], [121.512062, 25.140965], [121.511993, 25.141088], [121.512401, 25.14128], [121.512691, 25.141254], [121.512748, 25.141143], [121.512931, 25.141204], [121.513128, 25.141401], [121.513392, 25.141483], [121.513368, 25.141568], [121.512823, 25.141373], [121.513528, 25.141526], [121.513461, 25.141597], [121.514003, 25.141768], [121.514038, 25.141685], [121.513624, 25.141556], [121.513459, 25.141125], [121.514115, 25.141309], [121.514431, 25.141079], [121.515187, 25.141296], [121.515141, 25.14105], [121.515259, 25.139296], [121.515415, 25.139299], [121.515676, 25.139084], [121.515888, 25.139083], [121.515896, 25.138984], [121.516006, 25.139092], [121.516058, 25.138624], [121.515815, 25.138631], [121.514979, 25.139235], [121.516215, 25.138261], [121.516566, 25.138588], [121.516654, 25.138464], [121.517036, 25.138346], [121.517081, 25.138476], [121.517078, 25.138071], [121.517347, 25.137697], [121.517599, 25.137969], [121.517976, 25.137844], [121.518103, 25.13768], [121.517899, 25.137438], [121.517762, 25.137482], [121.517799, 25.137288], [121.517641, 25.137229], [121.517581, 25.137098], [121.517451, 25.137232], [121.516335, 25.137537], [121.515978, 25.137461], [121.515103, 25.137569], [121.514795, 25.137146], [121.514266, 25.137788], [121.514168, 25.137275], [121.513607, 25.137443], [121.513688, 25.137676], [121.513107, 25.137602], [121.513092, 25.137863], [121.513129, 25.137316], [121.51352, 25.136954], [121.513315, 25.136589], [121.513101, 25.136705], [121.513593, 25.136435], [121.513686, 25.136449], [121.513743, 25.136569], [121.513967, 25.13656], [121.511178, 25.137393], [121.510826, 25.137136], [121.511042, 25.136952], [121.510741, 25.137484], [121.510818, 25.137567], [121.51061, 25.13754], [121.510603, 25.13748], [121.510485, 25.13752], [121.510499, 25.137648], [121.510612, 25.137616], [121.510726, 25.137805], [121.511079, 25.137844], [121.511062, 25.138018], [121.511251, 25.138147], [121.510972, 25.138294], [121.510633, 25.138185], [121.510644, 25.138121], [121.51034, 25.138147], [121.510522, 25.138317], [121.51066, 25.138336], [121.510695, 25.138271], [121.510439, 25.138332], [121.510346, 25.138506], [121.510832, 25.138347], [121.511238, 25.138538], [121.511353, 25.138768], [121.511576, 25.138774], [121.511682, 25.138861], [121.511793, 25.138818], [121.511786, 25.138714], [121.511667, 25.138667], [121.511585, 25.138722], [121.511582, 25.138243], [121.511258, 25.137708], [121.510321, 25.137295], [121.510335, 25.137216], [121.510242, 25.137216], [121.510207, 25.137408], [121.510414, 25.1374], [121.510251, 25.137168], [121.509891, 25.138047], [121.509535, 25.13799], [121.509583, 25.138272], [121.509485, 25.138393], [121.510257, 25.138448], [121.51032, 25.138591], [121.510569, 25.138651], [121.510359, 25.138307], [121.510212, 25.138358], [121.511174, 25.139075], [121.511041, 25.139486], [121.511286, 25.139426], [121.511136, 25.139684], [121.511156, 25.139875], [121.511342, 25.139943], [121.511242, 25.140097], [121.510895, 25.14008], [121.510938, 25.139838], [121.510701, 25.140191], [121.510625, 25.140518], [121.510525, 25.14057], [121.510897, 25.140656], [121.510979, 25.140464], [121.51113, 25.140495], [121.511212, 25.140355], [121.510551, 25.140234], [121.510454, 25.140314], [121.510491, 25.140212], [121.51039, 25.140135], [121.510138, 25.140074], [121.510394, 25.140396], [121.509994, 25.140683], [121.509701, 25.139805], [121.508514, 25.139635], [121.508087, 25.139526], [121.508065, 25.139404], [121.507878, 25.139462], [121.507892, 25.139381], [121.507705, 25.139388], [121.507755, 25.139208], [121.508043, 25.139131], [121.507974, 25.139064], [121.50766, 25.139061], [121.507462, 25.139218], [121.507477, 25.139299], [121.507501, 25.138946], [121.507579, 25.138841], [121.507792, 25.138809], [121.507791, 25.138905], [121.508054, 25.138909], [121.508081, 25.13879], [121.507751, 25.138696], [121.507933, 25.13855], [121.508015, 25.138624], [121.507784, 25.138521], [121.507789, 25.138281], [121.508542, 25.138405], [121.508327, 25.138894], [121.508199, 25.138899], [121.508173, 25.138994], [121.508263, 25.139043], [121.508393, 25.138965], [121.508505, 25.139035], [121.50862, 25.139265], [121.508552, 25.139382], [121.508399, 25.13922], [121.508413, 25.139086], [121.508195, 25.139227], [121.508281, 25.13923], [121.508509, 25.139469], [121.506551, 25.138879], [121.505809, 25.137115], [121.506511, 25.136725], [121.507126, 25.13669], [121.509564, 25.13538]]}}, {"type": "Feature", "properties": {"district": "63000120", "segment": 19, "total_segments": 36, "km": 14.98, "villages": ["林泉里", "永和里"]}, "geometry": {"type": "LineString", "coordinates": [[121.512136, 25.139439], [121.511554, 25.140833], [121.511674, 25.14088], [121.511743, 25.140736], [121.511939, 25.140815], [121.51182, 25.141061], [121.511273, 25.140817], [121.511338, 25.140609], [121.511033, 25.140765], [121.511222, 25.140968], [121.516564, 25.138105], [121.518167, 25.138286], [121.518293, 25.13846], [121.5182, 25.138072], [121.518576, 25.137759], [121.518942, 25.138255], [121.519056, 25.138828], [121.527592, 25.13811], [121.527963, 25.137986], [121.528055, 25.137716], [121.528405, 25.137759], [121.528424, 25.137556], [121.52851, 25.137992], [121.528844, 25.138087], [121.528004, 25.138289], [121.527838, 25.138465], [121.528271, 25.139255], [121.52855, 25.139517], [121.528736, 25.139433], [121.528875, 25.13972], [121.528818, 25.139861], [121.528457, 25.139769], [121.52835, 25.139993], [121.528016, 25.140018], [121.527983, 25.139617], [121.52783, 25.139486], [121.528594, 25.140341], [121.528437, 25.140825], [121.528498, 25.14114], [121.528433, 25.1414], [121.529005, 25.141305], [121.529548, 25.141606], [121.529486, 25.140624], [121.528952, 25.140733], [121.528111, 25.140677], [121.52923, 25.139442], [121.529059, 25.139243], [121.529089, 25.139], [121.52935, 25.139059], [121.529494, 25.139357], [121.529809, 25.138915], [121.529697, 25.138532], [121.529646, 25.136541], [121.529109, 25.136453], [121.528892, 25.136293], [121.528469, 25.136351], [121.528408, 25.136225], [121.529314, 25.136137], [121.529491, 25.13587], [121.529401, 25.135722], [121.529339, 25.134744], [121.52947, 25.134519], [121.529745, 25.134418], [121.529646, 25.133591], [121.529496, 25.133695], [121.529447, 25.133401], [121.528958, 25.133564], [121.52887, 25.133111], [121.529214, 25.133062], [121.52917, 25.132762], [121.528983, 25.132822], [121.528864, 25.132603], [121.528794, 25.132613], [121.528856, 25.132498], [121.529027, 25.132481], [121.529036, 25.132579], [121.529592, 25.132532], [121.529614, 25.132628], [121.529455, 25.132652], [121.529424, 25.132274], [121.529593, 25.132065], [121.52937, 25.132098], [121.529246, 25.13225], [121.528715, 25.132312], [121.528674, 25.132179], [121.528552, 25.132178], [121.528312, 25.13159], [121.528742, 25.13145], [121.528731, 25.131534], [121.529001, 25.131498], [121.5293, 25.131612], [121.529346, 25.131558], [121.529386, 25.13183], [121.529728, 25.13183], [121.529741, 25.132494], [121.529904, 25.132489], [121.5299, 25.133077], [121.529606, 25.13307], [121.529607, 25.132955], [121.529762, 25.132719], [121.530128, 25.132723], [121.530198, 25.13249], [121.530167, 25.132214], [121.530402, 25.131815], [121.530402, 25.131731], [121.530136, 25.13175], [121.530012, 25.131626], [121.530025, 25.131484], [121.530125, 25.131333], [121.530419, 25.131314], [121.53025, 25.131124], [121.529736, 25.13118], [121.529723, 25.131402], [121.52962, 25.131523], [121.529743, 25.131613], [121.529437, 25.131347], [121.529214, 25.131375], [121.52903, 25.131245], [121.52869, 25.131233], [121.528676, 25.13114], [121.528935, 25.131061], [121.529599, 25.130977], [121.529557, 25.130785], [121.529472, 25.130872], [121.529369, 25.130882], [121.529346, 25.130783], [121.529249, 25.130797], [121.529243, 25.130896], [121.529069, 25.130916], [121.52895, 25.13084], [121.528616, 25.130924], [121.528584, 25.131248], [121.528338, 25.131274], [121.528309, 25.131166], [121.528418, 25.131164], [121.528413, 25.130525], [121.528204, 25.130539], [121.528211, 25.130254], [121.529107, 25.130149], [121.529335, 25.130307], [121.529335, 25.130165], [121.529215, 25.130119], [121.529206, 25.129973], [121.52909, 25.129978], [121.528997, 25.129855], [121.528916, 25.129847], [121.528919, 25.130001], [121.528752, 25.130015], [121.528736, 25.129896], [121.528424, 25.129912], [121.528521, 25.130038], [121.528407, 25.130053], [121.528298, 25.129993], [121.528282, 25.129882], [121.528715, 25.129769], [121.528714, 25.129606], [121.528947, 25.129586], [121.528918, 25.129744], [121.529196, 25.129756], [121.529116, 25.129473], [121.529409, 25.129418], [121.529314, 25.129231], [121.529737, 25.129282], [121.529688, 25.129522], [121.529881, 25.129537], [121.53005, 25.129417], [121.530374, 25.129742], [121.530534, 25.129819], [121.530794, 25.129788], [121.530747, 25.130193], [121.530655, 25.130092], [121.530382, 25.130041], [121.529797, 25.130106], [121.529871, 25.129741], [121.529542, 25.129849], [121.529419, 25.129967], [121.529291, 25.129962], [121.529419, 25.129715], [121.529129, 25.129202], [121.52842, 25.129068], [121.528247, 25.129171], [121.528148, 25.129014], [121.527914, 25.129303], [121.527893, 25.129442], [121.528071, 25.129688], [121.528563, 25.129613], [121.528598, 25.129471], [121.528203, 25.129504], [121.528104, 25.1294], [121.527734, 25.129488], [121.52774, 25.129203], [121.52743, 25.129197], [121.526912, 25.129358], [121.526663, 25.129179], [121.52673, 25.128989], [121.526501, 25.128749], [121.526303, 25.128986], [121.526574, 25.129413], [121.526363, 25.129441], [121.526755, 25.129662], [121.526689, 25.130275], [121.52679, 25.130478], [121.526665, 25.130788], [121.526892, 25.131316], [121.527286, 25.130916], [121.528965, 25.130602], [121.529122, 25.130559], [121.529116, 25.130466], [121.529256, 25.130541], [121.529284, 25.130446], [121.529368, 25.130527], [121.529583, 25.13051], [121.52969, 25.130662], [121.529843, 25.130666], [121.529825, 25.130576], [121.529967, 25.130504], [121.53033, 25.130464], [121.530314, 25.130284], [121.530407, 25.130273], [121.529829, 25.130331], [121.529871, 25.130779], [121.530286, 25.130755], [121.530222, 25.130913], [121.529875, 25.130949], [121.530407, 25.130923], [121.53047, 25.131048], [121.52889, 25.132092], [121.528526, 25.13243], [121.528695, 25.132989], [121.528232, 25.132234], [121.528549, 25.133933], [121.52826, 25.134574], [121.528314, 25.135158], [121.530011, 25.134031], [121.530044, 25.133628], [121.530214, 25.133629], [121.53032, 25.133506], [121.530301, 25.133311], [121.53009, 25.133263], [121.5302, 25.133442], [121.5305, 25.133404], [121.530505, 25.133168], [121.530671, 25.132905], [121.530784, 25.133145], [121.530736, 25.133491], [121.5305, 25.133495], [121.5305, 25.133657], [121.530242, 25.132965], [121.530583, 25.132619], [121.528895, 25.130427], [121.528625, 25.130456], [121.52841, 25.129994], [121.528209, 25.13], [121.528191, 25.129883], [121.528496, 25.129263], [121.52889, 25.129346], [121.529031, 25.12883], [121.530001, 25.129102], [121.530312, 25.129249], [121.530481, 25.129449], [121.530727, 25.129222], [121.530343, 25.128675], [121.530509, 25.128607], [121.530562, 25.128672], [121.530509, 25.128714], [121.530768, 25.128526], [121.530581, 25.128558], [121.530322, 25.128112], [121.53045, 25.128027], [121.530434, 25.127937], [121.530737, 25.128047], [121.530685, 25.128168], [121.530841, 25.128222], [121.530712, 25.128346], [121.530528, 25.128108], [121.530699, 25.127825], [121.530935, 25.127926], [121.530922, 25.128047], [121.530883, 25.127755], [121.530695, 25.127641], [121.530187, 25.127534], [121.530241, 25.127376], [121.530513, 25.1274], [121.530814, 25.127549], [121.530728, 25.127355], [121.530423, 25.127207], [121.530511, 25.127041], [121.530661, 25.127112], [121.530168, 25.126657], [121.530014, 25.126762], [121.530104, 25.126862], [121.530148, 25.126835], [121.529874, 25.126601], [121.529632, 25.126161], [121.528346, 25.126], [121.528583, 25.125945], [121.528631, 25.125693], [121.52875, 25.125699], [121.528755, 25.125502], [121.528634, 25.125578], [121.528402, 25.125518], [121.528372, 25.125769], [121.52791, 25.125655], [121.527664, 25.125963], [121.527283, 25.125658], [121.527522, 25.125475], [121.527788, 25.125478], [121.527971, 25.125366], [121.527995, 25.125422], [121.528154, 25.125247], [121.528405, 25.125333], [121.527722, 25.12509], [121.527479, 25.125136], [121.527686, 25.12534], [121.527358, 25.125476], [121.527231, 25.125384], [121.526987, 25.125407], [121.526726, 25.12524], [121.526572, 25.125352], [121.526692, 25.125422], [121.526583, 25.125608], [121.52667, 25.125727], [121.52681, 25.125513], [121.526887, 25.125726], [121.527244, 25.125913], [121.527187, 25.126116], [121.526965, 25.126081], [121.527544, 25.126232], [121.52779, 25.126137], [121.528155, 25.126392], [121.528271, 25.126305], [121.528431, 25.126372], [121.528478, 25.126517], [121.527897, 25.126614], [121.52784, 25.126761], [121.527636, 25.126684], [121.527287, 25.127522], [121.526964, 25.127559], [121.526771, 25.127494], [121.526454, 25.127712], [121.526542, 25.127968], [121.526953, 25.128175], [121.52678, 25.12843], [121.526769, 25.128627], [121.527389, 25.128579], [121.527787, 25.128243], [121.528323, 25.127944], [121.528384, 25.127759], [121.527983, 25.127456], [121.528218, 25.127277], [121.528017, 25.127001], [121.528211, 25.126899], [121.528185, 25.127023], [121.528329, 25.126814], [121.528884, 25.126899], [121.529244, 25.127143], [121.529594, 25.127036], [121.528888, 25.126668]]}}, {"type": "Feature", "properties": {"district": "63000120", "segment": 20, "total_segments": 36, "km": 14.98, "villages": ["永和里", "永欣里"]}, "geometry": {"type": "LineString", "coordinates": [[121.528819, 25.126297], [121.529073, 25.126315], [121.529099, 25.12647], [121.529369, 25.126375], [121.529406, 25.12659], [121.529088, 25.127303], [121.529005, 25.127257], [121.529037, 25.127198], [121.528821, 25.127273], [121.52859, 25.127476], [121.528897, 25.128083], [121.529213, 25.128254], [121.529363, 25.128049], [121.529626, 25.128182], [121.529859, 25.128105], [121.529827, 25.128017], [121.530007, 25.127984], [121.53023, 25.12829], [121.530102, 25.128395], [121.52999, 25.128282], [121.529992, 25.127902], [121.530163, 25.127852], [121.53022, 25.12794], [121.53, 25.127564], [121.529809, 25.127646], [121.529813, 25.127746], [121.529568, 25.127727], [121.52946, 25.12784], [121.529283, 25.127799], [121.52928, 25.127639], [121.529606, 25.12754], [121.530298, 25.127697], [121.530443, 25.127756], [121.531232, 25.128511], [121.530681, 25.128894], [121.529546, 25.12868], [121.529589, 25.128489], [121.529504, 25.128403], [121.529315, 25.12869], [121.529178, 25.128678], [121.529057, 25.128512], [121.528931, 25.128595], [121.52886, 25.128799], [121.528946, 25.128815], [121.528583, 25.128879], [121.528593, 25.128689], [121.528225, 25.128814], [121.52889, 25.128307], [121.528667, 25.128069], [121.529023, 25.128023], [121.527734, 25.127411], [121.527841, 25.127312], [121.527656, 25.12646], [121.527855, 25.126456], [121.528089, 25.126155], [121.52866, 25.126374], [121.528853, 25.125951], [121.528972, 25.125967], [121.529132, 25.125518], [121.529001, 25.125455], [121.528, 25.12608], [121.527553, 25.125647], [121.526277, 25.125159], [121.526418, 25.125049], [121.526494, 25.125097], [121.526178, 25.125021], [121.526135, 25.125075], [121.526225, 25.124814], [121.525904, 25.124791], [121.525854, 25.124605], [121.525696, 25.124481], [121.525575, 25.12483], [121.525398, 25.124596], [121.525838, 25.124052], [121.5253, 25.12373], [121.52483, 25.123174], [121.524538, 25.123544], [121.524341, 25.123617], [121.524713, 25.123759], [121.524765, 25.123982], [121.52471, 25.124163], [121.524959, 25.124282], [121.525127, 25.124533], [121.52538, 25.124189], [121.525119, 25.124118], [121.524874, 25.123668], [121.525856, 25.124292], [121.525977, 25.124487], [121.526345, 25.12583], [121.524852, 25.12623], [121.524358, 25.126451], [121.524024, 25.126353], [121.524006, 25.126217], [121.524156, 25.126025], [121.524031, 25.125854], [121.523658, 25.126324], [121.524011, 25.126538], [121.523379, 25.125935], [121.52303, 25.125792], [121.523056, 25.12476], [121.524782, 25.129283], [121.525402, 25.129382], [121.525111, 25.13019], [121.525003, 25.130246], [121.524876, 25.13173], [121.525252, 25.131805], [121.525206, 25.13209], [121.525082, 25.132197], [121.524961, 25.132125], [121.52503, 25.132521], [121.526108, 25.131849], [121.522659, 25.130836], [121.522477, 25.130115], [121.52268, 25.13008], [121.527867, 25.137238], [121.528535, 25.143001], [121.529237, 25.125309], [121.529246, 25.125199], [121.528432, 25.124928], [121.528469, 25.124814], [121.529167, 25.12503], [121.529164, 25.124846], [121.52879, 25.124743], [121.52883, 25.124646], [121.52909, 25.124727], [121.528774, 25.124481], [121.528803, 25.124396], [121.528893, 25.124409], [121.528796, 25.124284], [121.528573, 25.124259], [121.528512, 25.124479], [121.527809, 25.124379], [121.527892, 25.124472], [121.528353, 25.12461], [121.528266, 25.124889], [121.528388, 25.12514], [121.528939, 25.125242], [121.528679, 25.124709], [121.52851, 25.124657], [121.528619, 25.124566], [121.528713, 25.124595], [121.528437, 25.124299], [121.527978, 25.124212], [121.527968, 25.124135], [121.52849, 25.124182], [121.527717, 25.124051], [121.52771, 25.124234], [121.527361, 25.12396], [121.52729, 25.124076], [121.527428, 25.124124], [121.527137, 25.124303], [121.526814, 25.124256], [121.526504, 25.12476], [121.526695, 25.124752], [121.527089, 25.124894], [121.527304, 25.124712], [121.527603, 25.124831], [121.527642, 25.124729], [121.52782, 25.124872], [121.527083, 25.123951], [121.526451, 25.124284], [121.525885, 25.123618], [121.525424, 25.123431], [121.525328, 25.123271], [121.525191, 25.123293], [121.525147, 25.123131], [121.525005, 25.123034], [121.52508, 25.122965], [121.52507, 25.122802], [121.524609, 25.122215], [121.524894, 25.12212], [121.524997, 25.122402], [121.525201, 25.122564], [121.525143, 25.122581], [121.52516, 25.122681], [121.525226, 25.122656], [121.525246, 25.12286], [121.525291, 25.122915], [121.525455, 25.122773], [121.525362, 25.122598], [121.525658, 25.122996], [121.525872, 25.123469], [121.524899, 25.122954], [121.524472, 25.122542], [121.524374, 25.12233], [121.524087, 25.12213], [121.524015, 25.122022], [121.524071, 25.121756], [121.524391, 25.121533], [121.524607, 25.12184], [121.524673, 25.121753], [121.52461, 25.121711], [121.524802, 25.121982], [121.524918, 25.121891], [121.524825, 25.12166], [121.524978, 25.121586], [121.525099, 25.121382], [121.524917, 25.1211], [121.525462, 25.120828], [121.525283, 25.120636], [121.525161, 25.120656], [121.5244, 25.121006], [121.52397, 25.120135], [121.523833, 25.120094], [121.523645, 25.119856], [121.52372, 25.119748], [121.523973, 25.119841], [121.524005, 25.119999], [121.524272, 25.120018], [121.524359, 25.120177], [121.523929, 25.119263], [121.523825, 25.118825], [121.523447, 25.118898], [121.523143, 25.119181], [121.522619, 25.119271], [121.522679, 25.119417], [121.523192, 25.119381], [121.523677, 25.119474], [121.522597, 25.120439], [121.522299, 25.120471], [121.522321, 25.120655], [121.52263, 25.120616], [121.522658, 25.120776], [121.522353, 25.120816], [121.522358, 25.120965], [121.522139, 25.120994], [121.522096, 25.12085], [121.521868, 25.120878], [121.521898, 25.121028], [121.521966, 25.121018], [121.52175, 25.12105], [121.521775, 25.121194], [121.521994, 25.121165], [121.522015, 25.121289], [121.521161, 25.121409], [121.521141, 25.12128], [121.521001, 25.121297], [121.52157, 25.121223], [121.521578, 25.121082], [121.521356, 25.121109], [121.521451, 25.12077], [121.522162, 25.120677], [121.522171, 25.121144], [121.522676, 25.121088], [121.522645, 25.120934], [121.522479, 25.120959], [121.52241, 25.121235], [121.522186, 25.121265], [121.522205, 25.121456], [121.522528, 25.121415], [121.522523, 25.121563], [121.522242, 25.121604], [121.522273, 25.121746], [121.52251, 25.12171], [121.522567, 25.121859], [121.52189, 25.121951], [121.521843, 25.121798], [121.522094, 25.121767], [121.522058, 25.121627], [121.521611, 25.121689], [121.521554, 25.121538], [121.522056, 25.121471], [121.522176, 25.122118], [121.521944, 25.122153], [121.521873, 25.12231], [121.522291, 25.122257], [121.522342, 25.122095], [121.522579, 25.122067], [121.522753, 25.12239], [121.52299, 25.122212], [121.523074, 25.121973], [121.523142, 25.122019], [121.523311, 25.121829], [121.523877, 25.12229], [121.523651, 25.122275], [121.523197, 25.12262], [121.523293, 25.122707], [121.523238, 25.122757], [121.523077, 25.122718], [121.52277, 25.122894]]}}, {"type": "Feature", "properties": {"district": "63000120", "segment": 21, "total_segments": 36, "km": 14.26, "villages": ["永欣里", "榮華里"]}, "geometry": {"type": "LineString", "coordinates": [[121.522952, 25.123339], [121.523367, 25.123171], [121.523233, 25.123021], [121.523318, 25.122979], [121.523431, 25.123068], [121.523556, 25.122983], [121.52337, 25.122806], [121.523469, 25.122657], [121.523703, 25.122624], [121.523823, 25.122701], [121.523937, 25.122625], [121.524088, 25.122719], [121.523935, 25.122818], [121.524132, 25.123022], [121.524172, 25.122852], [121.524423, 25.122814], [121.524074, 25.122452], [121.524295, 25.122119], [121.524187, 25.122036], [121.524337, 25.121851], [121.52446, 25.121973], [121.524793, 25.12134], [121.52452, 25.121149], [121.525214, 25.121149], [121.525339, 25.121084], [121.52537, 25.121213], [121.525231, 25.121512], [121.524706, 25.120536], [121.522963, 25.120802], [121.522811, 25.121455], [121.523146, 25.121686], [121.522793, 25.121964], [121.522893, 25.122068], [121.522404, 25.122405], [121.522342, 25.122549], [121.522514, 25.12271], [121.522727, 25.122688], [121.522611, 25.12249], [121.52289, 25.122592], [121.523356, 25.122271], [121.523138, 25.122928], [121.523417, 25.123545], [121.523583, 25.123464], [121.5236, 25.123303], [121.523469, 25.123309], [121.523853, 25.123396], [121.524162, 25.123655], [121.524336, 25.123398], [121.523818, 25.122998], [121.523692, 25.123099], [121.524323, 25.123059], [121.524505, 25.123281], [121.524707, 25.123077], [121.524633, 25.122994], [121.523345, 25.123857], [121.523107, 25.123539], [121.523128, 25.123444], [121.52283, 25.123585], [121.522707, 25.12349], [121.522789, 25.123424], [121.522573, 25.122998], [121.522367, 25.123134], [121.522296, 25.122993], [121.522469, 25.122915], [121.522194, 25.122863], [121.522082, 25.122631], [121.521919, 25.122664], [121.522103, 25.123089], [121.521879, 25.123196], [121.521944, 25.123332], [121.522174, 25.123221], [121.522338, 25.123453], [121.522522, 25.123453], [121.52256, 25.123529], [121.522167, 25.123738], [121.522033, 25.123497], [121.521797, 25.123455], [121.521662, 25.123134], [121.52156, 25.123167], [121.521582, 25.123371], [121.521647, 25.123349], [121.521197, 25.123692], [121.521189, 25.123762], [121.52143, 25.123846], [121.521407, 25.123905], [121.521166, 25.123881], [121.521051, 25.124207], [121.520904, 25.124373], [121.520792, 25.124093], [121.521313, 25.123493], [121.521534, 25.123691], [121.521604, 25.123596], [121.521875, 25.12432], [121.522062, 25.124216], [121.522093, 25.124117], [121.521888, 25.12376], [121.522386, 25.123906], [121.522354, 25.124012], [121.522553, 25.123935], [121.522717, 25.123747], [121.522491, 25.123327], [121.521821, 25.123035], [121.52174, 25.122927], [121.521607, 25.122663], [121.521826, 25.122552], [121.521502, 25.122973], [121.521538, 25.123043], [121.521454, 25.120575], [121.522041, 25.120497], [121.519166, 25.119182], [121.521791, 25.118744], [121.521884, 25.118768], [121.522034, 25.118597], [121.521964, 25.118566], [121.521859, 25.118677], [121.521891, 25.118847], [121.522152, 25.119059], [121.521829, 25.118916], [121.522262, 25.118611], [121.522149, 25.118346], [121.522429, 25.117707], [121.522659, 25.117747], [121.522654, 25.118054], [121.522955, 25.117974], [121.523008, 25.118087], [121.522936, 25.118581], [121.523008, 25.118762], [121.523281, 25.11875], [121.522475, 25.118944], [121.522387, 25.118791], [121.522653, 25.118662], [121.522607, 25.118532], [121.522438, 25.118463], [121.5224, 25.117543], [121.523114, 25.116369], [121.522395, 25.115201], [121.522646, 25.115208], [121.522461, 25.114423], [121.523008, 25.114331], [121.523072, 25.114626], [121.522761, 25.11468], [121.522877, 25.114842], [121.523109, 25.114803], [121.523321, 25.114655], [121.523319, 25.114494], [121.523896, 25.114436], [121.523832, 25.114072], [121.523177, 25.114175], [121.523211, 25.113825], [121.523112, 25.113811], [121.523194, 25.113621], [121.52405, 25.113452], [121.524009, 25.113099], [121.524335, 25.113066], [121.524359, 25.11326], [121.524711, 25.113163], [121.524868, 25.113204], [121.524866, 25.113153], [121.524875, 25.113389], [121.524812, 25.113474], [121.524718, 25.113398], [121.524701, 25.112988], [121.524593, 25.112929], [121.524597, 25.113045], [121.524396, 25.112807], [121.523705, 25.112918], [121.523682, 25.112767], [121.524288, 25.112637], [121.524308, 25.112446], [121.523793, 25.112481], [121.523738, 25.112355], [121.523401, 25.112455], [121.523465, 25.112574], [121.523376, 25.112589], [121.523629, 25.112554], [121.523598, 25.112753], [121.523417, 25.112789], [121.523519, 25.113106], [121.523647, 25.113096], [121.523645, 25.113221], [121.523515, 25.113248], [121.523585, 25.113386], [121.523862, 25.113342], [121.523846, 25.113122], [121.524212, 25.113286], [121.524115, 25.11366], [121.523451, 25.113761], [121.523371, 25.113802], [121.523403, 25.113934], [121.523714, 25.113855], [121.524018, 25.113844], [121.52403, 25.113911], [121.524175, 25.113889], [121.524165, 25.113822], [121.524209, 25.114028], [121.524051, 25.114069], [121.524084, 25.114238], [121.524236, 25.114219], [121.524279, 25.114391], [121.524128, 25.114395], [121.5242, 25.114732], [121.524099, 25.114802], [121.524015, 25.114812], [121.523958, 25.114658], [121.523521, 25.114726], [121.52341, 25.114849], [121.523639, 25.114947], [121.523798, 25.114833], [121.523975, 25.115022], [121.524421, 25.114933], [121.524454, 25.115048], [121.523584, 25.115226], [121.523586, 25.115398], [121.524486, 25.115214], [121.524517, 25.115338], [121.52388, 25.115462], [121.524005, 25.115636], [121.524704, 25.115462], [121.52472, 25.115527], [121.524603, 25.115042], [121.52435, 25.114719], [121.524319, 25.114552], [121.523717, 25.114583], [121.52368, 25.114224], [121.523226, 25.114375], [121.523247, 25.114506], [121.522682, 25.114881], [121.522337, 25.114857], [121.522265, 25.114487], [121.522133, 25.114514], [121.522081, 25.114412], [121.522219, 25.114369], [121.521766, 25.114484], [121.521752, 25.114608], [121.52198, 25.114551], [121.522339, 25.114964], [121.521861, 25.115082], [121.521883, 25.115292], [121.52177, 25.115316], [121.522254, 25.115222], [121.52233, 25.115382], [121.523303, 25.115217], [121.521775, 25.114841], [121.521776, 25.114325], [121.522214, 25.113479], [121.522064, 25.112971], [121.522702, 25.113163], [121.523281, 25.113105], [121.523334, 25.113213], [121.523201, 25.113288], [121.523224, 25.113395], [121.523421, 25.113408], [121.523063, 25.113311], [121.523035, 25.113463], [121.522946, 25.112984], [121.523243, 25.11292], [121.523322, 25.112327], [121.523271, 25.112177], [121.52385, 25.11206], [121.523864, 25.112164], [121.524021, 25.112137], [121.52382, 25.111826], [121.523248, 25.112011], [121.523223, 25.111608], [121.523648, 25.111683], [121.523759, 25.111548], [121.523649, 25.111477], [121.523737, 25.111367], [121.523994, 25.111551], [121.523879, 25.111697], [121.524069, 25.111845], [121.524365, 25.111661], [121.524075, 25.11146], [121.524383, 25.111824], [121.524472, 25.111771], [121.524208, 25.11193], [121.524306, 25.112142], [121.524608, 25.112007], [121.5246, 25.111938], [121.524691, 25.112119], [121.524423, 25.112255], [121.524515, 25.112442], [121.524589, 25.112409], [121.52466, 25.112522], [121.524889, 25.112397], [121.524901, 25.112261], [121.524762, 25.112304], [121.524781, 25.112068], [121.524946, 25.111932], [121.525284, 25.112144], [121.525433, 25.112591], [121.524572, 25.112573], [121.524509, 25.112661], [121.524157, 25.112305], [121.523803, 25.112343], [121.521799, 25.112142], [121.520845, 25.110547], [121.521739, 25.109858], [121.521705, 25.109746], [121.521808, 25.109638], [121.52159, 25.109515], [121.521654, 25.109444], [121.52197, 25.109617], [121.521885, 25.109709], [121.521521, 25.109676], [121.521237, 25.109898], [121.521196, 25.109781], [121.521421, 25.109595], [121.521347, 25.109381], [121.521101, 25.109283], [121.520847, 25.109362], [121.52078, 25.109311], [121.520835, 25.10925], [121.520592, 25.109065], [121.520536, 25.109125], [121.520596, 25.109172], [121.520462, 25.109067], [121.520519, 25.109008], [121.519942, 25.108736], [121.520048, 25.108545], [121.520206, 25.108539], [121.5203, 25.108687], [121.5203, 25.10847], [121.520127, 25.108385], [121.520458, 25.10793], [121.520766, 25.107888], [121.520751, 25.10796], [121.52065, 25.107953], [121.520906, 25.10797], [121.520918, 25.107768], [121.520859, 25.107735], [121.520928, 25.107656], [121.520833, 25.107772], [121.520657, 25.10763], [121.520588, 25.107734], [121.520796, 25.107454], [121.52076, 25.108132], [121.520656, 25.108124], [121.520638, 25.108192], [121.520867, 25.108213], [121.520874, 25.108141], [121.520519, 25.108177], [121.520596, 25.108395], [121.520081, 25.108452], [121.519763, 25.108956], [121.519944, 25.109035], [121.519738, 25.109209], [121.519834, 25.109268], [121.519893, 25.109209], [121.519991, 25.109314], [121.519798, 25.109506], [121.520764, 25.110464], [121.520918, 25.110211], [121.520873, 25.110165], [121.520973, 25.110169], [121.52107, 25.110008], [121.520972, 25.109936], [121.521035, 25.109887], [121.520806, 25.109794], [121.520695, 25.10987], [121.520838, 25.110042], [121.520787, 25.110083], [121.520532, 25.109815], [121.520786, 25.109602], [121.520668, 25.109518], [121.520444, 25.109707], [121.52034, 25.109495], [121.520394, 25.109441], [121.520452, 25.109488], [121.520197, 25.109154], [121.520154, 25.109487], [121.519677, 25.109454], [121.519512, 25.109326], [121.519594, 25.109157], [121.520409, 25.109879], [121.520938, 25.109499], [121.521171, 25.109608], [121.521116, 25.109453], [121.521504, 25.109432], [121.521373, 25.110413], [121.521115, 25.110585], [121.521262, 25.110909], [121.521538, 25.110689], [121.52149, 25.110578], [121.521729, 25.110965], [121.521405, 25.11111], [121.521466, 25.111224], [121.52182, 25.111119], [121.52196, 25.111373], [121.521587, 25.111448], [121.52225, 25.110297]]}}, {"type": "Feature", "properties": {"district": "63000120", "segment": 22, "total_segments": 36, "km": 14.89, "villages": ["石牌里", "建民里"]}, "geometry": {"type": "LineString", "coordinates": [[121.519155, 25.109286], [121.518822, 25.109241], [121.518632, 25.109514], [121.518499, 25.109576], [121.518184, 25.109418], [121.518119, 25.109507], [121.518004, 25.109434], [121.518477, 25.10889], [121.518528, 25.109011], [121.51843, 25.109161], [121.518528, 25.109225], [121.518568, 25.109176], [121.518417, 25.109383], [121.51799, 25.109095], [121.518285, 25.108787], [121.518187, 25.108677], [121.518253, 25.108622], [121.518194, 25.108545], [121.51802, 25.1087], [121.518017, 25.108826], [121.517854, 25.108816], [121.51793, 25.108903], [121.517848, 25.108984], [121.517715, 25.108939], [121.517651, 25.109018], [121.517893, 25.109213], [121.517756, 25.109398], [121.517441, 25.10901], [121.51731, 25.10903], [121.517415, 25.109436], [121.517544, 25.10942], [121.517528, 25.109319], [121.517225, 25.109396], [121.517142, 25.109065], [121.517016, 25.109104], [121.517095, 25.1094], [121.516924, 25.109394], [121.516851, 25.109125], [121.516724, 25.10922], [121.516762, 25.109316], [121.516424, 25.109149], [121.516447, 25.109235], [121.516211, 25.109044], [121.516149, 25.109289], [121.515988, 25.109339], [121.515488, 25.109217], [121.515293, 25.109514], [121.515064, 25.110242], [121.514853, 25.110608], [121.515636, 25.110785], [121.515848, 25.110762], [121.515877, 25.110695], [121.516036, 25.110897], [121.517208, 25.111135], [121.517471, 25.111111], [121.517557, 25.111015], [121.517447, 25.110835], [121.517222, 25.110782], [121.5172, 25.11085], [121.517347, 25.110885], [121.516462, 25.110726], [121.516505, 25.110559], [121.517099, 25.110739], [121.517186, 25.110569], [121.5168, 25.110418], [121.517049, 25.109979], [121.517846, 25.11039], [121.517904, 25.110278], [121.517809, 25.110212], [121.517922, 25.110097], [121.51814, 25.11021], [121.518082, 25.11029], [121.518499, 25.109707], [121.51814, 25.109692], [121.518073, 25.10995], [121.517879, 25.109848], [121.517683, 25.110108], [121.517571, 25.110051], [121.517619, 25.109985], [121.517339, 25.109905], [121.517392, 25.109778], [121.517451, 25.109702], [121.517578, 25.109721], [121.517559, 25.109636], [121.517726, 25.109712], [121.517775, 25.109631], [121.517991, 25.10977], [121.517955, 25.109501], [121.517376, 25.10957], [121.517221, 25.109786], [121.517001, 25.10956], [121.516741, 25.109679], [121.516701, 25.109775], [121.516431, 25.109694], [121.51636, 25.109952], [121.516063, 25.109825], [121.516126, 25.109599], [121.516363, 25.109396], [121.515981, 25.109458], [121.515974, 25.10952], [121.515506, 25.109423], [121.515587, 25.109561], [121.515899, 25.109643], [121.515773, 25.109946], [121.515431, 25.109867], [121.51539, 25.10972], [121.515599, 25.109761], [121.515819, 25.109957], [121.516028, 25.11002], [121.515956, 25.110296], [121.515347, 25.110152], [121.515315, 25.110355], [121.515196, 25.110332], [121.515727, 25.110433], [121.515697, 25.110522], [121.516312, 25.110572], [121.516293, 25.110344], [121.516198, 25.110322], [121.516444, 25.110326], [121.516495, 25.110114], [121.516194, 25.11004], [121.516611, 25.109976], [121.516653, 25.109879], [121.516815, 25.109926], [121.516571, 25.110396], [121.516983, 25.110345], [121.517154, 25.110139], [121.517338, 25.110348], [121.517264, 25.110459], [121.517446, 25.110467], [121.517516, 25.110376], [121.517745, 25.110516], [121.517696, 25.110749], [121.517476, 25.110639], [121.517605, 25.108888], [121.517431, 25.108873], [121.517348, 25.108707], [121.517195, 25.108716], [121.517155, 25.108637], [121.517008, 25.108753], [121.517045, 25.108842], [121.516922, 25.108864], [121.516865, 25.108736], [121.516686, 25.10882], [121.516564, 25.108678], [121.516477, 25.108792], [121.516516, 25.108885], [121.516603, 25.108983], [121.516728, 25.108921], [121.516387, 25.108975], [121.516172, 25.108883], [121.516162, 25.108737], [121.51678, 25.108262], [121.517361, 25.108364], [121.517438, 25.108457], [121.517671, 25.108288], [121.517605, 25.108187], [121.517473, 25.108282], [121.517504, 25.108053], [121.51761, 25.107987], [121.5178, 25.108198], [121.517948, 25.108089], [121.51807, 25.108269], [121.517929, 25.108367], [121.518019, 25.108447], [121.518118, 25.108381], [121.51828, 25.108458], [121.518446, 25.108317], [121.518279, 25.107936], [121.518111, 25.107849], [121.518174, 25.108198], [121.518512, 25.108495], [121.518664, 25.108877], [121.518882, 25.109066], [121.517892, 25.10855], [121.517744, 25.108654], [121.517667, 25.108552], [121.517799, 25.108457], [121.517519, 25.108658], [121.517624, 25.108738], [121.517328, 25.108537], [121.517235, 25.108807], [121.517551, 25.107913], [121.517491, 25.107763], [121.517735, 25.107617], [121.515974, 25.108888], [121.516042, 25.109072], [121.515966, 25.109215], [121.51572, 25.109056], [121.515648, 25.10912], [121.515823, 25.108977], [121.515312, 25.106814], [121.515323, 25.106737], [121.515217, 25.10671], [121.515555, 25.106541], [121.515585, 25.106606], [121.516305, 25.106039], [121.516152, 25.105893], [121.516031, 25.105997], [121.51609, 25.105232], [121.516769, 25.104762], [121.516889, 25.104798], [121.516566, 25.104497], [121.517188, 25.103871], [121.517338, 25.103888], [121.517455, 25.10362], [121.517608, 25.103628], [121.517647, 25.103478], [121.517263, 25.103325], [121.517268, 25.103164], [121.517977, 25.103172], [121.517977, 25.103344], [121.517805, 25.103322], [121.517204, 25.103721], [121.517559, 25.104205], [121.517599, 25.104081], [121.517747, 25.104132], [121.518353, 25.105066], [121.518107, 25.105251], [121.518255, 25.105451], [121.518454, 25.105507], [121.518597, 25.105124], [121.519725, 25.105652], [121.519476, 25.106215], [121.519383, 25.106207], [121.518912, 25.105672], [121.519025, 25.105504], [121.519088, 25.105601], [121.519478, 25.105779], [121.519411, 25.105866], [121.519257, 25.105795], [121.519032, 25.106013], [121.519386, 25.106337], [121.518957, 25.106832], [121.519049, 25.106929], [121.519203, 25.10707], [121.519591, 25.106593], [121.519467, 25.106515], [121.519216, 25.106806], [121.52003, 25.107493], [121.520074, 25.107321], [121.5196, 25.106869], [121.519864, 25.106617], [121.519974, 25.106746], [121.519879, 25.106791], [121.520252, 25.107182], [121.520297, 25.106986], [121.52012, 25.106825], [121.520356, 25.106542], [121.520516, 25.106687], [121.520406, 25.106887], [121.520609, 25.106542], [121.519836, 25.105816], [121.519528, 25.106329], [121.519819, 25.106559], [121.520097, 25.106595], [121.520248, 25.106423], [121.51988, 25.106122], [121.519828, 25.105643], [121.520018, 25.10536], [121.519808, 25.105182], [121.519732, 25.105295], [121.519383, 25.105178], [121.519352, 25.105248], [121.519247, 25.105216], [121.519398, 25.104857], [121.519478, 25.104912], [121.519392, 25.105127], [121.51905, 25.105016], [121.519142, 25.104841], [121.519052, 25.104823], [121.518934, 25.105111], [121.519003, 25.105127], [121.519032, 25.105065], [121.518592, 25.104918], [121.518966, 25.104595], [121.519228, 25.104734], [121.51927, 25.104652], [121.519058, 25.104512], [121.519337, 25.104284], [121.519444, 25.104351], [121.519405, 25.104173], [121.519612, 25.10418], [121.519473, 25.104616], [121.518556, 25.104958], [121.518665, 25.105348], [121.518532, 25.105614], [121.518425, 25.105578], [121.518696, 25.105881], [121.518818, 25.105775], [121.518942, 25.105901], [121.518693, 25.106109], [121.51864, 25.10593], [121.518452, 25.106321], [121.518683, 25.106553], [121.51838, 25.106497], [121.518297, 25.106556], [121.518104, 25.106311], [121.518075, 25.106374], [121.518005, 25.106292], [121.518062, 25.106261], [121.518013, 25.106203], [121.517963, 25.106243], [121.517877, 25.106144], [121.517957, 25.106138], [121.517803, 25.105956], [121.517832, 25.106091], [121.517691, 25.106156], [121.517955, 25.106487], [121.517843, 25.106557], [121.517429, 25.106131], [121.517614, 25.106068], [121.517432, 25.105799], [121.517686, 25.105598], [121.517933, 25.105592], [121.518022, 25.105505], [121.518089, 25.105686], [121.517935, 25.105838], [121.518267, 25.106258], [121.517988, 25.10669], [121.51814, 25.106855], [121.518232, 25.107158], [121.518087, 25.107193], [121.517919, 25.107025], [121.517986, 25.106962], [121.517906, 25.106872], [121.517832, 25.106941], [121.51775, 25.10686], [121.517836, 25.106793], [121.517611, 25.106982], [121.517835, 25.107197], [121.518317, 25.10756], [121.518525, 25.10703], [121.518611, 25.106984], [121.518403, 25.106923], [121.518617, 25.106765], [121.519362, 25.107211], [121.519911, 25.107681], [121.520765, 25.106458], [121.517377, 25.106749], [121.517312, 25.10661], [121.516925, 25.106292], [121.51731, 25.105857], [121.514737, 25.105929], [121.513901, 25.106999], [121.513673, 25.10713], [121.513162, 25.107118], [121.512925, 25.107234], [121.512765, 25.10722], [121.512676, 25.108337], [121.512314, 25.109093], [121.511192, 25.108558], [121.511227, 25.108315], [121.511125, 25.107984], [121.509578, 25.10816], [121.508844, 25.108022], [121.507285, 25.108007], [121.50724, 25.108342], [121.510641, 25.105991], [121.510693, 25.105821], [121.510856, 25.105853], [121.511394, 25.105733], [121.511026, 25.106461], [121.51019, 25.104991], [121.509697, 25.105146], [121.509883, 25.10458], [121.509441, 25.104288], [121.509532, 25.10414], [121.509455, 25.104011], [121.509287, 25.104175], [121.509191, 25.103984], [121.509297, 25.103785], [121.509254, 25.10365], [121.511246, 25.104156], [121.511616, 25.103974], [121.511794, 25.103397], [121.511832, 25.102922], [121.511821, 25.1027], [121.511647, 25.102396], [121.511833, 25.102321], [121.511333, 25.102724], [121.511429, 25.102887], [121.511541, 25.102933], [121.511631, 25.102851], [121.511313, 25.102676], [121.512513, 25.103625], [121.51272, 25.103654], [121.51269, 25.103933], [121.512478, 25.103921]]}}, {"type": "Feature", "properties": {"district": "63000120", "segment": 23, "total_segments": 36, "km": 14.94, "villages": ["建民里", "文林里", "福興里"]}, "geometry": {"type": "LineString", "coordinates": [[121.51164, 25.104724], [121.514086, 25.104684], [121.514163, 25.103862], [121.513994, 25.103857], [121.514196, 25.102264], [121.514426, 25.102276], [121.514485, 25.101992], [121.512706, 25.101937], [121.51731, 25.10279], [121.516714, 25.10638], [121.517183, 25.106928], [121.517295, 25.106964], [121.517361, 25.107144], [121.517501, 25.107148], [121.517797, 25.107403], [121.516915, 25.108009], [121.516669, 25.107804], [121.516616, 25.107934], [121.516085, 25.107621], [121.516089, 25.107457], [121.516016, 25.107416], [121.5159, 25.107541], [121.515949, 25.107802], [121.516266, 25.108002], [121.516068, 25.108379], [121.515798, 25.10848], [121.515915, 25.108213], [121.515824, 25.108171], [121.515983, 25.108003], [121.516052, 25.108041], [121.515905, 25.107961], [121.516306, 25.107943], [121.516335, 25.107583], [121.516205, 25.107456], [121.51617, 25.107226], [121.516621, 25.106904], [121.516351, 25.106661], [121.515435, 25.107321], [121.515551, 25.107466], [121.516145, 25.106971], [121.516688, 25.107626], [121.516848, 25.107546], [121.516933, 25.10765], [121.517069, 25.107565], [121.516924, 25.107399], [121.517078, 25.107288], [121.517192, 25.107407], [121.51696, 25.107147], [121.516699, 25.107268], [121.516583, 25.107118], [121.516889, 25.106878], [121.516967, 25.10697], [121.516904, 25.107011], [121.5168, 25.106709], [121.516524, 25.10655], [121.516396, 25.106561], [121.516864, 25.107699], [121.516771, 25.108114], [121.515372, 25.109155], [121.515127, 25.109138], [121.515049, 25.109222], [121.514684, 25.109154], [121.514719, 25.109074], [121.514805, 25.109088], [121.51404, 25.108924], [121.514047, 25.109051], [121.514514, 25.109136], [121.514401, 25.109316], [121.514158, 25.109274], [121.514185, 25.109556], [121.514344, 25.109466], [121.514523, 25.109504], [121.51448, 25.109613], [121.514677, 25.109653], [121.514796, 25.109341], [121.514583, 25.109358], [121.514843, 25.109567], [121.514755, 25.109995], [121.514919, 25.11007], [121.515086, 25.109732], [121.515038, 25.109623], [121.515132, 25.109592], [121.515239, 25.109277], [121.514683, 25.10885], [121.513952, 25.108602], [121.513861, 25.108602], [121.513607, 25.108845], [121.513818, 25.108911], [121.513651, 25.109077], [121.513604, 25.109021], [121.513588, 25.10916], [121.513348, 25.10907], [121.51252, 25.109911], [121.5129, 25.110152], [121.512997, 25.110112], [121.513324, 25.110279], [121.513901, 25.110405], [121.514108, 25.110005], [121.51455, 25.110135], [121.51448, 25.110257], [121.514263, 25.110167], [121.514418, 25.109949], [121.514502, 25.109973], [121.514541, 25.109843], [121.514163, 25.109869], [121.513191, 25.109474], [121.513075, 25.109643], [121.513133, 25.109696], [121.51306, 25.109763], [121.513002, 25.109708], [121.512819, 25.109909], [121.513093, 25.109959], [121.513314, 25.109808], [121.513385, 25.109884], [121.513262, 25.109995], [121.513571, 25.110127], [121.513653, 25.109827], [121.513396, 25.109731], [121.513515, 25.109983], [121.513853, 25.109919], [121.513862, 25.110003], [121.513992, 25.109966], [121.513841, 25.110173], [121.514139, 25.110464], [121.514609, 25.110551], [121.514873, 25.110205], [121.514047, 25.109525], [121.513808, 25.109517], [121.513372, 25.109343], [121.513462, 25.108965], [121.51396, 25.109058], [121.513851, 25.109332], [121.513976, 25.109393], [121.514068, 25.108526], [121.513997, 25.108476], [121.514618, 25.107966], [121.514907, 25.108202], [121.514801, 25.108531], [121.514637, 25.108626], [121.514388, 25.108509], [121.513998, 25.110567], [121.514505, 25.110688], [121.514391, 25.110933], [121.514024, 25.110896], [121.513744, 25.110731], [121.5136, 25.110764], [121.513481, 25.110607], [121.513409, 25.110641], [121.513515, 25.110868], [121.513446, 25.110983], [121.512979, 25.111006], [121.512967, 25.111131], [121.512729, 25.111155], [121.512827, 25.11082], [121.513165, 25.110743], [121.513111, 25.110583], [121.51321, 25.110569], [121.513317, 25.110838], [121.51318, 25.110787], [121.513394, 25.110602], [121.5134, 25.110437], [121.512355, 25.110116], [121.512313, 25.110163], [121.512513, 25.110389], [121.512256, 25.110502], [121.51229, 25.110667], [121.512586, 25.11069], [121.512694, 25.110769], [121.512443, 25.111423], [121.512583, 25.111471], [121.512479, 25.111654], [121.512138, 25.111647], [121.511798, 25.111823], [121.511745, 25.111744], [121.512211, 25.111438], [121.512252, 25.11148], [121.512035, 25.111317], [121.512121, 25.111151], [121.512063, 25.110622], [121.511939, 25.110646], [121.51192, 25.111192], [121.511763, 25.111421], [121.511864, 25.111449], [121.51199, 25.111364], [121.511798, 25.111535], [121.511557, 25.11162], [121.511519, 25.111554], [121.511615, 25.111483], [121.511516, 25.111347], [121.511384, 25.111432], [121.510805, 25.111928], [121.510884, 25.112034], [121.510765, 25.112148], [121.510641, 25.112078], [121.510544, 25.112129], [121.510708, 25.11227], [121.510675, 25.112421], [121.510524, 25.112543], [121.510443, 25.112436], [121.510248, 25.112569], [121.510128, 25.112435], [121.509779, 25.11239], [121.510137, 25.112103], [121.510342, 25.112243], [121.510294, 25.112305], [121.510225, 25.11226], [121.509903, 25.112733], [121.509619, 25.11258], [121.510285, 25.11294], [121.510604, 25.112579], [121.510734, 25.112698], [121.510918, 25.112521], [121.510843, 25.11241], [121.510794, 25.112454], [121.511514, 25.111907], [121.511606, 25.111986], [121.511566, 25.112063], [121.511829, 25.11266], [121.511712, 25.112635], [121.511411, 25.112133], [121.51102, 25.112424], [121.511243, 25.112634], [121.511088, 25.112657], [121.510982, 25.112758], [121.511042, 25.11282], [121.511082, 25.11278], [121.510865, 25.112868], [121.511149, 25.113022], [121.511563, 25.11269], [121.511419, 25.112493], [121.511289, 25.112496], [121.511428, 25.112382], [121.511119, 25.111984], [121.510605, 25.111955], [121.510464, 25.112052], [121.510313, 25.111896], [121.510246, 25.111955], [121.511155, 25.111184], [121.511329, 25.1113], [121.511332, 25.111059], [121.511856, 25.110503], [121.512223, 25.110802], [121.512324, 25.111153], [121.512684, 25.111308], [121.512627, 25.111391], [121.51287, 25.111465], [121.512936, 25.111337], [121.51307, 25.111581], [121.51366, 25.111926], [121.512399, 25.11355], [121.512168, 25.113422], [121.512185, 25.113313], [121.512233, 25.113248], [121.512382, 25.113353], [121.512489, 25.113205], [121.512154, 25.113], [121.512252, 25.112893], [121.512333, 25.112941], [121.512625, 25.112554], [121.512467, 25.112467], [121.512539, 25.112332], [121.512815, 25.112542], [121.512776, 25.112628], [121.512707, 25.112592], [121.512713, 25.112741], [121.512476, 25.11301], [121.512555, 25.113061], [121.512979, 25.112503], [121.512587, 25.112204], [121.512721, 25.112128], [121.51307, 25.11239], [121.51309, 25.112261], [121.51273, 25.111963], [121.512654, 25.112065], [121.512489, 25.111938], [121.512473, 25.111819], [121.512583, 25.111846], [121.512643, 25.111738], [121.512533, 25.111721], [121.512725, 25.111645], [121.513379, 25.112031], [121.513222, 25.112113], [121.512791, 25.111842], [121.512405, 25.112121], [121.512319, 25.112089], [121.511981, 25.112739], [121.512095, 25.112788], [121.511644, 25.112882], [121.511596, 25.112973], [121.511727, 25.113132], [121.511685, 25.113204], [121.511562, 25.113134], [121.511424, 25.11332], [121.511278, 25.113245], [121.511491, 25.11302], [121.511178, 25.113162], [121.511058, 25.113355], [121.511401, 25.113536], [121.511652, 25.113504], [121.511751, 25.11373], [121.511874, 25.113796], [121.51209, 25.113828], [121.511021, 25.11312], [121.510899, 25.113244], [121.510442, 25.113016], [121.511328, 25.111733], [121.51204, 25.112064], [121.512222, 25.111911], [121.512222, 25.111815], [121.512292, 25.111872], [121.51228, 25.111965], [121.512121, 25.111816], [121.512176, 25.111772], [121.511996, 25.111935], [121.512152, 25.112173], [121.512029, 25.112404], [121.513459, 25.111316], [121.513888, 25.111628], [121.513835, 25.1117], [121.513702, 25.111773], [121.5134, 25.111575], [121.51377, 25.111187], [121.513859, 25.111202], [121.513834, 25.111301], [121.514025, 25.111429], [121.514271, 25.111098], [121.513975, 25.111497], [121.513656, 25.111118], [121.513851, 25.110545], [121.513454, 25.110449], [121.512957, 25.110501], [121.512937, 25.11062], [121.51278, 25.110561], [121.512789, 25.110482], [121.512516, 25.110543], [121.510972, 25.1101], [121.51057, 25.110722], [121.510318, 25.110645], [121.509702, 25.110206], [121.5088, 25.109946], [121.508257, 25.110386], [121.508098, 25.110391], [121.507266, 25.109008], [121.508968, 25.108359], [121.50976, 25.108379], [121.51022, 25.108622], [121.509562, 25.108686], [121.509827, 25.109005], [121.510764, 25.108595], [121.511086, 25.108688], [121.511156, 25.109075], [121.509995, 25.111368], [121.509743, 25.111496], [121.509192, 25.1121], [121.509049, 25.111906], [121.508734, 25.112529], [121.508422, 25.112725], [121.507199, 25.111997], [121.506024, 25.112044]]}}, {"type": "Feature", "properties": {"district": "63000120", "segment": 24, "total_segments": 36, "km": 14.74, "villages": ["榮光里", "裕民里"]}, "geometry": {"type": "LineString", "coordinates": [[121.51244, 25.114031], [121.51267, 25.114036], [121.513349, 25.114353], [121.513501, 25.114347], [121.513557, 25.114109], [121.513678, 25.114091], [121.513757, 25.113977], [121.513334, 25.11382], [121.513245, 25.113683], [121.513308, 25.113555], [121.513212, 25.113499], [121.513379, 25.113312], [121.5136, 25.113569], [121.513518, 25.113642], [121.51368, 25.113749], [121.513803, 25.113615], [121.513962, 25.113711], [121.513839, 25.113879], [121.514031, 25.113906], [121.513729, 25.114247], [121.513885, 25.114296], [121.514015, 25.114122], [121.51458, 25.114106], [121.514927, 25.114391], [121.515146, 25.114129], [121.515341, 25.114171], [121.515366, 25.114229], [121.515005, 25.114697], [121.514523, 25.114323], [121.514742, 25.114034], [121.514917, 25.114176], [121.515011, 25.114032], [121.514747, 25.113822], [121.514838, 25.113679], [121.515167, 25.113904], [121.515306, 25.113908], [121.515654, 25.113401], [121.515815, 25.113508], [121.515389, 25.114086], [121.515114, 25.113624], [121.515194, 25.113495], [121.515325, 25.113581], [121.515137, 25.11346], [121.514979, 25.113502], [121.514486, 25.11329], [121.514729, 25.112947], [121.514619, 25.112874], [121.514437, 25.113092], [121.51416, 25.112933], [121.514076, 25.113031], [121.514363, 25.113189], [121.514246, 25.113212], [121.51445, 25.113341], [121.514392, 25.113423], [121.514695, 25.113611], [121.514531, 25.113714], [121.514524, 25.113846], [121.514209, 25.113639], [121.514345, 25.113599], [121.514461, 25.113671], [121.514656, 25.113969], [121.514044, 25.113597], [121.513996, 25.113664], [121.513986, 25.113464], [121.513438, 25.113098], [121.513462, 25.11297], [121.51326, 25.112942], [121.514528, 25.11115], [121.514887, 25.111393], [121.514329, 25.112214], [121.514275, 25.112074], [121.514383, 25.11193], [121.51427, 25.111837], [121.513927, 25.11229], [121.514126, 25.112398], [121.513818, 25.112694], [121.513932, 25.11276], [121.514073, 25.112576], [121.514459, 25.112796], [121.514559, 25.11266], [121.514319, 25.112508], [121.514426, 25.112341], [121.51472, 25.112507], [121.514775, 25.112421], [121.514698, 25.112363], [121.514903, 25.112253], [121.515031, 25.112315], [121.514696, 25.112758], [121.514883, 25.112811], [121.515983, 25.111361], [121.516144, 25.111541], [121.516042, 25.111695], [121.516108, 25.111743], [121.51623, 25.111631], [121.51637, 25.111764], [121.51629, 25.111861], [121.516575, 25.111904], [121.51673, 25.11203], [121.516551, 25.112166], [121.51633, 25.112033], [121.516264, 25.112136], [121.516381, 25.112216], [121.516605, 25.11232], [121.516644, 25.112246], [121.516468, 25.112417], [121.516021, 25.112131], [121.516069, 25.112011], [121.516148, 25.112059], [121.515789, 25.111822], [121.515734, 25.111936], [121.515898, 25.112038], [121.51577, 25.112219], [121.515592, 25.112115], [121.51558, 25.112253], [121.516214, 25.112641], [121.516287, 25.112544], [121.516368, 25.112591], [121.516511, 25.112483], [121.515958, 25.113333], [121.515747, 25.113199], [121.515704, 25.113256], [121.515596, 25.113212], [121.51544, 25.113387], [121.515208, 25.113232], [121.51547, 25.112978], [121.515635, 25.113162], [121.515842, 25.112828], [121.515623, 25.112691], [121.515419, 25.112948], [121.515242, 25.112858], [121.515391, 25.112691], [121.515275, 25.112637], [121.515465, 25.112456], [121.515564, 25.112492], [121.515482, 25.112592], [121.515708, 25.11259], [121.516081, 25.112818], [121.515785, 25.113148], [121.515205, 25.112891], [121.515022, 25.113111], [121.514928, 25.11306], [121.514886, 25.113231], [121.514076, 25.112801], [121.513784, 25.11296], [121.513708, 25.112939], [121.513751, 25.112853], [121.513671, 25.112792], [121.513606, 25.112891], [121.513512, 25.112826], [121.513573, 25.113037], [121.513311, 25.11324], [121.513235, 25.113176], [121.512873, 25.113681], [121.512986, 25.113759], [121.513035, 25.113717], [121.512903, 25.113904], [121.512728, 25.113794], [121.512663, 25.113948], [121.513235, 25.113953], [121.513613, 25.114444], [121.514772, 25.114908], [121.515215, 25.115005], [121.516205, 25.112489], [121.515312, 25.111962], [121.515116, 25.112218], [121.514912, 25.112019], [121.515015, 25.111894], [121.51484, 25.111793], [121.514727, 25.111945], [121.514719, 25.112145], [121.515057, 25.111483], [121.515437, 25.111756], [121.515353, 25.111908], [121.515592, 25.111503], [121.51529, 25.111319], [121.515304, 25.111205], [121.515374, 25.111201], [121.515283, 25.111157], [121.515329, 25.111075], [121.51539, 25.110998], [121.515451, 25.111036], [121.515258, 25.111077], [121.515298, 25.110866], [121.514677, 25.110781], [121.514643, 25.110842], [121.514822, 25.110913], [121.515343, 25.110877], [121.515669, 25.110993], [121.515859, 25.111265], [121.515649, 25.111531], [121.516137, 25.11132], [121.516667, 25.111802], [121.516843, 25.111878], [121.516972, 25.111679], [121.51715, 25.111802], [121.516969, 25.11196], [121.516836, 25.111566], [121.516264, 25.111184], [121.516122, 25.111136], [121.516057, 25.1112], [121.516604, 25.111507], [121.516866, 25.111313], [121.516828, 25.111193], [121.51748, 25.111348], [121.514556, 25.111458], [121.514403, 25.111786], [121.514345, 25.111751], [121.513671, 25.112644], [121.513137, 25.113], [121.512939, 25.113296], [121.516308, 25.114177], [121.516551, 25.114436], [121.516654, 25.114333], [121.51639, 25.114111], [121.517017, 25.113793], [121.51717, 25.11405], [121.517458, 25.113944], [121.517538, 25.114221], [121.517676, 25.114219], [121.517637, 25.114103], [121.517834, 25.114054], [121.517775, 25.113827], [121.517894, 25.113661], [121.5181, 25.113578], [121.518151, 25.113783], [121.518254, 25.113744], [121.518266, 25.114291], [121.518411, 25.114272], [121.518328, 25.113903], [121.518519, 25.113936], [121.51852, 25.114236], [121.518611, 25.114289], [121.518611, 25.113822], [121.518767, 25.113849], [121.518817, 25.114633], [121.518701, 25.114658], [121.518629, 25.114446], [121.518224, 25.114457], [121.518134, 25.114532], [121.518134, 25.114446], [121.518045, 25.114451], [121.517918, 25.11448], [121.517976, 25.114775], [121.518176, 25.11474], [121.518151, 25.114634], [121.518242, 25.114608], [121.518257, 25.114744], [121.518439, 25.114722], [121.518409, 25.114552], [121.51854, 25.114577], [121.518557, 25.11469], [121.518974, 25.11461], [121.518946, 25.114423], [121.519078, 25.114209], [121.51904, 25.114028], [121.519221, 25.114011], [121.519276, 25.113894], [121.519201, 25.113711], [121.51954, 25.113662], [121.519634, 25.113849], [121.51938, 25.113907], [121.519401, 25.114014], [121.519662, 25.113999], [121.51968, 25.114094], [121.519523, 25.113321], [121.519351, 25.113386], [121.519343, 25.113554], [121.519251, 25.113569], [121.519193, 25.113398], [121.518924, 25.113433], [121.51896, 25.113568], [121.519055, 25.11355], [121.519038, 25.11386], [121.518591, 25.113598], [121.518433, 25.113321], [121.518281, 25.113352], [121.518269, 25.113168], [121.518503, 25.11314], [121.51841, 25.112788], [121.518231, 25.112854], [121.518215, 25.112775], [121.518077, 25.112782], [121.518066, 25.112725], [121.518125, 25.113023], [121.518259, 25.113001], [121.518246, 25.112936], [121.518119, 25.113187], [121.518031, 25.1132], [121.51792, 25.112979], [121.517675, 25.112979], [121.517639, 25.113112], [121.517637, 25.11284], [121.517485, 25.11276], [121.517542, 25.112605], [121.517773, 25.112726], [121.51787, 25.112694], [121.517882, 25.112525], [121.517967, 25.112542], [121.518011, 25.112418], [121.517614, 25.11225], [121.517697, 25.112107], [121.518013, 25.112197], [121.517778, 25.111977], [121.518132, 25.111941], [121.518515, 25.112234], [121.518247, 25.112245], [121.518231, 25.112432], [121.518685, 25.112355], [121.518786, 25.11221], [121.518705, 25.112154], [121.518674, 25.111953], [121.518487, 25.111942], [121.518412, 25.111566], [121.518168, 25.11152], [121.518276, 25.111489], [121.518138, 25.111398], [121.518212, 25.11128], [121.518368, 25.111329], [121.518404, 25.111264], [121.518273, 25.111189], [121.51835, 25.111066], [121.518494, 25.111125], [121.518529, 25.111061], [121.518403, 25.11098], [121.518476, 25.110863], [121.518741, 25.11099], [121.518813, 25.110859], [121.518584, 25.110713], [121.518646, 25.110565], [121.519408, 25.109498], [121.519946, 25.109893], [121.520051, 25.110084], [121.519514, 25.110746], [121.519707, 25.110818], [121.52007, 25.11042], [121.52016, 25.110686], [121.520279, 25.110736], [121.5205, 25.111039], [121.520608, 25.11102], [121.520661, 25.111096], [121.520571, 25.111148], [121.52062, 25.111239], [121.520733, 25.111222], [121.520709, 25.111311], [121.520884, 25.111287], [121.520581, 25.1107], [121.520393, 25.110529], [121.520108, 25.110743], [121.520131, 25.110866], [121.519817, 25.110993], [121.519725, 25.111127], [121.51988, 25.111389], [121.519785, 25.111412], [121.519722, 25.111328], [121.519597, 25.111508], [121.519635, 25.111616], [121.519985, 25.111551], [121.520109, 25.111383], [121.519929, 25.111118], [121.520145, 25.111019], [121.520329, 25.111337], [121.520218, 25.111364], [121.520285, 25.111678], [121.520455, 25.111661], [121.520507, 25.111898], [121.520334, 25.111923], [121.520383, 25.11206], [121.520693, 25.112006], [121.520612, 25.111871], [121.521, 25.111747], [121.520923, 25.111974], [121.521232, 25.111935], [121.520958, 25.111509], [121.520454, 25.111296], [121.520254, 25.110939], [121.519605, 25.111066], [121.519547, 25.11135], [121.519428, 25.111336], [121.519458, 25.111234], [121.51942, 25.111521], [121.519539, 25.112189], [121.51935, 25.112254], [121.519183, 25.111355], [121.518879, 25.111074], [121.519142, 25.110689], [121.519019, 25.11062], [121.518969, 25.110687], [121.519187, 25.110438], [121.5191, 25.110392], [121.519261, 25.110302], [121.519304, 25.110197], [121.519233, 25.110136], [121.519376, 25.10997], [121.519428, 25.110012], [121.519322, 25.109927], [121.51943, 25.109811], [121.519769, 25.110114], [121.519477, 25.110348], [121.519549, 25.1104], [121.519431, 25.11043], [121.519417, 25.110554], [121.519301, 25.110499], [121.519241, 25.110568], [121.519351, 25.110948], [121.518952, 25.111344], [121.518627, 25.111141], [121.51847, 25.111384], [121.518727, 25.11155], [121.518584, 25.111663], [121.518624, 25.111784], [121.519002, 25.111704], [121.518989, 25.111445], [121.518885, 25.1115], [121.518888, 25.111586], [121.51869, 25.11132], [121.518077, 25.111493], [121.517998, 25.111618], [121.518122, 25.11179], [121.518275, 25.11182], [121.5183, 25.111947], [121.518506, 25.112038], [121.518863, 25.112086], [121.518921, 25.111913], [121.519115, 25.112007], [121.519145, 25.112313], [121.518887, 25.112371], [121.518943, 25.112492], [121.519394, 25.112438], [121.519467, 25.112819], [121.518839, 25.112951], [121.518783, 25.112789], [121.519266, 25.112698], [121.519251, 25.112623], [121.518773, 25.11271], [121.518879, 25.112508], [121.51774, 25.11259], [121.51772, 25.112479], [121.517469, 25.11243], [121.517434, 25.112566], [121.517511, 25.112594], [121.517362, 25.112558], [121.516787, 25.113351], [121.516907, 25.113555], [121.516689, 25.11347], [121.517963, 25.113376], [121.51823, 25.113563], [121.517998, 25.113796], [121.518113, 25.114281], [121.517901, 25.114316], [121.517843, 25.114089], [121.517715, 25.114351], [121.517542, 25.114352], [121.517738, 25.115003], [121.517308, 25.115134], [121.517317, 25.115237], [121.516989, 25.115273], [121.51687, 25.114912], [121.517374, 25.114734], [121.517486, 25.115221]]}}, {"type": "Feature", "properties": {"district": "63000120", "segment": 25, "total_segments": 36, "km": 10.24, "villages": ["裕民里", "振華里"]}, "geometry": {"type": "LineString", "coordinates": [[121.519747, 25.112201], [121.520193, 25.112122], [121.520034, 25.111762], [121.519905, 25.111786], [121.519948, 25.112021], [121.519731, 25.112054], [121.519646, 25.11171], [121.519783, 25.112319], [121.519711, 25.11233], [121.519747, 25.112502], [121.519643, 25.1125], [121.51969, 25.112706], [121.520002, 25.112597], [121.520004, 25.112461], [121.520291, 25.112413], [121.520305, 25.112549], [121.520153, 25.112573], [121.520163, 25.112721], [121.520324, 25.112695], [121.520355, 25.112844], [121.519705, 25.112923], [121.519746, 25.113293], [121.520132, 25.113234], [121.520089, 25.113078], [121.519917, 25.113101], [121.520277, 25.113032], [121.520385, 25.113014], [121.520396, 25.113176], [121.52031, 25.11319], [121.520242, 25.113423], [121.519798, 25.113489], [121.519832, 25.113614], [121.520464, 25.113536], [121.520504, 25.113675], [121.520353, 25.113678], [121.520337, 25.1138], [121.519993, 25.113865], [121.519939, 25.11375], [121.520014, 25.11374], [121.519863, 25.113914], [121.519986, 25.114117], [121.520089, 25.114101], [121.520088, 25.113972], [121.520229, 25.114079], [121.520556, 25.114028], [121.520562, 25.113908], [121.520422, 25.113792], [121.520678, 25.113619], [121.520663, 25.113511], [121.520797, 25.113644], [121.521093, 25.113545], [121.521154, 25.113431], [121.521422, 25.113481], [121.521233, 25.113259], [121.520627, 25.11333], [121.520601, 25.11317], [121.520792, 25.113139], [121.520763, 25.112977], [121.520566, 25.113002], [121.520615, 25.11281], [121.521001, 25.112727], [121.520844, 25.112503], [121.520939, 25.112489], [121.520492, 25.112557], [121.520509, 25.112675], [121.52074, 25.112654], [121.520513, 25.112789], [121.520843, 25.112968], [121.521408, 25.112905], [121.521387, 25.112668], [121.521116, 25.112585], [121.521032, 25.112302], [121.521304, 25.112283], [121.521397, 25.11221], [121.52135, 25.112096], [121.520999, 25.112137], [121.521646, 25.11263], [121.521805, 25.113131], [121.521448, 25.113141], [121.521418, 25.112988], [121.520885, 25.113476], [121.520989, 25.113875], [121.521533, 25.113846], [121.5216, 25.114025], [121.52174, 25.114003], [121.521504, 25.114348], [121.520876, 25.114449], [121.520849, 25.114327], [121.521152, 25.114277], [121.521084, 25.114079], [121.519919, 25.114282], [121.520103, 25.114771], [121.520197, 25.114755], [121.520223, 25.114606], [121.520662, 25.114479], [121.520608, 25.114362], [121.520533, 25.114375], [121.52066, 25.114676], [121.520719, 25.114666], [121.52047, 25.114708], [121.520502, 25.114839], [121.520084, 25.11489], [121.520112, 25.115], [121.520384, 25.115055], [121.520775, 25.115], [121.520681, 25.115096], [121.520697, 25.115304], [121.520559, 25.11533], [121.520453, 25.115202], [121.520344, 25.115343], [121.51937, 25.115572], [121.519394, 25.115711], [121.519984, 25.1156], [121.520035, 25.115809], [121.51944, 25.11592], [121.519463, 25.116031], [121.520054, 25.115922], [121.520091, 25.116121], [121.519495, 25.116226], [121.519521, 25.116357], [121.52012, 25.116256], [121.520149, 25.116429], [121.519755, 25.116507], [121.519779, 25.116603], [121.520165, 25.116546], [121.520191, 25.116707], [121.519332, 25.116862], [121.519297, 25.116679], [121.519117, 25.11671], [121.519084, 25.116625], [121.518995, 25.116638], [121.519016, 25.116727], [121.518918, 25.116743], [121.518887, 25.116654], [121.518274, 25.116824], [121.518285, 25.11674], [121.518132, 25.116756], [121.518171, 25.116836], [121.517898, 25.116858], [121.518005, 25.116759], [121.517817, 25.116792], [121.517817, 25.11703], [121.518399, 25.116974], [121.518515, 25.116882], [121.519054, 25.116898], [121.519183, 25.116605], [121.51928, 25.116573], [121.519371, 25.116556], [121.519419, 25.11666], [121.519648, 25.116631], [121.519629, 25.116517], [121.51934, 25.116387], [121.518664, 25.116499], [121.518668, 25.116379], [121.519307, 25.116264], [121.519261, 25.11606], [121.519172, 25.116073], [121.519141, 25.115973], [121.519235, 25.115955], [121.519187, 25.115744], [121.518026, 25.115959], [121.517998, 25.115738], [121.517843, 25.115753], [121.517856, 25.11581], [121.517835, 25.115658], [121.517967, 25.115581], [121.517812, 25.115505], [121.517924, 25.115403], [121.517782, 25.115314], [121.517744, 25.115164], [121.517899, 25.115213], [121.517887, 25.116013], [121.517959, 25.11644], [121.518158, 25.116452], [121.518178, 25.116548], [121.518268, 25.116542], [121.518284, 25.116432], [121.518574, 25.116396], [121.518508, 25.116521], [121.517774, 25.1166], [121.518119, 25.116241], [121.518248, 25.116223], [121.518129, 25.116165], [121.518346, 25.116209], [121.518397, 25.116202], [121.518351, 25.11612], [121.518488, 25.116098], [121.518522, 25.116183], [121.518806, 25.116134], [121.518808, 25.116036], [121.51897, 25.116004], [121.519007, 25.116106], [121.51859, 25.116081], [121.518959, 25.115281], [121.519826, 25.115196], [121.519898, 25.115305], [121.519332, 25.115411], [121.51925, 25.115089], [121.519782, 25.114975], [121.519729, 25.114835], [121.519798, 25.114768], [121.519751, 25.114524], [121.519624, 25.114751], [121.519279, 25.11484], [121.519257, 25.114736], [121.519401, 25.114665], [121.519154, 25.114411], [121.520559, 25.11483], [121.520925, 25.114747], [121.520941, 25.114905], [121.52115, 25.114755], [121.521399, 25.11488], [121.521609, 25.114869], [121.521511, 25.114536], [121.520914, 25.114628], [121.521049, 25.11519], [121.521598, 25.115131], [121.520779, 25.115289], [121.520794, 25.113909], [121.521956, 25.113677], [121.521971, 25.113729], [121.520086, 25.112733], [121.519915, 25.11276], [121.51986, 25.112486], [121.519915, 25.112476], [121.519911, 25.112308], [121.52023, 25.112254], [121.516335, 25.114625], [121.516149, 25.114874], [121.516049, 25.11477], [121.516248, 25.114509], [121.516065, 25.114372], [121.515577, 25.11516], [121.515737, 25.115218], [121.515845, 25.115367], [121.516077, 25.115339], [121.515692, 25.115502], [121.515469, 25.115321], [121.515825, 25.115701], [121.515963, 25.115979], [121.516083, 25.115994], [121.515988, 25.115613], [121.516268, 25.11547], [121.516209, 25.11569], [121.516355, 25.116128], [121.516089, 25.116238], [121.516327, 25.116654], [121.517093, 25.116523], [121.516942, 25.115992], [121.516498, 25.116091], [121.516418, 25.116165], [121.516434, 25.116309], [121.516297, 25.116338], [121.516335, 25.116416], [121.516867, 25.11631], [121.516836, 25.116223], [121.516485, 25.116298], [121.516549, 25.116785], [121.517166, 25.11669], [121.517113, 25.117046], [121.516482, 25.117103], [121.516374, 25.116877], [121.516495, 25.116793], [121.517032, 25.117171], [121.517423, 25.117185], [121.51742, 25.116986], [121.51745, 25.117642], [121.517068, 25.117372], [121.516926, 25.117628], [121.517432, 25.117924], [121.516653, 25.117434], [121.515991, 25.114854], [121.521347, 25.117549]]}}, {"type": "Feature", "properties": {"district": "63000120", "segment": 26, "total_segments": 36, "km": 11.69, "villages": ["永明里", "吉利里"]}, "geometry": {"type": "LineString", "coordinates": [[121.518568, 25.118809], [121.517701, 25.118292], [121.516916, 25.117943], [121.51666, 25.117975], [121.516543, 25.117704], [121.516356, 25.117595], [121.516043, 25.117696], [121.515902, 25.117418], [121.515752, 25.117494], [121.51558, 25.117209], [121.515512, 25.117331], [121.515213, 25.117448], [121.515158, 25.117254], [121.515013, 25.11713], [121.514859, 25.117203], [121.514943, 25.117639], [121.514173, 25.117759], [121.514143, 25.117631], [121.513959, 25.117719], [121.513919, 25.117921], [121.514459, 25.117907], [121.514596, 25.118063], [121.514606, 25.118174], [121.514484, 25.118189], [121.514511, 25.118297], [121.514587, 25.118289], [121.514133, 25.118237], [121.514074, 25.118074], [121.513867, 25.118186], [121.51361, 25.117952], [121.513311, 25.118231], [121.513588, 25.11842], [121.51391, 25.118351], [121.514086, 25.118557], [121.513372, 25.118671], [121.513409, 25.118548], [121.513197, 25.11869], [121.513069, 25.11863], [121.51322, 25.118412], [121.51297, 25.118772], [121.513738, 25.117861], [121.513651, 25.117737], [121.513821, 25.117493], [121.51398, 25.117509], [121.51402, 25.117422], [121.513933, 25.117331], [121.514044, 25.117164], [121.51427, 25.11721], [121.514413, 25.11711], [121.514767, 25.117099], [121.514728, 25.117307], [121.514435, 25.117242], [121.514514, 25.117482], [121.515133, 25.117609], [121.515222, 25.117801], [121.515356, 25.117762], [121.515272, 25.117579], [121.515466, 25.117491], [121.515668, 25.117982], [121.515786, 25.117899], [121.51572, 25.117757], [121.515855, 25.117664], [121.515994, 25.118021], [121.51616, 25.117956], [121.51638, 25.118507], [121.5168, 25.118532], [121.51686, 25.118464], [121.516738, 25.11816], [121.516415, 25.118101], [121.516226, 25.117797], [121.516142, 25.117834], [121.516084, 25.118196], [121.516229, 25.118489], [121.515937, 25.11859], [121.515741, 25.118501], [121.515757, 25.11858], [121.515083, 25.11868], [121.515038, 25.118501], [121.515453, 25.118484], [121.515446, 25.118293], [121.515409, 25.118212], [121.515144, 25.118118], [121.515107, 25.118019], [121.514798, 25.118099], [121.514774, 25.117906], [121.515045, 25.117864], [121.515275, 25.117946], [121.51532, 25.118052], [121.51548, 25.117974], [121.515645, 25.118288], [121.515775, 25.118211], [121.515817, 25.118294], [121.515925, 25.118279], [121.515895, 25.118195], [121.515975, 25.118399], [121.514939, 25.118287], [121.51485, 25.118689], [121.514525, 25.118668], [121.514534, 25.118725], [121.514398, 25.11874], [121.514363, 25.118509], [121.514243, 25.118424], [121.51421, 25.118064], [121.514691, 25.117916], [121.514348, 25.117585], [121.51423, 25.117589], [121.5141, 25.117467], [121.514159, 25.117079], [121.514573, 25.116404], [121.514931, 25.116435], [121.514856, 25.116535], [121.515031, 25.116671], [121.515202, 25.116502], [121.514896, 25.116006], [121.515027, 25.115955], [121.515735, 25.11694], [121.516158, 25.116853], [121.51622, 25.11703], [121.516151, 25.117056], [121.516264, 25.117103], [121.516407, 25.117388], [121.516073, 25.117176], [121.515995, 25.1172], [121.515943, 25.117128], [121.516032, 25.117097], [121.515756, 25.117133], [121.515484, 25.117008], [121.515179, 25.117025], [121.515206, 25.116867], [121.515367, 25.11684], [121.515315, 25.116729], [121.51567, 25.116581], [121.515724, 25.116651], [121.515821, 25.116624], [121.515624, 25.116487], [121.515668, 25.116398], [121.515559, 25.116407], [121.515489, 25.116189], [121.515619, 25.116049], [121.51517, 25.115617], [121.514653, 25.116289], [121.51467, 25.116596], [121.515791, 25.116759], [121.516056, 25.116631], [121.515662, 25.116085], [121.515785, 25.117562], [121.515432, 25.117873], [121.517869, 25.118688], [121.517978, 25.118906], [121.518076, 25.118894], [121.513177, 25.117398], [121.513152, 25.117242], [121.512978, 25.117258], [121.512572, 25.116964], [121.512484, 25.117061], [121.512927, 25.117477], [121.512747, 25.117625], [121.512635, 25.117627], [121.512621, 25.117498], [121.512764, 25.117488], [121.512383, 25.117499], [121.51241, 25.117669], [121.512154, 25.117688], [121.512068, 25.117198], [121.512369, 25.116981], [121.512197, 25.116861], [121.511617, 25.117118], [121.511214, 25.117394], [121.511188, 25.117217], [121.511818, 25.11688], [121.511754, 25.116642], [121.511834, 25.116482], [121.511527, 25.115857], [121.511129, 25.115847], [121.511102, 25.115971], [121.510784, 25.115967], [121.509864, 25.115881], [121.509794, 25.115865], [121.509801, 25.11577], [121.511019, 25.115816], [121.511164, 25.115976], [121.511378, 25.115958], [121.511329, 25.115659], [121.511092, 25.115573], [121.511125, 25.115513], [121.511514, 25.115547], [121.511518, 25.115682], [121.511745, 25.11569], [121.511527, 25.115346], [121.509812, 25.115294], [121.509813, 25.115587], [121.50999, 25.115598], [121.510021, 25.115508], [121.509932, 25.115499], [121.510468, 25.115513], [121.510658, 25.115628], [121.510785, 25.115465], [121.510859, 25.115533], [121.510803, 25.115646], [121.510962, 25.115618], [121.510965, 25.115538], [121.510477, 25.115628], [121.510114, 25.115606], [121.509968, 25.116035], [121.509658, 25.116033], [121.509671, 25.115884], [121.509653, 25.116336], [121.510173, 25.116861], [121.511143, 25.1164], [121.51121, 25.116527], [121.511512, 25.116373], [121.511585, 25.116489], [121.510172, 25.117168], [121.510172, 25.117045], [121.511136, 25.116564], [121.511389, 25.116879], [121.51106, 25.117028], [121.511036, 25.116976], [121.510305, 25.117412], [121.510252, 25.117328], [121.510807, 25.117054], [121.51096, 25.117303], [121.510114, 25.117681], [121.510259, 25.11779], [121.511033, 25.117484], [121.511037, 25.117267], [121.511649, 25.11736], [121.511654, 25.117459], [121.511426, 25.117475], [121.511405, 25.117551], [121.511499, 25.117549], [121.511509, 25.117653], [121.511437, 25.11766], [121.511447, 25.117728], [121.511861, 25.117696], [121.511835, 25.117612], [121.511596, 25.117608], [121.511842, 25.11751], [121.511759, 25.117436], [121.511802, 25.117177], [121.511268, 25.1176], [121.51128, 25.117817], [121.511871, 25.117799], [121.512379, 25.117416], [121.512452, 25.116877], [121.511964, 25.116639], [121.512463, 25.116577], [121.512638, 25.116705], [121.512716, 25.11662], [121.512538, 25.116495], [121.51265, 25.116377], [121.512797, 25.116486], [121.512843, 25.116388], [121.513033, 25.116524], [121.512986, 25.116624], [121.513056, 25.116689], [121.512923, 25.116801], [121.513052, 25.116915], [121.512947, 25.117017], [121.512737, 25.116813], [121.512846, 25.116733], [121.512545, 25.116832], [121.513026, 25.117102], [121.511056, 25.117702], [121.510889, 25.117771], [121.510926, 25.117862], [121.511086, 25.1178], [121.51064, 25.117977], [121.510592, 25.117879], [121.510774, 25.117813], [121.510445, 25.117941], [121.510493, 25.118037], [121.510378, 25.118076], [121.510335, 25.117983], [121.510116, 25.118068], [121.510085, 25.118201], [121.510244, 25.118191], [121.509856, 25.118128], [121.509131, 25.118314], [121.509099, 25.118396], [121.509525, 25.118416], [121.509512, 25.118494], [121.50969, 25.118373], [121.509718, 25.118438], [121.509834, 25.118404], [121.509844, 25.118328], [121.510003, 25.118504], [121.509393, 25.118603], [121.508482, 25.118543], [121.50857, 25.118351], [121.508819, 25.118369], [121.508772, 25.118286], [121.50865, 25.118277], [121.508666, 25.118155], [121.508811, 25.118163], [121.508882, 25.117973], [121.509012, 25.118128], [121.509841, 25.117899], [121.509918, 25.117303], [121.509722, 25.117087], [121.509979, 25.117042], [121.510195, 25.117449], [121.509174, 25.117676], [121.508997, 25.118387], [121.514179, 25.115]]}}, {"type": "Feature", "properties": {"district": "63000120", "segment": 27, "total_segments": 36, "km": 11.03, "villages": ["吉慶里", "尊賢里"]}, "geometry": {"type": "LineString", "coordinates": [[121.512042, 25.114209], [121.512067, 25.114085], [121.510457, 25.113229], [121.510128, 25.113145], [121.510085, 25.113212], [121.510089, 25.113025], [121.50949, 25.112812], [121.509351, 25.113027], [121.509005, 25.113283], [121.508866, 25.113279], [121.508353, 25.113701], [121.508806, 25.113976], [121.508716, 25.114116], [121.508156, 25.113905], [121.508096, 25.114093], [121.508566, 25.114269], [121.508506, 25.114405], [121.508026, 25.114264], [121.507613, 25.114668], [121.507535, 25.114616], [121.50754, 25.114428], [121.507996, 25.114055], [121.50806, 25.114469], [121.508121, 25.114491], [121.508093, 25.114586], [121.507944, 25.114531], [121.508317, 25.114668], [121.508392, 25.114588], [121.508226, 25.114529], [121.508634, 25.114681], [121.508619, 25.114788], [121.508703, 25.114811], [121.508744, 25.114725], [121.509108, 25.114842], [121.509179, 25.114649], [121.508679, 25.114469], [121.508796, 25.114355], [121.509361, 25.114551], [121.509524, 25.114144], [121.509383, 25.114125], [121.509311, 25.114254], [121.509219, 25.114222], [121.509181, 25.114306], [121.509274, 25.11434], [121.508916, 25.114229], [121.509189, 25.113825], [121.508926, 25.11368], [121.508835, 25.113792], [121.508766, 25.113754], [121.508907, 25.113832], [121.509102, 25.113579], [121.509043, 25.113547], [121.509305, 25.11369], [121.509321, 25.113551], [121.509171, 25.113424], [121.509281, 25.113341], [121.509701, 25.113523], [121.509758, 25.113412], [121.509515, 25.113307], [121.509458, 25.113626], [121.509619, 25.113692], [121.509564, 25.113803], [121.509494, 25.113774], [121.509809, 25.113983], [121.509762, 25.11408], [121.509319, 25.113919], [121.509727, 25.114188], [121.509469, 25.114851], [121.509615, 25.114938], [121.5096, 25.11519], [121.511485, 25.115208], [121.511488, 25.114964], [121.511209, 25.114912], [121.511189, 25.115055], [121.51113, 25.115054], [121.511133, 25.114723], [121.51154, 25.114853], [121.511563, 25.114966], [121.511634, 25.114975], [121.511943, 25.114404], [121.511939, 25.114257], [121.511201, 25.114032], [121.51121, 25.113852], [121.511124, 25.113778], [121.510987, 25.11386], [121.510259, 25.113558], [121.51035, 25.113446], [121.510931, 25.113712], [121.510836, 25.113988], [121.510932, 25.114005], [121.510947, 25.114132], [121.510184, 25.114017], [121.510224, 25.113917], [121.51014, 25.113882], [121.510189, 25.113714], [121.510727, 25.113945], [121.510709, 25.114285], [121.510896, 25.114327], [121.510875, 25.114435], [121.51035, 25.114317], [121.510419, 25.114225], [121.510607, 25.114275], [121.510512, 25.114575], [121.510321, 25.11452], [121.510269, 25.114645], [121.510698, 25.114761], [121.510692, 25.115098], [121.510879, 25.115101], [121.51085, 25.114598], [121.51061, 25.114592], [121.51038, 25.114867], [121.509864, 25.114772], [121.509866, 25.114676], [121.509743, 25.114578], [121.509847, 25.114318], [121.509959, 25.114351], [121.510023, 25.114026], [121.509945, 25.113741], [121.509798, 25.113684], [121.509847, 25.113576], [121.509995, 25.113634], [121.5101, 25.113432], [121.509969, 25.113378], [121.510002, 25.114456], [121.5101, 25.114469], [121.51012, 25.114561], [121.509946, 25.114535], [121.509695, 25.114699], [121.509811, 25.115003], [121.510423, 25.115016], [121.511028, 25.114468], [121.511171, 25.11447], [121.511061, 25.114364], [121.511126, 25.11418], [121.511754, 25.114345], [121.511664, 25.114525], [121.51129, 25.114435], [121.511255, 25.11456], [121.511619, 25.114644], [121.51138, 25.113904], [121.509306, 25.114684], [121.509207, 25.114988], [121.509092, 25.114956], [121.509046, 25.115136], [121.508176, 25.114947], [121.507746, 25.114741], [121.508526, 25.114749], [121.508821, 25.114853], [121.509179, 25.115152], [121.509397, 25.115164], [121.502779, 25.113398], [121.508047, 25.115472], [121.508011, 25.115724], [121.508309, 25.115778], [121.508208, 25.115608], [121.508396, 25.115608], [121.508464, 25.115359], [121.509334, 25.115459], [121.509235, 25.116602], [121.509007, 25.11658], [121.509083, 25.115768], [121.508611, 25.115699], [121.508622, 25.115823], [121.508909, 25.11585], [121.508891, 25.116101], [121.508625, 25.116066], [121.50847, 25.115961], [121.508614, 25.115547], [121.508726, 25.115559], [121.508821, 25.115251], [121.508274, 25.115095], [121.508201, 25.115303], [121.50837, 25.115339], [121.508077, 25.11541], [121.507872, 25.115898], [121.508107, 25.115947], [121.508068, 25.11603], [121.507787, 25.115998], [121.507752, 25.116115], [121.508012, 25.116212], [121.507684, 25.116293], [121.507593, 25.11644], [121.507567, 25.116559], [121.507866, 25.116653], [121.507834, 25.11678], [121.507748, 25.116761], [121.507769, 25.116696], [121.507379, 25.116855], [121.506855, 25.117903], [121.506975, 25.117923], [121.50698, 25.118051], [121.506873, 25.118022], [121.506694, 25.11823], [121.506686, 25.118312], [121.506874, 25.118402], [121.506944, 25.118207], [121.507091, 25.118236], [121.507071, 25.11833], [121.507178, 25.118348], [121.507201, 25.118088], [121.507704, 25.11816], [121.507729, 25.11806], [121.507281, 25.118002], [121.507111, 25.118069], [121.507365, 25.118355], [121.507682, 25.118364], [121.507689, 25.118532], [121.506624, 25.118491], [121.507249, 25.117629], [121.507681, 25.117797], [121.507702, 25.117722], [121.507794, 25.117742], [121.507783, 25.117808], [121.507987, 25.117929], [121.508681, 25.117919], [121.508628, 25.117766], [121.508755, 25.117761], [121.5087, 25.117533], [121.50837, 25.117538], [121.508359, 25.117643], [121.508474, 25.117639], [121.508488, 25.11777], [121.508077, 25.117777], [121.508071, 25.117652], [121.508199, 25.117648], [121.508227, 25.117536], [121.508094, 25.117525], [121.508189, 25.117028], [121.508304, 25.117041], [121.508244, 25.117333], [121.508694, 25.117357], [121.508731, 25.117226], [121.508808, 25.117232], [121.508845, 25.117482], [121.508986, 25.117486], [121.508995, 25.117362], [121.509171, 25.117363], [121.509149, 25.117484], [121.509035, 25.117621], [121.508879, 25.117625], [121.508911, 25.117752], [121.508622, 25.117636], [121.508621, 25.117218], [121.508412, 25.117209], [121.508431, 25.11704], [121.508819, 25.117057], [121.508964, 25.11699], [121.508978, 25.116836], [121.508615, 25.116765], [121.508606, 25.116887], [121.508821, 25.116898], [121.508841, 25.116591], [121.508312, 25.116572], [121.508365, 25.116414], [121.508839, 25.116435], [121.508857, 25.116294], [121.508393, 25.116226], [121.508471, 25.116886], [121.508216, 25.116839], [121.508241, 25.116759], [121.507951, 25.116848], [121.507928, 25.117015], [121.507572, 25.116922], [121.507706, 25.117175], [121.507931, 25.117233], [121.507929, 25.117309], [121.50747, 25.117235], [121.507433, 25.11741], [121.507886, 25.117487], [121.507855, 25.117592], [121.507232, 25.11749], [121.508006, 25.117028], [121.507959, 25.118061], [121.508534, 25.11805], [121.508416, 25.118187], [121.507902, 25.118171], [121.507893, 25.118357], [121.508406, 25.118359], [121.508311, 25.118557], [121.50788, 25.118536], [121.50921, 25.117043], [121.509423, 25.116046], [121.509534, 25.116], [121.509549, 25.115871], [121.509467, 25.115808], [121.509451, 25.115893], [121.509598, 25.115711], [121.509625, 25.115318], [121.508977, 25.115265], [121.509103, 25.115559], [121.509191, 25.115569]]}}, {"type": "Feature", "properties": {"district": "63000120", "segment": 28, "total_segments": 36, "km": 14.91, "villages": ["立賢里", "立農里"]}, "geometry": {"type": "LineString", "coordinates": [[121.508121, 25.115071], [121.507519, 25.116217], [121.507001, 25.116068], [121.507126, 25.115962], [121.507424, 25.116057], [121.507468, 25.115862], [121.507227, 25.115798], [121.507484, 25.11576], [121.507577, 25.115364], [121.507155, 25.115327], [121.507081, 25.115431], [121.507255, 25.115485], [121.507141, 25.115641], [121.506563, 25.115392], [121.506333, 25.115614], [121.5065, 25.115927], [121.506583, 25.115952], [121.506533, 25.116143], [121.506725, 25.115982], [121.506814, 25.116007], [121.506877, 25.116419], [121.507002, 25.11637], [121.507079, 25.116393], [121.507049, 25.116473], [121.507345, 25.116473], [121.507317, 25.116559], [121.507236, 25.116533], [121.507222, 25.116692], [121.506656, 25.116522], [121.506611, 25.116631], [121.506545, 25.116607], [121.507214, 25.11682], [121.507109, 25.117008], [121.506471, 25.116801], [121.506399, 25.116899], [121.507065, 25.117107], [121.506998, 25.117292], [121.506272, 25.117062], [121.506239, 25.117162], [121.506585, 25.117273], [121.506539, 25.117451], [121.505912, 25.117313], [121.505835, 25.117452], [121.506737, 25.117719], [121.506908, 25.117398], [121.506759, 25.11737], [121.506543, 25.117853], [121.506435, 25.117822], [121.506385, 25.117919], [121.50662, 25.118004], [121.506563, 25.118173], [121.506295, 25.118104], [121.50627, 25.118166], [121.506508, 25.118254], [121.506445, 25.11845], [121.505991, 25.118384], [121.505655, 25.118291], [121.505775, 25.117729], [121.505687, 25.117703], [121.505784, 25.117615], [121.506099, 25.117724], [121.506044, 25.117814], [121.506173, 25.117855], [121.506211, 25.117755], [121.506319, 25.11779], [121.506022, 25.118069], [121.505908, 25.118018], [121.505961, 25.117954], [121.505883, 25.117763], [121.505493, 25.117761], [121.50543, 25.117856], [121.505522, 25.117912], [121.505441, 25.117982], [121.504902, 25.117777], [121.504587, 25.117543], [121.504449, 25.11768], [121.504876, 25.117972], [121.505429, 25.118208], [121.505301, 25.117757], [121.504773, 25.117433], [121.50485, 25.117298], [121.505396, 25.117576], [121.505501, 25.11748], [121.50502, 25.117246], [121.505235, 25.117042], [121.505244, 25.117148], [121.505327, 25.117192], [121.505349, 25.117097], [121.5055, 25.11728], [121.505546, 25.117196], [121.505621, 25.117235], [121.505591, 25.117328], [121.50572, 25.117285], [121.50589, 25.117036], [121.505578, 25.116902], [121.505605, 25.116814], [121.505347, 25.116708], [121.505298, 25.116768], [121.505391, 25.116835], [121.505129, 25.116941], [121.504968, 25.116796], [121.505169, 25.116684], [121.505326, 25.116474], [121.506065, 25.116821], [121.505983, 25.116962], [121.505685, 25.116848], [121.505885, 25.116553], [121.506188, 25.116681], [121.506241, 25.116473], [121.505795, 25.116291], [121.505726, 25.116486], [121.505785, 25.116512], [121.505455, 25.116378], [121.506013, 25.115959], [121.506178, 25.116323], [121.506426, 25.116418], [121.506339, 25.116514], [121.506508, 25.116268], [121.50626, 25.116162], [121.506337, 25.115999], [121.50658, 25.116317], [121.506752, 25.116387], [121.506159, 25.117134], [121.506071, 25.117152], [121.506653, 25.117888], [121.507457, 25.116378], [121.507721, 25.115237], [121.507415, 25.115151], [121.507535, 25.115054], [121.507784, 25.11517], [121.507905, 25.11497], [121.507466, 25.114691], [121.50743, 25.114847], [121.507254, 25.115005], [121.507255, 25.115176], [121.507061, 25.11492], [121.507117, 25.114872], [121.506824, 25.115092], [121.506034, 25.114766], [121.505295, 25.115057], [121.504536, 25.115093], [121.503744, 25.115767], [121.504177, 25.116362], [121.503949, 25.116756], [121.504328, 25.117398], [121.503857, 25.117807], [121.504011, 25.117938], [121.504287, 25.117951], [121.504406, 25.117856], [121.504674, 25.118017], [121.504267, 25.117759], [121.504827, 25.116925], [121.504876, 25.116881], [121.50504, 25.117023], [121.503705, 25.114381], [121.502643, 25.11498], [121.500883, 25.11373], [121.498567, 25.113288], [121.507989, 25.115004], [121.507834, 25.118656], [121.507146, 25.118701], [121.507208, 25.11907], [121.507321, 25.119085], [121.507332, 25.119201], [121.507427, 25.119235], [121.507489, 25.119059], [121.507564, 25.119118], [121.507577, 25.118858], [121.507672, 25.118861], [121.507674, 25.11894], [121.507892, 25.118661], [121.508388, 25.11874], [121.508378, 25.118829], [121.50868, 25.11881], [121.50877, 25.118723], [121.509026, 25.118825], [121.509097, 25.118749], [121.509276, 25.118793], [121.509449, 25.118731], [121.5095, 25.118799], [121.509806, 25.118685], [121.509854, 25.118795], [121.509477, 25.119017], [121.509672, 25.119354], [121.509455, 25.119484], [121.509086, 25.119525], [121.509082, 25.119648], [121.509361, 25.119669], [121.509684, 25.119515], [121.509809, 25.119882], [121.509537, 25.119926], [121.509348, 25.119843], [121.508893, 25.11986], [121.508879, 25.119791], [121.50873, 25.119803], [121.508745, 25.119874], [121.508606, 25.119797], [121.50852, 25.11987], [121.507973, 25.119858], [121.507947, 25.119714], [121.508585, 25.119665], [121.508591, 25.119502], [121.50842, 25.119476], [121.508395, 25.119342], [121.508026, 25.119436], [121.50767, 25.119752], [121.507543, 25.119766], [121.50757, 25.119887], [121.507786, 25.119847], [121.507831, 25.120093], [121.507719, 25.120107], [121.507707, 25.120048], [121.507517, 25.120143], [121.507465, 25.119907], [121.507195, 25.119842], [121.507183, 25.119693], [121.507006, 25.119688], [121.506801, 25.11956], [121.506697, 25.119621], [121.506695, 25.119814], [121.506549, 25.119895], [121.50658, 25.119972], [121.506341, 25.119904], [121.506143, 25.120173], [121.505868, 25.120249], [121.505883, 25.120335], [121.505662, 25.120269], [121.504998, 25.120478], [121.505058, 25.120725], [121.505717, 25.120627], [121.506057, 25.120285], [121.506391, 25.120482], [121.507062, 25.1204], [121.507076, 25.120119], [121.506447, 25.120131], [121.506449, 25.120217], [121.506613, 25.120194], [121.506246, 25.119908], [121.506032, 25.120012], [121.505652, 25.12005], [121.505669, 25.119958], [121.505534, 25.119879], [121.50554, 25.119763], [121.505635, 25.119717], [121.505795, 25.11994], [121.506027, 25.119908], [121.506049, 25.119696], [121.506175, 25.119718], [121.50619, 25.119632], [121.506371, 25.119661], [121.506354, 25.119745], [121.506276, 25.119733], [121.506512, 25.119745], [121.506523, 25.11951], [121.506271, 25.119473], [121.506308, 25.119393], [121.50667, 25.119343], [121.506651, 25.119213], [121.506769, 25.119259], [121.506781, 25.119437], [121.506863, 25.119454], [121.506973, 25.119414], [121.507053, 25.11926], [121.50715, 25.119343], [121.507212, 25.119266], [121.507454, 25.119379], [121.50748, 25.119521], [121.507265, 25.120169], [121.507334, 25.120294], [121.509324, 25.11998], [121.508988, 25.11964], [121.508755, 25.119548], [121.508873, 25.119024], [121.509026, 25.119036], [121.509024, 25.118942], [121.509235, 25.118996], [121.509243, 25.119089], [121.509117, 25.119087], [121.509349, 25.119091], [121.509349, 25.118954], [121.509723, 25.119042], [121.510371, 25.118769], [121.510432, 25.118861], [121.509762, 25.119148], [121.509857, 25.119333], [121.510512, 25.119029], [121.51059, 25.119132], [121.510233, 25.119285], [121.51026, 25.119435], [121.510098, 25.119431], [121.510745, 25.119378], [121.510827, 25.119459], [121.510984, 25.119397], [121.511067, 25.119514], [121.510823, 25.119638], [121.510741, 25.119497], [121.510892, 25.119274], [121.510858, 25.119212], [121.511401, 25.119201], [121.511433, 25.119256], [121.511172, 25.11931], [121.511226, 25.119445], [121.511163, 25.11948], [121.511918, 25.118933], [121.511872, 25.118839], [121.511955, 25.11878], [121.511875, 25.118709], [121.511819, 25.118756], [121.511946, 25.118622], [121.511917, 25.118535], [121.511775, 25.118521], [121.511744, 25.118448], [121.511908, 25.118464], [121.511904, 25.118325], [121.511811, 25.118317], [121.511908, 25.118233], [121.512057, 25.11826], [121.511953, 25.118329], [121.511965, 25.118147], [121.511863, 25.118152], [121.511772, 25.117925], [121.511649, 25.11792], [121.511525, 25.118095], [121.511422, 25.117988], [121.51106, 25.118037], [121.510999, 25.118131], [121.510366, 25.118439], [121.510427, 25.118536], [121.510929, 25.11834], [121.511159, 25.118703], [121.510653, 25.118963], [121.510695, 25.119084], [121.511274, 25.118925], [121.511305, 25.11885], [121.511366, 25.118938], [121.511603, 25.118815], [121.511493, 25.11871], [121.511399, 25.118741], [121.511105, 25.118246], [121.511181, 25.118206], [121.511231, 25.118275], [121.510862, 25.118578], [121.510519, 25.118696], [121.51058, 25.118793], [121.510799, 25.118751], [121.510866, 25.118699], [121.510264, 25.118613], [121.509956, 25.11875], [121.508698, 25.11894], [121.510091, 25.11974], [121.510481, 25.119663], [121.512033, 25.118874], [121.512408, 25.118435], [121.512189, 25.118307], [121.512072, 25.118602], [121.512274, 25.118207], [121.5124, 25.118273], [121.512445, 25.118211], [121.512382, 25.118069], [121.512538, 25.117893], [121.512691, 25.117778], [121.512821, 25.117861], [121.513024, 25.117592], [121.512491, 25.118344], [121.512178, 25.118129], [121.512358, 25.117911], [121.512209, 25.117878], [121.50642, 25.118725], [121.506397, 25.118846], [121.506206, 25.118776], [121.506256, 25.118876], [121.506205, 25.119078], [121.506281, 25.119184], [121.506552, 25.119041], [121.506796, 25.119094], [121.506605, 25.119524], [121.50616, 25.119457], [121.50607, 25.119289], [121.506194, 25.119238], [121.506018, 25.119313], [121.505997, 25.119198], [121.505731, 25.1193], [121.505539, 25.119172], [121.505581, 25.118981], [121.505425, 25.118605], [121.505188, 25.11855], [121.505304, 25.118695], [121.505585, 25.118753], [121.505717, 25.119025], [121.50599, 25.118969], [121.505993, 25.119036], [121.506094, 25.118581], [121.506003, 25.118518]]}}, {"type": "Feature", "properties": {"district": "63000120", "segment": 29, "total_segments": 36, "km": 11.02, "villages": ["立農里", "東華里"]}, "geometry": {"type": "LineString", "coordinates": [[121.504994, 25.118202], [121.504443, 25.118139], [121.503435, 25.118454], [121.503019, 25.118813], [121.503186, 25.119289], [121.503634, 25.119673], [121.503513, 25.119825], [121.503101, 25.11947], [121.502797, 25.118783], [121.502908, 25.118684], [121.502501, 25.118146], [121.50298, 25.117717], [121.501295, 25.118765], [121.501129, 25.118705], [121.501382, 25.119188], [121.501064, 25.119402], [121.500783, 25.117868], [121.500908, 25.115802], [121.500856, 25.114543], [121.500573, 25.114066], [121.503614, 25.119866], [121.504262, 25.119899], [121.504555, 25.119822], [121.504609, 25.120045], [121.504293, 25.120149], [121.504721, 25.120314], [121.505151, 25.120068], [121.505041, 25.119932], [121.505088, 25.119895], [121.505367, 25.119831], [121.505376, 25.119917], [121.504978, 25.119936], [121.504899, 25.119773], [121.504801, 25.119847], [121.505123, 25.119691], [121.505426, 25.119652], [121.505419, 25.11959], [121.505829, 25.119421], [121.505957, 25.119491], [121.505913, 25.119809], [121.505616, 25.119373], [121.505308, 25.11947], [121.505896, 25.118893], [121.505975, 25.118677], [121.505613, 25.118616], [121.505775, 25.118764], [121.506249, 25.118581], [121.506393, 25.118612], [121.506362, 25.118983], [121.506314, 25.120871], [121.506363, 25.121157], [121.504517, 25.121459], [121.504685, 25.121642], [121.505588, 25.121488], [121.505593, 25.121584], [121.504687, 25.121743], [121.505128, 25.12188], [121.505161, 25.122006], [121.505067, 25.121977], [121.505105, 25.121793], [121.505319, 25.121777], [121.505361, 25.121955], [121.505443, 25.121955], [121.505387, 25.121765], [121.505587, 25.121755], [121.50562, 25.12189], [121.505756, 25.121844], [121.505725, 25.121722], [121.505867, 25.121752], [121.505796, 25.121562], [121.506272, 25.121465], [121.506221, 25.121348], [121.505761, 25.121456], [121.505633, 25.121576], [121.506255, 25.12172], [121.506565, 25.121472], [121.506534, 25.121425], [121.506751, 25.121407], [121.507034, 25.121251], [121.50695, 25.121118], [121.507453, 25.121376], [121.508362, 25.121329], [121.508441, 25.121262], [121.508418, 25.121057], [121.508492, 25.121032], [121.508542, 25.121348], [121.508455, 25.121385], [121.508546, 25.121579], [121.509316, 25.121624], [121.509436, 25.121579], [121.509477, 25.121335], [121.510069, 25.121366], [121.510082, 25.121283], [121.509459, 25.121254], [121.509145, 25.121153], [121.508911, 25.120975], [121.508761, 25.120724], [121.508312, 25.1208], [121.50837, 25.120969], [121.508302, 25.120982], [121.508701, 25.12091], [121.508962, 25.120788], [121.50892, 25.120686], [121.509059, 25.120674], [121.509414, 25.120908], [121.510554, 25.120947], [121.510639, 25.120712], [121.510745, 25.120692], [121.510949, 25.120826], [121.511037, 25.120652], [121.511195, 25.120642], [121.511055, 25.120538], [121.510323, 25.120639], [121.510285, 25.120388], [121.510961, 25.120239], [121.511585, 25.119931], [121.511635, 25.120137], [121.511446, 25.120219], [121.511464, 25.120478], [121.511359, 25.120455], [121.511355, 25.120373], [121.511656, 25.120344], [121.51165, 25.120271], [121.511661, 25.120783], [121.511368, 25.12077], [121.511434, 25.12064], [121.511415, 25.120961], [121.512238, 25.12102], [121.512276, 25.121098], [121.511906, 25.121128], [121.511928, 25.121528], [121.51172, 25.121643], [121.510322, 25.121833], [121.510425, 25.122013], [121.510722, 25.121993], [121.51071, 25.122083], [121.510579, 25.122093], [121.51086, 25.122071], [121.510958, 25.12205], [121.51096, 25.121962], [121.510823, 25.121984], [121.511066, 25.121944], [121.511018, 25.121542], [121.511299, 25.12152], [121.511269, 25.121185], [121.511429, 25.121148], [121.511464, 25.121496], [121.511674, 25.121414], [121.511664, 25.12118], [121.51136, 25.120958], [121.511198, 25.120954], [121.511115, 25.121121], [121.510374, 25.121119], [121.510348, 25.121619], [121.510811, 25.1216], [121.510967, 25.121545], [121.510835, 25.12148], [121.510195, 25.12148], [121.510185, 25.121617], [121.510068, 25.121506], [121.508643, 25.121455], [121.508589, 25.121735], [121.509064, 25.121823], [121.509304, 25.121052], [121.508976, 25.120817], [121.50935, 25.121061], [121.510216, 25.121111], [121.510198, 25.121441], [121.51051, 25.121216], [121.511075, 25.121233], [121.511897, 25.120854], [121.512209, 25.120839], [121.512202, 25.120754], [121.51191, 25.120771], [121.512023, 25.120609], [121.512264, 25.120598], [121.51222, 25.120506], [121.512031, 25.120519], [121.512399, 25.120148], [121.512471, 25.119555], [121.512616, 25.119443], [121.512464, 25.119278], [121.512183, 25.119533], [121.512618, 25.119138], [121.513309, 25.119651], [121.514368, 25.119185], [121.514988, 25.119105], [121.514986, 25.119251], [121.515077, 25.119239], [121.514435, 25.11932], [121.514637, 25.119524], [121.514346, 25.118987], [121.514412, 25.118907], [121.514909, 25.118851], [121.51501, 25.118923], [121.515171, 25.118822], [121.516234, 25.118701], [121.515827, 25.118946], [121.515262, 25.119003], [121.515322, 25.119134], [121.516861, 25.118898], [121.509356, 25.120542], [121.509722, 25.120653], [121.509979, 25.120616], [121.510039, 25.120697], [121.503971, 25.121744], [121.503674, 25.121662], [121.503555, 25.121761], [121.503404, 25.121729], [121.503216, 25.121788], [121.503368, 25.122018], [121.503477, 25.121932], [121.503709, 25.121919], [121.503512, 25.122142], [121.503029, 25.121973], [121.503125, 25.121826], [121.502909, 25.122165], [121.503045, 25.122631]]}}, {"type": "Feature", "properties": {"district": "63000120", "segment": 30, "total_segments": 36, "km": 14.98, "villages": ["奇岩里"]}, "geometry": {"type": "LineString", "coordinates": [[121.503374, 25.123063], [121.503525, 25.123096], [121.503384, 25.123433], [121.503225, 25.123459], [121.503252, 25.123677], [121.503874, 25.123953], [121.503987, 25.123748], [121.503648, 25.123607], [121.503735, 25.123505], [121.504052, 25.123642], [121.504177, 25.123451], [121.503768, 25.123281], [121.5038, 25.123146], [121.504255, 25.123338], [121.504392, 25.123047], [121.504309, 25.123017], [121.504187, 25.123128], [121.50414, 25.122999], [121.503901, 25.12295], [121.504233, 25.12299], [121.504827, 25.123328], [121.504933, 25.123581], [121.505027, 25.12363], [121.504541, 25.124408], [121.504715, 25.124514], [121.505181, 25.123879], [121.505176, 25.123749], [121.505414, 25.123804], [121.506131, 25.124281], [121.506309, 25.123963], [121.506195, 25.123894], [121.506093, 25.123949], [121.505964, 25.123875], [121.505834, 25.123972], [121.506401, 25.124204], [121.506301, 25.124353], [121.50639, 25.124379], [121.506537, 25.124168], [121.506447, 25.124145], [121.506514, 25.124048], [121.5065, 25.124487], [121.506617, 25.124552], [121.506063, 25.125291], [121.506226, 25.125393], [121.50645, 25.125011], [121.50667, 25.125096], [121.506714, 25.12501], [121.506543, 25.124893], [121.506655, 25.124741], [121.507517, 25.125217], [121.507576, 25.125097], [121.507327, 25.124872], [121.507047, 25.124753], [121.507009, 25.124598], [121.507579, 25.124707], [121.507695, 25.124562], [121.50815, 25.124785], [121.507987, 25.124957], [121.508408, 25.12524], [121.50834, 25.125351], [121.507538, 25.124821], [121.507687, 25.124766], [121.507862, 25.124898], [121.507664, 25.125149], [121.508217, 25.125526], [121.50815, 25.125648], [121.507914, 25.125487], [121.507679, 25.12555], [121.507131, 25.125245], [121.507053, 25.125346], [121.508179, 25.125877], [121.507946, 25.126307], [121.507836, 25.12615], [121.507658, 25.126075], [121.507718, 25.125997], [121.508226, 25.126185], [121.50822, 25.126466], [121.508285, 25.126485], [121.508192, 25.12664], [121.508448, 25.126697], [121.508516, 25.126465], [121.508687, 25.126518], [121.508678, 25.126584], [121.508959, 25.126625], [121.508903, 25.126765], [121.509036, 25.126815], [121.509803, 25.126861], [121.509649, 25.127052], [121.509473, 25.127051], [121.509462, 25.127112], [121.509484, 25.126971], [121.509199, 25.127086], [121.50925, 25.127196], [121.508622, 25.12731], [121.508775, 25.127517], [121.508516, 25.127716], [121.508618, 25.127977], [121.508345, 25.127999], [121.5084, 25.12826], [121.508488, 25.128233], [121.508552, 25.128374], [121.508231, 25.128447], [121.508234, 25.128309], [121.508308, 25.128286], [121.508712, 25.128327], [121.508704, 25.128182], [121.509, 25.128034], [121.509228, 25.127967], [121.509378, 25.128108], [121.509519, 25.127885], [121.509432, 25.127839], [121.509426, 25.127765], [121.509511, 25.127791], [121.509408, 25.127625], [121.509465, 25.127385], [121.50943, 25.127325], [121.509277, 25.127354], [121.509581, 25.127292], [121.509692, 25.127646], [121.510061, 25.127466], [121.510145, 25.127762], [121.509946, 25.127903], [121.510004, 25.127984], [121.509865, 25.128008], [121.509661, 25.128226], [121.509737, 25.128276], [121.50976, 25.128678], [121.50934, 25.12889], [121.509281, 25.129049], [121.509444, 25.129048], [121.509486, 25.129221], [121.508945, 25.129225], [121.508748, 25.128928], [121.508503, 25.129115], [121.508161, 25.128767], [121.508598, 25.128755], [121.508867, 25.128599], [121.508821, 25.128475], [121.508726, 25.128509], [121.508969, 25.128754], [121.508808, 25.128879], [121.509154, 25.12889], [121.509104, 25.12905], [121.508739, 25.129202], [121.50878, 25.12945], [121.508934, 25.129678], [121.509028, 25.129622], [121.509114, 25.129734], [121.509027, 25.129789], [121.509569, 25.129571], [121.509628, 25.129643], [121.509776, 25.129531], [121.509708, 25.12946], [121.509848, 25.129382], [121.509932, 25.129461], [121.510274, 25.129424], [121.510363, 25.129514], [121.510487, 25.129393], [121.510349, 25.129067], [121.510453, 25.128573], [121.51039, 25.128561], [121.510425, 25.12829], [121.510507, 25.128308], [121.510536, 25.128224], [121.510473, 25.12821], [121.510525, 25.127992], [121.510409, 25.127964], [121.510435, 25.127799], [121.510652, 25.12771], [121.510778, 25.127698], [121.510802, 25.127932], [121.510729, 25.127958], [121.511238, 25.127858], [121.511434, 25.127959], [121.511544, 25.127908], [121.511667, 25.128107], [121.511597, 25.128349], [121.511647, 25.128497], [121.511713, 25.128476], [121.511385, 25.128601], [121.511314, 25.128434], [121.511384, 25.128417], [121.510969, 25.12829], [121.510925, 25.128211], [121.511328, 25.128064], [121.510715, 25.128257], [121.510697, 25.128343], [121.510775, 25.128355], [121.511978, 25.12837], [121.51224, 25.12846], [121.512386, 25.128389], [121.512287, 25.128156], [121.512483, 25.128092], [121.512451, 25.128037], [121.511923, 25.12792], [121.512089, 25.127329], [121.513116, 25.127864], [121.513483, 25.127757], [121.513735, 25.12682], [121.513527, 25.126821], [121.513435, 25.12702], [121.513323, 25.126994], [121.513416, 25.127181], [121.513301, 25.127539], [121.513853, 25.127645], [121.513969, 25.127361], [121.513928, 25.127059], [121.514012, 25.126888], [121.514915, 25.127118], [121.515116, 25.12699], [121.515281, 25.127257], [121.51618, 25.127365], [121.515798, 25.128023], [121.515432, 25.127843], [121.515462, 25.128135], [121.515982, 25.128454], [121.516032, 25.128188], [121.515959, 25.128136], [121.516383, 25.12828], [121.516303, 25.129003], [121.51613, 25.128979], [121.515764, 25.128659], [121.51506, 25.128257], [121.515195, 25.128084], [121.515008, 25.127897], [121.515034, 25.12771], [121.514796, 25.127745], [121.514801, 25.127935], [121.514312, 25.128208], [121.514293, 25.128374], [121.514443, 25.128756], [121.514401, 25.128992], [121.514715, 25.129006], [121.514745, 25.128616], [121.514957, 25.128965], [121.514952, 25.129186], [121.515152, 25.129673], [121.515135, 25.129858], [121.51494, 25.129924], [121.515078, 25.130044], [121.514608, 25.129211], [121.514231, 25.12932], [121.514247, 25.129767], [121.513926, 25.12996], [121.513742, 25.130458], [121.513442, 25.130844], [121.512512, 25.131437], [121.512672, 25.131643], [121.512501, 25.131711], [121.512534, 25.131989], [121.512297, 25.132043], [121.512122, 25.131693], [121.511616, 25.131705], [121.511634, 25.132255], [121.512069, 25.132205], [121.513348, 25.131548], [121.513837, 25.131658], [121.514044, 25.131589], [121.513698, 25.13123], [121.514011, 25.130996], [121.514248, 25.130489], [121.5143, 25.130314], [121.514046, 25.130358], [121.514089, 25.130174], [121.513812, 25.130845], [121.512847, 25.131531], [121.513549, 25.131387], [121.513141, 25.130794], [121.513741, 25.128941], [121.513574, 25.128606], [121.513646, 25.128488], [121.513345, 25.128247], [121.513817, 25.128075], [121.513992, 25.12828], [121.51408, 25.12794], [121.514718, 25.127415], [121.514995, 25.127373], [121.515556, 25.128907], [121.516113, 25.12931], [121.516661, 25.129326], [121.516728, 25.129498], [121.517048, 25.129403], [121.517244, 25.129224], [121.517302, 25.129101], [121.51708, 25.129074], [121.517276, 25.128708], [121.517413, 25.128835], [121.517282, 25.128509], [121.517089, 25.128532], [121.517056, 25.128692], [121.516843, 25.128688], [121.516668, 25.128788], [121.516879, 25.128977], [121.516811, 25.129128], [121.51647, 25.129059], [121.516535, 25.129527], [121.516038, 25.129506], [121.515489, 25.130178], [121.515339, 25.130726], [121.51534, 25.131084], [121.515236, 25.131245], [121.515083, 25.131087], [121.516741, 25.128403], [121.516901, 25.128379], [121.516925, 25.128239], [121.516778, 25.128234], [121.516839, 25.128097], [121.517018, 25.128063], [121.517294, 25.12833], [121.512432, 25.128643], [121.509699, 25.129173], [121.509132, 25.12817], [121.509044, 25.128202], [121.508395, 25.127739], [121.508282, 25.127829], [121.507953, 25.127662], [121.50798, 25.127358], [121.507738, 25.127262], [121.507991, 25.126608], [121.508177, 25.126814], [121.508151, 25.126884], [121.508242, 25.126915], [121.508119, 25.126982], [121.508102, 25.127098], [121.508355, 25.127168], [121.508395, 25.126952], [121.508628, 25.126941], [121.508643, 25.126776], [121.50862, 25.12702], [121.509031, 25.127087], [121.508919, 25.126928], [121.509123, 25.126647], [121.509249, 25.126654], [121.509298, 25.126449], [121.509167, 25.126436], [121.509159, 25.126307], [121.510023, 25.126362], [121.510014, 25.126192], [121.509944, 25.126188], [121.510027, 25.126036], [121.509567, 25.126009], [121.509538, 25.126155], [121.509616, 25.126158], [121.509099, 25.126124], [121.509152, 25.125986], [121.508762, 25.125921], [121.508734, 25.126061], [121.508934, 25.126078], [121.508918, 25.126291], [121.509081, 25.126297], [121.508717, 25.126277], [121.508572, 25.126051], [121.508455, 25.126011], [121.508421, 25.126167], [121.508316, 25.126082], [121.508322, 25.125817], [121.508217, 25.125787], [121.508191, 25.125678], [121.508431, 25.125734], [121.508443, 25.125659], [121.508594, 25.125658], [121.508598, 25.125919], [121.50879, 25.125708], [121.509402, 25.125787], [121.509432, 25.125638], [121.50967, 25.125623], [121.510073, 25.1257], [121.510032, 25.125848], [121.509574, 25.125791], [121.509295, 25.125996], [121.509267, 25.125628], [121.508458, 25.125509], [121.508622, 25.125248], [121.508843, 25.125213], [121.508964, 25.125372], [121.509384, 25.12541], [121.509606, 25.125334], [121.510294, 25.125524], [121.510816, 25.125571], [121.510708, 25.125779], [121.510307, 25.125735], [121.510262, 25.125886], [121.51039, 25.12594], [121.510386, 25.126045], [121.510718, 25.126097], [121.510723, 25.126245], [121.510233, 25.126211], [121.510228, 25.126056], [121.510525, 25.125905], [121.510786, 25.125958], [121.510703, 25.126418], [121.510217, 25.12638], [121.510384, 25.126807], [121.509596, 25.12548], [121.509196, 25.125239], [121.509125, 25.125093], [121.508807, 25.12499], [121.5087, 25.125122], [121.508287, 25.124882], [121.508843, 25.125369], [121.50769, 25.12533]]}}, {"type": "Feature", "properties": {"district": "63000120", "segment": 31, "total_segments": 36, "km": 9.75, "villages": ["奇岩里"]}, "geometry": {"type": "LineString", "coordinates": [[121.50732, 25.125992], [121.50714, 25.125879], [121.507265, 25.125672], [121.507082, 25.125574], [121.506975, 25.125746], [121.506774, 25.125743], [121.506643, 25.125611], [121.506731, 25.125487], [121.506885, 25.125418], [121.506969, 25.125459], [121.506833, 25.125311], [121.506836, 25.125058], [121.506956, 25.12514], [121.507343, 25.124789], [121.506465, 25.125532], [121.505764, 25.125115], [121.505824, 25.125013], [121.505935, 25.125073], [121.506285, 25.124572], [121.506023, 25.124643], [121.505803, 25.124589], [121.505517, 25.125008], [121.505379, 25.124931], [121.505654, 25.124504], [121.505482, 25.124405], [121.505202, 25.124813], [121.505068, 25.124693], [121.505205, 25.124488], [121.505074, 25.124318], [121.504872, 25.124608], [121.504548, 25.124701], [121.504353, 25.124611], [121.504368, 25.124297], [121.504858, 25.123677], [121.504569, 25.123522], [121.504366, 25.12385], [121.504262, 25.12381], [121.504554, 25.123354], [121.504588, 25.123484], [121.504073, 25.124108], [121.50426, 25.124189], [121.50435, 25.124057], [121.503857, 25.124534], [121.503762, 25.124453], [121.50466, 25.125127], [121.504721, 25.125087], [121.504841, 25.125188], [121.504772, 25.125233], [121.5051, 25.125504], [121.505358, 25.125606], [121.505306, 25.125672], [121.505553, 25.125259], [121.505435, 25.125188], [121.50587, 25.124883], [121.505149, 25.124209], [121.505245, 25.123996], [121.50561, 25.123797], [121.503674, 25.123466], [121.503275, 25.124079], [121.503653, 25.12546], [121.503773, 25.12541], [121.504312, 25.125513], [121.50426, 25.12558], [121.504374, 25.126243], [121.504523, 25.126273], [121.504472, 25.12641], [121.503954, 25.12646], [121.504239, 25.126936], [121.504358, 25.126964], [121.504218, 25.126997], [121.504115, 25.127344], [121.504237, 25.127394], [121.504239, 25.128091], [121.50404, 25.128514], [121.504301, 25.128656], [121.504389, 25.128482], [121.504647, 25.128637], [121.504715, 25.128499], [121.504844, 25.128649], [121.504754, 25.128801], [121.504589, 25.128775], [121.504569, 25.128829], [121.504608, 25.128721], [121.505218, 25.129238], [121.505088, 25.129346], [121.505044, 25.129512], [121.505142, 25.129584], [121.506098, 25.129062], [121.506166, 25.12919], [121.505806, 25.129338], [121.505915, 25.129489], [121.506119, 25.129436], [121.506051, 25.129534], [121.506188, 25.129641], [121.506373, 25.129565], [121.506503, 25.129437], [121.506314, 25.129156], [121.506236, 25.129312], [121.506278, 25.129381], [121.506259, 25.128982], [121.50662, 25.12876], [121.506365, 25.128667], [121.505309, 25.129189], [121.50554, 25.129502], [121.505215, 25.129731], [121.504812, 25.130363], [121.504764, 25.130528], [121.504927, 25.130648], [121.504969, 25.130573], [121.505094, 25.130605], [121.505068, 25.130851], [121.504942, 25.130829], [121.504946, 25.130767], [121.504922, 25.130921], [121.504737, 25.130915], [121.504752, 25.130846], [121.504875, 25.131091], [121.505699, 25.130338], [121.505935, 25.130369], [121.506034, 25.130309], [121.506215, 25.129836], [121.506367, 25.129815], [121.506424, 25.129886], [121.506375, 25.130045], [121.506735, 25.129912], [121.506837, 25.130008], [121.506729, 25.130076], [121.507056, 25.129864], [121.506647, 25.129685], [121.506867, 25.129231], [121.506649, 25.128991], [121.506584, 25.12904], [121.507025, 25.128787], [121.507267, 25.128467], [121.507607, 25.128216], [121.507475, 25.128099], [121.507328, 25.128317], [121.507238, 25.128186], [121.507567, 25.12779], [121.50721, 25.127758], [121.507673, 25.127422], [121.507589, 25.126902], [121.508247, 25.127309], [121.508302, 25.127252], [121.507689, 25.128152], [121.508003, 25.128439], [121.507905, 25.128547], [121.508022, 25.128913], [121.508381, 25.12927], [121.508115, 25.129694], [121.508029, 25.130258], [121.507723, 25.13027], [121.507799, 25.130384], [121.507741, 25.130412], [121.506477, 25.130705], [121.50586, 25.130509], [121.505567, 25.13082], [121.505181, 25.130333], [121.505009, 25.130404], [121.504684, 25.130324], [121.505025, 25.129672], [121.50491, 25.129582], [121.504494, 25.130278], [121.504333, 25.130028], [121.504382, 25.129958], [121.504147, 25.129856], [121.504097, 25.129911], [121.504234, 25.129636], [121.504527, 25.129763], [121.504476, 25.129817], [121.504788, 25.129334], [121.504679, 25.129285], [121.504627, 25.129372], [121.504433, 25.129298], [121.504472, 25.129212], [121.504549, 25.129229], [121.504399, 25.129472], [121.503805, 25.129163], [121.503827, 25.129007], [121.503932, 25.129045], [121.503978, 25.128941], [121.503884, 25.128906], [121.504186, 25.129019], [121.504147, 25.12912], [121.50406, 25.129081], [121.504872, 25.128265], [121.505148, 25.128417], [121.505247, 25.128297], [121.50499, 25.128119], [121.505154, 25.127613], [121.505019, 25.127566], [121.505003, 25.127628], [121.505315, 25.127672], [121.505296, 25.127735], [121.505518, 25.127753], [121.505488, 25.127813], [121.505916, 25.127914], [121.505741, 25.128213], [121.505579, 25.128083], [121.505424, 25.128381], [121.505527, 25.128477], [121.505412, 25.12862], [121.5053, 25.128538], [121.505693, 25.128759], [121.505835, 25.128654], [121.505735, 25.128573], [121.505625, 25.129446], [121.505783, 25.129517], [121.505595, 25.129717], [121.505799, 25.129852], [121.505347, 25.130191], [121.50529, 25.130078], [121.505609, 25.129845], [121.505453, 25.129788], [121.505337, 25.129884], [121.505558, 25.129681], [121.505987, 25.129732], [121.506035, 25.12993], [121.507282, 25.129535], [121.507633, 25.129138], [121.507397, 25.128834], [121.507477, 25.128557], [121.506969, 25.128508], [121.506041, 25.127678], [121.506182, 25.127373], [121.505606, 25.127188], [121.505598, 25.127489], [121.505902, 25.127608], [121.505796, 25.126774], [121.505626, 25.126712], [121.505591, 25.126845], [121.505248, 25.126773], [121.505276, 25.126575], [121.505452, 25.126629], [121.504623, 25.126703], [121.512822, 25.13368]]}}, {"type": "Feature", "properties": {"district": "63000120", "segment": 32, "total_segments": 36, "km": 10.1, "villages": ["清江里"]}, "geometry": {"type": "LineString", "coordinates": [[121.504228, 25.131172], [121.503483, 25.131156], [121.50337, 25.131662], [121.503187, 25.131625], [121.503278, 25.131283], [121.503155, 25.131257], [121.503147, 25.130983], [121.502307, 25.130907], [121.502189, 25.131367], [121.503066, 25.1316], [121.503139, 25.13131], [121.502768, 25.131218], [121.502776, 25.131099], [121.502625, 25.131189], [121.502593, 25.131306], [121.502511, 25.131252], [121.502582, 25.131094], [121.502135, 25.130951], [121.501983, 25.131331], [121.502067, 25.131372], [121.502045, 25.131525], [121.501944, 25.131531], [121.502086, 25.132047], [121.502194, 25.132164], [121.502773, 25.131847], [121.502797, 25.131722], [121.502209, 25.131584], [121.502177, 25.131709], [121.502285, 25.131734], [121.502743, 25.131328], [121.502935, 25.131389], [121.502924, 25.131175], [121.502856, 25.131162], [121.503212, 25.130987], [121.50346, 25.13098], [121.503445, 25.130809], [121.503332, 25.130788], [121.503369, 25.130465], [121.503553, 25.130454], [121.503561, 25.13032], [121.503477, 25.130312], [121.503608, 25.13018], [121.503554, 25.130057], [121.503439, 25.130029], [121.503148, 25.130033], [121.503103, 25.130149], [121.502933, 25.130123], [121.502927, 25.130177], [121.502784, 25.130131], [121.50279, 25.129929], [121.502931, 25.130007], [121.502953, 25.129872], [121.503111, 25.129887], [121.503279, 25.129771], [121.503088, 25.129601], [121.502968, 25.129666], [121.502842, 25.129562], [121.50283, 25.129333], [121.502508, 25.129343], [121.502516, 25.12958], [121.502277, 25.129822], [121.501841, 25.129616], [121.501908, 25.129405], [121.502112, 25.129451], [121.502079, 25.129556], [121.501993, 25.1295], [121.502075, 25.129307], [121.502156, 25.129295], [121.502174, 25.129028], [121.502282, 25.12892], [121.502694, 25.128962], [121.502726, 25.128809], [121.502003, 25.128758], [121.502004, 25.128872], [121.501844, 25.128847], [121.501778, 25.12925], [121.501573, 25.129153], [121.501608, 25.129092], [121.501484, 25.129159], [121.501218, 25.129054], [121.501384, 25.128775], [121.501295, 25.128712], [121.501345, 25.128288], [121.501793, 25.12837], [121.501817, 25.128475], [121.501797, 25.128613], [121.501392, 25.12854], [121.50107, 25.127985], [121.5012, 25.12794], [121.501264, 25.127273], [121.501208, 25.127198], [121.501284, 25.127163], [121.501382, 25.126529], [121.501369, 25.12644], [121.501222, 25.126387], [121.501249, 25.126244], [121.501473, 25.126223], [121.50183, 25.124802], [121.50178, 25.124696], [121.501876, 25.124614], [121.502036, 25.123956], [121.501856, 25.123901], [121.501765, 25.124272], [121.501668, 25.124252], [121.501767, 25.123841], [121.501593, 25.124566], [121.501621, 25.124721], [121.501744, 25.124373], [121.502052, 25.124501], [121.501998, 25.124706], [121.502128, 25.124662], [121.502267, 25.124529], [121.502233, 25.124401], [121.502438, 25.124313], [121.502396, 25.124189], [121.502162, 25.124232], [121.502356, 25.124565], [121.502561, 25.124479], [121.50262, 25.124676], [121.502401, 25.124836], [121.502431, 25.124895], [121.502611, 25.125], [121.502681, 25.124902], [121.502686, 25.124847], [121.501899, 25.125096], [121.501881, 25.125165], [121.501453, 25.125025], [121.50148, 25.124899], [121.50162, 25.124923], [121.501532, 25.125297], [121.501408, 25.125275], [121.50146, 25.12538], [121.501356, 25.125905], [121.501284, 25.125889], [121.501259, 25.125982], [121.501333, 25.125997], [121.501191, 25.126232], [121.500981, 25.126139], [121.501148, 25.126632], [121.501097, 25.126799], [121.501168, 25.126805], [121.50114, 25.126921], [121.501066, 25.126914], [121.501473, 25.126975], [121.501526, 25.126537], [121.501871, 25.126528], [121.50181, 25.126629], [121.501835, 25.127024], [121.50169, 25.127117], [121.501766, 25.127476], [121.502156, 25.127425], [121.503051, 25.127631], [121.503005, 25.127464], [121.502874, 25.127432], [121.503005, 25.126883], [121.502899, 25.126873], [121.502867, 25.127117], [121.502651, 25.127077], [121.502662, 25.126705], [121.503171, 25.126749], [121.50323, 25.126869], [121.503128, 25.127352], [121.502672, 25.127382], [121.502653, 25.127204], [121.502238, 25.127331], [121.50195, 25.127294], [121.5021, 25.127014], [121.502382, 25.127016], [121.502495, 25.126742], [121.502158, 25.126666], [121.502186, 25.126437], [121.501599, 25.126278], [121.501641, 25.126103], [121.501854, 25.126086], [121.502937, 25.126311], [121.503113, 25.126432], [121.503063, 25.126576], [121.502265, 25.126456], [121.502349, 25.126098], [121.50299, 25.126211], [121.502893, 25.125967], [121.501979, 25.125767], [121.502068, 25.125685], [121.502752, 25.125819], [121.50229, 25.126088], [121.501914, 25.126004], [121.501749, 25.125908], [121.501778, 25.125762], [121.501849, 25.125779], [121.501841, 25.125576], [121.501646, 25.126987], [121.501448, 25.127131], [121.501377, 25.127767], [121.501731, 25.127819], [121.501643, 25.127593], [121.501912, 25.127528], [121.501934, 25.127838], [121.502237, 25.127919], [121.502313, 25.127642], [121.502095, 25.127634], [121.502061, 25.127543], [121.502078, 25.127745], [121.50217, 25.127763], [121.502052, 25.128085], [121.503004, 25.128231], [121.503012, 25.127875], [121.502856, 25.127819], [121.503025, 25.12776], [121.50261, 25.127724], [121.502629, 25.127843], [121.502548, 25.127842], [121.502662, 25.127985], [121.502373, 25.128434], [121.50269, 25.128443], [121.502696, 25.128382], [121.502882, 25.128367], [121.502878, 25.128423], [121.502996, 25.128434], [121.502998, 25.128371], [121.502986, 25.128654], [121.502846, 25.128702], [121.502816, 25.128551], [121.502562, 25.128681], [121.502531, 25.12855], [121.502392, 25.128624], [121.50217, 25.12861], [121.501977, 25.128417], [121.501988, 25.128605], [121.501843, 25.128735], [121.501979, 25.128269], [121.501948, 25.128084], [121.501413, 25.127932], [121.501367, 25.128076], [121.500992, 25.127864], [121.501006, 25.127696], [121.500922, 25.127687], [121.501108, 25.127718], [121.501104, 25.127384], [121.500993, 25.127375], [121.501002, 25.127294], [121.501115, 25.127304], [121.501168, 25.129997], [121.501362, 25.131421], [121.501453, 25.131575], [121.501396, 25.131603], [121.501707, 25.131414], [121.501907, 25.130987], [121.501893, 25.130893], [121.501626, 25.130853], [121.501641, 25.13064], [121.501806, 25.130668], [121.50199, 25.130558], [121.501806, 25.130034], [121.501825, 25.129666], [121.501657, 25.129641], [121.501759, 25.129379], [121.501536, 25.129316], [121.501645, 25.1297], [121.501608, 25.130019], [121.501704, 25.130443], [121.501615, 25.130428], [121.50159, 25.130308], [121.502026, 25.130143], [121.502683, 25.130201], [121.502694, 25.130439], [121.5022, 25.130405], [121.50215, 25.130085], [121.502028, 25.130061], [121.502045, 25.129815], [121.501958, 25.129779], [121.502301, 25.130026], [121.502585, 25.130058], [121.502575, 25.129881], [121.502364, 25.129894], [121.502736, 25.129898], [121.502981, 25.130326], [121.502904, 25.130589], [121.50274, 25.1306], [121.502676, 25.130763], [121.502133, 25.13072], [121.502032, 25.130633], [121.502162, 25.130897], [121.502739, 25.130558], [121.502882, 25.130757], [121.503183, 25.130791], [121.50331, 25.129805], [121.503851, 25.130203], [121.503511, 25.130814], [121.502404, 25.13031], [121.502769, 25.129101], [121.502957, 25.128865], [121.502766, 25.128812], [121.503365, 25.131892], [121.503149, 25.132801], [121.502735, 25.132673]]}}, {"type": "Feature", "properties": {"district": "63000120", "segment": 33, "total_segments": 36, "km": 14.97, "villages": ["中央里", "大同里"]}, "geometry": {"type": "LineString", "coordinates": [[121.502403, 25.132822], [121.502488, 25.132989], [121.50242, 25.133077], [121.501908, 25.133354], [121.50177, 25.133187], [121.502323, 25.132845], [121.502298, 25.132742], [121.501831, 25.132948], [121.501666, 25.133166], [121.501563, 25.133063], [121.50151, 25.132645], [121.501372, 25.132654], [121.501436, 25.133068], [121.501218, 25.133095], [121.501135, 25.132997], [121.501164, 25.132924], [121.500851, 25.132412], [121.501005, 25.132319], [121.500985, 25.132265], [121.500636, 25.132506], [121.500672, 25.132552], [121.500807, 25.132441], [121.501269, 25.132388], [121.501343, 25.132427], [121.501369, 25.132607], [121.501485, 25.132495], [121.50141, 25.131766], [121.50176, 25.131573], [121.501926, 25.132087], [121.502081, 25.132251], [121.501902, 25.132365], [121.502157, 25.13235], [121.502335, 25.132694], [121.501838, 25.132441], [121.501837, 25.132369], [121.50163, 25.132472], [121.501706, 25.132558], [121.501783, 25.132523], [121.501651, 25.132581], [121.501682, 25.13179], [121.50126, 25.131857], [121.501316, 25.13222], [121.501203, 25.132292], [121.50112, 25.132296], [121.500964, 25.132029], [121.500233, 25.132266], [121.500038, 25.132455], [121.499903, 25.132446], [121.499639, 25.13262], [121.499704, 25.132684], [121.500042, 25.132802], [121.500168, 25.132712], [121.500441, 25.132949], [121.500716, 25.13305], [121.500824, 25.132867], [121.500922, 25.133103], [121.501081, 25.1331], [121.500532, 25.132723], [121.500649, 25.132575], [121.500411, 25.132312], [121.500379, 25.132109], [121.500599, 25.132017], [121.500253, 25.13181], [121.500186, 25.131897], [121.50026, 25.131993], [121.500043, 25.132007], [121.499499, 25.131613], [121.499426, 25.131692], [121.499701, 25.13143], [121.500152, 25.131873], [121.500272, 25.132145], [121.499798, 25.132344], [121.499629, 25.132258], [121.499519, 25.132478], [121.499298, 25.132402], [121.499449, 25.131979], [121.499228, 25.131828], [121.499259, 25.131776], [121.500054, 25.130875], [121.500653, 25.130807], [121.500717, 25.130705], [121.500464, 25.130613], [121.500334, 25.130701], [121.500351, 25.130368], [121.500808, 25.130517], [121.500752, 25.130316], [121.500681, 25.130373], [121.500675, 25.13017], [121.500228, 25.130181], [121.500278, 25.130118], [121.50015, 25.130313], [121.500985, 25.130152], [121.501043, 25.130516], [121.500972, 25.130689], [121.500873, 25.130686], [121.50107, 25.130745], [121.501084, 25.131406], [121.501224, 25.131726], [121.500945, 25.131888], [121.500643, 25.131627], [121.500558, 25.131751], [121.500459, 25.131736], [121.500445, 25.131455], [121.500858, 25.131393], [121.500843, 25.131266], [121.500313, 25.131328], [121.499972, 25.131514], [121.49994, 25.131421], [121.500026, 25.131289], [121.499858, 25.131263], [121.500258, 25.13101], [121.500183, 25.130921], [121.500419, 25.131001], [121.500769, 25.130937], [121.500808, 25.13107], [121.500298, 25.131127], [121.501006, 25.130955], [121.501197, 25.131886], [121.501033, 25.13199], [121.500863, 25.129776], [121.500949, 25.129456], [121.500767, 25.129441], [121.50066, 25.129883], [121.499544, 25.12955], [121.499509, 25.129659], [121.499758, 25.129728], [121.499657, 25.129864], [121.49942, 25.129807], [121.499372, 25.129915], [121.499613, 25.129975], [121.499485, 25.130107], [121.498716, 25.129919], [121.498971, 25.12967], [121.499045, 25.12969], [121.499036, 25.129538], [121.499139, 25.129562], [121.499201, 25.129469], [121.498823, 25.129358], [121.498823, 25.129483], [121.498897, 25.129502], [121.498853, 25.129639], [121.49812, 25.129473], [121.498067, 25.129586], [121.49849, 25.129698], [121.498448, 25.129856], [121.498005, 25.129745], [121.498192, 25.129318], [121.498589, 25.129431], [121.49864, 25.129312], [121.498241, 25.129212], [121.498292, 25.129057], [121.498683, 25.129162], [121.498753, 25.129016], [121.498612, 25.12898], [121.498634, 25.128841], [121.498792, 25.128887], [121.498838, 25.128757], [121.498668, 25.128716], [121.498772, 25.12859], [121.498886, 25.128618], [121.498918, 25.128505], [121.498549, 25.12839], [121.498579, 25.128307], [121.498695, 25.128288], [121.498953, 25.128363], [121.498967, 25.128241], [121.49868, 25.128162], [121.498673, 25.128054], [121.498813, 25.12803], [121.498929, 25.12775], [121.499049, 25.127777], [121.498927, 25.12806], [121.499033, 25.12813], [121.499258, 25.127605], [121.498879, 25.12749], [121.498842, 25.127603], [121.499511, 25.127761], [121.49938, 25.128163], [121.49924, 25.128128], [121.499415, 25.127609], [121.499838, 25.127737], [121.499668, 25.127804], [121.499507, 25.128198], [121.499663, 25.128235], [121.499748, 25.12796], [121.499891, 25.12822], [121.50017, 25.128266], [121.5002, 25.128135], [121.50014, 25.128417], [121.499872, 25.128879], [121.500027, 25.128909], [121.500001, 25.129076], [121.499783, 25.129014], [121.499719, 25.129132], [121.499967, 25.129192], [121.499914, 25.129335], [121.499655, 25.129271], [121.499606, 25.129392], [121.499869, 25.129462], [121.498887, 25.129206], [121.498932, 25.129069], [121.499288, 25.129161], [121.49934, 25.128988], [121.498989, 25.128897], [121.49903, 25.128766], [121.499383, 25.128853], [121.499415, 25.128628], [121.499109, 25.128554], [121.499139, 25.128408], [121.49956, 25.128511], [121.499618, 25.128391], [121.499181, 25.128301], [121.499498, 25.128642], [121.498543, 25.128531], [121.498385, 25.128901], [121.498031, 25.128478], [121.498162, 25.128356], [121.498136, 25.127832], [121.49828, 25.127387], [121.498406, 25.127428], [121.498258, 25.127867], [121.498398, 25.127903], [121.498551, 25.127453], [121.498691, 25.127482], [121.49852, 25.127946], [121.49872, 25.127916], [121.498788, 25.127717], [121.499971, 25.127817], [121.499995, 25.12775], [121.500932, 25.128125], [121.5011, 25.128415], [121.50098, 25.129095], [121.50075, 25.128948], [121.500807, 25.128854], [121.500694, 25.128836], [121.500754, 25.128638], [121.500924, 25.128661], [121.500792, 25.128512], [121.497586, 25.12917], [121.497406, 25.129591], [121.497506, 25.129559], [121.498467, 25.132292], [121.498618, 25.13272], [121.498853, 25.132808], [121.498715, 25.132999], [121.498512, 25.132886], [121.498538, 25.132842], [121.498438, 25.132952], [121.49885, 25.133172], [121.498398, 25.133701], [121.49822, 25.133562], [121.498169, 25.133386], [121.498389, 25.133015], [121.49852, 25.133238], [121.498403, 25.133413], [121.498496, 25.133384], [121.498188, 25.13372], [121.498346, 25.133854], [121.498286, 25.133953], [121.498474, 25.134006], [121.498565, 25.134221], [121.498407, 25.134338], [121.498425, 25.134143], [121.498206, 25.134092], [121.498212, 25.134238], [121.497923, 25.134217], [121.497986, 25.134374], [121.497889, 25.134691], [121.498396, 25.134837], [121.498473, 25.134771], [121.498441, 25.134639], [121.498532, 25.134654], [121.498589, 25.134797], [121.498521, 25.134847], [121.498618, 25.135065], [121.498712, 25.135043], [121.498658, 25.134867], [121.498864, 25.134895], [121.498933, 25.134802], [121.498874, 25.134757], [121.499168, 25.134552], [121.498672, 25.134128], [121.498497, 25.134398], [121.498513, 25.134567], [121.498366, 25.134534], [121.498366, 25.134446], [121.498261, 25.134454], [121.498267, 25.13454], [121.498121, 25.13398], [121.49821, 25.133958], [121.498112, 25.133861], [121.497684, 25.133936], [121.497807, 25.13405], [121.497671, 25.134125], [121.497502, 25.134086], [121.497589, 25.133647], [121.497596, 25.13393], [121.497345, 25.134179], [121.497539, 25.134415], [121.497881, 25.134048], [121.49802, 25.134013], [121.498152, 25.133693], [121.498021, 25.133542], [121.498028, 25.133257], [121.497855, 25.133524], [121.49762, 25.13348], [121.497666, 25.133449], [121.496722, 25.133622], [121.496047, 25.133379], [121.496046, 25.133162], [121.496211, 25.133012], [121.495991, 25.132851], [121.496009, 25.132586], [121.496187, 25.132128], [121.496466, 25.132266], [121.496529, 25.132023], [121.496775, 25.132107], [121.496922, 25.131956], [121.497213, 25.132043], [121.497314, 25.132091], [121.497292, 25.132204], [121.497166, 25.132155], [121.497329, 25.132376], [121.497261, 25.132534], [121.496915, 25.132402], [121.497366, 25.132601], [121.497302, 25.131582], [121.498531, 25.131135], [121.498724, 25.130672], [121.498971, 25.130512], [121.49925, 25.130487], [121.499414, 25.130319], [121.498565, 25.130095], [121.498506, 25.130354], [121.49804, 25.130097], [121.497931, 25.130248], [121.498228, 25.1304], [121.498102, 25.130698], [121.497985, 25.130469], [121.497701, 25.130326], [121.497971, 25.129919], [121.498379, 25.130053], [121.497363, 25.129798], [121.497242, 25.129892], [121.496604, 25.131283], [121.496925, 25.131353], [121.497629, 25.130012], [121.497588, 25.130543], [121.497889, 25.130634], [121.497779, 25.130775], [121.497497, 25.130858], [121.497585, 25.131032], [121.497734, 25.130981], [121.497426, 25.131081], [121.497556, 25.130616], [121.496876, 25.131474], [121.496409, 25.131773], [121.496336, 25.131949], [121.496434, 25.131997], [121.495422, 25.132773], [121.495258, 25.13345], [121.495155, 25.133439], [121.495353, 25.133502], [121.49389, 25.133155], [121.493252, 25.132158], [121.496224, 25.130511], [121.499088, 25.132591], [121.499324, 25.132679], [121.498924, 25.133124], [121.498852, 25.133089], [121.499215, 25.133232], [121.499254, 25.133179], [121.499339, 25.133229], [121.499279, 25.133296], [121.49955, 25.133355], [121.499486, 25.133425], [121.499818, 25.133416], [121.500052, 25.133164], [121.499837, 25.133175], [121.499791, 25.133108], [121.499892, 25.132892], [121.499521, 25.132741], [121.499329, 25.132873], [121.499373, 25.133023], [121.499937, 25.132909], [121.500201, 25.133013], [121.500426, 25.134005], [121.501338, 25.13339], [121.499298, 25.134703], [121.499349, 25.13483], [121.499166, 25.134924], [121.499105, 25.134843], [121.499087, 25.135005], [121.498818, 25.135184]]}}, {"type": "Feature", "properties": {"district": "63000120", "segment": 34, "total_segments": 36, "km": 14.99, "villages": ["大同里", "八仙里"]}, "geometry": {"type": "LineString", "coordinates": [[121.498436, 25.135409], [121.498303, 25.135341], [121.498305, 25.135476], [121.497306, 25.13593], [121.496863, 25.135187], [121.496902, 25.135048], [121.49682, 25.135023], [121.496655, 25.134698], [121.496671, 25.134589], [121.496779, 25.134543], [121.49688, 25.134737], [121.496848, 25.134834], [121.497212, 25.134811], [121.497407, 25.135486], [121.497756, 25.135312], [121.497848, 25.135467], [121.498066, 25.135105], [121.497564, 25.135061], [121.49753, 25.135177], [121.497588, 25.13493], [121.497376, 25.134881], [121.497409, 25.134584], [121.497805, 25.134709], [121.497814, 25.134799], [121.49762, 25.134779], [121.49769, 25.13489], [121.497649, 25.134978], [121.498135, 25.135225], [121.498285, 25.135142], [121.498312, 25.135071], [121.498133, 25.13485], [121.497937, 25.134784], [121.497884, 25.134774], [121.498511, 25.135119], [121.498472, 25.135214], [121.498726, 25.134575], [121.498862, 25.134544], [121.498667, 25.13453], [121.498365, 25.127197], [121.498679, 25.12645], [121.498034, 25.125991], [121.497758, 25.126817], [121.499903, 25.126981], [121.499926, 25.126885], [121.499477, 25.126827], [121.499669, 25.126644], [121.500224, 25.126746], [121.500236, 25.126693], [121.500196, 25.127116], [121.500188, 25.126268], [121.499825, 25.126181], [121.500029, 25.125511], [121.500008, 25.125426], [121.499812, 25.125483], [121.499864, 25.125395], [121.50014, 25.125447], [121.500143, 25.125522], [121.500228, 25.125075], [121.50019, 25.124793], [121.500084, 25.124655], [121.500101, 25.124533], [121.499948, 25.124822], [121.49946, 25.124752], [121.499433, 25.124877], [121.499502, 25.124892], [121.500466, 25.124967], [121.500465, 25.124466], [121.50068, 25.124684], [121.500658, 25.124753], [121.500849, 25.124859], [121.500793, 25.125155], [121.50059, 25.125353], [121.500693, 25.125433], [121.500509, 25.125746], [121.500531, 25.125865], [121.500675, 25.125938], [121.500551, 25.126018], [121.50057, 25.126076], [121.500496, 25.12509], [121.500879, 25.124684], [121.500882, 25.124018], [121.501072, 25.12374], [121.501001, 25.123651], [121.501201, 25.123567], [121.500858, 25.123129], [121.500757, 25.123134], [121.500726, 25.12302], [121.500544, 25.123137], [121.5006, 25.123386], [121.500366, 25.123419], [121.500212, 25.123321], [121.500265, 25.123826], [121.500456, 25.123779], [121.500549, 25.123883], [121.500443, 25.123975], [121.500514, 25.124043], [121.500589, 25.123701], [121.500787, 25.123588], [121.500772, 25.123366], [121.50054, 25.123539], [121.50028, 25.123133], [121.500199, 25.122832], [121.5002, 25.122629], [121.500313, 25.122425], [121.500222, 25.122339], [121.500261, 25.122204], [121.500419, 25.122164], [121.500397, 25.122318], [121.500577, 25.122469], [121.500599, 25.122415], [121.500437, 25.122651], [121.500598, 25.122674], [121.500584, 25.122731], [121.500708, 25.12265], [121.500751, 25.122737], [121.500524, 25.121992], [121.500316, 25.121896], [121.500317, 25.122004], [121.500378, 25.121815], [121.500214, 25.121692], [121.500332, 25.121519], [121.500242, 25.121307], [121.500452, 25.120943], [121.50043, 25.119979], [121.50028, 25.119751], [121.500576, 25.119722], [121.500521, 25.119257], [121.500254, 25.118954], [121.500131, 25.118661], [121.500225, 25.117837], [121.499489, 25.117875], [121.499453, 25.117609], [121.499359, 25.117604], [121.499362, 25.117683], [121.499168, 25.117571], [121.500211, 25.117446], [121.500269, 25.117114], [121.500173, 25.116535], [121.500155, 25.115525], [121.499751, 25.115645], [121.500099, 25.115046], [121.500027, 25.114711], [121.500131, 25.114649], [121.499308, 25.114808], [121.499245, 25.115027], [121.498655, 25.115167], [121.498532, 25.114938], [121.498211, 25.11523], [121.498118, 25.115232], [121.49797, 25.115014], [121.49767, 25.114996], [121.497706, 25.114604], [121.497927, 25.114632], [121.498576, 25.114313], [121.497566, 25.115223], [121.497101, 25.115205], [121.496743, 25.115067], [121.496648, 25.115139], [121.496588, 25.115038], [121.496444, 25.115084], [121.496429, 25.114945], [121.496031, 25.115052], [121.496039, 25.115226], [121.495919, 25.115245], [121.496433, 25.115227], [121.496379, 25.115348], [121.49661, 25.11544], [121.496657, 25.11534], [121.496141, 25.115137], [121.496033, 25.114929], [121.496473, 25.114799], [121.496437, 25.114542], [121.49614, 25.114428], [121.49554, 25.114473], [121.495468, 25.114365], [121.495317, 25.114495], [121.495222, 25.114057], [121.495084, 25.114092], [121.495407, 25.113931], [121.495482, 25.114069], [121.495594, 25.115002], [121.49541, 25.115076], [121.495463, 25.115385], [121.495195, 25.115444], [121.494881, 25.115348], [121.495175, 25.115067], [121.494508, 25.115301], [121.495783, 25.115968], [121.496122, 25.11582], [121.496886, 25.114835], [121.495889, 25.119176], [121.497405, 25.119886], [121.49795, 25.120219], [121.498049, 25.120839], [121.498349, 25.120886], [121.49877, 25.120407], [121.499074, 25.120591], [121.498517, 25.12155], [121.498429, 25.121893], [121.498717, 25.122316], [121.498993, 25.122364], [121.49906, 25.122459], [121.499642, 25.122705], [121.500019, 25.123109], [121.49954, 25.123207], [121.499563, 25.123892], [121.499322, 25.124173], [121.499405, 25.124434], [121.499223, 25.124607], [121.49907, 25.125288], [121.498678, 25.124483], [121.498657, 25.12413], [121.500084, 25.124198], [121.501319, 25.123148], [121.501929, 25.123275], [121.502129, 25.123363], [121.502002, 25.123512], [121.501877, 25.123449], [121.502739, 25.123728], [121.502791, 25.123547], [121.502509, 25.123468], [121.502537, 25.123376], [121.502771, 25.123428], [121.502802, 25.12324], [121.502392, 25.123182], [121.502392, 25.123435], [121.502204, 25.123171], [121.501978, 25.123075], [121.502137, 25.122812], [121.502546, 25.123049], [121.502862, 25.123081], [121.50281, 25.122907], [121.502571, 25.122708], [121.502406, 25.122739], [121.502654, 25.122645], [121.502613, 25.122434], [121.502707, 25.122433], [121.502691, 25.122314], [121.502678, 25.122226], [121.502587, 25.122244], [121.502456, 25.120644], [121.501984, 25.119731], [121.50247, 25.119038], [121.502609, 25.118918], [121.50279, 25.119146], [121.502832, 25.119249], [121.502551, 25.119212], [121.502702, 25.119666], [121.503305, 25.120197], [121.50346, 25.120253], [121.503646, 25.120087], [121.502988, 25.119619], [121.503959, 25.120043], [121.50398, 25.120111], [121.504064, 25.119985], [121.504122, 25.12024], [121.504241, 25.120358], [121.504051, 25.120473], [121.504086, 25.120575], [121.503969, 25.12059], [121.503933, 25.120462], [121.503689, 25.120451], [121.503699, 25.120566], [121.503786, 25.120577], [121.503785, 25.12083], [121.504043, 25.120744], [121.504021, 25.120831], [121.504535, 25.120867], [121.504776, 25.120694], [121.504819, 25.120743], [121.504898, 25.120612], [121.504817, 25.120485], [121.504559, 25.120542], [121.50448, 25.120479], [121.504891, 25.120262], [121.50482, 25.120127], [121.504729, 25.120628], [121.503653, 25.120753], [121.503648, 25.12083], [121.50336, 25.120747], [121.503334, 25.120637], [121.503455, 25.120645], [121.50122, 25.12026], [121.499895, 25.121893], [121.499771, 25.122498], [121.497894, 25.122026], [121.496, 25.121966], [121.496002, 25.122078], [121.497201, 25.122124], [121.497176, 25.12225], [121.496022, 25.122208], [121.495972, 25.122312], [121.497151, 25.122363], [121.49695, 25.122618], [121.496945, 25.122766], [121.497008, 25.122773], [121.496485, 25.122721], [121.496538, 25.122566], [121.496442, 25.122561], [121.49673, 25.122595], [121.496643, 25.122913], [121.496457, 25.122892], [121.496431, 25.123052], [121.496032, 25.123019], [121.495895, 25.122828], [121.496532, 25.123061], [121.49695, 25.123113], [121.49692, 25.122933], [121.496794, 25.122921], [121.497208, 25.122995], [121.497161, 25.12313], [121.496878, 25.123288], [121.49641, 25.123241], [121.496391, 25.123352], [121.496864, 25.123396], [121.496837, 25.123565], [121.496371, 25.12352], [121.495182, 25.121921], [121.496239, 25.12102], [121.497024, 25.120861], [121.497523, 25.120874], [121.497771, 25.119268], [121.498973, 25.119272]]}}, {"type": "Feature", "properties": {"district": "63000120", "segment": 35, "total_segments": 36, "km": 14.33, "villages": ["八仙里", "洲美里"]}, "geometry": {"type": "LineString", "coordinates": [[121.499032, 25.118942], [121.493456, 25.120689], [121.492986, 25.120326], [121.492721, 25.120975], [121.493044, 25.121129], [121.493349, 25.122797], [121.492951, 25.123003], [121.493438, 25.123645], [121.485545, 25.121327], [121.484683, 25.118972], [121.484866, 25.118755], [121.484283, 25.118932], [121.483786, 25.118937], [121.483571, 25.118789], [121.483845, 25.11862], [121.483933, 25.118438], [121.484046, 25.118441], [121.484199, 25.117738], [121.485113, 25.117816], [121.485079, 25.117321], [121.485157, 25.116725], [121.485808, 25.116312], [121.48599, 25.116308], [121.485754, 25.11737], [121.486199, 25.11826], [121.486321, 25.118899], [121.486914, 25.118931], [121.486772, 25.119071], [121.487194, 25.117855], [121.487953, 25.116247], [121.489232, 25.116614], [121.489272, 25.11683], [121.489714, 25.116858], [121.489829, 25.116679], [121.490123, 25.116662], [121.490545, 25.115957], [121.48468, 25.114965], [121.484357, 25.115179], [121.483922, 25.115196], [121.483813, 25.11512], [121.48397, 25.114952], [121.483698, 25.115071], [121.483606, 25.115036], [121.483583, 25.115238], [121.483674, 25.115412], [121.483572, 25.115513], [121.483654, 25.115608], [121.483935, 25.115349], [121.482984, 25.115163], [121.482929, 25.115464], [121.483137, 25.115534], [121.483329, 25.115989], [121.483471, 25.116013], [121.483487, 25.116139], [121.482986, 25.11608], [121.482551, 25.116192], [121.482495, 25.114971], [121.482156, 25.114873], [121.482001, 25.114951], [121.482677, 25.11496], [121.481224, 25.114405], [121.480321, 25.114274], [121.480302, 25.116197], [121.480672, 25.116208], [121.479988, 25.11646], [121.483128, 25.117609], [121.483518, 25.117231], [121.483762, 25.116629], [121.483775, 25.116031], [121.483851, 25.116007], [121.48424, 25.116657], [121.484275, 25.114805], [121.477394, 25.113927], [121.477043, 25.114071], [121.47709, 25.114154], [121.49915, 25.108706], [121.499364, 25.107114], [121.499624, 25.107123], [121.498718, 25.10689], [121.49929, 25.105683], [121.499608, 25.103468], [121.499886, 25.103483], [121.500174, 25.103273], [121.500044, 25.103178], [121.500551, 25.103047], [121.50076, 25.103102], [121.500685, 25.103262], [121.500446, 25.103342], [121.500245, 25.102923], [121.500023, 25.102688], [121.500126, 25.102543], [121.500775, 25.102279], [121.50096, 25.102271], [121.501054, 25.102329], [121.500955, 25.102448], [121.500909, 25.102402], [121.501158, 25.102455], [121.501154, 25.102512], [121.501406, 25.102389], [121.501255, 25.102256], [121.501262, 25.102098], [121.501102, 25.102236], [121.50153, 25.101874], [121.501692, 25.101558], [121.501921, 25.10185], [121.501801, 25.102106], [121.501667, 25.102011], [121.501499, 25.102124], [121.501024, 25.102673], [121.500979, 25.102847], [121.5006, 25.102793], [121.501269, 25.102692], [121.501238, 25.103185], [121.502177, 25.102157], [121.502187, 25.102004], [121.502409, 25.102162], [121.502358, 25.102309], [121.502482, 25.102412], [121.502535, 25.102266], [121.50276, 25.102439], [121.502611, 25.102531], [121.503374, 25.102071], [121.503773, 25.102243], [121.503526, 25.101579], [121.502958, 25.101539], [121.502773, 25.101617], [121.502689, 25.1014], [121.502582, 25.101494], [121.502436, 25.101386], [121.502192, 25.101369], [121.501307, 25.10151], [121.501208, 25.101435], [121.502965, 25.101738], [121.503893, 25.100752], [121.503905, 25.100602], [121.504186, 25.100689], [121.504069, 25.100761], [121.504174, 25.100837], [121.504478, 25.100853], [121.504491, 25.100715], [121.504344, 25.100705], [121.504656, 25.100721], [121.504646, 25.100865], [121.504795, 25.1008], [121.504814, 25.10065], [121.504984, 25.100658], [121.50497, 25.100807], [121.505532, 25.100821], [121.5056, 25.100908], [121.506173, 25.100921], [121.506288, 25.10083], [121.506429, 25.100839], [121.506441, 25.100697], [121.5063, 25.100689], [121.506129, 25.10027], [121.505584, 25.100281], [121.50554, 25.100668], [121.505385, 25.100661], [121.504991, 25.10026], [121.504826, 25.100258], [121.504833, 25.100096], [121.505004, 25.100091], [121.504059, 25.10006], [121.504028, 25.100242], [121.504611, 25.10025], [121.505556, 25.099693], [121.508498, 25.100998], [121.50884, 25.100437], [121.509234, 25.100417], [121.509221, 25.099873], [121.508891, 25.099871], [121.510489, 25.099699]]}}, {"type": "Feature", "properties": {"district": "63000120", "segment": 36, "total_segments": 36, "km": 1.0, "villages": ["洲美里"]}, "geometry": {"type": "LineString", "coordinates": [[121.504815, 25.103056], [121.504967, 25.104062], [121.50562, 25.104853], [121.504516, 25.105403], [121.499759, 25.103057], [121.499648, 25.102141]]}}]}