{"type": "FeatureCollection", "features": [{"type": "Feature", "properties": {"district": "63000070", "segment": 1, "total_segments": 15, "km": 12.28, "villages": ["仁德里", "富福里"]}, "geometry": {"type": "LineString", "coordinates": [[121.507004, 25.039164], [121.506963, 25.039032], [121.506871, 25.039052], [121.506818, 25.038947], [121.506925, 25.038925], [121.506819, 25.038541], [121.506445, 25.038512], [121.506304, 25.039284], [121.50683, 25.039242], [121.506655, 25.038971], [121.506189, 25.038929], [121.506096, 25.039368], [121.506006, 25.039383], [121.505918, 25.039166], [121.505864, 25.039244], [121.505964, 25.038786], [121.505914, 25.03864], [121.505588, 25.038646], [121.505687, 25.038486], [121.506072, 25.038397], [121.506058, 25.038622], [121.506234, 25.038578], [121.506229, 25.038659], [121.506241, 25.038129], [121.505848, 25.038286], [121.50576, 25.038219], [121.505584, 25.038252], [121.505368, 25.038373], [121.505535, 25.039251], [121.505387, 25.039312], [121.505411, 25.039431], [121.504242, 25.039626], [121.504137, 25.039109], [121.504644, 25.038911], [121.504631, 25.03882], [121.504546, 25.038712], [121.504314, 25.038797], [121.504312, 25.03874], [121.504226, 25.038894], [121.504106, 25.038909], [121.504118, 25.038978], [121.503987, 25.038104], [121.504805, 25.037957], [121.504854, 25.038287], [121.505202, 25.038387], [121.50527, 25.038725], [121.505178, 25.038773], [121.505277, 25.038758], [121.505314, 25.038925], [121.505364, 25.039194], [121.505132, 25.03893], [121.505011, 25.039061], [121.505065, 25.039096], [121.504932, 25.03909], [121.50494, 25.039159], [121.50483, 25.039202], [121.50473, 25.039122], [121.50488, 25.038835], [121.50485, 25.038744], [121.50482, 25.03881], [121.504701, 25.038721], [121.504678, 25.038575], [121.504854, 25.038642], [121.505034, 25.038628], [121.504942, 25.038573], [121.505045, 25.038559], [121.505113, 25.038617], [121.505097, 25.038818], [121.504921, 25.039008], [121.504693, 25.038928], [121.504748, 25.038648], [121.504536, 25.038654], [121.504362, 25.038527], [121.504326, 25.038372], [121.504728, 25.038299], [121.504799, 25.038393], [121.504097, 25.038417], [121.504094, 25.037759], [121.503917, 25.03774], [121.503979, 25.037621], [121.503839, 25.037627], [121.503811, 25.037498], [121.504103, 25.037417], [121.5041, 25.037332], [121.504183, 25.037316], [121.50421, 25.037395], [121.504508, 25.03738], [121.504454, 25.037531], [121.504159, 25.03758], [121.504307, 25.037293], [121.504521, 25.037254], [121.504513, 25.037194], [121.504579, 25.037246], [121.504554, 25.037053], [121.504744, 25.03699], [121.504411, 25.037001], [121.504367, 25.037106], [121.504211, 25.037063], [121.504242, 25.037118], [121.504103, 25.037132], [121.504119, 25.037044], [121.504043, 25.037042], [121.503967, 25.037287], [121.503774, 25.037323], [121.503785, 25.03738], [121.503727, 25.037102], [121.503814, 25.037092], [121.503717, 25.037065], [121.503777, 25.036931], [121.503696, 25.036956], [121.503638, 25.036655], [121.504672, 25.036617], [121.504663, 25.036682], [121.504905, 25.036874], [121.504953, 25.037128], [121.504793, 25.037085], [121.504975, 25.037282], [121.505023, 25.037523], [121.505194, 25.037516], [121.505069, 25.036852], [121.506311, 25.037291], [121.506311, 25.037435], [121.506163, 25.037481], [121.505578, 25.037601], [121.505386, 25.037512], [121.505397, 25.037604], [121.504694, 25.037755], [121.504735, 25.037521], [121.504678, 25.037526], [121.504416, 25.037805], [121.503891, 25.037876], [121.504182, 25.036878], [121.504023, 25.0369], [121.504155, 25.036752], [121.504211, 25.036801], [121.504261, 25.036672], [121.504538, 25.036778], [121.505182, 25.036501], [121.506179, 25.036231], [121.506177, 25.036569], [121.505847, 25.036585], [121.505812, 25.036718], [121.505434, 25.036631], [121.505714, 25.036603], [121.505696, 25.036511], [121.505984, 25.036733], [121.506206, 25.036718], [121.506131, 25.036803], [121.506032, 25.036771], [121.506052, 25.036851], [121.506167, 25.036797], [121.506285, 25.036883], [121.5061, 25.036538], [121.50553, 25.037091], [121.505327, 25.037105], [121.505448, 25.037258], [121.505845, 25.037462], [121.505937, 25.037296], [121.506486, 25.037906], [121.506443, 25.038145], [121.506703, 25.038107], [121.506652, 25.037925], [121.505756, 25.038513], [121.505148, 25.038187], [121.505072, 25.037903], [121.504999, 25.037918], [121.504924, 25.038375], [121.504931, 25.039287], [121.50486, 25.039334], [121.504943, 25.039365], [121.504817, 25.039305], [121.504634, 25.03935], [121.504525, 25.039562], [121.505717, 25.039382], [121.504352, 25.036444], [121.504234, 25.036427], [121.504316, 25.036277], [121.503755, 25.035727], [121.503512, 25.03585], [121.503546, 25.035903], [121.503479, 25.03588], [121.503565, 25.036278], [121.50387, 25.036207], [121.503912, 25.036257], [121.503957, 25.036151], [121.503996, 25.036204], [121.503767, 25.036199], [121.503738, 25.036467], [121.504106, 25.036453], [121.503608, 25.036433], [121.503376, 25.035417], [121.503628, 25.035602], [121.503857, 25.035378], [121.503778, 25.035297], [121.503887, 25.035067], [121.503757, 25.035086], [121.503683, 25.035007], [121.50392, 25.034811], [121.503997, 25.034839], [121.503907, 25.034932], [121.504034, 25.035012], [121.504161, 25.034857], [121.504295, 25.034981], [121.504274, 25.034924], [121.504518, 25.034898], [121.504697, 25.035004], [121.504646, 25.03517], [121.504461, 25.035126], [121.504463, 25.035068], [121.504522, 25.035167], [121.504432, 25.035228], [121.504526, 25.03534], [121.504419, 25.035454], [121.504174, 25.035251], [121.504336, 25.035062], [121.504077, 25.035202], [121.503994, 25.035144], [121.50406, 25.034858], [121.503986, 25.034756], [121.504146, 25.03473], [121.504122, 25.034645], [121.504721, 25.034129], [121.504872, 25.0342], [121.50481, 25.034282], [121.504861, 25.034316], [121.504938, 25.034247], [121.505031, 25.034332], [121.504904, 25.034478], [121.504923, 25.034573], [121.504824, 25.034724], [121.504528, 25.034636], [121.504768, 25.034338], [121.504847, 25.03437], [121.504725, 25.034537], [121.504382, 25.034789], [121.504316, 25.034711], [121.504799, 25.034938], [121.505102, 25.034583], [121.505264, 25.034549], [121.505188, 25.034484], [121.505589, 25.03415], [121.505423, 25.033925], [121.505111, 25.033803], [121.505235, 25.033696], [121.505343, 25.033758], [121.504415, 25.033986], [121.50412, 25.034236], [121.504071, 25.034159], [121.504201, 25.034077], [121.504097, 25.034083], [121.504099, 25.033858], [121.503663, 25.033778], [121.503666, 25.033988], [121.503957, 25.033941], [121.503948, 25.03409], [121.503568, 25.0341], [121.503602, 25.034177], [121.503545, 25.03418], [121.503952, 25.034184], [121.504008, 25.034297], [121.503841, 25.03429], [121.503833, 25.034413], [121.503573, 25.034377], [121.503549, 25.03445], [121.5037, 25.034582], [121.503537, 25.034729], [121.503432, 25.034541], [121.502339, 25.034828], [121.50235, 25.03497], [121.502551, 25.035024], [121.502356, 25.035049], [121.503063, 25.035028], [121.503456, 25.034796], [121.503337, 25.034678], [121.503033, 25.034814], [121.503132, 25.034905], [121.503028, 25.034474], [121.503274, 25.034472], [121.503245, 25.034186], [121.502332, 25.034224], [121.502348, 25.034579], [121.502428, 25.034501], [121.502435, 25.034577], [121.502215, 25.034548], [121.502188, 25.034175], [121.502021, 25.034116], [121.502043, 25.034016], [121.501541, 25.033993], [121.501515, 25.034144], [121.501884, 25.034117], [121.501928, 25.03428], [121.501711, 25.03425], [121.501663, 25.034346], [121.501196, 25.034349], [121.501248, 25.034583], [121.501355, 25.034584], [121.501247, 25.034712], [121.501308, 25.035014], [121.501076, 25.035024], [121.501001, 25.034684], [121.500198, 25.034609], [121.500256, 25.03448], [121.500521, 25.03445], [121.500457, 25.034255], [121.500623, 25.034161], [121.500663, 25.034247], [121.500577, 25.034503], [121.500751, 25.034532], [121.500983, 25.034521], [121.500938, 25.034187], [121.50074, 25.034165], [121.501173, 25.034193], [121.501583, 25.034563], [121.502993, 25.034527], [121.503152, 25.034308], [121.5034, 25.034273], [121.503414, 25.03438], [121.503386, 25.033861], [121.503276, 25.033849], [121.503277, 25.034078], [121.502863, 25.034056], [121.502846, 25.033777], [121.502607, 25.033797], [121.503435, 25.03375], [121.504268, 25.03391], [121.504316, 25.033928], [121.503738, 25.034562], [121.503626, 25.035056], [121.504048, 25.035286], [121.504052, 25.035444], [121.503955, 25.035422], [121.504215, 25.035647], [121.504346, 25.035544], [121.504269, 25.035461], [121.504598, 25.036064], [121.502104, 25.034016], [121.502183, 25.033804], [121.501472, 25.033339], [121.500326, 25.033383], [121.499843, 25.033306], [121.499505, 25.033593], [121.499686, 25.033814], [121.499878, 25.03383], [121.499866, 25.034084], [121.500058, 25.033967], [121.50027, 25.03412], [121.500268, 25.034304], [121.500126, 25.034295], [121.50007, 25.034472], [121.499463, 25.0344], [121.499493, 25.033866], [121.499306, 25.03388], [121.499268, 25.034379], [121.498974, 25.034392], [121.498617, 25.03385], [121.498662, 25.033775], [121.499094, 25.033814], [121.499018, 25.034046], [121.498977, 25.034003], [121.49908, 25.03405], [121.499055, 25.034176], [121.49905, 25.03361], [121.498657, 25.033601], [121.498652, 25.033507], [121.499046, 25.033539], [121.498375, 25.033495], [121.499516, 25.03456], [121.499682, 25.034572], [121.499446, 25.034672], [121.499467, 25.035098], [121.499812, 25.035011], [121.500885, 25.035091], [121.50075, 25.034805], [121.500536, 25.034804], [121.500777, 25.034749]]}}, {"type": "Feature", "properties": {"district": "63000070", "segment": 2, "total_segments": 15, "km": 9.45, "villages": ["頂碩里"]}, "geometry": {"type": "LineString", "coordinates": [[121.501223, 25.03286], [121.501495, 25.032783], [121.501494, 25.032897], [121.501531, 25.032455], [121.501466, 25.032438], [121.501491, 25.03237], [121.501121, 25.032356], [121.501121, 25.032241], [121.501056, 25.032238], [121.501494, 25.03227], [121.501509, 25.03207], [121.501442, 25.032058], [121.501605, 25.032001], [121.501611, 25.031919], [121.501146, 25.031825], [121.501198, 25.031713], [121.5016, 25.031767], [121.501711, 25.031655], [121.501675, 25.03177], [121.501772, 25.031754], [121.501867, 25.031639], [121.50186, 25.031502], [121.5017, 25.031595], [121.501565, 25.031567], [121.501685, 25.031413], [121.501757, 25.031462], [121.501774, 25.031341], [121.500742, 25.031351], [121.500675, 25.031472], [121.500736, 25.03189], [121.500683, 25.032092], [121.500713, 25.032207], [121.500817, 25.032237], [121.500635, 25.032379], [121.500613, 25.032742], [121.500875, 25.032799], [121.500822, 25.032493], [121.501399, 25.032581], [121.501619, 25.032551], [121.501656, 25.032384], [121.502065, 25.032401], [121.502143, 25.03243], [121.502195, 25.032737], [121.502221, 25.03303], [121.502138, 25.033064], [121.501637, 25.032953], [121.501624, 25.032594], [121.501815, 25.032747], [121.50199, 25.032758], [121.501993, 25.032856], [121.501877, 25.032849], [121.502675, 25.032721], [121.502873, 25.032578], [121.502978, 25.032563], [121.502917, 25.032682], [121.503269, 25.032622], [121.503279, 25.032684], [121.503604, 25.032546], [121.503619, 25.03262], [121.503822, 25.03267], [121.503916, 25.032543], [121.504074, 25.032535], [121.504115, 25.032934], [121.504204, 25.032922], [121.504211, 25.032604], [121.504459, 25.032533], [121.50448, 25.032593], [121.504471, 25.032441], [121.504332, 25.032482], [121.504305, 25.032404], [121.504185, 25.032525], [121.50393, 25.032386], [121.503891, 25.032239], [121.503687, 25.032263], [121.503783, 25.031861], [121.503978, 25.031926], [121.503887, 25.0319], [121.504007, 25.031852], [121.504186, 25.031983], [121.504292, 25.03193], [121.504418, 25.03204], [121.50426, 25.031758], [121.504124, 25.031839], [121.504027, 25.031795], [121.504026, 25.031685], [121.503959, 25.031718], [121.503786, 25.03161], [121.503878, 25.031391], [121.504011, 25.0314], [121.504173, 25.031606], [121.504223, 25.031891], [121.503926, 25.03205], [121.503947, 25.032225], [121.503601, 25.032229], [121.503589, 25.032464], [121.503455, 25.03242], [121.503513, 25.032344], [121.503454, 25.032299], [121.503313, 25.032321], [121.503307, 25.032396], [121.503192, 25.032366], [121.50323, 25.03231], [121.503116, 25.032228], [121.502972, 25.032302], [121.502845, 25.032219], [121.502716, 25.032353], [121.502262, 25.032434], [121.502278, 25.032027], [121.502785, 25.032098], [121.502872, 25.031961], [121.503029, 25.031962], [121.50304, 25.031842], [121.5033, 25.03173], [121.503365, 25.031736], [121.503345, 25.031892], [121.503416, 25.03187], [121.50346, 25.031957], [121.503408, 25.032088], [121.50296, 25.032033], [121.503247, 25.031925], [121.503299, 25.031973], [121.503229, 25.032006], [121.503606, 25.032166], [121.503661, 25.031842], [121.503326, 25.031628], [121.502853, 25.031563], [121.502851, 25.031628], [121.503074, 25.031711], [121.502725, 25.031973], [121.502681, 25.031937], [121.502372, 25.032249], [121.502353, 25.032516], [121.502845, 25.03237], [121.502898, 25.032476], [121.503091, 25.032419], [121.503035, 25.032238], [121.503345, 25.032593], [121.503421, 25.032578], [121.503547, 25.032824], [121.503612, 25.032817], [121.503639, 25.033067], [121.503568, 25.033075], [121.503464, 25.03288], [121.503354, 25.032924], [121.503346, 25.033028], [121.503199, 25.032977], [121.50315, 25.03279], [121.503062, 25.032843], [121.503075, 25.032993], [121.503184, 25.033053], [121.503107, 25.033228], [121.503187, 25.0333], [121.504063, 25.033292], [121.504013, 25.033123], [121.503837, 25.033123], [121.503829, 25.033068], [121.50412, 25.033099], [121.504125, 25.033186], [121.504652, 25.033], [121.50475, 25.033273], [121.504682, 25.033303], [121.504894, 25.033207], [121.504902, 25.032948], [121.504691, 25.032545], [121.504523, 25.032428], [121.504579, 25.032381], [121.504487, 25.032194], [121.504407, 25.032258], [121.504595, 25.032728], [121.504352, 25.033039], [121.504206, 25.03301], [121.504314, 25.033269], [121.504417, 25.033245], [121.504476, 25.033444], [121.504705, 25.0336], [121.504846, 25.03362], [121.50508, 25.033416], [121.505054, 25.033189], [121.50365, 25.033191], [121.503574, 25.033126], [121.503601, 25.032698], [121.503772, 25.032503], [121.503005, 25.032831], [121.502371, 25.032882], [121.502402, 25.033038], [121.502726, 25.033105], [121.502684, 25.033195], [121.502392, 25.03313], [121.502466, 25.032946], [121.502648, 25.032922], [121.502722, 25.033204], [121.502951, 25.033246], [121.502014, 25.032284], [121.501721, 25.032228], [121.501728, 25.031915], [121.501882, 25.031946], [121.50203, 25.031856], [121.502108, 25.031675], [121.50218, 25.031677], [121.502178, 25.031851], [121.502379, 25.03137], [121.503665, 25.031392], [121.503682, 25.031118], [121.503378, 25.031099], [121.503421, 25.030796], [121.503309, 25.030788], [121.503258, 25.030917], [121.503209, 25.030791], [121.503093, 25.030801], [121.503005, 25.031077], [121.503163, 25.031103], [121.502889, 25.03094], [121.502868, 25.030779], [121.502417, 25.030768], [121.502459, 25.030827], [121.50239, 25.030866], [121.502614, 25.030964], [121.502469, 25.030874], [121.502598, 25.030876], [121.502649, 25.030679], [121.503059, 25.030693], [121.50305, 25.030324], [121.503633, 25.030314], [121.503616, 25.030099], [121.503118, 25.030016], [121.503047, 25.030065], [121.503047, 25.030006], [121.502863, 25.029962], [121.500674, 25.029639], [121.500723, 25.03025], [121.501469, 25.030282], [121.501526, 25.029996], [121.501163, 25.030123], [121.50118, 25.029936], [121.501267, 25.029929], [121.500999, 25.029889], [121.500886, 25.02973], [121.500868, 25.030098], [121.500992, 25.030002], [121.501018, 25.030389], [121.501771, 25.030408], [121.501803, 25.029942], [121.50192, 25.030033], [121.501916, 25.030143], [121.502059, 25.030192], [121.502019, 25.030294], [121.501914, 25.030294], [121.501918, 25.030516], [121.502029, 25.030445], [121.502329, 25.030555], [121.502484, 25.030428], [121.502876, 25.030427], [121.502799, 25.030312], [121.502604, 25.030306], [121.50262, 25.030205], [121.502406, 25.030293], [121.502238, 25.030214], [121.502269, 25.030142], [121.502203, 25.030302], [121.502122, 25.030285], [121.50229, 25.030449], [121.502364, 25.030417], [121.502472, 25.030539], [121.502545, 25.030491], [121.502644, 25.030554], [121.502582, 25.030673], [121.501916, 25.030645], [121.501785, 25.030579], [121.501763, 25.030652], [121.501, 25.030618], [121.500984, 25.030736], [121.501384, 25.030742], [121.501452, 25.030866], [121.501606, 25.030912], [121.50162, 25.031035], [121.501327, 25.031058], [121.500708, 25.031014], [121.500708, 25.030444], [121.500931, 25.030727], [121.501888, 25.030791], [121.501698, 25.030934], [121.501685, 25.031061], [121.502702, 25.0311], [121.502769, 25.031606], [121.502465, 25.03169], [121.502742, 25.031704], [121.502527, 25.031549], [121.502188, 25.031593], [121.502165, 25.031501], [121.502076, 25.031502], [121.501814, 25.031819], [121.501983, 25.031528], [121.501956, 25.031453], [121.502049, 25.031365], [121.502183, 25.031381], [121.502147, 25.030779], [121.502077, 25.030759], [121.502318, 25.030767], [121.501492, 25.030943], [121.501145, 25.031703], [121.500955, 25.031671], [121.501334, 25.032055], [121.50113, 25.032792], [121.501055, 25.032795], [121.501172, 25.032849], [121.50321, 25.030641], [121.50351, 25.030702], [121.503677, 25.030551], [121.50363, 25.030716], [121.503715, 25.030794], [121.503843, 25.030723], [121.503775, 25.030695], [121.503982, 25.030803], [121.503943, 25.030556], [121.504022, 25.030537], [121.504026, 25.030187], [121.503712, 25.03011], [121.50379, 25.03035], [121.50386, 25.030358], [121.503836, 25.03046], [121.503471, 25.0305], [121.50344, 25.030611], [121.503417, 25.03047], [121.50325, 25.030466], [121.502914, 25.030161], [121.502916, 25.030066], [121.503732, 25.030971], [121.504008, 25.031034], [121.503973, 25.031139], [121.503897, 25.031104], [121.504009, 25.030954], [121.503702, 25.031033]]}}, {"type": "Feature", "properties": {"district": "63000070", "segment": 3, "total_segments": 15, "km": 13.97, "villages": ["新忠里", "凌霄里", "騰雲里", "新和里", "新安里"]}, "geometry": {"type": "LineString", "coordinates": [[121.503972, 25.029853], [121.503747, 25.029787], [121.503712, 25.02922], [121.503858, 25.029284], [121.504105, 25.029002], [121.504464, 25.029174], [121.503913, 25.029731], [121.503842, 25.029235], [121.503749, 25.029174], [121.503874, 25.029195], [121.503938, 25.02915], [121.503893, 25.029115], [121.503319, 25.029106], [121.502625, 25.028984], [121.502764, 25.028673], [121.502701, 25.028662], [121.502716, 25.028484], [121.502838, 25.028388], [121.502767, 25.028376], [121.503041, 25.028424], [121.502928, 25.028701], [121.502995, 25.028713], [121.502977, 25.028823], [121.502897, 25.028809], [121.503466, 25.028907], [121.503568, 25.028637], [121.50377, 25.02868], [121.503218, 25.028541], [121.502941, 25.028207], [121.50276, 25.028129], [121.502878, 25.028004], [121.502497, 25.028074], [121.502166, 25.029397], [121.50192, 25.029361], [121.502518, 25.029399], [121.502541, 25.029304], [121.502506, 25.029501], [121.503413, 25.029677], [121.503456, 25.029553], [121.504021, 25.029853], [121.504633, 25.029216], [121.504166, 25.028807], [121.506734, 25.026077], [121.507072, 25.025787], [121.507183, 25.025968], [121.506915, 25.026189], [121.507611, 25.025986], [121.50805, 25.025758], [121.508618, 25.025274], [121.508877, 25.024942], [121.508937, 25.025], [121.508662, 25.024804], [121.508713, 25.024716], [121.508374, 25.024678], [121.508261, 25.02458], [121.508227, 25.024523], [121.508399, 25.024435], [121.508028, 25.024753], [121.508181, 25.024898], [121.508092, 25.024979], [121.507937, 25.02483], [121.507784, 25.024902], [121.507737, 25.025229], [121.508083, 25.02539], [121.508027, 25.025502], [121.507751, 25.025672], [121.507519, 25.025624], [121.507382, 25.025741], [121.507215, 25.025608], [121.507433, 25.025265], [121.508187, 25.0253], [121.50852, 25.025016], [121.509002, 25.024607], [121.509067, 25.024615], [121.50916, 25.024384], [121.508463, 25.024099], [121.508494, 25.023861], [121.50856, 25.02387], [121.508578, 25.023624], [121.508526, 25.023618], [121.508931, 25.023276], [121.50919, 25.023224], [121.509253, 25.0233], [121.509156, 25.02353], [121.509085, 25.023523], [121.509047, 25.023776], [121.509344, 25.023915], [121.509251, 25.024149], [121.50918, 25.024142], [121.509427, 25.024501], [121.509452, 25.02473], [121.50996, 25.024562], [121.509826, 25.02405], [121.510012, 25.023957], [121.509945, 25.023756], [121.510771, 25.023605], [121.511177, 25.02416], [121.51115, 25.024249], [121.510938, 25.024305], [121.511473, 25.024166], [121.511502, 25.024071], [121.509338, 25.024762], [121.507754, 25.024468], [121.508576, 25.023157], [121.508648, 25.023165], [121.506976, 25.022083], [121.502966, 25.023446], [121.503638, 25.024966], [121.503905, 25.025424], [121.503855, 25.025449], [121.504683, 25.025664], [121.50451, 25.026151], [121.503988, 25.025933], [121.503968, 25.025987], [121.503898, 25.025796], [121.503806, 25.025767], [121.503681, 25.026087], [121.503785, 25.026355], [121.50364, 25.026506], [121.503554, 25.026771], [121.503766, 25.026841], [121.503788, 25.026787], [121.503735, 25.027054], [121.503911, 25.027113], [121.503825, 25.027222], [121.503735, 25.027191], [121.503458, 25.027314], [121.503444, 25.026968], [121.503213, 25.026888], [121.50315, 25.02701], [121.503401, 25.026399], [121.504184, 25.026422], [121.504219, 25.026328], [121.504174, 25.026668], [121.504416, 25.026723], [121.5042, 25.027007], [121.504119, 25.027353], [121.504502, 25.027395], [121.50481, 25.027554], [121.504734, 25.027686], [121.505147, 25.028132], [121.505028, 25.028283], [121.504698, 25.028179], [121.504417, 25.028511], [121.504346, 25.028724], [121.504642, 25.028686], [121.50481, 25.028499], [121.504977, 25.028514], [121.505134, 25.028393], [121.505282, 25.028475], [121.505523, 25.028258], [121.505444, 25.028202], [121.505497, 25.028148], [121.505577, 25.028206], [121.505372, 25.028121], [121.505229, 25.028578], [121.505099, 25.028715], [121.504902, 25.028695], [121.50502, 25.0288], [121.504847, 25.028984], [121.504674, 25.029039], [121.504161, 25.0284], [121.5042, 25.028338], [121.504094, 25.028446], [121.503739, 25.028344], [121.502914, 25.027669], [121.504688, 25.027098], [121.505011, 25.026574], [121.504945, 25.026528], [121.504985, 25.02613], [121.504904, 25.026106], [121.505163, 25.025813], [121.506143, 25.026113], [121.506513, 25.026375], [121.506209, 25.026572], [121.505405, 25.027434], [121.505584, 25.027582], [121.505843, 25.027305], [121.505977, 25.027397], [121.505714, 25.027674], [121.50588, 25.027804], [121.506258, 25.027315], [121.506278, 25.02737], [121.506346, 25.027328], [121.506924, 25.026748], [121.506711, 25.026533], [121.506567, 25.026703], [121.506621, 25.026743], [121.506505, 25.026652], [121.506359, 25.026735], [121.505956, 25.027184], [121.5064, 25.027077], [121.505816, 25.026643], [121.505742, 25.026455], [121.50587, 25.026487], [121.505461, 25.026859], [121.505335, 25.02682], [121.505358, 25.026753], [121.505117, 25.027255], [121.504998, 25.027218], [121.505024, 25.02716], [121.503335, 25.026006], [121.502285, 25.025789], [121.502266, 25.025558], [121.502012, 25.025549], [121.501887, 25.025723], [121.501896, 25.026335], [121.501826, 25.026429], [121.501593, 25.026316], [121.501611, 25.026251], [121.501437, 25.026348], [121.501159, 25.026302], [121.501152, 25.025973], [121.50103, 25.025985], [121.500994, 25.025461], [121.500575, 25.025463], [121.500598, 25.026266], [121.50078, 25.026303], [121.501015, 25.026292], [121.501011, 25.026085], [121.500767, 25.026067], [121.500774, 25.025978], [121.500877, 25.025977], [121.500875, 25.025756], [121.50076, 25.025756], [121.500758, 25.025698], [121.50114, 25.025692], [121.501142, 25.025482], [121.501656, 25.025518], [121.501448, 25.02564], [121.501439, 25.025735], [121.501393, 25.025587], [121.501382, 25.025856], [121.501309, 25.025857], [121.501301, 25.025935], [121.501623, 25.025983], [121.501642, 25.025835], [121.501141, 25.025743], [121.50097, 25.026455], [121.501148, 25.026487], [121.500961, 25.026769], [121.501054, 25.026742], [121.501038, 25.026877], [121.501117, 25.026912], [121.500968, 25.026965], [121.500877, 25.027116], [121.501041, 25.027172], [121.500996, 25.027099], [121.501073, 25.027043], [121.501979, 25.027276], [121.502016, 25.02743], [121.502167, 25.027461], [121.502105, 25.027656], [121.502141, 25.027501], [121.502225, 25.027647], [121.50231, 25.027595], [121.502405, 25.027723], [121.502534, 25.02772], [121.502276, 25.027869], [121.502015, 25.027813], [121.501973, 25.027651], [121.501732, 25.027705], [121.501678, 25.027612], [121.501598, 25.027593], [121.501604, 25.027648], [121.501445, 25.027525], [121.50142, 25.027701], [121.501945, 25.027798], [121.501922, 25.027915], [121.502085, 25.027942], [121.500679, 25.027752], [121.500681, 25.027945], [121.501473, 25.028077], [121.501437, 25.028213], [121.500892, 25.028185], [121.500911, 25.028894], [121.501843, 25.029106], [121.501824, 25.029256], [121.500731, 25.029053], [121.500647, 25.028759], [121.500632, 25.028069], [121.500891, 25.028113], [121.501119, 25.028395], [121.501966, 25.028543], [121.501922, 25.028745], [121.501072, 25.028597], [121.501106, 25.028741], [121.501897, 25.028879], [121.501976, 25.028306], [121.50151, 25.028225], [121.501624, 25.028106], [121.502024, 25.028186], [121.502394, 25.027882], [121.502476, 25.027896], [121.502171, 25.027702], [121.502319, 25.027531], [121.502426, 25.027625], [121.502432, 25.027463], [121.502344, 25.02747], [121.502359, 25.027362], [121.502249, 25.027351], [121.502252, 25.027247], [121.502448, 25.027381], [121.502467, 25.027316], [121.502146, 25.027103], [121.501941, 25.027222], [121.501787, 25.027112], [121.501723, 25.0273], [121.501921, 25.027352], [121.501876, 25.027525], [121.501961, 25.02754], [121.501936, 25.027607], [121.502091, 25.0273], [121.501307, 25.027204], [121.501263, 25.027301], [121.500808, 25.027203], [121.501019, 25.027313], [121.500817, 25.027172], [121.500838, 25.027121], [121.500607, 25.027162], [121.500594, 25.026443], [121.50093, 25.026905], [121.500987, 25.026863], [121.501236, 25.027033], [121.50153, 25.027109], [121.501526, 25.027032], [121.501252, 25.027178], [121.501455, 25.027481], [121.501697, 25.02751], [121.501685, 25.027579], [121.501323, 25.027671], [121.501115, 25.027539], [121.501324, 25.027548], [121.500665, 25.027483], [121.500621, 25.02735], [121.501452, 25.026656], [121.501565, 25.026682], [121.501548, 25.026745], [121.501233, 25.026484], [121.501914, 25.026759], [121.501897, 25.026826], [121.502257, 25.026829], [121.502243, 25.026895], [121.502356, 25.026918], [121.502085, 25.026478], [121.502195, 25.025898], [121.501443, 25.029403], [121.500782, 25.029293], [121.50178, 25.02947]]}}, {"type": "Feature", "properties": {"district": "63000070", "segment": 4, "total_segments": 15, "km": 9.53, "villages": ["日善里", "忠德里"]}, "geometry": {"type": "LineString", "coordinates": [[121.500374, 25.029194], [121.50029, 25.027509], [121.500319, 25.026436], [121.499649, 25.026348], [121.499672, 25.026294], [121.49829, 25.025767], [121.498214, 25.025803], [121.498002, 25.025666], [121.497937, 25.025945], [121.497768, 25.02618], [121.498318, 25.026375], [121.498128, 25.026529], [121.497712, 25.026347], [121.497722, 25.026223], [121.497634, 25.026148], [121.497485, 25.026123], [121.497367, 25.02623], [121.496961, 25.026073], [121.49685, 25.026139], [121.496496, 25.026071], [121.496682, 25.025607], [121.496836, 25.025505], [121.496748, 25.025471], [121.49686, 25.025251], [121.497066, 25.025311], [121.496914, 25.025469], [121.4968, 25.025783], [121.496853, 25.025801], [121.496744, 25.025877], [121.496825, 25.025888], [121.496798, 25.026246], [121.497027, 25.026208], [121.497378, 25.026359], [121.497529, 25.026553], [121.497623, 25.026468], [121.497894, 25.026543], [121.497911, 25.026662], [121.497685, 25.026612], [121.49758, 25.02683], [121.497584, 25.027113], [121.497107, 25.027188], [121.496991, 25.026648], [121.497237, 25.026746], [121.497279, 25.026643], [121.497161, 25.026571], [121.497373, 25.026651], [121.497404, 25.026964], [121.497314, 25.02689], [121.497328, 25.027023], [121.497137, 25.026977], [121.497122, 25.026853], [121.4967, 25.02631], [121.496072, 25.026917], [121.495858, 25.027371], [121.496188, 25.027364], [121.495667, 25.027917], [121.495624, 25.02818], [121.495751, 25.028476], [121.498702, 25.029159], [121.499902, 25.029092], [121.499898, 25.027776], [121.500135, 25.02777], [121.500182, 25.02924], [121.499941, 25.029235], [121.500327, 25.029248], [121.499875, 25.027607], [121.499997, 25.027563], [121.499964, 25.02745], [121.500171, 25.027248], [121.499908, 25.02725], [121.499867, 25.027109], [121.500219, 25.027022], [121.49997, 25.027125], [121.499861, 25.026836], [121.500137, 25.026785], [121.500107, 25.02669], [121.499905, 25.026675], [121.499905, 25.026599], [121.499575, 25.026363], [121.498472, 25.026571], [121.498442, 25.026449], [121.498319, 25.026573], [121.498541, 25.026239], [121.49875, 25.026185], [121.49874, 25.026113], [121.49832, 25.02602], [121.498298, 25.026076], [121.498216, 25.025867], [121.497792, 25.025799], [121.49757, 25.025903], [121.497642, 25.025953], [121.497457, 25.025947], [121.497498, 25.025903], [121.497323, 25.02569], [121.497301, 25.025484], [121.497687, 25.025581], [121.497755, 25.025627], [121.497703, 25.025665], [121.497865, 25.025599], [121.497798, 25.025572], [121.497592, 25.026267], [121.49682, 25.025727], [121.496847, 25.025648], [121.498687, 25.026267], [121.498777, 25.026226], [121.498865, 25.026621], [121.496499, 25.025696], [121.497047, 25.024449], [121.495882, 25.023933], [121.495682, 25.024132], [121.495549, 25.024083], [121.495529, 25.02416], [121.495919, 25.024218], [121.495993, 25.024138], [121.496053, 25.024246], [121.495814, 25.024528], [121.495236, 25.02427], [121.495388, 25.023943], [121.49546, 25.024134], [121.495594, 25.023813], [121.495535, 25.023783], [121.495715, 25.023866], [121.495848, 25.024304], [121.495803, 25.024338], [121.496205, 25.024488], [121.496261, 25.024414], [121.49643, 25.024477], [121.496445, 25.024642], [121.496747, 25.024746], [121.496794, 25.024683], [121.4966, 25.024594], [121.496575, 25.024396], [121.496341, 25.02457], [121.496168, 25.024365], [121.495917, 25.024627], [121.4962, 25.024829], [121.496283, 25.024753], [121.496365, 25.024818], [121.49637, 25.024917], [121.496264, 25.024998], [121.496526, 25.024973], [121.496316, 25.025357], [121.49613, 25.025224], [121.496081, 25.025279], [121.496358, 25.025482], [121.496412, 25.025419], [121.496226, 25.025701], [121.495935, 25.025487], [121.495865, 25.025581], [121.496036, 25.025682], [121.495995, 25.025841], [121.495642, 25.026571], [121.4955, 25.026687], [121.495391, 25.026704], [121.495373, 25.02661], [121.495785, 25.025726], [121.495728, 25.025656], [121.495284, 25.026589], [121.495156, 25.026576], [121.495079, 25.026454], [121.495535, 25.025549], [121.495401, 25.025516], [121.495008, 25.026376], [121.494902, 25.026447], [121.494829, 25.026386], [121.495238, 25.025324], [121.495161, 25.025288], [121.494833, 25.026018], [121.494596, 25.026193], [121.494684, 25.026256], [121.494599, 25.026331], [121.494646, 25.026377], [121.494431, 25.026573], [121.494528, 25.026652], [121.494753, 25.026464], [121.495034, 25.026708], [121.495126, 25.026823], [121.494969, 25.027103], [121.495368, 25.027477], [121.495311, 25.027554], [121.495518, 25.027747], [121.495442, 25.027938], [121.495244, 25.02799], [121.49493, 25.027679], [121.495215, 25.027472], [121.495591, 25.027623], [121.495679, 25.027436], [121.495652, 25.027244], [121.495515, 25.02713], [121.49555, 25.027002], [121.495301, 25.026794], [121.495227, 25.026869], [121.495345, 25.02697], [121.495334, 25.027103], [121.495846, 25.027083], [121.496045, 25.026657], [121.495944, 25.026581], [121.495682, 25.026658], [121.495811, 25.026381], [121.496033, 25.025946], [121.496222, 25.025818], [121.496364, 25.025982], [121.496135, 25.026471], [121.495835, 25.02652], [121.496481, 25.025734], [121.495597, 25.025371], [121.495697, 25.025311], [121.495393, 25.024988], [121.495618, 25.024591], [121.495549, 25.024548], [121.495471, 25.024508], [121.495153, 25.024834], [121.495324, 25.025042], [121.495216, 25.025086], [121.494936, 25.024937], [121.494443, 25.026014], [121.494563, 25.026169], [121.494488, 25.026236], [121.494417, 25.026175], [121.494329, 25.026269], [121.493915, 25.026865], [121.494533, 25.027388], [121.494868, 25.027029], [121.494573, 25.02679], [121.494488, 25.026852], [121.494321, 25.026709], [121.494505, 25.026674], [121.494542, 25.026898], [121.494734, 25.026445], [121.494532, 25.026272], [121.495422, 25.025469], [121.495485, 25.025286], [121.495338, 25.025177], [121.495187, 25.025232], [121.495636, 25.025047], [121.495879, 25.02506], [121.496003, 25.025137], [121.495901, 25.025281], [121.495909, 25.024987], [121.495735, 25.024756], [121.495804, 25.024681], [121.495744, 25.024647], [121.496185, 25.025096], [121.495055, 25.024676], [121.49519, 25.024406], [121.494999, 25.024797]]}}, {"type": "Feature", "properties": {"district": "63000070", "segment": 5, "total_segments": 15, "km": 12.88, "villages": ["保德里", "全德里", "壽德里"]}, "geometry": {"type": "LineString", "coordinates": [[121.49557, 25.023663], [121.495781, 25.022878], [121.495955, 25.022956], [121.495937, 25.023025], [121.49605, 25.023017], [121.496008, 25.023196], [121.495891, 25.023197], [121.495808, 25.023511], [121.495919, 25.023576], [121.495982, 25.02331], [121.495907, 25.023136], [121.496144, 25.022897], [121.497269, 25.023379], [121.4972, 25.023516], [121.496999, 25.023438], [121.497006, 25.023047], [121.496429, 25.022846], [121.496477, 25.022767], [121.497034, 25.022965], [121.497083, 25.022827], [121.496423, 25.022556], [121.496664, 25.022541], [121.496621, 25.02249], [121.497109, 25.022704], [121.497268, 25.022187], [121.496852, 25.022101], [121.49677, 25.022233], [121.496794, 25.022365], [121.496934, 25.022303], [121.496789, 25.022551], [121.497287, 25.022622], [121.497332, 25.022463], [121.497754, 25.022648], [121.497793, 25.022568], [121.497559, 25.022418], [121.497613, 25.022272], [121.497872, 25.022334], [121.49789, 25.022213], [121.497525, 25.022127], [121.497498, 25.022235], [121.497415, 25.022214], [121.497558, 25.022259], [121.497417, 25.02207], [121.497422, 25.02194], [121.497511, 25.021994], [121.497586, 25.021431], [121.497348, 25.021423], [121.497072, 25.021528], [121.497103, 25.021671], [121.497815, 25.02175], [121.497758, 25.02208], [121.498087, 25.022246], [121.498452, 25.021484], [121.498306, 25.021434], [121.498367, 25.021351], [121.498194, 25.02108], [121.497703, 25.021316], [121.497845, 25.021456], [121.497796, 25.02155], [121.498195, 25.021488], [121.497985, 25.021346], [121.497974, 25.021648], [121.497293, 25.022074], [121.496427, 25.021868], [121.496479, 25.021749], [121.496426, 25.021718], [121.496267, 25.021702], [121.49627, 25.021941], [121.496485, 25.022048], [121.496762, 25.022065], [121.496771, 25.021736], [121.496679, 25.021715], [121.496741, 25.021546], [121.496524, 25.021707], [121.496348, 25.021432], [121.496264, 25.021432], [121.496131, 25.021924], [121.496261, 25.02231], [121.496393, 25.022237], [121.495995, 25.022401], [121.496973, 25.021771], [121.496987, 25.021691], [121.496874, 25.021694], [121.496927, 25.021461], [121.498038, 25.022374], [121.497839, 25.022796], [121.497421, 25.022992], [121.497357, 25.023143], [121.497219, 25.023094], [121.497266, 25.022933], [121.497188, 25.022851], [121.497613, 25.023176], [121.497111, 25.024331], [121.496714, 25.024165], [121.496801, 25.023922], [121.497042, 25.024018], [121.496442, 25.023996], [121.495668, 25.02367], [121.497299, 25.024284], [121.497354, 25.024168], [121.497263, 25.024363], [121.497609, 25.024476], [121.497571, 25.024607], [121.497791, 25.024596], [121.498129, 25.024726], [121.498102, 25.024813], [121.497871, 25.024725], [121.497846, 25.02488], [121.497761, 25.024907], [121.497755, 25.025005], [121.497677, 25.024997], [121.497675, 25.025114], [121.497768, 25.02509], [121.497795, 25.025395], [121.497904, 25.025494], [121.498115, 25.025058], [121.497679, 25.024817], [121.497677, 25.024972], [121.497987, 25.024499], [121.498398, 25.024495], [121.498599, 25.024085], [121.499234, 25.024283], [121.499664, 25.024029], [121.49979, 25.024223], [121.499641, 25.024312], [121.499763, 25.024468], [121.499498, 25.024605], [121.499246, 25.024686], [121.498718, 25.024583], [121.498162, 25.024583], [121.498277, 25.024774], [121.498211, 25.024855], [121.498141, 25.024828], [121.499107, 25.024825], [121.499087, 25.025093], [121.499671, 25.025309], [121.499649, 25.025421], [121.499387, 25.025342], [121.499336, 25.025498], [121.499042, 25.025307], [121.498949, 25.025363], [121.498781, 25.025233], [121.498548, 25.025234], [121.498565, 25.025309], [121.498762, 25.025316], [121.498807, 25.025508], [121.498744, 25.025644], [121.498805, 25.025664], [121.498887, 25.025488], [121.499237, 25.025765], [121.499212, 25.025944], [121.498303, 25.025635], [121.498398, 25.02548], [121.498527, 25.025501], [121.498107, 25.025479], [121.498278, 25.025172], [121.498434, 25.025163], [121.498507, 25.024966], [121.498817, 25.025085], [121.498872, 25.025004], [121.49874, 25.024954], [121.498977, 25.025044], [121.498949, 25.025134], [121.499206, 25.025272], [121.499195, 25.024933], [121.499385, 25.024694], [121.499449, 25.02468], [121.499681, 25.025063], [121.49979, 25.02503], [121.499622, 25.024675], [121.500087, 25.024384], [121.500269, 25.025038], [121.500316, 25.026261], [121.499854, 25.026279], [121.499818, 25.025489], [121.500013, 25.025585], [121.500067, 25.025343], [121.499918, 25.025337], [121.499825, 25.025148], [121.500056, 25.025097], [121.499947, 25.024945], [121.500033, 25.024755], [121.499675, 25.025174], [121.499605, 25.025151], [121.499514, 25.025591], [121.499612, 25.02563], [121.499472, 25.0258], [121.499599, 25.025848], [121.499442, 25.026032], [121.49958, 25.026084], [121.49839, 25.024922], [121.498597, 25.02449], [121.498773, 25.024487], [121.498948, 25.024377], [121.498951, 25.024515], [121.499144, 25.024554], [121.499301, 25.024414], [121.499443, 25.024478], [121.499813, 25.024438], [121.499921, 25.024371], [121.499975, 25.023968], [121.499035, 25.022485], [121.498939, 25.022454], [121.498848, 25.022216], [121.498624, 25.022351], [121.498295, 25.022236], [121.498523, 25.021779], [121.498692, 25.021895], [121.498213, 25.022432], [121.497482, 25.023959], [121.497819, 25.023904], [121.49786, 25.023818], [121.498097, 25.024166], [121.49823, 25.024211], [121.497498, 25.024579], [121.497208, 25.024491], [121.496926, 25.025095], [121.49778, 25.025447], [121.497845, 25.025263], [121.497295, 25.024709], [121.498835, 25.022624], [121.4994, 25.022446], [121.499524, 25.022645], [121.499877, 25.022755], [121.500487, 25.023242], [121.501408, 25.022978], [121.501405, 25.023134], [121.500659, 25.02337], [121.500462, 25.023602], [121.500416, 25.023558], [121.500511, 25.02366], [121.500649, 25.023646], [121.500763, 25.023793], [121.50118, 25.02354], [121.501144, 25.023426], [121.501017, 25.023405], [121.501208, 25.02367], [121.501355, 25.023648], [121.501469, 25.023519], [121.501351, 25.022808], [121.501382, 25.022447], [121.501483, 25.022376], [121.501495, 25.022216], [121.501131, 25.022042], [121.500884, 25.022032], [121.500865, 25.022329], [121.500546, 25.022387], [121.5002, 25.022817], [121.500275, 25.022896], [121.500624, 25.022542], [121.500729, 25.022578], [121.500739, 25.022935], [121.500468, 25.023015], [121.500575, 25.0228], [121.500921, 25.022965], [121.501035, 25.022233], [121.501233, 25.022315], [121.501406, 25.021998], [121.50148, 25.022001], [121.50093, 25.021688], [121.500763, 25.021745], [121.500761, 25.02191], [121.501134, 25.021941], [121.500479, 25.022068], [121.500441, 25.021951], [121.50025, 25.021932], [121.500323, 25.021504], [121.50045, 25.021611], [121.500427, 25.021786], [121.50053, 25.021773], [121.500752, 25.022238], [121.500471, 25.022277], [121.500489, 25.022196], [121.500325, 25.022118], [121.500008, 25.022667], [121.499873, 25.022555], [121.500164, 25.022115], [121.499841, 25.021999], [121.499898, 25.021917], [121.500228, 25.021983], [121.500027, 25.021788], [121.500117, 25.021574], [121.499977, 25.021511], [121.500015, 25.021268], [121.500224, 25.021248], [121.50078, 25.021593], [121.499915, 25.02161], [121.499556, 25.022425], [121.499934, 25.022255], [121.499684, 25.022859], [121.500011, 25.023279], [121.500458, 25.024118], [121.500731, 25.023946], [121.500792, 25.023989], [121.500797, 25.023881], [121.501117, 25.023726], [121.501294, 25.024261], [121.501483, 25.024211], [121.501292, 25.023815], [121.501571, 25.02379], [121.501693, 25.024615], [121.501655, 25.025402], [121.501156, 25.025365], [121.501101, 25.025107], [121.501166, 25.025031], [121.50107, 25.02483], [121.500898, 25.024825], [121.500891, 25.025041], [121.500755, 25.025064], [121.500759, 25.025332], [121.500994, 25.025319], [121.501002, 25.025147], [121.501535, 25.025071], [121.501441, 25.025255], [121.501386, 25.025257], [121.501314, 25.024925], [121.50159, 25.024799], [121.501264, 25.024884], [121.501312, 25.024611], [121.501518, 25.024561], [121.500995, 25.024374], [121.500886, 25.024012], [121.501025, 25.023914], [121.500711, 25.02412], [121.500891, 25.024531], [121.500439, 25.024422], [121.500357, 25.024199], [121.500572, 25.025321], [121.501549, 25.023673], [121.499193, 25.0221], [121.499042, 25.021829], [121.499076, 25.021512], [121.499739, 25.021337]]}}, {"type": "Feature", "properties": {"district": "63000070", "segment": 6, "total_segments": 15, "km": 11.87, "villages": ["忠貞里", "日祥里", "興德里"]}, "geometry": {"type": "LineString", "coordinates": [[121.501685, 25.022166], [121.501763, 25.02217], [121.501664, 25.022384], [121.501737, 25.022449], [121.501742, 25.022389], [121.501725, 25.02258], [121.501652, 25.022519], [121.501638, 25.022661], [121.501633, 25.022717], [121.501717, 25.022663], [121.501699, 25.022856], [121.501626, 25.02279], [121.501613, 25.022927], [121.501692, 25.022939], [121.501723, 25.02323], [121.501633, 25.023246], [121.50161, 25.02311], [121.50167, 25.02346], [121.501757, 25.023451], [121.501737, 25.023319], [121.501849, 25.023334], [121.501856, 25.023488], [121.502007, 25.023491], [121.50194, 25.023336], [121.501996, 25.023251], [121.501851, 25.023247], [121.501856, 25.023114], [121.502302, 25.023122], [121.502229, 25.022881], [121.50238, 25.022886], [121.502401, 25.023123], [121.502582, 25.023061], [121.502593, 25.023171], [121.502511, 25.023157], [121.502529, 25.023327], [121.502609, 25.023321], [121.502601, 25.02325], [121.502393, 25.02326], [121.502394, 25.023498], [121.502257, 25.023496], [121.502291, 25.023343], [121.502088, 25.023339], [121.50216, 25.023423], [121.502102, 25.023493], [121.502091, 25.023253], [121.502293, 25.023258], [121.502162, 25.023036], [121.502092, 25.023034], [121.502106, 25.022877], [121.501926, 25.022871], [121.501935, 25.02303], [121.502007, 25.023032], [121.50186, 25.023028], [121.501896, 25.022351], [121.502003, 25.022357], [121.50201, 25.022274], [121.501902, 25.022269], [121.501911, 25.022115], [121.5021, 25.022122], [121.502122, 25.022364], [121.502272, 25.022373], [121.502209, 25.022127], [121.50235, 25.022133], [121.502432, 25.022394], [121.502503, 25.022329], [121.502455, 25.022614], [121.502532, 25.022574], [121.502548, 25.022713], [121.502273, 25.022746], [121.502277, 25.022585], [121.502177, 25.022582], [121.502154, 25.022741], [121.501975, 25.022735], [121.502026, 25.022491], [121.502285, 25.022503], [121.502494, 25.022991], [121.502569, 25.022943], [121.502622, 25.02345], [121.502543, 25.023458], [121.502534, 25.023679], [121.502217, 25.023726], [121.502215, 25.023801], [121.502047, 25.023795], [121.502048, 25.023728], [121.50204, 25.02406], [121.502208, 25.024064], [121.50221, 25.023986], [121.502331, 25.024342], [121.502062, 25.024335], [121.50181, 25.02446], [121.501668, 25.023673], [121.501901, 25.024634], [121.501783, 25.02472], [121.501806, 25.025349], [121.502301, 25.02537], [121.50228, 25.025138], [121.502013, 25.025157], [121.502063, 25.024992], [121.50237, 25.024932], [121.502225, 25.024652], [121.502784, 25.024609], [121.502737, 25.024906], [121.502825, 25.025226], [121.502522, 25.02525], [121.502907, 25.025447], [121.503238, 25.025278], [121.503157, 25.025212], [121.503233, 25.025205], [121.503228, 25.025126], [121.50322, 25.025332], [121.503491, 25.025392], [121.503396, 25.025442], [121.503497, 25.025489], [121.502687, 25.024247], [121.502254, 25.021945], [121.501983, 25.021936], [121.501543, 25.02178], [121.500422, 25.021061], [121.500616, 25.020861], [121.50077, 25.020959], [121.500692, 25.021019], [121.50085, 25.020819], [121.500655, 25.020617], [121.500738, 25.020492], [121.500609, 25.020418], [121.500592, 25.020319], [121.500677, 25.02013], [121.500508, 25.020115], [121.500333, 25.020388], [121.500516, 25.020534], [121.500375, 25.020588], [121.500257, 25.020501], [121.500058, 25.020804], [121.500215, 25.020952], [121.501184, 25.020251], [121.501076, 25.020136], [121.50119, 25.019957], [121.501601, 25.02037], [121.501698, 25.020287], [121.501295, 25.01987], [121.50138, 25.019804], [121.501302, 25.019725], [121.501399, 25.019654], [121.501867, 25.020137], [121.50179, 25.02022], [121.501411, 25.019836], [121.501533, 25.019623], [121.501817, 25.019396], [121.501702, 25.019344], [121.501458, 25.019536], [121.501991, 25.020058], [121.502071, 25.019972], [121.501749, 25.019639], [121.50183, 25.019561], [121.502175, 25.019911], [121.502292, 25.019845], [121.501931, 25.019479], [121.502053, 25.019403], [121.502727, 25.020035], [121.50246, 25.020358], [121.5022, 25.020094], [121.50211, 25.020176], [121.502584, 25.020662], [121.502685, 25.020588], [121.502518, 25.020418], [121.502327, 25.020613], [121.50239, 25.020677], [121.50231, 25.020761], [121.501898, 25.020345], [121.501822, 25.020408], [121.502329, 25.020996], [121.502776, 25.020675], [121.502869, 25.020757], [121.50238, 25.021107], [121.501727, 25.0205], [121.501447, 25.020529], [121.501323, 25.020398], [121.501218, 25.020624], [121.501743, 25.020843], [121.502175, 25.021299], [121.502045, 25.021418], [121.501836, 25.021217], [121.501578, 25.021522], [121.501672, 25.02158], [121.501222, 25.021306], [121.502425, 25.02152], [121.502463, 25.021892], [121.502271, 25.020554], [121.501985, 25.02026], [121.501941, 25.019334], [121.501768, 25.019318], [121.501948, 25.019015], [121.501861, 25.018969], [121.50324, 25.019577], [121.503875, 25.019971], [121.503677, 25.020116], [121.50349, 25.020067], [121.503142, 25.020326], [121.503008, 25.020213], [121.500999, 25.019507], [121.500886, 25.019648], [121.501042, 25.019743], [121.500779, 25.019951], [121.500605, 25.019981], [121.500624, 25.019724], [121.500497, 25.019568], [121.499625, 25.018968], [121.499435, 25.019064], [121.499394, 25.018964], [121.50003, 25.018611], [121.499935, 25.018563], [121.499749, 25.018656], [121.500236, 25.019063], [121.500296, 25.018988], [121.500203, 25.018931], [121.500401, 25.018829], [121.500691, 25.018917], [121.500762, 25.018816], [121.500351, 25.018584], [121.500016, 25.018759], [121.500213, 25.018456], [121.500027, 25.01834], [121.499994, 25.01841], [121.500169, 25.018293], [121.500913, 25.018708], [121.501005, 25.018567], [121.500731, 25.018278], [121.50014, 25.017918], [121.499378, 25.018451], [121.498989, 25.01862], [121.498962, 25.018836], [121.499062, 25.018992], [121.499152, 25.018924], [121.499229, 25.019047], [121.499152, 25.01912], [121.499125, 25.019592], [121.499256, 25.019477], [121.499712, 25.019782], [121.499678, 25.019873], [121.49933, 25.019649], [121.499269, 25.019836], [121.499444, 25.019955], [121.499262, 25.020079], [121.499249, 25.020015], [121.499159, 25.020053], [121.499218, 25.020289], [121.499314, 25.020293], [121.499282, 25.0202], [121.49946, 25.02012], [121.499581, 25.020203], [121.499443, 25.020313], [121.499526, 25.020367], [121.499854, 25.020233], [121.499986, 25.020317], [121.500118, 25.020136], [121.499859, 25.019883], [121.500011, 25.019726], [121.500147, 25.019815], [121.500133, 25.020001], [121.500307, 25.02011], [121.500367, 25.020043], [121.500288, 25.019991], [121.500165, 25.020168], [121.500212, 25.0202], [121.499707, 25.020139], [121.499583, 25.020058], [121.499463, 25.020436], [121.499252, 25.020509], [121.499346, 25.021065], [121.499438, 25.02108], [121.499358, 25.020593], [121.499235, 25.020388], [121.498859, 25.020579], [121.49891, 25.020671], [121.499062, 25.02059], [121.498869, 25.020693], [121.4991, 25.021015], [121.499097, 25.021273], [121.499538, 25.021187], [121.49983, 25.020869], [121.49903, 25.021166], [121.498743, 25.020758], [121.498636, 25.020817], [121.498552, 25.020751], [121.498683, 25.020677], [121.498733, 25.020492], [121.498516, 25.020164], [121.498247, 25.020305], [121.498213, 25.02024], [121.498371, 25.020155], [121.498412, 25.019947], [121.498571, 25.019938], [121.498546, 25.019828], [121.498267, 25.019788], [121.497994, 25.019364], [121.498072, 25.019273], [121.497969, 25.019303], [121.49792, 25.019226], [121.497866, 25.019336], [121.498181, 25.019859], [121.498018, 25.019939], [121.498074, 25.02004], [121.498222, 25.019958], [121.497929, 25.02015], [121.498734, 25.021405], [121.498426, 25.020544], [121.498566, 25.020471], [121.49853, 25.02041], [121.498369, 25.020489], [121.498853, 25.020417], [121.498776, 25.01998], [121.498882, 25.019993], [121.498957, 25.020392], [121.499049, 25.019929], [121.499135, 25.019916], [121.498951, 25.019693], [121.498815, 25.01981], [121.498597, 25.019826], [121.498763, 25.01964], [121.498782, 25.019427], [121.498617, 25.019577], [121.49837, 25.019561], [121.498365, 25.019451], [121.498287, 25.019445], [121.498525, 25.019464], [121.498305, 25.019299], [121.498103, 25.019276], [121.498176, 25.019089], [121.498769, 25.018728], [121.499102, 25.018844], [121.49946, 25.01866], [121.500096, 25.019145], [121.500341, 25.01926], [121.500393, 25.019195], [121.500699, 25.019386], [121.500734, 25.019556], [121.501123, 25.019067], [121.501155, 25.018926], [121.500909, 25.018766], [121.500879, 25.019084], [121.500726, 25.019041], [121.500615, 25.019188], [121.500393, 25.019043], [121.500686, 25.019234], [121.501331, 25.019025], [121.501411, 25.019076], [121.501522, 25.018907], [121.501639, 25.018974], [121.501461, 25.01887], [121.501372, 25.018673], [121.50105, 25.01847], [121.500256, 25.018483], [121.500053, 25.018216], [121.49938, 25.019158], [121.499637, 25.019323], [121.499569, 25.019435], [121.499915, 25.019662], [121.499496, 25.019387], [121.497846, 25.020015], [121.497498, 25.019452], [121.497132, 25.0185]]}}, {"type": "Feature", "properties": {"district": "63000070", "segment": 7, "total_segments": 15, "km": 11.4, "villages": ["華中里", "榮德里"]}, "geometry": {"type": "LineString", "coordinates": [[121.496701, 25.018736], [121.497495, 25.019981], [121.497215, 25.020256], [121.497291, 25.020376], [121.497209, 25.020437], [121.497004, 25.020121], [121.497104, 25.020079], [121.497029, 25.019787], [121.496446, 25.020118], [121.496581, 25.020341], [121.496476, 25.020404], [121.496672, 25.020724], [121.496602, 25.020847], [121.496674, 25.020922], [121.496879, 25.020832], [121.497002, 25.021022], [121.496893, 25.021036], [121.496987, 25.021306], [121.496184, 25.021327], [121.49595, 25.02053], [121.496196, 25.020381], [121.496142, 25.02028], [121.495874, 25.020395], [121.495284, 25.019439], [121.495709, 25.019221], [121.495658, 25.019116], [121.495218, 25.019355], [121.494897, 25.01885], [121.49522, 25.01868], [121.495178, 25.018604], [121.494854, 25.018774], [121.494571, 25.018522], [121.494247, 25.018434], [121.494759, 25.017792], [121.495017, 25.01811], [121.494553, 25.018405], [121.494802, 25.018395], [121.494907, 25.01855], [121.494965, 25.018507], [121.494803, 25.018089], [121.494734, 25.018066], [121.494701, 25.018142], [121.494477, 25.017895], [121.494731, 25.017654], [121.494695, 25.017593], [121.494835, 25.017602], [121.495524, 25.017243], [121.495553, 25.017351], [121.495617, 25.017327], [121.495427, 25.017459], [121.495802, 25.018043], [121.495652, 25.018122], [121.495435, 25.017654], [121.495031, 25.017842], [121.495012, 25.017899], [121.495191, 25.017938], [121.495273, 25.018066], [121.495201, 25.018159], [121.495281, 25.018291], [121.495548, 25.018176], [121.495481, 25.018118], [121.495546, 25.018086], [121.495142, 25.018295], [121.495098, 25.018234], [121.495277, 25.018555], [121.495213, 25.018586], [121.495352, 25.018627], [121.495483, 25.018833], [121.495554, 25.018786], [121.495456, 25.018632], [121.495505, 25.018525], [121.495872, 25.018335], [121.495799, 25.018271], [121.495369, 25.018498], [121.495739, 25.018706], [121.495999, 25.018565], [121.496027, 25.018626], [121.49553, 25.018973], [121.495356, 25.018905], [121.495221, 25.018973], [121.495255, 25.019038], [121.495757, 25.019071], [121.496183, 25.018847], [121.496242, 25.018952], [121.495827, 25.019158], [121.496053, 25.019537], [121.495899, 25.019501], [121.495656, 25.019645], [121.495945, 25.020108], [121.496014, 25.020064], [121.495853, 25.019757], [121.495956, 25.019701], [121.496203, 25.020009], [121.496307, 25.019934], [121.496353, 25.019991], [121.496145, 25.019674], [121.496292, 25.019555], [121.496373, 25.019524], [121.496415, 25.019589], [121.496342, 25.019633], [121.496461, 25.019659], [121.496422, 25.019757], [121.49671, 25.019687], [121.496755, 25.019775], [121.49688, 25.019671], [121.496649, 25.019375], [121.496572, 25.019435], [121.496681, 25.019607], [121.4965, 25.019335], [121.496305, 25.019413], [121.496186, 25.019232], [121.496174, 25.019368], [121.496225, 25.019449], [121.496424, 25.019204], [121.496354, 25.019112], [121.496474, 25.019068], [121.496927, 25.019323], [121.496558, 25.019237], [121.496352, 25.018885], [121.49647, 25.018824], [121.496297, 25.018776], [121.496033, 25.018351], [121.496105, 25.018314], [121.496033, 25.018152], [121.496085, 25.018126], [121.49592, 25.018208], [121.496246, 25.018019], [121.495774, 25.017275], [121.495956, 25.0172], [121.496168, 25.017601], [121.496308, 25.018118], [121.496609, 25.018597], [121.495834, 25.019441], [121.495594, 25.019547], [121.495559, 25.019492], [121.496183, 25.020258], [121.496311, 25.02019], [121.496629, 25.020447], [121.496844, 25.020778], [121.497015, 25.020701], [121.4969, 25.020518], [121.496992, 25.020496], [121.4971, 25.020684], [121.497038, 25.020738], [121.497189, 25.02092], [121.497138, 25.020947], [121.497239, 25.021001], [121.497336, 25.020951], [121.497244, 25.02089], [121.497431, 25.020782], [121.497312, 25.020585], [121.497362, 25.020481], [121.49769, 25.021184], [121.497768, 25.021134], [121.497613, 25.020881], [121.497948, 25.020696], [121.497598, 25.020141], [121.497194, 25.020223], [121.496918, 25.020001], [121.496599, 25.020162], [121.496718, 25.02028], [121.49682, 25.020227], [121.496822, 25.020392], [121.497224, 25.020534], [121.49707, 25.021115], [121.497197, 25.021307], [121.497409, 25.021304], [121.498114, 25.02096], [121.497996, 25.020772], [121.496548, 25.020989], [121.496479, 25.0209], [121.496269, 25.021014], [121.496311, 25.021116], [121.496445, 25.021045], [121.496263, 25.020791], [121.496365, 25.020735], [121.496278, 25.020664], [121.496154, 25.020732], [121.496195, 25.020828], [121.497087, 25.019755], [121.495369, 25.017579], [121.495218, 25.01765], [121.495153, 25.01754], [121.495308, 25.017447], [121.495343, 25.017495], [121.49488, 25.017705], [121.494767, 25.017483], [121.49528, 25.017222], [121.495187, 25.017003], [121.495556, 25.01695], [121.495134, 25.017027], [121.494643, 25.017305], [121.494381, 25.01753], [121.494364, 25.017628], [121.494144, 25.017753], [121.493815, 25.018333], [121.494102, 25.018421], [121.494619, 25.017482], [121.494314, 25.018583], [121.493759, 25.018465], [121.493728, 25.018596], [121.49422, 25.018719], [121.494162, 25.018806], [121.493692, 25.018696], [121.493653, 25.018908], [121.494157, 25.019066], [121.494417, 25.018678], [121.494526, 25.018733], [121.494237, 25.019206], [121.494291, 25.019245], [121.494552, 25.018817], [121.49465, 25.018775], [121.494744, 25.018852], [121.494451, 25.019331], [121.494954, 25.020236], [121.495027, 25.0202], [121.495354, 25.020697], [121.4955, 25.020623], [121.495382, 25.02041], [121.495485, 25.020361], [121.495624, 25.020557], [121.495778, 25.020462], [121.494809, 25.018945], [121.494742, 25.019103], [121.494934, 25.019422], [121.494988, 25.019382], [121.494721, 25.019069], [121.494666, 25.01917], [121.49485, 25.019463], [121.494796, 25.019496], [121.494626, 25.019212], [121.494403, 25.01941], [121.493824, 25.020358], [121.493915, 25.020381], [121.493852, 25.020482], [121.493491, 25.020274], [121.493398, 25.020316], [121.493507, 25.020351], [121.493486, 25.020503], [121.492948, 25.020343], [121.492873, 25.020251], [121.493154, 25.019642], [121.493275, 25.019547], [121.493217, 25.019501], [121.493257, 25.019411], [121.493688, 25.019561], [121.493644, 25.019658], [121.493371, 25.019583], [121.493301, 25.019705], [121.493385, 25.019736], [121.493328, 25.019862], [121.493263, 25.019788], [121.493185, 25.01996], [121.493289, 25.01995], [121.493233, 25.020073], [121.493148, 25.020043], [121.493033, 25.02019], [121.493225, 25.020261], [121.493262, 25.020196], [121.493164, 25.020163], [121.493401, 25.020044], [121.493517, 25.020101], [121.494046, 25.019224], [121.493462, 25.018953], [121.493317, 25.019277], [121.493643, 25.019408], [121.493702, 25.019234], [121.493845, 25.019302], [121.493736, 25.019443], [121.49396, 25.019645], [121.493629, 25.020179], [121.493706, 25.020206], [121.494241, 25.019319], [121.494183, 25.019289], [121.494055, 25.019497], [121.494346, 25.019375], [121.494461, 25.019492], [121.494449, 25.019718], [121.494635, 25.019915], [121.494582, 25.019832], [121.494388, 25.01987], [121.494732, 25.020343], [121.494726, 25.020247], [121.494822, 25.020183], [121.494877, 25.020274], [121.494709, 25.020091], [121.494765, 25.020089], [121.494802, 25.020151], [121.494681, 25.020176], [121.49459, 25.02003], [121.494737, 25.020044], [121.494708, 25.019987], [121.494845, 25.019916], [121.494675, 25.01965], [121.494802, 25.019579], [121.495163, 25.020011], [121.495334, 25.020043], [121.495045, 25.019573], [121.49499, 25.019635], [121.495168, 25.019923], [121.494962, 25.019932], [121.494924, 25.019769], [121.494866, 25.019949], [121.494983, 25.02013], [121.495189, 25.02012], [121.494981, 25.019962], [121.495005, 25.020379], [121.495109, 25.020555], [121.494912, 25.020732], [121.494129, 25.020496], [121.494014, 25.020315], [121.494079, 25.020287], [121.494003, 25.020228], [121.494244, 25.020139], [121.494166, 25.020015], [121.494106, 25.020059], [121.494281, 25.020371], [121.494358, 25.020344], [121.494439, 25.020471], [121.494549, 25.020435], [121.494368, 25.020136], [121.494472, 25.020402], [121.494622, 25.02033], [121.494235, 25.019846], [121.494294, 25.01975], [121.494363, 25.01983], [121.494372, 25.01962], [121.494419, 25.019673], [121.494238, 25.019945], [121.494326, 25.020078], [121.494269, 25.020196], [121.494341, 25.020316], [121.494523, 25.020169], [121.494745, 25.020433], [121.494806, 25.020558], [121.494718, 25.020896], [121.494873, 25.020943], [121.495134, 25.020821], [121.495478, 25.020899], [121.49595, 25.021043], [121.495954, 25.021263], [121.495531, 25.021142], [121.495866, 25.020758], [121.494643, 25.020873], [121.493591, 25.020526], [121.493467, 25.019938], [121.493532, 25.019788], [121.494191, 25.019919]]}}, {"type": "Feature", "properties": {"district": "63000070", "segment": 8, "total_segments": 15, "km": 13.15, "villages": ["銘德里", "孝德里", "錦德里"]}, "geometry": {"type": "LineString", "coordinates": [[121.49394, 25.020794], [121.494921, 25.021091], [121.494857, 25.021316], [121.495001, 25.021358], [121.495064, 25.021135], [121.495942, 25.021402], [121.495535, 25.021506], [121.495473, 25.021659], [121.493412, 25.021111], [121.493388, 25.021205], [121.493644, 25.02128], [121.493559, 25.021607], [121.493483, 25.021594], [121.493461, 25.021673], [121.493311, 25.021616], [121.49337, 25.021555], [121.493213, 25.021579], [121.493173, 25.021484], [121.492914, 25.021467], [121.492976, 25.021268], [121.492862, 25.021197], [121.492935, 25.020953], [121.492837, 25.020917], [121.492512, 25.02154], [121.49261, 25.021782], [121.492712, 25.021835], [121.492618, 25.02204], [121.493083, 25.022311], [121.493513, 25.02237], [121.493564, 25.022201], [121.493025, 25.022002], [121.493012, 25.021811], [121.492795, 25.021713], [121.492844, 25.021622], [121.493007, 25.021682], [121.493481, 25.021859], [121.493469, 25.021964], [121.493117, 25.02185], [121.493687, 25.0217], [121.49422, 25.021823], [121.494276, 25.021723], [121.493723, 25.021507], [121.493823, 25.021359], [121.495458, 25.02178], [121.495623, 25.021688], [121.495897, 25.021765], [121.495593, 25.022699], [121.494491, 25.022548], [121.494566, 25.022426], [121.494533, 25.022324], [121.494381, 25.022377], [121.494385, 25.022306], [121.494336, 25.022476], [121.493875, 25.022369], [121.49366, 25.022403], [121.493708, 25.022041], [121.494432, 25.022117], [121.494409, 25.022015], [121.493649, 25.021906], [121.493616, 25.022028], [121.494357, 25.021748], [121.494477, 25.021787], [121.494455, 25.021846], [121.494502, 25.021719], [121.494747, 25.021776], [121.494699, 25.021928], [121.494851, 25.021992], [121.494853, 25.0218], [121.494964, 25.022023], [121.495188, 25.022011], [121.495208, 25.022256], [121.495539, 25.022299], [121.495456, 25.022125], [121.495543, 25.022103], [121.495509, 25.022007], [121.495422, 25.022033], [121.495128, 25.022242], [121.494809, 25.022224], [121.494648, 25.022307], [121.494676, 25.022368], [121.494896, 25.022377], [121.494653, 25.022051], [121.494501, 25.022029], [121.494613, 25.021154], [121.494547, 25.021137], [121.494522, 25.02122], [121.494277, 25.021132], [121.494265, 25.021016], [121.494213, 25.021112], [121.494088, 25.021097], [121.493751, 25.020951], [121.493724, 25.02105], [121.493438, 25.020943], [121.49347, 25.02085], [121.493391, 25.020857], [121.493237, 25.021185], [121.49303, 25.021123], [121.493184, 25.020786], [121.493081, 25.020727], [121.493146, 25.02058], [121.493286, 25.0206], [121.493781, 25.020751], [121.493307, 25.021206], [121.492831, 25.021268], [121.492535, 25.021958], [121.492466, 25.022013], [121.492349, 25.021955], [121.492417, 25.021786], [121.492219, 25.021689], [121.492783, 25.020438], [121.49301, 25.020524], [121.492877, 25.020826], [121.493039, 25.02082], [121.492133, 25.021875], [121.495315, 25.021436], [121.49501, 25.022722], [121.494501, 25.022649], [121.494398, 25.022712], [121.494438, 25.02294], [121.494506, 25.022824], [121.494967, 25.022883], [121.495101, 25.022846], [121.495115, 25.022756], [121.495175, 25.022763], [121.495161, 25.022854], [121.495274, 25.022761], [121.495546, 25.0228], [121.495519, 25.023009], [121.495297, 25.022986], [121.495359, 25.023052], [121.495289, 25.023322], [121.495423, 25.023354], [121.495511, 25.023063], [121.495102, 25.023227], [121.495105, 25.023332], [121.495038, 25.023353], [121.494549, 25.02322], [121.494507, 25.023348], [121.4944, 25.02335], [121.494425, 25.023205], [121.494528, 25.023132], [121.494018, 25.02299], [121.493786, 25.022741], [121.494169, 25.022815], [121.494151, 25.02289], [121.494253, 25.022914], [121.494237, 25.02345], [121.494349, 25.023463], [121.494339, 25.023594], [121.49314, 25.023458], [121.493922, 25.024013], [121.494062, 25.02377], [121.493991, 25.023737], [121.49444, 25.02375], [121.494405, 25.024299], [121.494859, 25.024655], [121.495295, 25.023727], [121.494474, 25.023608], [121.494503, 25.023463], [121.494815, 25.023498], [121.495019, 25.023827], [121.49499, 25.023911], [121.494584, 25.02387], [121.494569, 25.023922], [121.494789, 25.023968], [121.494334, 25.023844], [121.494167, 25.023442], [121.492991, 25.02331], [121.492912, 25.023207], [121.49295, 25.023097], [121.493038, 25.023101], [121.493032, 25.023153], [121.49285, 25.02306], [121.493024, 25.022429], [121.492763, 25.022293], [121.492627, 25.022384], [121.492709, 25.022444], [121.4926, 25.022799], [121.492683, 25.022868], [121.492639, 25.023002], [121.492439, 25.022912], [121.492472, 25.022856], [121.492535, 25.022883], [121.492432, 25.023092], [121.492205, 25.022977], [121.492533, 25.022231], [121.492649, 25.022215], [121.492283, 25.022052], [121.492074, 25.022015], [121.491771, 25.02269], [121.492187, 25.022651], [121.492319, 25.022288], [121.492215, 25.022248], [121.492189, 25.022303], [121.492501, 25.023127], [121.49275, 25.023258], [121.493072, 25.022961], [121.494099, 25.02315], [121.493852, 25.022999], [121.49304, 25.022829], [121.493102, 25.022646], [121.493499, 25.022759], [121.49352, 25.022708], [121.493383, 25.02264], [121.493389, 25.0225], [121.493211, 25.022465], [121.494361, 25.022631], [121.493611, 25.022777], [121.49303, 25.023585], [121.493692, 25.023979], [121.493597, 25.024211], [121.493154, 25.024102], [121.493168, 25.024191], [121.493557, 25.024285], [121.493534, 25.024402], [121.493299, 25.024526], [121.493242, 25.024361], [121.49319, 25.024427], [121.492591, 25.023972], [121.492814, 25.023449], [121.492934, 25.023768], [121.492918, 25.024089], [121.493123, 25.024263], [121.492944, 25.024467], [121.493313, 25.024859], [121.49331, 25.024752], [121.49342, 25.024644], [121.493525, 25.024669], [121.493354, 25.025141], [121.493711, 25.025444], [121.49363, 25.025515], [121.493258, 25.025207], [121.493009, 25.025447], [121.492931, 25.025371], [121.493139, 25.025167], [121.493113, 25.025081], [121.492489, 25.024592], [121.492377, 25.024461], [121.492465, 25.024389], [121.493213, 25.025023], [121.493599, 25.02509], [121.493763, 25.024713], [121.493824, 25.024735], [121.493659, 25.025109], [121.49386, 25.025182], [121.494056, 25.024793], [121.494137, 25.024819], [121.493893, 25.025393], [121.493839, 25.025234], [121.494141, 25.025361], [121.494086, 25.025488], [121.494163, 25.025532], [121.49439, 25.024991], [121.494322, 25.024975], [121.494175, 25.025283], [121.494526, 25.025398], [121.494314, 25.025875], [121.49412, 25.025929], [121.493685, 25.025561], [121.494127, 25.025622], [121.494083, 25.025732], [121.494221, 25.026083], [121.494016, 25.026482], [121.493734, 25.026709], [121.491041, 25.024407], [121.491128, 25.024093], [121.491801, 25.024582], [121.491899, 25.02433], [121.491972, 25.024405], [121.492216, 25.024146], [121.492249, 25.023888], [121.491894, 25.023921], [121.491722, 25.023755], [121.491657, 25.023776], [121.491534, 25.024169], [121.491635, 25.02422], [121.491712, 25.024053], [121.491623, 25.024245], [121.491379, 25.024057], [121.491468, 25.023851], [121.491286, 25.023738], [121.491664, 25.022918], [121.49174, 25.022928], [121.491966, 25.023013], [121.491951, 25.023254], [121.491808, 25.023563], [121.491739, 25.023668], [121.491213, 25.023906], [121.492784, 25.02527], [121.492703, 25.025363], [121.49285, 25.0256], [121.493056, 25.025637], [121.493149, 25.025578], [121.493548, 25.025945], [121.493508, 25.026069], [121.493862, 25.026318], [121.493924, 25.026264], [121.493739, 25.026061], [121.49344, 25.025974], [121.493136, 25.025727], [121.492766, 25.025712], [121.492635, 25.025305], [121.492036, 25.024793], [121.491898, 25.024757], [121.492443, 25.024108], [121.49295, 25.024552], [121.492697, 25.024241], [121.492983, 25.023806], [121.493125, 25.02397], [121.49402, 25.024319], [121.494007, 25.024399], [121.494114, 25.024424], [121.494128, 25.024346], [121.494186, 25.024495], [121.494078, 25.024663], [121.493985, 25.024554], [121.493819, 25.024519], [121.493783, 25.024584], [121.493659, 25.024485], [121.49354, 25.024633], [121.493843, 25.024607], [121.493836, 25.024709], [121.494148, 25.024794], [121.494203, 25.024677], [121.494344, 25.024624], [121.49455, 25.024907], [121.494391, 25.024819], [121.494338, 25.024939], [121.49452, 25.025091], [121.494656, 25.02511], [121.494789, 25.024816], [121.494362, 25.024468], [121.493704, 25.024328], [121.493827, 25.024086], [121.493942, 25.024163], [121.493177, 25.024654], [121.492473, 25.023644], [121.491569, 25.025077], [121.494545, 25.025356], [121.494613, 25.025209]]}}, {"type": "Feature", "properties": {"district": "63000070", "segment": 9, "total_segments": 15, "km": 14.46, "villages": ["和德里", "華江里"]}, "geometry": {"type": "LineString", "coordinates": [[121.493141, 25.026615], [121.493537, 25.026982], [121.493341, 25.02724], [121.493489, 25.027336], [121.493724, 25.027141], [121.4938, 25.027187], [121.495358, 25.028569], [121.495109, 25.028663], [121.494911, 25.028645], [121.494424, 25.028581], [121.494414, 25.028494], [121.493848, 25.028504], [121.492513, 25.028288], [121.492703, 25.028114], [121.493047, 25.028254], [121.492829, 25.027982], [121.492991, 25.027832], [121.493319, 25.028081], [121.493337, 25.028254], [121.493477, 25.028257], [121.493487, 25.028044], [121.493185, 25.027779], [121.493159, 25.027662], [121.493469, 25.02736], [121.494114, 25.027935], [121.494006, 25.028028], [121.494093, 25.028079], [121.494, 25.028306], [121.494089, 25.028298], [121.494087, 25.028395], [121.493798, 25.028316], [121.493751, 25.027771], [121.493184, 25.027399], [121.492958, 25.027555], [121.490822, 25.025784], [121.49076, 25.025688], [121.491196, 25.025256], [121.491586, 25.025573], [121.491454, 25.025676], [121.491175, 25.025448], [121.490974, 25.025628], [121.491216, 25.025616], [121.4919, 25.026202], [121.49201, 25.026118], [121.491489, 25.025705], [121.491468, 25.025371], [121.491546, 25.025283], [121.492304, 25.025997], [121.491915, 25.026419], [121.491994, 25.026551], [121.492153, 25.02643], [121.492386, 25.026611], [121.492446, 25.026524], [121.49282, 25.026722], [121.492812, 25.02681], [121.493166, 25.027105], [121.493065, 25.027199], [121.492629, 25.026848], [121.492777, 25.027164], [121.492982, 25.027335], [121.493114, 25.02724], [121.491722, 25.028631], [121.491473, 25.028417], [121.491724, 25.028162], [121.491238, 25.027742], [121.491134, 25.027832], [121.491351, 25.028026], [121.491227, 25.028065], [121.490966, 25.027894], [121.490904, 25.027992], [121.491138, 25.028172], [121.490848, 25.028325], [121.490781, 25.027923], [121.490988, 25.027579], [121.491122, 25.027648], [121.491002, 25.027836], [121.491001, 25.027328], [121.49038, 25.026748], [121.490528, 25.026415], [121.490622, 25.026371], [121.490569, 25.026296], [121.490624, 25.026166], [121.490516, 25.026115], [121.490645, 25.02583], [121.491664, 25.026672], [121.491417, 25.026841], [121.490756, 25.026228], [121.490697, 25.026437], [121.490881, 25.026584], [121.49061, 25.026817], [121.490551, 25.026697], [121.490631, 25.026517], [121.490367, 25.026444], [121.489912, 25.027449], [121.490264, 25.027598], [121.490289, 25.027541], [121.490067, 25.027457], [121.490309, 25.026928], [121.490732, 25.026905], [121.490981, 25.026663], [121.49106, 25.026758], [121.49076, 25.027056], [121.490978, 25.027219], [121.49127, 25.026919], [121.49136, 25.026987], [121.491141, 25.027199], [121.490919, 25.027066], [121.491143, 25.026836], [121.490402, 25.026368], [121.490483, 25.026189], [121.490226, 25.026099], [121.490538, 25.025396], [121.490648, 25.025327], [121.490603, 25.025254], [121.490773, 25.024876], [121.491083, 25.024711], [121.491242, 25.024848], [121.491165, 25.024955], [121.49133, 25.025093], [121.491386, 25.024961], [121.49157, 25.025113], [121.491448, 25.025202], [121.491499, 25.025242], [121.491137, 25.024935], [121.49088, 25.025211], [121.490939, 25.025252], [121.490706, 25.025711], [121.490211, 25.026132], [121.489639, 25.027387], [121.490056, 25.027481], [121.49185, 25.028272], [121.492987, 25.026724], [121.492936, 25.026442], [121.492502, 25.026066], [121.492235, 25.026339], [121.493967, 25.027963], [121.49437, 25.028092], [121.494537, 25.02805], [121.494604, 25.028142], [121.494557, 25.028185], [121.49467, 25.028248], [121.494646, 25.028359], [121.494318, 25.028262], [121.494844, 25.028434], [121.49058, 25.03135], [121.490036, 25.030737], [121.489844, 25.030648], [121.489675, 25.030862], [121.490156, 25.031408], [121.490021, 25.031528], [121.489936, 25.031389], [121.489596, 25.031562], [121.48977, 25.03181], [121.490137, 25.031619], [121.49018, 25.031756], [121.490031, 25.031899], [121.490769, 25.032655], [121.489505, 25.033449], [121.489434, 25.033286], [121.489678, 25.033181], [121.489652, 25.033063], [121.489367, 25.032414], [121.489194, 25.032305], [121.489291, 25.03221], [121.489202, 25.032082], [121.488953, 25.032211], [121.488812, 25.031775], [121.488694, 25.030867], [121.48916, 25.03089], [121.489234, 25.031378], [121.489116, 25.0314], [121.489071, 25.031182], [121.488943, 25.031209], [121.489046, 25.03178], [121.489187, 25.031726], [121.489123, 25.031436], [121.489289, 25.031563], [121.489869, 25.031236], [121.489536, 25.030859], [121.489351, 25.03089], [121.489461, 25.031109], [121.489395, 25.03114], [121.489543, 25.03114], [121.489372, 25.03123], [121.489049, 25.030998], [121.48861, 25.031631], [121.48923, 25.031955], [121.489387, 25.031982], [121.489686, 25.031854], [121.48987, 25.031976], [121.490038, 25.032158], [121.490045, 25.032332], [121.489717, 25.032584], [121.489624, 25.032592], [121.489576, 25.032508], [121.489652, 25.032358], [121.489542, 25.032165], [121.489667, 25.032067], [121.490003, 25.032557], [121.489756, 25.032737], [121.489942, 25.03295], [121.490395, 25.03261], [121.490194, 25.032418], [121.490077, 25.032504], [121.489872, 25.033003], [121.489819, 25.033573], [121.489732, 25.033611], [121.489778, 25.033689], [121.489878, 25.03367], [121.489984, 25.033842], [121.489794, 25.033943], [121.48987, 25.034059], [121.490404, 25.033799], [121.490538, 25.033947], [121.490755, 25.03383], [121.491305, 25.034436], [121.491252, 25.03459], [121.491307, 25.034677], [121.491558, 25.034598], [121.491558, 25.034863], [121.492441, 25.034877], [121.492388, 25.034983], [121.491561, 25.035028], [121.491396, 25.034786], [121.491312, 25.034786], [121.491261, 25.03489], [121.490435, 25.034904], [121.490385, 25.034821], [121.490482, 25.034643], [121.490318, 25.034648], [121.490319, 25.034701], [121.490625, 25.034699], [121.490571, 25.034642], [121.490756, 25.034639], [121.490757, 25.034697], [121.490994, 25.034636], [121.490995, 25.034692], [121.491043, 25.034595], [121.491184, 25.034591], [121.490873, 25.034422], [121.490602, 25.034045], [121.490744, 25.033662], [121.491319, 25.03339], [121.490849, 25.032344], [121.490291, 25.031733], [121.490507, 25.03157], [121.49042, 25.031468], [121.49029, 25.031533], [121.490884, 25.032234], [121.491018, 25.032112], [121.491177, 25.032364], [121.491356, 25.032423], [121.4917, 25.033163], [121.491633, 25.033223], [121.491777, 25.033309], [121.492068, 25.03373], [121.492206, 25.033634], [121.492384, 25.033824], [121.49234, 25.03396], [121.49241, 25.03412], [121.492185, 25.033867], [121.49215, 25.033575], [121.492011, 25.033424], [121.492174, 25.033378], [121.492396, 25.03361], [121.492493, 25.033516], [121.492117, 25.033085], [121.491845, 25.033263], [121.491895, 25.032898], [121.491672, 25.032586], [121.491241, 25.032791], [121.491393, 25.033203], [121.490984, 25.03332], [121.490775, 25.03285], [121.490996, 25.031822], [121.490685, 25.031473], [121.489471, 25.031584], [121.489306, 25.031736], [121.489114, 25.032346], [121.489001, 25.032404], [121.489346, 25.033189], [121.489148, 25.033305], [121.489205, 25.033404], [121.48877, 25.032571], [121.489673, 25.033751], [121.491197, 25.034077], [121.491671, 25.034566], [121.491671, 25.034662], [121.491876, 25.03466], [121.491877, 25.034562], [121.491811, 25.034563], [121.491992, 25.03456], [121.492075, 25.034574], [121.492075, 25.034658], [121.491986, 25.03466], [121.492179, 25.034658], [121.492182, 25.034574], [121.492317, 25.034668], [121.492744, 25.034367], [121.49282, 25.034439], [121.49249, 25.034712], [121.492593, 25.034825], [121.49256, 25.034992], [121.492439, 25.034996], [121.493021, 25.035], [121.49311, 25.034915], [121.493192, 25.035008], [121.492975, 25.03476], [121.493126, 25.034654], [121.493302, 25.034852], [121.493406, 25.034768], [121.49374, 25.035139], [121.493319, 25.035161], [121.493327, 25.03528], [121.493756, 25.03527], [121.493769, 25.035162], [121.493908, 25.035104], [121.493333, 25.034455], [121.493214, 25.034559], [121.493363, 25.034721], [121.492976, 25.034324], [121.492858, 25.034411], [121.492798, 25.034171], [121.492973, 25.034048], [121.493031, 25.034114], [121.492726, 25.033773], [121.492598, 25.033733], [121.492545, 25.033573], [121.493003, 25.035286], [121.490739, 25.035309], [121.490746, 25.035035], [121.491118, 25.035028], [121.490984, 25.035123], [121.490609, 25.035037], [121.493141, 25.035226], [121.493142, 25.035283], [121.49392, 25.035265], [121.493956, 25.035158]]}}, {"type": "Feature", "properties": {"district": "63000070", "segment": 10, "total_segments": 15, "km": 12.12, "villages": ["綠堤里", "和平里"]}, "geometry": {"type": "LineString", "coordinates": [[121.492992, 25.033671], [121.492861, 25.033523], [121.492918, 25.033445], [121.493137, 25.033443], [121.493149, 25.033535], [121.49307, 25.033594], [121.493114, 25.033293], [121.493216, 25.033393], [121.493765, 25.033098], [121.493777, 25.033273], [121.493895, 25.033213], [121.493879, 25.033022], [121.493866, 25.032955], [121.493369, 25.033142], [121.493317, 25.032983], [121.493833, 25.032779], [121.493788, 25.032685], [121.493182, 25.032925], [121.493219, 25.033022], [121.493145, 25.032811], [121.493772, 25.032564], [121.493668, 25.032405], [121.493726, 25.032381], [121.493416, 25.032505], [121.49337, 25.032392], [121.492849, 25.032603], [121.492809, 25.032508], [121.493676, 25.032156], [121.493719, 25.032252], [121.492955, 25.032688], [121.493082, 25.032836], [121.492928, 25.03301], [121.492635, 25.032663], [121.492447, 25.032798], [121.49233, 25.032915], [121.492604, 25.033225], [121.492835, 25.033073], [121.492039, 25.032593], [121.490982, 25.031376], [121.491375, 25.031084], [121.492024, 25.030757], [121.492179, 25.030754], [121.492279, 25.031059], [121.492104, 25.03109], [121.492065, 25.030987], [121.492158, 25.03099], [121.492104, 25.031004], [121.492126, 25.030906], [121.492352, 25.030884], [121.492388, 25.030986], [121.492577, 25.030944], [121.492428, 25.030524], [121.492533, 25.030537], [121.492635, 25.030698], [121.492591, 25.030736], [121.492737, 25.031017], [121.493058, 25.030775], [121.49302, 25.030731], [121.493102, 25.030742], [121.493181, 25.030611], [121.493219, 25.030654], [121.492996, 25.030446], [121.492703, 25.030691], [121.492688, 25.030573], [121.492924, 25.030362], [121.492699, 25.030192], [121.492187, 25.030657], [121.492339, 25.030801], [121.492215, 25.031141], [121.492125, 25.031142], [121.492151, 25.031212], [121.492233, 25.031189], [121.492277, 25.03135], [121.49187, 25.031655], [121.491989, 25.03173], [121.492183, 25.031592], [121.49238, 25.031769], [121.491936, 25.031899], [121.49176, 25.031744], [121.491626, 25.031841], [121.491679, 25.031606], [121.491339, 25.031282], [121.491607, 25.03135], [121.491299, 25.030892], [121.491175, 25.030928], [121.492394, 25.031274], [121.492628, 25.031107], [121.493826, 25.031181], [121.494243, 25.031555], [121.49426, 25.031735], [121.494105, 25.031811], [121.494046, 25.031706], [121.493964, 25.031867], [121.493614, 25.033285], [121.493699, 25.033313], [121.493577, 25.033376], [121.492358, 25.032434], [121.489815, 25.029891], [121.491948, 25.02886], [121.492422, 25.029285], [121.492609, 25.029126], [121.492555, 25.029079], [121.492648, 25.028981], [121.4923, 25.028678], [121.492118, 25.02873], [121.492014, 25.02881], [121.492547, 25.028641], [121.493273, 25.028737], [121.493243, 25.028858], [121.494073, 25.029609], [121.494127, 25.02952], [121.493442, 25.028897], [121.493425, 25.028755], [121.493965, 25.028828], [121.49398, 25.02897], [121.494071, 25.028842], [121.494153, 25.028853], [121.494237, 25.028906], [121.494223, 25.029013], [121.494334, 25.029024], [121.494358, 25.028881], [121.49499, 25.028963], [121.494673, 25.029319], [121.494665, 25.029546], [121.494068, 25.030079], [121.493971, 25.029996], [121.494556, 25.029432], [121.494316, 25.029209], [121.494377, 25.029084], [121.4945, 25.029196], [121.495018, 25.029335], [121.494896, 25.02944], [121.495018, 25.029818], [121.49494, 25.029837], [121.495369, 25.0309], [121.495285, 25.030904], [121.495138, 25.030457], [121.494979, 25.030492], [121.495018, 25.030608], [121.494951, 25.03061], [121.494851, 25.030321], [121.494485, 25.029983], [121.494556, 25.029916], [121.494509, 25.029874], [121.494911, 25.030196], [121.495126, 25.030152], [121.495043, 25.029894], [121.494924, 25.029784], [121.494834, 25.02973], [121.494721, 25.02983], [121.494816, 25.02982], [121.494878, 25.029643], [121.494815, 25.029449], [121.495249, 25.029538], [121.495296, 25.029681], [121.495173, 25.029636], [121.4955, 25.030668], [121.495575, 25.030545], [121.495329, 25.029784], [121.49556, 25.029725], [121.495613, 25.029597], [121.49572, 25.029896], [121.495627, 25.029937], [121.495714, 25.030198], [121.495821, 25.0302], [121.495748, 25.0303], [121.495889, 25.0305], [121.49545, 25.030996], [121.495558, 25.031061], [121.495888, 25.030707], [121.495991, 25.030709], [121.496032, 25.030846], [121.49595, 25.030863], [121.495974, 25.030947], [121.496397, 25.030745], [121.496256, 25.030363], [121.495957, 25.030631], [121.496115, 25.030779], [121.496194, 25.030658], [121.495982, 25.03039], [121.496093, 25.030088], [121.495565, 25.028978], [121.495404, 25.029141], [121.495414, 25.029221], [121.495267, 25.029244], [121.495206, 25.029405], [121.495579, 25.02939], [121.495484, 25.029495], [121.495594, 25.02983], [121.4958, 25.030127], [121.495142, 25.030201], [121.494687, 25.030355], [121.494847, 25.030806], [121.494756, 25.030915], [121.49502, 25.031145], [121.495178, 25.031093], [121.49504, 25.030674], [121.494969, 25.030661], [121.495079, 25.030974], [121.495301, 25.030952], [121.495339, 25.031067], [121.494916, 25.031527], [121.495148, 25.031577], [121.495314, 25.031424], [121.495446, 25.031407], [121.495474, 25.031489], [121.495581, 25.031468], [121.495617, 25.031581], [121.495461, 25.031751], [121.495873, 25.031716], [121.495924, 25.031779], [121.495732, 25.031801], [121.495632, 25.032043], [121.49584, 25.032061], [121.495843, 25.031995], [121.496289, 25.031841], [121.496304, 25.031901], [121.496554, 25.031862], [121.496491, 25.032077], [121.496112, 25.032119], [121.495994, 25.032514], [121.496415, 25.032742], [121.496417, 25.032595], [121.496213, 25.03255], [121.496262, 25.032429], [121.496695, 25.032466], [121.496673, 25.032516], [121.496875, 25.032575], [121.496937, 25.032388], [121.496834, 25.032322], [121.496722, 25.032312], [121.496665, 25.032395], [121.496332, 25.032381], [121.496473, 25.032242], [121.49653, 25.032306], [121.496239, 25.032288], [121.496201, 25.03242], [121.49578, 25.032342], [121.495359, 25.032025], [121.495505, 25.031925], [121.495551, 25.032039], [121.495581, 25.031817], [121.495713, 25.031638], [121.495928, 25.031584], [121.495786, 25.031219], [121.495519, 25.03133], [121.495608, 25.031119], [121.495893, 25.030992], [121.495998, 25.031139], [121.496124, 25.031091], [121.496168, 25.031283], [121.496311, 25.031286], [121.49629, 25.031542], [121.496248, 25.031402], [121.496445, 25.031485], [121.496508, 25.031742], [121.496677, 25.031663], [121.496537, 25.031557], [121.496793, 25.031565], [121.496823, 25.031704], [121.496656, 25.03177], [121.496681, 25.03186], [121.496901, 25.031813], [121.497059, 25.031961], [121.496886, 25.031975], [121.496919, 25.032083], [121.496832, 25.032078], [121.49703, 25.032136], [121.496891, 25.03226], [121.496765, 25.032652], [121.496812, 25.032741], [121.496613, 25.03268], [121.496629, 25.032617], [121.496736, 25.032646], [121.49659, 25.032606], [121.496576, 25.032793], [121.497348, 25.032711], [121.496783, 25.031405], [121.496382, 25.031705], [121.496065, 25.031588], [121.49609, 25.031987], [121.496002, 25.03207], [121.495353, 25.031668], [121.495267, 25.031707], [121.494649, 25.031281], [121.49461, 25.031232], [121.494738, 25.031118], [121.494658, 25.031021], [121.494519, 25.031147], [121.494362, 25.030997], [121.494618, 25.030765], [121.494702, 25.030869], [121.494672, 25.030633], [121.49451, 25.030488], [121.494093, 25.030774], [121.493992, 25.030684], [121.494458, 25.030325], [121.494359, 25.030246], [121.494434, 25.03018], [121.494297, 25.030299], [121.493949, 25.030211], [121.493834, 25.030317], [121.493619, 25.030279], [121.493575, 25.029982], [121.493489, 25.029905], [121.493551, 25.029911], [121.49356, 25.029804], [121.492717, 25.029039], [121.492791, 25.028971], [121.493774, 25.029858], [121.493851, 25.029845], [121.493917, 25.02978], [121.493319, 25.029229], [121.493363, 25.029192], [121.493676, 25.029467], [121.493176, 25.029961], [121.493219, 25.029999], [121.493407, 25.029828], [121.493211, 25.029643], [121.493021, 25.02982], [121.492973, 25.029783], [121.493168, 25.029602], [121.49301, 25.029471], [121.492822, 25.029651], [121.492774, 25.029608], [121.492966, 25.029428], [121.492813, 25.029289], [121.492618, 25.02946], [121.492593, 25.029411], [121.492764, 25.029251], [121.49254, 25.0294], [121.492431, 25.0292], [121.492762, 25.02894], [121.492556, 25.028759], [121.49302, 25.028883], [121.493297, 25.029127], [121.493268, 25.029174], [121.492966, 25.028835], [121.493867, 25.030099], [121.493643, 25.030172], [121.493604, 25.030065], [121.493448, 25.030215], [121.493313, 25.030096], [121.494251, 25.030911], [121.494506, 25.030684], [121.494175, 25.029563], [121.495344, 25.028946], [121.495533, 25.029199], [121.496293, 25.031051], [121.496194, 25.031087], [121.496342, 25.031149], [121.49594, 25.031165]]}}, {"type": "Feature", "properties": {"district": "63000070", "segment": 11, "total_segments": 15, "km": 12.24, "villages": ["雙園里", "糖廍里"]}, "geometry": {"type": "LineString", "coordinates": [[121.496862, 25.030834], [121.49695, 25.030941], [121.497251, 25.030836], [121.497288, 25.030943], [121.497427, 25.030944], [121.497404, 25.030828], [121.497242, 25.031203], [121.497103, 25.031282], [121.497429, 25.031818], [121.497504, 25.031732], [121.497576, 25.031941], [121.49879, 25.032396], [121.498732, 25.032493], [121.498449, 25.032413], [121.49846, 25.032626], [121.49836, 25.032621], [121.498977, 25.032619], [121.498947, 25.032354], [121.499104, 25.032537], [121.499176, 25.032531], [121.499182, 25.032389], [121.499474, 25.032538], [121.499454, 25.032654], [121.499078, 25.032671], [121.500349, 25.032736], [121.50044, 25.032662], [121.500453, 25.032347], [121.500382, 25.032209], [121.499889, 25.032147], [121.499755, 25.032173], [121.499768, 25.032294], [121.500203, 25.032372], [121.500456, 25.032171], [121.500434, 25.031841], [121.500028, 25.031847], [121.500039, 25.031714], [121.499812, 25.031434], [121.499852, 25.031317], [121.498105, 25.031237], [121.497747, 25.031256], [121.497567, 25.031325], [121.497569, 25.031405], [121.497495, 25.031248], [121.497311, 25.031241], [121.496834, 25.030772], [121.496356, 25.029822], [121.496535, 25.029894], [121.496566, 25.029844], [121.496646, 25.030006], [121.496618, 25.029768], [121.496744, 25.029625], [121.496841, 25.029668], [121.496723, 25.029784], [121.496869, 25.029817], [121.496892, 25.029653], [121.496923, 25.029716], [121.497153, 25.029713], [121.497068, 25.029847], [121.496869, 25.029849], [121.496997, 25.030577], [121.496892, 25.030676], [121.497254, 25.030417], [121.497221, 25.029988], [121.496834, 25.029487], [121.496667, 25.02942], [121.496641, 25.029513], [121.496706, 25.029526], [121.49654, 25.029406], [121.496529, 25.029255], [121.496315, 25.029194], [121.496103, 25.029313], [121.495899, 25.02891], [121.496025, 25.028943], [121.496107, 25.029072], [121.496127, 25.029371], [121.496274, 25.029652], [121.49675, 25.029308], [121.499229, 25.029678], [121.499269, 25.029516], [121.499969, 25.029537], [121.499885, 25.029617], [121.499544, 25.029609], [121.499517, 25.02981], [121.499987, 25.029817], [121.499942, 25.029677], [121.500109, 25.029693], [121.500174, 25.030249], [121.500107, 25.030377], [121.499552, 25.030367], [121.499643, 25.030201], [121.499932, 25.030198], [121.499723, 25.030046], [121.499986, 25.029861], [121.500101, 25.029552], [121.500382, 25.029614], [121.500395, 25.030443], [121.500283, 25.030478], [121.500376, 25.0306], [121.500416, 25.030979], [121.499695, 25.030978], [121.499675, 25.030896], [121.499908, 25.030861], [121.499849, 25.0308], [121.499604, 25.03086], [121.499563, 25.030711], [121.499651, 25.030784], [121.499612, 25.030597], [121.50015, 25.030581], [121.499921, 25.030765], [121.500256, 25.030813], [121.500389, 25.031316], [121.499554, 25.03149], [121.499346, 25.031654], [121.499407, 25.031775], [121.499611, 25.031835], [121.499562, 25.032239], [121.499706, 25.032291], [121.49961, 25.032499], [121.499894, 25.032537], [121.499374, 25.032021], [121.498775, 25.03192], [121.498576, 25.031981], [121.498318, 25.031878], [121.498173, 25.032013], [121.498072, 25.031865], [121.497959, 25.031951], [121.498212, 25.031839], [121.498283, 25.03152], [121.498243, 25.031349], [121.498471, 25.03144], [121.498461, 25.031574], [121.498388, 25.031574], [121.498559, 25.031581], [121.49855, 25.031707], [121.498919, 25.031777], [121.49906, 25.031626], [121.499239, 25.031651], [121.499147, 25.031755], [121.498978, 25.031589], [121.498818, 25.031599], [121.49879, 25.031457], [121.498671, 25.031501], [121.498622, 25.031869], [121.498545, 25.031867], [121.498776, 25.032266], [121.498279, 25.032029], [121.498376, 25.031778], [121.497949, 25.031695], [121.497941, 25.032602], [121.498175, 25.032344], [121.498349, 25.032836], [121.499242, 25.031461], [121.499248, 25.030996], [121.499426, 25.030955], [121.499384, 25.030712], [121.499217, 25.030711], [121.499198, 25.030851], [121.499448, 25.030992], [121.499598, 25.030984], [121.499226, 25.030562], [121.499282, 25.029846], [121.499408, 25.029796], [121.49942, 25.029862], [121.497857, 25.033332], [121.498023, 25.033558], [121.497874, 25.033786], [121.497608, 25.033711], [121.497688, 25.033463], [121.497566, 25.033425], [121.497592, 25.033292], [121.497247, 25.033258], [121.49728, 25.033346], [121.497105, 25.033297], [121.497124, 25.033241], [121.497042, 25.033403], [121.497158, 25.033382], [121.497476, 25.033649], [121.497397, 25.033835], [121.497187, 25.033805], [121.497092, 25.033901], [121.496937, 25.033855], [121.496973, 25.033743], [121.496872, 25.033689], [121.49691, 25.033238], [121.496489, 25.033174], [121.495994, 25.033747], [121.49579, 25.03373], [121.495989, 25.033801], [121.495926, 25.034113], [121.494313, 25.033887], [121.494095, 25.034002], [121.494386, 25.034256], [121.494541, 25.03422], [121.494567, 25.034053], [121.49469, 25.034218], [121.495757, 25.034465], [121.495836, 25.034672], [121.495978, 25.034661], [121.496061, 25.034437], [121.495934, 25.034442], [121.495934, 25.034288], [121.495586, 25.034234], [121.495563, 25.034541], [121.495165, 25.034586], [121.495158, 25.034472], [121.494872, 25.034526], [121.494882, 25.034416], [121.494722, 25.034581], [121.49466, 25.034788], [121.494422, 25.03487], [121.494263, 25.03483], [121.493823, 25.034322], [121.493745, 25.034274], [121.493637, 25.034351], [121.4942, 25.035033], [121.494386, 25.03504], [121.49444, 25.034956], [121.494808, 25.035276], [121.498243, 25.035175], [121.498258, 25.035091], [121.498494, 25.035078], [121.498406, 25.034869], [121.498897, 25.034932], [121.498703, 25.034618], [121.498541, 25.034762], [121.498412, 25.034703], [121.498175, 25.035039], [121.498079, 25.03491], [121.497909, 25.035043], [121.49782, 25.034814], [121.497457, 25.034769], [121.497395, 25.034552], [121.497226, 25.034995], [121.497115, 25.034943], [121.497316, 25.034279], [121.496628, 25.034188], [121.496645, 25.034039], [121.497301, 25.034158], [121.497366, 25.034007], [121.49716, 25.03394], [121.497242, 25.033671], [121.497546, 25.033479], [121.497566, 25.033962], [121.497729, 25.033919], [121.498265, 25.033998], [121.49838, 25.034156], [121.498343, 25.034292], [121.497482, 25.034189], [121.497456, 25.034297], [121.498005, 25.034362], [121.498112, 25.03451], [121.497667, 25.03462], [121.497586, 25.034869], [121.497759, 25.034925], [121.497673, 25.035016], [121.496955, 25.034892], [121.496951, 25.035012], [121.496654, 25.034906], [121.496716, 25.034702], [121.496563, 25.034571], [121.496486, 25.034819], [121.49655, 25.034924], [121.496456, 25.034965], [121.49661, 25.035004], [121.495891, 25.034836], [121.495873, 25.034924], [121.496156, 25.034986], [121.496325, 25.034467], [121.496578, 25.034477], [121.496596, 25.034414], [121.496201, 25.033977], [121.496018, 25.034123], [121.495526, 25.033911], [121.495014, 25.033848], [121.495054, 25.033609], [121.495538, 25.033676], [121.495283, 25.033481], [121.495263, 25.033242], [121.494934, 25.032914], [121.494085, 25.033047], [121.494038, 25.032852], [121.494463, 25.03278], [121.494442, 25.032619], [121.493996, 25.032689], [121.493968, 25.032492], [121.494831, 25.032347], [121.494829, 25.03218], [121.494634, 25.032216], [121.494582, 25.031995], [121.494659, 25.031983], [121.494317, 25.032287], [121.49412, 25.032013], [121.493838, 25.032128], [121.494604, 25.032594], [121.494868, 25.032552], [121.494904, 25.032713], [121.494644, 25.032757], [121.494481, 25.033386], [121.494802, 25.033388], [121.494157, 25.033568], [121.494115, 25.033434], [121.493812, 25.033636], [121.493762, 25.03358], [121.493998, 25.033841], [121.493815, 25.0339], [121.493535, 25.033661], [121.493583, 25.033827], [121.493329, 25.033751], [121.493166, 25.033861], [121.493534, 25.03427], [121.493742, 25.034062], [121.493879, 25.034178], [121.493978, 25.034108], [121.49405, 25.034148], [121.494415, 25.034576], [121.494268, 25.034668], [121.494332, 25.034734], [121.493934, 25.034285], [121.494509, 25.03443], [121.494524, 25.034332], [121.495028, 25.034789], [121.494889, 25.035005], [121.497417, 25.034292], [121.497931, 25.033831], [121.498016, 25.033847], [121.49824, 25.033908], [121.498451, 25.034321], [121.49853, 25.03433], [121.49845, 25.034434], [121.498269, 25.034407], [121.498568, 25.034467], [121.498084, 25.03485], [121.49838, 25.035181], [121.498815, 25.03509], [121.498814, 25.035176], [121.49873, 25.03518], [121.49904, 25.035095]]}}, {"type": "Feature", "properties": {"district": "63000070", "segment": 12, "total_segments": 15, "km": 14.21, "villages": ["柳鄉里", "青山里"]}, "geometry": {"type": "LineString", "coordinates": [[121.495926, 25.037386], [121.495324, 25.036702], [121.494638, 25.037126], [121.494323, 25.036719], [121.494198, 25.0368], [121.4948, 25.037507], [121.494715, 25.037568], [121.495179, 25.038066], [121.495297, 25.037953], [121.495331, 25.038063], [121.495664, 25.037807], [121.495711, 25.037856], [121.495385, 25.037955], [121.495289, 25.037826], [121.49517, 25.037884], [121.495119, 25.037826], [121.495179, 25.03778], [121.49531, 25.037809], [121.495508, 25.037657], [121.495234, 25.037408], [121.495103, 25.037522], [121.495274, 25.037661], [121.495008, 25.037727], [121.494921, 25.037628], [121.495011, 25.037559], [121.495032, 25.037399], [121.494899, 25.037279], [121.494974, 25.037172], [121.495082, 25.037383], [121.495122, 25.037308], [121.495649, 25.037458], [121.495756, 25.037578], [121.495808, 25.037536], [121.495911, 25.037652], [121.495804, 25.037732], [121.495843, 25.037792], [121.49612, 25.037603], [121.496223, 25.037719], [121.495975, 25.03793], [121.495864, 25.037851], [121.495857, 25.038011], [121.495754, 25.038089], [121.496291, 25.038663], [121.496403, 25.038596], [121.496026, 25.038167], [121.49609, 25.038135], [121.496031, 25.038066], [121.49611, 25.037958], [121.49635, 25.038195], [121.496515, 25.038052], [121.49643, 25.037963], [121.496321, 25.03805], [121.496219, 25.037916], [121.496338, 25.03784], [121.496106, 25.038154], [121.496414, 25.03842], [121.496501, 25.038597], [121.496601, 25.038562], [121.4968, 25.038364], [121.496668, 25.038278], [121.49655, 25.038366], [121.496493, 25.038289], [121.496621, 25.038197], [121.495945, 25.038075], [121.495565, 25.038337], [121.495772, 25.038467], [121.495885, 25.038371], [121.495839, 25.038524], [121.496153, 25.038649], [121.495703, 25.037411], [121.495954, 25.037416], [121.496056, 25.037531], [121.495062, 25.036891], [121.494955, 25.036972], [121.494746, 25.036878], [121.494534, 25.036646], [121.494582, 25.036615], [121.494755, 25.036787], [121.495034, 25.036626], [121.494811, 25.036447], [121.494766, 25.036484], [121.494877, 25.036601], [121.494858, 25.036762], [121.494773, 25.036827], [121.495104, 25.036791], [121.495289, 25.036632], [121.494858, 25.036265], [121.494353, 25.036695], [121.494252, 25.036566], [121.494335, 25.036444], [121.494075, 25.036709], [121.494225, 25.036588], [121.494081, 25.036458], [121.493909, 25.036532], [121.494196, 25.036298], [121.494231, 25.036337], [121.494107, 25.036436], [121.493984, 25.036284], [121.494147, 25.036161], [121.493996, 25.035973], [121.493774, 25.036137], [121.493713, 25.036072], [121.494091, 25.035692], [121.494008, 25.035604], [121.492974, 25.035615], [121.492977, 25.035704], [121.49291, 25.035705], [121.492906, 25.035617], [121.492791, 25.03562], [121.492818, 25.035705], [121.492671, 25.035706], [121.492713, 25.035622], [121.492594, 25.035706], [121.492592, 25.035625], [121.491823, 25.035648], [121.49185, 25.035962], [121.493035, 25.035936], [121.493033, 25.035852], [121.493144, 25.035846], [121.493149, 25.035931], [121.493291, 25.035927], [121.493284, 25.035736], [121.493494, 25.03596], [121.493684, 25.035805], [121.4936, 25.036018], [121.493401, 25.036017], [121.493762, 25.036392], [121.494054, 25.036155], [121.494183, 25.036199], [121.494576, 25.035892], [121.494641, 25.03596], [121.49454, 25.036055], [121.494694, 25.036016], [121.494889, 25.036234], [121.494737, 25.036186], [121.494543, 25.036351], [121.494507, 25.036277], [121.494319, 25.036319], [121.494302, 25.036223], [121.494415, 25.036137], [121.49448, 25.036202], [121.494542, 25.036103], [121.494426, 25.035889], [121.49432, 25.03589], [121.494315, 25.035785], [121.494212, 25.035758], [121.494463, 25.035771], [121.494545, 25.035813], [121.49442, 25.03642], [121.494736, 25.036452], [121.494242, 25.037062], [121.4943, 25.037124], [121.493478, 25.036276], [121.493118, 25.036527], [121.492693, 25.036089], [121.492582, 25.036071], [121.492386, 25.036225], [121.492316, 25.03615], [121.492246, 25.036303], [121.49274, 25.036791], [121.492794, 25.036694], [121.492435, 25.036279], [121.492115, 25.036167], [121.491897, 25.036366], [121.492633, 25.036898], [121.492846, 25.036717], [121.493007, 25.03694], [121.493066, 25.036901], [121.49298, 25.036808], [121.493137, 25.036977], [121.49298, 25.037079], [121.493485, 25.03731], [121.49369, 25.037137], [121.493207, 25.036633], [121.493299, 25.036567], [121.494441, 25.037782], [121.494695, 25.037901], [121.494682, 25.037533], [121.494461, 25.037303], [121.49431, 25.037413], [121.494259, 25.037374], [121.49441, 25.037252], [121.494176, 25.037629], [121.493807, 25.036424], [121.493954, 25.036307], [121.493137, 25.036046], [121.492945, 25.036174], [121.492858, 25.036082], [121.493092, 25.036348], [121.491704, 25.036192], [121.494758, 25.035541], [121.495915, 25.036885], [121.496089, 25.036883], [121.496151, 25.037207], [121.49631, 25.037193], [121.496373, 25.036899], [121.496924, 25.036856], [121.497009, 25.036704], [121.496919, 25.036639], [121.49745, 25.036686], [121.497304, 25.036841], [121.497197, 25.037287], [121.497277, 25.037889], [121.497041, 25.037938], [121.497136, 25.038286], [121.497271, 25.038161], [121.497575, 25.038203], [121.497573, 25.038006], [121.498138, 25.037948], [121.498284, 25.037797], [121.498274, 25.037671], [121.498074, 25.037603], [121.498062, 25.037798], [121.497975, 25.037798], [121.497969, 25.037578], [121.497911, 25.037557], [121.498043, 25.037478], [121.497976, 25.037358], [121.497803, 25.037369], [121.497713, 25.037246], [121.497726, 25.036824], [121.497809, 25.036824], [121.497896, 25.036678], [121.498, 25.036867], [121.498142, 25.036908], [121.498089, 25.037143], [121.497947, 25.037132], [121.49801, 25.037317], [121.498245, 25.03735], [121.498255, 25.037206], [121.498403, 25.03721], [121.498432, 25.037579], [121.498273, 25.037583], [121.498258, 25.037478], [121.498576, 25.037317], [121.498722, 25.037323], [121.498751, 25.037574], [121.498634, 25.037648], [121.498641, 25.037583], [121.499039, 25.037671], [121.499115, 25.037724], [121.499093, 25.037905], [121.499479, 25.037848], [121.499258, 25.036789], [121.498938, 25.03679], [121.499014, 25.037403], [121.49891, 25.03739], [121.498931, 25.037526], [121.498869, 25.037565], [121.499028, 25.037601], [121.498925, 25.037924], [121.498717, 25.037874], [121.498703, 25.037773], [121.498507, 25.03776], [121.49845, 25.037837], [121.498466, 25.037983], [121.498685, 25.037985], [121.498778, 25.038152], [121.499231, 25.038045], [121.499207, 25.038303], [121.499269, 25.038372], [121.497761, 25.038409], [121.497768, 25.038091], [121.497908, 25.038216], [121.498115, 25.03822], [121.498109, 25.038064], [121.49826, 25.037947], [121.498306, 25.038646], [121.497623, 25.03863], [121.497474, 25.038704], [121.497538, 25.038843], [121.497794, 25.038905], [121.498127, 25.038863], [121.498076, 25.038965], [121.497863, 25.039005], [121.497957, 25.039079], [121.498064, 25.039572], [121.498433, 25.039642], [121.498456, 25.039878], [121.498307, 25.039903], [121.498295, 25.039823], [121.498315, 25.039963], [121.497855, 25.040008], [121.497744, 25.039718], [121.497854, 25.039592], [121.49768, 25.039051], [121.497227, 25.039059], [121.497233, 25.038867], [121.497013, 25.038604], [121.497238, 25.038423], [121.497528, 25.038416], [121.49719, 25.038379], [121.496939, 25.038109], [121.49698, 25.037742], [121.497093, 25.037651], [121.497325, 25.0379], [121.497563, 25.037855], [121.497556, 25.037639], [121.497729, 25.037653], [121.497732, 25.037807], [121.497909, 25.037849], [121.497487, 25.037373], [121.497039, 25.037251], [121.496985, 25.037081], [121.497106, 25.037054], [121.496829, 25.03704], [121.496847, 25.037639], [121.496491, 25.037557], [121.496385, 25.037415], [121.496765, 25.037179], [121.497053, 25.036426], [121.497463, 25.036411], [121.497528, 25.036472], [121.497519, 25.036196], [121.49741, 25.036317], [121.497051, 25.036327], [121.496973, 25.036248], [121.496922, 25.036359], [121.496978, 25.036372], [121.496904, 25.036158], [121.497175, 25.036004], [121.497333, 25.036049], [121.497229, 25.036205], [121.497251, 25.035739], [121.496923, 25.035753], [121.496927, 25.035849], [121.49716, 25.035845], [121.497476, 25.035665], [121.497509, 25.035855], [121.497672, 25.035869], [121.497683, 25.036101], [121.497984, 25.036094], [121.498078, 25.036205], [121.498229, 25.036199], [121.498205, 25.03611], [121.498129, 25.036118], [121.498275, 25.036108], [121.498489, 25.036212], [121.498453, 25.036475], [121.498565, 25.036401], [121.498619, 25.036019], [121.498694, 25.036046], [121.498781, 25.035715], [121.498453, 25.035687], [121.498489, 25.035774], [121.498673, 25.035793], [121.499202, 25.035684], [121.499234, 25.036521], [121.499121, 25.036525], [121.499222, 25.036625], [121.498157, 25.036667], [121.498374, 25.036832], [121.498399, 25.037103], [121.498704, 25.037161], [121.498867, 25.037291], [121.498825, 25.036786], [121.498475, 25.036798], [121.498477, 25.036922], [121.49909, 25.037141], [121.498995, 25.036178], [121.499065, 25.036043], [121.4989, 25.036228], [121.49888, 25.036375], [121.498317, 25.035817], [121.497661, 25.035559], [121.49769, 25.035451], [121.498376, 25.035439], [121.498323, 25.035733], [121.498079, 25.035691], [121.498521, 25.035434], [121.499189, 25.03545], [121.499197, 25.03557], [121.497979, 25.036207], [121.497749, 25.036213], [121.497436, 25.035461], [121.496205, 25.035591], [121.496541, 25.037669], [121.49686, 25.03802], [121.496462, 25.038748], [121.497034, 25.038958], [121.497302, 25.039253], [121.497997, 25.039576], [121.498185, 25.039109], [121.498174, 25.038967], [121.498371, 25.038961], [121.498391, 25.039193], [121.498566, 25.039194], [121.49859, 25.039478], [121.498929, 25.039445], [121.498934, 25.039538], [121.499018, 25.039523], [121.4986, 25.039632], [121.498623, 25.039909], [121.4998, 25.040023], [121.499778, 25.039561], [121.499437, 25.039465], [121.499344, 25.039184], [121.499248, 25.039213], [121.49926, 25.039355], [121.499154, 25.039414], [121.499153, 25.039519], [121.499267, 25.039519], [121.499049, 25.039794], [121.499149, 25.03984], [121.49916, 25.039936], [121.499047, 25.039689], [121.499097, 25.039303], [121.498918, 25.03883], [121.498922, 25.038765], [121.499106, 25.038731], [121.499265, 25.039026], [121.499171, 25.039077], [121.499345, 25.038956], [121.49951, 25.039174], [121.499753, 25.039222], [121.499602, 25.03837], [121.499498, 25.038373], [121.499593, 25.038263], [121.499523, 25.03797], [121.499341, 25.038602], [121.498836, 25.038799], [121.498791, 25.038888], [121.498862, 25.0389], [121.498882, 25.039078], [121.498952, 25.03908], [121.498909, 25.038994], [121.498877, 25.039291], [121.498565, 25.039172], [121.498545, 25.038917], [121.498706, 25.038841]]}}, {"type": "Feature", "properties": {"district": "63000070", "segment": 13, "total_segments": 15, "km": 14.98, "villages": ["富民里", "福音里", "新起里"]}, "geometry": {"type": "LineString", "coordinates": [[121.499902, 25.038761], [121.499912, 25.038896], [121.500007, 25.038801], [121.4999, 25.038614], [121.500002, 25.038574], [121.500486, 25.038567], [121.500519, 25.038683], [121.500597, 25.040068], [121.499998, 25.040066], [121.49993, 25.039286], [121.500022, 25.039248], [121.499928, 25.039251], [121.499915, 25.038952], [121.500057, 25.039245], [121.500283, 25.038946], [121.50027, 25.038742], [121.50069, 25.0387], [121.500805, 25.040114], [121.501305, 25.040141], [121.50131, 25.040078], [121.501571, 25.040171], [121.501889, 25.040001], [121.501806, 25.039424], [121.501623, 25.039381], [121.501477, 25.039132], [121.50145, 25.038879], [121.5016, 25.039074], [121.501744, 25.038976], [121.501653, 25.038504], [121.500697, 25.038552], [121.50072, 25.038332], [121.50086, 25.038343], [121.50068, 25.038308], [121.500655, 25.037089], [121.50126, 25.037045], [121.50126, 25.03698], [121.500647, 25.036825], [121.500705, 25.036726], [121.501383, 25.036725], [121.501286, 25.036558], [121.500542, 25.036573], [121.500516, 25.036199], [121.500584, 25.036076], [121.501027, 25.036066], [121.500946, 25.035388], [121.500464, 25.035402], [121.500507, 25.036011], [121.500707, 25.036173], [121.501289, 25.036184], [121.501354, 25.036526], [121.501111, 25.035382], [121.500593, 25.035482], [121.500869, 25.036009], [121.500893, 25.03577], [121.500457, 25.036736], [121.50027, 25.036741], [121.500257, 25.036922], [121.500474, 25.036895], [121.500368, 25.036879], [121.500494, 25.037009], [121.500515, 25.038096], [121.500381, 25.038092], [121.500418, 25.038178], [121.500501, 25.038137], [121.500503, 25.038216], [121.500418, 25.038217], [121.500503, 25.038267], [121.50043, 25.038353], [121.499864, 25.038346], [121.49989, 25.038115], [121.499812, 25.038157], [121.499765, 25.037946], [121.499876, 25.037714], [121.499698, 25.037661], [121.499731, 25.037812], [121.499684, 25.037592], [121.499824, 25.037597], [121.500206, 25.037383], [121.500231, 25.037209], [121.500315, 25.037289], [121.500233, 25.037067], [121.499935, 25.036779], [121.499524, 25.036142], [121.49946, 25.035853], [121.500775, 25.03727], [121.500749, 25.0374], [121.500825, 25.0374], [121.50073, 25.037772], [121.50091, 25.037852], [121.500917, 25.038144], [121.501073, 25.038084], [121.501132, 25.037951], [121.501013, 25.037903], [121.50122, 25.037984], [121.501325, 25.037876], [121.501302, 25.037646], [121.501231, 25.037708], [121.501186, 25.037276], [121.501474, 25.037269], [121.501437, 25.037034], [121.50135, 25.037031], [121.501487, 25.037342], [121.501641, 25.038243], [121.501221, 25.038313], [121.501178, 25.038939], [121.501083, 25.039016], [121.501098, 25.03926], [121.501195, 25.039275], [121.501215, 25.039378], [121.501221, 25.039499], [121.501107, 25.039528], [121.501117, 25.039768], [121.50126, 25.039785], [121.501211, 25.040052], [121.501113, 25.039918], [121.501312, 25.039742], [121.501229, 25.039684], [121.501378, 25.039655], [121.50149, 25.039748], [121.50141, 25.039277], [121.501187, 25.039132], [121.501105, 25.03946], [121.501778, 25.039227], [121.501764, 25.039063], [121.500843, 25.038817], [121.500799, 25.038026], [121.501913, 25.038491], [121.501946, 25.038914], [121.502472, 25.038846], [121.50253, 25.038769], [121.502484, 25.03858], [121.502568, 25.038553], [121.502464, 25.038408], [121.502064, 25.038463], [121.5025, 25.038404], [121.502762, 25.038063], [121.503082, 25.038279], [121.503056, 25.038424], [121.503137, 25.038591], [121.503267, 25.038687], [121.503454, 25.038653], [121.50355, 25.038962], [121.503642, 25.038951], [121.503605, 25.038803], [121.503714, 25.039358], [121.503607, 25.039338], [121.503658, 25.039605], [121.503727, 25.039537], [121.503557, 25.03906], [121.503447, 25.039085], [121.503422, 25.03902], [121.503264, 25.039154], [121.503277, 25.039246], [121.503168, 25.039249], [121.503165, 25.039628], [121.503315, 25.039672], [121.503255, 25.039475], [121.503347, 25.039423], [121.503084, 25.039032], [121.503042, 25.038841], [121.503138, 25.03882], [121.503194, 25.039073], [121.502943, 25.03894], [121.502953, 25.039006], [121.50293, 25.038857], [121.50275, 25.038892], [121.502703, 25.039126], [121.502815, 25.039882], [121.504065, 25.039696], [121.50388, 25.038613], [121.50336, 25.038942], [121.50313, 25.038766], [121.502611, 25.038824], [121.502555, 25.038961], [121.502716, 25.039895], [121.502134, 25.03996], [121.502056, 25.039798], [121.501955, 25.039081], [121.502121, 25.039017], [121.502395, 25.039539], [121.502484, 25.039524], [121.502495, 25.039864], [121.503293, 25.0383], [121.503261, 25.036483], [121.501637, 25.036538], [121.501543, 25.036464], [121.501498, 25.036158], [121.501645, 25.036141], [121.501473, 25.036033], [121.501362, 25.035385], [121.502575, 25.035349], [121.502679, 25.035689], [121.502787, 25.035695], [121.502888, 25.035913], [121.502789, 25.035934], [121.502729, 25.035802], [121.502347, 25.035849], [121.502349, 25.035791], [121.502545, 25.035766], [121.502517, 25.035687], [121.502347, 25.0357], [121.502285, 25.035577], [121.502195, 25.035614], [121.502152, 25.035467], [121.50181, 25.035487], [121.501711, 25.035642], [121.501731, 25.035796], [121.501847, 25.03572], [121.502231, 25.035795], [121.502262, 25.035867], [121.50214, 25.03587], [121.502177, 25.036011], [121.50262, 25.035988], [121.502545, 25.036128], [121.502563, 25.036332], [121.502152, 25.036165], [121.502374, 25.036112], [121.502444, 25.036189], [121.502303, 25.036274], [121.501859, 25.036132], [121.501914, 25.03687], [121.502257, 25.036858], [121.502712, 25.036242], [121.502951, 25.036151], [121.502934, 25.036022], [121.502751, 25.036059], [121.502738, 25.035962], [121.503323, 25.035975], [121.503422, 25.036432], [121.503351, 25.03648], [121.503265, 25.035676], [121.50299, 25.03558], [121.502935, 25.035663], [121.503211, 25.035408], [121.502463, 25.035545], [121.502427, 25.035489], [121.503305, 25.039951], [121.504137, 25.039866], [121.504214, 25.040256], [121.503327, 25.040355], [121.503357, 25.040542], [121.504255, 25.0405], [121.504386, 25.041454], [121.502969, 25.041545], [121.503116, 25.041487], [121.503199, 25.0413], [121.503455, 25.041281], [121.503679, 25.040943], [121.504156, 25.040926], [121.504112, 25.04105], [121.504201, 25.04113], [121.503771, 25.041074], [121.503775, 25.040886], [121.503932, 25.040901], [121.503578, 25.040917], [121.503316, 25.040814], [121.503457, 25.040747], [121.503571, 25.040832], [121.503515, 25.041069], [121.503627, 25.04123], [121.503539, 25.041291], [121.503554, 25.041375], [121.503463, 25.041365], [121.503837, 25.04134], [121.503846, 25.041429], [121.504572, 25.041306], [121.504552, 25.041201], [121.50459, 25.041404], [121.504764, 25.041469], [121.505914, 25.041559], [121.505846, 25.041585], [121.505689, 25.041506], [121.505726, 25.041385], [121.505026, 25.041245], [121.505054, 25.041185], [121.505202, 25.041211], [121.505139, 25.04089], [121.505083, 25.040876], [121.505036, 25.041049], [121.504916, 25.041053], [121.504937, 25.040959], [121.504725, 25.040935], [121.50475, 25.040794], [121.50469, 25.041115], [121.504751, 25.041205], [121.504955, 25.041233], [121.504944, 25.041308], [121.504914, 25.041159], [121.505612, 25.041285], [121.505618, 25.041223], [121.505939, 25.041173], [121.50591, 25.040762], [121.505449, 25.040684], [121.505496, 25.040506], [121.505031, 25.040422], [121.505059, 25.040309], [121.505247, 25.040325], [121.505232, 25.040631], [121.504733, 25.040553], [121.504776, 25.040377], [121.504691, 25.040361], [121.504886, 25.040396], [121.504376, 25.040257], [121.50432, 25.039877], [121.506057, 25.039523], [121.506062, 25.039958], [121.505972, 25.040069], [121.506042, 25.040077], [121.506008, 25.04033], [121.506166, 25.040335], [121.506274, 25.039507], [121.505991, 25.039679], [121.505946, 25.039993], [121.505797, 25.040004], [121.505766, 25.039857], [121.505661, 25.039991], [121.505565, 25.039975], [121.505567, 25.040097], [121.505417, 25.040031], [121.505472, 25.039784], [121.505647, 25.039797], [121.505679, 25.039733], [121.50562, 25.03972], [121.505722, 25.039815], [121.506552, 25.039837], [121.506652, 25.039432], [121.507032, 25.039365], [121.507093, 25.039452], [121.507168, 25.040676], [121.507008, 25.040792], [121.50702, 25.040864], [121.506936, 25.040707], [121.506607, 25.040744], [121.506525, 25.040837], [121.507494, 25.041931], [121.507596, 25.042014], [121.507782, 25.041956], [121.507522, 25.040959], [121.507317, 25.041212], [121.507389, 25.041279], [121.507257, 25.041248], [121.507167, 25.041318], [121.507133, 25.041129], [121.507157, 25.041022], [121.507531, 25.041439], [121.507417, 25.041486], [121.507445, 25.041541], [121.506754, 25.041381], [121.506366, 25.04094], [121.50649, 25.040797], [121.506378, 25.040509], [121.50631, 25.040602], [121.506135, 25.040554], [121.506157, 25.040382], [121.505936, 25.040583], [121.505581, 25.04052], [121.506118, 25.040856], [121.506078, 25.041491], [121.506169, 25.041567], [121.506714, 25.041453], [121.505923, 25.041427], [121.506454, 25.040354], [121.504482, 25.040506], [121.504523, 25.041029], [121.503635, 25.040266], [121.503276, 25.040149], [121.503169, 25.039983], [121.50211, 25.040164], [121.502252, 25.040279], [121.502567, 25.040221], [121.50264, 25.040281], [121.502423, 25.040423], [121.502174, 25.040436], [121.502213, 25.040625], [121.503306, 25.040548], [121.503361, 25.040598], [121.503263, 25.040733], [121.502699, 25.04074], [121.502666, 25.040968], [121.502731, 25.040995], [121.502768, 25.040898], [121.502918, 25.040921], [121.502985, 25.040834], [121.50322, 25.040822], [121.50323, 25.04096], [121.503094, 25.041014], [121.50304, 25.04096], [121.503127, 25.04112], [121.502808, 25.041277], [121.502668, 25.041225], [121.502606, 25.041405], [121.502555, 25.041278], [121.502609, 25.041106], [121.502691, 25.041143], [121.50271, 25.041066]]}}, {"type": "Feature", "properties": {"district": "63000070", "segment": 14, "total_segments": 15, "km": 14.52, "villages": ["新起里", "西門里", "萬壽里"]}, "geometry": {"type": "LineString", "coordinates": [[121.502522, 25.040911], [121.50245, 25.041018], [121.50227, 25.041019], [121.502212, 25.040733], [121.502348, 25.041443], [121.50257, 25.041599], [121.502782, 25.041574], [121.503344, 25.041741], [121.504434, 25.041593], [121.504705, 25.042841], [121.504871, 25.042863], [121.504658, 25.041737], [121.504768, 25.041614], [121.505821, 25.041729], [121.50589, 25.041855], [121.506029, 25.041897], [121.506099, 25.04171], [121.506918, 25.041571], [121.507327, 25.042009], [121.507143, 25.042126], [121.506732, 25.041716], [121.506355, 25.041841], [121.50633, 25.04179], [121.506422, 25.041773], [121.506203, 25.041811], [121.506273, 25.041939], [121.506676, 25.041848], [121.506905, 25.04205], [121.506847, 25.042161], [121.50701, 25.042417], [121.506085, 25.042639], [121.506097, 25.042972], [121.506264, 25.043541], [121.506788, 25.043479], [121.506768, 25.043389], [121.506695, 25.043404], [121.506761, 25.043364], [121.506732, 25.043289], [121.506901, 25.04324], [121.506862, 25.043033], [121.506786, 25.043049], [121.506793, 25.042784], [121.506876, 25.042768], [121.506855, 25.042897], [121.506967, 25.042972], [121.507087, 25.042953], [121.507319, 25.04312], [121.507192, 25.043315], [121.506818, 25.043471], [121.506911, 25.043296], [121.506635, 25.043331], [121.506606, 25.043239], [121.506682, 25.043249], [121.506733, 25.043125], [121.5066, 25.042698], [121.507131, 25.042571], [121.507618, 25.042925], [121.507337, 25.043377], [121.507764, 25.043325], [121.507695, 25.042798], [121.507852, 25.042659], [121.508026, 25.042684], [121.508099, 25.043148], [121.507989, 25.043092], [121.508042, 25.043275], [121.508066, 25.043201], [121.508128, 25.043255], [121.508152, 25.043149], [121.507978, 25.043183], [121.507953, 25.043101], [121.507929, 25.0433], [121.507991, 25.043225], [121.507116, 25.04239], [121.507175, 25.042161], [121.506392, 25.042285], [121.506094, 25.042197], [121.506014, 25.042265], [121.506003, 25.042447], [121.505847, 25.042474], [121.505798, 25.042704], [121.504947, 25.042902], [121.505081, 25.04271], [121.504991, 25.042211], [121.505133, 25.042178], [121.505209, 25.04226], [121.505297, 25.042083], [121.505539, 25.042196], [121.505608, 25.042142], [121.505861, 25.042198], [121.505852, 25.042333], [121.505596, 25.04234], [121.505641, 25.042425], [121.505356, 25.042412], [121.505371, 25.042608], [121.505273, 25.042628], [121.505227, 25.04239], [121.505323, 25.042288], [121.505235, 25.041923], [121.505123, 25.042016], [121.50491, 25.041819], [121.505236, 25.04175], [121.505408, 25.041906], [121.505741, 25.041893], [121.505889, 25.041998], [121.505871, 25.042097], [121.506016, 25.042061], [121.506079, 25.041922], [121.506168, 25.041962], [121.506039, 25.041753], [121.50555, 25.04185], [121.505285, 25.042677], [121.505272, 25.043016], [121.505877, 25.042904], [121.505984, 25.04328], [121.505856, 25.043451], [121.505975, 25.043483], [121.505819, 25.043462], [121.505717, 25.043554], [121.505781, 25.04363], [121.505997, 25.043591], [121.505985, 25.043518], [121.505883, 25.043565], [121.505881, 25.043367], [121.506047, 25.043487], [121.505399, 25.043803], [121.504985, 25.043873], [121.504742, 25.043149], [121.503755, 25.043376], [121.503639, 25.043414], [121.503719, 25.043527], [121.503894, 25.043536], [121.503941, 25.043686], [121.503757, 25.043763], [121.503757, 25.043871], [121.503981, 25.043788], [121.504222, 25.043902], [121.504169, 25.043615], [121.504047, 25.043536], [121.504086, 25.043671], [121.504323, 25.043604], [121.504291, 25.043489], [121.504361, 25.043459], [121.504396, 25.043587], [121.504539, 25.043579], [121.50457, 25.04365], [121.504708, 25.043537], [121.504702, 25.043758], [121.504823, 25.04394], [121.503006, 25.044373], [121.502931, 25.04435], [121.502799, 25.043878], [121.503039, 25.044074], [121.503076, 25.044007], [121.503638, 25.043863], [121.503623, 25.043782], [121.503061, 25.043919], [121.503132, 25.044158], [121.503281, 25.044133], [121.503259, 25.04407], [121.503699, 25.043992], [121.503705, 25.04364], [121.503835, 25.043603], [121.503601, 25.043646], [121.503417, 25.043463], [121.502931, 25.0436], [121.502849, 25.04375], [121.50354, 25.04324], [121.504648, 25.042978], [121.504192, 25.042374], [121.504162, 25.042238], [121.50426, 25.042031], [121.504107, 25.042051], [121.504089, 25.041907], [121.504183, 25.041953], [121.50422, 25.041889], [121.504061, 25.041846], [121.5043, 25.041892], [121.504403, 25.042246], [121.504651, 25.042123], [121.504246, 25.042572], [121.504236, 25.042751], [121.504393, 25.042716], [121.504225, 25.042837], [121.504953, 25.043207], [121.504431, 25.043714], [121.504473, 25.043843], [121.504392, 25.043846], [121.50436, 25.043733], [121.506222, 25.042792], [121.506575, 25.042704], [121.502551, 25.042229], [121.503514, 25.044409], [121.503636, 25.04444], [121.503657, 25.044371], [121.50369, 25.044465], [121.503541, 25.044493], [121.503529, 25.044564], [121.503547, 25.04462], [121.503663, 25.044534], [121.503687, 25.044692], [121.503775, 25.044575], [121.503708, 25.044357], [121.504274, 25.044217], [121.504327, 25.044509], [121.503947, 25.044605], [121.503974, 25.044705], [121.503918, 25.04449], [121.50361, 25.044712], [121.503935, 25.044866], [121.504421, 25.044814], [121.504442, 25.044892], [121.504562, 25.044784], [121.504633, 25.044853], [121.504679, 25.044768], [121.505003, 25.044701], [121.50496, 25.044786], [121.504782, 25.044822], [121.504878, 25.045113], [121.504376, 25.045225], [121.504601, 25.045329], [121.504994, 25.045245], [121.504924, 25.045102], [121.505287, 25.045022], [121.505142, 25.044434], [121.505375, 25.044653], [121.505592, 25.044735], [121.505813, 25.044623], [121.506023, 25.044855], [121.506029, 25.044753], [121.506085, 25.04484], [121.5062, 25.044813], [121.506157, 25.044667], [121.50624, 25.044804], [121.506347, 25.044779], [121.506364, 25.044626], [121.506569, 25.044575], [121.506648, 25.044707], [121.506944, 25.044643], [121.506902, 25.044398], [121.506826, 25.044427], [121.507011, 25.044385], [121.507045, 25.044282], [121.507346, 25.044225], [121.507313, 25.044115], [121.507481, 25.044114], [121.507628, 25.044488], [121.508397, 25.044316], [121.508472, 25.044256], [121.508446, 25.044165], [121.50811, 25.044198], [121.508038, 25.044143], [121.508416, 25.044061], [121.508357, 25.04385], [121.507921, 25.043937], [121.507879, 25.043805], [121.507769, 25.043827], [121.507984, 25.043836], [121.508072, 25.043793], [121.508005, 25.043729], [121.508052, 25.043699], [121.507865, 25.043781], [121.508014, 25.04383], [121.508326, 25.043752], [121.50823, 25.043398], [121.507919, 25.043404], [121.507889, 25.043494], [121.507854, 25.043416], [121.507899, 25.043588], [121.508036, 25.043438], [121.50806, 25.043595], [121.507979, 25.043545], [121.507989, 25.043606], [121.507819, 25.043419], [121.50732, 25.043563], [121.507474, 25.044044], [121.50774, 25.043885], [121.507878, 25.04426], [121.507817, 25.043961], [121.507617, 25.043627], [121.507143, 25.043631], [121.507075, 25.04355], [121.506594, 25.043668], [121.506666, 25.043819], [121.506725, 25.043804], [121.506627, 25.043909], [121.506745, 25.044108], [121.506695, 25.044119], [121.506801, 25.044082], [121.506755, 25.043927], [121.506587, 25.044146], [121.506433, 25.044137], [121.506326, 25.043793], [121.506416, 25.043728], [121.506155, 25.043876], [121.506309, 25.044435], [121.50652, 25.044412], [121.506475, 25.04429], [121.506618, 25.044332], [121.506552, 25.04451], [121.506785, 25.044637], [121.506803, 25.044817], [121.507073, 25.04476], [121.507289, 25.04521], [121.507228, 25.045317], [121.507324, 25.045314], [121.507383, 25.045444], [121.507619, 25.045385], [121.507632, 25.045208], [121.507771, 25.045139], [121.50782, 25.045295], [121.507945, 25.045314], [121.508075, 25.045139], [121.507975, 25.044961], [121.508055, 25.044924], [121.507835, 25.0448], [121.507692, 25.044832], [121.507743, 25.045017], [121.507393, 25.045021], [121.507526, 25.044927], [121.507438, 25.044679], [121.50719, 25.044734], [121.507025, 25.044523], [121.506927, 25.044167], [121.50713, 25.044109], [121.50721, 25.04393], [121.507417, 25.044474], [121.50726, 25.044576], [121.50768, 25.044627], [121.508531, 25.044456], [121.508614, 25.04479], [121.508232, 25.044621], [121.508645, 25.045013], [121.508313, 25.04522], [121.507019, 25.045537], [121.507101, 25.0454], [121.507018, 25.045257], [121.506936, 25.045265], [121.50698, 25.045159], [121.506744, 25.045202], [121.506845, 25.045544], [121.506539, 25.045585], [121.506606, 25.045469], [121.506339, 25.045528], [121.506355, 25.045591], [121.506513, 25.045608], [121.50635, 25.04563], [121.506321, 25.04546], [121.506586, 25.045399], [121.506564, 25.045322], [121.506302, 25.045384], [121.506282, 25.045306], [121.506544, 25.045251], [121.506526, 25.045185], [121.506266, 25.045243], [121.50625, 25.045181], [121.506508, 25.045122], [121.50649, 25.045059], [121.506233, 25.045116], [121.506218, 25.045056], [121.506658, 25.044903], [121.506721, 25.045127], [121.506656, 25.044862], [121.50699, 25.044909], [121.507114, 25.045022], [121.507142, 25.045225], [121.506024, 25.045467], [121.50605, 25.045662], [121.505961, 25.045673], [121.505907, 25.045581], [121.505655, 25.045644], [121.505629, 25.045531], [121.505758, 25.045563], [121.50577, 25.045494], [121.506003, 25.045435], [121.505984, 25.045778], [121.505752, 25.045833], [121.505679, 25.045728], [121.505747, 25.045711], [121.505532, 25.045766], [121.505475, 25.045587], [121.505297, 25.045515], [121.505194, 25.045633], [121.504589, 25.045761], [121.504749, 25.046074], [121.504675, 25.046093], [121.504356, 25.046108], [121.5043, 25.045865], [121.504395, 25.045832], [121.503735, 25.045969], [121.503729, 25.046066], [121.503829, 25.046084], [121.50367, 25.04607], [121.503656, 25.045843], [121.503346, 25.045859], [121.503176, 25.045975], [121.503104, 25.045704], [121.502864, 25.045721], [121.502891, 25.045565], [121.502718, 25.045604], [121.502572, 25.04554], [121.501915, 25.04502], [121.501876, 25.044806], [121.501724, 25.044886], [121.502351, 25.044699], [121.502398, 25.044818], [121.502332, 25.044877], [121.502612, 25.045249], [121.50248, 25.045336], [121.502949, 25.045284], [121.50304, 25.04551], [121.503542, 25.045385], [121.503567, 25.045292], [121.503594, 25.045404], [121.503613, 25.045284], [121.503725, 25.045375], [121.503698, 25.045267], [121.503765, 25.045366], [121.504005, 25.045309], [121.504028, 25.045453], [121.50396, 25.045057], [121.504337, 25.044913], [121.504608, 25.044194], [121.505363, 25.043963], [121.505503, 25.044485], [121.506035, 25.044361], [121.505943, 25.044535], [121.505628, 25.044643], [121.505698, 25.044929], [121.505503, 25.044971], [121.505709, 25.045077], [121.505748, 25.044917], [121.505855, 25.04489], [121.505575, 25.045313], [121.505598, 25.045382], [121.505426, 25.045434], [121.50538, 25.045256], [121.505474, 25.045905], [121.504265, 25.046119], [121.50423, 25.045977], [121.504005, 25.046007], [121.504041, 25.046236], [121.504234, 25.046189], [121.503584, 25.046339], [121.50342, 25.046127], [121.502992, 25.045877], [121.503548, 25.045414], [121.502888, 25.045126], [121.502805, 25.04466], [121.502715, 25.044593], [121.502501, 25.044645], [121.502236, 25.04498], [121.502106, 25.044951], [121.506043, 25.045764]]}}, {"type": "Feature", "properties": {"district": "63000070", "segment": 15, "total_segments": 15, "km": 13.03, "villages": ["福星里", "菜園里"]}, "geometry": {"type": "LineString", "coordinates": [[121.506099, 25.045966], [121.506186, 25.045945], [121.506316, 25.046341], [121.506433, 25.046384], [121.506399, 25.046275], [121.506117, 25.046472], [121.505903, 25.046506], [121.505979, 25.046737], [121.506238, 25.0466], [121.506309, 25.046667], [121.506902, 25.046512], [121.506796, 25.046097], [121.506976, 25.045989], [121.506912, 25.04579], [121.50696, 25.045734], [121.507334, 25.045636], [121.507388, 25.045852], [121.507751, 25.045706], [121.507777, 25.045791], [121.507399, 25.045975], [121.507501, 25.046111], [121.507456, 25.046221], [121.50756, 25.046296], [121.50749, 25.046388], [121.507105, 25.046449], [121.507025, 25.046203], [121.507325, 25.045995], [121.507358, 25.046121], [121.507281, 25.046141], [121.507339, 25.045873], [121.507524, 25.045591], [121.507691, 25.045552], [121.507832, 25.046055], [121.508041, 25.046034], [121.507993, 25.045889], [121.508278, 25.045812], [121.508245, 25.045738], [121.508101, 25.045771], [121.508075, 25.045685], [121.50832, 25.045536], [121.508524, 25.045539], [121.508506, 25.045689], [121.508385, 25.045711], [121.50838, 25.045792], [121.5089, 25.045769], [121.508883, 25.046049], [121.508767, 25.045968], [121.508795, 25.046073], [121.507688, 25.04633], [121.506965, 25.04668], [121.507073, 25.047056], [121.506657, 25.046976], [121.506431, 25.047141], [121.505942, 25.047203], [121.505865, 25.046935], [121.50579, 25.046934], [121.504998, 25.047147], [121.504928, 25.047261], [121.50482, 25.04717], [121.504612, 25.047253], [121.5049, 25.047511], [121.504765, 25.047629], [121.505897, 25.048762], [121.507045, 25.047932], [121.506991, 25.047873], [121.507142, 25.047498], [121.507451, 25.04768], [121.507657, 25.048394], [121.508427, 25.048197], [121.508355, 25.047941], [121.508039, 25.048015], [121.508046, 25.047952], [121.508312, 25.047884], [121.508393, 25.047932], [121.508227, 25.047507], [121.507611, 25.047585], [121.508239, 25.047434], [121.508281, 25.047674], [121.508495, 25.047679], [121.50845, 25.047386], [121.508677, 25.047333], [121.508742, 25.047431], [121.508712, 25.047734], [121.508924, 25.047693], [121.508896, 25.047591], [121.509158, 25.047574], [121.509001, 25.047526], [121.508949, 25.047386], [121.508625, 25.047457], [121.50901, 25.047373], [121.509087, 25.047294], [121.508992, 25.047262], [121.509282, 25.047206], [121.50938, 25.047574], [121.509267, 25.047598], [121.50939, 25.047615], [121.509197, 25.047845], [121.509009, 25.047552], [121.509153, 25.047297], [121.508907, 25.046345], [121.508975, 25.046016], [121.508812, 25.045454], [121.5087, 25.045316], [121.507954, 25.045495], [121.508445, 25.04593], [121.506732, 25.04589], [121.506633, 25.045812], [121.506321, 25.045886], [121.505867, 25.046385], [121.505888, 25.046456], [121.505717, 25.046433], [121.505575, 25.046059], [121.504951, 25.046269], [121.504884, 25.046221], [121.503899, 25.046459], [121.503803, 25.046523], [121.503888, 25.046597], [121.503747, 25.046711], [121.502806, 25.045968], [121.504746, 25.047612], [121.505228, 25.047362], [121.505771, 25.047297], [121.505036, 25.046969], [121.5044, 25.047061], [121.504146, 25.046831], [121.504216, 25.046816], [121.504124, 25.046677], [121.504237, 25.04661], [121.504071, 25.046696], [121.504067, 25.046761], [121.504435, 25.046744], [121.504805, 25.046638], [121.504833, 25.046704], [121.504523, 25.046769], [121.504466, 25.04685], [121.504488, 25.046654], [121.504831, 25.046532], [121.505041, 25.046766], [121.504987, 25.046451], [121.505463, 25.046188], [121.507994, 25.047958], [121.502417, 25.044504], [121.501979, 25.044615], [121.50195, 25.044533], [121.501735, 25.044666], [121.501519, 25.044626], [121.501801, 25.044453], [121.501625, 25.044278], [121.501249, 25.044339], [121.500964, 25.044114], [121.501005, 25.044031], [121.501324, 25.043956], [121.501218, 25.043782], [121.500998, 25.043842], [121.5009, 25.04347], [121.500948, 25.043303], [121.500758, 25.043254], [121.500746, 25.043343], [121.500699, 25.043184], [121.500757, 25.043102], [121.500654, 25.042903], [121.500668, 25.042776], [121.50081, 25.042761], [121.500839, 25.042856], [121.500882, 25.042772], [121.501203, 25.04276], [121.501519, 25.042837], [121.501591, 25.042697], [121.501743, 25.042711], [121.501746, 25.042803], [121.502192, 25.04278], [121.502308, 25.042684], [121.502311, 25.042442], [121.502175, 25.041798], [121.501957, 25.041798], [121.501905, 25.04164], [121.500978, 25.04171], [121.500961, 25.041869], [121.500264, 25.04197], [121.500556, 25.042636], [121.5013, 25.042679], [121.501237, 25.042349], [121.501283, 25.042111], [121.501502, 25.042203], [121.501535, 25.042027], [121.50163, 25.042002], [121.501539, 25.041826], [121.501052, 25.041863], [121.500747, 25.041738], [121.500787, 25.041546], [121.500674, 25.041453], [121.500763, 25.041439], [121.500692, 25.041129], [121.500587, 25.041108], [121.500204, 25.041326], [121.500324, 25.041385], [121.500226, 25.041395], [121.500315, 25.041523], [121.500284, 25.041777], [121.500576, 25.041751], [121.500723, 25.04201], [121.500644, 25.042321], [121.500769, 25.042309], [121.500773, 25.042087], [121.500724, 25.042384], [121.500319, 25.042547], [121.500848, 25.042903], [121.501246, 25.042984], [121.501379, 25.04296], [121.50139, 25.042894], [121.501512, 25.042923], [121.501518, 25.043089], [121.501388, 25.043041], [121.501406, 25.043315], [121.501254, 25.043352], [121.501827, 25.043347], [121.501881, 25.043423], [121.501896, 25.043277], [121.501748, 25.043144], [121.502421, 25.043055], [121.502359, 25.042775], [121.50187, 25.042702], [121.501814, 25.042915], [121.501978, 25.042924], [121.50204, 25.043208], [121.50197, 25.043216], [121.502221, 25.043378], [121.502446, 25.043294], [121.50244, 25.043234], [121.50218, 25.043559], [121.501791, 25.043652], [121.501769, 25.043597], [121.501699, 25.043675], [121.501565, 25.043234], [121.501658, 25.043159], [121.501657, 25.042925], [121.501577, 25.042602], [121.501491, 25.042569], [121.50151, 25.042292], [121.501599, 25.042312], [121.501616, 25.042109], [121.501892, 25.042229], [121.501995, 25.041967], [121.502033, 25.042401], [121.50214, 25.042368], [121.501645, 25.042363], [121.50159, 25.042491], [121.501408, 25.04214], [121.501508, 25.041581], [121.501463, 25.041448], [121.501364, 25.041464], [121.501466, 25.041356], [121.501419, 25.041157], [121.501507, 25.041143], [121.501592, 25.041527], [121.501746, 25.041325], [121.501605, 25.040956], [121.501381, 25.040978], [121.501398, 25.041072], [121.50178, 25.041057], [121.501808, 25.04116], [121.501722, 25.040861], [121.501793, 25.040837], [121.501697, 25.040655], [121.500841, 25.04101], [121.500975, 25.041422], [121.500946, 25.04154], [121.501205, 25.041457], [121.501944, 25.041424], [121.502053, 25.041027], [121.502001, 25.040719], [121.501869, 25.040611], [121.501641, 25.040509], [121.50084, 25.040838], [121.500775, 25.040587], [121.500809, 25.040264], [121.501613, 25.04032], [121.501034, 25.040459], [121.5006, 25.040409], [121.500568, 25.040254], [121.499999, 25.040228], [121.500019, 25.040788], [121.500334, 25.040766], [121.500301, 25.040724], [121.500607, 25.040674], [121.500607, 25.04062], [121.500335, 25.040492], [121.500131, 25.040543], [121.500173, 25.040625], [121.500266, 25.04059], [121.500031, 25.04083], [121.500076, 25.040998], [121.500188, 25.040945], [121.500094, 25.041052], [121.500122, 25.041126], [121.500621, 25.04087], [121.500603, 25.04073], [121.499865, 25.040844], [121.499934, 25.041226], [121.499601, 25.041358], [121.498784, 25.04077], [121.498812, 25.040644], [121.498609, 25.040595], [121.498463, 25.040754], [121.498332, 25.040652], [121.498397, 25.040475], [121.498234, 25.040324], [121.498456, 25.040309], [121.498437, 25.040098], [121.498151, 25.040129], [121.498586, 25.040094], [121.498649, 25.040166], [121.498749, 25.0401], [121.499317, 25.040166], [121.499299, 25.040254], [121.499353, 25.040169], [121.499814, 25.040242], [121.499758, 25.040816], [121.499625, 25.040873], [121.499464, 25.040829], [121.499384, 25.040962], [121.499406, 25.041043], [121.499632, 25.041066], [121.499554, 25.040711], [121.498886, 25.040656], [121.499017, 25.040562], [121.499022, 25.040194], [121.498896, 25.040282], [121.498818, 25.040478], [121.499183, 25.040829], [121.499853, 25.04081], [121.499625, 25.040197], [121.498884, 25.041066], [121.499875, 25.041794], [121.498141, 25.04051], [121.502058, 25.04404], [121.50237, 25.043876], [121.502578, 25.043869], [121.502615, 25.044013], [121.502304, 25.044096]]}}]}