{"type": "FeatureCollection", "features": [{"type": "Feature", "properties": {"district": "63000040", "segment": 1, "total_segments": 23, "km": 14.97, "villages": ["下埤里", "永安里"]}, "geometry": {"type": "LineString", "coordinates": [[121.542213, 25.064196], [121.54195, 25.06439], [121.541033, 25.064446], [121.541036, 25.064662], [121.541116, 25.064716], [121.541592, 25.064715], [121.541554, 25.064855], [121.541041, 25.064846], [121.541058, 25.065859], [121.542477, 25.065886], [121.542478, 25.065625], [121.542266, 25.06563], [121.5423, 25.065473], [121.541237, 25.065472], [121.541232, 25.065613], [121.541945, 25.065657], [121.541959, 25.065246], [121.54265, 25.065249], [121.542695, 25.065617], [121.543621, 25.065582], [121.54362, 25.065455], [121.542883, 25.065464], [121.542805, 25.06521], [121.542726, 25.065211], [121.543827, 25.065261], [121.543837, 25.06584], [121.544138, 25.065831], [121.544113, 25.065205], [121.543922, 25.0652], [121.543817, 25.064979], [121.544114, 25.064937], [121.544076, 25.064372], [121.543869, 25.064374], [121.543924, 25.06412], [121.544041, 25.064096], [121.544044, 25.064155], [121.544099, 25.06376], [121.544018, 25.063157], [121.54378, 25.063477], [121.543782, 25.063752], [121.543585, 25.063271], [121.542631, 25.063284], [121.542651, 25.062864], [121.543584, 25.062833], [121.543573, 25.063005], [121.542454, 25.063036], [121.542455, 25.063101], [121.541156, 25.062993], [121.541218, 25.062864], [121.541496, 25.062864], [121.541691, 25.062658], [121.541693, 25.062558], [121.543572, 25.062539], [121.543836, 25.062616], [121.543991, 25.062754], [121.543092, 25.06349], [121.542424, 25.063295], [121.541471, 25.063287], [121.54136, 25.06317], [121.541279, 25.063319], [121.541018, 25.063243], [121.540996, 25.06272], [121.541034, 25.062592], [121.541628, 25.062558], [121.54174, 25.064552], [121.542388, 25.06455], [121.54239, 25.064708], [121.541758, 25.064711], [121.541791, 25.064846], [121.542456, 25.064841], [121.542426, 25.065076], [121.541222, 25.065076], [121.54122, 25.065253], [121.541806, 25.065249], [121.54164, 25.064855], [121.542381, 25.065481], [121.542467, 25.065479], [121.542694, 25.065888], [121.543618, 25.065864], [121.543705, 25.066064], [121.54413, 25.066092], [121.544135, 25.06624], [121.543789, 25.066229], [121.542334, 25.067378], [121.542114, 25.067474], [121.542317, 25.067714], [121.543999, 25.066398], [121.543404, 25.066285], [121.542126, 25.066341], [121.542091, 25.06672], [121.542259, 25.066756], [121.542798, 25.066742], [121.54319, 25.066527], [121.542868, 25.066462], [121.541809, 25.066464], [121.541788, 25.066362], [121.541931, 25.06629], [121.54193, 25.06622], [121.541832, 25.066205], [121.541836, 25.066074], [121.541896, 25.066074], [121.541064, 25.066113], [121.541086, 25.067013], [121.541142, 25.067163], [121.541396, 25.067158], [121.541368, 25.06727], [121.541295, 25.067268], [121.541749, 25.067274], [121.541711, 25.067148], [121.541525, 25.06715], [121.541607, 25.066882], [121.541741, 25.066882], [121.541885, 25.06677], [121.541904, 25.066585], [121.541705, 25.066721], [121.541294, 25.066752], [121.541261, 25.066871], [121.541327, 25.066873], [121.541168, 25.066873], [121.54129, 25.066482], [121.541588, 25.066483], [121.541569, 25.066342], [121.541263, 25.066345], [121.542321, 25.066054], [121.543473, 25.066064], [121.544116, 25.064994], [121.541945, 25.066914], [121.541949, 25.067356], [121.542092, 25.067731], [121.542041, 25.067818], [121.54113, 25.067958], [121.541119, 25.067621], [121.541743, 25.067558], [121.541722, 25.067463], [121.541096, 25.06751], [121.541092, 25.067298], [121.544678, 25.077598], [121.545625, 25.077766], [121.545631, 25.078077], [121.545543, 25.078168], [121.545652, 25.078247], [121.545778, 25.078178], [121.546906, 25.078968], [121.546719, 25.079222], [121.544661, 25.077704], [121.544799, 25.078329], [121.544661, 25.078447], [121.544626, 25.07873], [121.544682, 25.079592], [121.544949, 25.079606], [121.544991, 25.079514], [121.545092, 25.079508], [121.545132, 25.07962], [121.545477, 25.079671], [121.545505, 25.079537], [121.545326, 25.079548], [121.545317, 25.079341], [121.545151, 25.079336], [121.545095, 25.079455], [121.544988, 25.079372], [121.54498, 25.078954], [121.545054, 25.079016], [121.544978, 25.078881], [121.544987, 25.078457], [121.544929, 25.07846], [121.545069, 25.078461], [121.545574, 25.078709], [121.545992, 25.079018], [121.546073, 25.079161], [121.54665, 25.07951], [121.546636, 25.079728], [121.546573, 25.079731], [121.546054, 25.079696], [121.545917, 25.079573], [121.545915, 25.07939], [121.545809, 25.079363], [121.54584, 25.079265], [121.545943, 25.079267], [121.545416, 25.079349], [121.54561, 25.079152], [121.545377, 25.078971], [121.545802, 25.079504], [121.545779, 25.079685], [121.545641, 25.079678], [121.545835, 25.079687], [121.546071, 25.079484], [121.546128, 25.079321], [121.546773, 25.079262], [121.547078, 25.079446], [121.547606, 25.078525], [121.547574, 25.077972], [121.546926, 25.077985], [121.546928, 25.078332], [121.546695, 25.078334], [121.547238, 25.07833], [121.547339, 25.078447], [121.547043, 25.078539], [121.547821, 25.078442], [121.547825, 25.078155], [121.549478, 25.078102], [121.549198, 25.077888], [121.549179, 25.077504], [121.548166, 25.077525], [121.547993, 25.077608], [121.547788, 25.077541], [121.547783, 25.077956], [121.548602, 25.077867], [121.548583, 25.07845], [121.548175, 25.078537], [121.549469, 25.078549], [121.549392, 25.078736], [121.54989, 25.07853], [121.549943, 25.078073], [121.550558, 25.078288], [121.55082, 25.078535], [121.551022, 25.078455], [121.550953, 25.078363], [121.551554, 25.077956], [121.552005, 25.078652], [121.552099, 25.079106], [121.552036, 25.079465], [121.551515, 25.079414], [121.551382, 25.079562], [121.551381, 25.079689], [121.551521, 25.079868], [121.551912, 25.07987], [121.551738, 25.080142], [121.551644, 25.080119], [121.551818, 25.080237], [121.551568, 25.080832], [121.551241, 25.08082], [121.55122, 25.080919], [121.5511, 25.080907], [121.550843, 25.08078], [121.55087, 25.080548], [121.550524, 25.08042], [121.550404, 25.08047], [121.550452, 25.080971], [121.5508, 25.080937], [121.55121, 25.080421], [121.551219, 25.080112], [121.551423, 25.080108], [121.549513, 25.080097], [121.54938, 25.080399], [121.54914, 25.080402], [121.549136, 25.080478], [121.549377, 25.080478], [121.549421, 25.080676], [121.550168, 25.080629], [121.550117, 25.080448], [121.549606, 25.080477], [121.549162, 25.080698], [121.549236, 25.080969], [121.54892, 25.081072], [121.548893, 25.080883], [121.548558, 25.080822], [121.548364, 25.080535], [121.548644, 25.080401], [121.548614, 25.080314], [121.548015, 25.079785], [121.548316, 25.079798], [121.548546, 25.080009], [121.548329, 25.080297], [121.548177, 25.080332], [121.547437, 25.079698], [121.546668, 25.079732], [121.546191, 25.078242], [121.546117, 25.078192], [121.546252, 25.078025], [121.546532, 25.077977], [121.546531, 25.077576], [121.54613, 25.077587], [121.54603, 25.077923], [121.545956, 25.077925], [121.546646, 25.077573], [121.550444, 25.077487], [121.55081, 25.077568], [121.551122, 25.077768], [121.551196, 25.077735], [121.550859, 25.078098], [121.550412, 25.077855], [121.55037, 25.07796], [121.550504, 25.077995], [121.549749, 25.077875], [121.550412, 25.078832]]}}, {"type": "Feature", "properties": {"district": "63000040", "segment": 2, "total_segments": 23, "km": 12.56, "villages": ["永安里", "成功里"]}, "geometry": {"type": "LineString", "coordinates": [[121.55049, 25.079162], [121.550645, 25.079161], [121.550615, 25.079393], [121.550384, 25.079453], [121.55053, 25.079638], [121.55054, 25.079823], [121.551024, 25.079819], [121.550983, 25.079568], [121.55105, 25.079365], [121.550863, 25.079367], [121.55091, 25.079144], [121.551458, 25.079084], [121.551241, 25.078552], [121.550939, 25.07874], [121.551023, 25.080243], [121.549867, 25.080965], [121.549479, 25.08103], [121.548898, 25.080685], [121.548767, 25.080476], [121.549015, 25.080172], [121.548639, 25.080962], [121.548706, 25.081119], [121.54876, 25.081268], [121.548951, 25.081997], [121.549046, 25.081932], [121.548882, 25.081356], [121.548952, 25.08119], [121.549092, 25.081159], [121.549291, 25.081912], [121.549195, 25.081886], [121.549085, 25.081464], [121.549307, 25.081415], [121.549303, 25.081359], [121.549462, 25.081467], [121.549463, 25.081619], [121.54963, 25.081615], [121.549801, 25.081452], [121.549768, 25.081166], [121.549413, 25.08115], [121.549915, 25.081166], [121.549957, 25.080978], [121.550154, 25.081448], [121.550191, 25.081854], [121.549573, 25.08184], [121.549567, 25.082024], [121.549495, 25.08208], [121.549627, 25.082629], [121.549875, 25.082655], [121.550143, 25.082534], [121.550119, 25.083035], [121.550211, 25.083173], [121.55021, 25.083771], [121.550441, 25.08369], [121.550438, 25.083567], [121.550665, 25.083634], [121.550877, 25.082859], [121.550443, 25.082825], [121.550466, 25.083151], [121.54983, 25.083051], [121.54991, 25.083603], [121.549675, 25.083666], [121.549757, 25.083893], [121.54944, 25.08393], [121.548977, 25.082156], [121.549091, 25.082068], [121.549207, 25.082139], [121.549303, 25.082092], [121.549379, 25.082437], [121.549159, 25.08246], [121.54935, 25.082717], [121.549466, 25.082694], [121.549481, 25.082849], [121.549399, 25.082865], [121.549533, 25.083006], [121.549661, 25.083513], [121.550015, 25.084039], [121.549855, 25.084188], [121.550566, 25.084317], [121.551208, 25.084138], [121.551032, 25.083874], [121.551882, 25.083655], [121.551846, 25.083467], [121.551963, 25.08344], [121.551527, 25.083539], [121.551155, 25.083406], [121.551118, 25.083562], [121.551346, 25.082842], [121.551488, 25.082835], [121.551389, 25.082536], [121.551431, 25.082429], [121.550984, 25.082174], [121.550893, 25.08239], [121.550539, 25.082428], [121.550561, 25.081783], [121.551181, 25.081818], [121.551276, 25.081718], [121.551324, 25.081439], [121.551239, 25.081412], [121.551316, 25.081181], [121.551425, 25.081219], [121.550991, 25.08123], [121.550888, 25.081611], [121.551697, 25.081737], [121.551978, 25.080987], [121.552183, 25.08096], [121.552063, 25.080707], [121.552186, 25.080406], [121.552655, 25.080474], [121.552692, 25.080369], [121.55294, 25.080346], [121.552833, 25.080635], [121.552738, 25.080608], [121.552466, 25.081658], [121.552311, 25.081865], [121.552224, 25.081866], [121.552769, 25.081785], [121.552951, 25.081182], [121.553623, 25.081257], [121.553622, 25.081825], [121.55386, 25.081738], [121.553926, 25.081631], [121.554234, 25.081638], [121.554235, 25.081773], [121.554655, 25.08171], [121.554652, 25.08136], [121.554831, 25.081313], [121.554729, 25.081791], [121.55482, 25.081849], [121.55455, 25.082245], [121.554659, 25.082824], [121.554928, 25.082586], [121.555225, 25.082578], [121.555224, 25.08233], [121.55552, 25.08283], [121.555983, 25.082827], [121.555958, 25.083213], [121.555609, 25.083225], [121.55591, 25.083572], [121.555183, 25.083014], [121.554774, 25.083767], [121.55389, 25.083915], [121.553776, 25.0839], [121.553766, 25.083799], [121.553633, 25.083821], [121.553643, 25.08392], [121.55351, 25.08394], [121.553504, 25.083842], [121.553379, 25.083862], [121.553385, 25.083959], [121.55306, 25.083988], [121.553162, 25.08424], [121.553388, 25.084388], [121.553538, 25.084337], [121.553387, 25.084576], [121.553911, 25.084235], [121.553997, 25.08434], [121.554075, 25.084225], [121.554263, 25.084174], [121.554235, 25.084517], [121.553791, 25.08505], [121.555542, 25.084791], [121.554004, 25.083407], [121.553502, 25.083427], [121.553471, 25.083257], [121.554222, 25.083221], [121.554067, 25.082807], [121.55258, 25.08281], [121.552375, 25.083098], [121.552384, 25.083297], [121.553403, 25.08326], [121.553258, 25.083446], [121.55257, 25.083515], [121.552623, 25.083646], [121.552337, 25.083933], [121.551841, 25.084026], [121.551874, 25.084207], [121.552017, 25.084243], [121.552034, 25.084127], [121.551788, 25.083876], [121.551138, 25.084414], [121.551506, 25.084876], [121.551977, 25.085189], [121.551612, 25.085427], [121.551611, 25.085526], [121.551418, 25.085328], [121.551224, 25.085291], [121.551169, 25.085171], [121.551075, 25.085333], [121.551252, 25.085425], [121.551034, 25.08501], [121.550635, 25.085074], [121.549906, 25.082919], [121.552048, 25.082906], [121.552048, 25.082989], [121.552664, 25.082474], [121.5536, 25.08242], [121.553513, 25.082238], [121.553441, 25.082237], [121.553433, 25.082107], [121.553119, 25.082121], [121.553118, 25.08222], [121.553291, 25.082221], [121.55287, 25.08222], [121.553024, 25.081798], [121.553217, 25.081793], [121.554191, 25.081387], [121.554149, 25.080497], [121.554528, 25.080446], [121.55452, 25.080216], [121.555126, 25.080224], [121.555123, 25.080386], [121.555374, 25.080382], [121.555366, 25.080226], [121.555726, 25.080224], [121.55574, 25.080384], [121.555514, 25.079725], [121.555817, 25.079657], [121.555782, 25.079358], [121.554234, 25.079364], [121.554191, 25.079163], [121.554323, 25.079076], [121.55432, 25.078862], [121.554503, 25.078864], [121.554496, 25.078581], [121.554176, 25.078584], [121.554092, 25.07826], [121.553832, 25.078038], [121.554147, 25.07793], [121.553892, 25.077707], [121.553446, 25.077712], [121.553456, 25.078048], [121.55373, 25.078349], [121.553806, 25.078555], [121.55349, 25.079099], [121.553756, 25.079141], [121.553976, 25.07888], [121.554667, 25.078573], [121.554808, 25.07878], [121.55495, 25.07878], [121.55496, 25.078569], [121.555245, 25.078572], [121.555248, 25.078828], [121.555115, 25.079065], [121.554944, 25.079073], [121.555556, 25.078929], [121.555883, 25.079096], [121.556087, 25.079094], [121.556105, 25.078784], [121.555997, 25.079353], [121.556157, 25.079403], [121.556159, 25.079678], [121.554575, 25.079739], [121.553696, 25.07965], [121.553132, 25.079369], [121.552973, 25.079374], [121.552978, 25.079172], [121.553154, 25.079174], [121.553207, 25.078632], [121.552923, 25.078625], [121.552526, 25.078991], [121.552568, 25.079144], [121.552739, 25.079144], [121.55273, 25.079385], [121.552599, 25.079386], [121.552532, 25.078795], [121.552397, 25.078436], [121.552481, 25.078016], [121.55204, 25.077842], [121.55204, 25.077779], [121.554514, 25.078278], [121.555273, 25.078265], [121.555146, 25.07797], [121.554635, 25.077972], [121.553786, 25.080312], [121.553391, 25.080498], [121.554301, 25.082512], [121.55554, 25.081795]]}}, {"type": "Feature", "properties": {"district": "63000040", "segment": 3, "total_segments": 23, "km": 12.51, "villages": ["金泰里"]}, "geometry": {"type": "LineString", "coordinates": [[121.556454, 25.080612], [121.55665, 25.080123], [121.558312, 25.080143], [121.558379, 25.08031], [121.558943, 25.080489], [121.558933, 25.08069], [121.559226, 25.08049], [121.559308, 25.081109], [121.559497, 25.081101], [121.559398, 25.08129], [121.55979, 25.081095], [121.559958, 25.081092], [121.55987, 25.081279], [121.561177, 25.081246], [121.561351, 25.080875], [121.561133, 25.08088], [121.561459, 25.081306], [121.561369, 25.081469], [121.561778, 25.081569], [121.562058, 25.080924], [121.561752, 25.080745], [121.561956, 25.080421], [121.561635, 25.080186], [121.561344, 25.080126], [121.560319, 25.080121], [121.560319, 25.080716], [121.560556, 25.080711], [121.560639, 25.080524], [121.560716, 25.079598], [121.560014, 25.079716], [121.56001, 25.079522], [121.560084, 25.079483], [121.559794, 25.0794], [121.559863, 25.079574], [121.559801, 25.079602], [121.559182, 25.079501], [121.55887, 25.079552], [121.558869, 25.079685], [121.55926, 25.079708], [121.559371, 25.079428], [121.559501, 25.079401], [121.5595, 25.079163], [121.559361, 25.079126], [121.559392, 25.078983], [121.5595, 25.078956], [121.559273, 25.078817], [121.559115, 25.07882], [121.559027, 25.078928], [121.559181, 25.078954], [121.559147, 25.079048], [121.558692, 25.079054], [121.55866, 25.078953], [121.558814, 25.078929], [121.558625, 25.078655], [121.558463, 25.078994], [121.558389, 25.078979], [121.558466, 25.079393], [121.558395, 25.079413], [121.558376, 25.079581], [121.55868, 25.07951], [121.558702, 25.079687], [121.558611, 25.07972], [121.557809, 25.079514], [121.55814, 25.079461], [121.558089, 25.079197], [121.557803, 25.079096], [121.5578, 25.078903], [121.558087, 25.078998], [121.55761, 25.078887], [121.55761, 25.078744], [121.557459, 25.078722], [121.557225, 25.079277], [121.556916, 25.079414], [121.556889, 25.079281], [121.557126, 25.079109], [121.556823, 25.078894], [121.556536, 25.078803], [121.556532, 25.078992], [121.556604, 25.079013], [121.55675, 25.078685], [121.556822, 25.078701], [121.556745, 25.078298], [121.556819, 25.078279], [121.556534, 25.078379], [121.556525, 25.078184], [121.556599, 25.078164], [121.556584, 25.077881], [121.556882, 25.077856], [121.556888, 25.077739], [121.557134, 25.077633], [121.557162, 25.077762], [121.55728, 25.077786], [121.557284, 25.077646], [121.557998, 25.077568], [121.558004, 25.07771], [121.557618, 25.077754], [121.557754, 25.078005], [121.557606, 25.078034], [121.557643, 25.078127], [121.557764, 25.078151], [121.558076, 25.078084], [121.558072, 25.077936], [121.557953, 25.077921], [121.558388, 25.07798], [121.558713, 25.077875], [121.558717, 25.07802], [121.558596, 25.078045], [121.558661, 25.078317], [121.558532, 25.07834], [121.558533, 25.078487], [121.558981, 25.078489], [121.558978, 25.078337], [121.558851, 25.078336], [121.559299, 25.078331], [121.559296, 25.078482], [121.559183, 25.07846], [121.559229, 25.078676], [121.559145, 25.078677], [121.559851, 25.07863], [121.559854, 25.078829], [121.559785, 25.07886], [121.560077, 25.078749], [121.560007, 25.079078], [121.560084, 25.079111], [121.560083, 25.079277], [121.560008, 25.079306], [121.559846, 25.078384], [121.559743, 25.078213], [121.560059, 25.078072], [121.560122, 25.077795], [121.559953, 25.077798], [121.559923, 25.077908], [121.559849, 25.07767], [121.559881, 25.077552], [121.560048, 25.077551], [121.560022, 25.077664], [121.560059, 25.077394], [121.559838, 25.07728], [121.55971, 25.077308], [121.559706, 25.077168], [121.560053, 25.077203], [121.559498, 25.077245], [121.559504, 25.077389], [121.559335, 25.077358], [121.559341, 25.077214], [121.559188, 25.077307], [121.55907, 25.077282], [121.559079, 25.077421], [121.559199, 25.077449], [121.558867, 25.077513], [121.558746, 25.077491], [121.558717, 25.0774], [121.558454, 25.077465], [121.558599, 25.077578], [121.558392, 25.077785], [121.558861, 25.077372], [121.559082, 25.077878], [121.559221, 25.077889], [121.559229, 25.078031], [121.559107, 25.078009], [121.559469, 25.077978], [121.55947, 25.07778], [121.559358, 25.077753], [121.560062, 25.078269], [121.561291, 25.078242], [121.561943, 25.077974], [121.561903, 25.077157], [121.562004, 25.076922], [121.562207, 25.076921], [121.562614, 25.077343], [121.562706, 25.077343], [121.562702, 25.077505], [121.562598, 25.077507], [121.562594, 25.07768], [121.562533, 25.077681], [121.562865, 25.077676], [121.562876, 25.077871], [121.562539, 25.077872], [121.562819, 25.078121], [121.562995, 25.078134], [121.563308, 25.077917], [121.563103, 25.077672], [121.563027, 25.07787], [121.563023, 25.077468], [121.563422, 25.077149], [121.563677, 25.077416], [121.563821, 25.077414], [121.564033, 25.077707], [121.564179, 25.077638], [121.564219, 25.077722], [121.564324, 25.077691], [121.564292, 25.077607], [121.564713, 25.077501], [121.564685, 25.077352], [121.564471, 25.077361], [121.56432, 25.07711], [121.564096, 25.077146], [121.564052, 25.076773], [121.564785, 25.076889], [121.564803, 25.077173], [121.565229, 25.077001], [121.567014, 25.077506], [121.566499, 25.077794], [121.566335, 25.077655], [121.566192, 25.077807], [121.565797, 25.077606], [121.565444, 25.077722], [121.565475, 25.077855], [121.565352, 25.077893], [121.565197, 25.0778], [121.564875, 25.077845], [121.564355, 25.07805], [121.564261, 25.077938], [121.56384, 25.078045], [121.563772, 25.077963], [121.563875, 25.077798], [121.563675, 25.0783], [121.563372, 25.078166], [121.563122, 25.078333], [121.563229, 25.078648], [121.562865, 25.079013], [121.56242, 25.079134], [121.562485, 25.079324], [121.562561, 25.079323], [121.561951, 25.079388], [121.561958, 25.079518], [121.561678, 25.079539], [121.56201, 25.079865], [121.562656, 25.080152], [121.563539, 25.079123], [121.564208, 25.07848], [121.565859, 25.077989], [121.564757, 25.077714], [121.564066, 25.078309], [121.564108, 25.078358], [121.562754, 25.0783], [121.562616, 25.078395], [121.562725, 25.078655], [121.562563, 25.078774], [121.562269, 25.07869], [121.561949, 25.079076], [121.562543, 25.079621], [121.562232, 25.077968], [121.562086, 25.077971], [121.562324, 25.077685], [121.561684, 25.077313], [121.563432, 25.076788], [121.563653, 25.076787], [121.557546, 25.078198], [121.557484, 25.078324], [121.557089, 25.078319], [121.55709, 25.07847], [121.557211, 25.078497], [121.55737, 25.078143], [121.557012, 25.077908], [121.556981, 25.079567], [121.556888, 25.079564], [121.55698, 25.0797], [121.556863, 25.079734], [121.557304, 25.079696], [121.5573, 25.079564], [121.557179, 25.079565], [121.557611, 25.079562], [121.557613, 25.079692], [121.557492, 25.079693], [121.557881, 25.079728], [121.557542, 25.080394], [121.557711, 25.080887], [121.558003, 25.081043], [121.55696, 25.082542], [121.556699, 25.083375], [121.55771, 25.083231], [121.557467, 25.084247], [121.557305, 25.084241], [121.558745, 25.084286], [121.558921, 25.083792], [121.559188, 25.083746], [121.559636, 25.084259], [121.559651, 25.084417], [121.560042, 25.084382], [121.560781, 25.083679], [121.561116, 25.083033], [121.560817, 25.082916], [121.56044, 25.083448], [121.560114, 25.083474], [121.55991, 25.083745], [121.560077, 25.083243], [121.559866, 25.082719], [121.560291, 25.082705], [121.560484, 25.082495], [121.561333, 25.082606], [121.559215, 25.082734], [121.559032, 25.083035], [121.558893, 25.083026], [121.556629, 25.079531]]}}, {"type": "Feature", "properties": {"district": "63000040", "segment": 4, "total_segments": 23, "km": 14.9, "villages": ["北安里", "大直里"]}, "geometry": {"type": "LineString", "coordinates": [[121.557157, 25.084695], [121.557465, 25.084695], [121.557478, 25.084827], [121.557638, 25.084737], [121.557602, 25.084928], [121.557241, 25.084918], [121.557268, 25.084998], [121.55714, 25.084916], [121.556873, 25.085114], [121.556487, 25.085223], [121.55644, 25.08509], [121.556816, 25.084981], [121.556747, 25.084796], [121.555418, 25.085178], [121.555464, 25.085384], [121.555794, 25.085287], [121.555846, 25.085419], [121.555511, 25.085511], [121.555591, 25.085694], [121.55638, 25.085458], [121.556529, 25.085554], [121.556826, 25.085454], [121.556775, 25.085344], [121.556575, 25.085405], [121.556324, 25.085283], [121.555992, 25.085376], [121.55595, 25.08524], [121.556274, 25.08515], [121.556882, 25.085311], [121.557155, 25.085199], [121.556951, 25.084811], [121.556654, 25.085728], [121.556445, 25.085709], [121.556396, 25.085922], [121.556052, 25.085827], [121.556007, 25.085995], [121.55614, 25.086073], [121.556084, 25.08615], [121.555961, 25.086104], [121.555725, 25.086165], [121.556352, 25.086616], [121.556408, 25.08632], [121.556186, 25.086198], [121.556233, 25.086118], [121.556369, 25.086183], [121.556531, 25.085889], [121.556149, 25.08685], [121.556544, 25.0871], [121.555705, 25.086596], [121.555347, 25.086179], [121.555364, 25.085808], [121.554868, 25.08587], [121.554661, 25.085984], [121.554751, 25.086086], [121.554379, 25.086192], [121.554281, 25.085792], [121.554021, 25.086054], [121.55372, 25.086027], [121.55319, 25.086119], [121.553157, 25.086025], [121.553673, 25.085915], [121.553601, 25.085688], [121.553202, 25.0858], [121.55284, 25.086103], [121.552573, 25.086002], [121.552874, 25.085882], [121.55321, 25.086379], [121.553604, 25.08632], [121.553878, 25.086493], [121.554035, 25.086464], [121.554059, 25.086541], [121.553815, 25.086891], [121.553758, 25.087411], [121.55387, 25.085623], [121.554877, 25.085338], [121.55153, 25.087632], [121.55123, 25.08769], [121.550905, 25.087595], [121.551101, 25.087356], [121.550763, 25.087217], [121.550034, 25.08725], [121.550646, 25.087917], [121.551642, 25.088298], [121.551555, 25.088529], [121.551372, 25.088654], [121.551435, 25.088785], [121.551629, 25.088766], [121.551822, 25.089002], [121.551353, 25.088853], [121.550633, 25.088955], [121.548656, 25.090915], [121.54682, 25.088749], [121.54654, 25.088694], [121.546656, 25.088361], [121.547026, 25.08842], [121.544683, 25.088071], [121.544423, 25.091314], [121.548102, 25.086073], [121.548464, 25.085896], [121.548548, 25.08493], [121.549002, 25.084967], [121.548871, 25.084736], [121.547652, 25.084692], [121.547655, 25.084503], [121.548766, 25.084563], [121.548697, 25.084317], [121.547673, 25.084286], [121.547704, 25.084047], [121.548636, 25.084097], [121.548883, 25.083936], [121.548852, 25.083825], [121.54874, 25.083809], [121.548792, 25.083577], [121.54869, 25.083591], [121.548651, 25.083491], [121.548743, 25.083435], [121.548589, 25.083146], [121.548433, 25.083144], [121.548456, 25.083451], [121.547707, 25.083436], [121.547717, 25.083291], [121.548248, 25.083321], [121.548253, 25.083058], [121.546639, 25.08302], [121.546623, 25.08284], [121.546484, 25.082833], [121.546461, 25.082624], [121.54628, 25.082657], [121.546289, 25.08236], [121.54647, 25.082376], [121.546526, 25.082202], [121.547509, 25.082217], [121.547483, 25.082074], [121.547085, 25.082061], [121.547094, 25.081813], [121.547759, 25.081893], [121.547786, 25.081602], [121.547108, 25.081667], [121.547126, 25.0814], [121.547643, 25.081393], [121.547686, 25.080948], [121.547901, 25.080906], [121.54811, 25.081273], [121.548323, 25.082033], [121.548402, 25.082096], [121.548374, 25.082333], [121.548054, 25.082222], [121.548055, 25.08212], [121.547764, 25.082111], [121.547735, 25.082245], [121.54792, 25.082251], [121.548201, 25.082078], [121.548018, 25.081422], [121.547486, 25.081268], [121.547488, 25.081203], [121.547155, 25.081001], [121.547322, 25.080745], [121.547489, 25.080796], [121.547619, 25.080738], [121.547724, 25.080544], [121.547627, 25.080428], [121.547451, 25.080451], [121.54749, 25.080541], [121.547565, 25.08053], [121.547265, 25.080482], [121.547213, 25.080564], [121.547193, 25.080478], [121.547081, 25.080493], [121.547087, 25.080696], [121.547219, 25.080734], [121.547324, 25.080593], [121.547352, 25.080371], [121.547245, 25.080329], [121.547194, 25.080014], [121.547346, 25.080019], [121.547678, 25.080249], [121.54833, 25.080962], [121.548564, 25.081623], [121.548524, 25.081681], [121.54885, 25.082778], [121.548796, 25.082851], [121.548894, 25.08302], [121.548706, 25.083011], [121.548479, 25.082772], [121.548432, 25.082531], [121.548305, 25.082622], [121.547739, 25.082613], [121.547766, 25.082496], [121.548271, 25.082504], [121.548352, 25.082903], [121.547475, 25.082854], [121.54749, 25.08262], [121.547565, 25.082621], [121.54761, 25.082399], [121.546623, 25.08244], [121.546647, 25.082579], [121.54715, 25.082595], [121.547143, 25.082847], [121.546763, 25.082835], [121.54644, 25.083055], [121.546434, 25.083608], [121.547537, 25.083664], [121.547663, 25.0836], [121.547699, 25.083681], [121.547926, 25.083693], [121.547883, 25.083832], [121.54857, 25.08387], [121.548472, 25.083703], [121.548099, 25.083669], [121.547758, 25.083826], [121.54657, 25.083796], [121.546456, 25.083891], [121.54648, 25.084021], [121.547497, 25.08405], [121.54738, 25.08428], [121.546983, 25.084248], [121.547296, 25.084797], [121.548457, 25.084927], [121.548892, 25.08429], [121.548843, 25.084105], [121.549118, 25.084062], [121.548894, 25.083208], [121.548535, 25.083498], [121.548547, 25.083583], [121.549149, 25.08428], [121.549361, 25.085054], [121.547524, 25.083436], [121.546638, 25.083418], [121.546624, 25.08324], [121.547213, 25.083227], [121.547551, 25.083305], [121.547623, 25.081981], [121.546773, 25.081632], [121.546614, 25.081856], [121.546309, 25.081875], [121.546259, 25.082174], [121.545405, 25.082142], [121.545442, 25.082016], [121.546168, 25.082052], [121.546313, 25.081796], [121.546316, 25.080999], [121.544762, 25.080854], [121.544825, 25.080952], [121.544755, 25.080972], [121.544755, 25.081099], [121.544823, 25.081146], [121.545336, 25.081218], [121.545327, 25.081324], [121.545098, 25.081327], [121.545139, 25.081581], [121.54612, 25.081632], [121.545995, 25.081756], [121.545359, 25.081739], [121.545396, 25.082431], [121.546052, 25.082436], [121.546099, 25.082565], [121.545398, 25.082542], [121.545385, 25.08266], [121.545714, 25.082981], [121.545871, 25.082827], [121.546198, 25.082836], [121.546234, 25.083587], [121.546145, 25.084236], [121.544947, 25.083795], [121.544958, 25.083419], [121.544715, 25.083407], [121.544743, 25.08393], [121.544825, 25.083931], [121.544785, 25.083164], [121.54413, 25.084727], [121.545542, 25.081367], [121.546104, 25.081425], [121.546101, 25.081282], [121.545501, 25.081225], [121.545111, 25.08099], [121.544901, 25.080966], [121.546433, 25.080494], [121.54673, 25.080518], [121.546979, 25.080299], [121.54699, 25.080807], [121.546908, 25.08088], [121.546831, 25.080829], [121.546818, 25.080924], [121.546897, 25.080971], [121.546836, 25.080693], [121.546524, 25.080818], [121.546556, 25.081176]]}}, {"type": "Feature", "properties": {"district": "63000040", "segment": 5, "total_segments": 23, "km": 12.68, "villages": ["大直里", "劍潭里"]}, "geometry": {"type": "LineString", "coordinates": [[121.547806, 25.080578], [121.547974, 25.080747], [121.548528, 25.082196], [121.544112, 25.079549], [121.543012, 25.079781], [121.54285, 25.079432], [121.542317, 25.079169], [121.541082, 25.079072], [121.541112, 25.078835], [121.541552, 25.078716], [121.54156, 25.078606], [121.541693, 25.078614], [121.54169, 25.078724], [121.541624, 25.077788], [121.540844, 25.077841], [121.540073, 25.079185], [121.540409, 25.079765], [121.538855, 25.078913], [121.538849, 25.078639], [121.537278, 25.078624], [121.536242, 25.078157], [121.535213, 25.079128], [121.534755, 25.078234], [121.530498, 25.078685], [121.530464, 25.079033], [121.530331, 25.078794], [121.530075, 25.079128], [121.530284, 25.078967], [121.530281, 25.079107], [121.530086, 25.079187], [121.530071, 25.078976], [121.52952, 25.078686], [121.528847, 25.078135], [121.528338, 25.077986], [121.529927, 25.078547], [121.530426, 25.078399], [121.528165, 25.08102], [121.528768, 25.081526], [121.529391, 25.082367], [121.528143, 25.082375], [121.528421, 25.08331], [121.527065, 25.081841], [121.527311, 25.08127], [121.526329, 25.080488], [121.526378, 25.080099], [121.525913, 25.080922], [121.525101, 25.081119], [121.524499, 25.080429], [121.526189, 25.078417], [121.526326, 25.074953], [121.536076, 25.084608], [121.536676, 25.08468], [121.536644, 25.084614], [121.53684, 25.084499], [121.536835, 25.084331], [121.536764, 25.084287], [121.536856, 25.084194], [121.536769, 25.084143], [121.536535, 25.084352], [121.5365, 25.084418], [121.536594, 25.084435], [121.536562, 25.08461], [121.536407, 25.08451], [121.536339, 25.084895], [121.536259, 25.084754], [121.536656, 25.084759], [121.536536, 25.084838], [121.536865, 25.084726], [121.536956, 25.084387], [121.537019, 25.084358], [121.537011, 25.084414], [121.537206, 25.084146], [121.537198, 25.08404], [121.537115, 25.084013], [121.53717, 25.083912], [121.537087, 25.084196], [121.536986, 25.0842], [121.536926, 25.084334], [121.537144, 25.084705], [121.53702, 25.084939], [121.537218, 25.085031], [121.53734, 25.084798], [121.537347, 25.084539], [121.537714, 25.084601], [121.537627, 25.085058], [121.537994, 25.08492], [121.537713, 25.084356], [121.537408, 25.084315], [121.537326, 25.084105], [121.537796, 25.083159], [121.538251, 25.083268], [121.538291, 25.08349], [121.538627, 25.083283], [121.538786, 25.083524], [121.538495, 25.083672], [121.538743, 25.083756], [121.538772, 25.083887], [121.538523, 25.08401], [121.538117, 25.083858], [121.538085, 25.084044], [121.538163, 25.084004], [121.538219, 25.083718], [121.538143, 25.083719], [121.538126, 25.083803], [121.537868, 25.083759], [121.537801, 25.084171], [121.537489, 25.084033], [121.537458, 25.084093], [121.537578, 25.083858], [121.538288, 25.084134], [121.538655, 25.084639], [121.539125, 25.08429], [121.539527, 25.08427], [121.539562, 25.083911], [121.539915, 25.083973], [121.540135, 25.084126], [121.540355, 25.084112], [121.540404, 25.084031], [121.540482, 25.084137], [121.540581, 25.084044], [121.540751, 25.084242], [121.540602, 25.084259], [121.54057, 25.084367], [121.54071, 25.084433], [121.540664, 25.084501], [121.540765, 25.084557], [121.54072, 25.084688], [121.540842, 25.084786], [121.542038, 25.084781], [121.540547, 25.084525], [121.54051, 25.084399], [121.540219, 25.084498], [121.539971, 25.084769], [121.539771, 25.08473], [121.539699, 25.084855], [121.539659, 25.084571], [121.539527, 25.084478], [121.539905, 25.084491], [121.540011, 25.084589], [121.540031, 25.084368], [121.540525, 25.083965], [121.540765, 25.084039], [121.540759, 25.084094], [121.540089, 25.083765], [121.54007, 25.08364], [121.539742, 25.083598], [121.539698, 25.083441], [121.539402, 25.083514], [121.539291, 25.083678], [121.539044, 25.083735], [121.539047, 25.083444], [121.539622, 25.083217], [121.539574, 25.082976], [121.539799, 25.082921], [121.539775, 25.08265], [121.538386, 25.083004], [121.538904, 25.083138], [121.539411, 25.083016], [121.540116, 25.083401], [121.540118, 25.083605], [121.540015, 25.083512], [121.539929, 25.083549], [121.539953, 25.085665], [121.539872, 25.085742], [121.540022, 25.085929], [121.538722, 25.086402], [121.538416, 25.086892], [121.538349, 25.08676], [121.538448, 25.086684], [121.538443, 25.086568], [121.53839, 25.086996], [121.538165, 25.087012], [121.537703, 25.08683], [121.537666, 25.086906], [121.537524, 25.08692], [121.537572, 25.086998], [121.537368, 25.086939], [121.536872, 25.087175], [121.536773, 25.087151], [121.536721, 25.087249], [121.536023, 25.086685], [121.536128, 25.085776], [121.536261, 25.085703], [121.536196, 25.085457], [121.536099, 25.085461], [121.536095, 25.085606], [121.536003, 25.085594], [121.536069, 25.085705], [121.535885, 25.085744], [121.536279, 25.085613], [121.536181, 25.08526], [121.536407, 25.085239], [121.535995, 25.084738], [121.53693, 25.085855], [121.537029, 25.085869], [121.53696, 25.086112], [121.537343, 25.085742], [121.537576, 25.085628], [121.537585, 25.085525], [121.536646, 25.088261], [121.538507, 25.088708]]}}, {"type": "Feature", "properties": {"district": "63000040", "segment": 6, "total_segments": 23, "km": 9.69, "villages": ["大佳里"]}, "geometry": {"type": "LineString", "coordinates": [[121.534535, 25.073961], [121.53496, 25.073303], [121.535954, 25.073303], [121.536472, 25.072406], [121.538185, 25.072373], [121.538916, 25.072267], [121.538581, 25.072103], [121.538568, 25.071809], [121.538166, 25.071832], [121.538513, 25.072798], [121.539525, 25.072735], [121.539712, 25.072955], [121.539991, 25.072716], [121.540506, 25.072729], [121.540672, 25.072246], [121.540837, 25.072118], [121.54104, 25.072211], [121.542011, 25.072171], [121.541637, 25.072641], [121.541263, 25.072736], [121.540915, 25.071916], [121.540966, 25.07178], [121.540892, 25.071639], [121.541024, 25.071655], [121.541061, 25.071563], [121.539399, 25.072261], [121.539592, 25.073245], [121.539957, 25.073209], [121.537739, 25.073445], [121.535506, 25.071758], [121.535082, 25.071641], [121.534338, 25.07165], [121.533875, 25.071114], [121.53384, 25.070352], [121.533684, 25.070124], [121.533724, 25.069517], [121.533623, 25.068454], [121.534471, 25.068503], [121.534709, 25.068416], [121.535875, 25.068371], [121.536178, 25.068455], [121.536259, 25.068356], [121.536444, 25.06833], [121.536258, 25.068584], [121.53623, 25.069185], [121.535891, 25.069252], [121.5359, 25.069584], [121.536254, 25.069586], [121.536049, 25.069453], [121.536094, 25.06935], [121.536243, 25.069426], [121.536279, 25.069687], [121.536346, 25.06968], [121.535903, 25.069708], [121.535548, 25.069589], [121.535579, 25.070015], [121.535373, 25.06972], [121.535442, 25.069106], [121.535594, 25.069189], [121.535922, 25.069068], [121.536427, 25.06904], [121.536426, 25.069119], [121.536477, 25.068885], [121.536395, 25.068878], [121.536502, 25.068678], [121.535906, 25.068583], [121.536923, 25.068442], [121.537289, 25.068684], [121.537439, 25.068621], [121.537293, 25.068783], [121.537413, 25.068896], [121.537417, 25.069097], [121.537075, 25.069287], [121.537718, 25.068824], [121.53759, 25.068462], [121.538026, 25.06834], [121.540954, 25.068272], [121.539294, 25.068503], [121.538177, 25.068927], [121.536029, 25.070031], [121.535819, 25.070563], [121.535413, 25.070836], [121.535194, 25.070739], [121.534746, 25.070735], [121.534669, 25.07084], [121.534622, 25.070674], [121.53296, 25.073967], [121.542484, 25.072706], [121.543103, 25.072722], [121.543517, 25.072603], [121.543871, 25.072603], [121.544009, 25.072099], [121.543802, 25.072068], [121.543464, 25.071874], [121.543186, 25.072117], [121.543042, 25.071893], [121.543116, 25.071807], [121.542977, 25.071519], [121.54291, 25.071522], [121.543174, 25.071446], [121.543624, 25.071536], [121.543671, 25.071442], [121.54359, 25.07164], [121.544022, 25.071465], [121.544751, 25.07193], [121.544945, 25.071907], [121.544633, 25.072538], [121.545305, 25.072566], [121.545624, 25.072794], [121.54582, 25.072496], [121.5463, 25.07256], [121.546254, 25.07194], [121.545927, 25.071553], [121.545851, 25.071551], [121.546515, 25.071907], [121.546718, 25.071835], [121.547055, 25.072486], [121.547676, 25.072484], [121.548377, 25.072596], [121.548863, 25.072566], [121.549405, 25.072411], [121.549414, 25.072009], [121.548886, 25.072004], [121.548481, 25.071726], [121.548093, 25.071721], [121.548055, 25.071578], [121.547688, 25.071727], [121.547644, 25.071346], [121.548518, 25.071248], [121.548593, 25.071401], [121.549196, 25.071604], [121.550534, 25.072422], [121.550947, 25.072548], [121.5428, 25.071875]]}}, {"type": "Feature", "properties": {"district": "63000040", "segment": 7, "total_segments": 23, "km": 10.11, "villages": ["行仁里", "行孝里"]}, "geometry": {"type": "LineString", "coordinates": [[121.540889, 25.06796], [121.539869, 25.067925], [121.539901, 25.067978], [121.53975, 25.067931], [121.539755, 25.067804], [121.539604, 25.067807], [121.539602, 25.067953], [121.538457, 25.067943], [121.538522, 25.067726], [121.539582, 25.067663], [121.539581, 25.067505], [121.538458, 25.067554], [121.538459, 25.067305], [121.539576, 25.067295], [121.539592, 25.067365], [121.539769, 25.067287], [121.540881, 25.067279], [121.54091, 25.067714], [121.540783, 25.067644], [121.539809, 25.067662], [121.539841, 25.067493], [121.539763, 25.067493], [121.540697, 25.067518], [121.540636, 25.067126], [121.540888, 25.067122], [121.540872, 25.066878], [121.539763, 25.06689], [121.539585, 25.066929], [121.539589, 25.067127], [121.540546, 25.067122], [121.540584, 25.066757], [121.539936, 25.066765], [121.539734, 25.066624], [121.539781, 25.066077], [121.540889, 25.066106], [121.540898, 25.066733], [121.540674, 25.066757], [121.540676, 25.066489], [121.539951, 25.066489], [121.539942, 25.066362], [121.540672, 25.066338], [121.540638, 25.065881], [121.540692, 25.065881], [121.539758, 25.065915], [121.539731, 25.06567], [121.539914, 25.065629], [121.539891, 25.065522], [121.539713, 25.065481], [121.539712, 25.065262], [121.53956, 25.065267], [121.539553, 25.065503], [121.538408, 25.065491], [121.538404, 25.065248], [121.53865, 25.065232], [121.538638, 25.06511], [121.538407, 25.065111], [121.538477, 25.064722], [121.538406, 25.064722], [121.539541, 25.064697], [121.539541, 25.064623], [121.539698, 25.064594], [121.539747, 25.064386], [121.540846, 25.064429], [121.540831, 25.064718], [121.539897, 25.064699], [121.539927, 25.064848], [121.540754, 25.064818], [121.540829, 25.064848], [121.540836, 25.065056], [121.539919, 25.065092], [121.539865, 25.065218], [121.54087, 25.065251], [121.540873, 25.065464], [121.540021, 25.065492], [121.540053, 25.065636], [121.540873, 25.065652], [121.540876, 25.06585], [121.539557, 25.065644], [121.538442, 25.065648], [121.538437, 25.065896], [121.539532, 25.065923], [121.539537, 25.066078], [121.538538, 25.066093], [121.53846, 25.066198], [121.538425, 25.066155], [121.538447, 25.067157], [121.539399, 25.067143], [121.539426, 25.066898], [121.538626, 25.066905], [121.538644, 25.066762], [121.539561, 25.066749], [121.539562, 25.066495], [121.538639, 25.066514], [121.538651, 25.066346], [121.539571, 25.066358], [121.539481, 25.065251], [121.538824, 25.065253], [121.538822, 25.065109], [121.539533, 25.06509], [121.539506, 25.064879], [121.538631, 25.064865], [121.538724, 25.06511], [121.53864, 25.064447], [121.538465, 25.064411], [121.539511, 25.064416], [121.539699, 25.064675], [121.539706, 25.065054], [121.540245, 25.063045], [121.537613, 25.063914], [121.53745, 25.064406], [121.537356, 25.064457], [121.537413, 25.064772], [121.537311, 25.064827], [121.53746, 25.064886], [121.537578, 25.06443], [121.53814, 25.064434], [121.538181, 25.065141], [121.537699, 25.065147], [121.537709, 25.065255], [121.537621, 25.065255], [121.538225, 25.065263], [121.538227, 25.065479], [121.53812, 25.065534], [121.538108, 25.065647], [121.537445, 25.065638], [121.53752, 25.065436], [121.537595, 25.065514], [121.537958, 25.065508], [121.538202, 25.065646], [121.538198, 25.06593], [121.537217, 25.065936], [121.537048, 25.065871], [121.537379, 25.065339], [121.537204, 25.065123], [121.536773, 25.065707], [121.536843, 25.065809], [121.536718, 25.065938], [121.536637, 25.065881], [121.53603, 25.066359], [121.536214, 25.066614], [121.536586, 25.066361], [121.53661, 25.066192], [121.536805, 25.06612], [121.536802, 25.065999], [121.535973, 25.066595], [121.536063, 25.066693], [121.535915, 25.066878], [121.536014, 25.066937], [121.535727, 25.067156], [121.535937, 25.067192], [121.535959, 25.067311], [121.536182, 25.067329], [121.536182, 25.067567], [121.535378, 25.067604], [121.535267, 25.067498], [121.535173, 25.067561], [121.535079, 25.067441], [121.535723, 25.067006], [121.535354, 25.066909], [121.533872, 25.068003], [121.534252, 25.068054], [121.534727, 25.067708], [121.534684, 25.067611], [121.535002, 25.067503], [121.534959, 25.067758], [121.534848, 25.067807], [121.535508, 25.067757], [121.535501, 25.068024], [121.534576, 25.068052], [121.535473, 25.067344], [121.535869, 25.06731], [121.536181, 25.067151], [121.536157, 25.066901], [121.535787, 25.066544], [121.535836, 25.066505], [121.535527, 25.066756], [121.538243, 25.066723], [121.538186, 25.066103], [121.537501, 25.066124], [121.537511, 25.066377], [121.538123, 25.066388], [121.538018, 25.066512], [121.537514, 25.066514], [121.536492, 25.065595], [121.537782, 25.064903], [121.537885, 25.064522], [121.537341, 25.067923], [121.536185, 25.067743], [121.536132, 25.068019], [121.535641, 25.06802]]}}, {"type": "Feature", "properties": {"district": "63000040", "segment": 8, "total_segments": 23, "km": 11.84, "villages": ["行政里", "新福里"]}, "geometry": {"type": "LineString", "coordinates": [[121.534468, 25.066683], [121.534329, 25.066779], [121.534173, 25.06658], [121.534409, 25.066393], [121.534632, 25.066559], [121.535027, 25.066256], [121.534739, 25.065882], [121.533957, 25.065904], [121.533953, 25.065659], [121.534944, 25.065662], [121.534936, 25.065288], [121.53491, 25.065209], [121.53397, 25.065253], [121.533998, 25.065107], [121.535657, 25.065035], [121.535808, 25.065003], [121.535912, 25.064856], [121.535891, 25.064735], [121.535123, 25.064795], [121.535126, 25.064863], [121.534922, 25.064795], [121.533987, 25.064792], [121.533938, 25.065028], [121.533584, 25.065079], [121.533488, 25.066389], [121.533641, 25.066528], [121.533681, 25.066681], [121.533809, 25.066678], [121.533902, 25.066804], [121.533494, 25.066831], [121.533544, 25.067198], [121.534027, 25.067003], [121.533781, 25.066351], [121.533786, 25.066058], [121.533959, 25.065426], [121.534825, 25.065484], [121.534807, 25.065832], [121.535188, 25.065741], [121.535379, 25.065598], [121.535602, 25.065822], [121.536306, 25.065128], [121.536419, 25.06487], [121.53618, 25.064769], [121.535764, 25.065237], [121.535557, 25.065193], [121.535674, 25.065416], [121.535242, 25.065827], [121.535434, 25.065951], [121.535407, 25.064547], [121.536281, 25.064521], [121.536295, 25.064239], [121.536184, 25.06411], [121.536178, 25.063864], [121.535838, 25.06387], [121.535774, 25.063942], [121.535675, 25.063852], [121.535104, 25.063875], [121.535086, 25.064086], [121.534051, 25.064183], [121.534097, 25.06429], [121.533933, 25.064396], [121.533986, 25.064618], [121.53492, 25.064556], [121.534877, 25.064321], [121.534248, 25.064323], [121.533928, 25.064152], [121.533923, 25.063936], [121.534895, 25.063914], [121.534839, 25.063766], [121.534918, 25.063731], [121.534914, 25.063529], [121.534377, 25.063511], [121.534458, 25.063352], [121.535048, 25.063396], [121.535073, 25.063588], [121.534724, 25.063744], [121.534394, 25.063753], [121.53417, 25.063532], [121.533762, 25.063737], [121.533769, 25.064013], [121.533452, 25.064027], [121.533439, 25.063628], [121.533524, 25.063548], [121.5335, 25.064272], [121.533727, 25.064377], [121.533502, 25.064869], [121.535283, 25.06455], [121.53509, 25.064318], [121.536099, 25.064253], [121.536025, 25.064088], [121.535314, 25.06412], [121.536336, 25.063702], [121.536499, 25.063464], [121.536339, 25.063449], [121.536278, 25.063329], [121.536194, 25.063417], [121.536197, 25.063628], [121.536414, 25.063644], [121.536432, 25.063573], [121.536673, 25.063545], [121.536685, 25.063713], [121.536557, 25.063705], [121.536569, 25.063636], [121.536396, 25.063967], [121.53669, 25.063925], [121.53669, 25.063846], [121.536575, 25.064563], [121.536474, 25.064704], [121.536334, 25.064646], [121.536669, 25.063281], [121.536362, 25.063327], [121.535192, 25.06266], [121.534355, 25.062659], [121.534359, 25.062956], [121.534617, 25.062953], [121.534591, 25.063089], [121.534764, 25.063109], [121.534521, 25.063093], [121.533502, 25.062753], [121.533492, 25.066717], [121.533302, 25.068202], [121.532381, 25.064712], [121.532434, 25.064678], [121.530982, 25.064709], [121.530928, 25.064414], [121.53142, 25.064366], [121.531446, 25.064204], [121.530897, 25.064286], [121.53085, 25.064422], [121.530468, 25.064517], [121.530476, 25.06471], [121.53022, 25.064485], [121.530208, 25.063605], [121.530434, 25.063605], [121.530448, 25.064101], [121.530516, 25.064191], [121.53068, 25.063973], [121.531451, 25.063966], [121.531443, 25.063838], [121.530655, 25.063845], [121.530625, 25.063579], [121.5316, 25.063563], [121.531649, 25.064224], [121.531802, 25.064209], [121.531817, 25.06365], [121.531979, 25.063666], [121.531972, 25.06381], [121.532068, 25.063811], [121.532088, 25.063944], [121.53199, 25.063947], [121.532557, 25.063933], [121.532585, 25.064481], [121.532784, 25.064572], [121.532976, 25.064554], [121.532983, 25.064365], [121.532783, 25.064368], [121.532782, 25.064001], [121.532967, 25.064014], [121.532964, 25.064158], [121.532974, 25.06315], [121.532702, 25.063299], [121.532708, 25.063802], [121.53258, 25.063714], [121.532543, 25.063537], [121.532167, 25.063541], [121.532146, 25.06342], [121.53178, 25.063412], [121.531771, 25.063165], [121.532412, 25.063146], [121.53244, 25.063023], [121.531761, 25.062991], [121.531787, 25.062727], [121.532789, 25.062701], [121.532635, 25.062972], [121.532523, 25.062983], [121.532487, 25.063414], [121.53221, 25.063419], [121.532418, 25.064192], [121.531997, 25.064216], [121.53208, 25.064387], [121.532371, 25.064339], [121.531851, 25.064342], [121.53181, 25.064509], [121.531643, 25.064524], [121.531525, 25.063425], [121.530431, 25.063462], [121.530471, 25.062759], [121.531475, 25.062735], [121.531499, 25.063038], [121.530738, 25.06303], [121.530726, 25.063194], [121.530622, 25.063195], [121.53105, 25.063185], [121.531549, 25.063038], [121.531609, 25.063339], [121.529978, 25.063609], [121.529102, 25.063646], [121.529162, 25.064755], [121.529663, 25.064757], [121.52966, 25.064475], [121.529331, 25.064483], [121.529321, 25.064343], [121.530001, 25.064352], [121.529974, 25.06406], [121.529327, 25.064069], [121.529325, 25.063926], [121.530018, 25.063908], [121.529633, 25.063489], [121.529084, 25.063481], [121.529082, 25.06325], [121.529628, 25.063231], [121.529601, 25.063062], [121.52892, 25.063054], [121.528873, 25.062799], [121.528108, 25.062855], [121.528014, 25.062951], [121.528049, 25.063074], [121.528204, 25.063079], [121.528266, 25.063252], [121.52891, 25.063237], [121.528869, 25.063517], [121.528284, 25.063514], [121.52839, 25.063651], [121.52887, 25.063639], [121.528939, 25.063822], [121.528913, 25.063914], [121.528403, 25.063916], [121.528382, 25.064067], [121.52809, 25.064062], [121.528015, 25.064162], [121.528023, 25.064754], [121.528896, 25.064765], [121.528968, 25.064673], [121.528947, 25.06451], [121.528822, 25.064482], [121.528229, 25.064511], [121.528408, 25.064368], [121.528935, 25.064375], [121.528926, 25.064069], [121.528429, 25.064067], [121.528015, 25.063659], [121.527986, 25.063276], [121.529091, 25.062794], [121.529991, 25.062775], [121.529682, 25.063059]]}}, {"type": "Feature", "properties": {"district": "63000040", "segment": 9, "total_segments": 23, "km": 10.4, "villages": ["新喜里", "新庄里"]}, "geometry": {"type": "LineString", "coordinates": [[121.530596, 25.064912], [121.53111, 25.064905], [121.531101, 25.065129], [121.530909, 25.065131], [121.530859, 25.06535], [121.530493, 25.065328], [121.530512, 25.066001], [121.530594, 25.066138], [121.530516, 25.066169], [121.530562, 25.067296], [121.531709, 25.067267], [121.531692, 25.066658], [121.530757, 25.066663], [121.530753, 25.066908], [121.531529, 25.066885], [121.531501, 25.067031], [121.530738, 25.067039], [121.530787, 25.067414], [121.531331, 25.067409], [121.531304, 25.067627], [121.530862, 25.067638], [121.530887, 25.067811], [121.53077, 25.067814], [121.531738, 25.067803], [121.531741, 25.067921], [121.531936, 25.067899], [121.531943, 25.066873], [121.532434, 25.066868], [121.532344, 25.067012], [121.532122, 25.06702], [121.532139, 25.067251], [121.532076, 25.067251], [121.532221, 25.067248], [121.532232, 25.067388], [121.532095, 25.067386], [121.532459, 25.067383], [121.532489, 25.067587], [121.532138, 25.067628], [121.53212, 25.067799], [121.532482, 25.067866], [121.532495, 25.067759], [121.532643, 25.067756], [121.532902, 25.067821], [121.532741, 25.067954], [121.532776, 25.067408], [121.533067, 25.067427], [121.533067, 25.067634], [121.533065, 25.06665], [121.532901, 25.066611], [121.532926, 25.066464], [121.53306, 25.066431], [121.533046, 25.0657], [121.531854, 25.065711], [121.531878, 25.066259], [121.531685, 25.066284], [121.531682, 25.066146], [121.530731, 25.066135], [121.530703, 25.066004], [121.531675, 25.065993], [121.531668, 25.065733], [121.530741, 25.06575], [121.530691, 25.065577], [121.531675, 25.065566], [121.531667, 25.065321], [121.530958, 25.065348], [121.530484, 25.06511], [121.530484, 25.064959], [121.531528, 25.065188], [121.531874, 25.064911], [121.53298, 25.065024], [121.532976, 25.065279], [121.53273, 25.065899], [121.532785, 25.066459], [121.532194, 25.066483], [121.532136, 25.066633], [121.532563, 25.066637], [121.532621, 25.066818], [121.532558, 25.067011], [121.532423, 25.067036], [121.531946, 25.066636], [121.531914, 25.066487], [121.532014, 25.066486], [121.530941, 25.066472], [121.530568, 25.0674], [121.530584, 25.068114], [121.530645, 25.068157], [121.532402, 25.068131], [121.531374, 25.067629], [121.532078, 25.066139], [121.532579, 25.066103], [121.532596, 25.066349], [121.53259, 25.06595], [121.532115, 25.065972], [121.530282, 25.066035], [121.530253, 25.065073], [121.530202, 25.064919], [121.529949, 25.064922], [121.529897, 25.065113], [121.529965, 25.066523], [121.530075, 25.066522], [121.530099, 25.066694], [121.529755, 25.066674], [121.529361, 25.06676], [121.529358, 25.066916], [121.530106, 25.066915], [121.530148, 25.067088], [121.529853, 25.067036], [121.52988, 25.067303], [121.530123, 25.067295], [121.530121, 25.067427], [121.529052, 25.067451], [121.528991, 25.067507], [121.52874, 25.067457], [121.528631, 25.067698], [121.530317, 25.06763], [121.530284, 25.066099], [121.528589, 25.066152], [121.528598, 25.066274], [121.529082, 25.066265], [121.529082, 25.066318], [121.529751, 25.066235], [121.529801, 25.066499], [121.528378, 25.066547], [121.528359, 25.066713], [121.529339, 25.066687], [121.529215, 25.066949], [121.528595, 25.066954], [121.528606, 25.067084], [121.529369, 25.067069], [121.529326, 25.067308], [121.528185, 25.067343], [121.528201, 25.067461], [121.528099, 25.067481], [121.528165, 25.06772], [121.528473, 25.067697], [121.528459, 25.067878], [121.53032, 25.067816], [121.530327, 25.068132], [121.528251, 25.068195], [121.528118, 25.068139], [121.528113, 25.067906], [121.52839, 25.06788], [121.528109, 25.067672], [121.528262, 25.067459], [121.528483, 25.067443], [121.528448, 25.066864], [121.528202, 25.066722], [121.528085, 25.066723], [121.528093, 25.067088], [121.528179, 25.06709], [121.528086, 25.067261], [121.528043, 25.065505], [121.528118, 25.06537], [121.528068, 25.065401], [121.528036, 25.065323], [121.528028, 25.065014], [121.528106, 25.06495], [121.529729, 25.064927], [121.529765, 25.065204], [121.528558, 25.065212], [121.528582, 25.065374], [121.528038, 25.065416], [121.52841, 25.065945], [121.528419, 25.066374], [121.529758, 25.065972], [121.529742, 25.065358], [121.529407, 25.067315], [121.530322, 25.067693], [121.529754, 25.068593], [121.531537, 25.068575], [121.530805, 25.070913], [121.530364, 25.071748], [121.531315, 25.072365], [121.531913, 25.071202], [121.529511, 25.070414], [121.529167, 25.070913], [121.529081, 25.070874], [121.528941, 25.071089], [121.529158, 25.071176], [121.528778, 25.070225]]}}, {"type": "Feature", "properties": {"district": "63000040", "segment": 10, "total_segments": 23, "km": 11.33, "villages": ["圓山里", "晴光里"]}, "geometry": {"type": "LineString", "coordinates": [[121.527424, 25.071408], [121.526224, 25.071968], [121.524637, 25.072444], [121.52457, 25.073122], [121.523686, 25.07274], [121.523552, 25.072854], [121.523293, 25.073885], [121.522028, 25.074769], [121.520781, 25.073046], [121.520904, 25.072516], [121.520497, 25.070359], [121.523164, 25.068603], [121.523064, 25.06828], [121.523622, 25.068292], [121.523632, 25.068162], [121.523867, 25.068117], [121.523898, 25.068284], [121.52434, 25.068278], [121.524608, 25.067988], [121.52526, 25.067993], [121.525264, 25.067891], [121.524413, 25.067889], [121.524388, 25.067569], [121.525422, 25.067554], [121.525422, 25.067426], [121.524907, 25.067417], [121.524883, 25.067189], [121.525603, 25.06721], [121.525617, 25.067871], [121.525382, 25.067888], [121.525635, 25.068105], [121.525867, 25.068079], [121.525877, 25.06757], [121.526075, 25.067542], [121.526045, 25.067646], [121.526199, 25.067543], [121.527358, 25.067528], [121.527418, 25.067554], [121.527394, 25.067808], [121.526084, 25.067859], [121.526125, 25.067976], [121.527412, 25.067958], [121.527425, 25.068141], [121.527415, 25.068207], [121.526662, 25.068236], [121.526055, 25.068239], [121.525895, 25.068172], [121.525983, 25.068003], [121.526581, 25.067737], [121.526538, 25.067411], [121.525868, 25.067399], [121.525862, 25.067157], [121.525943, 25.067137], [121.525856, 25.067064], [121.52585, 25.066822], [121.526097, 25.06675], [121.527397, 25.066758], [121.527407, 25.066974], [121.527034, 25.067032], [121.527059, 25.06714], [121.527397, 25.067164], [121.527403, 25.067364], [121.527327, 25.067409], [121.526661, 25.0674], [121.526681, 25.067144], [121.526986, 25.067141], [121.526874, 25.066985], [121.52605, 25.067045], [121.526226, 25.067149], [121.526481, 25.067146], [121.525501, 25.066756], [121.524034, 25.066818], [121.52421, 25.067059], [121.523566, 25.067198], [121.523153, 25.067098], [121.52313, 25.067], [121.522977, 25.067018], [121.522899, 25.066826], [121.522782, 25.066854], [121.522673, 25.066899], [121.522724, 25.067083], [121.522913, 25.067294], [121.523045, 25.067272], [121.523096, 25.067459], [121.52326, 25.067574], [121.524254, 25.067598], [121.524259, 25.06782], [121.524147, 25.067871], [121.523355, 25.067881], [121.522982, 25.067999], [121.522839, 25.067471], [121.523154, 25.067754], [121.52312, 25.066805], [121.523692, 25.066796], [121.524781, 25.068269], [121.525201, 25.068263], [121.525898, 25.068597], [121.527594, 25.068825], [121.524259, 25.071044], [121.524025, 25.071391], [121.524144, 25.071621], [121.524098, 25.066627], [121.524235, 25.066584], [121.5242, 25.066157], [121.523034, 25.066188], [121.523018, 25.066404], [121.523479, 25.066331], [121.523377, 25.066408], [121.523407, 25.066622], [121.523481, 25.066641], [121.52303, 25.066638], [121.522596, 25.066533], [121.522465, 25.06524], [121.522638, 25.065185], [121.522484, 25.065187], [121.522465, 25.065029], [121.523067, 25.065108], [121.523069, 25.065383], [121.523486, 25.065342], [121.52348, 25.065235], [121.523569, 25.065379], [121.524012, 25.065341], [121.524047, 25.065479], [121.523574, 25.065518], [121.52299, 25.06548], [121.522999, 25.065385], [121.522863, 25.065606], [121.523019, 25.065803], [121.52314, 25.06574], [121.523141, 25.065803], [121.523207, 25.06574], [121.523278, 25.065803], [121.523275, 25.065714], [121.52339, 25.065813], [121.523705, 25.065778], [121.523651, 25.065932], [121.522998, 25.065919], [121.522815, 25.066114], [121.523957, 25.066332], [121.523953, 25.066609], [121.524027, 25.066628], [121.523673, 25.066586], [121.523878, 25.065928], [121.524003, 25.06579], [121.524219, 25.065769], [121.524219, 25.065685], [121.524363, 25.065701], [121.524355, 25.065559], [121.524371, 25.066153], [121.524884, 25.066163], [121.524869, 25.066284], [121.524956, 25.066284], [121.52443, 25.066276], [121.524227, 25.065994], [121.524117, 25.065999], [121.52451, 25.065776], [121.525583, 25.06574], [121.525552, 25.065004], [121.524192, 25.065043], [121.524209, 25.065352], [121.524363, 25.065347], [121.52436, 25.065284], [121.524643, 25.065329], [121.524644, 25.065457], [121.524563, 25.065459], [121.524974, 25.065453], [121.525042, 25.065355], [121.525334, 25.06535], [121.525168, 25.065468], [121.524819, 25.065317], [121.524869, 25.065881], [121.525346, 25.066258], [121.525597, 25.06626], [121.525603, 25.06651], [121.525825, 25.066473], [121.525825, 25.066544], [121.52606, 25.066592], [121.527341, 25.066567], [121.527403, 25.06626], [121.52582, 25.066287], [121.525893, 25.06594], [121.525603, 25.066002], [121.525891, 25.065336], [121.526717, 25.065315], [121.526846, 25.065294], [121.526845, 25.06523], [121.526953, 25.065399], [121.527133, 25.065394], [121.52704, 25.065305], [121.527276, 25.065299], [121.527298, 25.065387], [121.527383, 25.065235], [121.52738, 25.065007], [121.52766, 25.065018], [121.527393, 25.065683], [121.527216, 25.065742], [121.527219, 25.065812], [121.526892, 25.065825], [121.52684, 25.06574], [121.527392, 25.065851], [121.527397, 25.066089], [121.526771, 25.066137], [121.52657, 25.066068], [121.526572, 25.065899], [121.526712, 25.06591], [121.526372, 25.065912], [121.526332, 25.065451], [121.526112, 25.065461], [121.525798, 25.065299], [121.525794, 25.065029], [121.527056, 25.064986], [121.526762, 25.065435], [121.526504, 25.065446], [121.525218, 25.066499], [121.525221, 25.066585], [121.525361, 25.066582], [121.524585, 25.066622], [121.523962, 25.065048], [121.523384, 25.065027]]}}, {"type": "Feature", "properties": {"district": "63000040", "segment": 11, "total_segments": 23, "km": 13.8, "villages": ["恆安里", "集英里"]}, "geometry": {"type": "LineString", "coordinates": [[121.523368, 25.064844], [121.523491, 25.064836], [121.522478, 25.064827], [121.522517, 25.064357], [121.52289, 25.064321], [121.5231, 25.064208], [121.52379, 25.064188], [121.523966, 25.064234], [121.523909, 25.064352], [121.524002, 25.064448], [121.524211, 25.064445], [121.524288, 25.06431], [121.52423, 25.064175], [121.524012, 25.064218], [121.523954, 25.064055], [121.522919, 25.064072], [121.522957, 25.064116], [121.522888, 25.064111], [121.522892, 25.063983], [121.522973, 25.063988], [121.522965, 25.064049], [121.522814, 25.064045], [121.522818, 25.063977], [121.522855, 25.064111], [121.522563, 25.064033], [121.522527, 25.064273], [121.522597, 25.063855], [121.522727, 25.063675], [121.522809, 25.063697], [121.522656, 25.063628], [121.52277, 25.063071], [121.522921, 25.062953], [121.524205, 25.062963], [121.524321, 25.063164], [121.524236, 25.063373], [121.524311, 25.063404], [121.524343, 25.063643], [121.524453, 25.063666], [121.524442, 25.063394], [121.524645, 25.0634], [121.524602, 25.063243], [121.524982, 25.063219], [121.525006, 25.063347], [121.524815, 25.063352], [121.5252, 25.063346], [121.525229, 25.063262], [121.52512, 25.063264], [121.525297, 25.063342], [121.52532, 25.063261], [121.525521, 25.063219], [121.525405, 25.06289], [121.524727, 25.06291], [121.524063, 25.063296], [121.524033, 25.063424], [121.523354, 25.063405], [121.523356, 25.063518], [121.523281, 25.063523], [121.523304, 25.063407], [121.523304, 25.063498], [121.523383, 25.063516], [121.5234, 25.063452], [121.523149, 25.063412], [121.523118, 25.063538], [121.523198, 25.063709], [121.524197, 25.063677], [121.52394, 25.063797], [121.523175, 25.06384], [121.522981, 25.063809], [121.523032, 25.063722], [121.523088, 25.064316], [121.523408, 25.064311], [121.52341, 25.064369], [121.52315, 25.064372], [121.523149, 25.064458], [121.52325, 25.064457], [121.522927, 25.064444], [121.522913, 25.064527], [121.522827, 25.064525], [121.522894, 25.064641], [121.524238, 25.064561], [121.524215, 25.064697], [121.524396, 25.064725], [121.52445, 25.064452], [121.524943, 25.064438], [121.524931, 25.064533], [121.524749, 25.064529], [121.524659, 25.064848], [121.523665, 25.064842], [121.523789, 25.064389], [121.523757, 25.064451], [121.52348, 25.064454], [121.523477, 25.064294], [121.524271, 25.064178], [121.524296, 25.06425], [121.524449, 25.064251], [121.524501, 25.064184], [121.525026, 25.064167], [121.525073, 25.064056], [121.524796, 25.064053], [121.52477, 25.063763], [121.524924, 25.063761], [121.524939, 25.063669], [121.524653, 25.063635], [121.525287, 25.063647], [121.525209, 25.064035], [121.525547, 25.064064], [121.525526, 25.063451], [121.525198, 25.063474], [121.525144, 25.064192], [121.525201, 25.064197], [121.525207, 25.0644], [121.525046, 25.064401], [121.525033, 25.064519], [121.525417, 25.064511], [121.525428, 25.064431], [121.525535, 25.064429], [121.525539, 25.064179], [121.525378, 25.064432], [121.525302, 25.064433], [121.525218, 25.064839], [121.525554, 25.064797], [121.52556, 25.064648], [121.525787, 25.064647], [121.525777, 25.064538], [121.525788, 25.064758], [121.525935, 25.06483], [121.526416, 25.064816], [121.526326, 25.064543], [121.526401, 25.064544], [121.52617, 25.064463], [121.52658, 25.064817], [121.527188, 25.064797], [121.527383, 25.064657], [121.52719, 25.06444], [121.527343, 25.064338], [121.527389, 25.064171], [121.527398, 25.06324], [121.527179, 25.063161], [121.52721, 25.062886], [121.527335, 25.062881], [121.526855, 25.06282], [121.526315, 25.062914], [121.527201, 25.063438], [121.525129, 25.064842], [121.524773, 25.064832], [121.524418, 25.064414], [121.524439, 25.064304], [121.523816, 25.063226], [121.523624, 25.063232], [121.522334, 25.063074], [121.522321, 25.063005], [121.522154, 25.063776], [121.52172, 25.063693], [121.521751, 25.06356], [121.521576, 25.063692], [121.521413, 25.063658], [121.521362, 25.063778], [121.521157, 25.063882], [121.521421, 25.063788], [121.522, 25.064004], [121.521683, 25.064545], [121.521714, 25.065], [121.522045, 25.064986], [121.52201, 25.065658], [121.521533, 25.065639], [121.522068, 25.06587], [121.522544, 25.068291], [121.522169, 25.068322], [121.519985, 25.065957], [121.519541, 25.064447], [121.519342, 25.064334], [121.519402, 25.063813], [121.519568, 25.063755], [121.51957, 25.063676], [121.519425, 25.063651], [121.519454, 25.063457], [121.52062, 25.063663], [121.520517, 25.06403], [121.520231, 25.063834], [121.520037, 25.063888], [121.52001, 25.064084], [121.519926, 25.064075], [121.519946, 25.063876], [121.519799, 25.063724], [121.519652, 25.063836], [121.519668, 25.064164], [121.519523, 25.064149], [121.519489, 25.063924], [121.519232, 25.06433], [121.520324, 25.064336], [121.520337, 25.063483], [121.51975, 25.063382], [121.519816, 25.063039], [121.521849, 25.062981], [121.521975, 25.06308], [121.521968, 25.063407], [121.522069, 25.0634], [121.522084, 25.063339], [121.521933, 25.063545], [121.521693, 25.063296], [121.521008, 25.063328], [121.520882, 25.063224], [121.520856, 25.063535], [121.521245, 25.063613], [121.521265, 25.063508], [121.522021, 25.062981], [121.52217, 25.062974], [121.522245, 25.062577], [121.521424, 25.062614], [121.521424, 25.06246], [121.521346, 25.062457], [121.521349, 25.062616], [121.521261, 25.062618], [121.521257, 25.062457], [121.521132, 25.062456], [121.521136, 25.062621], [121.521032, 25.062623], [121.521026, 25.062466], [121.520869, 25.062317], [121.520948, 25.06192], [121.520862, 25.061855], [121.520029, 25.061877], [121.519903, 25.062104], [121.519923, 25.062238], [121.519808, 25.062328], [121.520019, 25.062235], [121.520528, 25.06224], [121.520539, 25.062127], [121.520113, 25.062147], [121.520073, 25.061766], [121.52096, 25.061723], [121.520929, 25.060556], [121.520898, 25.060435], [121.520698, 25.06044], [121.520804, 25.060245], [121.52171, 25.060238], [121.521775, 25.060456], [121.522501, 25.06039], [121.522739, 25.06049], [121.522679, 25.061574], [121.522574, 25.061683], [121.522232, 25.061727], [121.522135, 25.061487], [121.522315, 25.061287], [121.522335, 25.061019], [121.522497, 25.061015], [121.522198, 25.060938], [121.522073, 25.06104], [121.521164, 25.061068], [121.521212, 25.061355], [121.521833, 25.061338], [121.521931, 25.061257], [121.521529, 25.06145], [121.521162, 25.061462], [121.521186, 25.061738], [121.521377, 25.061732], [121.521369, 25.061837], [121.521142, 25.061867], [121.521106, 25.062064], [121.521433, 25.062106], [121.521403, 25.06221], [121.521145, 25.062218], [121.521573, 25.062208], [121.521697, 25.062087], [121.52204, 25.062107], [121.522007, 25.062504], [121.522458, 25.062486], [121.522491, 25.062169], [121.522553, 25.062142], [121.522075, 25.061823], [121.521429, 25.061868], [121.521503, 25.061724], [121.520837, 25.061679], [121.520548, 25.061262], [121.520716, 25.061192], [121.520637, 25.061099], [121.520842, 25.060948], [121.520626, 25.060848], [121.520422, 25.060932], [121.520252, 25.061315], [121.520306, 25.061426], [121.520495, 25.061324], [121.520441, 25.061206], [121.520587, 25.061127], [121.520471, 25.060809], [121.520579, 25.060637], [121.521145, 25.06063], [121.521161, 25.060958], [121.521636, 25.060933], [121.521761, 25.060677], [121.521962, 25.060721], [121.521962, 25.060804], [121.521967, 25.060224], [121.522174, 25.060221], [121.522165, 25.059888], [121.522721, 25.059876], [121.522736, 25.0602], [121.52197, 25.059894], [121.521933, 25.05974], [121.520917, 25.059805], [121.520933, 25.059945], [121.521758, 25.059922], [121.521717, 25.059583], [121.521575, 25.05956], [121.521496, 25.059614], [121.521427, 25.059542], [121.520912, 25.059549], [121.520846, 25.059945], [121.521125, 25.060427], [121.52144, 25.060429], [121.521436, 25.059421], [121.521328, 25.059423], [121.521699, 25.059415], [121.521713, 25.059357], [121.521699, 25.059123], [121.521344, 25.059128], [121.521361, 25.059017], [121.521636, 25.059019], [121.52161, 25.058811], [121.520931, 25.058787], [121.520993, 25.058667], [121.52124, 25.058612], [121.521316, 25.0587], [121.521591, 25.058728], [121.521472, 25.058472], [121.52094, 25.05846], [121.520909, 25.058513], [121.520877, 25.058058], [121.5212, 25.058054], [121.521211, 25.057969], [121.520874, 25.057975], [121.520888, 25.05782], [121.521717, 25.057918], [121.521691, 25.058063], [121.521325, 25.05806], [121.521337, 25.057968], [121.521504, 25.057971], [121.521673, 25.058248], [121.521588, 25.058329], [121.521211, 25.058357], [121.521162, 25.058284], [121.520995, 25.058351], [121.521612, 25.058444], [121.52124, 25.059015], [121.520952, 25.059015], [121.520995, 25.059235], [121.522551, 25.05935], [121.522663, 25.059488], [121.522558, 25.058884], [121.520333, 25.061484], [121.520153, 25.061542], [121.520119, 25.061648], [121.520591, 25.062125], [121.520746, 25.062126], [121.5208, 25.06242], [121.520736, 25.062589], [121.51985, 25.062658], [121.520393, 25.062442]]}}, {"type": "Feature", "properties": {"district": "63000040", "segment": 12, "total_segments": 23, "km": 9.16, "villages": ["聚葉里", "聚盛里"]}, "geometry": {"type": "LineString", "coordinates": [[121.522967, 25.062245], [121.523064, 25.06183], [121.523192, 25.061626], [121.523172, 25.061208], [121.523425, 25.061307], [121.523432, 25.061389], [121.523567, 25.061375], [121.523561, 25.061292], [121.524279, 25.061276], [121.524256, 25.061367], [121.523784, 25.061379], [121.523672, 25.06145], [121.523719, 25.061666], [121.52424, 25.061656], [121.524292, 25.061533], [121.524335, 25.061658], [121.524294, 25.061754], [121.523488, 25.061777], [121.523562, 25.061896], [121.523482, 25.062013], [121.523558, 25.062062], [121.523559, 25.062196], [121.523468, 25.062177], [121.523515, 25.062292], [121.523671, 25.062236], [121.523692, 25.061948], [121.523952, 25.061963], [121.523956, 25.062146], [121.524056, 25.062147], [121.52405, 25.061941], [121.524252, 25.062111], [121.524541, 25.062153], [121.52471, 25.062072], [121.524704, 25.062351], [121.524626, 25.062366], [121.524624, 25.062235], [121.523861, 25.062203], [121.523675, 25.062392], [121.523678, 25.062552], [121.524977, 25.06252], [121.525001, 25.06179], [121.525219, 25.061779], [121.525201, 25.061617], [121.524984, 25.061596], [121.525055, 25.061479], [121.525054, 25.061189], [121.524917, 25.061134], [121.524943, 25.06133], [121.524768, 25.061339], [121.52478, 25.061243], [121.524644, 25.061242], [121.524653, 25.061336], [121.524316, 25.06141], [121.524464, 25.061162], [121.524551, 25.061171], [121.524561, 25.060962], [121.524888, 25.060923], [121.525044, 25.061032], [121.524986, 25.060823], [121.525091, 25.060654], [121.525226, 25.060646], [121.525278, 25.060399], [121.523803, 25.060434], [121.523845, 25.060859], [121.524174, 25.060829], [121.524281, 25.060955], [121.523617, 25.061015], [121.523766, 25.060861], [121.52326, 25.060677], [121.524249, 25.060581], [121.52465, 25.060762], [121.524437, 25.060967], [121.525218, 25.060965], [121.525292, 25.061189], [121.525475, 25.061184], [121.525489, 25.061591], [121.52525, 25.061617], [121.525475, 25.061793], [121.525504, 25.062411], [121.525437, 25.062498], [121.525183, 25.062516], [121.52509, 25.061965], [121.524796, 25.061748], [121.524359, 25.061753], [121.524707, 25.061978], [121.525788, 25.062064], [121.525769, 25.061418], [121.526103, 25.061408], [121.526109, 25.061302], [121.52722, 25.061274], [121.527221, 25.061376], [121.526273, 25.061403], [121.526064, 25.061303], [121.525802, 25.061303], [121.525773, 25.061364], [121.525769, 25.060961], [121.526017, 25.060949], [121.526017, 25.06107], [121.526198, 25.061176], [121.5266, 25.061136], [121.526335, 25.060863], [121.526193, 25.060863], [121.526295, 25.060794], [121.526195, 25.060961], [121.526765, 25.061145], [121.527154, 25.061136], [121.527267, 25.061025], [121.527205, 25.060821], [121.527013, 25.060819], [121.526813, 25.060393], [121.525456, 25.060499], [121.525472, 25.060715], [121.525438, 25.06086], [121.52538, 25.060853], [121.525474, 25.061156], [121.52522, 25.060795], [121.527292, 25.061447], [121.523085, 25.06257], [121.523571, 25.060266], [121.5247, 25.060237], [121.524688, 25.059981], [121.524865, 25.059956], [121.52492, 25.059805], [121.525062, 25.059791], [121.525155, 25.05963], [121.525341, 25.059646], [121.525171, 25.059589], [121.525212, 25.059474], [121.525354, 25.059424], [121.525431, 25.059537], [121.52538, 25.059624], [121.525165, 25.059498], [121.525125, 25.059597], [121.525193, 25.059425], [121.524907, 25.059394], [121.524875, 25.059695], [121.524676, 25.059784], [121.524235, 25.059738], [121.524214, 25.059608], [121.524132, 25.059847], [121.524439, 25.05993], [121.523579, 25.059729], [121.523545, 25.059957], [121.52316, 25.059965], [121.523094, 25.058203], [121.523378, 25.058327], [121.523394, 25.058578], [121.523535, 25.058859], [121.523435, 25.059317], [121.523367, 25.059318], [121.52342, 25.059426], [121.523325, 25.059426], [121.524137, 25.05941], [121.524005, 25.059678], [121.523918, 25.059647], [121.523949, 25.059559], [121.523758, 25.059646], [121.523537, 25.059585], [121.523656, 25.059261], [121.524004, 25.059279], [121.524114, 25.059199], [121.52424, 25.059275], [121.524295, 25.059199], [121.52429, 25.059402], [121.524671, 25.059426], [121.524676, 25.059605], [121.524518, 25.059258], [121.523895, 25.058985], [121.523869, 25.058909], [121.524335, 25.058289], [121.524588, 25.058447], [121.524941, 25.05832], [121.524966, 25.058546], [121.525098, 25.058481], [121.52512, 25.058739], [121.525253, 25.058859], [121.525374, 25.058812], [121.525403, 25.058932], [121.525667, 25.058907], [121.525724, 25.059113], [121.526264, 25.059403], [121.526177, 25.059561], [121.526419, 25.059689], [121.52588, 25.059321], [121.525681, 25.059279], [121.525713, 25.059775], [121.525445, 25.059897], [121.52545, 25.060137], [121.525369, 25.060224], [121.524912, 25.06022], [121.527266, 25.060013], [121.527261, 25.060149], [121.527567, 25.060169], [121.527277, 25.059581], [121.52702, 25.059659], [121.526988, 25.059592], [121.526934, 25.059681], [121.526817, 25.059378], [121.527238, 25.059292], [121.527235, 25.059026], [121.527066, 25.059022], [121.527114, 25.058539], [121.527038, 25.058525], [121.527258, 25.05853], [121.527216, 25.058302], [121.526856, 25.058272], [121.526779, 25.058187], [121.5258, 25.058191], [121.52565, 25.058211], [121.525656, 25.058487], [121.525412, 25.058478], [121.525348, 25.058193], [121.523887, 25.05821], [121.523474, 25.058127], [121.525217, 25.059274], [121.525413, 25.059271], [121.525862, 25.059018], [121.525941, 25.059057], [121.526135, 25.058853], [121.525914, 25.058632], [121.526361, 25.058599], [121.526416, 25.058447], [121.526518, 25.058503], [121.526517, 25.058379], [121.526275, 25.058506], [121.52601, 25.058508], [121.525662, 25.058807], [121.526237, 25.058979], [121.526253, 25.059059], [121.523168, 25.060121]]}}, {"type": "Feature", "properties": {"district": "63000040", "segment": 13, "total_segments": 23, "km": 10.89, "villages": ["中山里", "康樂里"]}, "geometry": {"type": "LineString", "coordinates": [[121.523466, 25.057864], [121.524736, 25.057937], [121.525384, 25.057871], [121.525381, 25.057614], [121.525254, 25.057549], [121.524017, 25.057581], [121.523815, 25.057547], [121.523748, 25.057446], [121.523938, 25.057395], [121.523925, 25.057317], [121.524144, 25.057394], [121.525385, 25.057308], [121.525285, 25.057107], [121.524895, 25.057112], [121.524867, 25.057002], [121.524189, 25.057019], [121.524352, 25.056754], [121.524736, 25.056738], [121.524768, 25.056535], [121.524921, 25.056593], [121.524898, 25.056712], [121.525361, 25.056716], [121.52537, 25.056979], [121.524943, 25.057001], [121.524758, 25.057126], [121.524037, 25.057139], [121.524052, 25.057019], [121.523762, 25.057031], [121.523753, 25.05715], [121.523282, 25.057154], [121.523053, 25.057286], [121.52307, 25.057779], [121.523428, 25.057859], [121.523442, 25.057564], [121.523229, 25.057573], [121.523223, 25.057462], [121.523549, 25.05745], [121.523586, 25.057567], [121.52385, 25.057147], [121.523835, 25.056764], [121.524271, 25.056745], [121.524529, 25.05661], [121.524536, 25.056488], [121.524449, 25.056491], [121.524534, 25.056431], [121.524488, 25.056364], [121.524914, 25.056321], [121.524965, 25.056177], [121.525135, 25.056174], [121.525033, 25.055954], [121.525122, 25.05589], [121.525321, 25.055918], [121.525357, 25.056339], [121.525609, 25.056157], [121.526336, 25.056131], [121.52637, 25.056275], [121.52612, 25.056271], [121.526148, 25.05649], [121.526345, 25.056502], [121.52636, 25.056671], [121.526093, 25.056677], [121.526242, 25.056992], [121.526329, 25.056983], [121.526322, 25.057078], [121.526257, 25.057082], [121.526373, 25.057187], [121.526374, 25.05739], [121.526175, 25.05743], [121.526174, 25.057249], [121.525986, 25.057313], [121.525844, 25.0574], [121.525929, 25.057542], [121.526235, 25.057533], [121.526335, 25.057649], [121.526551, 25.05754], [121.527227, 25.05754], [121.527186, 25.057195], [121.527036, 25.057206], [121.527036, 25.057067], [121.527197, 25.057064], [121.527234, 25.057192], [121.526974, 25.057072], [121.526781, 25.057122], [121.526795, 25.056974], [121.527024, 25.056952], [121.52723, 25.056749], [121.52721, 25.056114], [121.527136, 25.056012], [121.527043, 25.056022], [121.527046, 25.056158], [121.526977, 25.056178], [121.526861, 25.056172], [121.526815, 25.056049], [121.526513, 25.056104], [121.526587, 25.056226], [121.526366, 25.056389], [121.526502, 25.056526], [121.527023, 25.056493], [121.526669, 25.05669], [121.526576, 25.056984], [121.526502, 25.056985], [121.526505, 25.057093], [121.526623, 25.057067], [121.526488, 25.057144], [121.526545, 25.057402], [121.527025, 25.057447], [121.527225, 25.057757], [121.526701, 25.057918], [121.526032, 25.057926], [121.525637, 25.057747], [121.525682, 25.057257], [121.525621, 25.057243], [121.525813, 25.057086], [121.525646, 25.056924], [121.525567, 25.055165], [121.525633, 25.055037], [121.526267, 25.055028], [121.526284, 25.055098], [121.526587, 25.055022], [121.526666, 25.055068], [121.526663, 25.055314], [121.526426, 25.055332], [121.526416, 25.05541], [121.527193, 25.055417], [121.527117, 25.055315], [121.52674, 25.055312], [121.526951, 25.055056], [121.527041, 25.055127], [121.527056, 25.055666], [121.527192, 25.055664], [121.527148, 25.055747], [121.526442, 25.05578], [121.52633, 25.055886], [121.526433, 25.055943], [121.526232, 25.055824], [121.525798, 25.055769], [121.525761, 25.05569], [121.525701, 25.055749], [121.526944, 25.05567], [121.527202, 25.055784], [121.527192, 25.055987], [121.526297, 25.05543], [121.525766, 25.055419], [121.525837, 25.055311], [121.526294, 25.055332], [121.526386, 25.055256], [121.525308, 25.055616], [121.525153, 25.055582], [121.525279, 25.055497], [121.52533, 25.055531], [121.525253, 25.055582], [121.525126, 25.055496], [121.525153, 25.055618], [121.524929, 25.055712], [121.52493, 25.055646], [121.524712, 25.055593], [121.524848, 25.05566], [121.524937, 25.055539], [121.524605, 25.055473], [121.524539, 25.055732], [121.524259, 25.055655], [121.523851, 25.055319], [121.523863, 25.055376], [121.524012, 25.055256], [121.524082, 25.055301], [121.524196, 25.055242], [121.524161, 25.055326], [121.524275, 25.05543], [121.524105, 25.055407], [121.52395, 25.055604], [121.523938, 25.055803], [121.524513, 25.055818], [121.524583, 25.055749], [121.525009, 25.055803], [121.524909, 25.055955], [121.52482, 25.055959], [121.524805, 25.056144], [121.524747, 25.056145], [121.524728, 25.055967], [121.524609, 25.055967], [121.524561, 25.056051], [121.524502, 25.055971], [121.524507, 25.056103], [121.524622, 25.056145], [121.524698, 25.056145], [121.524323, 25.055915], [121.523621, 25.055907], [121.523637, 25.055829], [121.523356, 25.055833], [121.523341, 25.055913], [121.522967, 25.056023], [121.52297, 25.056093], [121.522958, 25.055735], [121.523385, 25.055736], [121.52367, 25.055601], [121.52369, 25.055443], [121.523445, 25.05559], [121.523495, 25.05507], [121.523666, 25.055065], [121.52358, 25.055327], [121.523957, 25.055058], [121.524159, 25.055057], [121.52379, 25.05605], [121.524045, 25.056242], [121.524245, 25.056245], [121.524213, 25.056006], [121.52403, 25.056007], [121.524024, 25.056143], [121.523705, 25.056269], [121.52362, 25.056222], [121.523541, 25.056176], [121.523601, 25.056037], [121.523531, 25.055906], [121.523447, 25.055911], [121.522941, 25.055318], [121.525171, 25.055081], [121.525359, 25.055758], [121.527558, 25.057372], [121.526929, 25.0548], [121.526259, 25.054821], [121.526247, 25.054593], [121.526016, 25.05459], [121.525989, 25.054512], [121.526248, 25.054552], [121.526103, 25.05456], [121.526102, 25.05449], [121.526314, 25.054443], [121.526282, 25.054591], [121.526401, 25.054565], [121.526344, 25.054405], [121.526282, 25.054407], [121.526345, 25.054369], [121.526103, 25.05438], [121.526158, 25.054453], [121.526061, 25.054384], [121.525554, 25.054439], [121.525564, 25.054791], [121.526002, 25.054824], [121.526644, 25.054562], [121.526659, 25.05448], [121.52687, 25.054511], [121.526864, 25.054405], [121.526582, 25.054415], [121.526585, 25.054531], [121.527175, 25.054458], [121.527203, 25.05455], [121.527265, 25.054526], [121.527255, 25.054387], [121.526963, 25.054394], [121.527251, 25.054667], [121.527205, 25.054747], [121.527493, 25.054137], [121.527004, 25.053891], [121.526364, 25.053925], [121.52556, 25.054131], [121.525324, 25.054485], [121.525335, 25.054777], [121.524999, 25.054842], [121.523196, 25.054866], [121.522913, 25.05478], [121.5229, 25.054637], [121.523013, 25.05451], [121.523586, 25.054489], [121.523797, 25.053907], [121.524359, 25.053875], [121.524359, 25.053802], [121.524484, 25.053866], [121.52448, 25.053601], [121.524293, 25.053611], [121.524253, 25.053507], [121.523749, 25.053516], [121.523614, 25.053375], [121.523612, 25.053294], [121.523715, 25.053252], [121.523958, 25.053239], [121.523998, 25.053085], [121.523131, 25.053139], [121.523156, 25.053253], [121.523391, 25.053243], [121.523136, 25.053454], [121.523439, 25.05354], [121.523469, 25.053637], [121.523559, 25.053522], [121.523643, 25.053734], [121.523964, 25.053603], [121.524146, 25.053214], [121.524463, 25.053364], [121.524464, 25.053431], [121.524449, 25.052824], [121.524321, 25.052767], [121.52321, 25.052838], [121.522836, 25.05275], [121.522831, 25.052609], [121.523168, 25.052462], [121.523348, 25.05253], [121.523834, 25.052371], [121.524408, 25.052351], [121.524425, 25.052666], [121.523164, 25.053701], [121.52316, 25.053866], [121.523548, 25.053929], [121.522862, 25.053872], [121.522816, 25.053022], [121.524046, 25.054469], [121.524984, 25.054429], [121.524903, 25.054147], [121.526941, 25.053074]]}}, {"type": "Feature", "properties": {"district": "63000040", "segment": 14, "total_segments": 23, "km": 14.87, "villages": ["民安里", "正得里"]}, "geometry": {"type": "LineString", "coordinates": [[121.522389, 25.052997], [121.522369, 25.052583], [121.522085, 25.052471], [121.521018, 25.052668], [121.520621, 25.05283], [121.520696, 25.053212], [121.521965, 25.053118], [121.522064, 25.052997], [121.521791, 25.053045], [121.521575, 25.052974], [121.521058, 25.053057], [121.521123, 25.053498], [121.520851, 25.053514], [121.520884, 25.05366], [121.520633, 25.053681], [121.520834, 25.053988], [121.520926, 25.053905], [121.52107, 25.053982], [121.521136, 25.053979], [121.521121, 25.053904], [121.521322, 25.053971], [121.521975, 25.053904], [121.521989, 25.05402], [121.52221, 25.054011], [121.522126, 25.053902], [121.522433, 25.053902], [121.522415, 25.053568], [121.521968, 25.053598], [121.521956, 25.053488], [121.521554, 25.053452], [121.521188, 25.053496], [121.521174, 25.053648], [121.521, 25.053655], [121.521689, 25.053659], [121.521389, 25.053822], [121.521509, 25.054086], [121.521883, 25.054025], [121.521922, 25.05435], [121.521731, 25.054357], [121.521709, 25.054292], [121.522196, 25.054284], [121.521922, 25.054593], [121.521581, 25.054517], [121.521555, 25.054607], [121.521434, 25.054611], [121.521559, 25.054334], [121.520707, 25.054359], [121.520658, 25.054013], [121.52086, 25.054252], [121.521198, 25.054197], [121.520961, 25.054613], [121.520699, 25.054627], [121.520851, 25.054768], [121.520863, 25.054967], [121.520767, 25.054971], [121.520967, 25.054958], [121.52093, 25.055199], [121.52079, 25.055206], [121.520803, 25.055385], [121.521138, 25.055145], [121.52132, 25.055146], [121.521563, 25.054843], [121.522144, 25.054553], [121.522471, 25.054539], [121.522444, 25.054013], [121.522264, 25.053242], [121.521737, 25.052894], [121.521541, 25.052272], [121.521705, 25.052241], [121.521849, 25.052068], [121.522046, 25.052177], [121.522205, 25.052144], [121.522271, 25.051983], [121.521813, 25.050751], [121.521703, 25.050691], [121.521516, 25.050733], [121.521348, 25.050575], [121.521639, 25.0504], [121.521461, 25.050008], [121.521355, 25.04999], [121.521321, 25.049807], [121.520215, 25.050065], [121.520133, 25.049899], [121.520335, 25.049796], [121.520309, 25.049728], [121.52011, 25.049774], [121.520061, 25.049542], [121.520266, 25.049545], [121.520321, 25.049393], [121.520243, 25.049331], [121.519961, 25.049368], [121.519942, 25.049236], [121.520137, 25.049191], [121.520135, 25.049041], [121.51988, 25.049133], [121.519889, 25.049249], [121.519745, 25.049291], [121.519757, 25.049167], [121.519674, 25.049183], [121.519677, 25.048965], [121.519735, 25.048952], [121.519641, 25.048914], [121.519585, 25.048979], [121.519703, 25.048828], [121.51985, 25.048923], [121.519922, 25.048906], [121.519904, 25.048842], [121.519749, 25.048728], [121.519499, 25.048815], [121.519433, 25.048612], [121.519922, 25.048641], [121.520484, 25.048536], [121.52053, 25.048701], [121.520745, 25.04858], [121.520702, 25.048494], [121.52089, 25.048867], [121.520774, 25.048919], [121.520819, 25.049025], [121.520638, 25.049065], [121.520472, 25.048965], [121.520633, 25.049384], [121.520611, 25.049476], [121.520498, 25.049511], [121.520489, 25.049356], [121.520373, 25.049516], [121.520407, 25.049742], [121.520683, 25.049743], [121.520656, 25.049602], [121.521043, 25.0495], [121.521071, 25.049557], [121.52121, 25.049502], [121.521331, 25.049741], [121.521156, 25.049394], [121.521084, 25.049403], [121.521133, 25.049348], [121.520998, 25.049063], [121.520965, 25.049453], [121.520502, 25.049643], [121.520002, 25.04963], [121.51982, 25.049428], [121.520352, 25.050266], [121.52039, 25.050539], [121.520465, 25.050546], [121.520501, 25.050702], [121.52047, 25.050833], [121.520582, 25.05071], [121.520802, 25.050738], [121.520934, 25.050859], [121.520911, 25.051168], [121.52077, 25.051167], [121.520847, 25.051043], [121.52041, 25.051019], [121.520449, 25.051451], [121.520515, 25.051453], [121.520464, 25.051534], [121.521375, 25.051511], [121.521402, 25.051434], [121.52119, 25.05143], [121.521214, 25.051263], [121.521421, 25.05121], [121.52157, 25.051438], [121.521545, 25.051516], [121.521822, 25.051515], [121.521792, 25.051438], [121.521658, 25.051438], [121.521856, 25.051438], [121.521852, 25.051228], [121.521633, 25.051254], [121.521685, 25.051079], [121.521529, 25.05104], [121.521526, 25.050967], [121.521268, 25.050968], [121.521284, 25.051056], [121.521599, 25.050958], [121.521745, 25.05096], [121.52178, 25.051035], [121.521769, 25.050682], [121.521687, 25.050495], [121.521201, 25.050163], [121.520672, 25.050188], [121.520773, 25.050505], [121.521083, 25.050797], [121.52101, 25.051153], [121.521371, 25.05171], [121.52149, 25.051741], [121.521482, 25.052035], [121.521548, 25.051706], [121.521896, 25.051716], [121.521245, 25.052327], [121.520664, 25.052433], [121.520615, 25.053322], [121.520648, 25.053563], [121.522414, 25.05481], [121.522529, 25.055661], [121.521875, 25.055797], [121.522067, 25.055903], [121.522104, 25.056279], [121.521775, 25.056333], [121.521853, 25.056493], [121.522155, 25.056367], [121.522142, 25.056632], [121.52121, 25.056668], [121.521214, 25.056771], [121.522401, 25.056751], [121.52231, 25.056608], [121.522229, 25.05661], [121.522561, 25.056572], [121.522552, 25.056267], [121.521195, 25.056307], [121.52122, 25.056514], [121.520834, 25.056481], [121.520813, 25.056305], [121.521035, 25.056296], [121.521017, 25.056668], [121.521081, 25.056668], [121.521098, 25.056774], [121.520829, 25.056852], [121.520848, 25.057544], [121.522427, 25.057731], [121.522444, 25.057449], [121.521692, 25.057256], [121.521262, 25.057235], [121.521229, 25.057096], [121.521341, 25.057087], [121.521385, 25.057001], [121.52113, 25.056976], [121.521134, 25.057035], [121.521126, 25.056893], [121.520944, 25.05667], [121.520845, 25.056673], [121.520823, 25.05679], [121.521023, 25.057185], [121.521012, 25.057312], [121.521517, 25.057102], [121.521548, 25.056999], [121.522305, 25.056971], [121.52239, 25.057087], [121.522293, 25.057233], [121.522609, 25.057219], [121.52262, 25.057659], [121.522585, 25.056758], [121.522188, 25.057112], [121.521637, 25.057099], [121.52147, 25.056976], [121.521344, 25.055901], [121.522022, 25.057499], [121.522919, 25.05203], [121.525204, 25.051924], [121.524984, 25.051117], [121.524223, 25.051298], [121.524232, 25.051379], [121.524798, 25.051253], [121.524868, 25.051494], [121.52463, 25.051539], [121.524882, 25.051589], [121.524955, 25.051475], [121.524975, 25.051006], [121.524885, 25.050904], [121.524721, 25.05092], [121.524653, 25.05081], [121.52445, 25.050853], [121.52448, 25.050928], [121.524567, 25.050908], [121.524893, 25.050727], [121.524821, 25.050484], [121.524627, 25.050363], [121.524456, 25.050403], [121.524584, 25.050487], [121.524306, 25.050554], [121.524292, 25.050442], [121.524051, 25.050461], [121.523654, 25.050576], [121.523685, 25.050698], [121.523308, 25.050795], [121.523283, 25.050676], [121.523493, 25.050638], [121.523315, 25.050253], [121.523708, 25.050175], [121.523594, 25.050046], [121.523236, 25.050157], [121.523223, 25.050409], [121.523144, 25.05031], [121.522976, 25.050433], [121.522952, 25.050316], [121.522789, 25.050354], [121.522824, 25.050262], [121.522481, 25.050316], [121.522432, 25.050132], [121.522702, 25.050097], [121.522615, 25.050046], [121.522891, 25.04997], [121.52287, 25.049901], [121.523012, 25.049855], [121.52299, 25.04978], [121.523092, 25.050123], [121.522908, 25.050044], [121.523319, 25.049929], [121.52396, 25.049969], [121.524007, 25.050067], [121.524665, 25.049919], [121.52471, 25.050083], [121.52457, 25.050065], [121.524717, 25.050231], [121.524694, 25.050295], [121.524545, 25.049487], [121.524339, 25.049635], [121.524354, 25.049695], [121.524082, 25.049754], [121.523948, 25.049178], [121.523675, 25.049246], [121.523775, 25.049447], [121.523401, 25.049313], [121.523022, 25.049405], [121.522862, 25.049358], [121.522902, 25.049426], [121.521764, 25.049638], [121.521406, 25.048913], [121.521643, 25.048839], [121.521774, 25.048881], [121.521714, 25.048742], [121.522439, 25.048601], [121.522414, 25.048336], [121.522192, 25.048473], [121.521977, 25.048441], [121.521863, 25.048599], [121.521651, 25.048496], [121.521454, 25.048575], [121.521411, 25.048477], [121.521236, 25.048583], [121.521315, 25.04874], [121.521126, 25.048372], [121.521994, 25.048853], [121.522532, 25.048731], [121.52259, 25.048906], [121.522695, 25.04875], [121.522626, 25.048444], [121.522917, 25.048488], [121.523587, 25.048331], [121.52355, 25.048214], [121.523718, 25.04837], [121.52371, 25.048457], [121.523822, 25.048338], [121.523972, 25.04836], [121.523992, 25.048428], [121.524167, 25.048222], [121.524287, 25.048645], [121.52405, 25.048824], [121.523824, 25.048922], [121.523822, 25.048731], [121.523597, 25.048821], [121.523337, 25.048809], [121.52288, 25.048926], [121.522808, 25.049142], [121.521932, 25.049315], [121.521905, 25.049212], [121.522162, 25.049075], [121.523045, 25.049051], [121.523144, 25.048538], [121.523225, 25.048507], [121.523274, 25.048608], [121.523484, 25.04846], [121.522872, 25.048602], [121.523163, 25.049591], [121.522434, 25.049788], [121.522227, 25.050116], [121.522038, 25.050217], [121.522373, 25.050936], [121.522379, 25.050857], [121.522704, 25.05198], [121.52286, 25.051695], [121.523077, 25.051644], [121.523522, 25.051625], [121.523548, 25.05171], [121.52407, 25.051773], [121.524305, 25.051612], [121.524516, 25.05166], [121.52422, 25.051728], [121.524071, 25.051656], [121.524016, 25.051461], [121.523907, 25.051374], [121.523608, 25.051431], [121.523707, 25.051496], [121.524112, 25.051314], [121.524175, 25.051393], [121.524086, 25.051415], [121.524119, 25.05107], [121.52419, 25.050991], [121.524348, 25.051011], [121.524321, 25.050878], [121.524159, 25.050601], [121.524035, 25.050667], [121.524089, 25.050915], [121.523523, 25.051045], [121.52353, 25.051155], [121.523951, 25.051079], [121.523425, 25.051179], [121.523347, 25.051034], [121.522856, 25.051233], [121.523247, 25.051272], [121.523288, 25.051411], [121.523479, 25.051404], [121.522899, 25.051601], [121.522688, 25.051358], [121.522714, 25.050935], [121.523111, 25.050834], [121.523079, 25.050735], [121.522947, 25.050766], [121.522857, 25.050661], [121.522912, 25.050587], [121.522823, 25.050467], [121.522986, 25.050473], [121.523039, 25.050641], [121.523028, 25.050464], [121.523087, 25.050669], [121.522804, 25.050799], [121.522767, 25.050711], [121.522637, 25.050838], [121.522506, 25.050472], [121.522631, 25.050442], [121.52241, 25.050443], [121.521986, 25.050129], [121.521844, 25.049224]]}}, {"type": "Feature", "properties": {"district": "63000040", "segment": 15, "total_segments": 23, "km": 11.01, "villages": ["正得里", "正義里", "正守里"]}, "geometry": {"type": "LineString", "coordinates": [[121.523873, 25.050106], [121.524262, 25.049333], [121.524313, 25.048963], [121.524984, 25.049189], [121.525738, 25.04899], [121.525644, 25.049157], [121.52572, 25.049378], [121.525586, 25.049432], [121.525545, 25.04934], [121.525562, 25.049606], [121.525315, 25.049668], [121.525229, 25.049402], [121.525132, 25.049463], [121.525222, 25.049686], [121.525076, 25.049733], [121.525294, 25.049776], [121.525887, 25.049673], [121.525814, 25.049538], [121.525749, 25.049552], [121.526495, 25.049362], [121.526389, 25.049143], [121.526393, 25.04903], [121.526496, 25.048956], [121.526678, 25.049323], [121.527015, 25.0492], [121.527122, 25.049248], [121.527441, 25.049123], [121.527425, 25.049051], [121.527513, 25.04903], [121.527524, 25.0491], [121.527628, 25.048931], [121.527602, 25.048841], [121.528182, 25.04872], [121.528294, 25.048395], [121.529077, 25.048219], [121.529203, 25.048299], [121.528789, 25.048785], [121.528652, 25.048796], [121.528514, 25.048665], [121.528436, 25.048793], [121.528625, 25.048964], [121.528472, 25.049236], [121.528229, 25.049241], [121.528224, 25.048977], [121.528053, 25.049015], [121.528093, 25.049133], [121.527502, 25.04931], [121.527518, 25.049365], [121.527386, 25.049308], [121.52693, 25.049424], [121.527135, 25.049443], [121.527147, 25.049757], [121.526627, 25.04983], [121.526506, 25.049536], [121.526088, 25.049632], [121.52635, 25.049789], [121.526355, 25.049935], [121.526179, 25.049907], [121.525712, 25.050064], [121.525771, 25.050219], [121.525667, 25.050253], [121.525438, 25.050306], [121.525348, 25.050207], [121.52522, 25.050235], [121.525333, 25.050638], [121.526731, 25.050272], [121.526688, 25.050083], [121.526816, 25.050063], [121.52687, 25.050245], [121.527125, 25.050227], [121.527153, 25.050326], [121.526932, 25.05036], [121.527026, 25.05072], [121.527198, 25.050699], [121.527694, 25.050941], [121.527634, 25.051163], [121.527571, 25.051161], [121.527561, 25.051372], [121.527607, 25.051247], [121.527464, 25.051209], [121.527446, 25.051304], [121.527549, 25.051426], [121.527421, 25.051891], [121.527038, 25.051895], [121.527119, 25.051622], [121.527107, 25.051501], [121.52702, 25.051456], [121.526713, 25.051517], [121.526668, 25.051432], [121.525408, 25.051728], [121.525335, 25.05148], [121.525602, 25.051421], [121.525581, 25.051317], [121.525483, 25.051341], [121.526737, 25.051054], [121.526755, 25.051161], [121.525735, 25.051402], [121.525638, 25.051042], [121.526881, 25.050753], [121.526865, 25.050654], [121.526838, 25.05056], [121.526825, 25.050678], [121.526197, 25.050834], [121.526051, 25.050826], [121.526033, 25.050756], [121.525991, 25.050872], [121.52557, 25.050976], [121.525562, 25.051062], [121.525412, 25.051097], [121.52547, 25.051006], [121.525206, 25.051019], [121.525173, 25.050823], [121.5254, 25.050705], [121.526732, 25.05042], [121.52652, 25.050062], [121.525818, 25.050211], [121.525545, 25.050125], [121.525006, 25.050268], [121.524804, 25.049452], [121.52518, 25.049228], [121.526128, 25.049275], [121.526081, 25.048914], [121.526611, 25.048789], [121.526661, 25.048953], [121.526984, 25.049065], [121.527142, 25.048997], [121.527208, 25.049042], [121.52695, 25.048764], [121.527039, 25.048693], [121.527617, 25.048553], [121.527568, 25.048682], [121.52781, 25.048511], [121.528088, 25.048477], [121.527876, 25.049043], [121.527749, 25.049072], [121.527824, 25.049453], [121.527734, 25.049468], [121.527768, 25.049601], [121.52729, 25.04973], [121.527281, 25.049897], [121.526798, 25.049994], [121.526637, 25.04986], [121.526428, 25.049944], [121.527218, 25.050168], [121.527594, 25.050079], [121.527883, 25.050241], [121.528107, 25.050021], [121.528151, 25.049926], [121.528077, 25.049825], [121.527825, 25.049763], [121.527387, 25.04988], [121.527482, 25.050225], [121.527362, 25.050261], [121.527358, 25.050351], [121.527417, 25.050345], [121.527233, 25.050296], [121.527414, 25.050477], [121.527653, 25.050512], [121.527729, 25.050367], [121.527576, 25.050234], [121.527874, 25.050488], [121.52774, 25.0508], [121.527215, 25.050583], [121.527043, 25.050842], [121.527132, 25.051111], [121.527207, 25.051149], [121.527403, 25.051009], [121.527483, 25.051163], [121.527262, 25.051377], [121.527147, 25.051201], [121.527007, 25.051241], [121.526974, 25.051121], [121.526821, 25.051143], [121.526934, 25.050929], [121.527032, 25.051332], [121.526728, 25.051399], [121.526726, 25.051904], [121.525727, 25.051863], [121.525618, 25.051918], [121.525279, 25.051277], [121.52505, 25.050428], [121.527318, 25.051518], [121.527282, 25.05165], [121.527457, 25.05156], [121.528276, 25.049655], [121.527887, 25.049582], [121.52834, 25.049436], [121.527883, 25.048281], [121.526632, 25.048561], [121.526581, 25.04826], [121.526202, 25.048372], [121.526076, 25.048241], [121.525847, 25.048269], [121.525176, 25.048432], [121.525244, 25.048603], [121.525979, 25.04842], [121.526134, 25.048663], [121.526233, 25.048638], [121.524783, 25.048972], [121.524686, 25.048769], [121.524882, 25.048625], [121.525036, 25.048694], [121.524855, 25.048288], [121.52461, 25.048337], [121.524663, 25.048494], [121.525208, 25.048204], [121.525164, 25.048107], [121.525315, 25.048241], [121.525598, 25.048049], [121.525653, 25.048111], [121.525942, 25.047971], [121.526077, 25.047967], [121.526094, 25.048112], [121.526474, 25.048164], [121.527006, 25.04802], [121.526815, 25.04776], [121.526752, 25.047777], [121.526778, 25.047859], [121.526593, 25.047819], [121.526575, 25.047913], [121.52649, 25.047847], [121.526528, 25.047926], [121.526993, 25.047713], [121.527743, 25.047508], [121.527835, 25.047751], [121.527694, 25.047854], [121.527141, 25.047973], [121.527179, 25.048135], [121.526784, 25.048225], [121.5279, 25.047943], [121.527953, 25.048061], [121.528126, 25.048026], [121.528151, 25.047875], [121.528284, 25.047846], [121.52807, 25.04778], [121.528109, 25.047884], [121.528246, 25.047732], [121.528707, 25.047688], [121.528846, 25.047801], [121.529121, 25.047767], [121.529204, 25.047691], [121.529198, 25.047549], [121.529392, 25.047365], [121.529467, 25.047459], [121.529334, 25.047571], [121.529559, 25.04738], [121.529584, 25.047174], [121.529704, 25.04708], [121.529783, 25.04703], [121.529986, 25.04712], [121.530074, 25.047064], [121.529935, 25.046887], [121.530518, 25.046444], [121.530484, 25.046318], [121.530137, 25.046431], [121.530181, 25.046506], [121.530035, 25.04646], [121.529376, 25.046713], [121.528797, 25.047238], [121.528717, 25.047175], [121.528597, 25.047278], [121.528584, 25.047464], [121.528466, 25.047457], [121.528367, 25.047567], [121.52853, 25.047626], [121.528284, 25.047401], [121.528314, 25.04732], [121.528187, 25.047356], [121.528186, 25.047436], [121.528059, 25.047278], [121.527963, 25.047307], [121.527978, 25.047208], [121.52846, 25.047126], [121.528618, 25.046982], [121.528772, 25.047078], [121.529221, 25.046709], [121.529488, 25.047007], [121.529762, 25.046767], [121.529719, 25.046721], [121.529956, 25.046635], [121.530215, 25.046886], [121.53029, 25.046822], [121.530175, 25.046922], [121.530403, 25.047031], [121.530559, 25.046814], [121.530466, 25.046606], [121.530634, 25.04646], [121.530745, 25.046723], [121.530649, 25.046864], [121.530588, 25.04629], [121.531071, 25.046257], [121.531073, 25.046203], [121.531044, 25.046333], [121.531152, 25.046488], [121.531249, 25.046405], [121.531215, 25.046261], [121.531324, 25.046214], [121.5313, 25.04616], [121.531538, 25.046091], [121.531585, 25.046174], [121.531395, 25.046343], [121.531826, 25.046071], [121.52938, 25.047932], [121.528963, 25.047954], [121.528967, 25.047494], [121.529452, 25.047083], [121.529724, 25.047228], [121.529783, 25.047177], [121.528716, 25.047324], [121.528698, 25.046854], [121.528751, 25.046837], [121.52801, 25.047552], [121.528269, 25.048196]]}}, {"type": "Feature", "properties": {"district": "63000040", "segment": 16, "total_segments": 23, "km": 14.95, "villages": ["興亞里", "朱園里"]}, "geometry": {"type": "LineString", "coordinates": [[121.52938, 25.048912], [121.529442, 25.048829], [121.529869, 25.048697], [121.530195, 25.048726], [121.530193, 25.048647], [121.530435, 25.048601], [121.532523, 25.048566], [121.532414, 25.048923], [121.531533, 25.048938], [121.531532, 25.048844], [121.531401, 25.048948], [121.530563, 25.048957], [121.530195, 25.048886], [121.529854, 25.049219], [121.529582, 25.049331], [121.529164, 25.049355], [121.529187, 25.049258], [121.529217, 25.049445], [121.529411, 25.049441], [121.529439, 25.049665], [121.528937, 25.04968], [121.528966, 25.049586], [121.528968, 25.049806], [121.529432, 25.049809], [121.529438, 25.050052], [121.529025, 25.050056], [121.529074, 25.050163], [121.528609, 25.050191], [121.528701, 25.05003], [121.528871, 25.050062], [121.528757, 25.050401], [121.528566, 25.050402], [121.528593, 25.05069], [121.528705, 25.05069], [121.528891, 25.050428], [121.529457, 25.050389], [121.52945, 25.05029], [121.5297, 25.050295], [121.529696, 25.050385], [121.529935, 25.05027], [121.52988, 25.049927], [121.530183, 25.049759], [121.529867, 25.049516], [121.529684, 25.050641], [121.529179, 25.050638], [121.529195, 25.050983], [121.52941, 25.050981], [121.529395, 25.051113], [121.529667, 25.051116], [121.529678, 25.050996], [121.529611, 25.050996], [121.529843, 25.050991], [121.529949, 25.050874], [121.529937, 25.05073], [121.529855, 25.050679], [121.530167, 25.050641], [121.53018, 25.051212], [121.530456, 25.051078], [121.531232, 25.051084], [121.531178, 25.050956], [121.53035, 25.050966], [121.53033, 25.050615], [121.530997, 25.050687], [121.53128, 25.050631], [121.531225, 25.050381], [121.531576, 25.050699], [121.531578, 25.050916], [121.531364, 25.050909], [121.531371, 25.051382], [121.530559, 25.051365], [121.53051, 25.051497], [121.530394, 25.051492], [121.529954, 25.051331], [121.529951, 25.05114], [121.529848, 25.051495], [121.529958, 25.05159], [121.529921, 25.051871], [121.529042, 25.051884], [121.529026, 25.051575], [121.52969, 25.051509], [121.529671, 25.051415], [121.529215, 25.051345], [121.529172, 25.051412], [121.528438, 25.051392], [121.528157, 25.051318], [121.528132, 25.051377], [121.528211, 25.051131], [121.52872, 25.051107], [121.528268, 25.050943], [121.528358, 25.050748], [121.529032, 25.051136], [121.529236, 25.051115], [121.528818, 25.051537], [121.528896, 25.051603], [121.528645, 25.051887], [121.528181, 25.051888], [121.53019, 25.051764], [121.530365, 25.051867], [121.530797, 25.051864], [121.531123, 25.05176], [121.531299, 25.051854], [121.532194, 25.051864], [121.532785, 25.051767], [121.53274, 25.051222], [121.532608, 25.050773], [121.532117, 25.050627], [121.531999, 25.050714], [121.531946, 25.050593], [121.531829, 25.050639], [121.531809, 25.050935], [121.532085, 25.050922], [121.532104, 25.051113], [121.532217, 25.051096], [121.531756, 25.051088], [121.531583, 25.05119], [121.531585, 25.05138], [121.531972, 25.051285], [121.531972, 25.051351], [121.532246, 25.051344], [121.532395, 25.051493], [121.532107, 25.051508], [121.532168, 25.05012], [121.532501, 25.050139], [121.532773, 25.050016], [121.532767, 25.049499], [121.53229, 25.049475], [121.532301, 25.049288], [121.532086, 25.049321], [121.532088, 25.049244], [121.532106, 25.049057], [121.53276, 25.049085], [121.532752, 25.048681], [121.53254, 25.04836], [121.531802, 25.048376], [121.531822, 25.048313], [121.531746, 25.048313], [121.531746, 25.048376], [121.53016, 25.048405], [121.530115, 25.048068], [121.530805, 25.04802], [121.530855, 25.047918], [121.530243, 25.047931], [121.53051, 25.047661], [121.53109, 25.047636], [121.531289, 25.047724], [121.531342, 25.047921], [121.531236, 25.048109], [121.531354, 25.048123], [121.531349, 25.048063], [121.531556, 25.048055], [121.531518, 25.047658], [121.531848, 25.047647], [121.531859, 25.047541], [121.532192, 25.04752], [121.53252, 25.047525], [121.532514, 25.047638], [121.531967, 25.047646], [121.531794, 25.047542], [121.5318, 25.047256], [121.53248, 25.04719], [121.532421, 25.047023], [121.532325, 25.047], [121.531498, 25.047043], [121.531328, 25.04717], [121.53125, 25.04708], [121.530966, 25.047282], [121.531729, 25.046722], [121.532716, 25.046661], [121.532737, 25.047854], [121.532597, 25.047904], [121.532666, 25.047998], [121.532198, 25.048021], [121.532022, 25.047971], [121.532039, 25.047876], [121.532442, 25.047884], [121.531782, 25.047832], [121.530962, 25.048023], [121.532742, 25.048246], [121.532763, 25.049256], [121.532339, 25.049735], [121.532118, 25.049728], [121.532286, 25.049835], [121.532089, 25.049482], [121.531925, 25.049413], [121.532198, 25.046578], [121.532126, 25.046463], [121.532008, 25.046533], [121.532445, 25.046289], [121.532714, 25.046293], [121.532718, 25.046557], [121.533139, 25.046449], [121.533131, 25.045912], [121.533521, 25.045843], [121.533561, 25.046998], [121.533392, 25.046997], [121.533381, 25.047169], [121.53365, 25.047205], [121.533853, 25.04744], [121.533481, 25.047519], [121.533519, 25.047804], [121.533716, 25.047801], [121.533724, 25.047975], [121.533812, 25.047973], [121.533163, 25.04798], [121.533181, 25.048327], [121.534597, 25.048325], [121.534499, 25.04853], [121.533659, 25.048543], [121.533816, 25.048881], [121.534604, 25.04889], [121.534575, 25.049038], [121.533511, 25.04901], [121.53349, 25.049281], [121.533651, 25.049288], [121.533649, 25.049422], [121.534371, 25.049421], [121.53433, 25.049266], [121.534604, 25.049259], [121.534659, 25.049634], [121.534353, 25.049856], [121.53421, 25.049657], [121.533192, 25.049685], [121.533143, 25.046674], [121.533858, 25.04558], [121.534217, 25.045516], [121.534993, 25.045557], [121.535044, 25.045363], [121.53523, 25.0455], [121.534706, 25.04513], [121.534645, 25.045217], [121.533918, 25.045387], [121.535692, 25.045869], [121.536306, 25.046439], [121.536247, 25.046841], [121.536318, 25.046905], [121.536221, 25.046908], [121.536321, 25.047076], [121.53632, 25.04826], [121.535165, 25.048318], [121.535163, 25.048522], [121.534869, 25.048525], [121.534819, 25.048014], [121.533997, 25.047971], [121.5342, 25.047635], [121.535188, 25.047952], [121.535253, 25.04852], [121.53546, 25.048535], [121.535273, 25.048876], [121.534823, 25.04884], [121.534877, 25.049024], [121.535015, 25.049284], [121.535778, 25.049244], [121.535676, 25.049363], [121.535165, 25.049366], [121.534906, 25.049495], [121.535085, 25.049854], [121.535208, 25.049853], [121.535088, 25.050045], [121.535252, 25.050339], [121.535251, 25.050482], [121.535095, 25.050699], [121.534873, 25.050728], [121.534884, 25.051552], [121.534655, 25.051561], [121.53466, 25.050725], [121.534027, 25.050701], [121.53391, 25.050589], [121.53411, 25.050473], [121.534178, 25.050512], [121.534371, 25.050337], [121.534165, 25.050256], [121.533943, 25.050273], [121.533624, 25.050565], [121.533578, 25.050704], [121.53337, 25.050735], [121.533212, 25.050914], [121.533234, 25.051697], [121.533325, 25.05184], [121.536352, 25.051813], [121.536392, 25.051053], [121.536302, 25.051046], [121.536389, 25.050826], [121.536173, 25.050742], [121.536141, 25.051107], [121.53586, 25.05105], [121.535666, 25.050796], [121.535083, 25.05091], [121.535086, 25.051074], [121.535239, 25.051066], [121.535216, 25.051311], [121.535102, 25.051335], [121.535333, 25.05168], [121.535509, 25.051692], [121.53584, 25.051361], [121.535937, 25.051353], [121.535967, 25.051498], [121.536097, 25.051534], [121.536151, 25.051435], [121.536302, 25.050356], [121.536356, 25.048625], [121.536298, 25.048507], [121.53606, 25.048505], [121.536049, 25.048812], [121.535934, 25.048835], [121.535935, 25.048768], [121.53523, 25.049], [121.535924, 25.048989], [121.536054, 25.049077], [121.536056, 25.049226], [121.535928, 25.049173], [121.536051, 25.048921], [121.535805, 25.048518], [121.535671, 25.04852], [121.535927, 25.047984], [121.536008, 25.048016], [121.536009, 25.047951], [121.535821, 25.047946], [121.535747, 25.047635], [121.535736, 25.049626], [121.535549, 25.049633], [121.53554, 25.049937], [121.535628, 25.049935], [121.534407, 25.05091], [121.534141, 25.050941], [121.534163, 25.05107], [121.533853, 25.051067], [121.533859, 25.051354], [121.534361, 25.051331], [121.534368, 25.051485], [121.534468, 25.051485], [121.533981, 25.051479], [121.53398, 25.051543], [121.53385, 25.051567], [121.533595, 25.050959], [121.533826, 25.050804], [121.533523, 25.050935], [121.533207, 25.050548], [121.533204, 25.050449], [121.533468, 25.05009], [121.533871, 25.049274], [121.534179, 25.049261]]}}, {"type": "Feature", "properties": {"district": "63000040", "segment": 17, "total_segments": 23, "km": 14.26, "villages": ["朱園里", "中央里", "中吉里"]}, "geometry": {"type": "LineString", "coordinates": [[121.534253, 25.05107], [121.534353, 25.051083], [121.534335, 25.052237], [121.53456, 25.052247], [121.534505, 25.052617], [121.533831, 25.052609], [121.533682, 25.05268], [121.533703, 25.052867], [121.534148, 25.052841], [121.534257, 25.053119], [121.534222, 25.053217], [121.53355, 25.053217], [121.53355, 25.053149], [121.533556, 25.053581], [121.53327, 25.053554], [121.53331, 25.054322], [121.533348, 25.054199], [121.533434, 25.054201], [121.533392, 25.054294], [121.533482, 25.054321], [121.533391, 25.054158], [121.533942, 25.054063], [121.533959, 25.053966], [121.534414, 25.053961], [121.534477, 25.054053], [121.533745, 25.053972], [121.533743, 25.05372], [121.534715, 25.053726], [121.534659, 25.054052], [121.534603, 25.05405], [121.534725, 25.054065], [121.534722, 25.054617], [121.534627, 25.054676], [121.53385, 25.054692], [121.533883, 25.054948], [121.53358, 25.055014], [121.533535, 25.054912], [121.53331, 25.054942], [121.533311, 25.055846], [121.533591, 25.055647], [121.533587, 25.055528], [121.533458, 25.056236], [121.533352, 25.05624], [121.533318, 25.056405], [121.53332, 25.056856], [121.533606, 25.056822], [121.533607, 25.056717], [121.533602, 25.056548], [121.533329, 25.057162], [121.533336, 25.057531], [121.534178, 25.057728], [121.536212, 25.057699], [121.536545, 25.057224], [121.536336, 25.056826], [121.536323, 25.056623], [121.536526, 25.056594], [121.536527, 25.056683], [121.536462, 25.054426], [121.536175, 25.054393], [121.536125, 25.054656], [121.534988, 25.054671], [121.534929, 25.054504], [121.534933, 25.053709], [121.535802, 25.053745], [121.535781, 25.05408], [121.535164, 25.054068], [121.535138, 25.053942], [121.535586, 25.053929], [121.535541, 25.054276], [121.535196, 25.054297], [121.535152, 25.054396], [121.535838, 25.054404], [121.535853, 25.054273], [121.535651, 25.054276], [121.536022, 25.053928], [121.536445, 25.053957], [121.536446, 25.053871], [121.536441, 25.054217], [121.536248, 25.053692], [121.536092, 25.053698], [121.536004, 25.053001], [121.53644, 25.05297], [121.536369, 25.052595], [121.536106, 25.052626], [121.536035, 25.052448], [121.536062, 25.052232], [121.536186, 25.052234], [121.53511, 25.052217], [121.535139, 25.052621], [121.535828, 25.052612], [121.535851, 25.052848], [121.535724, 25.052848], [121.53571, 25.052961], [121.535842, 25.05296], [121.535349, 25.052964], [121.535354, 25.052839], [121.535599, 25.052844], [121.534899, 25.052855], [121.534894, 25.052618], [121.534706, 25.052663], [121.534695, 25.052854], [121.534893, 25.052957], [121.534894, 25.053175], [121.535019, 25.053216], [121.53502, 25.053413], [121.534917, 25.053412], [121.534916, 25.053303], [121.534972, 25.053566], [121.53583, 25.053548], [121.535847, 25.053314], [121.535543, 25.053314], [121.535533, 25.05321], [121.535824, 25.053183], [121.535332, 25.053191], [121.535317, 25.053321], [121.535409, 25.053322], [121.53511, 25.053312], [121.535211, 25.052967], [121.53442, 25.052857], [121.53442, 25.052798], [121.533938, 25.052996], [121.533694, 25.052969], [121.533703, 25.053331], [121.534202, 25.053331], [121.534242, 25.053579], [121.533696, 25.053574], [121.533525, 25.053708], [121.533725, 25.054317], [121.534448, 25.054291], [121.534468, 25.05358], [121.53471, 25.053578], [121.534364, 25.053579], [121.533257, 25.053024], [121.533248, 25.052322], [121.533382, 25.052232], [121.536211, 25.053432], [121.536433, 25.053416], [121.536424, 25.053506], [121.53644, 25.053046], [121.535108, 25.054986], [121.532862, 25.054978], [121.532016, 25.054944], [121.531973, 25.054732], [121.531676, 25.054728], [121.531621, 25.054136], [121.531707, 25.054072], [121.532215, 25.054093], [121.532226, 25.053959], [121.532332, 25.053965], [121.532374, 25.053743], [121.532226, 25.053741], [121.532099, 25.053948], [121.531948, 25.053967], [121.531725, 25.05359], [121.531617, 25.053543], [121.531698, 25.053238], [121.532371, 25.053231], [121.532304, 25.053351], [121.531817, 25.053333], [121.531619, 25.053176], [121.531706, 25.053006], [121.532384, 25.052992], [121.532323, 25.052625], [121.532235, 25.052626], [121.532424, 25.05253], [121.532338, 25.052245], [121.531804, 25.052251], [121.531811, 25.05263], [121.531609, 25.052681], [121.531651, 25.05284], [121.531419, 25.052839], [121.531415, 25.05268], [121.530657, 25.052659], [121.530684, 25.05289], [121.530614, 25.052891], [121.530817, 25.052888], [121.530701, 25.053024], [121.530607, 25.053025], [121.530562, 25.053252], [121.530978, 25.053248], [121.530971, 25.053345], [121.53068, 25.053351], [121.530717, 25.053594], [121.530773, 25.053599], [121.530597, 25.053601], [121.530563, 25.053758], [121.531384, 25.053722], [121.531432, 25.053967], [121.53131, 25.054017], [121.531208, 25.053947], [121.53119, 25.054183], [121.531248, 25.054149], [121.530636, 25.054104], [121.530703, 25.053982], [121.530955, 25.053961], [121.531146, 25.053962], [121.53143, 25.054098], [121.531421, 25.054557], [121.531276, 25.054348], [121.530857, 25.054352], [121.530882, 25.054445], [121.531169, 25.054446], [121.531196, 25.054741], [121.530301, 25.054747], [121.53024, 25.05415], [121.530353, 25.05382], [121.530264, 25.053379], [121.530426, 25.053559], [121.530258, 25.053138], [121.530301, 25.052891], [121.530378, 25.052887], [121.53025, 25.052256], [121.531322, 25.052261], [121.531237, 25.052872], [121.531017, 25.052875], [121.530957, 25.053021], [121.531033, 25.053034], [121.530938, 25.053556], [121.53101, 25.053597], [121.530714, 25.054335], [121.530585, 25.05433], [121.530598, 25.054457], [121.530486, 25.054461], [121.530744, 25.054447], [121.530754, 25.054955], [121.531427, 25.054955], [121.531455, 25.055142], [121.531449, 25.055403], [121.530989, 25.055365], [121.530965, 25.055237], [121.530716, 25.055242], [121.530832, 25.055362], [121.531012, 25.055237], [121.531163, 25.055236], [121.531261, 25.055592], [121.53136, 25.055594], [121.531461, 25.055904], [121.530745, 25.055966], [121.530666, 25.056169], [121.530284, 25.056188], [121.530299, 25.056739], [121.530421, 25.05686], [121.53053, 25.056857], [121.530501, 25.05676], [121.53064, 25.05675], [121.530635, 25.056591], [121.530551, 25.056536], [121.530631, 25.056911], [121.530547, 25.057036], [121.53031, 25.057109], [121.530309, 25.056958], [121.530448, 25.057337], [121.530317, 25.057414], [121.530374, 25.057851], [121.532623, 25.057833], [121.532909, 25.057748], [121.532884, 25.057273], [121.53271, 25.057386], [121.531923, 25.057397], [121.53192, 25.057317], [121.531804, 25.057401], [121.530867, 25.05743], [121.530854, 25.05751], [121.532656, 25.057501], [121.532572, 25.057156], [121.531928, 25.057162], [121.53194, 25.057059], [121.532595, 25.057047], [121.532554, 25.056668], [121.532443, 25.056693], [121.532428, 25.056502], [121.532329, 25.056503], [121.532881, 25.056588], [121.532883, 25.056992], [121.532303, 25.05685], [121.531718, 25.056921], [121.531688, 25.056847], [121.531418, 25.056808], [121.531395, 25.056725], [121.531579, 25.056643], [121.531592, 25.056733], [121.531469, 25.056119], [121.531364, 25.056122], [121.531247, 25.056279], [121.531327, 25.056363], [121.531258, 25.056574], [121.531317, 25.056766], [121.531108, 25.056861], [121.531077, 25.056764], [121.531134, 25.056741], [121.531175, 25.057076], [121.531621, 25.05707], [121.531625, 25.05717], [121.530854, 25.057169], [121.530867, 25.057082], [121.53107, 25.057078], [121.530731, 25.057127], [121.530727, 25.057595], [121.530734, 25.057652], [121.531781, 25.057167], [121.531743, 25.057069], [121.53214, 25.056688], [121.532182, 25.05593], [121.531725, 25.055934], [121.531639, 25.055725], [121.532559, 25.055679], [121.532467, 25.055579], [121.532502, 25.055334], [121.532564, 25.055324], [121.532531, 25.055213], [121.532395, 25.055318], [121.531634, 25.055396], [121.53179, 25.055583], [121.532884, 25.056098], [121.532882, 25.056298], [121.53287, 25.055377], [121.532487, 25.054594], [121.532388, 25.05467], [121.532208, 25.054651], [121.532266, 25.054444], [121.53235, 25.054443], [121.532191, 25.054311], [121.53192, 25.054316], [121.531949, 25.054445], [121.531768, 25.054337], [121.532086, 25.054453], [121.53285, 25.05419], [121.532765, 25.052709], [121.532814, 25.052326], [121.532637, 25.052241], [121.531946, 25.052662], [121.531945, 25.053592], [121.53188, 25.053593], [121.532398, 25.053586], [121.531332, 25.054742], [121.53061, 25.054956], [121.530295, 25.054959], [121.530278, 25.05596], [121.530383, 25.05572], [121.531141, 25.055706], [121.531008, 25.055584], [121.530445, 25.055598], [121.530514, 25.055381], [121.530585, 25.055383], [121.530936, 25.056141], [121.531119, 25.056139], [121.53097, 25.056353]]}}, {"type": "Feature", "properties": {"district": "63000040", "segment": 18, "total_segments": 23, "km": 13.46, "villages": ["中原里", "中庄里"]}, "geometry": {"type": "LineString", "coordinates": [[121.530065, 25.056548], [121.530087, 25.057784], [121.530013, 25.057864], [121.527881, 25.057863], [121.528114, 25.057476], [121.528574, 25.057467], [121.52868, 25.057664], [121.528817, 25.057649], [121.528801, 25.057215], [121.529094, 25.057199], [121.529059, 25.057084], [121.529683, 25.057028], [121.529655, 25.057185], [121.529928, 25.057184], [121.529899, 25.057355], [121.529309, 25.057364], [121.529223, 25.057258], [121.529055, 25.05747], [121.529126, 25.057506], [121.528798, 25.057053], [121.528802, 25.056911], [121.528945, 25.056911], [121.52894, 25.056967], [121.529039, 25.056872], [121.529868, 25.056883], [121.529838, 25.056748], [121.528957, 25.056745], [121.528956, 25.056559], [121.529827, 25.056549], [121.529837, 25.056383], [121.529985, 25.056358], [121.530043, 25.056169], [121.529795, 25.056224], [121.52977, 25.056385], [121.528965, 25.056417], [121.528957, 25.056194], [121.529389, 25.056169], [121.52938, 25.055985], [121.529075, 25.055985], [121.528933, 25.055858], [121.528939, 25.055716], [121.529807, 25.055719], [121.529582, 25.055607], [121.528923, 25.055589], [121.528924, 25.055183], [121.52875, 25.055241], [121.528715, 25.055626], [121.528116, 25.055634], [121.52787, 25.055425], [121.527966, 25.055277], [121.52806, 25.055279], [121.528115, 25.055393], [121.528556, 25.055386], [121.52858, 25.055279], [121.528352, 25.055284], [121.528389, 25.055443], [121.528391, 25.05499], [121.5278, 25.055036], [121.527847, 25.054796], [121.527784, 25.05422], [121.527983, 25.053981], [121.528326, 25.053975], [121.52842, 25.054076], [121.528188, 25.054116], [121.528184, 25.054326], [121.528128, 25.054326], [121.528195, 25.054448], [121.528052, 25.054449], [121.528408, 25.054446], [121.528437, 25.054327], [121.528367, 25.054327], [121.528456, 25.054775], [121.527936, 25.054793], [121.528446, 25.054988], [121.529969, 25.054998], [121.530036, 25.055263], [121.529324, 25.05525], [121.529297, 25.055391], [121.529224, 25.055398], [121.529139, 25.055395], [121.529112, 25.055258], [121.529423, 25.055398], [121.530004, 25.055412], [121.530052, 25.055916], [121.52873, 25.056184], [121.528782, 25.056748], [121.528507, 25.056778], [121.528475, 25.056677], [121.528329, 25.056724], [121.528191, 25.056901], [121.52788, 25.056998], [121.527982, 25.057096], [121.527977, 25.057258], [121.527902, 25.057296], [121.528462, 25.057268], [121.528552, 25.05689], [121.528636, 25.05689], [121.52861, 25.056504], [121.528523, 25.056504], [121.528659, 25.056504], [121.528635, 25.056189], [121.52824, 25.056195], [121.528153, 25.056102], [121.528011, 25.056154], [121.527906, 25.056105], [121.527863, 25.05593], [121.527966, 25.055864], [121.52786, 25.05576], [121.528041, 25.056547], [121.527861, 25.056762], [121.529571, 25.05719], [121.529585, 25.057502], [121.529821, 25.057501], [121.529408, 25.057516], [121.529631, 25.054717], [121.529985, 25.053815], [121.529645, 25.053322], [121.52946, 25.053301], [121.52943, 25.053159], [121.529512, 25.053002], [121.529595, 25.053], [121.52954, 25.052919], [121.529626, 25.052922], [121.529233, 25.052921], [121.529148, 25.052858], [121.529096, 25.052867], [121.529143, 25.052922], [121.528883, 25.052923], [121.528956, 25.052828], [121.528856, 25.052873], [121.528855, 25.052735], [121.528952, 25.052783], [121.52894, 25.052684], [121.528856, 25.052683], [121.528842, 25.052444], [121.528714, 25.052462], [121.528732, 25.053307], [121.528291, 25.05332], [121.528274, 25.053452], [121.528418, 25.05345], [121.528395, 25.053658], [121.528314, 25.053659], [121.528273, 25.053778], [121.528088, 25.053774], [121.528077, 25.053654], [121.528161, 25.05366], [121.52812, 25.05346], [121.527981, 25.053465], [121.528063, 25.053318], [121.527932, 25.053263], [121.527836, 25.053313], [121.527844, 25.053137], [121.528522, 25.053102], [121.528481, 25.052998], [121.528148, 25.053026], [121.527848, 25.052919], [121.527866, 25.052774], [121.528184, 25.052667], [121.528491, 25.052677], [121.528423, 25.052336], [121.528045, 25.052293], [121.529677, 25.052303], [121.529629, 25.052571], [121.529443, 25.052571], [121.529417, 25.052685], [121.529616, 25.05266], [121.529157, 25.05267], [121.529295, 25.052757], [121.529154, 25.052745], [121.529287, 25.05256], [121.529286, 25.052431], [121.529992, 25.053137], [121.528387, 25.053773], [121.527785, 25.053804], [121.527782, 25.053889], [121.527796, 25.053502], [121.527937, 25.058174], [121.528286, 25.058183], [121.528329, 25.058493], [121.527899, 25.058499], [121.527873, 25.058375], [121.527883, 25.058698], [121.527966, 25.058623], [121.528828, 25.058603], [121.528828, 25.059338], [121.52876, 25.059449], [121.527907, 25.059463], [121.527912, 25.058892], [121.528609, 25.058879], [121.528609, 25.059064], [121.528114, 25.059067], [121.528055, 25.059304], [121.528627, 25.059297], [121.528842, 25.059475], [121.528845, 25.059702], [121.530121, 25.059691], [121.53009, 25.058445], [121.530076, 25.05813], [121.528987, 25.05814], [121.528998, 25.058857], [121.529915, 25.058862], [121.529893, 25.059015], [121.529008, 25.059019], [121.529006, 25.059449], [121.529919, 25.059428], [121.529917, 25.05932], [121.529189, 25.05933], [121.529534, 25.059113], [121.52953, 25.058598], [121.529929, 25.058588], [121.529872, 25.058452], [121.529718, 25.058392], [121.529668, 25.058455], [121.529214, 25.058463], [121.529178, 25.058604], [121.529442, 25.0586], [121.528799, 25.058491], [121.528796, 25.058365], [121.527759, 25.058895], [121.527979, 25.05991], [121.528847, 25.059899], [121.528846, 25.060041], [121.529009, 25.060025], [121.529015, 25.059892], [121.530124, 25.059893], [121.530121, 25.060164], [121.528011, 25.060225], [121.527916, 25.060207], [121.527921, 25.060123], [121.528453, 25.059728], [121.530353, 25.059648], [121.530324, 25.058163], [121.530398, 25.058118], [121.532151, 25.058085], [121.532158, 25.058305], [121.532306, 25.058405], [121.532639, 25.058395], [121.532469, 25.058624], [121.532433, 25.058564], [121.531723, 25.058546], [121.531697, 25.058832], [121.531591, 25.058826], [121.531562, 25.058319], [121.531692, 25.058287], [121.531692, 25.058175], [121.531756, 25.058402], [121.531853, 25.058404], [121.531407, 25.058575], [121.531282, 25.058558], [121.531262, 25.058433], [121.530939, 25.058451], [121.530938, 25.058263], [121.530662, 25.058206], [121.530642, 25.058601], [121.530707, 25.058668], [121.530936, 25.058651], [121.530939, 25.058499], [121.53115, 25.058894], [121.531543, 25.058886], [121.531575, 25.059007], [121.531004, 25.059015], [121.53097, 25.059117], [121.53074, 25.05914], [121.530753, 25.058989], [121.530564, 25.058991], [121.530621, 25.059056], [121.530584, 25.058847], [121.530916, 25.058842], [121.530904, 25.058747], [121.530603, 25.058712], [121.530918, 25.058708], [121.531319, 25.058431], [121.531729, 25.058972], [121.532168, 25.058968], [121.532176, 25.05887], [121.5319, 25.058874], [121.531701, 25.059027], [121.531522, 25.05932], [121.531077, 25.059327], [121.531048, 25.059402], [121.531606, 25.059401], [121.531616, 25.059783], [121.531537, 25.059844], [121.530602, 25.059849], [121.530607, 25.059995], [121.531624, 25.059986], [121.531598, 25.060305], [121.530632, 25.060325], [121.530368, 25.060305], [121.530356, 25.059704], [121.530754, 25.059659], [121.530748, 25.059244], [121.530986, 25.059304], [121.53091, 25.0596], [121.531719, 25.05964], [121.531721, 25.059836], [121.531843, 25.059867], [121.532458, 25.059853], [121.532308, 25.05974], [121.532291, 25.059349], [121.531722, 25.059314], [121.531735, 25.059389], [121.531949, 25.059386], [121.531719, 25.059553], [121.532297, 25.059123], [121.532427, 25.059146], [121.532399, 25.059218], [121.532465, 25.05873], [121.532595, 25.058702], [121.532276, 25.058697], [121.532281, 25.05876], [121.53218, 25.058778], [121.532279, 25.058876], [121.532879, 25.058982], [121.532917, 25.058132], [121.532289, 25.058086], [121.53294, 25.059324], [121.532951, 25.059809], [121.532573, 25.059644], [121.532573, 25.05957], [121.532187, 25.060291]]}}, {"type": "Feature", "properties": {"district": "63000040", "segment": 19, "total_segments": 23, "km": 13.1, "villages": ["新生里", "松江里"]}, "geometry": {"type": "LineString", "coordinates": [[121.532198, 25.06039], [121.530407, 25.060456], [121.530401, 25.062171], [121.530175, 25.062104], [121.530082, 25.062348], [121.529889, 25.062386], [121.529299, 25.062332], [121.529084, 25.062405], [121.528863, 25.062409], [121.529044, 25.062182], [121.52904, 25.061887], [121.529137, 25.061952], [121.529692, 25.061974], [121.529739, 25.062089], [121.529904, 25.061953], [121.529816, 25.061828], [121.529802, 25.061451], [121.5297, 25.061554], [121.52933, 25.061551], [121.529359, 25.061681], [121.529541, 25.061692], [121.528887, 25.061754], [121.528874, 25.061976], [121.528168, 25.062007], [121.528227, 25.062226], [121.52808, 25.062121], [121.527956, 25.062144], [121.52796, 25.062222], [121.528002, 25.061415], [121.527924, 25.060959], [121.528789, 25.060926], [121.528856, 25.060464], [121.527929, 25.060476], [121.52793, 25.06079], [121.528803, 25.060773], [121.529026, 25.060938], [121.529806, 25.060858], [121.529808, 25.061157], [121.529941, 25.061153], [121.529925, 25.061271], [121.52906, 25.061306], [121.52906, 25.06158], [121.528309, 25.061611], [121.528346, 25.061709], [121.528691, 25.061708], [121.528803, 25.061682], [121.528867, 25.061336], [121.528422, 25.061313], [121.528441, 25.061189], [121.528551, 25.061189], [121.52807, 25.061186], [121.528289, 25.061348], [121.52827, 25.06171], [121.528171, 25.061712], [121.528299, 25.062116], [121.528661, 25.062112], [121.528668, 25.062412], [121.528021, 25.062426], [121.52887, 25.061166], [121.529681, 25.061155], [121.530158, 25.061301], [121.530169, 25.06193], [121.530689, 25.061948], [121.530673, 25.062066], [121.53275, 25.062041], [121.532986, 25.062104], [121.532954, 25.062302], [121.530511, 25.062371], [121.530854, 25.061923], [121.532757, 25.061879], [121.532655, 25.061705], [121.532472, 25.061612], [121.531822, 25.061617], [121.531798, 25.061513], [121.531844, 25.061416], [121.531957, 25.061508], [121.532639, 25.061476], [121.532662, 25.061199], [121.532118, 25.061215], [121.532137, 25.061104], [121.532483, 25.061089], [121.532511, 25.060811], [121.531967, 25.060827], [121.531946, 25.060732], [121.531774, 25.060737], [121.531851, 25.060809], [121.531748, 25.06085], [121.531752, 25.060937], [121.531633, 25.060922], [121.531635, 25.060686], [121.531449, 25.060833], [121.531048, 25.060841], [121.531063, 25.060757], [121.530846, 25.060762], [121.530859, 25.060842], [121.530949, 25.060843], [121.531372, 25.060751], [121.531395, 25.061128], [121.530855, 25.061147], [121.530876, 25.061237], [121.531227, 25.061251], [121.531295, 25.061324], [121.531253, 25.061524], [121.530957, 25.06154], [121.530977, 25.061632], [121.531616, 25.061622], [121.531668, 25.061702], [121.531643, 25.061221], [121.531363, 25.061227], [121.531447, 25.06113], [121.532064, 25.061088], [121.531891, 25.061208], [121.531785, 25.06121], [121.532017, 25.060729], [121.532497, 25.060721], [121.532692, 25.060483], [121.532841, 25.060482], [121.532969, 25.060987], [121.532982, 25.061875], [121.53248, 25.0604], [121.530719, 25.06065], [121.530721, 25.061249], [121.530636, 25.06125], [121.530843, 25.061339], [121.530755, 25.061458], [121.530738, 25.061784], [121.530913, 25.061631], [121.53015, 25.061142], [121.530144, 25.060521], [121.529867, 25.06044], [121.529806, 25.060769], [121.533373, 25.060652], [121.533383, 25.060404], [121.533483, 25.0604], [121.533604, 25.0604], [121.533711, 25.060571], [121.533867, 25.06065], [121.534692, 25.060642], [121.534725, 25.060771], [121.53387, 25.060784], [121.533715, 25.061019], [121.533952, 25.061042], [121.533999, 25.061112], [121.534076, 25.061036], [121.534343, 25.061029], [121.534481, 25.061106], [121.534457, 25.061027], [121.534762, 25.0611], [121.534732, 25.060984], [121.534626, 25.060986], [121.534946, 25.060982], [121.534968, 25.06074], [121.535427, 25.060752], [121.535445, 25.060658], [121.535519, 25.060653], [121.535561, 25.060761], [121.535936, 25.060745], [121.535775, 25.060975], [121.535584, 25.060986], [121.535609, 25.061092], [121.535689, 25.061092], [121.535247, 25.061101], [121.535224, 25.060991], [121.535131, 25.061015], [121.53544, 25.060988], [121.535367, 25.060663], [121.534963, 25.060663], [121.534969, 25.060379], [121.53552, 25.060379], [121.53555, 25.060228], [121.535959, 25.06022], [121.535969, 25.060011], [121.53552, 25.059964], [121.535495, 25.059865], [121.535996, 25.059848], [121.535945, 25.059602], [121.535591, 25.059623], [121.5355, 25.059515], [121.535205, 25.059522], [121.535201, 25.059598], [121.53533, 25.059596], [121.535123, 25.059598], [121.53512, 25.059523], [121.534942, 25.059527], [121.535009, 25.059598], [121.534928, 25.059711], [121.534956, 25.059874], [121.535356, 25.059865], [121.535231, 25.060046], [121.53504, 25.060024], [121.535062, 25.060242], [121.534988, 25.060244], [121.535357, 25.060229], [121.533826, 25.060263], [121.533807, 25.060209], [121.533864, 25.060399], [121.534715, 25.060389], [121.534716, 25.059962], [121.533951, 25.059973], [121.533925, 25.059894], [121.533808, 25.059896], [121.53384, 25.059974], [121.533675, 25.059892], [121.533377, 25.059896], [121.533391, 25.060943], [121.533552, 25.06104], [121.533405, 25.061146], [121.53344, 25.061632], [121.533638, 25.061885], [121.53389, 25.061716], [121.53477, 25.061702], [121.534789, 25.061995], [121.53466, 25.061872], [121.534166, 25.061898], [121.534236, 25.062235], [121.53651, 25.062205], [121.536652, 25.062091], [121.536636, 25.061845], [121.53647, 25.061724], [121.536453, 25.061873], [121.534984, 25.061897], [121.534968, 25.062115], [121.535005, 25.061711], [121.536191, 25.061714], [121.535995, 25.061341], [121.535879, 25.061347], [121.535749, 25.061481], [121.534955, 25.06148], [121.534945, 25.061141], [121.534742, 25.061461], [121.534563, 25.061387], [121.534502, 25.061465], [121.534446, 25.061391], [121.53434, 25.061468], [121.534281, 25.061394], [121.534142, 25.061396], [121.534148, 25.061472], [121.534238, 25.06147], [121.53405, 25.061472], [121.534057, 25.061395], [121.533821, 25.06147], [121.53387, 25.061116], [121.534128, 25.061109], [121.534267, 25.06111], [121.533924, 25.062201], [121.533578, 25.062284], [121.533416, 25.062141], [121.533413, 25.061945], [121.533996, 25.059894], [121.534744, 25.059857], [121.534735, 25.059525], [121.533819, 25.059538], [121.533823, 25.059615], [121.534614, 25.059605], [121.534759, 25.059356], [121.534741, 25.059245], [121.533803, 25.059252], [121.533794, 25.059176], [121.53595, 25.059245], [121.535893, 25.059102], [121.535577, 25.059047], [121.535575, 25.058963], [121.535839, 25.058881], [121.535798, 25.058726], [121.535874, 25.058725], [121.535054, 25.058731], [121.53509, 25.058888], [121.534924, 25.058932], [121.534937, 25.059093], [121.535073, 25.059116], [121.535365, 25.058938], [121.53528, 25.058447], [121.535872, 25.058434], [121.53608, 25.058334], [121.535932, 25.058116], [121.535563, 25.058118], [121.535177, 25.058442], [121.535013, 25.058408], [121.534905, 25.058508], [121.534911, 25.058632], [121.534728, 25.058451], [121.534437, 25.058457], [121.534467, 25.058729], [121.534201, 25.058775], [121.53428, 25.058893], [121.534726, 25.058905], [121.534621, 25.058727], [121.534054, 25.058895], [121.533844, 25.058896], [121.533707, 25.058766], [121.533454, 25.058984], [121.533372, 25.059716], [121.533399, 25.05854], [121.534548, 25.058151], [121.536383, 25.058113], [121.536541, 25.058347], [121.536492, 25.059276], [121.536358, 25.05927], [121.536367, 25.059435], [121.536495, 25.059437], [121.536451, 25.059589], [121.536374, 25.059589], [121.536326, 25.059806], [121.536124, 25.059469], [121.535697, 25.05948], [121.536577, 25.05965], [121.536537, 25.060058], [121.536938, 25.060242], [121.53657, 25.060605], [121.536595, 25.061449], [121.535929, 25.061133]]}}, {"type": "Feature", "properties": {"district": "63000040", "segment": 20, "total_segments": 23, "km": 14.23, "villages": ["江寧里", "江山里"]}, "geometry": {"type": "LineString", "coordinates": [[121.537358, 25.060947], [121.537356, 25.060865], [121.5376, 25.060824], [121.537706, 25.060953], [121.53796, 25.061005], [121.538936, 25.060971], [121.539087, 25.061039], [121.53916, 25.060421], [121.539069, 25.060323], [121.537968, 25.060337], [121.538014, 25.060647], [121.538929, 25.060663], [121.538931, 25.060787], [121.538176, 25.060806], [121.537524, 25.060449], [121.537374, 25.061258], [121.537461, 25.061484], [121.537523, 25.061483], [121.537369, 25.061583], [121.537411, 25.061709], [121.537599, 25.061726], [121.537699, 25.061574], [121.539121, 25.061518], [121.5391, 25.061734], [121.538031, 25.061726], [121.538018, 25.061341], [121.53916, 25.061362], [121.539079, 25.061145], [121.538019, 25.061192], [121.537921, 25.062144], [121.537766, 25.062146], [121.540528, 25.062136], [121.540913, 25.061798], [121.540869, 25.061543], [121.540454, 25.061542], [121.54045, 25.061687], [121.540293, 25.061685], [121.540308, 25.061375], [121.539694, 25.061376], [121.539672, 25.0615], [121.540036, 25.061506], [121.539976, 25.061727], [121.539702, 25.061739], [121.539741, 25.061937], [121.539392, 25.061918], [121.539332, 25.061656], [121.539682, 25.061138], [121.540429, 25.061135], [121.540418, 25.061008], [121.540484, 25.061011], [121.539312, 25.061022], [121.53931, 25.060812], [121.539385, 25.060768], [121.539363, 25.060316], [121.540283, 25.060305], [121.540142, 25.060446], [121.539929, 25.060449], [121.539978, 25.060639], [121.540638, 25.060608], [121.540656, 25.060428], [121.540594, 25.060303], [121.540513, 25.060301], [121.540841, 25.06034], [121.540864, 25.061319], [121.540675, 25.061267], [121.540663, 25.060767], [121.539576, 25.060782], [121.539476, 25.060657], [121.541787, 25.060609], [121.541753, 25.060772], [121.541375, 25.060838], [121.541132, 25.06078], [121.541186, 25.060993], [121.541567, 25.060995], [121.541566, 25.06091], [121.541621, 25.060995], [121.541692, 25.060932], [121.541807, 25.060996], [121.541346, 25.061125], [121.541344, 25.061213], [121.541238, 25.061215], [121.541241, 25.061126], [121.541086, 25.06114], [121.541219, 25.06128], [121.541222, 25.061356], [121.541143, 25.061357], [121.541408, 25.06064], [121.54138, 25.06029], [121.542114, 25.060375], [121.542116, 25.060278], [121.543476, 25.060291], [121.543692, 25.060474], [121.543693, 25.060676], [121.543597, 25.060612], [121.542861, 25.06064], [121.542864, 25.06075], [121.543597, 25.060748], [121.543494, 25.060995], [121.542631, 25.060995], [121.54249, 25.060936], [121.542478, 25.060519], [121.542307, 25.060568], [121.542307, 25.060482], [121.542706, 25.060588], [121.542738, 25.061115], [121.543509, 25.061146], [121.543497, 25.061356], [121.543577, 25.061355], [121.542916, 25.061341], [121.542864, 25.061523], [121.542518, 25.061491], [121.542488, 25.061173], [121.54266, 25.061161], [121.54231, 25.061336], [121.542305, 25.061686], [121.542001, 25.061715], [121.542009, 25.062007], [121.541665, 25.062166], [121.542137, 25.062005], [121.542268, 25.062161], [121.54359, 25.06215], [121.543708, 25.06211], [121.54383, 25.061853], [121.543768, 25.06168], [121.543965, 25.061685], [121.543969, 25.061491], [121.543769, 25.061488], [121.543545, 25.061535], [121.543537, 25.061665], [121.543369, 25.061708], [121.542512, 25.061713], [121.542488, 25.061962], [121.542993, 25.061522], [121.543362, 25.061519], [121.543991, 25.061204], [121.54388, 25.060862], [121.543987, 25.060773], [121.543928, 25.060398], [121.543975, 25.06026], [121.54106, 25.060329], [121.541078, 25.060128], [121.541953, 25.060102], [121.541929, 25.059885], [121.541781, 25.059887], [121.54191, 25.059781], [121.541969, 25.059582], [121.541561, 25.059521], [121.541548, 25.05939], [121.541777, 25.059387], [121.541807, 25.059168], [121.541963, 25.059167], [121.541872, 25.059031], [121.541342, 25.059025], [121.541448, 25.059169], [121.541715, 25.059168], [121.541811, 25.05888], [121.541801, 25.058385], [121.541598, 25.058388], [121.541476, 25.05853], [121.541197, 25.058535], [121.541207, 25.058673], [121.541478, 25.058672], [121.54148, 25.058807], [121.541271, 25.058807], [121.541632, 25.058807], [121.541233, 25.059211], [121.540825, 25.058982], [121.540966, 25.058676], [121.540812, 25.05862], [121.540811, 25.058523], [121.540924, 25.058502], [121.541151, 25.058184], [121.541248, 25.058184], [121.541242, 25.058014], [121.540869, 25.058022], [121.540834, 25.058303], [121.540595, 25.05853], [121.540489, 25.058811], [121.540403, 25.058811], [121.540385, 25.058689], [121.540026, 25.058676], [121.540034, 25.05853], [121.539855, 25.058706], [121.539745, 25.058704], [121.539765, 25.058821], [121.539643, 25.058822], [121.539825, 25.058819], [121.539884, 25.059194], [121.540296, 25.059163], [121.540614, 25.058981], [121.540612, 25.058885], [121.540632, 25.059403], [121.540509, 25.059447], [121.540451, 25.059588], [121.539615, 25.059558], [121.539502, 25.059429], [121.539587, 25.059354], [121.539796, 25.059445], [121.540333, 25.059374], [121.540619, 25.05957], [121.54064, 25.060105], [121.540829, 25.060087], [121.540845, 25.060145], [121.540891, 25.059896], [121.541, 25.059796], [121.54083, 25.059732], [121.540815, 25.059193], [121.541051, 25.059429], [121.541066, 25.059516], [121.541008, 25.059517], [121.541227, 25.059379], [121.541272, 25.059567], [121.541359, 25.059567], [121.541278, 25.059906], [121.541483, 25.059901], [121.541698, 25.05973], [121.541168, 25.059908], [121.540438, 25.059802], [121.540349, 25.059899], [121.540121, 25.059901], [121.540136, 25.059781], [121.540289, 25.05978], [121.539648, 25.059784], [121.539627, 25.059919], [121.53993, 25.059918], [121.539932, 25.060166], [121.539464, 25.060174], [121.539295, 25.06013], [121.539292, 25.059924], [121.539563, 25.05992], [121.539309, 25.059809], [121.53929, 25.05957], [121.539143, 25.059588], [121.539148, 25.060082], [121.538975, 25.060175], [121.537339, 25.060172], [121.537327, 25.059466], [121.537379, 25.059464], [121.537318, 25.059244], [121.537432, 25.059074], [121.537318, 25.059028], [121.537315, 25.058863], [121.53743, 25.058942], [121.53755, 25.058744], [121.537315, 25.058707], [121.537336, 25.058137], [121.53756, 25.058077], [121.539254, 25.058072], [121.53927, 25.058275], [121.539412, 25.058228], [121.53942, 25.058294], [121.539278, 25.05834], [121.539277, 25.058593], [121.539411, 25.058589], [121.539722, 25.058524], [121.539762, 25.058062], [121.539895, 25.058039], [121.539479, 25.058041], [121.539381, 25.058115], [121.539347, 25.058056], [121.53911, 25.058363], [121.538931, 25.058393], [121.538257, 25.058398], [121.538142, 25.058335], [121.537704, 25.058364], [121.537705, 25.058434], [121.537591, 25.058272], [121.537934, 25.058595], [121.538024, 25.058593], [121.538035, 25.058713], [121.53913, 25.0587], [121.539139, 25.059052], [121.539281, 25.059031], [121.539276, 25.058857], [121.539281, 25.059416], [121.53915, 25.059439], [121.539148, 25.059212], [121.538773, 25.059224], [121.538798, 25.059081], [121.537879, 25.059088], [121.53794, 25.059228], [121.538595, 25.059216], [121.53864, 25.059429], [121.537926, 25.059441], [121.537922, 25.059585], [121.538955, 25.05958], [121.538957, 25.059424], [121.538757, 25.059427], [121.538876, 25.05908], [121.538941, 25.059078], [121.538903, 25.05885], [121.537898, 25.058869], [121.537885, 25.058714], [121.537937, 25.058714], [121.537689, 25.05873], [121.537729, 25.060067], [121.537966, 25.059942], [121.538667, 25.059936], [121.538673, 25.059808], [121.538971, 25.059788], [121.538947, 25.059934], [121.538596, 25.059809], [121.537974, 25.059816], [121.539483, 25.0592], [121.539745, 25.059195], [121.539737, 25.059067], [121.539499, 25.059048], [121.540249, 25.059013], [121.540239, 25.058863], [121.540145, 25.058863], [121.540368, 25.058524], [121.540321, 25.05808], [121.540073, 25.058085], [121.53911, 25.058454], [121.540062, 25.060161], [121.5435, 25.0601], [121.543499, 25.059727], [121.54252, 25.059743], [121.542485, 25.059947], [121.542647, 25.059872], [121.543336, 25.059861], [121.543241, 25.059504], [121.542444, 25.059569], [121.543181, 25.059371], [121.543534, 25.059373], [121.543536, 25.059497], [121.543438, 25.059501], [121.543951, 25.059536], [121.543932, 25.060098], [121.543909, 25.059036], [121.543554, 25.058992], [121.543544, 25.058808], [121.543667, 25.058851], [121.543721, 25.058756], [121.543931, 25.058785], [121.543948, 25.05838], [121.543668, 25.058378], [121.543671, 25.058484], [121.543534, 25.058509], [121.543403, 25.058802], [121.543332, 25.058803], [121.543297, 25.05863], [121.543398, 25.058365], [121.543233, 25.058368], [121.543143, 25.058631], [121.543173, 25.059013], [121.54329, 25.059135], [121.543528, 25.058366], [121.543342, 25.058027], [121.543263, 25.058029], [121.54382, 25.058034], [121.543883, 25.058091], [121.542279, 25.058049], [121.541582, 25.058195]]}}, {"type": "Feature", "properties": {"district": "63000040", "segment": 21, "total_segments": 23, "km": 10.12, "villages": ["朱馥里", "龍洲里"]}, "geometry": {"type": "LineString", "coordinates": [[121.541611, 25.057624], [121.541806, 25.057627], [121.541667, 25.05748], [121.541386, 25.057489], [121.541369, 25.057624], [121.540738, 25.057646], [121.540752, 25.057571], [121.540528, 25.057495], [121.540485, 25.057596], [121.540507, 25.057307], [121.539634, 25.057304], [121.539652, 25.057176], [121.539296, 25.05705], [121.539295, 25.056977], [121.540493, 25.056961], [121.54049, 25.057166], [121.539716, 25.057175], [121.539362, 25.057324], [121.53929, 25.057324], [121.539253, 25.057172], [121.539048, 25.057204], [121.539047, 25.057385], [121.538871, 25.057386], [121.538861, 25.057224], [121.538785, 25.057249], [121.538784, 25.057191], [121.538763, 25.057372], [121.539075, 25.057141], [121.539072, 25.056959], [121.53845, 25.057045], [121.538445, 25.056989], [121.538787, 25.056763], [121.539212, 25.056623], [121.53974, 25.056755], [121.539729, 25.056026], [121.539202, 25.056004], [121.539203, 25.055893], [121.539038, 25.055853], [121.539001, 25.056056], [121.537372, 25.056105], [121.537397, 25.055862], [121.537711, 25.055857], [121.537666, 25.055784], [121.537411, 25.055788], [121.537249, 25.05584], [121.537258, 25.0559], [121.537892, 25.055551], [121.538528, 25.05552], [121.538418, 25.055426], [121.537832, 25.055434], [121.537641, 25.055533], [121.537784, 25.055769], [121.537875, 25.05576], [121.537858, 25.055867], [121.538374, 25.055862], [121.538394, 25.055737], [121.538012, 25.055733], [121.538519, 25.055738], [121.538578, 25.055829], [121.538518, 25.055846], [121.538925, 25.055835], [121.539197, 25.055714], [121.539196, 25.054799], [121.539673, 25.054785], [121.539698, 25.055073], [121.540191, 25.055035], [121.540287, 25.05516], [121.540416, 25.055175], [121.540445, 25.055968], [121.540129, 25.056021], [121.540173, 25.055813], [121.540367, 25.055808], [121.540206, 25.055697], [121.539355, 25.055688], [121.539433, 25.055535], [121.539544, 25.055513], [121.539552, 25.055391], [121.539708, 25.055393], [121.539706, 25.055506], [121.539864, 25.055499], [121.539861, 25.055388], [121.540159, 25.055495], [121.540179, 25.055375], [121.539946, 25.055217], [121.539505, 25.05519], [121.53949, 25.055092], [121.539636, 25.055075], [121.539264, 25.055101], [121.539389, 25.055382], [121.539016, 25.055097], [121.539013, 25.054841], [121.537226, 25.054883], [121.537236, 25.055386], [121.537462, 25.055229], [121.538008, 25.05523], [121.538091, 25.055117], [121.538263, 25.055109], [121.538242, 25.055233], [121.538429, 25.055224], [121.538408, 25.055114], [121.538983, 25.055108], [121.540373, 25.054867], [121.540401, 25.05506], [121.540661, 25.054967], [121.540703, 25.055017], [121.540864, 25.054965], [121.540856, 25.055052], [121.541456, 25.055043], [121.541628, 25.054918], [121.54166, 25.055023], [121.541854, 25.055019], [121.541818, 25.05512], [121.54203, 25.055142], [121.542035, 25.055347], [121.541753, 25.055339], [121.541719, 25.055125], [121.541655, 25.055162], [121.541666, 25.0553], [121.541342, 25.055373], [121.541413, 25.055407], [121.541389, 25.05581], [121.540985, 25.055819], [121.541177, 25.055773], [121.541028, 25.055696], [121.540856, 25.055822], [121.540662, 25.055807], [121.540663, 25.055961], [121.540895, 25.055959], [121.540897, 25.056023], [121.540778, 25.056026], [121.540902, 25.055866], [121.541062, 25.055916], [121.541077, 25.056009], [121.540967, 25.056022], [121.541121, 25.056008], [121.541121, 25.055949], [121.541372, 25.056001], [121.541394, 25.056206], [121.54074, 25.056222], [121.540613, 25.056268], [121.540648, 25.056455], [121.541705, 25.056443], [121.541621, 25.056574], [121.540627, 25.056603], [121.540645, 25.056964], [121.541111, 25.056952], [121.541781, 25.056913], [121.541878, 25.056766], [121.542002, 25.056827], [121.541975, 25.056697], [121.542087, 25.056659], [121.542092, 25.056822], [121.54193, 25.056437], [121.541828, 25.056439], [121.542058, 25.056427], [121.542073, 25.056292], [121.542056, 25.056221], [121.541467, 25.056204], [121.54135, 25.056423], [121.540995, 25.05631], [121.541121, 25.055875], [121.541133, 25.055543], [121.541041, 25.055546], [121.541142, 25.055515], [121.541139, 25.055431], [121.541002, 25.055436], [121.540996, 25.055142], [121.541274, 25.055133], [121.541316, 25.05531], [121.541247, 25.055421], [121.541311, 25.055416], [121.541186, 25.055426], [121.541095, 25.055323], [121.541125, 25.055165], [121.54109, 25.055225], [121.541047, 25.054963], [121.541292, 25.054953], [121.540922, 25.054965], [121.54099, 25.055004], [121.540768, 25.055057], [121.540716, 25.055185], [121.540798, 25.0552], [121.540717, 25.055313], [121.54083, 25.055364], [121.540739, 25.05568], [121.541343, 25.055152], [121.541535, 25.055131], [121.541524, 25.054755], [121.540665, 25.054771], [121.542014, 25.054732], [121.542055, 25.055039], [121.541696, 25.056781], [121.540876, 25.056803], [121.540993, 25.057157], [121.541052, 25.057156], [121.540858, 25.057294], [121.541608, 25.057312], [121.541601, 25.05711], [121.541329, 25.057133], [121.541463, 25.057612], [121.541409, 25.057626], [121.541495, 25.057619], [121.538332, 25.057612], [121.537441, 25.057685], [121.537371, 25.056649], [121.537902, 25.056664], [121.542251, 25.056421], [121.542262, 25.056561], [121.542364, 25.056549], [121.542484, 25.056719], [121.542576, 25.056559], [121.542732, 25.056571], [121.542715, 25.056447], [121.54253, 25.056327], [121.542527, 25.056202], [121.542922, 25.056212], [121.542958, 25.056313], [121.543115, 25.056326], [121.543224, 25.056194], [121.54377, 25.056166], [121.54391, 25.056502], [121.543497, 25.056355], [121.543519, 25.056484], [121.543394, 25.056479], [121.543276, 25.056584], [121.543243, 25.056405], [121.543611, 25.056604], [121.54345, 25.056867], [121.543479, 25.057009], [121.543375, 25.057348], [121.54315, 25.057388], [121.543146, 25.057299], [121.542841, 25.057406], [121.542695, 25.057125], [121.542576, 25.057124], [121.542478, 25.05743], [121.542567, 25.057479], [121.542586, 25.056968], [121.54253, 25.056848], [121.542391, 25.056934], [121.542647, 25.056776], [121.542266, 25.056199], [121.542407, 25.05594], [121.542562, 25.055927], [121.542556, 25.055782], [121.542389, 25.05578], [121.542839, 25.055688], [121.542844, 25.055828], [121.54299, 25.055829], [121.542982, 25.055594], [121.543243, 25.055581], [121.54325, 25.055716], [121.543396, 25.055714], [121.543396, 25.055579], [121.543692, 25.055736], [121.543656, 25.055474], [121.543806, 25.055474], [121.543697, 25.055862], [121.54302, 25.055952], [121.542735, 25.05555], [121.542295, 25.055583], [121.542291, 25.055443], [121.542619, 25.055354], [121.54262, 25.055208], [121.542458, 25.055216], [121.54267, 25.054988], [121.543421, 25.054933], [121.543392, 25.055056], [121.542928, 25.055073], [121.542678, 25.054719], [121.543675, 25.054732], [121.543587, 25.055194], [121.543476, 25.055128], [121.543872, 25.055047], [121.543856, 25.055308], [121.542975, 25.055446], [121.542265, 25.054735], [121.54388, 25.056818], [121.543922, 25.057356], [121.543814, 25.057531], [121.543502, 25.057462]]}}, {"type": "Feature", "properties": {"district": "63000040", "segment": 22, "total_segments": 23, "km": 14.91, "villages": ["復華里", "力行里"]}, "geometry": {"type": "LineString", "coordinates": [[121.543572, 25.054478], [121.543879, 25.054412], [121.54387, 25.053955], [121.543815, 25.053957], [121.54386, 25.053472], [121.543822, 25.05318], [121.543435, 25.053136], [121.543435, 25.053235], [121.54355, 25.053243], [121.543393, 25.053399], [121.543134, 25.053402], [121.543128, 25.053504], [121.543128, 25.053559], [121.543386, 25.053569], [121.543394, 25.053672], [121.543147, 25.053675], [121.543138, 25.053839], [121.543399, 25.053834], [121.54339, 25.053956], [121.542898, 25.053954], [121.542897, 25.054112], [121.543397, 25.054101], [121.543377, 25.054028], [121.54359, 25.054015], [121.543579, 25.054297], [121.543431, 25.054353], [121.543395, 25.054265], [121.543059, 25.054275], [121.543036, 25.054464], [121.543392, 25.054458], [121.540631, 25.054538], [121.540627, 25.054317], [121.540684, 25.054299], [121.540825, 25.054346], [121.541623, 25.054269], [121.541542, 25.05417], [121.540974, 25.05418], [121.540997, 25.053989], [121.54063, 25.053888], [121.540607, 25.053751], [121.540738, 25.053732], [121.540747, 25.053622], [121.541879, 25.053601], [121.541849, 25.053702], [121.540894, 25.05373], [121.54062, 25.053598], [121.54064, 25.05349], [121.540984, 25.053411], [121.541992, 25.053434], [121.541998, 25.053847], [121.541174, 25.05388], [121.541168, 25.053985], [121.541643, 25.053981], [121.541064, 25.053985], [121.541057, 25.053883], [121.540844, 25.054181], [121.540621, 25.054179], [121.540619, 25.054017], [121.540319, 25.054029], [121.540324, 25.053944], [121.540357, 25.054542], [121.53958, 25.054526], [121.539547, 25.05443], [121.539468, 25.054528], [121.539229, 25.054532], [121.539263, 25.054068], [121.538918, 25.054155], [121.538963, 25.053288], [121.538739, 25.053222], [121.538663, 25.053307], [121.538708, 25.053333], [121.538532, 25.053241], [121.538616, 25.053077], [121.538901, 25.053121], [121.539153, 25.052914], [121.539117, 25.052805], [121.53976, 25.052769], [121.539728, 25.052528], [121.540115, 25.052493], [121.540142, 25.052663], [121.539923, 25.052648], [121.539973, 25.05298], [121.54016, 25.053168], [121.540367, 25.053186], [121.54036, 25.053286], [121.540361, 25.052985], [121.540265, 25.05288], [121.540109, 25.052905], [121.540355, 25.052746], [121.540334, 25.052141], [121.539904, 25.052135], [121.539838, 25.052138], [121.539863, 25.052371], [121.539241, 25.052481], [121.539227, 25.052575], [121.539414, 25.052577], [121.53911, 25.052578], [121.539126, 25.052486], [121.539021, 25.052494], [121.53889, 25.052617], [121.53896, 25.052739], [121.53884, 25.052586], [121.538225, 25.052563], [121.537665, 25.052578], [121.537617, 25.05276], [121.537937, 25.052802], [121.538216, 25.053056], [121.537952, 25.053534], [121.538288, 25.053766], [121.538367, 25.053767], [121.538472, 25.053599], [121.538718, 25.05363], [121.538756, 25.053688], [121.53862, 25.053799], [121.539132, 25.053754], [121.53913, 25.053677], [121.539354, 25.053519], [121.539694, 25.053706], [121.540234, 25.053738], [121.540179, 25.05363], [121.53993, 25.053583], [121.53817, 25.053479], [121.537912, 25.053749], [121.537917, 25.053884], [121.537768, 25.053888], [121.537761, 25.053745], [121.538109, 25.054019], [121.5383, 25.054018], [121.538317, 25.054199], [121.538135, 25.054203], [121.538152, 25.054395], [121.538244, 25.054397], [121.537607, 25.054351], [121.537533, 25.054628], [121.537369, 25.054651], [121.537295, 25.05441], [121.537174, 25.054458], [121.537197, 25.054665], [121.538872, 25.054594], [121.537274, 25.054129], [121.537232, 25.053755], [121.537308, 25.05309], [121.537187, 25.052216], [121.539417, 25.052147], [121.53852, 25.052913], [121.538426, 25.052827], [121.538489, 25.052765], [121.537597, 25.052438], [121.540663, 25.052128], [121.541258, 25.052185], [121.541705, 25.052483], [121.541992, 25.052482], [121.541992, 25.052367], [121.542132, 25.052327], [121.542129, 25.052097], [121.54328, 25.052084], [121.543662, 25.052193], [121.543676, 25.052516], [121.543227, 25.052551], [121.543231, 25.052695], [121.543418, 25.052694], [121.543408, 25.052952], [121.54328, 25.0531], [121.543841, 25.052939], [121.543839, 25.052783], [121.542943, 25.053571], [121.542952, 25.053676], [121.542633, 25.053706], [121.542635, 25.053972], [121.54272, 25.053971], [121.542715, 25.054116], [121.542223, 25.054127], [121.542228, 25.053981], [121.542506, 25.053973], [121.542484, 25.054287], [121.542829, 25.054279], [121.543588, 25.05397], [121.543586, 25.0539], [121.542763, 25.053425], [121.542365, 25.052947], [121.542365, 25.052796], [121.542011, 25.052733], [121.541995, 25.05258], [121.541918, 25.052562], [121.541826, 25.05256], [121.541814, 25.05274], [121.541915, 25.052738], [121.542143, 25.052362], [121.542202, 25.052448], [121.542527, 25.052348], [121.542224, 25.052256], [121.542617, 25.051682], [121.543728, 25.05166], [121.543813, 25.051501], [121.543772, 25.050043], [121.543294, 25.050011], [121.543317, 25.05033], [121.542592, 25.050343], [121.542546, 25.050493], [121.542687, 25.050554], [121.542808, 25.050433], [121.542888, 25.050546], [121.542915, 25.050442], [121.543296, 25.050454], [121.543313, 25.050647], [121.543001, 25.050599], [121.542911, 25.050778], [121.542862, 25.050749], [121.543483, 25.050855], [121.543508, 25.051505], [121.543373, 25.051458], [121.543374, 25.051057], [121.543064, 25.051079], [121.542821, 25.050931], [121.542732, 25.051048], [121.542264, 25.050775], [121.542315, 25.05066], [121.542497, 25.050762], [121.541907, 25.050419], [121.541634, 25.050292], [121.541548, 25.050378], [121.541284, 25.050219], [121.541222, 25.050292], [121.541094, 25.050249], [121.541058, 25.050407], [121.541462, 25.050641], [121.541445, 25.050745], [121.541818, 25.050952], [121.541796, 25.051022], [121.542021, 25.051108], [121.542114, 25.050984], [121.542298, 25.05107], [121.542205, 25.051168], [121.542333, 25.051241], [121.54241, 25.05115], [121.542548, 25.05124], [121.542514, 25.051331], [121.542595, 25.051412], [121.542705, 25.051436], [121.542729, 25.05135], [121.542854, 25.051459], [121.543082, 25.051229], [121.543203, 25.051231], [121.542787, 25.051082], [121.542476, 25.050459], [121.54224, 25.05038], [121.54213, 25.050067], [121.542248, 25.05007], [121.542251, 25.050177], [121.542399, 25.050275], [121.542375, 25.050036], [121.542279, 25.050038], [121.543118, 25.050014], [121.542985, 25.049831], [121.543013, 25.04966], [121.54266, 25.049626], [121.542632, 25.049463], [121.542252, 25.04944], [121.542248, 25.049225], [121.543267, 25.049182], [121.543288, 25.049067], [121.542474, 25.049085], [121.542242, 25.049002], [121.542232, 25.048415], [121.543303, 25.048368], [121.543255, 25.048688], [121.54246, 25.048709], [121.542466, 25.048836], [121.543309, 25.04882], [121.543435, 25.048704], [121.543704, 25.04864], [121.543704, 25.048449], [121.543668, 25.049002], [121.543753, 25.049255], [121.543765, 25.04974], [121.543534, 25.049841], [121.543451, 25.049188], [121.543119, 25.049451], [121.542689, 25.049462], [121.542675, 25.049832], [121.543245, 25.049846], [121.542399, 25.049752], [121.542033, 25.049554], [121.541884, 25.049106], [121.540743, 25.049136], [121.540737, 25.049234], [121.541242, 25.049243], [121.541311, 25.049411], [121.541177, 25.049493], [121.540791, 25.049521], [121.540913, 25.049638], [121.541092, 25.049624], [121.541091, 25.049858], [121.540718, 25.049879], [121.540731, 25.049762], [121.540594, 25.049764], [121.540548, 25.049857], [121.540325, 25.049858], [121.540323, 25.049777], [121.540326, 25.049898], [121.540596, 25.050135], [121.540595, 25.050392], [121.540981, 25.050409], [121.540799, 25.050621], [121.540723, 25.050622], [121.540713, 25.050539], [121.540559, 25.050565], [121.540564, 25.051212], [121.540688, 25.051243], [121.540693, 25.051152], [121.540796, 25.051151], [121.540816, 25.051238], [121.54057, 25.051353], [121.540573, 25.051439], [121.540333, 25.051416], [121.540335, 25.051363], [121.540307, 25.051739], [121.539293, 25.051754], [121.539299, 25.051416], [121.540121, 25.051358], [121.540612, 25.051722], [121.541119, 25.051717], [121.54168, 25.051668], [121.541851, 25.051347], [121.541765, 25.051294], [121.541836, 25.051156], [121.54164, 25.051084], [121.541547, 25.051237], [121.541359, 25.051243], [121.541413, 25.051164], [121.541269, 25.051088], [121.541331, 25.050951], [121.541435, 25.051012], [121.541465, 25.051065], [121.540821, 25.050673], [121.541179, 25.050623], [121.541725, 25.050727], [121.541997, 25.050902], [121.542115, 25.050717], [121.541646, 25.050433], [121.541436, 25.050201], [121.541446, 25.050052], [121.541924, 25.050077], [121.540723, 25.050089], [121.540828, 25.049761], [121.540744, 25.049605], [121.54059, 25.049609], [121.540553, 25.049467], [121.540517, 25.04859], [121.54057, 25.04843], [121.541968, 25.048399], [121.542046, 25.048497], [121.54207, 25.049087], [121.541904, 25.048854], [121.540737, 25.048858], [121.540738, 25.048748], [121.541847, 25.048729], [121.541289, 25.0499], [121.541036, 25.051024], [121.540982, 25.051025], [121.541301, 25.051388], [121.542101, 25.051514], [121.543581, 25.050746], [121.543551, 25.050659], [121.540264, 25.050622], [121.539463, 25.049897], [121.539328, 25.049367], [121.540156, 25.049354], [121.540078, 25.049102], [121.540313, 25.049029], [121.54031, 25.04896], [121.540011, 25.048875], [121.540033, 25.04877], [121.540304, 25.048744], [121.540238, 25.048427], [121.540022, 25.048437], [121.5398, 25.048634], [121.539256, 25.048638], [121.539261, 25.049003], [121.539829, 25.048991]]}}, {"type": "Feature", "properties": {"district": "63000040", "segment": 23, "total_segments": 23, "km": 12.09, "villages": ["力行里", "朱崙里", "埤頭里"]}, "geometry": {"type": "LineString", "coordinates": [[121.538288, 25.050179], [121.53764, 25.050167], [121.537525, 25.050363], [121.537446, 25.050363], [121.537282, 25.050259], [121.537272, 25.050139], [121.537191, 25.050141], [121.537127, 25.050285], [121.537142, 25.050816], [121.537443, 25.050842], [121.537363, 25.051018], [121.53746, 25.051295], [121.537577, 25.051242], [121.538277, 25.051279], [121.538411, 25.051064], [121.538323, 25.050985], [121.537577, 25.05102], [121.537252, 25.051198], [121.53716, 25.051171], [121.53716, 25.051063], [121.537158, 25.051458], [121.537252, 25.051789], [121.537587, 25.051791], [121.53826, 25.05178], [121.538418, 25.051629], [121.53889, 25.051752], [121.538918, 25.05141], [121.53921, 25.051416], [121.539201, 25.051246], [121.538962, 25.051249], [121.538305, 25.050785], [121.538303, 25.050651], [121.53763, 25.050453], [121.537743, 25.051406], [121.537588, 25.051551], [121.538016, 25.051426], [121.537161, 25.048532], [121.537188, 25.04823], [121.537099, 25.04816], [121.537395, 25.048132], [121.537395, 25.048279], [121.537535, 25.048276], [121.537582, 25.047889], [121.53764, 25.047888], [121.537443, 25.047877], [121.5378, 25.047759], [121.537904, 25.047427], [121.537787, 25.047408], [121.537732, 25.047261], [121.53792, 25.047221], [121.537884, 25.047039], [121.537495, 25.046981], [121.537498, 25.047078], [121.537594, 25.047094], [121.537561, 25.047244], [121.537309, 25.047209], [121.5372, 25.047628], [121.537049, 25.047519], [121.537137, 25.047721], [121.537061, 25.047823], [121.537485, 25.047399], [121.537327, 25.047072], [121.53708, 25.04688], [121.537192, 25.046764], [121.537255, 25.046821], [121.53739, 25.04666], [121.537448, 25.046401], [121.53753, 25.046478], [121.537533, 25.04632], [121.537915, 25.04639], [121.53805, 25.046613], [121.53804, 25.046709], [121.537568, 25.046627], [121.53755, 25.046736], [121.538178, 25.046859], [121.538165, 25.046912], [121.538269, 25.04685], [121.538881, 25.046947], [121.538903, 25.04684], [121.538188, 25.046728], [121.538252, 25.046488], [121.539042, 25.046566], [121.53895, 25.047244], [121.538428, 25.047255], [121.538396, 25.047131], [121.538186, 25.047401], [121.538091, 25.047402], [121.538054, 25.047567], [121.538232, 25.047528], [121.538175, 25.047738], [121.538107, 25.047738], [121.538157, 25.047883], [121.538047, 25.047993], [121.538056, 25.048264], [121.538547, 25.048259], [121.538631, 25.048218], [121.538529, 25.048083], [121.538976, 25.048113], [121.538957, 25.048219], [121.539015, 25.048217], [121.538995, 25.047994], [121.539117, 25.047984], [121.539157, 25.047739], [121.539323, 25.047733], [121.539324, 25.047823], [121.539459, 25.047857], [121.539767, 25.047853], [121.539963, 25.047821], [121.539938, 25.047708], [121.539621, 25.047732], [121.540278, 25.047689], [121.540232, 25.04724], [121.54035, 25.046935], [121.540313, 25.046791], [121.540103, 25.046742], [121.539705, 25.046812], [121.539431, 25.046949], [121.539317, 25.046768], [121.539274, 25.047383], [121.539141, 25.047383], [121.538923, 25.047727], [121.538677, 25.04773], [121.538735, 25.047869], [121.538992, 25.047882], [121.538375, 25.04787], [121.53837, 25.047731], [121.538485, 25.047742], [121.537913, 25.048073], [121.537051, 25.047165], [121.537227, 25.046554], [121.537114, 25.046534], [121.537137, 25.046431], [121.537244, 25.046438], [121.537239, 25.046284], [121.53743, 25.04631], [121.537136, 25.046263], [121.536729, 25.046543], [121.539901, 25.047411], [121.540084, 25.047409], [121.540137, 25.047222], [121.540078, 25.047212], [121.540569, 25.047157], [121.540624, 25.046876], [121.542067, 25.047229], [121.542042, 25.047909], [121.542208, 25.047894], [121.542207, 25.047837], [121.542258, 25.048192], [121.543112, 25.048176], [121.543056, 25.047853], [121.542433, 25.047831], [121.542432, 25.047701], [121.542588, 25.047704], [121.542682, 25.047382], [121.54364, 25.047615], [121.543715, 25.047768], [121.543715, 25.048141], [121.543474, 25.048165], [121.543293, 25.047738], [121.543047, 25.047732], [121.542608, 25.047362], [121.542316, 25.047289], [121.542214, 25.047694], [121.540716, 25.0478], [121.540284, 25.047911], [121.540234, 25.048177], [121.539937, 25.048136], [121.539725, 25.048234], [121.539304, 25.04824], [121.540244, 25.047835], [121.540545, 25.048213], [121.54199, 25.048198], [121.542043, 25.048072], [121.54181, 25.047793], [121.541431, 25.047811], [121.541297, 25.04768], [121.541453, 25.04729], [121.541527, 25.047462], [121.541828, 25.047412], [121.541776, 25.047495], [121.541862, 25.04733], [121.541282, 25.047449], [121.540549, 25.047417], [121.540919, 25.046596], [121.539151, 25.045989], [121.539197, 25.045871], [121.539093, 25.045731], [121.53899, 25.045728], [121.538965, 25.045845], [121.538527, 25.045812], [121.538485, 25.045963], [121.539046, 25.046045], [121.539137, 25.046141], [121.539053, 25.046341], [121.5383, 25.046223], [121.5383, 25.045808], [121.538154, 25.04582], [121.538125, 25.045953], [121.537939, 25.045803], [121.537325, 25.045707], [121.537097, 25.046023], [121.538072, 25.046183], [121.538184, 25.045588], [121.538325, 25.045556], [121.538437, 25.04568], [121.538469, 25.045454], [121.538574, 25.045451], [121.538547, 25.045324], [121.538974, 25.045316], [121.53903, 25.045438], [121.539278, 25.0455], [121.539235, 25.045641], [121.539473, 25.045324], [121.53948, 25.045207], [121.539286, 25.044872], [121.539136, 25.044971], [121.538982, 25.044973], [121.538963, 25.044882], [121.5385, 25.044899], [121.538441, 25.045012], [121.53853, 25.045089], [121.538618, 25.045017], [121.538745, 25.045155], [121.538923, 25.045078], [121.53885, 25.04497], [121.538688, 25.044977], [121.538394, 25.045137], [121.538427, 25.045312], [121.538171, 25.045326], [121.537171, 25.045025], [121.536282, 25.045032], [121.536272, 25.045446], [121.535961, 25.04536], [121.535866, 25.045654], [121.535935, 25.045687], [121.535059, 25.045108], [121.535785, 25.045061], [121.535891, 25.045157], [121.53579, 25.045432], [121.536041, 25.04511], [121.535943, 25.045098], [121.535965, 25.045015], [121.536167, 25.044968], [121.536209, 25.045816], [121.540223, 25.045195], [121.540779, 25.045236], [121.540778, 25.045148], [121.540411, 25.044816], [121.540236, 25.04482], [121.540122, 25.044858], [121.540127, 25.04499], [121.540195, 25.04498], [121.539944, 25.045115], [121.540648, 25.044811], [121.541745, 25.045277], [121.542141, 25.045351], [121.542278, 25.044902], [121.542404, 25.044963], [121.542404, 25.045042], [121.542112, 25.045785], [121.542004, 25.045772], [121.542083, 25.045529], [121.541907, 25.045627], [121.541841, 25.045809], [121.542064, 25.04594], [121.541977, 25.046143], [121.542097, 25.046286], [121.542025, 25.046745], [121.542206, 25.046803], [121.542746, 25.04508], [121.542764, 25.044983], [121.542598, 25.044925], [121.542114, 25.045], [121.542102, 25.044827], [121.543371, 25.04566], [121.543252, 25.04591], [121.543334, 25.046061], [121.54319, 25.046064], [121.543083, 25.046364], [121.543682, 25.046304], [121.543692, 25.046723], [121.543445, 25.046492], [121.543001, 25.046518], [121.542836, 25.04718], [121.543246, 25.047283], [121.543263, 25.046652], [121.543679, 25.046232], [121.543641, 25.045073], [121.54178, 25.046319], [121.541706, 25.046502], [121.541555, 25.046519], [121.541593, 25.046353], [121.541645, 25.046657], [121.541501, 25.046882], [121.542142, 25.047009], [121.542479, 25.046855], [121.543683, 25.04718]]}}]}